ISO-10303-21;
HEADER;
/* Generated by software containing ST-Developer
 * from STEP Tools, Inc. (www.steptools.com) 
 */

FILE_DESCRIPTION(
/* description */ (''),
/* implementation_level */ '2;1');

FILE_NAME(
/* name */ '20250328-x1-heat-spreader.step',
/* time_stamp */ '2025-03-28T10:33:54-04:00',
/* author */ (''),
/* organization */ (''),
/* preprocessor_version */ 'ST-DEVELOPER v20.1',
/* originating_system */ 'Autodesk Translation Framework v14.4.0.0',
/* authorisation */ '');

FILE_SCHEMA (('AUTOMOTIVE_DESIGN { 1 0 10303 214 3 1 1 }'));
ENDSEC;

DATA;
#10=MECHANICAL_DESIGN_GEOMETRIC_PRESENTATION_REPRESENTATION('',(#13),#3333);
#11=SHAPE_REPRESENTATION_RELATIONSHIP('SRR','None',#3340,#12);
#12=ADVANCED_BREP_SHAPE_REPRESENTATION('',(#14),#3332);
#13=STYLED_ITEM('',(#3349),#14);
#14=MANIFOLD_SOLID_BREP('Body1',#1957);
#15=FACE_BOUND('',#184,.T.);
#16=FACE_BOUND('',#195,.T.);
#17=FACE_BOUND('',#197,.T.);
#18=FACE_BOUND('',#209,.T.);
#19=FACE_BOUND('',#219,.T.);
#20=FACE_BOUND('',#260,.T.);
#21=FACE_BOUND('',#269,.T.);
#22=FACE_BOUND('',#273,.T.);
#23=PLANE('',#1974);
#24=PLANE('',#1978);
#25=PLANE('',#1981);
#26=PLANE('',#1984);
#27=PLANE('',#1990);
#28=PLANE('',#1994);
#29=PLANE('',#1997);
#30=PLANE('',#2001);
#31=PLANE('',#2005);
#32=PLANE('',#2021);
#33=PLANE('',#2026);
#34=PLANE('',#2029);
#35=PLANE('',#2030);
#36=PLANE('',#2035);
#37=PLANE('',#2040);
#38=PLANE('',#2043);
#39=PLANE('',#2044);
#40=PLANE('',#2047);
#41=PLANE('',#2052);
#42=PLANE('',#2055);
#43=PLANE('',#2059);
#44=PLANE('',#2061);
#45=PLANE('',#2068);
#46=PLANE('',#2069);
#47=PLANE('',#2070);
#48=PLANE('',#2083);
#49=PLANE('',#2087);
#50=PLANE('',#2091);
#51=PLANE('',#2104);
#52=PLANE('',#2107);
#53=PLANE('',#2108);
#54=PLANE('',#2114);
#55=PLANE('',#2115);
#56=PLANE('',#2119);
#57=PLANE('',#2121);
#58=PLANE('',#2122);
#59=PLANE('',#2123);
#60=PLANE('',#2124);
#61=PLANE('',#2132);
#62=PLANE('',#2136);
#63=PLANE('',#2138);
#64=PLANE('',#2141);
#65=PLANE('',#2142);
#66=PLANE('',#2146);
#67=PLANE('',#2147);
#68=PLANE('',#2151);
#69=PLANE('',#2153);
#70=PLANE('',#2158);
#71=PLANE('',#2162);
#72=PLANE('',#2163);
#73=FACE_OUTER_BOUND('',#171,.T.);
#74=FACE_OUTER_BOUND('',#172,.T.);
#75=FACE_OUTER_BOUND('',#173,.T.);
#76=FACE_OUTER_BOUND('',#174,.T.);
#77=FACE_OUTER_BOUND('',#175,.T.);
#78=FACE_OUTER_BOUND('',#176,.T.);
#79=FACE_OUTER_BOUND('',#177,.T.);
#80=FACE_OUTER_BOUND('',#178,.T.);
#81=FACE_OUTER_BOUND('',#179,.T.);
#82=FACE_OUTER_BOUND('',#180,.T.);
#83=FACE_OUTER_BOUND('',#181,.T.);
#84=FACE_OUTER_BOUND('',#182,.T.);
#85=FACE_OUTER_BOUND('',#183,.T.);
#86=FACE_OUTER_BOUND('',#185,.T.);
#87=FACE_OUTER_BOUND('',#186,.T.);
#88=FACE_OUTER_BOUND('',#187,.T.);
#89=FACE_OUTER_BOUND('',#188,.T.);
#90=FACE_OUTER_BOUND('',#189,.T.);
#91=FACE_OUTER_BOUND('',#190,.T.);
#92=FACE_OUTER_BOUND('',#191,.T.);
#93=FACE_OUTER_BOUND('',#192,.T.);
#94=FACE_OUTER_BOUND('',#193,.T.);
#95=FACE_OUTER_BOUND('',#194,.T.);
#96=FACE_OUTER_BOUND('',#196,.T.);
#97=FACE_OUTER_BOUND('',#198,.T.);
#98=FACE_OUTER_BOUND('',#199,.T.);
#99=FACE_OUTER_BOUND('',#200,.T.);
#100=FACE_OUTER_BOUND('',#201,.T.);
#101=FACE_OUTER_BOUND('',#202,.T.);
#102=FACE_OUTER_BOUND('',#203,.T.);
#103=FACE_OUTER_BOUND('',#204,.T.);
#104=FACE_OUTER_BOUND('',#205,.T.);
#105=FACE_OUTER_BOUND('',#206,.T.);
#106=FACE_OUTER_BOUND('',#207,.T.);
#107=FACE_OUTER_BOUND('',#208,.T.);
#108=FACE_OUTER_BOUND('',#210,.T.);
#109=FACE_OUTER_BOUND('',#211,.T.);
#110=FACE_OUTER_BOUND('',#212,.T.);
#111=FACE_OUTER_BOUND('',#213,.T.);
#112=FACE_OUTER_BOUND('',#214,.T.);
#113=FACE_OUTER_BOUND('',#215,.T.);
#114=FACE_OUTER_BOUND('',#216,.T.);
#115=FACE_OUTER_BOUND('',#217,.T.);
#116=FACE_OUTER_BOUND('',#218,.T.);
#117=FACE_OUTER_BOUND('',#220,.T.);
#118=FACE_OUTER_BOUND('',#221,.T.);
#119=FACE_OUTER_BOUND('',#222,.T.);
#120=FACE_OUTER_BOUND('',#223,.T.);
#121=FACE_OUTER_BOUND('',#224,.T.);
#122=FACE_OUTER_BOUND('',#225,.T.);
#123=FACE_OUTER_BOUND('',#226,.T.);
#124=FACE_OUTER_BOUND('',#227,.T.);
#125=FACE_OUTER_BOUND('',#228,.T.);
#126=FACE_OUTER_BOUND('',#229,.T.);
#127=FACE_OUTER_BOUND('',#230,.T.);
#128=FACE_OUTER_BOUND('',#231,.T.);
#129=FACE_OUTER_BOUND('',#232,.T.);
#130=FACE_OUTER_BOUND('',#233,.T.);
#131=FACE_OUTER_BOUND('',#234,.T.);
#132=FACE_OUTER_BOUND('',#235,.T.);
#133=FACE_OUTER_BOUND('',#236,.T.);
#134=FACE_OUTER_BOUND('',#237,.T.);
#135=FACE_OUTER_BOUND('',#238,.T.);
#136=FACE_OUTER_BOUND('',#239,.T.);
#137=FACE_OUTER_BOUND('',#240,.T.);
#138=FACE_OUTER_BOUND('',#241,.T.);
#139=FACE_OUTER_BOUND('',#242,.T.);
#140=FACE_OUTER_BOUND('',#243,.T.);
#141=FACE_OUTER_BOUND('',#244,.T.);
#142=FACE_OUTER_BOUND('',#245,.T.);
#143=FACE_OUTER_BOUND('',#246,.T.);
#144=FACE_OUTER_BOUND('',#247,.T.);
#145=FACE_OUTER_BOUND('',#248,.T.);
#146=FACE_OUTER_BOUND('',#249,.T.);
#147=FACE_OUTER_BOUND('',#250,.T.);
#148=FACE_OUTER_BOUND('',#251,.T.);
#149=FACE_OUTER_BOUND('',#252,.T.);
#150=FACE_OUTER_BOUND('',#253,.T.);
#151=FACE_OUTER_BOUND('',#254,.T.);
#152=FACE_OUTER_BOUND('',#255,.T.);
#153=FACE_OUTER_BOUND('',#256,.T.);
#154=FACE_OUTER_BOUND('',#257,.T.);
#155=FACE_OUTER_BOUND('',#258,.T.);
#156=FACE_OUTER_BOUND('',#259,.T.);
#157=FACE_OUTER_BOUND('',#261,.T.);
#158=FACE_OUTER_BOUND('',#262,.T.);
#159=FACE_OUTER_BOUND('',#263,.T.);
#160=FACE_OUTER_BOUND('',#264,.T.);
#161=FACE_OUTER_BOUND('',#265,.T.);
#162=FACE_OUTER_BOUND('',#266,.T.);
#163=FACE_OUTER_BOUND('',#267,.T.);
#164=FACE_OUTER_BOUND('',#268,.T.);
#165=FACE_OUTER_BOUND('',#270,.T.);
#166=FACE_OUTER_BOUND('',#271,.T.);
#167=FACE_OUTER_BOUND('',#272,.T.);
#168=FACE_OUTER_BOUND('',#274,.T.);
#169=FACE_OUTER_BOUND('',#275,.T.);
#170=FACE_OUTER_BOUND('',#276,.T.);
#171=EDGE_LOOP('',(#1235,#1236,#1237,#1238));
#172=EDGE_LOOP('',(#1239,#1240,#1241,#1242));
#173=EDGE_LOOP('',(#1243,#1244,#1245,#1246));
#174=EDGE_LOOP('',(#1247,#1248,#1249,#1250,#1251,#1252,#1253,#1254));
#175=EDGE_LOOP('',(#1255,#1256,#1257,#1258,#1259,#1260));
#176=EDGE_LOOP('',(#1261,#1262,#1263,#1264));
#177=EDGE_LOOP('',(#1265,#1266,#1267,#1268));
#178=EDGE_LOOP('',(#1269,#1270,#1271,#1272));
#179=EDGE_LOOP('',(#1273,#1274,#1275,#1276));
#180=EDGE_LOOP('',(#1277,#1278,#1279,#1280));
#181=EDGE_LOOP('',(#1281,#1282,#1283,#1284));
#182=EDGE_LOOP('',(#1285,#1286,#1287,#1288,#1289,#1290,#1291,#1292));
#183=EDGE_LOOP('',(#1293,#1294,#1295,#1296,#1297,#1298,#1299,#1300));
#184=EDGE_LOOP('',(#1301));
#185=EDGE_LOOP('',(#1302,#1303,#1304,#1305,#1306,#1307,#1308,#1309,#1310,
#1311));
#186=EDGE_LOOP('',(#1312,#1313,#1314,#1315));
#187=EDGE_LOOP('',(#1316,#1317,#1318,#1319,#1320,#1321,#1322,#1323,#1324,
#1325,#1326,#1327,#1328,#1329,#1330,#1331,#1332,#1333,#1334,#1335,#1336,
#1337,#1338,#1339,#1340,#1341,#1342,#1343,#1344,#1345));
#188=EDGE_LOOP('',(#1346,#1347,#1348,#1349));
#189=EDGE_LOOP('',(#1350,#1351,#1352,#1353));
#190=EDGE_LOOP('',(#1354,#1355,#1356,#1357));
#191=EDGE_LOOP('',(#1358,#1359,#1360,#1361));
#192=EDGE_LOOP('',(#1362,#1363,#1364,#1365));
#193=EDGE_LOOP('',(#1366,#1367,#1368,#1369,#1370,#1371,#1372,#1373,#1374,
#1375,#1376,#1377,#1378,#1379,#1380,#1381));
#194=EDGE_LOOP('',(#1382,#1383,#1384,#1385,#1386,#1387,#1388,#1389,#1390));
#195=EDGE_LOOP('',(#1391));
#196=EDGE_LOOP('',(#1392,#1393,#1394,#1395,#1396,#1397,#1398,#1399,#1400));
#197=EDGE_LOOP('',(#1401));
#198=EDGE_LOOP('',(#1402,#1403,#1404,#1405));
#199=EDGE_LOOP('',(#1406,#1407,#1408,#1409));
#200=EDGE_LOOP('',(#1410,#1411,#1412,#1413,#1414,#1415,#1416,#1417,#1418,
#1419,#1420,#1421,#1422,#1423,#1424,#1425));
#201=EDGE_LOOP('',(#1426,#1427,#1428,#1429));
#202=EDGE_LOOP('',(#1430,#1431,#1432,#1433));
#203=EDGE_LOOP('',(#1434,#1435,#1436,#1437,#1438,#1439));
#204=EDGE_LOOP('',(#1440,#1441,#1442,#1443,#1444,#1445));
#205=EDGE_LOOP('',(#1446,#1447,#1448,#1449));
#206=EDGE_LOOP('',(#1450,#1451,#1452,#1453));
#207=EDGE_LOOP('',(#1454,#1455,#1456,#1457));
#208=EDGE_LOOP('',(#1458,#1459,#1460,#1461,#1462,#1463,#1464,#1465));
#209=EDGE_LOOP('',(#1466));
#210=EDGE_LOOP('',(#1467,#1468,#1469,#1470));
#211=EDGE_LOOP('',(#1471,#1472,#1473,#1474));
#212=EDGE_LOOP('',(#1475,#1476,#1477,#1478,#1479,#1480,#1481,#1482,#1483,
#1484));
#213=EDGE_LOOP('',(#1485,#1486,#1487,#1488));
#214=EDGE_LOOP('',(#1489,#1490,#1491,#1492));
#215=EDGE_LOOP('',(#1493,#1494,#1495,#1496));
#216=EDGE_LOOP('',(#1497,#1498,#1499,#1500));
#217=EDGE_LOOP('',(#1501,#1502,#1503,#1504));
#218=EDGE_LOOP('',(#1505,#1506,#1507,#1508,#1509,#1510,#1511,#1512));
#219=EDGE_LOOP('',(#1513));
#220=EDGE_LOOP('',(#1514,#1515,#1516,#1517));
#221=EDGE_LOOP('',(#1518,#1519,#1520,#1521));
#222=EDGE_LOOP('',(#1522,#1523,#1524,#1525));
#223=EDGE_LOOP('',(#1526,#1527,#1528,#1529));
#224=EDGE_LOOP('',(#1530,#1531,#1532,#1533));
#225=EDGE_LOOP('',(#1534,#1535,#1536,#1537));
#226=EDGE_LOOP('',(#1538,#1539,#1540,#1541));
#227=EDGE_LOOP('',(#1542,#1543,#1544,#1545));
#228=EDGE_LOOP('',(#1546,#1547,#1548,#1549));
#229=EDGE_LOOP('',(#1550,#1551,#1552,#1553,#1554,#1555,#1556,#1557,#1558,
#1559,#1560,#1561,#1562,#1563,#1564,#1565,#1566,#1567,#1568,#1569,#1570,
#1571,#1572,#1573,#1574,#1575,#1576,#1577,#1578,#1579,#1580,#1581,#1582,
#1583,#1584,#1585));
#230=EDGE_LOOP('',(#1586,#1587,#1588,#1589));
#231=EDGE_LOOP('',(#1590,#1591,#1592,#1593));
#232=EDGE_LOOP('',(#1594,#1595,#1596,#1597));
#233=EDGE_LOOP('',(#1598,#1599,#1600,#1601,#1602,#1603));
#234=EDGE_LOOP('',(#1604,#1605,#1606,#1607));
#235=EDGE_LOOP('',(#1608,#1609,#1610,#1611));
#236=EDGE_LOOP('',(#1612,#1613,#1614,#1615));
#237=EDGE_LOOP('',(#1616,#1617,#1618,#1619,#1620,#1621,#1622,#1623));
#238=EDGE_LOOP('',(#1624,#1625,#1626,#1627));
#239=EDGE_LOOP('',(#1628,#1629,#1630,#1631));
#240=EDGE_LOOP('',(#1632,#1633,#1634,#1635));
#241=EDGE_LOOP('',(#1636,#1637,#1638,#1639,#1640,#1641));
#242=EDGE_LOOP('',(#1642,#1643,#1644,#1645,#1646,#1647,#1648,#1649,#1650,
#1651,#1652,#1653,#1654,#1655));
#243=EDGE_LOOP('',(#1656,#1657,#1658,#1659));
#244=EDGE_LOOP('',(#1660,#1661,#1662,#1663,#1664,#1665,#1666,#1667,#1668,
#1669,#1670,#1671,#1672,#1673));
#245=EDGE_LOOP('',(#1674,#1675,#1676,#1677));
#246=EDGE_LOOP('',(#1678,#1679,#1680,#1681));
#247=EDGE_LOOP('',(#1682,#1683,#1684,#1685));
#248=EDGE_LOOP('',(#1686,#1687,#1688,#1689));
#249=EDGE_LOOP('',(#1690,#1691,#1692,#1693));
#250=EDGE_LOOP('',(#1694,#1695,#1696,#1697));
#251=EDGE_LOOP('',(#1698,#1699,#1700,#1701));
#252=EDGE_LOOP('',(#1702,#1703,#1704,#1705));
#253=EDGE_LOOP('',(#1706,#1707,#1708,#1709));
#254=EDGE_LOOP('',(#1710,#1711,#1712,#1713));
#255=EDGE_LOOP('',(#1714,#1715,#1716,#1717));
#256=EDGE_LOOP('',(#1718,#1719,#1720,#1721,#1722,#1723));
#257=EDGE_LOOP('',(#1724,#1725,#1726,#1727));
#258=EDGE_LOOP('',(#1728,#1729,#1730,#1731));
#259=EDGE_LOOP('',(#1732,#1733,#1734,#1735,#1736,#1737,#1738,#1739));
#260=EDGE_LOOP('',(#1740));
#261=EDGE_LOOP('',(#1741,#1742,#1743,#1744));
#262=EDGE_LOOP('',(#1745,#1746,#1747,#1748));
#263=EDGE_LOOP('',(#1749,#1750,#1751,#1752));
#264=EDGE_LOOP('',(#1753,#1754,#1755,#1756,#1757,#1758));
#265=EDGE_LOOP('',(#1759,#1760,#1761,#1762));
#266=EDGE_LOOP('',(#1763,#1764,#1765,#1766));
#267=EDGE_LOOP('',(#1767,#1768,#1769,#1770));
#268=EDGE_LOOP('',(#1771,#1772,#1773,#1774,#1775,#1776,#1777,#1778));
#269=EDGE_LOOP('',(#1779));
#270=EDGE_LOOP('',(#1780,#1781,#1782,#1783));
#271=EDGE_LOOP('',(#1784,#1785,#1786,#1787,#1788,#1789));
#272=EDGE_LOOP('',(#1790,#1791,#1792,#1793,#1794,#1795,#1796,#1797));
#273=EDGE_LOOP('',(#1798));
#274=EDGE_LOOP('',(#1799,#1800,#1801,#1802));
#275=EDGE_LOOP('',(#1803,#1804,#1805,#1806));
#276=EDGE_LOOP('',(#1807,#1808,#1809,#1810));
#277=LINE('',#2757,#467);
#278=LINE('',#2760,#468);
#279=LINE('',#2763,#469);
#280=LINE('',#2765,#470);
#281=LINE('',#2766,#471);
#282=LINE('',#2772,#472);
#283=LINE('',#2775,#473);
#284=LINE('',#2777,#474);
#285=LINE('',#2781,#475);
#286=LINE('',#2785,#476);
#287=LINE('',#2787,#477);
#288=LINE('',#2789,#478);
#289=LINE('',#2790,#479);
#290=LINE('',#2793,#480);
#291=LINE('',#2797,#481);
#292=LINE('',#2798,#482);
#293=LINE('',#2801,#483);
#294=LINE('',#2808,#484);
#295=LINE('',#2811,#485);
#296=LINE('',#2814,#486);
#297=LINE('',#2816,#487);
#298=LINE('',#2817,#488);
#299=LINE('',#2822,#489);
#300=LINE('',#2826,#490);
#301=LINE('',#2830,#491);
#302=LINE('',#2833,#492);
#303=LINE('',#2836,#493);
#304=LINE('',#2840,#494);
#305=LINE('',#2843,#495);
#306=LINE('',#2848,#496);
#307=LINE('',#2850,#497);
#308=LINE('',#2852,#498);
#309=LINE('',#2854,#499);
#310=LINE('',#2856,#500);
#311=LINE('',#2858,#501);
#312=LINE('',#2859,#502);
#313=LINE('',#2865,#503);
#314=LINE('',#2868,#504);
#315=LINE('',#2871,#505);
#316=LINE('',#2877,#506);
#317=LINE('',#2883,#507);
#318=LINE('',#2887,#508);
#319=LINE('',#2891,#509);
#320=LINE('',#2895,#510);
#321=LINE('',#2900,#511);
#322=LINE('',#2904,#512);
#323=LINE('',#2908,#513);
#324=LINE('',#2912,#514);
#325=LINE('',#2916,#515);
#326=LINE('',#2920,#516);
#327=LINE('',#2923,#517);
#328=LINE('',#2926,#518);
#329=LINE('',#2927,#519);
#330=LINE('',#2931,#520);
#331=LINE('',#2934,#521);
#332=LINE('',#2937,#522);
#333=LINE('',#2940,#523);
#334=LINE('',#2941,#524);
#335=LINE('',#2945,#525);
#336=LINE('',#2948,#526);
#337=LINE('',#2950,#527);
#338=LINE('',#2952,#528);
#339=LINE('',#2954,#529);
#340=LINE('',#2956,#530);
#341=LINE('',#2958,#531);
#342=LINE('',#2960,#532);
#343=LINE('',#2962,#533);
#344=LINE('',#2964,#534);
#345=LINE('',#2965,#535);
#346=LINE('',#2967,#536);
#347=LINE('',#2969,#537);
#348=LINE('',#2970,#538);
#349=LINE('',#2974,#539);
#350=LINE('',#2978,#540);
#351=LINE('',#2981,#541);
#352=LINE('',#2988,#542);
#353=LINE('',#2993,#543);
#354=LINE('',#2999,#544);
#355=LINE('',#3001,#545);
#356=LINE('',#3002,#546);
#357=LINE('',#3005,#547);
#358=LINE('',#3009,#548);
#359=LINE('',#3011,#549);
#360=LINE('',#3013,#550);
#361=LINE('',#3015,#551);
#362=LINE('',#3017,#552);
#363=LINE('',#3019,#553);
#364=LINE('',#3021,#554);
#365=LINE('',#3023,#555);
#366=LINE('',#3025,#556);
#367=LINE('',#3027,#557);
#368=LINE('',#3029,#558);
#369=LINE('',#3030,#559);
#370=LINE('',#3033,#560);
#371=LINE('',#3035,#561);
#372=LINE('',#3036,#562);
#373=LINE('',#3039,#563);
#374=LINE('',#3043,#564);
#375=LINE('',#3045,#565);
#376=LINE('',#3047,#566);
#377=LINE('',#3048,#567);
#378=LINE('',#3051,#568);
#379=LINE('',#3055,#569);
#380=LINE('',#3058,#570);
#381=LINE('',#3061,#571);
#382=LINE('',#3062,#572);
#383=LINE('',#3065,#573);
#384=LINE('',#3069,#574);
#385=LINE('',#3072,#575);
#386=LINE('',#3077,#576);
#387=LINE('',#3081,#577);
#388=LINE('',#3082,#578);
#389=LINE('',#3084,#579);
#390=LINE('',#3085,#580);
#391=LINE('',#3088,#581);
#392=LINE('',#3092,#582);
#393=LINE('',#3097,#583);
#394=LINE('',#3100,#584);
#395=LINE('',#3101,#585);
#396=LINE('',#3104,#586);
#397=LINE('',#3105,#587);
#398=LINE('',#3114,#588);
#399=LINE('',#3117,#589);
#400=LINE('',#3120,#590);
#401=LINE('',#3127,#591);
#402=LINE('',#3130,#592);
#403=LINE('',#3133,#593);
#404=LINE('',#3135,#594);
#405=LINE('',#3136,#595);
#406=LINE('',#3141,#596);
#407=LINE('',#3144,#597);
#408=LINE('',#3145,#598);
#409=LINE('',#3151,#599);
#410=LINE('',#3154,#600);
#411=LINE('',#3157,#601);
#412=LINE('',#3161,#602);
#413=LINE('',#3165,#603);
#414=LINE('',#3168,#604);
#415=LINE('',#3170,#605);
#416=LINE('',#3173,#606);
#417=LINE('',#3178,#607);
#418=LINE('',#3182,#608);
#419=LINE('',#3186,#609);
#420=LINE('',#3191,#610);
#421=LINE('',#3195,#611);
#422=LINE('',#3199,#612);
#423=LINE('',#3200,#613);
#424=LINE('',#3204,#614);
#425=LINE('',#3206,#615);
#426=LINE('',#3209,#616);
#427=LINE('',#3211,#617);
#428=LINE('',#3213,#618);
#429=LINE('',#3214,#619);
#430=LINE('',#3219,#620);
#431=LINE('',#3224,#621);
#432=LINE('',#3227,#622);
#433=LINE('',#3228,#623);
#434=LINE('',#3231,#624);
#435=LINE('',#3235,#625);
#436=LINE('',#3238,#626);
#437=LINE('',#3240,#627);
#438=LINE('',#3242,#628);
#439=LINE('',#3244,#629);
#440=LINE('',#3246,#630);
#441=LINE('',#3248,#631);
#442=LINE('',#3253,#632);
#443=LINE('',#3256,#633);
#444=LINE('',#3260,#634);
#445=LINE('',#3264,#635);
#446=LINE('',#3268,#636);
#447=LINE('',#3272,#637);
#448=LINE('',#3273,#638);
#449=LINE('',#3276,#639);
#450=LINE('',#3279,#640);
#451=LINE('',#3281,#641);
#452=LINE('',#3283,#642);
#453=LINE('',#3285,#643);
#454=LINE('',#3287,#644);
#455=LINE('',#3289,#645);
#456=LINE('',#3292,#646);
#457=LINE('',#3294,#647);
#458=LINE('',#3298,#648);
#459=LINE('',#3301,#649);
#460=LINE('',#3302,#650);
#461=LINE('',#3307,#651);
#462=LINE('',#3309,#652);
#463=LINE('',#3311,#653);
#464=LINE('',#3313,#654);
#465=LINE('',#3319,#655);
#466=LINE('',#3325,#656);
#467=VECTOR('',#2173,10.);
#468=VECTOR('',#2176,10.);
#469=VECTOR('',#2179,10.);
#470=VECTOR('',#2180,10.);
#471=VECTOR('',#2181,10.);
#472=VECTOR('',#2188,10.);
#473=VECTOR('',#2191,10.);
#474=VECTOR('',#2192,10.);
#475=VECTOR('',#2195,10.);
#476=VECTOR('',#2200,10.);
#477=VECTOR('',#2201,10.);
#478=VECTOR('',#2202,10.);
#479=VECTOR('',#2203,10.);
#480=VECTOR('',#2206,10.);
#481=VECTOR('',#2211,10.);
#482=VECTOR('',#2212,10.);
#483=VECTOR('',#2215,10.);
#484=VECTOR('',#2222,10.);
#485=VECTOR('',#2225,10.);
#486=VECTOR('',#2228,10.);
#487=VECTOR('',#2229,10.);
#488=VECTOR('',#2230,10.);
#489=VECTOR('',#2235,10.);
#490=VECTOR('',#2240,10.);
#491=VECTOR('',#2243,10.);
#492=VECTOR('',#2246,10.);
#493=VECTOR('',#2249,10.);
#494=VECTOR('',#2252,10.);
#495=VECTOR('',#2255,10.);
#496=VECTOR('',#2260,10.);
#497=VECTOR('',#2261,10.);
#498=VECTOR('',#2262,10.);
#499=VECTOR('',#2263,10.);
#500=VECTOR('',#2264,10.);
#501=VECTOR('',#2265,10.);
#502=VECTOR('',#2266,10.);
#503=VECTOR('',#2271,10.);
#504=VECTOR('',#2274,10.);
#505=VECTOR('',#2277,10.);
#506=VECTOR('',#2282,10.);
#507=VECTOR('',#2287,10.);
#508=VECTOR('',#2290,10.);
#509=VECTOR('',#2293,10.);
#510=VECTOR('',#2296,10.);
#511=VECTOR('',#2301,10.);
#512=VECTOR('',#2304,10.);
#513=VECTOR('',#2307,10.);
#514=VECTOR('',#2310,10.);
#515=VECTOR('',#2313,10.);
#516=VECTOR('',#2316,10.);
#517=VECTOR('',#2319,10.);
#518=VECTOR('',#2322,10.);
#519=VECTOR('',#2323,10.);
#520=VECTOR('',#2328,10.);
#521=VECTOR('',#2331,10.);
#522=VECTOR('',#2334,10.);
#523=VECTOR('',#2337,10.);
#524=VECTOR('',#2338,10.);
#525=VECTOR('',#2343,10.);
#526=VECTOR('',#2346,10.);
#527=VECTOR('',#2347,10.);
#528=VECTOR('',#2348,10.);
#529=VECTOR('',#2349,10.);
#530=VECTOR('',#2350,10.);
#531=VECTOR('',#2351,10.);
#532=VECTOR('',#2352,10.);
#533=VECTOR('',#2353,10.);
#534=VECTOR('',#2354,10.);
#535=VECTOR('',#2355,10.);
#536=VECTOR('',#2356,10.);
#537=VECTOR('',#2357,10.);
#538=VECTOR('',#2358,10.);
#539=VECTOR('',#2361,10.);
#540=VECTOR('',#2364,10.);
#541=VECTOR('',#2367,10.);
#542=VECTOR('',#2374,10.);
#543=VECTOR('',#2379,10.);
#544=VECTOR('',#2386,10.);
#545=VECTOR('',#2387,10.);
#546=VECTOR('',#2388,10.);
#547=VECTOR('',#2391,10.);
#548=VECTOR('',#2396,10.);
#549=VECTOR('',#2397,10.);
#550=VECTOR('',#2398,10.);
#551=VECTOR('',#2399,10.);
#552=VECTOR('',#2400,10.);
#553=VECTOR('',#2401,10.);
#554=VECTOR('',#2402,10.);
#555=VECTOR('',#2403,10.);
#556=VECTOR('',#2404,10.);
#557=VECTOR('',#2405,10.);
#558=VECTOR('',#2406,10.);
#559=VECTOR('',#2407,10.);
#560=VECTOR('',#2410,10.);
#561=VECTOR('',#2411,10.);
#562=VECTOR('',#2412,10.);
#563=VECTOR('',#2415,10.);
#564=VECTOR('',#2420,10.);
#565=VECTOR('',#2421,10.);
#566=VECTOR('',#2422,10.);
#567=VECTOR('',#2423,10.);
#568=VECTOR('',#2426,10.);
#569=VECTOR('',#2431,10.);
#570=VECTOR('',#2434,10.);
#571=VECTOR('',#2437,10.);
#572=VECTOR('',#2438,10.);
#573=VECTOR('',#2441,10.);
#574=VECTOR('',#2446,10.);
#575=VECTOR('',#2449,10.);
#576=VECTOR('',#2456,10.);
#577=VECTOR('',#2461,10.);
#578=VECTOR('',#2462,10.);
#579=VECTOR('',#2463,10.);
#580=VECTOR('',#2464,10.);
#581=VECTOR('',#2467,1.6);
#582=VECTOR('',#2472,10.);
#583=VECTOR('',#2479,10.);
#584=VECTOR('',#2482,10.);
#585=VECTOR('',#2483,10.);
#586=VECTOR('',#2486,10.);
#587=VECTOR('',#2487,10.);
#588=VECTOR('',#2500,1.6);
#589=VECTOR('',#2505,1.6);
#590=VECTOR('',#2508,1.6);
#591=VECTOR('',#2515,10.);
#592=VECTOR('',#2518,10.);
#593=VECTOR('',#2521,10.);
#594=VECTOR('',#2522,10.);
#595=VECTOR('',#2523,10.);
#596=VECTOR('',#2528,10.);
#597=VECTOR('',#2533,10.);
#598=VECTOR('',#2534,10.);
#599=VECTOR('',#2539,10.);
#600=VECTOR('',#2542,10.);
#601=VECTOR('',#2545,10.);
#602=VECTOR('',#2548,10.);
#603=VECTOR('',#2551,10.);
#604=VECTOR('',#2554,10.);
#605=VECTOR('',#2555,10.);
#606=VECTOR('',#2558,10.);
#607=VECTOR('',#2563,10.);
#608=VECTOR('',#2566,10.);
#609=VECTOR('',#2569,10.);
#610=VECTOR('',#2574,10.);
#611=VECTOR('',#2577,10.);
#612=VECTOR('',#2582,10.);
#613=VECTOR('',#2583,10.);
#614=VECTOR('',#2588,10.);
#615=VECTOR('',#2591,10.);
#616=VECTOR('',#2594,10.);
#617=VECTOR('',#2595,10.);
#618=VECTOR('',#2596,10.);
#619=VECTOR('',#2597,10.);
#620=VECTOR('',#2602,10.);
#621=VECTOR('',#2609,10.);
#622=VECTOR('',#2612,10.);
#623=VECTOR('',#2613,10.);
#624=VECTOR('',#2616,10.);
#625=VECTOR('',#2619,10.);
#626=VECTOR('',#2624,10.);
#627=VECTOR('',#2627,10.);
#628=VECTOR('',#2630,10.);
#629=VECTOR('',#2633,10.);
#630=VECTOR('',#2636,10.);
#631=VECTOR('',#2639,10.);
#632=VECTOR('',#2644,10.);
#633=VECTOR('',#2647,10.);
#634=VECTOR('',#2650,10.);
#635=VECTOR('',#2653,10.);
#636=VECTOR('',#2658,10.);
#637=VECTOR('',#2663,10.);
#638=VECTOR('',#2664,10.);
#639=VECTOR('',#2667,10.);
#640=VECTOR('',#2672,10.);
#641=VECTOR('',#2675,10.);
#642=VECTOR('',#2678,10.);
#643=VECTOR('',#2681,10.);
#644=VECTOR('',#2684,10.);
#645=VECTOR('',#2687,10.);
#646=VECTOR('',#2692,10.);
#647=VECTOR('',#2695,10.);
#648=VECTOR('',#2700,10.);
#649=VECTOR('',#2703,10.);
#650=VECTOR('',#2704,10.);
#651=VECTOR('',#2713,10.);
#652=VECTOR('',#2716,10.);
#653=VECTOR('',#2719,10.);
#654=VECTOR('',#2722,10.);
#655=VECTOR('',#2731,10.);
#656=VECTOR('',#2742,10.);
#657=CIRCLE('',#1972,1.5);
#658=CIRCLE('',#1973,1.5);
#659=CIRCLE('',#1976,1.5);
#660=CIRCLE('',#1977,1.5);
#661=CIRCLE('',#1979,1.5);
#662=CIRCLE('',#1980,1.5);
#663=CIRCLE('',#1983,1.5);
#664=CIRCLE('',#1986,1.5);
#665=CIRCLE('',#1988,1.5);
#666=CIRCLE('',#1989,1.5);
#667=CIRCLE('',#1992,1.5);
#668=CIRCLE('',#1993,1.5);
#669=CIRCLE('',#1995,1.5);
#670=CIRCLE('',#1996,1.5);
#671=CIRCLE('',#1998,2.99999999999999);
#672=CIRCLE('',#1999,1.5);
#673=CIRCLE('',#2000,1.6);
#674=CIRCLE('',#2003,1.5);
#675=CIRCLE('',#2004,1.5);
#676=CIRCLE('',#2006,1.5);
#677=CIRCLE('',#2007,1.49999999999999);
#678=CIRCLE('',#2008,1.49999999999999);
#679=CIRCLE('',#2009,1.5);
#680=CIRCLE('',#2010,1.5);
#681=CIRCLE('',#2011,0.5);
#682=CIRCLE('',#2012,2.85000000000005);
#683=CIRCLE('',#2013,0.5);
#684=CIRCLE('',#2014,1.5);
#685=CIRCLE('',#2015,1.5);
#686=CIRCLE('',#2016,1.5);
#687=CIRCLE('',#2017,1.5);
#688=CIRCLE('',#2018,0.5);
#689=CIRCLE('',#2019,2.85000000000005);
#690=CIRCLE('',#2020,0.5);
#691=CIRCLE('',#2023,1.5);
#692=CIRCLE('',#2025,1.5);
#693=CIRCLE('',#2028,1.5);
#694=CIRCLE('',#2031,1.5);
#695=CIRCLE('',#2032,1.49999999999999);
#696=CIRCLE('',#2033,3.);
#697=CIRCLE('',#2034,1.6);
#698=CIRCLE('',#2036,2.99999999999999);
#699=CIRCLE('',#2037,1.49999999999999);
#700=CIRCLE('',#2038,1.5);
#701=CIRCLE('',#2039,1.6);
#702=CIRCLE('',#2042,3.);
#703=CIRCLE('',#2046,1.5);
#704=CIRCLE('',#2049,1.49999999999999);
#705=CIRCLE('',#2051,0.5);
#706=CIRCLE('',#2054,0.5);
#707=CIRCLE('',#2056,3.);
#708=CIRCLE('',#2057,2.85000000000005);
#709=CIRCLE('',#2058,1.6);
#710=CIRCLE('',#2063,1.6);
#711=CIRCLE('',#2065,0.5);
#712=CIRCLE('',#2067,0.5);
#713=CIRCLE('',#2071,2.85000000000005);
#714=CIRCLE('',#2072,3.);
#715=CIRCLE('',#2073,1.6);
#716=CIRCLE('',#2076,1.6);
#717=CIRCLE('',#2079,1.6);
#718=CIRCLE('',#2081,1.5);
#719=CIRCLE('',#2082,1.5);
#720=CIRCLE('',#2085,1.5);
#721=CIRCLE('',#2086,1.5);
#722=CIRCLE('',#2089,1.5);
#723=CIRCLE('',#2090,1.5);
#724=CIRCLE('',#2092,1.);
#725=CIRCLE('',#2093,1.);
#726=CIRCLE('',#2094,1.);
#727=CIRCLE('',#2095,1.5);
#728=CIRCLE('',#2096,1.5);
#729=CIRCLE('',#2097,1.5);
#730=CIRCLE('',#2098,1.5);
#731=CIRCLE('',#2099,1.5);
#732=CIRCLE('',#2100,1.5);
#733=CIRCLE('',#2101,1.5);
#734=CIRCLE('',#2102,1.5);
#735=CIRCLE('',#2103,1.5);
#736=CIRCLE('',#2106,1.5);
#737=CIRCLE('',#2110,1.);
#738=CIRCLE('',#2111,1.);
#739=CIRCLE('',#2113,1.);
#740=CIRCLE('',#2116,1.);
#741=CIRCLE('',#2117,1.);
#742=CIRCLE('',#2125,1.5);
#743=CIRCLE('',#2126,1.5);
#744=CIRCLE('',#2127,1.49999999999999);
#745=CIRCLE('',#2128,1.5);
#746=CIRCLE('',#2129,1.5);
#747=CIRCLE('',#2131,1.5);
#748=CIRCLE('',#2134,1.5);
#749=CIRCLE('',#2145,1.5);
#750=CIRCLE('',#2148,3.);
#751=CIRCLE('',#2149,1.5);
#752=CIRCLE('',#2157,1.5);
#753=CIRCLE('',#2159,1.5);
#754=CIRCLE('',#2160,2.99999999999999);
#755=VERTEX_POINT('',#2753);
#756=VERTEX_POINT('',#2754);
#757=VERTEX_POINT('',#2756);
#758=VERTEX_POINT('',#2758);
#759=VERTEX_POINT('',#2762);
#760=VERTEX_POINT('',#2764);
#761=VERTEX_POINT('',#2768);
#762=VERTEX_POINT('',#2770);
#763=VERTEX_POINT('',#2774);
#764=VERTEX_POINT('',#2776);
#765=VERTEX_POINT('',#2778);
#766=VERTEX_POINT('',#2780);
#767=VERTEX_POINT('',#2784);
#768=VERTEX_POINT('',#2786);
#769=VERTEX_POINT('',#2788);
#770=VERTEX_POINT('',#2792);
#771=VERTEX_POINT('',#2796);
#772=VERTEX_POINT('',#2800);
#773=VERTEX_POINT('',#2804);
#774=VERTEX_POINT('',#2805);
#775=VERTEX_POINT('',#2807);
#776=VERTEX_POINT('',#2809);
#777=VERTEX_POINT('',#2813);
#778=VERTEX_POINT('',#2815);
#779=VERTEX_POINT('',#2819);
#780=VERTEX_POINT('',#2821);
#781=VERTEX_POINT('',#2825);
#782=VERTEX_POINT('',#2827);
#783=VERTEX_POINT('',#2829);
#784=VERTEX_POINT('',#2831);
#785=VERTEX_POINT('',#2835);
#786=VERTEX_POINT('',#2837);
#787=VERTEX_POINT('',#2839);
#788=VERTEX_POINT('',#2841);
#789=VERTEX_POINT('',#2844);
#790=VERTEX_POINT('',#2847);
#791=VERTEX_POINT('',#2849);
#792=VERTEX_POINT('',#2851);
#793=VERTEX_POINT('',#2853);
#794=VERTEX_POINT('',#2855);
#795=VERTEX_POINT('',#2857);
#796=VERTEX_POINT('',#2861);
#797=VERTEX_POINT('',#2862);
#798=VERTEX_POINT('',#2864);
#799=VERTEX_POINT('',#2866);
#800=VERTEX_POINT('',#2870);
#801=VERTEX_POINT('',#2872);
#802=VERTEX_POINT('',#2874);
#803=VERTEX_POINT('',#2876);
#804=VERTEX_POINT('',#2878);
#805=VERTEX_POINT('',#2880);
#806=VERTEX_POINT('',#2882);
#807=VERTEX_POINT('',#2884);
#808=VERTEX_POINT('',#2886);
#809=VERTEX_POINT('',#2888);
#810=VERTEX_POINT('',#2890);
#811=VERTEX_POINT('',#2892);
#812=VERTEX_POINT('',#2894);
#813=VERTEX_POINT('',#2897);
#814=VERTEX_POINT('',#2899);
#815=VERTEX_POINT('',#2901);
#816=VERTEX_POINT('',#2903);
#817=VERTEX_POINT('',#2905);
#818=VERTEX_POINT('',#2907);
#819=VERTEX_POINT('',#2909);
#820=VERTEX_POINT('',#2911);
#821=VERTEX_POINT('',#2913);
#822=VERTEX_POINT('',#2915);
#823=VERTEX_POINT('',#2917);
#824=VERTEX_POINT('',#2919);
#825=VERTEX_POINT('',#2921);
#826=VERTEX_POINT('',#2925);
#827=VERTEX_POINT('',#2929);
#828=VERTEX_POINT('',#2933);
#829=VERTEX_POINT('',#2935);
#830=VERTEX_POINT('',#2939);
#831=VERTEX_POINT('',#2943);
#832=VERTEX_POINT('',#2947);
#833=VERTEX_POINT('',#2949);
#834=VERTEX_POINT('',#2951);
#835=VERTEX_POINT('',#2953);
#836=VERTEX_POINT('',#2955);
#837=VERTEX_POINT('',#2957);
#838=VERTEX_POINT('',#2959);
#839=VERTEX_POINT('',#2961);
#840=VERTEX_POINT('',#2963);
#841=VERTEX_POINT('',#2966);
#842=VERTEX_POINT('',#2968);
#843=VERTEX_POINT('',#2972);
#844=VERTEX_POINT('',#2973);
#845=VERTEX_POINT('',#2975);
#846=VERTEX_POINT('',#2977);
#847=VERTEX_POINT('',#2980);
#848=VERTEX_POINT('',#2983);
#849=VERTEX_POINT('',#2986);
#850=VERTEX_POINT('',#2987);
#851=VERTEX_POINT('',#2990);
#852=VERTEX_POINT('',#2992);
#853=VERTEX_POINT('',#2995);
#854=VERTEX_POINT('',#2998);
#855=VERTEX_POINT('',#3000);
#856=VERTEX_POINT('',#3004);
#857=VERTEX_POINT('',#3008);
#858=VERTEX_POINT('',#3010);
#859=VERTEX_POINT('',#3012);
#860=VERTEX_POINT('',#3014);
#861=VERTEX_POINT('',#3016);
#862=VERTEX_POINT('',#3018);
#863=VERTEX_POINT('',#3020);
#864=VERTEX_POINT('',#3022);
#865=VERTEX_POINT('',#3024);
#866=VERTEX_POINT('',#3026);
#867=VERTEX_POINT('',#3028);
#868=VERTEX_POINT('',#3032);
#869=VERTEX_POINT('',#3034);
#870=VERTEX_POINT('',#3038);
#871=VERTEX_POINT('',#3042);
#872=VERTEX_POINT('',#3044);
#873=VERTEX_POINT('',#3046);
#874=VERTEX_POINT('',#3050);
#875=VERTEX_POINT('',#3054);
#876=VERTEX_POINT('',#3056);
#877=VERTEX_POINT('',#3060);
#878=VERTEX_POINT('',#3064);
#879=VERTEX_POINT('',#3068);
#880=VERTEX_POINT('',#3071);
#881=VERTEX_POINT('',#3074);
#882=VERTEX_POINT('',#3080);
#883=VERTEX_POINT('',#3083);
#884=VERTEX_POINT('',#3087);
#885=VERTEX_POINT('',#3091);
#886=VERTEX_POINT('',#3095);
#887=VERTEX_POINT('',#3099);
#888=VERTEX_POINT('',#3103);
#889=VERTEX_POINT('',#3109);
#890=VERTEX_POINT('',#3113);
#891=VERTEX_POINT('',#3119);
#892=VERTEX_POINT('',#3123);
#893=VERTEX_POINT('',#3124);
#894=VERTEX_POINT('',#3126);
#895=VERTEX_POINT('',#3128);
#896=VERTEX_POINT('',#3132);
#897=VERTEX_POINT('',#3134);
#898=VERTEX_POINT('',#3138);
#899=VERTEX_POINT('',#3140);
#900=VERTEX_POINT('',#3147);
#901=VERTEX_POINT('',#3148);
#902=VERTEX_POINT('',#3150);
#903=VERTEX_POINT('',#3152);
#904=VERTEX_POINT('',#3156);
#905=VERTEX_POINT('',#3158);
#906=VERTEX_POINT('',#3160);
#907=VERTEX_POINT('',#3162);
#908=VERTEX_POINT('',#3164);
#909=VERTEX_POINT('',#3166);
#910=VERTEX_POINT('',#3169);
#911=VERTEX_POINT('',#3171);
#912=VERTEX_POINT('',#3175);
#913=VERTEX_POINT('',#3177);
#914=VERTEX_POINT('',#3179);
#915=VERTEX_POINT('',#3181);
#916=VERTEX_POINT('',#3183);
#917=VERTEX_POINT('',#3185);
#918=VERTEX_POINT('',#3188);
#919=VERTEX_POINT('',#3190);
#920=VERTEX_POINT('',#3192);
#921=VERTEX_POINT('',#3194);
#922=VERTEX_POINT('',#3198);
#923=VERTEX_POINT('',#3202);
#924=VERTEX_POINT('',#3208);
#925=VERTEX_POINT('',#3210);
#926=VERTEX_POINT('',#3212);
#927=VERTEX_POINT('',#3216);
#928=VERTEX_POINT('',#3218);
#929=VERTEX_POINT('',#3222);
#930=VERTEX_POINT('',#3226);
#931=VERTEX_POINT('',#3230);
#932=VERTEX_POINT('',#3232);
#933=VERTEX_POINT('',#3234);
#934=VERTEX_POINT('',#3250);
#935=VERTEX_POINT('',#3252);
#936=VERTEX_POINT('',#3255);
#937=VERTEX_POINT('',#3257);
#938=VERTEX_POINT('',#3259);
#939=VERTEX_POINT('',#3261);
#940=VERTEX_POINT('',#3263);
#941=VERTEX_POINT('',#3267);
#942=VERTEX_POINT('',#3271);
#943=VERTEX_POINT('',#3275);
#944=VERTEX_POINT('',#3296);
#945=VERTEX_POINT('',#3300);
#946=VERTEX_POINT('',#3317);
#947=EDGE_CURVE('',#755,#756,#657,.T.);
#948=EDGE_CURVE('',#755,#757,#277,.T.);
#949=EDGE_CURVE('',#758,#757,#658,.T.);
#950=EDGE_CURVE('',#756,#758,#278,.T.);
#951=EDGE_CURVE('',#756,#759,#279,.T.);
#952=EDGE_CURVE('',#760,#758,#280,.T.);
#953=EDGE_CURVE('',#759,#760,#281,.T.);
#954=EDGE_CURVE('',#759,#761,#659,.T.);
#955=EDGE_CURVE('',#762,#760,#660,.T.);
#956=EDGE_CURVE('',#761,#762,#282,.T.);
#957=EDGE_CURVE('',#762,#763,#283,.T.);
#958=EDGE_CURVE('',#764,#757,#284,.T.);
#959=EDGE_CURVE('',#765,#764,#661,.T.);
#960=EDGE_CURVE('',#766,#765,#285,.T.);
#961=EDGE_CURVE('',#763,#766,#662,.T.);
#962=EDGE_CURVE('',#767,#763,#286,.T.);
#963=EDGE_CURVE('',#768,#767,#287,.T.);
#964=EDGE_CURVE('',#769,#768,#288,.T.);
#965=EDGE_CURVE('',#761,#769,#289,.T.);
#966=EDGE_CURVE('',#770,#766,#290,.T.);
#967=EDGE_CURVE('',#767,#770,#663,.T.);
#968=EDGE_CURVE('',#771,#765,#291,.T.);
#969=EDGE_CURVE('',#770,#771,#292,.T.);
#970=EDGE_CURVE('',#764,#772,#293,.T.);
#971=EDGE_CURVE('',#772,#771,#664,.F.);
#972=EDGE_CURVE('',#773,#774,#665,.T.);
#973=EDGE_CURVE('',#773,#775,#294,.T.);
#974=EDGE_CURVE('',#775,#776,#666,.T.);
#975=EDGE_CURVE('',#776,#774,#295,.T.);
#976=EDGE_CURVE('',#777,#773,#296,.T.);
#977=EDGE_CURVE('',#777,#778,#297,.T.);
#978=EDGE_CURVE('',#778,#775,#298,.T.);
#979=EDGE_CURVE('',#779,#777,#667,.T.);
#980=EDGE_CURVE('',#780,#779,#299,.T.);
#981=EDGE_CURVE('',#780,#778,#668,.T.);
#982=EDGE_CURVE('',#781,#780,#300,.T.);
#983=EDGE_CURVE('',#782,#781,#669,.T.);
#984=EDGE_CURVE('',#783,#782,#301,.T.);
#985=EDGE_CURVE('',#784,#783,#670,.T.);
#986=EDGE_CURVE('',#776,#784,#302,.T.);
#987=EDGE_CURVE('',#785,#774,#303,.T.);
#988=EDGE_CURVE('',#786,#785,#671,.T.);
#989=EDGE_CURVE('',#787,#786,#304,.T.);
#990=EDGE_CURVE('',#788,#787,#672,.T.);
#991=EDGE_CURVE('',#779,#788,#305,.T.);
#992=EDGE_CURVE('',#789,#789,#673,.T.);
#993=EDGE_CURVE('',#790,#784,#306,.T.);
#994=EDGE_CURVE('',#791,#790,#307,.T.);
#995=EDGE_CURVE('',#792,#791,#308,.T.);
#996=EDGE_CURVE('',#792,#793,#309,.T.);
#997=EDGE_CURVE('',#794,#793,#310,.T.);
#998=EDGE_CURVE('',#794,#795,#311,.T.);
#999=EDGE_CURVE('',#795,#785,#312,.T.);
#1000=EDGE_CURVE('',#796,#797,#674,.T.);
#1001=EDGE_CURVE('',#797,#798,#313,.T.);
#1002=EDGE_CURVE('',#798,#799,#675,.F.);
#1003=EDGE_CURVE('',#799,#796,#314,.T.);
#1004=EDGE_CURVE('',#796,#800,#315,.T.);
#1005=EDGE_CURVE('',#801,#800,#676,.T.);
#1006=EDGE_CURVE('',#801,#802,#677,.T.);
#1007=EDGE_CURVE('',#802,#803,#316,.T.);
#1008=EDGE_CURVE('',#803,#804,#678,.T.);
#1009=EDGE_CURVE('',#805,#804,#679,.T.);
#1010=EDGE_CURVE('',#805,#806,#317,.T.);
#1011=EDGE_CURVE('',#807,#806,#680,.T.);
#1012=EDGE_CURVE('',#808,#807,#318,.T.);
#1013=EDGE_CURVE('',#809,#808,#681,.T.);
#1014=EDGE_CURVE('',#809,#810,#319,.T.);
#1015=EDGE_CURVE('',#810,#811,#682,.T.);
#1016=EDGE_CURVE('',#811,#812,#320,.T.);
#1017=EDGE_CURVE('',#793,#812,#683,.T.);
#1018=EDGE_CURVE('',#813,#792,#684,.T.);
#1019=EDGE_CURVE('',#813,#814,#321,.T.);
#1020=EDGE_CURVE('',#814,#815,#685,.T.);
#1021=EDGE_CURVE('',#815,#816,#322,.T.);
#1022=EDGE_CURVE('',#816,#817,#686,.T.);
#1023=EDGE_CURVE('',#817,#818,#323,.T.);
#1024=EDGE_CURVE('',#819,#818,#687,.T.);
#1025=EDGE_CURVE('',#820,#819,#324,.T.);
#1026=EDGE_CURVE('',#821,#820,#688,.T.);
#1027=EDGE_CURVE('',#822,#821,#325,.T.);
#1028=EDGE_CURVE('',#823,#822,#689,.T.);
#1029=EDGE_CURVE('',#824,#823,#326,.T.);
#1030=EDGE_CURVE('',#825,#824,#690,.T.);
#1031=EDGE_CURVE('',#797,#825,#327,.T.);
#1032=EDGE_CURVE('',#799,#826,#328,.T.);
#1033=EDGE_CURVE('',#800,#826,#329,.T.);
#1034=EDGE_CURVE('',#826,#827,#691,.F.);
#1035=EDGE_CURVE('',#827,#801,#330,.T.);
#1036=EDGE_CURVE('',#804,#828,#331,.T.);
#1037=EDGE_CURVE('',#828,#829,#692,.F.);
#1038=EDGE_CURVE('',#829,#805,#332,.T.);
#1039=EDGE_CURVE('',#829,#830,#333,.T.);
#1040=EDGE_CURVE('',#806,#830,#334,.T.);
#1041=EDGE_CURVE('',#830,#831,#693,.F.);
#1042=EDGE_CURVE('',#831,#807,#335,.T.);
#1043=EDGE_CURVE('',#831,#832,#336,.T.);
#1044=EDGE_CURVE('',#832,#833,#337,.T.);
#1045=EDGE_CURVE('',#833,#834,#338,.T.);
#1046=EDGE_CURVE('',#835,#834,#339,.T.);
#1047=EDGE_CURVE('',#836,#835,#340,.F.);
#1048=EDGE_CURVE('',#837,#836,#341,.T.);
#1049=EDGE_CURVE('',#838,#837,#342,.F.);
#1050=EDGE_CURVE('',#839,#838,#343,.T.);
#1051=EDGE_CURVE('',#840,#839,#344,.T.);
#1052=EDGE_CURVE('',#787,#840,#345,.T.);
#1053=EDGE_CURVE('',#841,#786,#346,.T.);
#1054=EDGE_CURVE('',#841,#842,#347,.T.);
#1055=EDGE_CURVE('',#808,#842,#348,.T.);
#1056=EDGE_CURVE('',#843,#844,#349,.T.);
#1057=EDGE_CURVE('',#845,#843,#694,.T.);
#1058=EDGE_CURVE('',#846,#845,#350,.T.);
#1059=EDGE_CURVE('',#827,#846,#695,.T.);
#1060=EDGE_CURVE('',#847,#798,#351,.T.);
#1061=EDGE_CURVE('',#844,#847,#696,.T.);
#1062=EDGE_CURVE('',#848,#848,#697,.T.);
#1063=EDGE_CURVE('',#849,#850,#352,.T.);
#1064=EDGE_CURVE('',#832,#849,#698,.T.);
#1065=EDGE_CURVE('',#851,#828,#699,.T.);
#1066=EDGE_CURVE('',#852,#851,#353,.T.);
#1067=EDGE_CURVE('',#850,#852,#700,.T.);
#1068=EDGE_CURVE('',#853,#853,#701,.T.);
#1069=EDGE_CURVE('',#844,#854,#354,.T.);
#1070=EDGE_CURVE('',#855,#854,#355,.T.);
#1071=EDGE_CURVE('',#855,#843,#356,.T.);
#1072=EDGE_CURVE('',#847,#856,#357,.T.);
#1073=EDGE_CURVE('',#854,#856,#702,.T.);
#1074=EDGE_CURVE('',#857,#825,#358,.T.);
#1075=EDGE_CURVE('',#858,#857,#359,.T.);
#1076=EDGE_CURVE('',#858,#859,#360,.T.);
#1077=EDGE_CURVE('',#860,#859,#361,.T.);
#1078=EDGE_CURVE('',#861,#860,#362,.T.);
#1079=EDGE_CURVE('',#862,#861,#363,.T.);
#1080=EDGE_CURVE('',#862,#863,#364,.T.);
#1081=EDGE_CURVE('',#864,#863,#365,.F.);
#1082=EDGE_CURVE('',#864,#865,#366,.T.);
#1083=EDGE_CURVE('',#866,#865,#367,.F.);
#1084=EDGE_CURVE('',#867,#866,#368,.T.);
#1085=EDGE_CURVE('',#856,#867,#369,.T.);
#1086=EDGE_CURVE('',#868,#850,#370,.T.);
#1087=EDGE_CURVE('',#868,#869,#371,.T.);
#1088=EDGE_CURVE('',#849,#869,#372,.T.);
#1089=EDGE_CURVE('',#852,#870,#373,.T.);
#1090=EDGE_CURVE('',#870,#868,#703,.T.);
#1091=EDGE_CURVE('',#851,#871,#374,.T.);
#1092=EDGE_CURVE('',#872,#871,#375,.F.);
#1093=EDGE_CURVE('',#872,#873,#376,.T.);
#1094=EDGE_CURVE('',#873,#870,#377,.T.);
#1095=EDGE_CURVE('',#803,#874,#378,.T.);
#1096=EDGE_CURVE('',#871,#874,#704,.F.);
#1097=EDGE_CURVE('',#820,#875,#379,.T.);
#1098=EDGE_CURVE('',#875,#876,#705,.F.);
#1099=EDGE_CURVE('',#876,#821,#380,.T.);
#1100=EDGE_CURVE('',#877,#876,#381,.T.);
#1101=EDGE_CURVE('',#822,#877,#382,.T.);
#1102=EDGE_CURVE('',#824,#878,#383,.T.);
#1103=EDGE_CURVE('',#878,#857,#706,.F.);
#1104=EDGE_CURVE('',#875,#879,#384,.T.);
#1105=EDGE_CURVE('',#879,#858,#707,.T.);
#1106=EDGE_CURVE('',#878,#880,#385,.T.);
#1107=EDGE_CURVE('',#880,#877,#708,.T.);
#1108=EDGE_CURVE('',#881,#881,#709,.T.);
#1109=EDGE_CURVE('',#823,#880,#386,.T.);
#1110=EDGE_CURVE('',#882,#755,#387,.T.);
#1111=EDGE_CURVE('',#879,#882,#388,.T.);
#1112=EDGE_CURVE('',#883,#819,#389,.T.);
#1113=EDGE_CURVE('',#772,#883,#390,.T.);
#1114=EDGE_CURVE('',#881,#884,#391,.T.);
#1115=EDGE_CURVE('',#884,#884,#710,.T.);
#1116=EDGE_CURVE('',#812,#885,#392,.T.);
#1117=EDGE_CURVE('',#885,#794,#711,.F.);
#1118=EDGE_CURVE('',#842,#886,#712,.F.);
#1119=EDGE_CURVE('',#886,#809,#393,.T.);
#1120=EDGE_CURVE('',#886,#887,#394,.T.);
#1121=EDGE_CURVE('',#810,#887,#395,.T.);
#1122=EDGE_CURVE('',#811,#888,#396,.T.);
#1123=EDGE_CURVE('',#888,#885,#397,.T.);
#1124=EDGE_CURVE('',#887,#888,#713,.T.);
#1125=EDGE_CURVE('',#795,#841,#714,.T.);
#1126=EDGE_CURVE('',#889,#889,#715,.T.);
#1127=EDGE_CURVE('',#848,#890,#398,.T.);
#1128=EDGE_CURVE('',#890,#890,#716,.T.);
#1129=EDGE_CURVE('',#889,#789,#399,.T.);
#1130=EDGE_CURVE('',#853,#891,#400,.T.);
#1131=EDGE_CURVE('',#891,#891,#717,.T.);
#1132=EDGE_CURVE('',#892,#893,#718,.T.);
#1133=EDGE_CURVE('',#892,#894,#401,.T.);
#1134=EDGE_CURVE('',#894,#895,#719,.T.);
#1135=EDGE_CURVE('',#895,#893,#402,.T.);
#1136=EDGE_CURVE('',#896,#892,#403,.T.);
#1137=EDGE_CURVE('',#897,#896,#404,.T.);
#1138=EDGE_CURVE('',#897,#894,#405,.T.);
#1139=EDGE_CURVE('',#898,#896,#720,.T.);
#1140=EDGE_CURVE('',#898,#899,#406,.T.);
#1141=EDGE_CURVE('',#899,#897,#721,.T.);
#1142=EDGE_CURVE('',#839,#898,#407,.T.);
#1143=EDGE_CURVE('',#899,#838,#408,.F.);
#1144=EDGE_CURVE('',#900,#901,#722,.T.);
#1145=EDGE_CURVE('',#900,#902,#409,.T.);
#1146=EDGE_CURVE('',#902,#903,#723,.T.);
#1147=EDGE_CURVE('',#903,#901,#410,.T.);
#1148=EDGE_CURVE('',#893,#904,#411,.T.);
#1149=EDGE_CURVE('',#905,#904,#724,.F.);
#1150=EDGE_CURVE('',#905,#906,#412,.T.);
#1151=EDGE_CURVE('',#907,#906,#725,.F.);
#1152=EDGE_CURVE('',#907,#908,#413,.T.);
#1153=EDGE_CURVE('',#909,#908,#726,.F.);
#1154=EDGE_CURVE('',#909,#900,#414,.T.);
#1155=EDGE_CURVE('',#901,#910,#415,.T.);
#1156=EDGE_CURVE('',#910,#911,#727,.T.);
#1157=EDGE_CURVE('',#911,#862,#416,.T.);
#1158=EDGE_CURVE('',#768,#861,#728,.F.);
#1159=EDGE_CURVE('',#912,#883,#729,.T.);
#1160=EDGE_CURVE('',#912,#913,#417,.T.);
#1161=EDGE_CURVE('',#913,#914,#730,.T.);
#1162=EDGE_CURVE('',#914,#915,#418,.T.);
#1163=EDGE_CURVE('',#915,#916,#731,.T.);
#1164=EDGE_CURVE('',#916,#917,#419,.T.);
#1165=EDGE_CURVE('',#791,#917,#732,.T.);
#1166=EDGE_CURVE('',#918,#790,#733,.F.);
#1167=EDGE_CURVE('',#918,#919,#420,.T.);
#1168=EDGE_CURVE('',#919,#920,#734,.T.);
#1169=EDGE_CURVE('',#920,#921,#421,.T.);
#1170=EDGE_CURVE('',#840,#921,#735,.F.);
#1171=EDGE_CURVE('',#903,#922,#422,.T.);
#1172=EDGE_CURVE('',#910,#922,#423,.T.);
#1173=EDGE_CURVE('',#922,#923,#736,.T.);
#1174=EDGE_CURVE('',#923,#911,#424,.T.);
#1175=EDGE_CURVE('',#863,#923,#425,.F.);
#1176=EDGE_CURVE('',#895,#924,#426,.T.);
#1177=EDGE_CURVE('',#925,#924,#427,.T.);
#1178=EDGE_CURVE('',#926,#925,#428,.F.);
#1179=EDGE_CURVE('',#904,#926,#429,.T.);
#1180=EDGE_CURVE('',#924,#927,#737,.T.);
#1181=EDGE_CURVE('',#927,#928,#430,.T.);
#1182=EDGE_CURVE('',#928,#925,#738,.T.);
#1183=EDGE_CURVE('',#926,#929,#739,.T.);
#1184=EDGE_CURVE('',#929,#905,#431,.T.);
#1185=EDGE_CURVE('',#930,#929,#432,.F.);
#1186=EDGE_CURVE('',#906,#930,#433,.T.);
#1187=EDGE_CURVE('',#928,#931,#434,.F.);
#1188=EDGE_CURVE('',#932,#931,#740,.T.);
#1189=EDGE_CURVE('',#932,#933,#435,.F.);
#1190=EDGE_CURVE('',#930,#933,#741,.T.);
#1191=EDGE_CURVE('',#933,#907,#436,.T.);
#1192=EDGE_CURVE('',#908,#932,#437,.T.);
#1193=EDGE_CURVE('',#931,#909,#438,.T.);
#1194=EDGE_CURVE('',#927,#902,#439,.T.);
#1195=EDGE_CURVE('',#864,#837,#440,.T.);
#1196=EDGE_CURVE('',#865,#836,#441,.F.);
#1197=EDGE_CURVE('',#934,#835,#742,.T.);
#1198=EDGE_CURVE('',#935,#934,#442,.T.);
#1199=EDGE_CURVE('',#872,#935,#743,.T.);
#1200=EDGE_CURVE('',#874,#936,#443,.F.);
#1201=EDGE_CURVE('',#936,#937,#744,.F.);
#1202=EDGE_CURVE('',#937,#938,#444,.F.);
#1203=EDGE_CURVE('',#939,#938,#745,.T.);
#1204=EDGE_CURVE('',#940,#939,#445,.T.);
#1205=EDGE_CURVE('',#866,#940,#746,.T.);
#1206=EDGE_CURVE('',#940,#941,#446,.T.);
#1207=EDGE_CURVE('',#941,#867,#747,.T.);
#1208=EDGE_CURVE('',#939,#942,#447,.T.);
#1209=EDGE_CURVE('',#941,#942,#448,.T.);
#1210=EDGE_CURVE('',#938,#943,#449,.T.);
#1211=EDGE_CURVE('',#942,#943,#748,.T.);
#1212=EDGE_CURVE('',#818,#912,#450,.T.);
#1213=EDGE_CURVE('',#817,#913,#451,.T.);
#1214=EDGE_CURVE('',#917,#813,#452,.T.);
#1215=EDGE_CURVE('',#814,#916,#453,.T.);
#1216=EDGE_CURVE('',#815,#915,#454,.T.);
#1217=EDGE_CURVE('',#816,#914,#455,.T.);
#1218=EDGE_CURVE('',#802,#936,#456,.T.);
#1219=EDGE_CURVE('',#846,#937,#457,.T.);
#1220=EDGE_CURVE('',#834,#944,#749,.T.);
#1221=EDGE_CURVE('',#944,#934,#458,.T.);
#1222=EDGE_CURVE('',#944,#945,#459,.T.);
#1223=EDGE_CURVE('',#935,#945,#460,.T.);
#1224=EDGE_CURVE('',#869,#833,#750,.T.);
#1225=EDGE_CURVE('',#945,#873,#751,.T.);
#1226=EDGE_CURVE('',#783,#918,#461,.T.);
#1227=EDGE_CURVE('',#919,#782,#462,.T.);
#1228=EDGE_CURVE('',#921,#788,#463,.T.);
#1229=EDGE_CURVE('',#920,#781,#464,.T.);
#1230=EDGE_CURVE('',#855,#946,#752,.T.);
#1231=EDGE_CURVE('',#946,#845,#465,.T.);
#1232=EDGE_CURVE('',#860,#769,#753,.T.);
#1233=EDGE_CURVE('',#859,#882,#754,.T.);
#1234=EDGE_CURVE('',#943,#946,#466,.T.);
#1235=ORIENTED_EDGE('',*,*,#947,.F.);
#1236=ORIENTED_EDGE('',*,*,#948,.T.);
#1237=ORIENTED_EDGE('',*,*,#949,.F.);
#1238=ORIENTED_EDGE('',*,*,#950,.F.);
#1239=ORIENTED_EDGE('',*,*,#951,.F.);
#1240=ORIENTED_EDGE('',*,*,#950,.T.);
#1241=ORIENTED_EDGE('',*,*,#952,.F.);
#1242=ORIENTED_EDGE('',*,*,#953,.F.);
#1243=ORIENTED_EDGE('',*,*,#954,.F.);
#1244=ORIENTED_EDGE('',*,*,#953,.T.);
#1245=ORIENTED_EDGE('',*,*,#955,.F.);
#1246=ORIENTED_EDGE('',*,*,#956,.F.);
#1247=ORIENTED_EDGE('',*,*,#957,.F.);
#1248=ORIENTED_EDGE('',*,*,#955,.T.);
#1249=ORIENTED_EDGE('',*,*,#952,.T.);
#1250=ORIENTED_EDGE('',*,*,#949,.T.);
#1251=ORIENTED_EDGE('',*,*,#958,.F.);
#1252=ORIENTED_EDGE('',*,*,#959,.F.);
#1253=ORIENTED_EDGE('',*,*,#960,.F.);
#1254=ORIENTED_EDGE('',*,*,#961,.F.);
#1255=ORIENTED_EDGE('',*,*,#956,.T.);
#1256=ORIENTED_EDGE('',*,*,#957,.T.);
#1257=ORIENTED_EDGE('',*,*,#962,.F.);
#1258=ORIENTED_EDGE('',*,*,#963,.F.);
#1259=ORIENTED_EDGE('',*,*,#964,.F.);
#1260=ORIENTED_EDGE('',*,*,#965,.F.);
#1261=ORIENTED_EDGE('',*,*,#961,.T.);
#1262=ORIENTED_EDGE('',*,*,#966,.F.);
#1263=ORIENTED_EDGE('',*,*,#967,.F.);
#1264=ORIENTED_EDGE('',*,*,#962,.T.);
#1265=ORIENTED_EDGE('',*,*,#960,.T.);
#1266=ORIENTED_EDGE('',*,*,#968,.F.);
#1267=ORIENTED_EDGE('',*,*,#969,.F.);
#1268=ORIENTED_EDGE('',*,*,#966,.T.);
#1269=ORIENTED_EDGE('',*,*,#959,.T.);
#1270=ORIENTED_EDGE('',*,*,#970,.T.);
#1271=ORIENTED_EDGE('',*,*,#971,.T.);
#1272=ORIENTED_EDGE('',*,*,#968,.T.);
#1273=ORIENTED_EDGE('',*,*,#972,.F.);
#1274=ORIENTED_EDGE('',*,*,#973,.T.);
#1275=ORIENTED_EDGE('',*,*,#974,.T.);
#1276=ORIENTED_EDGE('',*,*,#975,.T.);
#1277=ORIENTED_EDGE('',*,*,#976,.F.);
#1278=ORIENTED_EDGE('',*,*,#977,.T.);
#1279=ORIENTED_EDGE('',*,*,#978,.T.);
#1280=ORIENTED_EDGE('',*,*,#973,.F.);
#1281=ORIENTED_EDGE('',*,*,#979,.F.);
#1282=ORIENTED_EDGE('',*,*,#980,.F.);
#1283=ORIENTED_EDGE('',*,*,#981,.T.);
#1284=ORIENTED_EDGE('',*,*,#977,.F.);
#1285=ORIENTED_EDGE('',*,*,#982,.F.);
#1286=ORIENTED_EDGE('',*,*,#983,.F.);
#1287=ORIENTED_EDGE('',*,*,#984,.F.);
#1288=ORIENTED_EDGE('',*,*,#985,.F.);
#1289=ORIENTED_EDGE('',*,*,#986,.F.);
#1290=ORIENTED_EDGE('',*,*,#974,.F.);
#1291=ORIENTED_EDGE('',*,*,#978,.F.);
#1292=ORIENTED_EDGE('',*,*,#981,.F.);
#1293=ORIENTED_EDGE('',*,*,#979,.T.);
#1294=ORIENTED_EDGE('',*,*,#976,.T.);
#1295=ORIENTED_EDGE('',*,*,#972,.T.);
#1296=ORIENTED_EDGE('',*,*,#987,.F.);
#1297=ORIENTED_EDGE('',*,*,#988,.F.);
#1298=ORIENTED_EDGE('',*,*,#989,.F.);
#1299=ORIENTED_EDGE('',*,*,#990,.F.);
#1300=ORIENTED_EDGE('',*,*,#991,.F.);
#1301=ORIENTED_EDGE('',*,*,#992,.T.);
#1302=ORIENTED_EDGE('',*,*,#975,.F.);
#1303=ORIENTED_EDGE('',*,*,#986,.T.);
#1304=ORIENTED_EDGE('',*,*,#993,.F.);
#1305=ORIENTED_EDGE('',*,*,#994,.F.);
#1306=ORIENTED_EDGE('',*,*,#995,.F.);
#1307=ORIENTED_EDGE('',*,*,#996,.T.);
#1308=ORIENTED_EDGE('',*,*,#997,.F.);
#1309=ORIENTED_EDGE('',*,*,#998,.T.);
#1310=ORIENTED_EDGE('',*,*,#999,.T.);
#1311=ORIENTED_EDGE('',*,*,#987,.T.);
#1312=ORIENTED_EDGE('',*,*,#1000,.T.);
#1313=ORIENTED_EDGE('',*,*,#1001,.T.);
#1314=ORIENTED_EDGE('',*,*,#1002,.T.);
#1315=ORIENTED_EDGE('',*,*,#1003,.T.);
#1316=ORIENTED_EDGE('',*,*,#1000,.F.);
#1317=ORIENTED_EDGE('',*,*,#1004,.T.);
#1318=ORIENTED_EDGE('',*,*,#1005,.F.);
#1319=ORIENTED_EDGE('',*,*,#1006,.T.);
#1320=ORIENTED_EDGE('',*,*,#1007,.T.);
#1321=ORIENTED_EDGE('',*,*,#1008,.T.);
#1322=ORIENTED_EDGE('',*,*,#1009,.F.);
#1323=ORIENTED_EDGE('',*,*,#1010,.T.);
#1324=ORIENTED_EDGE('',*,*,#1011,.F.);
#1325=ORIENTED_EDGE('',*,*,#1012,.F.);
#1326=ORIENTED_EDGE('',*,*,#1013,.F.);
#1327=ORIENTED_EDGE('',*,*,#1014,.T.);
#1328=ORIENTED_EDGE('',*,*,#1015,.T.);
#1329=ORIENTED_EDGE('',*,*,#1016,.T.);
#1330=ORIENTED_EDGE('',*,*,#1017,.F.);
#1331=ORIENTED_EDGE('',*,*,#996,.F.);
#1332=ORIENTED_EDGE('',*,*,#1018,.F.);
#1333=ORIENTED_EDGE('',*,*,#1019,.T.);
#1334=ORIENTED_EDGE('',*,*,#1020,.T.);
#1335=ORIENTED_EDGE('',*,*,#1021,.T.);
#1336=ORIENTED_EDGE('',*,*,#1022,.T.);
#1337=ORIENTED_EDGE('',*,*,#1023,.T.);
#1338=ORIENTED_EDGE('',*,*,#1024,.F.);
#1339=ORIENTED_EDGE('',*,*,#1025,.F.);
#1340=ORIENTED_EDGE('',*,*,#1026,.F.);
#1341=ORIENTED_EDGE('',*,*,#1027,.F.);
#1342=ORIENTED_EDGE('',*,*,#1028,.F.);
#1343=ORIENTED_EDGE('',*,*,#1029,.F.);
#1344=ORIENTED_EDGE('',*,*,#1030,.F.);
#1345=ORIENTED_EDGE('',*,*,#1031,.F.);
#1346=ORIENTED_EDGE('',*,*,#1003,.F.);
#1347=ORIENTED_EDGE('',*,*,#1032,.T.);
#1348=ORIENTED_EDGE('',*,*,#1033,.F.);
#1349=ORIENTED_EDGE('',*,*,#1004,.F.);
#1350=ORIENTED_EDGE('',*,*,#1005,.T.);
#1351=ORIENTED_EDGE('',*,*,#1033,.T.);
#1352=ORIENTED_EDGE('',*,*,#1034,.T.);
#1353=ORIENTED_EDGE('',*,*,#1035,.T.);
#1354=ORIENTED_EDGE('',*,*,#1009,.T.);
#1355=ORIENTED_EDGE('',*,*,#1036,.T.);
#1356=ORIENTED_EDGE('',*,*,#1037,.T.);
#1357=ORIENTED_EDGE('',*,*,#1038,.T.);
#1358=ORIENTED_EDGE('',*,*,#1038,.F.);
#1359=ORIENTED_EDGE('',*,*,#1039,.T.);
#1360=ORIENTED_EDGE('',*,*,#1040,.F.);
#1361=ORIENTED_EDGE('',*,*,#1010,.F.);
#1362=ORIENTED_EDGE('',*,*,#1011,.T.);
#1363=ORIENTED_EDGE('',*,*,#1040,.T.);
#1364=ORIENTED_EDGE('',*,*,#1041,.T.);
#1365=ORIENTED_EDGE('',*,*,#1042,.T.);
#1366=ORIENTED_EDGE('',*,*,#1042,.F.);
#1367=ORIENTED_EDGE('',*,*,#1043,.T.);
#1368=ORIENTED_EDGE('',*,*,#1044,.T.);
#1369=ORIENTED_EDGE('',*,*,#1045,.T.);
#1370=ORIENTED_EDGE('',*,*,#1046,.F.);
#1371=ORIENTED_EDGE('',*,*,#1047,.F.);
#1372=ORIENTED_EDGE('',*,*,#1048,.F.);
#1373=ORIENTED_EDGE('',*,*,#1049,.F.);
#1374=ORIENTED_EDGE('',*,*,#1050,.F.);
#1375=ORIENTED_EDGE('',*,*,#1051,.F.);
#1376=ORIENTED_EDGE('',*,*,#1052,.F.);
#1377=ORIENTED_EDGE('',*,*,#989,.T.);
#1378=ORIENTED_EDGE('',*,*,#1053,.F.);
#1379=ORIENTED_EDGE('',*,*,#1054,.T.);
#1380=ORIENTED_EDGE('',*,*,#1055,.F.);
#1381=ORIENTED_EDGE('',*,*,#1012,.T.);
#1382=ORIENTED_EDGE('',*,*,#1056,.F.);
#1383=ORIENTED_EDGE('',*,*,#1057,.F.);
#1384=ORIENTED_EDGE('',*,*,#1058,.F.);
#1385=ORIENTED_EDGE('',*,*,#1059,.F.);
#1386=ORIENTED_EDGE('',*,*,#1034,.F.);
#1387=ORIENTED_EDGE('',*,*,#1032,.F.);
#1388=ORIENTED_EDGE('',*,*,#1002,.F.);
#1389=ORIENTED_EDGE('',*,*,#1060,.F.);
#1390=ORIENTED_EDGE('',*,*,#1061,.F.);
#1391=ORIENTED_EDGE('',*,*,#1062,.F.);
#1392=ORIENTED_EDGE('',*,*,#1063,.F.);
#1393=ORIENTED_EDGE('',*,*,#1064,.F.);
#1394=ORIENTED_EDGE('',*,*,#1043,.F.);
#1395=ORIENTED_EDGE('',*,*,#1041,.F.);
#1396=ORIENTED_EDGE('',*,*,#1039,.F.);
#1397=ORIENTED_EDGE('',*,*,#1037,.F.);
#1398=ORIENTED_EDGE('',*,*,#1065,.F.);
#1399=ORIENTED_EDGE('',*,*,#1066,.F.);
#1400=ORIENTED_EDGE('',*,*,#1067,.F.);
#1401=ORIENTED_EDGE('',*,*,#1068,.F.);
#1402=ORIENTED_EDGE('',*,*,#1056,.T.);
#1403=ORIENTED_EDGE('',*,*,#1069,.T.);
#1404=ORIENTED_EDGE('',*,*,#1070,.F.);
#1405=ORIENTED_EDGE('',*,*,#1071,.T.);
#1406=ORIENTED_EDGE('',*,*,#1061,.T.);
#1407=ORIENTED_EDGE('',*,*,#1072,.T.);
#1408=ORIENTED_EDGE('',*,*,#1073,.F.);
#1409=ORIENTED_EDGE('',*,*,#1069,.F.);
#1410=ORIENTED_EDGE('',*,*,#1001,.F.);
#1411=ORIENTED_EDGE('',*,*,#1031,.T.);
#1412=ORIENTED_EDGE('',*,*,#1074,.F.);
#1413=ORIENTED_EDGE('',*,*,#1075,.F.);
#1414=ORIENTED_EDGE('',*,*,#1076,.T.);
#1415=ORIENTED_EDGE('',*,*,#1077,.F.);
#1416=ORIENTED_EDGE('',*,*,#1078,.F.);
#1417=ORIENTED_EDGE('',*,*,#1079,.F.);
#1418=ORIENTED_EDGE('',*,*,#1080,.T.);
#1419=ORIENTED_EDGE('',*,*,#1081,.F.);
#1420=ORIENTED_EDGE('',*,*,#1082,.T.);
#1421=ORIENTED_EDGE('',*,*,#1083,.F.);
#1422=ORIENTED_EDGE('',*,*,#1084,.F.);
#1423=ORIENTED_EDGE('',*,*,#1085,.F.);
#1424=ORIENTED_EDGE('',*,*,#1072,.F.);
#1425=ORIENTED_EDGE('',*,*,#1060,.T.);
#1426=ORIENTED_EDGE('',*,*,#1063,.T.);
#1427=ORIENTED_EDGE('',*,*,#1086,.F.);
#1428=ORIENTED_EDGE('',*,*,#1087,.T.);
#1429=ORIENTED_EDGE('',*,*,#1088,.F.);
#1430=ORIENTED_EDGE('',*,*,#1067,.T.);
#1431=ORIENTED_EDGE('',*,*,#1089,.T.);
#1432=ORIENTED_EDGE('',*,*,#1090,.T.);
#1433=ORIENTED_EDGE('',*,*,#1086,.T.);
#1434=ORIENTED_EDGE('',*,*,#1066,.T.);
#1435=ORIENTED_EDGE('',*,*,#1091,.T.);
#1436=ORIENTED_EDGE('',*,*,#1092,.F.);
#1437=ORIENTED_EDGE('',*,*,#1093,.T.);
#1438=ORIENTED_EDGE('',*,*,#1094,.T.);
#1439=ORIENTED_EDGE('',*,*,#1089,.F.);
#1440=ORIENTED_EDGE('',*,*,#1036,.F.);
#1441=ORIENTED_EDGE('',*,*,#1008,.F.);
#1442=ORIENTED_EDGE('',*,*,#1095,.T.);
#1443=ORIENTED_EDGE('',*,*,#1096,.F.);
#1444=ORIENTED_EDGE('',*,*,#1091,.F.);
#1445=ORIENTED_EDGE('',*,*,#1065,.T.);
#1446=ORIENTED_EDGE('',*,*,#1026,.T.);
#1447=ORIENTED_EDGE('',*,*,#1097,.T.);
#1448=ORIENTED_EDGE('',*,*,#1098,.T.);
#1449=ORIENTED_EDGE('',*,*,#1099,.T.);
#1450=ORIENTED_EDGE('',*,*,#1099,.F.);
#1451=ORIENTED_EDGE('',*,*,#1100,.F.);
#1452=ORIENTED_EDGE('',*,*,#1101,.F.);
#1453=ORIENTED_EDGE('',*,*,#1027,.T.);
#1454=ORIENTED_EDGE('',*,*,#1030,.T.);
#1455=ORIENTED_EDGE('',*,*,#1102,.T.);
#1456=ORIENTED_EDGE('',*,*,#1103,.T.);
#1457=ORIENTED_EDGE('',*,*,#1074,.T.);
#1458=ORIENTED_EDGE('',*,*,#1100,.T.);
#1459=ORIENTED_EDGE('',*,*,#1098,.F.);
#1460=ORIENTED_EDGE('',*,*,#1104,.T.);
#1461=ORIENTED_EDGE('',*,*,#1105,.T.);
#1462=ORIENTED_EDGE('',*,*,#1075,.T.);
#1463=ORIENTED_EDGE('',*,*,#1103,.F.);
#1464=ORIENTED_EDGE('',*,*,#1106,.T.);
#1465=ORIENTED_EDGE('',*,*,#1107,.T.);
#1466=ORIENTED_EDGE('',*,*,#1108,.T.);
#1467=ORIENTED_EDGE('',*,*,#1102,.F.);
#1468=ORIENTED_EDGE('',*,*,#1029,.T.);
#1469=ORIENTED_EDGE('',*,*,#1109,.T.);
#1470=ORIENTED_EDGE('',*,*,#1106,.F.);
#1471=ORIENTED_EDGE('',*,*,#1028,.T.);
#1472=ORIENTED_EDGE('',*,*,#1101,.T.);
#1473=ORIENTED_EDGE('',*,*,#1107,.F.);
#1474=ORIENTED_EDGE('',*,*,#1109,.F.);
#1475=ORIENTED_EDGE('',*,*,#948,.F.);
#1476=ORIENTED_EDGE('',*,*,#1110,.F.);
#1477=ORIENTED_EDGE('',*,*,#1111,.F.);
#1478=ORIENTED_EDGE('',*,*,#1104,.F.);
#1479=ORIENTED_EDGE('',*,*,#1097,.F.);
#1480=ORIENTED_EDGE('',*,*,#1025,.T.);
#1481=ORIENTED_EDGE('',*,*,#1112,.F.);
#1482=ORIENTED_EDGE('',*,*,#1113,.F.);
#1483=ORIENTED_EDGE('',*,*,#970,.F.);
#1484=ORIENTED_EDGE('',*,*,#958,.T.);
#1485=ORIENTED_EDGE('',*,*,#1108,.F.);
#1486=ORIENTED_EDGE('',*,*,#1114,.T.);
#1487=ORIENTED_EDGE('',*,*,#1115,.F.);
#1488=ORIENTED_EDGE('',*,*,#1114,.F.);
#1489=ORIENTED_EDGE('',*,*,#1017,.T.);
#1490=ORIENTED_EDGE('',*,*,#1116,.T.);
#1491=ORIENTED_EDGE('',*,*,#1117,.T.);
#1492=ORIENTED_EDGE('',*,*,#997,.T.);
#1493=ORIENTED_EDGE('',*,*,#1013,.T.);
#1494=ORIENTED_EDGE('',*,*,#1055,.T.);
#1495=ORIENTED_EDGE('',*,*,#1118,.T.);
#1496=ORIENTED_EDGE('',*,*,#1119,.T.);
#1497=ORIENTED_EDGE('',*,*,#1119,.F.);
#1498=ORIENTED_EDGE('',*,*,#1120,.T.);
#1499=ORIENTED_EDGE('',*,*,#1121,.F.);
#1500=ORIENTED_EDGE('',*,*,#1014,.F.);
#1501=ORIENTED_EDGE('',*,*,#1116,.F.);
#1502=ORIENTED_EDGE('',*,*,#1016,.F.);
#1503=ORIENTED_EDGE('',*,*,#1122,.T.);
#1504=ORIENTED_EDGE('',*,*,#1123,.T.);
#1505=ORIENTED_EDGE('',*,*,#1123,.F.);
#1506=ORIENTED_EDGE('',*,*,#1124,.F.);
#1507=ORIENTED_EDGE('',*,*,#1120,.F.);
#1508=ORIENTED_EDGE('',*,*,#1118,.F.);
#1509=ORIENTED_EDGE('',*,*,#1054,.F.);
#1510=ORIENTED_EDGE('',*,*,#1125,.F.);
#1511=ORIENTED_EDGE('',*,*,#998,.F.);
#1512=ORIENTED_EDGE('',*,*,#1117,.F.);
#1513=ORIENTED_EDGE('',*,*,#1126,.F.);
#1514=ORIENTED_EDGE('',*,*,#1015,.F.);
#1515=ORIENTED_EDGE('',*,*,#1121,.T.);
#1516=ORIENTED_EDGE('',*,*,#1124,.T.);
#1517=ORIENTED_EDGE('',*,*,#1122,.F.);
#1518=ORIENTED_EDGE('',*,*,#1062,.T.);
#1519=ORIENTED_EDGE('',*,*,#1127,.T.);
#1520=ORIENTED_EDGE('',*,*,#1128,.F.);
#1521=ORIENTED_EDGE('',*,*,#1127,.F.);
#1522=ORIENTED_EDGE('',*,*,#1126,.T.);
#1523=ORIENTED_EDGE('',*,*,#1129,.T.);
#1524=ORIENTED_EDGE('',*,*,#992,.F.);
#1525=ORIENTED_EDGE('',*,*,#1129,.F.);
#1526=ORIENTED_EDGE('',*,*,#1068,.T.);
#1527=ORIENTED_EDGE('',*,*,#1130,.T.);
#1528=ORIENTED_EDGE('',*,*,#1131,.F.);
#1529=ORIENTED_EDGE('',*,*,#1130,.F.);
#1530=ORIENTED_EDGE('',*,*,#1132,.F.);
#1531=ORIENTED_EDGE('',*,*,#1133,.T.);
#1532=ORIENTED_EDGE('',*,*,#1134,.T.);
#1533=ORIENTED_EDGE('',*,*,#1135,.T.);
#1534=ORIENTED_EDGE('',*,*,#1133,.F.);
#1535=ORIENTED_EDGE('',*,*,#1136,.F.);
#1536=ORIENTED_EDGE('',*,*,#1137,.F.);
#1537=ORIENTED_EDGE('',*,*,#1138,.T.);
#1538=ORIENTED_EDGE('',*,*,#1139,.F.);
#1539=ORIENTED_EDGE('',*,*,#1140,.T.);
#1540=ORIENTED_EDGE('',*,*,#1141,.T.);
#1541=ORIENTED_EDGE('',*,*,#1137,.T.);
#1542=ORIENTED_EDGE('',*,*,#1140,.F.);
#1543=ORIENTED_EDGE('',*,*,#1142,.F.);
#1544=ORIENTED_EDGE('',*,*,#1050,.T.);
#1545=ORIENTED_EDGE('',*,*,#1143,.F.);
#1546=ORIENTED_EDGE('',*,*,#1144,.F.);
#1547=ORIENTED_EDGE('',*,*,#1145,.T.);
#1548=ORIENTED_EDGE('',*,*,#1146,.T.);
#1549=ORIENTED_EDGE('',*,*,#1147,.T.);
#1550=ORIENTED_EDGE('',*,*,#1132,.T.);
#1551=ORIENTED_EDGE('',*,*,#1148,.T.);
#1552=ORIENTED_EDGE('',*,*,#1149,.F.);
#1553=ORIENTED_EDGE('',*,*,#1150,.T.);
#1554=ORIENTED_EDGE('',*,*,#1151,.F.);
#1555=ORIENTED_EDGE('',*,*,#1152,.T.);
#1556=ORIENTED_EDGE('',*,*,#1153,.F.);
#1557=ORIENTED_EDGE('',*,*,#1154,.T.);
#1558=ORIENTED_EDGE('',*,*,#1144,.T.);
#1559=ORIENTED_EDGE('',*,*,#1155,.T.);
#1560=ORIENTED_EDGE('',*,*,#1156,.T.);
#1561=ORIENTED_EDGE('',*,*,#1157,.T.);
#1562=ORIENTED_EDGE('',*,*,#1079,.T.);
#1563=ORIENTED_EDGE('',*,*,#1158,.F.);
#1564=ORIENTED_EDGE('',*,*,#963,.T.);
#1565=ORIENTED_EDGE('',*,*,#967,.T.);
#1566=ORIENTED_EDGE('',*,*,#969,.T.);
#1567=ORIENTED_EDGE('',*,*,#971,.F.);
#1568=ORIENTED_EDGE('',*,*,#1113,.T.);
#1569=ORIENTED_EDGE('',*,*,#1159,.F.);
#1570=ORIENTED_EDGE('',*,*,#1160,.T.);
#1571=ORIENTED_EDGE('',*,*,#1161,.T.);
#1572=ORIENTED_EDGE('',*,*,#1162,.T.);
#1573=ORIENTED_EDGE('',*,*,#1163,.T.);
#1574=ORIENTED_EDGE('',*,*,#1164,.T.);
#1575=ORIENTED_EDGE('',*,*,#1165,.F.);
#1576=ORIENTED_EDGE('',*,*,#994,.T.);
#1577=ORIENTED_EDGE('',*,*,#1166,.F.);
#1578=ORIENTED_EDGE('',*,*,#1167,.T.);
#1579=ORIENTED_EDGE('',*,*,#1168,.T.);
#1580=ORIENTED_EDGE('',*,*,#1169,.T.);
#1581=ORIENTED_EDGE('',*,*,#1170,.F.);
#1582=ORIENTED_EDGE('',*,*,#1051,.T.);
#1583=ORIENTED_EDGE('',*,*,#1142,.T.);
#1584=ORIENTED_EDGE('',*,*,#1139,.T.);
#1585=ORIENTED_EDGE('',*,*,#1136,.T.);
#1586=ORIENTED_EDGE('',*,*,#1147,.F.);
#1587=ORIENTED_EDGE('',*,*,#1171,.T.);
#1588=ORIENTED_EDGE('',*,*,#1172,.F.);
#1589=ORIENTED_EDGE('',*,*,#1155,.F.);
#1590=ORIENTED_EDGE('',*,*,#1156,.F.);
#1591=ORIENTED_EDGE('',*,*,#1172,.T.);
#1592=ORIENTED_EDGE('',*,*,#1173,.T.);
#1593=ORIENTED_EDGE('',*,*,#1174,.T.);
#1594=ORIENTED_EDGE('',*,*,#1174,.F.);
#1595=ORIENTED_EDGE('',*,*,#1175,.F.);
#1596=ORIENTED_EDGE('',*,*,#1080,.F.);
#1597=ORIENTED_EDGE('',*,*,#1157,.F.);
#1598=ORIENTED_EDGE('',*,*,#1176,.T.);
#1599=ORIENTED_EDGE('',*,*,#1177,.F.);
#1600=ORIENTED_EDGE('',*,*,#1178,.F.);
#1601=ORIENTED_EDGE('',*,*,#1179,.F.);
#1602=ORIENTED_EDGE('',*,*,#1148,.F.);
#1603=ORIENTED_EDGE('',*,*,#1135,.F.);
#1604=ORIENTED_EDGE('',*,*,#1180,.T.);
#1605=ORIENTED_EDGE('',*,*,#1181,.T.);
#1606=ORIENTED_EDGE('',*,*,#1182,.T.);
#1607=ORIENTED_EDGE('',*,*,#1177,.T.);
#1608=ORIENTED_EDGE('',*,*,#1183,.T.);
#1609=ORIENTED_EDGE('',*,*,#1184,.T.);
#1610=ORIENTED_EDGE('',*,*,#1149,.T.);
#1611=ORIENTED_EDGE('',*,*,#1179,.T.);
#1612=ORIENTED_EDGE('',*,*,#1184,.F.);
#1613=ORIENTED_EDGE('',*,*,#1185,.F.);
#1614=ORIENTED_EDGE('',*,*,#1186,.F.);
#1615=ORIENTED_EDGE('',*,*,#1150,.F.);
#1616=ORIENTED_EDGE('',*,*,#1183,.F.);
#1617=ORIENTED_EDGE('',*,*,#1178,.T.);
#1618=ORIENTED_EDGE('',*,*,#1182,.F.);
#1619=ORIENTED_EDGE('',*,*,#1187,.T.);
#1620=ORIENTED_EDGE('',*,*,#1188,.F.);
#1621=ORIENTED_EDGE('',*,*,#1189,.T.);
#1622=ORIENTED_EDGE('',*,*,#1190,.F.);
#1623=ORIENTED_EDGE('',*,*,#1185,.T.);
#1624=ORIENTED_EDGE('',*,*,#1190,.T.);
#1625=ORIENTED_EDGE('',*,*,#1191,.T.);
#1626=ORIENTED_EDGE('',*,*,#1151,.T.);
#1627=ORIENTED_EDGE('',*,*,#1186,.T.);
#1628=ORIENTED_EDGE('',*,*,#1191,.F.);
#1629=ORIENTED_EDGE('',*,*,#1189,.F.);
#1630=ORIENTED_EDGE('',*,*,#1192,.F.);
#1631=ORIENTED_EDGE('',*,*,#1152,.F.);
#1632=ORIENTED_EDGE('',*,*,#1188,.T.);
#1633=ORIENTED_EDGE('',*,*,#1193,.T.);
#1634=ORIENTED_EDGE('',*,*,#1153,.T.);
#1635=ORIENTED_EDGE('',*,*,#1192,.T.);
#1636=ORIENTED_EDGE('',*,*,#1145,.F.);
#1637=ORIENTED_EDGE('',*,*,#1154,.F.);
#1638=ORIENTED_EDGE('',*,*,#1193,.F.);
#1639=ORIENTED_EDGE('',*,*,#1187,.F.);
#1640=ORIENTED_EDGE('',*,*,#1181,.F.);
#1641=ORIENTED_EDGE('',*,*,#1194,.T.);
#1642=ORIENTED_EDGE('',*,*,#1081,.T.);
#1643=ORIENTED_EDGE('',*,*,#1175,.T.);
#1644=ORIENTED_EDGE('',*,*,#1173,.F.);
#1645=ORIENTED_EDGE('',*,*,#1171,.F.);
#1646=ORIENTED_EDGE('',*,*,#1146,.F.);
#1647=ORIENTED_EDGE('',*,*,#1194,.F.);
#1648=ORIENTED_EDGE('',*,*,#1180,.F.);
#1649=ORIENTED_EDGE('',*,*,#1176,.F.);
#1650=ORIENTED_EDGE('',*,*,#1134,.F.);
#1651=ORIENTED_EDGE('',*,*,#1138,.F.);
#1652=ORIENTED_EDGE('',*,*,#1141,.F.);
#1653=ORIENTED_EDGE('',*,*,#1143,.T.);
#1654=ORIENTED_EDGE('',*,*,#1049,.T.);
#1655=ORIENTED_EDGE('',*,*,#1195,.F.);
#1656=ORIENTED_EDGE('',*,*,#1195,.T.);
#1657=ORIENTED_EDGE('',*,*,#1048,.T.);
#1658=ORIENTED_EDGE('',*,*,#1196,.F.);
#1659=ORIENTED_EDGE('',*,*,#1082,.F.);
#1660=ORIENTED_EDGE('',*,*,#1196,.T.);
#1661=ORIENTED_EDGE('',*,*,#1047,.T.);
#1662=ORIENTED_EDGE('',*,*,#1197,.F.);
#1663=ORIENTED_EDGE('',*,*,#1198,.F.);
#1664=ORIENTED_EDGE('',*,*,#1199,.F.);
#1665=ORIENTED_EDGE('',*,*,#1092,.T.);
#1666=ORIENTED_EDGE('',*,*,#1096,.T.);
#1667=ORIENTED_EDGE('',*,*,#1200,.T.);
#1668=ORIENTED_EDGE('',*,*,#1201,.T.);
#1669=ORIENTED_EDGE('',*,*,#1202,.T.);
#1670=ORIENTED_EDGE('',*,*,#1203,.F.);
#1671=ORIENTED_EDGE('',*,*,#1204,.F.);
#1672=ORIENTED_EDGE('',*,*,#1205,.F.);
#1673=ORIENTED_EDGE('',*,*,#1083,.T.);
#1674=ORIENTED_EDGE('',*,*,#1205,.T.);
#1675=ORIENTED_EDGE('',*,*,#1206,.T.);
#1676=ORIENTED_EDGE('',*,*,#1207,.T.);
#1677=ORIENTED_EDGE('',*,*,#1084,.T.);
#1678=ORIENTED_EDGE('',*,*,#1204,.T.);
#1679=ORIENTED_EDGE('',*,*,#1208,.T.);
#1680=ORIENTED_EDGE('',*,*,#1209,.F.);
#1681=ORIENTED_EDGE('',*,*,#1206,.F.);
#1682=ORIENTED_EDGE('',*,*,#1203,.T.);
#1683=ORIENTED_EDGE('',*,*,#1210,.T.);
#1684=ORIENTED_EDGE('',*,*,#1211,.F.);
#1685=ORIENTED_EDGE('',*,*,#1208,.F.);
#1686=ORIENTED_EDGE('',*,*,#1159,.T.);
#1687=ORIENTED_EDGE('',*,*,#1112,.T.);
#1688=ORIENTED_EDGE('',*,*,#1024,.T.);
#1689=ORIENTED_EDGE('',*,*,#1212,.T.);
#1690=ORIENTED_EDGE('',*,*,#1212,.F.);
#1691=ORIENTED_EDGE('',*,*,#1023,.F.);
#1692=ORIENTED_EDGE('',*,*,#1213,.T.);
#1693=ORIENTED_EDGE('',*,*,#1160,.F.);
#1694=ORIENTED_EDGE('',*,*,#1018,.T.);
#1695=ORIENTED_EDGE('',*,*,#995,.T.);
#1696=ORIENTED_EDGE('',*,*,#1165,.T.);
#1697=ORIENTED_EDGE('',*,*,#1214,.T.);
#1698=ORIENTED_EDGE('',*,*,#1214,.F.);
#1699=ORIENTED_EDGE('',*,*,#1164,.F.);
#1700=ORIENTED_EDGE('',*,*,#1215,.F.);
#1701=ORIENTED_EDGE('',*,*,#1019,.F.);
#1702=ORIENTED_EDGE('',*,*,#1163,.F.);
#1703=ORIENTED_EDGE('',*,*,#1216,.F.);
#1704=ORIENTED_EDGE('',*,*,#1020,.F.);
#1705=ORIENTED_EDGE('',*,*,#1215,.T.);
#1706=ORIENTED_EDGE('',*,*,#1161,.F.);
#1707=ORIENTED_EDGE('',*,*,#1213,.F.);
#1708=ORIENTED_EDGE('',*,*,#1022,.F.);
#1709=ORIENTED_EDGE('',*,*,#1217,.T.);
#1710=ORIENTED_EDGE('',*,*,#1162,.F.);
#1711=ORIENTED_EDGE('',*,*,#1217,.F.);
#1712=ORIENTED_EDGE('',*,*,#1021,.F.);
#1713=ORIENTED_EDGE('',*,*,#1216,.T.);
#1714=ORIENTED_EDGE('',*,*,#1095,.F.);
#1715=ORIENTED_EDGE('',*,*,#1007,.F.);
#1716=ORIENTED_EDGE('',*,*,#1218,.T.);
#1717=ORIENTED_EDGE('',*,*,#1200,.F.);
#1718=ORIENTED_EDGE('',*,*,#1059,.T.);
#1719=ORIENTED_EDGE('',*,*,#1219,.T.);
#1720=ORIENTED_EDGE('',*,*,#1201,.F.);
#1721=ORIENTED_EDGE('',*,*,#1218,.F.);
#1722=ORIENTED_EDGE('',*,*,#1006,.F.);
#1723=ORIENTED_EDGE('',*,*,#1035,.F.);
#1724=ORIENTED_EDGE('',*,*,#1197,.T.);
#1725=ORIENTED_EDGE('',*,*,#1046,.T.);
#1726=ORIENTED_EDGE('',*,*,#1220,.T.);
#1727=ORIENTED_EDGE('',*,*,#1221,.T.);
#1728=ORIENTED_EDGE('',*,*,#1198,.T.);
#1729=ORIENTED_EDGE('',*,*,#1221,.F.);
#1730=ORIENTED_EDGE('',*,*,#1222,.T.);
#1731=ORIENTED_EDGE('',*,*,#1223,.F.);
#1732=ORIENTED_EDGE('',*,*,#1220,.F.);
#1733=ORIENTED_EDGE('',*,*,#1045,.F.);
#1734=ORIENTED_EDGE('',*,*,#1224,.F.);
#1735=ORIENTED_EDGE('',*,*,#1087,.F.);
#1736=ORIENTED_EDGE('',*,*,#1090,.F.);
#1737=ORIENTED_EDGE('',*,*,#1094,.F.);
#1738=ORIENTED_EDGE('',*,*,#1225,.F.);
#1739=ORIENTED_EDGE('',*,*,#1222,.F.);
#1740=ORIENTED_EDGE('',*,*,#1131,.T.);
#1741=ORIENTED_EDGE('',*,*,#985,.T.);
#1742=ORIENTED_EDGE('',*,*,#1226,.T.);
#1743=ORIENTED_EDGE('',*,*,#1166,.T.);
#1744=ORIENTED_EDGE('',*,*,#993,.T.);
#1745=ORIENTED_EDGE('',*,*,#984,.T.);
#1746=ORIENTED_EDGE('',*,*,#1227,.F.);
#1747=ORIENTED_EDGE('',*,*,#1167,.F.);
#1748=ORIENTED_EDGE('',*,*,#1226,.F.);
#1749=ORIENTED_EDGE('',*,*,#990,.T.);
#1750=ORIENTED_EDGE('',*,*,#1052,.T.);
#1751=ORIENTED_EDGE('',*,*,#1170,.T.);
#1752=ORIENTED_EDGE('',*,*,#1228,.T.);
#1753=ORIENTED_EDGE('',*,*,#980,.T.);
#1754=ORIENTED_EDGE('',*,*,#991,.T.);
#1755=ORIENTED_EDGE('',*,*,#1228,.F.);
#1756=ORIENTED_EDGE('',*,*,#1169,.F.);
#1757=ORIENTED_EDGE('',*,*,#1229,.T.);
#1758=ORIENTED_EDGE('',*,*,#982,.T.);
#1759=ORIENTED_EDGE('',*,*,#1199,.T.);
#1760=ORIENTED_EDGE('',*,*,#1223,.T.);
#1761=ORIENTED_EDGE('',*,*,#1225,.T.);
#1762=ORIENTED_EDGE('',*,*,#1093,.F.);
#1763=ORIENTED_EDGE('',*,*,#983,.T.);
#1764=ORIENTED_EDGE('',*,*,#1229,.F.);
#1765=ORIENTED_EDGE('',*,*,#1168,.F.);
#1766=ORIENTED_EDGE('',*,*,#1227,.T.);
#1767=ORIENTED_EDGE('',*,*,#1057,.T.);
#1768=ORIENTED_EDGE('',*,*,#1071,.F.);
#1769=ORIENTED_EDGE('',*,*,#1230,.T.);
#1770=ORIENTED_EDGE('',*,*,#1231,.T.);
#1771=ORIENTED_EDGE('',*,*,#954,.T.);
#1772=ORIENTED_EDGE('',*,*,#965,.T.);
#1773=ORIENTED_EDGE('',*,*,#1232,.F.);
#1774=ORIENTED_EDGE('',*,*,#1077,.T.);
#1775=ORIENTED_EDGE('',*,*,#1233,.T.);
#1776=ORIENTED_EDGE('',*,*,#1110,.T.);
#1777=ORIENTED_EDGE('',*,*,#947,.T.);
#1778=ORIENTED_EDGE('',*,*,#951,.T.);
#1779=ORIENTED_EDGE('',*,*,#1115,.T.);
#1780=ORIENTED_EDGE('',*,*,#1232,.T.);
#1781=ORIENTED_EDGE('',*,*,#964,.T.);
#1782=ORIENTED_EDGE('',*,*,#1158,.T.);
#1783=ORIENTED_EDGE('',*,*,#1078,.T.);
#1784=ORIENTED_EDGE('',*,*,#1058,.T.);
#1785=ORIENTED_EDGE('',*,*,#1231,.F.);
#1786=ORIENTED_EDGE('',*,*,#1234,.F.);
#1787=ORIENTED_EDGE('',*,*,#1210,.F.);
#1788=ORIENTED_EDGE('',*,*,#1202,.F.);
#1789=ORIENTED_EDGE('',*,*,#1219,.F.);
#1790=ORIENTED_EDGE('',*,*,#1207,.F.);
#1791=ORIENTED_EDGE('',*,*,#1209,.T.);
#1792=ORIENTED_EDGE('',*,*,#1211,.T.);
#1793=ORIENTED_EDGE('',*,*,#1234,.T.);
#1794=ORIENTED_EDGE('',*,*,#1230,.F.);
#1795=ORIENTED_EDGE('',*,*,#1070,.T.);
#1796=ORIENTED_EDGE('',*,*,#1073,.T.);
#1797=ORIENTED_EDGE('',*,*,#1085,.T.);
#1798=ORIENTED_EDGE('',*,*,#1128,.T.);
#1799=ORIENTED_EDGE('',*,*,#1105,.F.);
#1800=ORIENTED_EDGE('',*,*,#1111,.T.);
#1801=ORIENTED_EDGE('',*,*,#1233,.F.);
#1802=ORIENTED_EDGE('',*,*,#1076,.F.);
#1803=ORIENTED_EDGE('',*,*,#1064,.T.);
#1804=ORIENTED_EDGE('',*,*,#1088,.T.);
#1805=ORIENTED_EDGE('',*,*,#1224,.T.);
#1806=ORIENTED_EDGE('',*,*,#1044,.F.);
#1807=ORIENTED_EDGE('',*,*,#1125,.T.);
#1808=ORIENTED_EDGE('',*,*,#1053,.T.);
#1809=ORIENTED_EDGE('',*,*,#988,.T.);
#1810=ORIENTED_EDGE('',*,*,#999,.F.);
#1811=CYLINDRICAL_SURFACE('',#1971,1.5);
#1812=CYLINDRICAL_SURFACE('',#1975,1.5);
#1813=CYLINDRICAL_SURFACE('',#1982,1.5);
#1814=CYLINDRICAL_SURFACE('',#1985,1.5);
#1815=CYLINDRICAL_SURFACE('',#1987,1.5);
#1816=CYLINDRICAL_SURFACE('',#1991,1.5);
#1817=CYLINDRICAL_SURFACE('',#2002,1.5);
#1818=CYLINDRICAL_SURFACE('',#2022,1.5);
#1819=CYLINDRICAL_SURFACE('',#2024,1.5);
#1820=CYLINDRICAL_SURFACE('',#2027,1.5);
#1821=CYLINDRICAL_SURFACE('',#2041,3.);
#1822=CYLINDRICAL_SURFACE('',#2045,1.5);
#1823=CYLINDRICAL_SURFACE('',#2048,1.49999999999999);
#1824=CYLINDRICAL_SURFACE('',#2050,0.5);
#1825=CYLINDRICAL_SURFACE('',#2053,0.5);
#1826=CYLINDRICAL_SURFACE('',#2060,2.85000000000005);
#1827=CYLINDRICAL_SURFACE('',#2062,1.6);
#1828=CYLINDRICAL_SURFACE('',#2064,0.5);
#1829=CYLINDRICAL_SURFACE('',#2066,0.5);
#1830=CYLINDRICAL_SURFACE('',#2074,2.85000000000005);
#1831=CYLINDRICAL_SURFACE('',#2075,1.6);
#1832=CYLINDRICAL_SURFACE('',#2077,1.6);
#1833=CYLINDRICAL_SURFACE('',#2078,1.6);
#1834=CYLINDRICAL_SURFACE('',#2080,1.5);
#1835=CYLINDRICAL_SURFACE('',#2084,1.5);
#1836=CYLINDRICAL_SURFACE('',#2088,1.5);
#1837=CYLINDRICAL_SURFACE('',#2105,1.5);
#1838=CYLINDRICAL_SURFACE('',#2109,1.);
#1839=CYLINDRICAL_SURFACE('',#2112,1.);
#1840=CYLINDRICAL_SURFACE('',#2118,1.);
#1841=CYLINDRICAL_SURFACE('',#2120,1.);
#1842=CYLINDRICAL_SURFACE('',#2130,1.5);
#1843=CYLINDRICAL_SURFACE('',#2133,1.5);
#1844=CYLINDRICAL_SURFACE('',#2135,1.5);
#1845=CYLINDRICAL_SURFACE('',#2137,1.5);
#1846=CYLINDRICAL_SURFACE('',#2139,1.5);
#1847=CYLINDRICAL_SURFACE('',#2140,1.5);
#1848=CYLINDRICAL_SURFACE('',#2143,1.49999999999999);
#1849=CYLINDRICAL_SURFACE('',#2144,1.5);
#1850=CYLINDRICAL_SURFACE('',#2150,1.5);
#1851=CYLINDRICAL_SURFACE('',#2152,1.5);
#1852=CYLINDRICAL_SURFACE('',#2154,1.5);
#1853=CYLINDRICAL_SURFACE('',#2155,1.5);
#1854=CYLINDRICAL_SURFACE('',#2156,1.5);
#1855=CYLINDRICAL_SURFACE('',#2161,1.5);
#1856=CYLINDRICAL_SURFACE('',#2164,3.);
#1857=CYLINDRICAL_SURFACE('',#2165,2.99999999999999);
#1858=CYLINDRICAL_SURFACE('',#2166,3.);
#1859=ADVANCED_FACE('',(#73),#1811,.T.);
#1860=ADVANCED_FACE('',(#74),#23,.T.);
#1861=ADVANCED_FACE('',(#75),#1812,.T.);
#1862=ADVANCED_FACE('',(#76),#24,.F.);
#1863=ADVANCED_FACE('',(#77),#25,.T.);
#1864=ADVANCED_FACE('',(#78),#1813,.T.);
#1865=ADVANCED_FACE('',(#79),#26,.T.);
#1866=ADVANCED_FACE('',(#80),#1814,.T.);
#1867=ADVANCED_FACE('',(#81),#1815,.T.);
#1868=ADVANCED_FACE('',(#82),#27,.F.);
#1869=ADVANCED_FACE('',(#83),#1816,.T.);
#1870=ADVANCED_FACE('',(#84),#28,.T.);
#1871=ADVANCED_FACE('',(#85,#15),#29,.T.);
#1872=ADVANCED_FACE('',(#86),#30,.T.);
#1873=ADVANCED_FACE('',(#87),#1817,.T.);
#1874=ADVANCED_FACE('',(#88),#31,.T.);
#1875=ADVANCED_FACE('',(#89),#32,.F.);
#1876=ADVANCED_FACE('',(#90),#1818,.T.);
#1877=ADVANCED_FACE('',(#91),#1819,.T.);
#1878=ADVANCED_FACE('',(#92),#33,.F.);
#1879=ADVANCED_FACE('',(#93),#1820,.T.);
#1880=ADVANCED_FACE('',(#94),#34,.T.);
#1881=ADVANCED_FACE('',(#95,#16),#35,.T.);
#1882=ADVANCED_FACE('',(#96,#17),#36,.T.);
#1883=ADVANCED_FACE('',(#97),#37,.T.);
#1884=ADVANCED_FACE('',(#98),#1821,.T.);
#1885=ADVANCED_FACE('',(#99),#38,.T.);
#1886=ADVANCED_FACE('',(#100),#39,.T.);
#1887=ADVANCED_FACE('',(#101),#1822,.T.);
#1888=ADVANCED_FACE('',(#102),#40,.F.);
#1889=ADVANCED_FACE('',(#103),#1823,.F.);
#1890=ADVANCED_FACE('',(#104),#1824,.T.);
#1891=ADVANCED_FACE('',(#105),#41,.T.);
#1892=ADVANCED_FACE('',(#106),#1825,.T.);
#1893=ADVANCED_FACE('',(#107,#18),#42,.F.);
#1894=ADVANCED_FACE('',(#108),#43,.T.);
#1895=ADVANCED_FACE('',(#109),#1826,.F.);
#1896=ADVANCED_FACE('',(#110),#44,.T.);
#1897=ADVANCED_FACE('',(#111),#1827,.F.);
#1898=ADVANCED_FACE('',(#112),#1828,.T.);
#1899=ADVANCED_FACE('',(#113),#1829,.T.);
#1900=ADVANCED_FACE('',(#114),#45,.F.);
#1901=ADVANCED_FACE('',(#115),#46,.F.);
#1902=ADVANCED_FACE('',(#116,#19),#47,.T.);
#1903=ADVANCED_FACE('',(#117),#1830,.F.);
#1904=ADVANCED_FACE('',(#118),#1831,.F.);
#1905=ADVANCED_FACE('',(#119),#1832,.F.);
#1906=ADVANCED_FACE('',(#120),#1833,.F.);
#1907=ADVANCED_FACE('',(#121),#1834,.F.);
#1908=ADVANCED_FACE('',(#122),#48,.T.);
#1909=ADVANCED_FACE('',(#123),#1835,.F.);
#1910=ADVANCED_FACE('',(#124),#49,.T.);
#1911=ADVANCED_FACE('',(#125),#1836,.F.);
#1912=ADVANCED_FACE('',(#126),#50,.F.);
#1913=ADVANCED_FACE('',(#127),#51,.T.);
#1914=ADVANCED_FACE('',(#128),#1837,.F.);
#1915=ADVANCED_FACE('',(#129),#52,.T.);
#1916=ADVANCED_FACE('',(#130),#53,.T.);
#1917=ADVANCED_FACE('',(#131),#1838,.T.);
#1918=ADVANCED_FACE('',(#132),#1839,.T.);
#1919=ADVANCED_FACE('',(#133),#54,.T.);
#1920=ADVANCED_FACE('',(#134),#55,.F.);
#1921=ADVANCED_FACE('',(#135),#1840,.T.);
#1922=ADVANCED_FACE('',(#136),#56,.T.);
#1923=ADVANCED_FACE('',(#137),#1841,.T.);
#1924=ADVANCED_FACE('',(#138),#57,.T.);
#1925=ADVANCED_FACE('',(#139),#58,.F.);
#1926=ADVANCED_FACE('',(#140),#59,.T.);
#1927=ADVANCED_FACE('',(#141),#60,.F.);
#1928=ADVANCED_FACE('',(#142),#1842,.T.);
#1929=ADVANCED_FACE('',(#143),#61,.T.);
#1930=ADVANCED_FACE('',(#144),#1843,.T.);
#1931=ADVANCED_FACE('',(#145),#1844,.T.);
#1932=ADVANCED_FACE('',(#146),#62,.F.);
#1933=ADVANCED_FACE('',(#147),#1845,.T.);
#1934=ADVANCED_FACE('',(#148),#63,.F.);
#1935=ADVANCED_FACE('',(#149),#1846,.F.);
#1936=ADVANCED_FACE('',(#150),#1847,.F.);
#1937=ADVANCED_FACE('',(#151),#64,.F.);
#1938=ADVANCED_FACE('',(#152),#65,.F.);
#1939=ADVANCED_FACE('',(#153),#1848,.F.);
#1940=ADVANCED_FACE('',(#154),#1849,.T.);
#1941=ADVANCED_FACE('',(#155),#66,.F.);
#1942=ADVANCED_FACE('',(#156,#20),#67,.T.);
#1943=ADVANCED_FACE('',(#157),#1850,.T.);
#1944=ADVANCED_FACE('',(#158),#68,.F.);
#1945=ADVANCED_FACE('',(#159),#1851,.T.);
#1946=ADVANCED_FACE('',(#160),#69,.F.);
#1947=ADVANCED_FACE('',(#161),#1852,.T.);
#1948=ADVANCED_FACE('',(#162),#1853,.T.);
#1949=ADVANCED_FACE('',(#163),#1854,.T.);
#1950=ADVANCED_FACE('',(#164,#21),#70,.F.);
#1951=ADVANCED_FACE('',(#165),#1855,.T.);
#1952=ADVANCED_FACE('',(#166),#71,.T.);
#1953=ADVANCED_FACE('',(#167,#22),#72,.F.);
#1954=ADVANCED_FACE('',(#168),#1856,.T.);
#1955=ADVANCED_FACE('',(#169),#1857,.T.);
#1956=ADVANCED_FACE('',(#170),#1858,.T.);
#1957=CLOSED_SHELL('',(#1859,#1860,#1861,#1862,#1863,#1864,#1865,#1866,
#1867,#1868,#1869,#1870,#1871,#1872,#1873,#1874,#1875,#1876,#1877,#1878,
#1879,#1880,#1881,#1882,#1883,#1884,#1885,#1886,#1887,#1888,#1889,#1890,
#1891,#1892,#1893,#1894,#1895,#1896,#1897,#1898,#1899,#1900,#1901,#1902,
#1903,#1904,#1905,#1906,#1907,#1908,#1909,#1910,#1911,#1912,#1913,#1914,
#1915,#1916,#1917,#1918,#1919,#1920,#1921,#1922,#1923,#1924,#1925,#1926,
#1927,#1928,#1929,#1930,#1931,#1932,#1933,#1934,#1935,#1936,#1937,#1938,
#1939,#1940,#1941,#1942,#1943,#1944,#1945,#1946,#1947,#1948,#1949,#1950,
#1951,#1952,#1953,#1954,#1955,#1956));
#1958=DERIVED_UNIT_ELEMENT(#1960,1.);
#1959=DERIVED_UNIT_ELEMENT(#3335,-3.);
#1960=(
MASS_UNIT()
NAMED_UNIT(*)
SI_UNIT(.KILO.,.GRAM.)
);
#1961=DERIVED_UNIT((#1958,#1959));
#1962=MEASURE_REPRESENTATION_ITEM('density measure',
POSITIVE_RATIO_MEASURE(2700.),#1961);
#1963=PROPERTY_DEFINITION_REPRESENTATION(#1968,#1965);
#1964=PROPERTY_DEFINITION_REPRESENTATION(#1969,#1966);
#1965=REPRESENTATION('material name',(#1967),#3332);
#1966=REPRESENTATION('density',(#1962),#3332);
#1967=DESCRIPTIVE_REPRESENTATION_ITEM('Aluminum 6061','Aluminum 6061');
#1968=PROPERTY_DEFINITION('material property','material name',#3342);
#1969=PROPERTY_DEFINITION('material property','density of part',#3342);
#1970=AXIS2_PLACEMENT_3D('',#2751,#2167,#2168);
#1971=AXIS2_PLACEMENT_3D('',#2752,#2169,#2170);
#1972=AXIS2_PLACEMENT_3D('',#2755,#2171,#2172);
#1973=AXIS2_PLACEMENT_3D('',#2759,#2174,#2175);
#1974=AXIS2_PLACEMENT_3D('',#2761,#2177,#2178);
#1975=AXIS2_PLACEMENT_3D('',#2767,#2182,#2183);
#1976=AXIS2_PLACEMENT_3D('',#2769,#2184,#2185);
#1977=AXIS2_PLACEMENT_3D('',#2771,#2186,#2187);
#1978=AXIS2_PLACEMENT_3D('',#2773,#2189,#2190);
#1979=AXIS2_PLACEMENT_3D('',#2779,#2193,#2194);
#1980=AXIS2_PLACEMENT_3D('',#2782,#2196,#2197);
#1981=AXIS2_PLACEMENT_3D('',#2783,#2198,#2199);
#1982=AXIS2_PLACEMENT_3D('',#2791,#2204,#2205);
#1983=AXIS2_PLACEMENT_3D('',#2794,#2207,#2208);
#1984=AXIS2_PLACEMENT_3D('',#2795,#2209,#2210);
#1985=AXIS2_PLACEMENT_3D('',#2799,#2213,#2214);
#1986=AXIS2_PLACEMENT_3D('',#2802,#2216,#2217);
#1987=AXIS2_PLACEMENT_3D('',#2803,#2218,#2219);
#1988=AXIS2_PLACEMENT_3D('',#2806,#2220,#2221);
#1989=AXIS2_PLACEMENT_3D('',#2810,#2223,#2224);
#1990=AXIS2_PLACEMENT_3D('',#2812,#2226,#2227);
#1991=AXIS2_PLACEMENT_3D('',#2818,#2231,#2232);
#1992=AXIS2_PLACEMENT_3D('',#2820,#2233,#2234);
#1993=AXIS2_PLACEMENT_3D('',#2823,#2236,#2237);
#1994=AXIS2_PLACEMENT_3D('',#2824,#2238,#2239);
#1995=AXIS2_PLACEMENT_3D('',#2828,#2241,#2242);
#1996=AXIS2_PLACEMENT_3D('',#2832,#2244,#2245);
#1997=AXIS2_PLACEMENT_3D('',#2834,#2247,#2248);
#1998=AXIS2_PLACEMENT_3D('',#2838,#2250,#2251);
#1999=AXIS2_PLACEMENT_3D('',#2842,#2253,#2254);
#2000=AXIS2_PLACEMENT_3D('',#2845,#2256,#2257);
#2001=AXIS2_PLACEMENT_3D('',#2846,#2258,#2259);
#2002=AXIS2_PLACEMENT_3D('',#2860,#2267,#2268);
#2003=AXIS2_PLACEMENT_3D('',#2863,#2269,#2270);
#2004=AXIS2_PLACEMENT_3D('',#2867,#2272,#2273);
#2005=AXIS2_PLACEMENT_3D('',#2869,#2275,#2276);
#2006=AXIS2_PLACEMENT_3D('',#2873,#2278,#2279);
#2007=AXIS2_PLACEMENT_3D('',#2875,#2280,#2281);
#2008=AXIS2_PLACEMENT_3D('',#2879,#2283,#2284);
#2009=AXIS2_PLACEMENT_3D('',#2881,#2285,#2286);
#2010=AXIS2_PLACEMENT_3D('',#2885,#2288,#2289);
#2011=AXIS2_PLACEMENT_3D('',#2889,#2291,#2292);
#2012=AXIS2_PLACEMENT_3D('',#2893,#2294,#2295);
#2013=AXIS2_PLACEMENT_3D('',#2896,#2297,#2298);
#2014=AXIS2_PLACEMENT_3D('',#2898,#2299,#2300);
#2015=AXIS2_PLACEMENT_3D('',#2902,#2302,#2303);
#2016=AXIS2_PLACEMENT_3D('',#2906,#2305,#2306);
#2017=AXIS2_PLACEMENT_3D('',#2910,#2308,#2309);
#2018=AXIS2_PLACEMENT_3D('',#2914,#2311,#2312);
#2019=AXIS2_PLACEMENT_3D('',#2918,#2314,#2315);
#2020=AXIS2_PLACEMENT_3D('',#2922,#2317,#2318);
#2021=AXIS2_PLACEMENT_3D('',#2924,#2320,#2321);
#2022=AXIS2_PLACEMENT_3D('',#2928,#2324,#2325);
#2023=AXIS2_PLACEMENT_3D('',#2930,#2326,#2327);
#2024=AXIS2_PLACEMENT_3D('',#2932,#2329,#2330);
#2025=AXIS2_PLACEMENT_3D('',#2936,#2332,#2333);
#2026=AXIS2_PLACEMENT_3D('',#2938,#2335,#2336);
#2027=AXIS2_PLACEMENT_3D('',#2942,#2339,#2340);
#2028=AXIS2_PLACEMENT_3D('',#2944,#2341,#2342);
#2029=AXIS2_PLACEMENT_3D('',#2946,#2344,#2345);
#2030=AXIS2_PLACEMENT_3D('',#2971,#2359,#2360);
#2031=AXIS2_PLACEMENT_3D('',#2976,#2362,#2363);
#2032=AXIS2_PLACEMENT_3D('',#2979,#2365,#2366);
#2033=AXIS2_PLACEMENT_3D('',#2982,#2368,#2369);
#2034=AXIS2_PLACEMENT_3D('',#2984,#2370,#2371);
#2035=AXIS2_PLACEMENT_3D('',#2985,#2372,#2373);
#2036=AXIS2_PLACEMENT_3D('',#2989,#2375,#2376);
#2037=AXIS2_PLACEMENT_3D('',#2991,#2377,#2378);
#2038=AXIS2_PLACEMENT_3D('',#2994,#2380,#2381);
#2039=AXIS2_PLACEMENT_3D('',#2996,#2382,#2383);
#2040=AXIS2_PLACEMENT_3D('',#2997,#2384,#2385);
#2041=AXIS2_PLACEMENT_3D('',#3003,#2389,#2390);
#2042=AXIS2_PLACEMENT_3D('',#3006,#2392,#2393);
#2043=AXIS2_PLACEMENT_3D('',#3007,#2394,#2395);
#2044=AXIS2_PLACEMENT_3D('',#3031,#2408,#2409);
#2045=AXIS2_PLACEMENT_3D('',#3037,#2413,#2414);
#2046=AXIS2_PLACEMENT_3D('',#3040,#2416,#2417);
#2047=AXIS2_PLACEMENT_3D('',#3041,#2418,#2419);
#2048=AXIS2_PLACEMENT_3D('',#3049,#2424,#2425);
#2049=AXIS2_PLACEMENT_3D('',#3052,#2427,#2428);
#2050=AXIS2_PLACEMENT_3D('',#3053,#2429,#2430);
#2051=AXIS2_PLACEMENT_3D('',#3057,#2432,#2433);
#2052=AXIS2_PLACEMENT_3D('',#3059,#2435,#2436);
#2053=AXIS2_PLACEMENT_3D('',#3063,#2439,#2440);
#2054=AXIS2_PLACEMENT_3D('',#3066,#2442,#2443);
#2055=AXIS2_PLACEMENT_3D('',#3067,#2444,#2445);
#2056=AXIS2_PLACEMENT_3D('',#3070,#2447,#2448);
#2057=AXIS2_PLACEMENT_3D('',#3073,#2450,#2451);
#2058=AXIS2_PLACEMENT_3D('',#3075,#2452,#2453);
#2059=AXIS2_PLACEMENT_3D('',#3076,#2454,#2455);
#2060=AXIS2_PLACEMENT_3D('',#3078,#2457,#2458);
#2061=AXIS2_PLACEMENT_3D('',#3079,#2459,#2460);
#2062=AXIS2_PLACEMENT_3D('',#3086,#2465,#2466);
#2063=AXIS2_PLACEMENT_3D('',#3089,#2468,#2469);
#2064=AXIS2_PLACEMENT_3D('',#3090,#2470,#2471);
#2065=AXIS2_PLACEMENT_3D('',#3093,#2473,#2474);
#2066=AXIS2_PLACEMENT_3D('',#3094,#2475,#2476);
#2067=AXIS2_PLACEMENT_3D('',#3096,#2477,#2478);
#2068=AXIS2_PLACEMENT_3D('',#3098,#2480,#2481);
#2069=AXIS2_PLACEMENT_3D('',#3102,#2484,#2485);
#2070=AXIS2_PLACEMENT_3D('',#3106,#2488,#2489);
#2071=AXIS2_PLACEMENT_3D('',#3107,#2490,#2491);
#2072=AXIS2_PLACEMENT_3D('',#3108,#2492,#2493);
#2073=AXIS2_PLACEMENT_3D('',#3110,#2494,#2495);
#2074=AXIS2_PLACEMENT_3D('',#3111,#2496,#2497);
#2075=AXIS2_PLACEMENT_3D('',#3112,#2498,#2499);
#2076=AXIS2_PLACEMENT_3D('',#3115,#2501,#2502);
#2077=AXIS2_PLACEMENT_3D('',#3116,#2503,#2504);
#2078=AXIS2_PLACEMENT_3D('',#3118,#2506,#2507);
#2079=AXIS2_PLACEMENT_3D('',#3121,#2509,#2510);
#2080=AXIS2_PLACEMENT_3D('',#3122,#2511,#2512);
#2081=AXIS2_PLACEMENT_3D('',#3125,#2513,#2514);
#2082=AXIS2_PLACEMENT_3D('',#3129,#2516,#2517);
#2083=AXIS2_PLACEMENT_3D('',#3131,#2519,#2520);
#2084=AXIS2_PLACEMENT_3D('',#3137,#2524,#2525);
#2085=AXIS2_PLACEMENT_3D('',#3139,#2526,#2527);
#2086=AXIS2_PLACEMENT_3D('',#3142,#2529,#2530);
#2087=AXIS2_PLACEMENT_3D('',#3143,#2531,#2532);
#2088=AXIS2_PLACEMENT_3D('',#3146,#2535,#2536);
#2089=AXIS2_PLACEMENT_3D('',#3149,#2537,#2538);
#2090=AXIS2_PLACEMENT_3D('',#3153,#2540,#2541);
#2091=AXIS2_PLACEMENT_3D('',#3155,#2543,#2544);
#2092=AXIS2_PLACEMENT_3D('',#3159,#2546,#2547);
#2093=AXIS2_PLACEMENT_3D('',#3163,#2549,#2550);
#2094=AXIS2_PLACEMENT_3D('',#3167,#2552,#2553);
#2095=AXIS2_PLACEMENT_3D('',#3172,#2556,#2557);
#2096=AXIS2_PLACEMENT_3D('',#3174,#2559,#2560);
#2097=AXIS2_PLACEMENT_3D('',#3176,#2561,#2562);
#2098=AXIS2_PLACEMENT_3D('',#3180,#2564,#2565);
#2099=AXIS2_PLACEMENT_3D('',#3184,#2567,#2568);
#2100=AXIS2_PLACEMENT_3D('',#3187,#2570,#2571);
#2101=AXIS2_PLACEMENT_3D('',#3189,#2572,#2573);
#2102=AXIS2_PLACEMENT_3D('',#3193,#2575,#2576);
#2103=AXIS2_PLACEMENT_3D('',#3196,#2578,#2579);
#2104=AXIS2_PLACEMENT_3D('',#3197,#2580,#2581);
#2105=AXIS2_PLACEMENT_3D('',#3201,#2584,#2585);
#2106=AXIS2_PLACEMENT_3D('',#3203,#2586,#2587);
#2107=AXIS2_PLACEMENT_3D('',#3205,#2589,#2590);
#2108=AXIS2_PLACEMENT_3D('',#3207,#2592,#2593);
#2109=AXIS2_PLACEMENT_3D('',#3215,#2598,#2599);
#2110=AXIS2_PLACEMENT_3D('',#3217,#2600,#2601);
#2111=AXIS2_PLACEMENT_3D('',#3220,#2603,#2604);
#2112=AXIS2_PLACEMENT_3D('',#3221,#2605,#2606);
#2113=AXIS2_PLACEMENT_3D('',#3223,#2607,#2608);
#2114=AXIS2_PLACEMENT_3D('',#3225,#2610,#2611);
#2115=AXIS2_PLACEMENT_3D('',#3229,#2614,#2615);
#2116=AXIS2_PLACEMENT_3D('',#3233,#2617,#2618);
#2117=AXIS2_PLACEMENT_3D('',#3236,#2620,#2621);
#2118=AXIS2_PLACEMENT_3D('',#3237,#2622,#2623);
#2119=AXIS2_PLACEMENT_3D('',#3239,#2625,#2626);
#2120=AXIS2_PLACEMENT_3D('',#3241,#2628,#2629);
#2121=AXIS2_PLACEMENT_3D('',#3243,#2631,#2632);
#2122=AXIS2_PLACEMENT_3D('',#3245,#2634,#2635);
#2123=AXIS2_PLACEMENT_3D('',#3247,#2637,#2638);
#2124=AXIS2_PLACEMENT_3D('',#3249,#2640,#2641);
#2125=AXIS2_PLACEMENT_3D('',#3251,#2642,#2643);
#2126=AXIS2_PLACEMENT_3D('',#3254,#2645,#2646);
#2127=AXIS2_PLACEMENT_3D('',#3258,#2648,#2649);
#2128=AXIS2_PLACEMENT_3D('',#3262,#2651,#2652);
#2129=AXIS2_PLACEMENT_3D('',#3265,#2654,#2655);
#2130=AXIS2_PLACEMENT_3D('',#3266,#2656,#2657);
#2131=AXIS2_PLACEMENT_3D('',#3269,#2659,#2660);
#2132=AXIS2_PLACEMENT_3D('',#3270,#2661,#2662);
#2133=AXIS2_PLACEMENT_3D('',#3274,#2665,#2666);
#2134=AXIS2_PLACEMENT_3D('',#3277,#2668,#2669);
#2135=AXIS2_PLACEMENT_3D('',#3278,#2670,#2671);
#2136=AXIS2_PLACEMENT_3D('',#3280,#2673,#2674);
#2137=AXIS2_PLACEMENT_3D('',#3282,#2676,#2677);
#2138=AXIS2_PLACEMENT_3D('',#3284,#2679,#2680);
#2139=AXIS2_PLACEMENT_3D('',#3286,#2682,#2683);
#2140=AXIS2_PLACEMENT_3D('',#3288,#2685,#2686);
#2141=AXIS2_PLACEMENT_3D('',#3290,#2688,#2689);
#2142=AXIS2_PLACEMENT_3D('',#3291,#2690,#2691);
#2143=AXIS2_PLACEMENT_3D('',#3293,#2693,#2694);
#2144=AXIS2_PLACEMENT_3D('',#3295,#2696,#2697);
#2145=AXIS2_PLACEMENT_3D('',#3297,#2698,#2699);
#2146=AXIS2_PLACEMENT_3D('',#3299,#2701,#2702);
#2147=AXIS2_PLACEMENT_3D('',#3303,#2705,#2706);
#2148=AXIS2_PLACEMENT_3D('',#3304,#2707,#2708);
#2149=AXIS2_PLACEMENT_3D('',#3305,#2709,#2710);
#2150=AXIS2_PLACEMENT_3D('',#3306,#2711,#2712);
#2151=AXIS2_PLACEMENT_3D('',#3308,#2714,#2715);
#2152=AXIS2_PLACEMENT_3D('',#3310,#2717,#2718);
#2153=AXIS2_PLACEMENT_3D('',#3312,#2720,#2721);
#2154=AXIS2_PLACEMENT_3D('',#3314,#2723,#2724);
#2155=AXIS2_PLACEMENT_3D('',#3315,#2725,#2726);
#2156=AXIS2_PLACEMENT_3D('',#3316,#2727,#2728);
#2157=AXIS2_PLACEMENT_3D('',#3318,#2729,#2730);
#2158=AXIS2_PLACEMENT_3D('',#3320,#2732,#2733);
#2159=AXIS2_PLACEMENT_3D('',#3321,#2734,#2735);
#2160=AXIS2_PLACEMENT_3D('',#3322,#2736,#2737);
#2161=AXIS2_PLACEMENT_3D('',#3323,#2738,#2739);
#2162=AXIS2_PLACEMENT_3D('',#3324,#2740,#2741);
#2163=AXIS2_PLACEMENT_3D('',#3326,#2743,#2744);
#2164=AXIS2_PLACEMENT_3D('',#3327,#2745,#2746);
#2165=AXIS2_PLACEMENT_3D('',#3328,#2747,#2748);
#2166=AXIS2_PLACEMENT_3D('',#3329,#2749,#2750);
#2167=DIRECTION('axis',(0.,0.,1.));
#2168=DIRECTION('refdir',(1.,0.,0.));
#2169=DIRECTION('center_axis',(0.,0.,-1.));
#2170=DIRECTION('ref_axis',(0.,-1.,0.));
#2171=DIRECTION('center_axis',(0.,0.,-1.));
#2172=DIRECTION('ref_axis',(0.,-1.,0.));
#2173=DIRECTION('',(0.,0.,1.));
#2174=DIRECTION('center_axis',(0.,0.,1.));
#2175=DIRECTION('ref_axis',(0.,-1.,0.));
#2176=DIRECTION('',(0.,0.,1.));
#2177=DIRECTION('center_axis',(-1.1686558153949E-15,-1.,0.));
#2178=DIRECTION('ref_axis',(1.,-1.1686558153949E-15,0.));
#2179=DIRECTION('',(-1.,1.1686558153949E-15,0.));
#2180=DIRECTION('',(1.,-1.1686558153949E-15,0.));
#2181=DIRECTION('',(0.,0.,1.));
#2182=DIRECTION('center_axis',(0.,0.,-1.));
#2183=DIRECTION('ref_axis',(-1.,0.,0.));
#2184=DIRECTION('center_axis',(0.,0.,-1.));
#2185=DIRECTION('ref_axis',(-1.,0.,0.));
#2186=DIRECTION('center_axis',(0.,0.,1.));
#2187=DIRECTION('ref_axis',(-1.,0.,0.));
#2188=DIRECTION('',(0.,0.,1.));
#2189=DIRECTION('center_axis',(0.,0.,1.));
#2190=DIRECTION('ref_axis',(-1.,0.,0.));
#2191=DIRECTION('',(0.,-1.,0.));
#2192=DIRECTION('',(0.,1.,0.));
#2193=DIRECTION('center_axis',(0.,0.,1.));
#2194=DIRECTION('ref_axis',(0.707106781186548,-0.707106781186548,0.));
#2195=DIRECTION('',(1.,0.,0.));
#2196=DIRECTION('center_axis',(0.,0.,1.));
#2197=DIRECTION('ref_axis',(0.,-1.,0.));
#2198=DIRECTION('center_axis',(-1.,0.,0.));
#2199=DIRECTION('ref_axis',(0.,1.,0.));
#2200=DIRECTION('',(0.,0.,-1.));
#2201=DIRECTION('',(0.,-1.,0.));
#2202=DIRECTION('',(0.,0.,1.));
#2203=DIRECTION('',(0.,1.,0.));
#2204=DIRECTION('center_axis',(0.,0.,-1.));
#2205=DIRECTION('ref_axis',(0.,-1.,0.));
#2206=DIRECTION('',(0.,0.,-1.));
#2207=DIRECTION('center_axis',(0.,0.,1.));
#2208=DIRECTION('ref_axis',(0.,-1.,0.));
#2209=DIRECTION('center_axis',(0.,-1.,0.));
#2210=DIRECTION('ref_axis',(-1.,0.,0.));
#2211=DIRECTION('',(0.,0.,-1.));
#2212=DIRECTION('',(1.,0.,0.));
#2213=DIRECTION('center_axis',(0.,0.,-1.));
#2214=DIRECTION('ref_axis',(0.707106781186548,-0.707106781186548,0.));
#2215=DIRECTION('',(0.,0.,1.));
#2216=DIRECTION('center_axis',(0.,0.,1.));
#2217=DIRECTION('ref_axis',(0.707106781186548,-0.707106781186548,0.));
#2218=DIRECTION('center_axis',(0.,0.,1.));
#2219=DIRECTION('ref_axis',(0.,1.,0.));
#2220=DIRECTION('center_axis',(0.,0.,-1.));
#2221=DIRECTION('ref_axis',(0.,1.,0.));
#2222=DIRECTION('',(0.,0.,1.));
#2223=DIRECTION('center_axis',(0.,0.,-1.));
#2224=DIRECTION('ref_axis',(0.,1.,0.));
#2225=DIRECTION('',(0.,0.,-1.));
#2226=DIRECTION('center_axis',(1.1686558153949E-15,-1.,0.));
#2227=DIRECTION('ref_axis',(1.,1.1686558153949E-15,0.));
#2228=DIRECTION('',(1.,1.1686558153949E-15,0.));
#2229=DIRECTION('',(0.,0.,1.));
#2230=DIRECTION('',(1.,1.1686558153949E-15,0.));
#2231=DIRECTION('center_axis',(0.,0.,1.));
#2232=DIRECTION('ref_axis',(-1.,0.,0.));
#2233=DIRECTION('center_axis',(0.,0.,-1.));
#2234=DIRECTION('ref_axis',(-1.,0.,0.));
#2235=DIRECTION('',(0.,0.,-1.));
#2236=DIRECTION('center_axis',(0.,0.,-1.));
#2237=DIRECTION('ref_axis',(-1.,0.,0.));
#2238=DIRECTION('center_axis',(0.,0.,-1.));
#2239=DIRECTION('ref_axis',(-1.,0.,0.));
#2240=DIRECTION('',(0.,-1.,0.));
#2241=DIRECTION('center_axis',(0.,0.,1.));
#2242=DIRECTION('ref_axis',(0.,1.,0.));
#2243=DIRECTION('',(-1.,0.,0.));
#2244=DIRECTION('center_axis',(0.,0.,1.));
#2245=DIRECTION('ref_axis',(0.707106781186545,0.70710678118655,0.));
#2246=DIRECTION('',(0.,1.,0.));
#2247=DIRECTION('center_axis',(0.,0.,-1.));
#2248=DIRECTION('ref_axis',(1.,0.,0.));
#2249=DIRECTION('',(8.88178419700125E-17,1.,0.));
#2250=DIRECTION('center_axis',(0.,0.,1.));
#2251=DIRECTION('ref_axis',(0.,-1.,0.));
#2252=DIRECTION('',(1.,8.88178419700125E-17,0.));
#2253=DIRECTION('center_axis',(0.,0.,1.));
#2254=DIRECTION('ref_axis',(-0.707106781186545,-0.70710678118655,0.));
#2255=DIRECTION('',(0.,-1.,0.));
#2256=DIRECTION('center_axis',(0.,0.,1.));
#2257=DIRECTION('ref_axis',(1.,0.,0.));
#2258=DIRECTION('center_axis',(1.,0.,0.));
#2259=DIRECTION('ref_axis',(0.,-1.,0.));
#2260=DIRECTION('',(0.,0.,-1.));
#2261=DIRECTION('',(0.,-1.,0.));
#2262=DIRECTION('',(0.,0.,-1.));
#2263=DIRECTION('',(0.,-1.,0.));
#2264=DIRECTION('',(0.,0.,1.));
#2265=DIRECTION('',(0.,-1.,0.));
#2266=DIRECTION('',(0.,0.,-1.));
#2267=DIRECTION('center_axis',(0.,0.,1.));
#2268=DIRECTION('ref_axis',(-0.707106781186548,0.707106781186548,0.));
#2269=DIRECTION('center_axis',(0.,0.,-1.));
#2270=DIRECTION('ref_axis',(-0.707106781186548,0.707106781186548,0.));
#2271=DIRECTION('',(0.,0.,-1.));
#2272=DIRECTION('center_axis',(0.,0.,-1.));
#2273=DIRECTION('ref_axis',(-0.707106781186548,0.707106781186548,0.));
#2274=DIRECTION('',(0.,0.,1.));
#2275=DIRECTION('center_axis',(0.,0.,1.));
#2276=DIRECTION('ref_axis',(1.,0.,0.));
#2277=DIRECTION('',(-1.58603289232165E-16,-1.,0.));
#2278=DIRECTION('center_axis',(0.,0.,-1.));
#2279=DIRECTION('ref_axis',(-0.894427190999915,-0.447213595499959,0.));
#2280=DIRECTION('center_axis',(0.,0.,-1.));
#2281=DIRECTION('ref_axis',(1.,0.,0.));
#2282=DIRECTION('',(0.,-1.,0.));
#2283=DIRECTION('center_axis',(0.,0.,-1.));
#2284=DIRECTION('ref_axis',(-2.96059473233376E-15,-1.,0.));
#2285=DIRECTION('center_axis',(0.,0.,-1.));
#2286=DIRECTION('ref_axis',(-0.894427190999913,0.447213595499963,0.));
#2287=DIRECTION('',(-1.58603289232165E-16,-1.,0.));
#2288=DIRECTION('center_axis',(0.,0.,-1.));
#2289=DIRECTION('ref_axis',(-0.70710678118655,-0.707106781186545,0.));
#2290=DIRECTION('',(-1.,8.88178419700125E-17,0.));
#2291=DIRECTION('center_axis',(0.,0.,-1.));
#2292=DIRECTION('ref_axis',(0.923879532511288,-0.382683432365088,0.));
#2293=DIRECTION('',(-0.707106781186557,0.707106781186538,0.));
#2294=DIRECTION('center_axis',(0.,0.,-1.));
#2295=DIRECTION('ref_axis',(0.707106781186538,0.707106781186557,0.));
#2296=DIRECTION('',(0.707106781186557,-0.707106781186538,0.));
#2297=DIRECTION('center_axis',(0.,0.,-1.));
#2298=DIRECTION('ref_axis',(0.382683432365108,-0.923879532511279,0.));
#2299=DIRECTION('center_axis',(0.,0.,-1.));
#2300=DIRECTION('ref_axis',(0.70710678118655,0.707106781186545,0.));
#2301=DIRECTION('',(-1.,0.,0.));
#2302=DIRECTION('center_axis',(0.,0.,-1.));
#2303=DIRECTION('ref_axis',(-1.,0.,0.));
#2304=DIRECTION('',(-1.20024110770287E-16,1.,0.));
#2305=DIRECTION('center_axis',(0.,0.,-1.));
#2306=DIRECTION('ref_axis',(0.,1.,0.));
#2307=DIRECTION('',(1.,2.61228946970625E-16,0.));
#2308=DIRECTION('center_axis',(0.,0.,-1.));
#2309=DIRECTION('ref_axis',(0.707106781186548,-0.707106781186548,0.));
#2310=DIRECTION('',(0.,-1.,0.));
#2311=DIRECTION('center_axis',(0.,0.,-1.));
#2312=DIRECTION('ref_axis',(0.3826834323651,0.923879532511283,0.));
#2313=DIRECTION('',(0.707106781186557,0.707106781186538,0.));
#2314=DIRECTION('center_axis',(0.,0.,1.));
#2315=DIRECTION('ref_axis',(0.707106781186538,-0.707106781186557,0.));
#2316=DIRECTION('',(-0.707106781186557,-0.707106781186538,0.));
#2317=DIRECTION('center_axis',(0.,0.,-1.));
#2318=DIRECTION('ref_axis',(0.923879532511296,0.382683432365068,0.));
#2319=DIRECTION('',(1.,0.,0.));
#2320=DIRECTION('center_axis',(1.,-1.58603289232165E-16,0.));
#2321=DIRECTION('ref_axis',(-1.58603289232165E-16,-1.,0.));
#2322=DIRECTION('',(-1.58603289232165E-16,-1.,0.));
#2323=DIRECTION('',(0.,0.,-1.));
#2324=DIRECTION('center_axis',(0.,0.,-1.));
#2325=DIRECTION('ref_axis',(-0.894427190999915,-0.447213595499959,0.));
#2326=DIRECTION('center_axis',(0.,0.,-1.));
#2327=DIRECTION('ref_axis',(-0.894427190999915,-0.447213595499959,0.));
#2328=DIRECTION('',(0.,0.,1.));
#2329=DIRECTION('center_axis',(0.,0.,1.));
#2330=DIRECTION('ref_axis',(-0.894427190999913,0.447213595499963,0.));
#2331=DIRECTION('',(0.,0.,-1.));
#2332=DIRECTION('center_axis',(0.,0.,-1.));
#2333=DIRECTION('ref_axis',(-0.894427190999913,0.447213595499963,0.));
#2334=DIRECTION('',(0.,0.,1.));
#2335=DIRECTION('center_axis',(1.,-1.58603289232165E-16,0.));
#2336=DIRECTION('ref_axis',(-1.58603289232165E-16,-1.,0.));
#2337=DIRECTION('',(-1.58603289232165E-16,-1.,0.));
#2338=DIRECTION('',(0.,0.,-1.));
#2339=DIRECTION('center_axis',(0.,0.,-1.));
#2340=DIRECTION('ref_axis',(-0.70710678118655,-0.707106781186545,0.));
#2341=DIRECTION('center_axis',(0.,0.,-1.));
#2342=DIRECTION('ref_axis',(-0.70710678118655,-0.707106781186545,0.));
#2343=DIRECTION('',(0.,0.,1.));
#2344=DIRECTION('center_axis',(-8.88178419700125E-17,-1.,0.));
#2345=DIRECTION('ref_axis',(-1.,8.88178419700125E-17,0.));
#2346=DIRECTION('',(-1.,8.88178419700125E-17,0.));
#2347=DIRECTION('',(0.,0.,-1.));
#2348=DIRECTION('',(1.,8.88178419700125E-17,0.));
#2349=DIRECTION('',(0.,0.,-1.));
#2350=DIRECTION('',(1.,-9.78170065749037E-17,0.));
#2351=DIRECTION('',(0.,0.,-1.));
#2352=DIRECTION('',(1.,-1.32169407693471E-16,0.));
#2353=DIRECTION('',(0.,0.,-1.));
#2354=DIRECTION('',(-1.,8.88178419700125E-17,0.));
#2355=DIRECTION('',(0.,0.,1.));
#2356=DIRECTION('',(0.,0.,-1.));
#2357=DIRECTION('',(-1.,8.88178419700125E-17,0.));
#2358=DIRECTION('',(0.,0.,-1.));
#2359=DIRECTION('center_axis',(0.,0.,1.));
#2360=DIRECTION('ref_axis',(1.,0.,0.));
#2361=DIRECTION('',(-8.88178419700125E-17,1.,0.));
#2362=DIRECTION('center_axis',(0.,0.,-1.));
#2363=DIRECTION('ref_axis',(-0.707106781186548,-0.707106781186548,0.));
#2364=DIRECTION('',(-1.,0.,0.));
#2365=DIRECTION('center_axis',(0.,0.,1.));
#2366=DIRECTION('ref_axis',(1.,0.,0.));
#2367=DIRECTION('',(1.,0.,0.));
#2368=DIRECTION('center_axis',(0.,0.,-1.));
#2369=DIRECTION('ref_axis',(0.,1.,0.));
#2370=DIRECTION('center_axis',(0.,0.,1.));
#2371=DIRECTION('ref_axis',(1.,0.,0.));
#2372=DIRECTION('center_axis',(0.,0.,1.));
#2373=DIRECTION('ref_axis',(1.,0.,0.));
#2374=DIRECTION('',(-8.88178419700125E-17,1.,0.));
#2375=DIRECTION('center_axis',(0.,0.,-1.));
#2376=DIRECTION('ref_axis',(-1.,1.48029736616688E-15,0.));
#2377=DIRECTION('center_axis',(0.,0.,1.));
#2378=DIRECTION('ref_axis',(-2.96059473233376E-15,-1.,0.));
#2379=DIRECTION('',(1.,0.,0.));
#2380=DIRECTION('center_axis',(0.,0.,-1.));
#2381=DIRECTION('ref_axis',(-0.70710678118655,0.707106781186545,0.));
#2382=DIRECTION('center_axis',(0.,0.,1.));
#2383=DIRECTION('ref_axis',(1.,0.,0.));
#2384=DIRECTION('center_axis',(-1.,-8.88178419700125E-17,0.));
#2385=DIRECTION('ref_axis',(-8.88178419700125E-17,1.,0.));
#2386=DIRECTION('',(0.,0.,-1.));
#2387=DIRECTION('',(-8.88178419700125E-17,1.,0.));
#2388=DIRECTION('',(0.,0.,1.));
#2389=DIRECTION('center_axis',(0.,0.,-1.));
#2390=DIRECTION('ref_axis',(0.,1.,0.));
#2391=DIRECTION('',(0.,0.,-1.));
#2392=DIRECTION('center_axis',(0.,0.,-1.));
#2393=DIRECTION('ref_axis',(-1.,1.48029736616688E-15,0.));
#2394=DIRECTION('center_axis',(0.,1.,0.));
#2395=DIRECTION('ref_axis',(1.,0.,0.));
#2396=DIRECTION('',(0.,0.,1.));
#2397=DIRECTION('',(-1.,0.,0.));
#2398=DIRECTION('',(0.,0.,-1.));
#2399=DIRECTION('',(1.,-8.88178419700125E-17,0.));
#2400=DIRECTION('',(0.,0.,-1.));
#2401=DIRECTION('',(1.,0.,0.));
#2402=DIRECTION('',(0.,0.,-1.));
#2403=DIRECTION('',(-1.,0.,0.));
#2404=DIRECTION('',(0.,0.,-1.));
#2405=DIRECTION('',(-1.,0.,0.));
#2406=DIRECTION('',(0.,0.,1.));
#2407=DIRECTION('',(1.,-8.88178419700125E-17,0.));
#2408=DIRECTION('center_axis',(-1.,-8.88178419700125E-17,0.));
#2409=DIRECTION('ref_axis',(-8.88178419700125E-17,1.,0.));
#2410=DIRECTION('',(0.,0.,1.));
#2411=DIRECTION('',(-8.88178419700125E-17,-1.,0.));
#2412=DIRECTION('',(0.,0.,-1.));
#2413=DIRECTION('center_axis',(0.,0.,-1.));
#2414=DIRECTION('ref_axis',(-0.70710678118655,0.707106781186545,0.));
#2415=DIRECTION('',(0.,0.,-1.));
#2416=DIRECTION('center_axis',(0.,0.,1.));
#2417=DIRECTION('ref_axis',(-0.70710678118655,0.707106781186545,0.));
#2418=DIRECTION('center_axis',(0.,-1.,0.));
#2419=DIRECTION('ref_axis',(-1.,0.,0.));
#2420=DIRECTION('',(0.,0.,-1.));
#2421=DIRECTION('',(-1.,1.26882631385732E-14,0.));
#2422=DIRECTION('',(0.,0.,-1.));
#2423=DIRECTION('',(-1.,0.,0.));
#2424=DIRECTION('center_axis',(0.,0.,-1.));
#2425=DIRECTION('ref_axis',(-2.96059473233376E-15,-1.,0.));
#2426=DIRECTION('',(0.,0.,-1.));
#2427=DIRECTION('center_axis',(0.,0.,-1.));
#2428=DIRECTION('ref_axis',(1.,0.,0.));
#2429=DIRECTION('center_axis',(0.,0.,-1.));
#2430=DIRECTION('ref_axis',(0.3826834323651,0.923879532511283,0.));
#2431=DIRECTION('',(0.,0.,-1.));
#2432=DIRECTION('center_axis',(0.,0.,-1.));
#2433=DIRECTION('ref_axis',(0.3826834323651,0.923879532511283,0.));
#2434=DIRECTION('',(0.,0.,1.));
#2435=DIRECTION('center_axis',(-0.707106781186538,0.707106781186557,0.));
#2436=DIRECTION('ref_axis',(0.707106781186557,0.707106781186538,0.));
#2437=DIRECTION('',(0.707106781186557,0.707106781186538,0.));
#2438=DIRECTION('',(0.,0.,-1.));
#2439=DIRECTION('center_axis',(0.,0.,1.));
#2440=DIRECTION('ref_axis',(0.923879532511296,0.382683432365068,0.));
#2441=DIRECTION('',(0.,0.,-1.));
#2442=DIRECTION('center_axis',(0.,0.,-1.));
#2443=DIRECTION('ref_axis',(0.923879532511296,0.382683432365068,0.));
#2444=DIRECTION('center_axis',(0.,0.,-1.));
#2445=DIRECTION('ref_axis',(1.,0.,0.));
#2446=DIRECTION('',(0.,1.,0.));
#2447=DIRECTION('center_axis',(0.,0.,1.));
#2448=DIRECTION('ref_axis',(1.,0.,0.));
#2449=DIRECTION('',(-0.707106781186557,-0.707106781186538,0.));
#2450=DIRECTION('center_axis',(0.,0.,1.));
#2451=DIRECTION('ref_axis',(0.707106781186538,-0.707106781186557,0.));
#2452=DIRECTION('center_axis',(0.,0.,-1.));
#2453=DIRECTION('ref_axis',(1.,0.,0.));
#2454=DIRECTION('center_axis',(0.707106781186538,-0.707106781186557,0.));
#2455=DIRECTION('ref_axis',(-0.707106781186557,-0.707106781186538,0.));
#2456=DIRECTION('',(0.,0.,-1.));
#2457=DIRECTION('center_axis',(0.,0.,1.));
#2458=DIRECTION('ref_axis',(-0.707106788637137,-0.707106773735958,0.));
#2459=DIRECTION('center_axis',(1.,0.,0.));
#2460=DIRECTION('ref_axis',(0.,-1.,0.));
#2461=DIRECTION('',(8.88178419700125E-17,-1.,0.));
#2462=DIRECTION('',(0.,0.,-1.));
#2463=DIRECTION('',(0.,0.,1.));
#2464=DIRECTION('',(0.,-1.,0.));
#2465=DIRECTION('center_axis',(0.,0.,-1.));
#2466=DIRECTION('ref_axis',(1.,0.,0.));
#2467=DIRECTION('',(0.,0.,-1.));
#2468=DIRECTION('center_axis',(0.,0.,1.));
#2469=DIRECTION('ref_axis',(1.,0.,0.));
#2470=DIRECTION('center_axis',(0.,0.,1.));
#2471=DIRECTION('ref_axis',(0.382683432365108,-0.923879532511279,0.));
#2472=DIRECTION('',(0.,0.,-1.));
#2473=DIRECTION('center_axis',(0.,0.,-1.));
#2474=DIRECTION('ref_axis',(0.382683432365108,-0.923879532511279,0.));
#2475=DIRECTION('center_axis',(0.,0.,1.));
#2476=DIRECTION('ref_axis',(0.923879532511288,-0.382683432365088,0.));
#2477=DIRECTION('center_axis',(0.,0.,-1.));
#2478=DIRECTION('ref_axis',(0.923879532511288,-0.382683432365088,0.));
#2479=DIRECTION('',(0.,0.,1.));
#2480=DIRECTION('center_axis',(-0.707106781186538,-0.707106781186557,0.));
#2481=DIRECTION('ref_axis',(-0.707106781186557,0.707106781186538,0.));
#2482=DIRECTION('',(-0.707106781186557,0.707106781186538,0.));
#2483=DIRECTION('',(0.,0.,-1.));
#2484=DIRECTION('center_axis',(0.707106781186538,0.707106781186557,0.));
#2485=DIRECTION('ref_axis',(0.707106781186557,-0.707106781186538,0.));
#2486=DIRECTION('',(0.,0.,-1.));
#2487=DIRECTION('',(0.707106781186557,-0.707106781186538,0.));
#2488=DIRECTION('center_axis',(0.,0.,1.));
#2489=DIRECTION('ref_axis',(1.,0.,0.));
#2490=DIRECTION('center_axis',(0.,0.,-1.));
#2491=DIRECTION('ref_axis',(0.707106781186538,0.707106781186557,0.));
#2492=DIRECTION('center_axis',(0.,0.,-1.));
#2493=DIRECTION('ref_axis',(2.96059473233375E-15,-1.,0.));
#2494=DIRECTION('center_axis',(0.,0.,1.));
#2495=DIRECTION('ref_axis',(1.,0.,0.));
#2496=DIRECTION('center_axis',(0.,0.,-1.));
#2497=DIRECTION('ref_axis',(-0.707106788637137,0.707106773735958,0.));
#2498=DIRECTION('center_axis',(0.,0.,-1.));
#2499=DIRECTION('ref_axis',(1.,0.,0.));
#2500=DIRECTION('',(0.,0.,-1.));
#2501=DIRECTION('center_axis',(0.,0.,1.));
#2502=DIRECTION('ref_axis',(1.,0.,0.));
#2503=DIRECTION('center_axis',(0.,0.,-1.));
#2504=DIRECTION('ref_axis',(1.,0.,0.));
#2505=DIRECTION('',(0.,0.,-1.));
#2506=DIRECTION('center_axis',(0.,0.,-1.));
#2507=DIRECTION('ref_axis',(1.,0.,0.));
#2508=DIRECTION('',(0.,0.,-1.));
#2509=DIRECTION('center_axis',(0.,0.,1.));
#2510=DIRECTION('ref_axis',(1.,0.,0.));
#2511=DIRECTION('center_axis',(0.,0.,-1.));
#2512=DIRECTION('ref_axis',(0.38268343236509,0.923879532511287,0.));
#2513=DIRECTION('center_axis',(0.,0.,-1.));
#2514=DIRECTION('ref_axis',(0.38268343236509,0.923879532511287,0.));
#2515=DIRECTION('',(0.,0.,-1.));
#2516=DIRECTION('center_axis',(0.,0.,-1.));
#2517=DIRECTION('ref_axis',(0.38268343236509,0.923879532511287,0.));
#2518=DIRECTION('',(0.,0.,1.));
#2519=DIRECTION('center_axis',(-3.04866129914718E-16,-1.,0.));
#2520=DIRECTION('ref_axis',(-1.,3.04866129914718E-16,0.));
#2521=DIRECTION('',(1.,-3.04866129914718E-16,0.));
#2522=DIRECTION('',(0.,0.,1.));
#2523=DIRECTION('',(1.,-3.04866129914718E-16,0.));
#2524=DIRECTION('center_axis',(0.,0.,1.));
#2525=DIRECTION('ref_axis',(-0.707106781186547,0.707106781186548,0.));
#2526=DIRECTION('center_axis',(0.,0.,-1.));
#2527=DIRECTION('ref_axis',(-0.707106781186547,0.707106781186548,0.));
#2528=DIRECTION('',(0.,0.,-1.));
#2529=DIRECTION('center_axis',(0.,0.,-1.));
#2530=DIRECTION('ref_axis',(-0.707106781186547,0.707106781186548,0.));
#2531=DIRECTION('center_axis',(1.,-1.18952466924124E-16,0.));
#2532=DIRECTION('ref_axis',(-1.18952466924124E-16,-1.,0.));
#2533=DIRECTION('',(1.18952466924124E-16,1.,0.));
#2534=DIRECTION('',(1.18952466924124E-16,1.,0.));
#2535=DIRECTION('center_axis',(0.,0.,1.));
#2536=DIRECTION('ref_axis',(0.38268343236509,-0.923879532511287,0.));
#2537=DIRECTION('center_axis',(0.,0.,-1.));
#2538=DIRECTION('ref_axis',(0.38268343236509,-0.923879532511287,0.));
#2539=DIRECTION('',(0.,0.,-1.));
#2540=DIRECTION('center_axis',(0.,0.,-1.));
#2541=DIRECTION('ref_axis',(0.38268343236509,-0.923879532511287,0.));
#2542=DIRECTION('',(0.,0.,1.));
#2543=DIRECTION('center_axis',(0.,0.,1.));
#2544=DIRECTION('ref_axis',(1.,0.,0.));
#2545=DIRECTION('',(0.707106781186548,-0.707106781186548,0.));
#2546=DIRECTION('center_axis',(0.,0.,1.));
#2547=DIRECTION('ref_axis',(7.85046229341888E-16,-1.,0.));
#2548=DIRECTION('',(0.707106781186547,0.707106781186548,0.));
#2549=DIRECTION('center_axis',(0.,0.,1.));
#2550=DIRECTION('ref_axis',(1.,1.57009245868377E-15,0.));
#2551=DIRECTION('',(-0.707106781186548,0.707106781186547,0.));
#2552=DIRECTION('center_axis',(0.,0.,1.));
#2553=DIRECTION('ref_axis',(-2.94392336003208E-16,1.,0.));
#2554=DIRECTION('',(-0.707106781186547,-0.707106781186548,0.));
#2555=DIRECTION('',(-1.,0.,0.));
#2556=DIRECTION('center_axis',(0.,0.,-1.));
#2557=DIRECTION('ref_axis',(-0.707106781186547,-0.707106781186547,0.));
#2558=DIRECTION('',(1.18952466924124E-16,1.,0.));
#2559=DIRECTION('center_axis',(0.,0.,1.));
#2560=DIRECTION('ref_axis',(-0.707106781186548,0.707106781186548,0.));
#2561=DIRECTION('center_axis',(0.,0.,1.));
#2562=DIRECTION('ref_axis',(0.707106781186548,-0.707106781186548,0.));
#2563=DIRECTION('',(-1.,-2.61228946970625E-16,0.));
#2564=DIRECTION('center_axis',(0.,0.,1.));
#2565=DIRECTION('ref_axis',(0.,1.,0.));
#2566=DIRECTION('',(1.20024110770287E-16,-1.,0.));
#2567=DIRECTION('center_axis',(0.,0.,1.));
#2568=DIRECTION('ref_axis',(-1.,0.,0.));
#2569=DIRECTION('',(1.,0.,0.));
#2570=DIRECTION('center_axis',(0.,0.,1.));
#2571=DIRECTION('ref_axis',(0.70710678118655,0.707106781186545,0.));
#2572=DIRECTION('center_axis',(0.,0.,1.));
#2573=DIRECTION('ref_axis',(0.707106781186545,0.70710678118655,0.));
#2574=DIRECTION('',(-1.,0.,0.));
#2575=DIRECTION('center_axis',(0.,0.,1.));
#2576=DIRECTION('ref_axis',(0.,1.,0.));
#2577=DIRECTION('',(0.,-1.,0.));
#2578=DIRECTION('center_axis',(0.,0.,1.));
#2579=DIRECTION('ref_axis',(-0.707106781186545,-0.70710678118655,0.));
#2580=DIRECTION('center_axis',(0.,1.,0.));
#2581=DIRECTION('ref_axis',(1.,0.,0.));
#2582=DIRECTION('',(-1.,0.,0.));
#2583=DIRECTION('',(0.,0.,-1.));
#2584=DIRECTION('center_axis',(0.,0.,-1.));
#2585=DIRECTION('ref_axis',(-0.707106781186547,-0.707106781186547,0.));
#2586=DIRECTION('center_axis',(0.,0.,-1.));
#2587=DIRECTION('ref_axis',(-0.707106781186547,-0.707106781186547,0.));
#2588=DIRECTION('',(0.,0.,1.));
#2589=DIRECTION('center_axis',(1.,-1.18952466924124E-16,0.));
#2590=DIRECTION('ref_axis',(-1.18952466924124E-16,-1.,0.));
#2591=DIRECTION('',(1.18952466924124E-16,1.,0.));
#2592=DIRECTION('center_axis',(-0.707106781186548,-0.707106781186548,0.));
#2593=DIRECTION('ref_axis',(-0.707106781186548,0.707106781186548,0.));
#2594=DIRECTION('',(-0.707106781186548,0.707106781186548,0.));
#2595=DIRECTION('',(0.,0.,1.));
#2596=DIRECTION('',(0.707106781186548,-0.707106781186548,0.));
#2597=DIRECTION('',(0.,0.,-1.));
#2598=DIRECTION('center_axis',(0.,0.,-1.));
#2599=DIRECTION('ref_axis',(-1.,0.,0.));
#2600=DIRECTION('center_axis',(0.,0.,-1.));
#2601=DIRECTION('ref_axis',(-1.,0.,0.));
#2602=DIRECTION('',(0.,0.,-1.));
#2603=DIRECTION('center_axis',(0.,0.,1.));
#2604=DIRECTION('ref_axis',(-1.,0.,0.));
#2605=DIRECTION('center_axis',(0.,0.,-1.));
#2606=DIRECTION('ref_axis',(7.85046229341888E-16,-1.,0.));
#2607=DIRECTION('center_axis',(0.,0.,1.));
#2608=DIRECTION('ref_axis',(7.85046229341888E-16,-1.,0.));
#2609=DIRECTION('',(0.,0.,1.));
#2610=DIRECTION('center_axis',(0.707106781186548,-0.707106781186547,0.));
#2611=DIRECTION('ref_axis',(-0.707106781186547,-0.707106781186548,0.));
#2612=DIRECTION('',(0.707106781186547,0.707106781186548,0.));
#2613=DIRECTION('',(0.,0.,-1.));
#2614=DIRECTION('center_axis',(0.,0.,1.));
#2615=DIRECTION('ref_axis',(1.,0.,0.));
#2616=DIRECTION('',(-0.707106781186547,-0.707106781186548,0.));
#2617=DIRECTION('center_axis',(0.,0.,1.));
#2618=DIRECTION('ref_axis',(-2.94392336003208E-16,1.,0.));
#2619=DIRECTION('',(-0.707106781186548,0.707106781186547,0.));
#2620=DIRECTION('center_axis',(0.,0.,1.));
#2621=DIRECTION('ref_axis',(1.,1.57009245868377E-15,0.));
#2622=DIRECTION('center_axis',(0.,0.,-1.));
#2623=DIRECTION('ref_axis',(1.,1.57009245868377E-15,0.));
#2624=DIRECTION('',(0.,0.,1.));
#2625=DIRECTION('center_axis',(0.707106781186547,0.707106781186548,0.));
#2626=DIRECTION('ref_axis',(0.707106781186548,-0.707106781186547,0.));
#2627=DIRECTION('',(0.,0.,-1.));
#2628=DIRECTION('center_axis',(0.,0.,-1.));
#2629=DIRECTION('ref_axis',(-2.94392336003208E-16,1.,0.));
#2630=DIRECTION('',(0.,0.,1.));
#2631=DIRECTION('center_axis',(-0.707106781186548,0.707106781186547,0.));
#2632=DIRECTION('ref_axis',(0.707106781186547,0.707106781186548,0.));
#2633=DIRECTION('',(0.707106781186547,0.707106781186548,0.));
#2634=DIRECTION('center_axis',(0.,0.,1.));
#2635=DIRECTION('ref_axis',(1.,0.,0.));
#2636=DIRECTION('',(0.,-1.,0.));
#2637=DIRECTION('center_axis',(1.,0.,0.));
#2638=DIRECTION('ref_axis',(0.,-1.,0.));
#2639=DIRECTION('',(0.,1.,0.));
#2640=DIRECTION('center_axis',(0.,0.,1.));
#2641=DIRECTION('ref_axis',(1.,0.,0.));
#2642=DIRECTION('center_axis',(0.,0.,-1.));
#2643=DIRECTION('ref_axis',(0.70710678118655,-0.707106781186545,0.));
#2644=DIRECTION('',(0.,-1.,0.));
#2645=DIRECTION('center_axis',(0.,0.,-1.));
#2646=DIRECTION('ref_axis',(1.,0.,0.));
#2647=DIRECTION('',(1.11022302462515E-16,-1.,0.));
#2648=DIRECTION('center_axis',(0.,0.,-1.));
#2649=DIRECTION('ref_axis',(2.96059473233377E-15,1.,0.));
#2650=DIRECTION('',(1.,0.,0.));
#2651=DIRECTION('center_axis',(0.,0.,-1.));
#2652=DIRECTION('ref_axis',(1.,0.,0.));
#2653=DIRECTION('',(0.,-1.,0.));
#2654=DIRECTION('center_axis',(0.,0.,-1.));
#2655=DIRECTION('ref_axis',(0.707106781186548,0.707106781186548,0.));
#2656=DIRECTION('center_axis',(0.,0.,-1.));
#2657=DIRECTION('ref_axis',(0.707106781186548,0.707106781186548,0.));
#2658=DIRECTION('',(0.,0.,-1.));
#2659=DIRECTION('center_axis',(0.,0.,1.));
#2660=DIRECTION('ref_axis',(0.707106781186548,0.707106781186548,0.));
#2661=DIRECTION('center_axis',(1.,0.,0.));
#2662=DIRECTION('ref_axis',(0.,-1.,0.));
#2663=DIRECTION('',(0.,0.,-1.));
#2664=DIRECTION('',(0.,-1.,0.));
#2665=DIRECTION('center_axis',(0.,0.,-1.));
#2666=DIRECTION('ref_axis',(1.,0.,0.));
#2667=DIRECTION('',(0.,0.,-1.));
#2668=DIRECTION('center_axis',(0.,0.,-1.));
#2669=DIRECTION('ref_axis',(1.,0.,0.));
#2670=DIRECTION('center_axis',(0.,0.,-1.));
#2671=DIRECTION('ref_axis',(0.707106781186548,-0.707106781186548,0.));
#2672=DIRECTION('',(0.,0.,-1.));
#2673=DIRECTION('center_axis',(-2.61228946970625E-16,1.,0.));
#2674=DIRECTION('ref_axis',(1.,2.61228946970625E-16,0.));
#2675=DIRECTION('',(0.,0.,-1.));
#2676=DIRECTION('center_axis',(0.,0.,1.));
#2677=DIRECTION('ref_axis',(0.70710678118655,0.707106781186545,0.));
#2678=DIRECTION('',(0.,0.,1.));
#2679=DIRECTION('center_axis',(0.,-1.,0.));
#2680=DIRECTION('ref_axis',(-1.,0.,0.));
#2681=DIRECTION('',(0.,0.,-1.));
#2682=DIRECTION('center_axis',(0.,0.,-1.));
#2683=DIRECTION('ref_axis',(-1.,0.,0.));
#2684=DIRECTION('',(0.,0.,-1.));
#2685=DIRECTION('center_axis',(0.,0.,-1.));
#2686=DIRECTION('ref_axis',(0.,1.,0.));
#2687=DIRECTION('',(0.,0.,-1.));
#2688=DIRECTION('center_axis',(-1.,-1.20024110770287E-16,0.));
#2689=DIRECTION('ref_axis',(-1.20024110770287E-16,1.,0.));
#2690=DIRECTION('center_axis',(1.,0.,0.));
#2691=DIRECTION('ref_axis',(0.,-1.,0.));
#2692=DIRECTION('',(0.,0.,-1.));
#2693=DIRECTION('center_axis',(0.,0.,-1.));
#2694=DIRECTION('ref_axis',(1.,0.,0.));
#2695=DIRECTION('',(0.,0.,-1.));
#2696=DIRECTION('center_axis',(0.,0.,-1.));
#2697=DIRECTION('ref_axis',(0.70710678118655,-0.707106781186545,0.));
#2698=DIRECTION('center_axis',(0.,0.,1.));
#2699=DIRECTION('ref_axis',(0.70710678118655,-0.707106781186545,0.));
#2700=DIRECTION('',(0.,0.,1.));
#2701=DIRECTION('center_axis',(-1.,0.,0.));
#2702=DIRECTION('ref_axis',(0.,1.,0.));
#2703=DIRECTION('',(0.,1.,0.));
#2704=DIRECTION('',(0.,0.,-1.));
#2705=DIRECTION('center_axis',(0.,0.,-1.));
#2706=DIRECTION('ref_axis',(1.,0.,0.));
#2707=DIRECTION('center_axis',(0.,0.,1.));
#2708=DIRECTION('ref_axis',(-1.,-1.48029736616688E-15,0.));
#2709=DIRECTION('center_axis',(0.,0.,1.));
#2710=DIRECTION('ref_axis',(1.,0.,0.));
#2711=DIRECTION('center_axis',(0.,0.,-1.));
#2712=DIRECTION('ref_axis',(0.707106781186545,0.70710678118655,0.));
#2713=DIRECTION('',(0.,0.,1.));
#2714=DIRECTION('center_axis',(0.,-1.,0.));
#2715=DIRECTION('ref_axis',(-1.,0.,0.));
#2716=DIRECTION('',(0.,0.,-1.));
#2717=DIRECTION('center_axis',(0.,0.,-1.));
#2718=DIRECTION('ref_axis',(-0.707106781186545,-0.70710678118655,0.));
#2719=DIRECTION('',(0.,0.,-1.));
#2720=DIRECTION('center_axis',(1.,0.,0.));
#2721=DIRECTION('ref_axis',(0.,-1.,0.));
#2722=DIRECTION('',(0.,0.,-1.));
#2723=DIRECTION('center_axis',(0.,0.,1.));
#2724=DIRECTION('ref_axis',(1.,0.,0.));
#2725=DIRECTION('center_axis',(0.,0.,1.));
#2726=DIRECTION('ref_axis',(0.,1.,0.));
#2727=DIRECTION('center_axis',(0.,0.,-1.));
#2728=DIRECTION('ref_axis',(-0.707106781186548,-0.707106781186548,0.));
#2729=DIRECTION('center_axis',(0.,0.,1.));
#2730=DIRECTION('ref_axis',(-0.707106781186548,-0.707106781186548,0.));
#2731=DIRECTION('',(0.,0.,1.));
#2732=DIRECTION('center_axis',(0.,0.,1.));
#2733=DIRECTION('ref_axis',(1.,0.,0.));
#2734=DIRECTION('center_axis',(0.,0.,1.));
#2735=DIRECTION('ref_axis',(-0.707106781186548,0.707106781186548,0.));
#2736=DIRECTION('center_axis',(0.,0.,-1.));
#2737=DIRECTION('ref_axis',(0.,1.,0.));
#2738=DIRECTION('center_axis',(0.,0.,-1.));
#2739=DIRECTION('ref_axis',(-0.707106781186548,0.707106781186548,0.));
#2740=DIRECTION('center_axis',(0.,-1.,0.));
#2741=DIRECTION('ref_axis',(-1.,0.,0.));
#2742=DIRECTION('',(-1.,0.,0.));
#2743=DIRECTION('center_axis',(0.,0.,1.));
#2744=DIRECTION('ref_axis',(1.,0.,0.));
#2745=DIRECTION('center_axis',(0.,0.,-1.));
#2746=DIRECTION('ref_axis',(1.,0.,0.));
#2747=DIRECTION('center_axis',(0.,0.,-1.));
#2748=DIRECTION('ref_axis',(-1.,1.48029736616688E-15,0.));
#2749=DIRECTION('center_axis',(0.,0.,-1.));
#2750=DIRECTION('ref_axis',(2.96059473233375E-15,-1.,0.));
#2751=CARTESIAN_POINT('',(0.,0.,0.));
#2752=CARTESIAN_POINT('Origin',(26.5,23.4,1.548));
#2753=CARTESIAN_POINT('',(28.,23.4,1.548));
#2754=CARTESIAN_POINT('',(26.5,21.9,1.548));
#2755=CARTESIAN_POINT('Origin',(26.5,23.4,1.548));
#2756=CARTESIAN_POINT('',(28.,23.4,3.348));
#2757=CARTESIAN_POINT('',(28.,23.4,1.548));
#2758=CARTESIAN_POINT('',(26.5,21.9,3.348));
#2759=CARTESIAN_POINT('Origin',(26.5,23.4,3.348));
#2760=CARTESIAN_POINT('',(26.5,21.9,1.548));
#2761=CARTESIAN_POINT('Origin',(22.7,21.9,1.548));
#2762=CARTESIAN_POINT('',(22.7,21.9,1.548));
#2763=CARTESIAN_POINT('',(11.35,21.9,1.548));
#2764=CARTESIAN_POINT('',(22.7,21.9,3.348));
#2765=CARTESIAN_POINT('',(22.7,21.9,3.348));
#2766=CARTESIAN_POINT('',(22.7,21.9,1.548));
#2767=CARTESIAN_POINT('Origin',(22.7,23.4,1.548));
#2768=CARTESIAN_POINT('',(21.2,23.4,1.548));
#2769=CARTESIAN_POINT('Origin',(22.7,23.4,1.548));
#2770=CARTESIAN_POINT('',(21.2,23.4,3.348));
#2771=CARTESIAN_POINT('Origin',(22.7,23.4,3.348));
#2772=CARTESIAN_POINT('',(21.2,23.4,1.548));
#2773=CARTESIAN_POINT('Origin',(24.6,22.15,3.348));
#2774=CARTESIAN_POINT('',(21.2,22.4,3.348));
#2775=CARTESIAN_POINT('',(21.2,22.275,3.348));
#2776=CARTESIAN_POINT('',(28.,22.4,3.348));
#2777=CARTESIAN_POINT('',(28.,23.575,3.348));
#2778=CARTESIAN_POINT('',(26.5,20.9,3.348));
#2779=CARTESIAN_POINT('Origin',(26.5,22.4,3.348));
#2780=CARTESIAN_POINT('',(22.7,20.9,3.348));
#2781=CARTESIAN_POINT('',(26.3,20.9,3.348));
#2782=CARTESIAN_POINT('Origin',(22.7,22.4,3.348));
#2783=CARTESIAN_POINT('Origin',(21.2,22.4,6.348));
#2784=CARTESIAN_POINT('',(21.2,22.4,6.348));
#2785=CARTESIAN_POINT('',(21.2,22.4,6.348));
#2786=CARTESIAN_POINT('',(21.2,26.5,6.348));
#2787=CARTESIAN_POINT('',(21.2,11.2,6.348));
#2788=CARTESIAN_POINT('',(21.2,26.5,1.548));
#2789=CARTESIAN_POINT('',(21.2,26.5,7.198));
#2790=CARTESIAN_POINT('',(21.2,23.425,1.548));
#2791=CARTESIAN_POINT('Origin',(22.7,22.4,6.348));
#2792=CARTESIAN_POINT('',(22.7,20.9,6.348));
#2793=CARTESIAN_POINT('',(22.7,20.9,6.348));
#2794=CARTESIAN_POINT('Origin',(22.7,22.4,6.348));
#2795=CARTESIAN_POINT('Origin',(28.,20.9,6.348));
#2796=CARTESIAN_POINT('',(26.5,20.9,6.348));
#2797=CARTESIAN_POINT('',(26.5,20.9,7.198));
#2798=CARTESIAN_POINT('',(14.,20.9,6.348));
#2799=CARTESIAN_POINT('Origin',(26.5,22.4,7.198));
#2800=CARTESIAN_POINT('',(28.,22.4,6.348));
#2801=CARTESIAN_POINT('',(28.,22.4,7.198));
#2802=CARTESIAN_POINT('Origin',(26.5,22.4,6.348));
#2803=CARTESIAN_POINT('Origin',(26.5,-23.4,1.548));
#2804=CARTESIAN_POINT('',(26.5,-21.9,1.548));
#2805=CARTESIAN_POINT('',(28.,-23.4,1.548));
#2806=CARTESIAN_POINT('Origin',(26.5,-23.4,1.548));
#2807=CARTESIAN_POINT('',(26.5,-21.9,3.348));
#2808=CARTESIAN_POINT('',(26.5,-21.9,1.548));
#2809=CARTESIAN_POINT('',(28.,-23.4,3.348));
#2810=CARTESIAN_POINT('Origin',(26.5,-23.4,3.348));
#2811=CARTESIAN_POINT('',(28.,-23.4,1.548));
#2812=CARTESIAN_POINT('Origin',(22.7,-21.9,1.548));
#2813=CARTESIAN_POINT('',(22.7,-21.9,1.548));
#2814=CARTESIAN_POINT('',(11.35,-21.9,1.548));
#2815=CARTESIAN_POINT('',(22.7,-21.9,3.348));
#2816=CARTESIAN_POINT('',(22.7,-21.9,1.548));
#2817=CARTESIAN_POINT('',(22.7,-21.9,3.348));
#2818=CARTESIAN_POINT('Origin',(22.7,-23.4,1.548));
#2819=CARTESIAN_POINT('',(21.2,-23.4,1.548));
#2820=CARTESIAN_POINT('Origin',(22.7,-23.4,1.548));
#2821=CARTESIAN_POINT('',(21.2,-23.4,3.348));
#2822=CARTESIAN_POINT('',(21.2,-23.4,1.548));
#2823=CARTESIAN_POINT('Origin',(22.7,-23.4,3.348));
#2824=CARTESIAN_POINT('Origin',(24.6,-22.15,3.348));
#2825=CARTESIAN_POINT('',(21.2,-22.4,3.348));
#2826=CARTESIAN_POINT('',(21.2,-22.275,3.348));
#2827=CARTESIAN_POINT('',(22.7,-20.9,3.348));
#2828=CARTESIAN_POINT('Origin',(22.7,-22.4,3.348));
#2829=CARTESIAN_POINT('',(26.5,-20.9,3.348));
#2830=CARTESIAN_POINT('',(26.3,-20.9,3.348));
#2831=CARTESIAN_POINT('',(28.,-22.4,3.348));
#2832=CARTESIAN_POINT('Origin',(26.5,-22.4,3.348));
#2833=CARTESIAN_POINT('',(28.,1.425,3.348));
#2834=CARTESIAN_POINT('Origin',(4.44089209850063E-15,-24.45,1.548));
#2835=CARTESIAN_POINT('',(28.,-25.,1.548));
#2836=CARTESIAN_POINT('',(28.,-24.725,1.548));
#2837=CARTESIAN_POINT('',(25.,-28.,1.548));
#2838=CARTESIAN_POINT('Origin',(25.,-25.,1.548));
#2839=CARTESIAN_POINT('',(22.7,-28.,1.548));
#2840=CARTESIAN_POINT('',(10.6,-28.,1.548));
#2841=CARTESIAN_POINT('',(21.2,-26.5,1.548));
#2842=CARTESIAN_POINT('Origin',(22.7,-26.5,1.548));
#2843=CARTESIAN_POINT('',(21.2,-23.425,1.548));
#2844=CARTESIAN_POINT('',(23.4,-25.,1.548));
#2845=CARTESIAN_POINT('Origin',(25.,-25.,1.548));
#2846=CARTESIAN_POINT('Origin',(28.,25.,8.048));
#2847=CARTESIAN_POINT('',(28.,-22.4,6.348));
#2848=CARTESIAN_POINT('',(28.,-22.4,7.198));
#2849=CARTESIAN_POINT('',(28.,-21.5,6.348));
#2850=CARTESIAN_POINT('',(28.,25.,6.348));
#2851=CARTESIAN_POINT('',(28.,-21.5,8.048));
#2852=CARTESIAN_POINT('',(28.,-21.5,8.048));
#2853=CARTESIAN_POINT('',(28.,-22.7623845660501,8.048));
#2854=CARTESIAN_POINT('',(28.,25.,8.048));
#2855=CARTESIAN_POINT('',(28.,-22.7623845660501,4.548));
#2856=CARTESIAN_POINT('',(28.,-22.7623845660501,8.048));
#2857=CARTESIAN_POINT('',(28.,-25.,4.548));
#2858=CARTESIAN_POINT('',(28.,12.5,4.548));
#2859=CARTESIAN_POINT('',(28.,-25.,8.048));
#2860=CARTESIAN_POINT('Origin',(-20.2,26.5,8.048));
#2861=CARTESIAN_POINT('',(-21.7,26.5,8.048));
#2862=CARTESIAN_POINT('',(-20.2,28.,8.048));
#2863=CARTESIAN_POINT('Origin',(-20.2,26.5,8.048));
#2864=CARTESIAN_POINT('',(-20.2,28.,4.548));
#2865=CARTESIAN_POINT('',(-20.2,28.,8.048));
#2866=CARTESIAN_POINT('',(-21.7,26.5,4.548));
#2867=CARTESIAN_POINT('Origin',(-20.2,26.5,4.548));
#2868=CARTESIAN_POINT('',(-21.7,26.5,8.048));
#2869=CARTESIAN_POINT('Origin',(8.88178419700125E-15,-4.44089209850063E-15,
8.048));
#2870=CARTESIAN_POINT('',(-21.7,22.4,8.048));
#2871=CARTESIAN_POINT('',(-21.7,14.,8.048));
#2872=CARTESIAN_POINT('',(-21.1,21.2,8.048));
#2873=CARTESIAN_POINT('Origin',(-20.2,22.4,8.048));
#2874=CARTESIAN_POINT('',(-20.5,20.,8.048));
#2875=CARTESIAN_POINT('Origin',(-22.,20.,8.048));
#2876=CARTESIAN_POINT('',(-20.5,-20.,8.048));
#2877=CARTESIAN_POINT('',(-20.5,10.,8.048));
#2878=CARTESIAN_POINT('',(-21.1,-21.2,8.048));
#2879=CARTESIAN_POINT('Origin',(-22.,-20.,8.048));
#2880=CARTESIAN_POINT('',(-21.7,-22.4,8.048));
#2881=CARTESIAN_POINT('Origin',(-20.2,-22.4,8.048));
#2882=CARTESIAN_POINT('',(-21.7,-26.5,8.048));
#2883=CARTESIAN_POINT('',(-21.7,-10.734846922835,8.048));
#2884=CARTESIAN_POINT('',(-20.2,-28.,8.048));
#2885=CARTESIAN_POINT('Origin',(-20.2,-26.5,8.048));
#2886=CARTESIAN_POINT('',(22.7623845660501,-28.,8.048));
#2887=CARTESIAN_POINT('',(25.,-28.,8.048));
#2888=CARTESIAN_POINT('',(23.1159379566434,-27.1464466094067,8.048));
#2889=CARTESIAN_POINT('Origin',(22.7623845660501,-27.5,8.048));
#2890=CARTESIAN_POINT('',(22.9847457160866,-27.01525436885,8.048));
#2891=CARTESIAN_POINT('',(10.9771185104273,-15.007627163191,8.048));
#2892=CARTESIAN_POINT('',(27.0152543263817,-22.9847456736183,8.048));
#2893=CARTESIAN_POINT('Origin',(25.,-25.,8.048));
#2894=CARTESIAN_POINT('',(27.1464466094067,-23.1159379566433,8.048));
#2895=CARTESIAN_POINT('',(14.5152543263815,-10.4847456736185,8.048));
#2896=CARTESIAN_POINT('Origin',(27.5,-22.7623845660501,8.048));
#2897=CARTESIAN_POINT('',(26.5,-20.,8.048));
#2898=CARTESIAN_POINT('Origin',(26.5,-21.5,8.048));
#2899=CARTESIAN_POINT('',(19.5,-20.,8.048));
#2900=CARTESIAN_POINT('',(14.,-20.,8.048));
#2901=CARTESIAN_POINT('',(18.,-18.5,8.048));
#2902=CARTESIAN_POINT('Origin',(19.5,-18.5,8.048));
#2903=CARTESIAN_POINT('',(18.,18.5,8.048));
#2904=CARTESIAN_POINT('',(18.,-9.25,8.048));
#2905=CARTESIAN_POINT('',(19.5,20.,8.048));
#2906=CARTESIAN_POINT('Origin',(19.5,18.5,8.048));
#2907=CARTESIAN_POINT('',(26.5,20.,8.048));
#2908=CARTESIAN_POINT('',(9.75000000000001,20.,8.048));
#2909=CARTESIAN_POINT('',(28.,21.5,8.048));
#2910=CARTESIAN_POINT('Origin',(26.5,21.5,8.048));
#2911=CARTESIAN_POINT('',(28.,22.7623845660501,8.048));
#2912=CARTESIAN_POINT('',(28.,25.,8.048));
#2913=CARTESIAN_POINT('',(27.1464466094067,23.1159379566434,8.048));
#2914=CARTESIAN_POINT('Origin',(27.5,22.7623845660501,8.048));
#2915=CARTESIAN_POINT('',(27.0152543263817,22.9847456736183,8.048));
#2916=CARTESIAN_POINT('',(14.5152543263815,10.4847456736185,8.048));
#2917=CARTESIAN_POINT('',(22.9847457160866,27.01525436885,8.048));
#2918=CARTESIAN_POINT('Origin',(25.,25.,8.048));
#2919=CARTESIAN_POINT('',(23.1159379566434,27.1464466094067,8.048));
#2920=CARTESIAN_POINT('',(10.9771185104273,15.007627163191,8.048));
#2921=CARTESIAN_POINT('',(22.7623845660501,28.,8.048));
#2922=CARTESIAN_POINT('Origin',(22.7623845660501,27.5,8.048));
#2923=CARTESIAN_POINT('',(-25.,28.,8.048));
#2924=CARTESIAN_POINT('Origin',(-21.7,28.,8.048));
#2925=CARTESIAN_POINT('',(-21.7,22.4,4.548));
#2926=CARTESIAN_POINT('',(-21.7,14.,4.548));
#2927=CARTESIAN_POINT('',(-21.7,22.4,8.048));
#2928=CARTESIAN_POINT('Origin',(-20.2,22.4,8.048));
#2929=CARTESIAN_POINT('',(-21.1,21.2,4.548));
#2930=CARTESIAN_POINT('Origin',(-20.2,22.4,4.548));
#2931=CARTESIAN_POINT('',(-21.1,21.2,8.048));
#2932=CARTESIAN_POINT('Origin',(-20.2,-22.4,8.048));
#2933=CARTESIAN_POINT('',(-21.1,-21.2,4.548));
#2934=CARTESIAN_POINT('',(-21.1,-21.2,8.048));
#2935=CARTESIAN_POINT('',(-21.7,-22.4,4.548));
#2936=CARTESIAN_POINT('Origin',(-20.2,-22.4,4.548));
#2937=CARTESIAN_POINT('',(-21.7,-22.4,8.048));
#2938=CARTESIAN_POINT('Origin',(-21.7,-21.4696938456699,8.048));
#2939=CARTESIAN_POINT('',(-21.7,-26.5,4.548));
#2940=CARTESIAN_POINT('',(-21.7,-10.734846922835,4.548));
#2941=CARTESIAN_POINT('',(-21.7,-26.5,8.048));
#2942=CARTESIAN_POINT('Origin',(-20.2,-26.5,8.048));
#2943=CARTESIAN_POINT('',(-20.2,-28.,4.548));
#2944=CARTESIAN_POINT('Origin',(-20.2,-26.5,4.548));
#2945=CARTESIAN_POINT('',(-20.2,-28.,8.048));
#2946=CARTESIAN_POINT('Origin',(25.,-28.,8.048));
#2947=CARTESIAN_POINT('',(-25.,-28.,4.548));
#2948=CARTESIAN_POINT('',(0.0750000000000016,-28.,4.548));
#2949=CARTESIAN_POINT('',(-25.,-28.,1.548));
#2950=CARTESIAN_POINT('',(-25.,-28.,8.048));
#2951=CARTESIAN_POINT('',(-22.7,-28.,1.548));
#2952=CARTESIAN_POINT('',(-12.5,-28.,1.548));
#2953=CARTESIAN_POINT('',(-22.7,-28.,2.548));
#2954=CARTESIAN_POINT('',(-22.7,-28.,7.198));
#2955=CARTESIAN_POINT('',(-10.9,-28.,2.548));
#2956=CARTESIAN_POINT('',(-13.85,-28.,2.548));
#2957=CARTESIAN_POINT('',(-10.9,-28.,2.938));
#2958=CARTESIAN_POINT('',(-10.9,-28.,6.348));
#2959=CARTESIAN_POINT('',(-6.45000000000002,-28.,2.938));
#2960=CARTESIAN_POINT('',(-7.56250000000001,-28.,2.938));
#2961=CARTESIAN_POINT('',(-6.45000000000002,-28.,6.348));
#2962=CARTESIAN_POINT('',(-6.45000000000002,-28.,6.348));
#2963=CARTESIAN_POINT('',(22.7,-28.,6.348));
#2964=CARTESIAN_POINT('',(25.,-28.,6.348));
#2965=CARTESIAN_POINT('',(22.7,-28.,7.198));
#2966=CARTESIAN_POINT('',(25.,-28.,4.548));
#2967=CARTESIAN_POINT('',(25.,-28.,8.048));
#2968=CARTESIAN_POINT('',(22.7623845660501,-28.,4.548));
#2969=CARTESIAN_POINT('',(12.5,-28.,4.548));
#2970=CARTESIAN_POINT('',(22.7623845660501,-28.,8.048));
#2971=CARTESIAN_POINT('Origin',(-24.85,-2.22044604925031E-15,4.548));
#2972=CARTESIAN_POINT('',(-28.,23.,4.548));
#2973=CARTESIAN_POINT('',(-28.,25.,4.548));
#2974=CARTESIAN_POINT('',(-28.,-12.5,4.548));
#2975=CARTESIAN_POINT('',(-26.5,21.5,4.548));
#2976=CARTESIAN_POINT('Origin',(-26.5,23.,4.548));
#2977=CARTESIAN_POINT('',(-22.,21.5,4.548));
#2978=CARTESIAN_POINT('',(-23.775,21.5,4.548));
#2979=CARTESIAN_POINT('Origin',(-22.,20.,4.548));
#2980=CARTESIAN_POINT('',(-25.,28.,4.548));
#2981=CARTESIAN_POINT('',(-24.925,28.,4.548));
#2982=CARTESIAN_POINT('Origin',(-25.,25.,4.548));
#2983=CARTESIAN_POINT('',(-26.6,25.,4.548));
#2984=CARTESIAN_POINT('Origin',(-25.,25.,4.548));
#2985=CARTESIAN_POINT('Origin',(-24.85,-2.22044604925031E-15,4.548));
#2986=CARTESIAN_POINT('',(-28.,-25.,4.548));
#2987=CARTESIAN_POINT('',(-28.,-23.,4.548));
#2988=CARTESIAN_POINT('',(-28.,-12.5,4.548));
#2989=CARTESIAN_POINT('Origin',(-25.,-25.,4.548));
#2990=CARTESIAN_POINT('',(-22.,-21.5,4.548));
#2991=CARTESIAN_POINT('Origin',(-22.,-20.,4.548));
#2992=CARTESIAN_POINT('',(-26.5,-21.5,4.548));
#2993=CARTESIAN_POINT('',(-23.775,-21.5,4.548));
#2994=CARTESIAN_POINT('Origin',(-26.5,-23.,4.548));
#2995=CARTESIAN_POINT('',(-26.6,-25.,4.548));
#2996=CARTESIAN_POINT('Origin',(-25.,-25.,4.548));
#2997=CARTESIAN_POINT('Origin',(-28.,-25.,8.048));
#2998=CARTESIAN_POINT('',(-28.,25.,1.548));
#2999=CARTESIAN_POINT('',(-28.,25.,8.048));
#3000=CARTESIAN_POINT('',(-28.,23.,1.548));
#3001=CARTESIAN_POINT('',(-28.,22.975,1.548));
#3002=CARTESIAN_POINT('',(-28.,23.,8.048));
#3003=CARTESIAN_POINT('Origin',(-25.,25.,8.048));
#3004=CARTESIAN_POINT('',(-25.,28.,1.548));
#3005=CARTESIAN_POINT('',(-25.,28.,8.048));
#3006=CARTESIAN_POINT('Origin',(-25.,25.,1.548));
#3007=CARTESIAN_POINT('Origin',(-25.,28.,8.048));
#3008=CARTESIAN_POINT('',(22.7623845660501,28.,4.548));
#3009=CARTESIAN_POINT('',(22.7623845660501,28.,8.048));
#3010=CARTESIAN_POINT('',(25.,28.,4.548));
#3011=CARTESIAN_POINT('',(-12.5,28.,4.548));
#3012=CARTESIAN_POINT('',(25.,28.,1.548));
#3013=CARTESIAN_POINT('',(25.,28.,8.048));
#3014=CARTESIAN_POINT('',(22.7,28.,1.548));
#3015=CARTESIAN_POINT('',(10.6,28.,1.548));
#3016=CARTESIAN_POINT('',(22.7,28.,6.348));
#3017=CARTESIAN_POINT('',(22.7,28.,7.198));
#3018=CARTESIAN_POINT('',(-6.45000000000001,28.,6.348));
#3019=CARTESIAN_POINT('',(-25.,28.,6.348));
#3020=CARTESIAN_POINT('',(-6.45000000000001,28.,2.938));
#3021=CARTESIAN_POINT('',(-6.45000000000001,28.,6.348));
#3022=CARTESIAN_POINT('',(-10.9,28.,2.938));
#3023=CARTESIAN_POINT('',(-9.7875,28.,2.938));
#3024=CARTESIAN_POINT('',(-10.9,28.,2.548));
#3025=CARTESIAN_POINT('',(-10.9,28.,6.348));
#3026=CARTESIAN_POINT('',(-22.7,28.,2.548));
#3027=CARTESIAN_POINT('',(-19.75,28.,2.548));
#3028=CARTESIAN_POINT('',(-22.7,28.,1.548));
#3029=CARTESIAN_POINT('',(-22.7,28.,7.198));
#3030=CARTESIAN_POINT('',(-12.5,28.,1.548));
#3031=CARTESIAN_POINT('Origin',(-28.,-25.,8.048));
#3032=CARTESIAN_POINT('',(-28.,-23.,1.548));
#3033=CARTESIAN_POINT('',(-28.,-23.,8.048));
#3034=CARTESIAN_POINT('',(-28.,-25.,1.548));
#3035=CARTESIAN_POINT('',(-28.,-22.975,1.548));
#3036=CARTESIAN_POINT('',(-28.,-25.,8.048));
#3037=CARTESIAN_POINT('Origin',(-26.5,-23.,7.198));
#3038=CARTESIAN_POINT('',(-26.5,-21.5,1.548));
#3039=CARTESIAN_POINT('',(-26.5,-21.5,7.198));
#3040=CARTESIAN_POINT('Origin',(-26.5,-23.,1.548));
#3041=CARTESIAN_POINT('Origin',(-22.7,-21.5,6.348));
#3042=CARTESIAN_POINT('',(-22.,-21.5,2.548));
#3043=CARTESIAN_POINT('',(-22.,-21.5,6.348));
#3044=CARTESIAN_POINT('',(-22.7,-21.5,2.548));
#3045=CARTESIAN_POINT('',(-19.7500000000001,-21.5,2.548));
#3046=CARTESIAN_POINT('',(-22.7,-21.5,1.548));
#3047=CARTESIAN_POINT('',(-22.7,-21.5,6.348));
#3048=CARTESIAN_POINT('',(-11.35,-21.5,1.548));
#3049=CARTESIAN_POINT('Origin',(-22.,-20.,8.048));
#3050=CARTESIAN_POINT('',(-20.5,-20.,2.548));
#3051=CARTESIAN_POINT('',(-20.5,-20.,6.348));
#3052=CARTESIAN_POINT('Origin',(-22.,-20.,2.548));
#3053=CARTESIAN_POINT('Origin',(27.5,22.7623845660501,8.048));
#3054=CARTESIAN_POINT('',(28.,22.7623845660501,4.548));
#3055=CARTESIAN_POINT('',(28.,22.7623845660501,8.048));
#3056=CARTESIAN_POINT('',(27.1464466094067,23.1159379566433,4.548));
#3057=CARTESIAN_POINT('Origin',(27.5,22.7623845660501,4.548));
#3058=CARTESIAN_POINT('',(27.1464466094067,23.1159379566433,8.048));
#3059=CARTESIAN_POINT('Origin',(27.0152543263817,22.9847456736183,8.048));
#3060=CARTESIAN_POINT('',(27.0152543263817,22.9847456736183,4.548));
#3061=CARTESIAN_POINT('',(28.,23.9694913472366,4.548));
#3062=CARTESIAN_POINT('',(27.0152543263817,22.9847456736183,8.048));
#3063=CARTESIAN_POINT('Origin',(22.7623845660501,27.5,8.048));
#3064=CARTESIAN_POINT('',(23.1159379566434,27.1464466094067,4.548));
#3065=CARTESIAN_POINT('',(23.1159379566434,27.1464466094067,8.048));
#3066=CARTESIAN_POINT('Origin',(22.7623845660501,27.5,4.548));
#3067=CARTESIAN_POINT('Origin',(-8.88178419700125E-15,-4.44089209850063E-15,
4.548));
#3068=CARTESIAN_POINT('',(28.,25.,4.548));
#3069=CARTESIAN_POINT('',(28.,12.5,4.548));
#3070=CARTESIAN_POINT('Origin',(25.,25.,4.548));
#3071=CARTESIAN_POINT('',(22.9847457160866,27.01525436885,4.548));
#3072=CARTESIAN_POINT('',(22.9847456736184,27.0152543263817,4.548));
#3073=CARTESIAN_POINT('Origin',(25.,25.,4.548));
#3074=CARTESIAN_POINT('',(23.4,25.,4.548));
#3075=CARTESIAN_POINT('Origin',(25.,25.,4.548));
#3076=CARTESIAN_POINT('Origin',(23.9694913472367,28.,8.048));
#3077=CARTESIAN_POINT('',(22.9847457160866,27.01525436885,8.048));
#3078=CARTESIAN_POINT('Origin',(25.,25.,8.048));
#3079=CARTESIAN_POINT('Origin',(28.,25.,8.048));
#3080=CARTESIAN_POINT('',(28.,25.,1.548));
#3081=CARTESIAN_POINT('',(28.,24.725,1.548));
#3082=CARTESIAN_POINT('',(28.,25.,8.048));
#3083=CARTESIAN_POINT('',(28.,21.5,6.348));
#3084=CARTESIAN_POINT('',(28.,21.5,8.048));
#3085=CARTESIAN_POINT('',(28.,25.,6.348));
#3086=CARTESIAN_POINT('Origin',(25.,25.,-1.952));
#3087=CARTESIAN_POINT('',(23.4,25.,1.548));
#3088=CARTESIAN_POINT('',(23.4,25.,-1.952));
#3089=CARTESIAN_POINT('Origin',(25.,25.,1.548));
#3090=CARTESIAN_POINT('Origin',(27.5,-22.7623845660501,8.048));
#3091=CARTESIAN_POINT('',(27.1464466094067,-23.1159379566434,4.548));
#3092=CARTESIAN_POINT('',(27.1464466094067,-23.1159379566434,8.048));
#3093=CARTESIAN_POINT('Origin',(27.5,-22.7623845660501,4.548));
#3094=CARTESIAN_POINT('Origin',(22.7623845660501,-27.5,8.048));
#3095=CARTESIAN_POINT('',(23.1159379566434,-27.1464466094067,4.548));
#3096=CARTESIAN_POINT('Origin',(22.7623845660501,-27.5,4.548));
#3097=CARTESIAN_POINT('',(23.1159379566434,-27.1464466094067,8.048));
#3098=CARTESIAN_POINT('Origin',(23.9694913472367,-28.,8.048));
#3099=CARTESIAN_POINT('',(22.9847457160866,-27.01525436885,4.548));
#3100=CARTESIAN_POINT('',(22.9847456736184,-27.0152543263817,4.548));
#3101=CARTESIAN_POINT('',(22.9847457160866,-27.01525436885,8.048));
#3102=CARTESIAN_POINT('Origin',(27.0152543263817,-22.9847456736183,8.048));
#3103=CARTESIAN_POINT('',(27.0152543263817,-22.9847456736183,4.548));
#3104=CARTESIAN_POINT('',(27.0152543263817,-22.9847456736183,8.048));
#3105=CARTESIAN_POINT('',(28.,-23.9694913472366,4.548));
#3106=CARTESIAN_POINT('Origin',(-8.88178419700125E-15,4.44089209850063E-15,
4.548));
#3107=CARTESIAN_POINT('Origin',(25.,-25.,4.548));
#3108=CARTESIAN_POINT('Origin',(25.,-25.,4.548));
#3109=CARTESIAN_POINT('',(23.4,-25.,4.548));
#3110=CARTESIAN_POINT('Origin',(25.,-25.,4.548));
#3111=CARTESIAN_POINT('Origin',(25.,-25.,8.048));
#3112=CARTESIAN_POINT('Origin',(-25.,25.,-1.952));
#3113=CARTESIAN_POINT('',(-26.6,25.,1.548));
#3114=CARTESIAN_POINT('',(-26.6,25.,-1.952));
#3115=CARTESIAN_POINT('Origin',(-25.,25.,1.548));
#3116=CARTESIAN_POINT('Origin',(25.,-25.,-1.952));
#3117=CARTESIAN_POINT('',(23.4,-25.,-1.952));
#3118=CARTESIAN_POINT('Origin',(-25.,-25.,-1.952));
#3119=CARTESIAN_POINT('',(-26.6,-25.,1.548));
#3120=CARTESIAN_POINT('',(-26.6,-25.,-1.952));
#3121=CARTESIAN_POINT('Origin',(-25.,-25.,1.548));
#3122=CARTESIAN_POINT('Origin',(-3.42964645562817,3.6,6.348));
#3123=CARTESIAN_POINT('',(-3.42964645562817,5.1,6.348));
#3124=CARTESIAN_POINT('',(-2.36898628384835,4.66066017177982,6.348));
#3125=CARTESIAN_POINT('Origin',(-3.42964645562817,3.6,6.348));
#3126=CARTESIAN_POINT('',(-3.42964645562817,5.1,2.938));
#3127=CARTESIAN_POINT('',(-3.42964645562817,5.1,6.348));
#3128=CARTESIAN_POINT('',(-2.36898628384835,4.66066017177982,2.938));
#3129=CARTESIAN_POINT('Origin',(-3.42964645562817,3.6,2.938));
#3130=CARTESIAN_POINT('',(-2.36898628384835,4.66066017177982,6.348));
#3131=CARTESIAN_POINT('Origin',(-2.80832611206853,5.1,6.348));
#3132=CARTESIAN_POINT('',(-4.95000000000001,5.1,6.348));
#3133=CARTESIAN_POINT('',(-1.40416305603426,5.1,6.348));
#3134=CARTESIAN_POINT('',(-4.95000000000001,5.1,2.938));
#3135=CARTESIAN_POINT('',(-4.95000000000001,5.1,6.348));
#3136=CARTESIAN_POINT('',(-3.7187445840514,5.1,2.938));
#3137=CARTESIAN_POINT('Origin',(-4.95000000000001,3.6,6.348));
#3138=CARTESIAN_POINT('',(-6.45000000000001,3.6,6.348));
#3139=CARTESIAN_POINT('Origin',(-4.95000000000001,3.6,6.348));
#3140=CARTESIAN_POINT('',(-6.45000000000001,3.6,2.938));
#3141=CARTESIAN_POINT('',(-6.45000000000001,3.6,6.348));
#3142=CARTESIAN_POINT('Origin',(-4.95000000000001,3.6,2.938));
#3143=CARTESIAN_POINT('Origin',(-6.45000000000001,28.,6.348));
#3144=CARTESIAN_POINT('',(-6.45000000000001,14.,6.348));
#3145=CARTESIAN_POINT('',(-6.45000000000001,14.,2.938));
#3146=CARTESIAN_POINT('Origin',(-3.42964645562817,9.6,6.348));
#3147=CARTESIAN_POINT('',(-2.36898628384835,8.53933982822018,6.348));
#3148=CARTESIAN_POINT('',(-3.42964645562817,8.1,6.348));
#3149=CARTESIAN_POINT('Origin',(-3.42964645562817,9.6,6.348));
#3150=CARTESIAN_POINT('',(-2.36898628384835,8.53933982822018,2.938));
#3151=CARTESIAN_POINT('',(-2.36898628384835,8.53933982822018,6.348));
#3152=CARTESIAN_POINT('',(-3.42964645562817,8.1,2.938));
#3153=CARTESIAN_POINT('Origin',(-3.42964645562817,9.6,2.938));
#3154=CARTESIAN_POINT('',(-3.42964645562817,8.1,6.348));
#3155=CARTESIAN_POINT('Origin',(8.88178419700125E-15,-4.44089209850063E-15,
6.348));
#3156=CARTESIAN_POINT('',(-0.207106781186551,2.49878066911802,6.348));
#3157=CARTESIAN_POINT('',(0.82291847198287,1.4687554159486,6.348));
#3158=CARTESIAN_POINT('',(1.20710678118654,2.49878066911802,6.348));
#3159=CARTESIAN_POINT('Origin',(0.499999999999996,3.20588745030457,6.348));
#3160=CARTESIAN_POINT('',(4.60121933088198,5.89289321881346,6.348));
#3161=CARTESIAN_POINT('',(2.33124458405139,3.62291847198287,6.348));
#3162=CARTESIAN_POINT('',(4.60121933088198,7.30710678118655,6.348));
#3163=CARTESIAN_POINT('Origin',(3.89411254969543,6.60000000000001,6.348));
#3164=CARTESIAN_POINT('',(1.20710678118655,10.701219330882,6.348));
#3165=CARTESIAN_POINT('',(3.22708152801713,8.6812445840514,6.348));
#3166=CARTESIAN_POINT('',(-0.207106781186551,10.701219330882,6.348));
#3167=CARTESIAN_POINT('Origin',(0.499999999999997,9.99411254969544,6.348));
#3168=CARTESIAN_POINT('',(-4.8812445840514,6.02708152801713,6.348));
#3169=CARTESIAN_POINT('',(-4.95000000000001,8.1,6.348));
#3170=CARTESIAN_POINT('',(-3.225,8.1,6.348));
#3171=CARTESIAN_POINT('',(-6.45000000000001,9.6,6.348));
#3172=CARTESIAN_POINT('Origin',(-4.95000000000001,9.6,6.348));
#3173=CARTESIAN_POINT('',(-6.45000000000001,14.,6.348));
#3174=CARTESIAN_POINT('Origin',(22.7,26.5,6.348));
#3175=CARTESIAN_POINT('',(26.5,20.,6.348));
#3176=CARTESIAN_POINT('Origin',(26.5,21.5,6.348));
#3177=CARTESIAN_POINT('',(19.5,20.,6.348));
#3178=CARTESIAN_POINT('',(9.75000000000001,20.,6.348));
#3179=CARTESIAN_POINT('',(18.,18.5,6.348));
#3180=CARTESIAN_POINT('Origin',(19.5,18.5,6.348));
#3181=CARTESIAN_POINT('',(18.,-18.5,6.348));
#3182=CARTESIAN_POINT('',(18.,-9.25,6.348));
#3183=CARTESIAN_POINT('',(19.5,-20.,6.348));
#3184=CARTESIAN_POINT('Origin',(19.5,-18.5,6.348));
#3185=CARTESIAN_POINT('',(26.5,-20.,6.348));
#3186=CARTESIAN_POINT('',(14.,-20.,6.348));
#3187=CARTESIAN_POINT('Origin',(26.5,-21.5,6.348));
#3188=CARTESIAN_POINT('',(26.5,-20.9,6.348));
#3189=CARTESIAN_POINT('Origin',(26.5,-22.4,6.348));
#3190=CARTESIAN_POINT('',(22.7,-20.9,6.348));
#3191=CARTESIAN_POINT('',(14.,-20.9,6.348));
#3192=CARTESIAN_POINT('',(21.2,-22.4,6.348));
#3193=CARTESIAN_POINT('Origin',(22.7,-22.4,6.348));
#3194=CARTESIAN_POINT('',(21.2,-26.5,6.348));
#3195=CARTESIAN_POINT('',(21.2,-11.2,6.348));
#3196=CARTESIAN_POINT('Origin',(22.7,-26.5,6.348));
#3197=CARTESIAN_POINT('Origin',(-6.45000000000001,8.1,6.348));
#3198=CARTESIAN_POINT('',(-4.95000000000001,8.1,2.938));
#3199=CARTESIAN_POINT('',(-5.53958152801714,8.1,2.938));
#3200=CARTESIAN_POINT('',(-4.95000000000001,8.1,6.348));
#3201=CARTESIAN_POINT('Origin',(-4.95000000000001,9.6,6.348));
#3202=CARTESIAN_POINT('',(-6.45000000000001,9.6,2.938));
#3203=CARTESIAN_POINT('Origin',(-4.95000000000001,9.6,2.938));
#3204=CARTESIAN_POINT('',(-6.45000000000001,9.6,6.348));
#3205=CARTESIAN_POINT('Origin',(-6.45000000000001,28.,6.348));
#3206=CARTESIAN_POINT('',(-6.45000000000001,14.,2.938));
#3207=CARTESIAN_POINT('Origin',(0.499999999999997,1.79167388793148,6.348));
#3208=CARTESIAN_POINT('',(-3.60121933088198,5.89289321881345,2.938));
#3209=CARTESIAN_POINT('',(-1.9843722920257,4.27604617995717,2.938));
#3210=CARTESIAN_POINT('',(-3.60121933088198,5.89289321881345,2.548));
#3211=CARTESIAN_POINT('',(-3.60121933088198,5.89289321881345,6.348));
#3212=CARTESIAN_POINT('',(-0.207106781186551,2.49878066911802,2.548));
#3213=CARTESIAN_POINT('',(-0.702081528017135,2.99375541594861,2.548));
#3214=CARTESIAN_POINT('',(-0.207106781186551,2.49878066911802,6.348));
#3215=CARTESIAN_POINT('Origin',(-2.89411254969543,6.6,6.348));
#3216=CARTESIAN_POINT('',(-3.60121933088198,7.30710678118655,2.938));
#3217=CARTESIAN_POINT('Origin',(-2.89411254969543,6.6,2.938));
#3218=CARTESIAN_POINT('',(-3.60121933088198,7.30710678118655,2.548));
#3219=CARTESIAN_POINT('',(-3.60121933088198,7.30710678118655,6.348));
#3220=CARTESIAN_POINT('Origin',(-2.89411254969543,6.6,2.548));
#3221=CARTESIAN_POINT('Origin',(0.499999999999996,3.20588745030457,6.348));
#3222=CARTESIAN_POINT('',(1.20710678118654,2.49878066911802,2.548));
#3223=CARTESIAN_POINT('Origin',(0.499999999999996,3.20588745030457,2.548));
#3224=CARTESIAN_POINT('',(1.20710678118654,2.49878066911802,6.348));
#3225=CARTESIAN_POINT('Origin',(5.30832611206852,6.60000000000001,6.348));
#3226=CARTESIAN_POINT('',(4.60121933088198,5.89289321881346,2.548));
#3227=CARTESIAN_POINT('',(4.10624458405139,5.39791847198288,2.548));
#3228=CARTESIAN_POINT('',(4.60121933088198,5.89289321881346,6.348));
#3229=CARTESIAN_POINT('Origin',(0.499999999999997,6.6,2.548));
#3230=CARTESIAN_POINT('',(-0.207106781186551,10.701219330882,2.548));
#3231=CARTESIAN_POINT('',(-3.1062445840514,7.80208152801713,2.548));
#3232=CARTESIAN_POINT('',(1.20710678118655,10.701219330882,2.548));
#3233=CARTESIAN_POINT('Origin',(0.499999999999997,9.99411254969544,2.548));
#3234=CARTESIAN_POINT('',(4.60121933088198,7.30710678118655,2.548));
#3235=CARTESIAN_POINT('',(1.70208152801713,10.2062445840514,2.548));
#3236=CARTESIAN_POINT('Origin',(3.89411254969543,6.60000000000001,2.548));
#3237=CARTESIAN_POINT('Origin',(3.89411254969543,6.60000000000001,6.348));
#3238=CARTESIAN_POINT('',(4.60121933088198,7.30710678118655,6.348));
#3239=CARTESIAN_POINT('Origin',(0.499999999999997,11.4083261120685,6.348));
#3240=CARTESIAN_POINT('',(1.20710678118655,10.701219330882,6.348));
#3241=CARTESIAN_POINT('Origin',(0.499999999999997,9.99411254969544,6.348));
#3242=CARTESIAN_POINT('',(-0.207106781186551,10.701219330882,6.348));
#3243=CARTESIAN_POINT('Origin',(-4.30832611206853,6.6,6.348));
#3244=CARTESIAN_POINT('',(-4.38853534805996,6.51979076400857,2.938));
#3245=CARTESIAN_POINT('Origin',(-8.67500000000001,-2.22044604925031E-15,
2.938));
#3246=CARTESIAN_POINT('',(-10.9,14.,2.938));
#3247=CARTESIAN_POINT('Origin',(-10.9,28.,6.348));
#3248=CARTESIAN_POINT('',(-10.9,14.,2.548));
#3249=CARTESIAN_POINT('Origin',(-16.8,0.,2.548));
#3250=CARTESIAN_POINT('',(-21.2,-26.5,2.548));
#3251=CARTESIAN_POINT('Origin',(-22.7,-26.5,2.548));
#3252=CARTESIAN_POINT('',(-21.2,-23.,2.548));
#3253=CARTESIAN_POINT('',(-21.2,-14.,2.548));
#3254=CARTESIAN_POINT('Origin',(-22.7,-23.,2.548));
#3255=CARTESIAN_POINT('',(-20.5,20.,2.548));
#3256=CARTESIAN_POINT('',(-20.5,-10.,2.548));
#3257=CARTESIAN_POINT('',(-22.,21.5,2.548));
#3258=CARTESIAN_POINT('Origin',(-22.,20.,2.548));
#3259=CARTESIAN_POINT('',(-22.7,21.5,2.548));
#3260=CARTESIAN_POINT('',(-19.4,21.5,2.548));
#3261=CARTESIAN_POINT('',(-21.2,23.,2.548));
#3262=CARTESIAN_POINT('Origin',(-22.7,23.,2.548));
#3263=CARTESIAN_POINT('',(-21.2,26.5,2.548));
#3264=CARTESIAN_POINT('',(-21.2,14.,2.548));
#3265=CARTESIAN_POINT('Origin',(-22.7,26.5,2.548));
#3266=CARTESIAN_POINT('Origin',(-22.7,26.5,7.198));
#3267=CARTESIAN_POINT('',(-21.2,26.5,1.548));
#3268=CARTESIAN_POINT('',(-21.2,26.5,7.198));
#3269=CARTESIAN_POINT('Origin',(-22.7,26.5,1.548));
#3270=CARTESIAN_POINT('Origin',(-21.2,28.,6.348));
#3271=CARTESIAN_POINT('',(-21.2,23.,1.548));
#3272=CARTESIAN_POINT('',(-21.2,23.,6.348));
#3273=CARTESIAN_POINT('',(-21.2,26.225,1.548));
#3274=CARTESIAN_POINT('Origin',(-22.7,23.,6.348));
#3275=CARTESIAN_POINT('',(-22.7,21.5,1.548));
#3276=CARTESIAN_POINT('',(-22.7,21.5,6.348));
#3277=CARTESIAN_POINT('Origin',(-22.7,23.,1.548));
#3278=CARTESIAN_POINT('Origin',(26.5,21.5,8.048));
#3279=CARTESIAN_POINT('',(26.5,20.,8.048));
#3280=CARTESIAN_POINT('Origin',(19.5,20.,8.048));
#3281=CARTESIAN_POINT('',(19.5,20.,8.048));
#3282=CARTESIAN_POINT('Origin',(26.5,-21.5,8.048));
#3283=CARTESIAN_POINT('',(26.5,-20.,8.048));
#3284=CARTESIAN_POINT('Origin',(28.,-20.,8.048));
#3285=CARTESIAN_POINT('',(19.5,-20.,8.048));
#3286=CARTESIAN_POINT('Origin',(19.5,-18.5,8.048));
#3287=CARTESIAN_POINT('',(18.,-18.5,8.048));
#3288=CARTESIAN_POINT('Origin',(19.5,18.5,8.048));
#3289=CARTESIAN_POINT('',(18.,18.5,8.048));
#3290=CARTESIAN_POINT('Origin',(18.,-18.5,8.048));
#3291=CARTESIAN_POINT('Origin',(-20.5,20.,8.048));
#3292=CARTESIAN_POINT('',(-20.5,20.,6.348));
#3293=CARTESIAN_POINT('Origin',(-22.,20.,8.048));
#3294=CARTESIAN_POINT('',(-22.,21.5,6.348));
#3295=CARTESIAN_POINT('Origin',(-22.7,-26.5,7.198));
#3296=CARTESIAN_POINT('',(-21.2,-26.5,1.548));
#3297=CARTESIAN_POINT('Origin',(-22.7,-26.5,1.548));
#3298=CARTESIAN_POINT('',(-21.2,-26.5,7.198));
#3299=CARTESIAN_POINT('Origin',(-21.2,-28.,6.348));
#3300=CARTESIAN_POINT('',(-21.2,-23.,1.548));
#3301=CARTESIAN_POINT('',(-21.2,-26.225,1.548));
#3302=CARTESIAN_POINT('',(-21.2,-23.,6.348));
#3303=CARTESIAN_POINT('Origin',(4.44089209850063E-15,-24.45,1.548));
#3304=CARTESIAN_POINT('Origin',(-25.,-25.,1.548));
#3305=CARTESIAN_POINT('Origin',(-22.7,-23.,1.548));
#3306=CARTESIAN_POINT('Origin',(26.5,-22.4,7.198));
#3307=CARTESIAN_POINT('',(26.5,-20.9,7.198));
#3308=CARTESIAN_POINT('Origin',(28.,-20.9,6.348));
#3309=CARTESIAN_POINT('',(22.7,-20.9,6.348));
#3310=CARTESIAN_POINT('Origin',(22.7,-26.5,7.198));
#3311=CARTESIAN_POINT('',(21.2,-26.5,7.198));
#3312=CARTESIAN_POINT('Origin',(21.2,-22.4,6.348));
#3313=CARTESIAN_POINT('',(21.2,-22.4,6.348));
#3314=CARTESIAN_POINT('Origin',(-22.7,-23.,6.348));
#3315=CARTESIAN_POINT('Origin',(22.7,-22.4,6.348));
#3316=CARTESIAN_POINT('Origin',(-26.5,23.,7.198));
#3317=CARTESIAN_POINT('',(-26.5,21.5,1.548));
#3318=CARTESIAN_POINT('Origin',(-26.5,23.,1.548));
#3319=CARTESIAN_POINT('',(-26.5,21.5,7.198));
#3320=CARTESIAN_POINT('Origin',(4.44089209850063E-15,24.45,1.548));
#3321=CARTESIAN_POINT('Origin',(22.7,26.5,1.548));
#3322=CARTESIAN_POINT('Origin',(25.,25.,1.548));
#3323=CARTESIAN_POINT('Origin',(22.7,26.5,7.198));
#3324=CARTESIAN_POINT('Origin',(-22.7,21.5,6.348));
#3325=CARTESIAN_POINT('',(-11.35,21.5,1.548));
#3326=CARTESIAN_POINT('Origin',(4.44089209850063E-15,24.45,1.548));
#3327=CARTESIAN_POINT('Origin',(25.,25.,8.048));
#3328=CARTESIAN_POINT('Origin',(-25.,-25.,8.048));
#3329=CARTESIAN_POINT('Origin',(25.,-25.,8.048));
#3330=UNCERTAINTY_MEASURE_WITH_UNIT(LENGTH_MEASURE(0.01),#3334,
'DISTANCE_ACCURACY_VALUE',
'Maximum model space distance between geometric entities at asserted c
onnectivities');
#3331=UNCERTAINTY_MEASURE_WITH_UNIT(LENGTH_MEASURE(0.01),#3334,
'DISTANCE_ACCURACY_VALUE',
'Maximum model space distance between geometric entities at asserted c
onnectivities');
#3332=(
GEOMETRIC_REPRESENTATION_CONTEXT(3)
GLOBAL_UNCERTAINTY_ASSIGNED_CONTEXT((#3330))
GLOBAL_UNIT_ASSIGNED_CONTEXT((#3334,#3336,#3337))
REPRESENTATION_CONTEXT('','3D')
);
#3333=(
GEOMETRIC_REPRESENTATION_CONTEXT(3)
GLOBAL_UNCERTAINTY_ASSIGNED_CONTEXT((#3331))
GLOBAL_UNIT_ASSIGNED_CONTEXT((#3334,#3336,#3337))
REPRESENTATION_CONTEXT('','3D')
);
#3334=(
LENGTH_UNIT()
NAMED_UNIT(*)
SI_UNIT(.MILLI.,.METRE.)
);
#3335=(
LENGTH_UNIT()
NAMED_UNIT(*)
SI_UNIT($,.METRE.)
);
#3336=(
NAMED_UNIT(*)
PLANE_ANGLE_UNIT()
SI_UNIT($,.RADIAN.)
);
#3337=(
NAMED_UNIT(*)
SI_UNIT($,.STERADIAN.)
SOLID_ANGLE_UNIT()
);
#3338=SHAPE_DEFINITION_REPRESENTATION(#3339,#3340);
#3339=PRODUCT_DEFINITION_SHAPE('',$,#3342);
#3340=SHAPE_REPRESENTATION('',(#1970),#3332);
#3341=PRODUCT_DEFINITION_CONTEXT('part definition',#3346,'design');
#3342=PRODUCT_DEFINITION('x1 heat spreader','x1 heat spreader',#3343,#3341);
#3343=PRODUCT_DEFINITION_FORMATION('',$,#3348);
#3344=PRODUCT_RELATED_PRODUCT_CATEGORY('x1 heat spreader',
'x1 heat spreader',(#3348));
#3345=APPLICATION_PROTOCOL_DEFINITION('international standard',
'automotive_design',2009,#3346);
#3346=APPLICATION_CONTEXT(
'Core Data for Automotive Mechanical Design Process');
#3347=PRODUCT_CONTEXT('part definition',#3346,'mechanical');
#3348=PRODUCT('x1 heat spreader','x1 heat spreader',$,(#3347));
#3349=PRESENTATION_STYLE_ASSIGNMENT((#3350));
#3350=SURFACE_STYLE_USAGE(.BOTH.,#3351);
#3351=SURFACE_SIDE_STYLE('',(#3352));
#3352=SURFACE_STYLE_FILL_AREA(#3353);
#3353=FILL_AREA_STYLE('Aluminum - Satin',(#3354));
#3354=FILL_AREA_STYLE_COLOUR('Aluminum - Satin',#3355);
#3355=COLOUR_RGB('Aluminum - Satin',0.96078431372549,0.96078431372549,0.964705882352941);
ENDSEC;
END-ISO-10303-21;
