ISO-10303-21;
HEADER;
FILE_DESCRIPTION (( 'STEP AP214' ),
    '1' );
FILE_NAME ('SpoolMainDriveKeyMKII.STEP',
    '2025-03-03T01:16:19',
    ( '' ),
    ( '' ),
    'SwSTEP 2.0',
    'SolidWorks 2025',
    '' );
FILE_SCHEMA (( 'AUTOMOTIVE_DESIGN' ));
ENDSEC;

DATA;
#1 = VECTOR ( 'NONE', #335, 1000.000000000000000 ) ;
#2 = DIRECTION ( 'NONE',  ( -0.000000000000000000, -1.000000000000000000, -0.000000000000000000 ) ) ;
#3 = CARTESIAN_POINT ( 'NONE',  ( 2.297361593625294335E-15, 22.55000000000000071, 15.00000000000000000 ) ) ;
#4 = EDGE_CURVE ( 'NONE', #2080, #429, #2283, .T. ) ;
#5 = EDGE_CURVE ( 'NONE', #1636, #429, #259, .T. ) ;
#6 = EDGE_LOOP ( 'NONE', ( #1284, #2219, #1354, #1096, #992, #2892, #1067 ) ) ;
#7 = CARTESIAN_POINT ( 'NONE',  ( 5.663203435596427582, 0.5500000000000018208, 14.99999999999999467 ) ) ;
#8 = ORIENTED_EDGE ( 'NONE', *, *, #2587, .F. ) ;
#9 = CARTESIAN_POINT ( 'NONE',  ( -2.600000000000000089, 28.29999999999999716, -7.088194410426394754 ) ) ;
#10 = AXIS2_PLACEMENT_3D ( 'NONE', #2775, #2357, #1432 ) ;
#11 = ORIENTED_EDGE ( 'NONE', *, *, #2821, .F. ) ;
#12 = CARTESIAN_POINT ( 'NONE',  ( -5.663203435596427582, 22.55000000000000071, 14.99999999999999645 ) ) ;
#13 = CARTESIAN_POINT ( 'NONE',  ( -14.61109127034740141, 22.55000000000000071, -6.602112165249019782 ) ) ;
#14 = CARTESIAN_POINT ( 'NONE',  ( -2.600000000000001421, 0.000000000000000000, -9.529999999999997584 ) ) ;
#15 = VECTOR ( 'NONE', #1293, 1000.000000000000000 ) ;
#16 = AXIS2_PLACEMENT_3D ( 'NONE', #1392, #2316, #2071 ) ;
#17 = DIRECTION ( 'NONE',  ( 0.000000000000000000, 0.000000000000000000, 1.000000000000000000 ) ) ;
#18 = CARTESIAN_POINT ( 'NONE',  ( 0.000000000000000000, 22.55000000000000071, 0.000000000000000000 ) ) ;
#19 = VECTOR ( 'NONE', #1785, 1000.000000000000000 ) ;
#20 = ORIENTED_EDGE ( 'NONE', *, *, #2108, .F. ) ;
#21 = CARTESIAN_POINT ( 'NONE',  ( 9.254020444060088835, 22.75942720414222364, 11.80739576031949056 ) ) ;
#22 = EDGE_LOOP ( 'NONE', ( #2124, #1589, #1686 ) ) ;
#23 = CARTESIAN_POINT ( 'NONE',  ( -10.60660171779820793, 22.55000000000000071, 10.60660171779821859 ) ) ;
#24 = ADVANCED_FACE ( 'NONE', ( #699 ), #1943, .F. ) ;
#25 = ORIENTED_EDGE ( 'NONE', *, *, #1777, .T. ) ;
#26 = DIRECTION ( 'NONE',  ( 3.063148791500395010E-16, 0.000000000000000000, 1.000000000000000000 ) ) ;
#27 = CARTESIAN_POINT ( 'NONE',  ( 10.60660171779820615, 22.55000000000000071, -10.60660171779821681 ) ) ;
#28 = DIRECTION ( 'NONE',  ( -0.7071067811865473507, 0.000000000000000000, 0.7071067811865477948 ) ) ;
#29 = CARTESIAN_POINT ( 'NONE',  ( 10.60660171779820793, 22.55000000000000071, -10.60660171779821148 ) ) ;
#30 = CARTESIAN_POINT ( 'NONE',  ( -15.00000000000000000, 22.55000000000000071, 2.755455298081559372E-15 ) ) ;
#31 = ORIENTED_EDGE ( 'NONE', *, *, #891, .F. ) ;
#32 = CARTESIAN_POINT ( 'NONE',  ( 12.34538888465039719, 22.80000000000000071, 8.520057117575587924 ) ) ;
#33 = ORIENTED_EDGE ( 'NONE', *, *, #93, .F. ) ;
#34 = CARTESIAN_POINT ( 'NONE',  ( 14.61109127034739430, 22.55000000000000071, -6.602112165249029552 ) ) ;
#35 = EDGE_CURVE ( 'NONE', #1221, #868, #1012, .T. ) ;
#36 = EDGE_CURVE ( 'NONE', #117, #1034, #1894, .T. ) ;
#37 = ORIENTED_EDGE ( 'NONE', *, *, #2387, .T. ) ;
#38 = CARTESIAN_POINT ( 'NONE',  ( -2.503725467776824143, 22.58814638860080848, -14.79098366518877228 ) ) ;
#39 = CARTESIAN_POINT ( 'NONE',  ( 10.60660171779820971, 22.55000000000000071, -10.60660171779821503 ) ) ;
#40 = CARTESIAN_POINT ( 'NONE',  ( 6.290562191706242423, 0.000000000000000000, 14.14482378458497358 ) ) ;
#41 = VECTOR ( 'NONE', #255, 1000.000000000000000 ) ;
#42 = VECTOR ( 'NONE', #156, 1000.000000000000000 ) ;
#43 = PRODUCT_DEFINITION_SHAPE ( 'NONE', 'NONE',  #1672 ) ;
#44 = FACE_OUTER_BOUND ( 'NONE', #181, .T. ) ;
#45 = DIRECTION ( 'NONE',  ( 0.000000000000000000, 1.000000000000000000, -0.000000000000000000 ) ) ;
#46 = AXIS2_PLACEMENT_3D ( 'NONE', #2349, #63, #2118 ) ;
#47 = VECTOR ( 'NONE', #1169, 1000.000000000000000 ) ;
#48 = CARTESIAN_POINT ( 'NONE',  ( 0.9202260287849272080, 22.55000000000000071, -14.99999999999999822 ) ) ;
#49 = EDGE_CURVE ( 'NONE', #439, #437, #2875, .T. ) ;
#50 = DIRECTION ( 'NONE',  ( 0.7071067811865473507, 0.000000000000000000, -0.7071067811865477948 ) ) ;
#51 = CARTESIAN_POINT ( 'NONE',  ( 9.418498933063776946, 22.62636275490041271, 11.67673427231751404 ) ) ;
#52 = ORIENTED_EDGE ( 'NONE', *, *, #1191, .T. ) ;
#53 = CARTESIAN_POINT ( 'NONE',  ( -9.431100602213268402, 22.73881760106624839, 11.66642424429431202 ) ) ;
#54 = EDGE_CURVE ( 'NONE', #1091, #1859, #2684, .T. ) ;
#55 = DIRECTION ( 'NONE',  ( 8.340016711426957754E-17, 0.000000000000000000, 1.000000000000000000 ) ) ;
#56 = VERTEX_POINT ( 'NONE', #2608 ) ;
#57 = CARTESIAN_POINT ( 'NONE',  ( 6.602112165249020670, 22.55000000000000071, -14.61109127034739785 ) ) ;
#58 = CARTESIAN_POINT ( 'NONE',  ( 0.000000000000000000, 28.04999999999999716, 0.000000000000000000 ) ) ;
#59 = DIRECTION ( 'NONE',  ( -0.7071067811865476838, 0.000000000000000000, -0.7071067811865474617 ) ) ;
#60 = EDGE_CURVE ( 'NONE', #2356, #2674, #1140, .T. ) ;
#61 = B_SPLINE_CURVE_WITH_KNOTS ( 'NONE', 3,
 ( #2650, #1237, #2152, #1930, #1697, #2813 ),
 .UNSPECIFIED., .F., .F.,
 ( 4, 2, 4 ),
 ( -2.449491885556405045E-05, 0.001339858778569941568, 0.002704212475995447160 ),
 .UNSPECIFIED. ) ;
#62 = CIRCLE ( 'NONE', #1052, 1.750000000000000000 ) ;
#63 = DIRECTION ( 'NONE',  ( 0.000000000000000000, 1.000000000000000000, -0.000000000000000000 ) ) ;
#64 = CARTESIAN_POINT ( 'NONE',  ( 1.596813521901927713, 22.62636275490000060, -14.91658245023693752 ) ) ;
#65 = CIRCLE ( 'NONE', #2534, 0.2500000000000003886 ) ;
#66 = DIRECTION ( 'NONE',  ( 1.381347842916461856E-16, 0.000000000000000000, 1.000000000000000000 ) ) ;
#67 = DIRECTION ( 'NONE',  ( 0.000000000000000000, 1.000000000000000000, -0.000000000000000000 ) ) ;
#68 = VERTEX_POINT ( 'NONE', #72 ) ;
#69 = CARTESIAN_POINT ( 'NONE',  ( 0.4540920399229355642, 22.60910839274038864, 14.99999999999999645 ) ) ;
#70 = ORIENTED_EDGE ( 'NONE', *, *, #2347, .F. ) ;
#71 = DIRECTION ( 'NONE',  ( 0.7071067811865477948, -0.000000000000000000, 0.7071067811865473507 ) ) ;
#72 = CARTESIAN_POINT ( 'NONE',  ( -4.999999999999997335, 4.000000000000000000, -3.749999999999999556 ) ) ;
#73 = CARTESIAN_POINT ( 'NONE',  ( -11.80739576031948346, 22.75942720414222364, 9.254020444060115480 ) ) ;
#74 = CARTESIAN_POINT ( 'NONE',  ( 14.61109127034739430, 22.55000000000000071, 6.602112165249022446 ) ) ;
#75 = DIRECTION ( 'NONE',  ( 0.000000000000000000, 1.000000000000000000, -0.000000000000000000 ) ) ;
#76 = CARTESIAN_POINT ( 'NONE',  ( -14.99999999999999645, 22.60910839274516704, 0.4540920399224105952 ) ) ;
#77 = ADVANCED_FACE ( 'NONE', ( #2593 ), #982, .F. ) ;
#78 = LINE ( 'NONE', #1165, #1554 ) ;
#79 = DIRECTION ( 'NONE',  ( 0.1392813253171599208, 0.7002145072825529670, 0.7002145072825518568 ) ) ;
#80 = CARTESIAN_POINT ( 'NONE',  ( -4.999999999999997335, 4.000000000000000000, 1.750000000000000666 ) ) ;
#81 = VERTEX_POINT ( 'NONE', #1185 ) ;
#82 = CARTESIAN_POINT ( 'NONE',  ( -6.602112165249030440, 22.55000000000000071, -14.61109127034739430 ) ) ;
#83 = CARTESIAN_POINT ( 'NONE',  ( -14.83645120471510204, 22.80000000000000071, 2.255720701553975971 ) ) ;
#84 = ORIENTED_EDGE ( 'NONE', *, *, #2148, .F. ) ;
#85 = DIRECTION ( 'NONE',  ( 0.000000000000000000, 1.000000000000000000, -0.000000000000000000 ) ) ;
#86 = LINE ( 'NONE', #1755, #545 ) ;
#87 = CARTESIAN_POINT ( 'NONE',  ( -0.4540920399222274084, 22.60910839274090023, 15.00000000000000000 ) ) ;
#88 = EDGE_CURVE ( 'NONE', #1243, #2194, #161, .T. ) ;
#89 = CARTESIAN_POINT ( 'NONE',  ( 14.61109127034739430, 22.55000000000000071, 6.602112165249022446 ) ) ;
#90 = ORIENTED_EDGE ( 'NONE', *, *, #49, .F. ) ;
#91 = ORIENTED_EDGE ( 'NONE', *, *, #1682, .F. ) ;
#92 = CARTESIAN_POINT ( 'NONE',  ( 9.258711947655848817, 22.76226597817865027, -11.81020331020059189 ) ) ;
#93 = EDGE_CURVE ( 'NONE', #2779, #2479, #2373, .T. ) ;
#94 = SURFACE_STYLE_USAGE ( .BOTH. , #2612 ) ;
#95 = VECTOR ( 'NONE', #2889, 1000.000000000000000 ) ;
#96 = CARTESIAN_POINT ( 'NONE',  ( 6.602112165249020670, 22.55000000000000071, -14.61109127034739785 ) ) ;
#97 = ADVANCED_FACE ( 'NONE', ( #758 ), #1382, .F. ) ;
#99 = ADVANCED_FACE ( 'NONE', ( #714 ), #729, .F. ) ;
#98 = CARTESIAN_POINT ( 'NONE',  ( -5.663203435596427582, 22.55000000000000071, 14.99999999999999645 ) ) ;
#100 = PLANE ( 'NONE',  #692 ) ;
#101 = AXIS2_PLACEMENT_3D ( 'NONE', #2480, #2918, #1053 ) ;
#102 = EDGE_LOOP ( 'NONE', ( #1282, #2004 ) ) ;
#103 = CARTESIAN_POINT ( 'NONE',  ( 2.255156345810398477, 22.78990841343744478, 14.83124266121501300 ) ) ;
#104 = ORIENTED_EDGE ( 'NONE', *, *, #2602, .F. ) ;
#105 = DIRECTION ( 'NONE',  ( 0.000000000000000000, 0.000000000000000000, 1.000000000000000000 ) ) ;
#106 = LINE ( 'NONE', #858, #1480 ) ;
#107 = CARTESIAN_POINT ( 'NONE',  ( 14.44999999999999218, 0.000000000000000000, -5.553801633537617910 ) ) ;
#108 = VERTEX_POINT ( 'NONE', #2129 ) ;
#109 = ORIENTED_EDGE ( 'NONE', *, *, #826, .T. ) ;
#110 = CARTESIAN_POINT ( 'NONE',  ( 14.99999999999999467, 22.55000000000000071, 2.749999999995017763 ) ) ;
#111 = AXIS2_PLACEMENT_3D ( 'NONE', #780, #1711, #2628 ) ;
#112 = DIRECTION ( 'NONE',  ( 0.3826834323650895597, 0.000000000000000000, -0.9238795325112868495 ) ) ;
#113 = CARTESIAN_POINT ( 'NONE',  ( 0.000000000000000000, 29.05000000000000071, 0.000000000000000000 ) ) ;
#114 = CARTESIAN_POINT ( 'NONE',  ( 10.93041984973243963, 22.57955883425879051, -10.28278358586236507 ) ) ;
#115 = AXIS2_PLACEMENT_3D ( 'NONE', #2217, #2484, #1309 ) ;
#116 = CIRCLE ( 'NONE', #1150, 1.750000000000000000 ) ;
#117 = VERTEX_POINT ( 'NONE', #1245 ) ;
#118 = CARTESIAN_POINT ( 'NONE',  ( 1.606956047217798833, 22.55000000000000071, 14.99999999999999645 ) ) ;
#119 = ORIENTED_EDGE ( 'NONE', *, *, #36, .F. ) ;
#120 = CARTESIAN_POINT ( 'NONE',  ( 0.000000000000000000, 22.80000000000000071, 0.000000000000000000 ) ) ;
#121 = DIRECTION ( 'NONE',  ( 0.8230259256433573034, 0.000000000000000000, 0.5680038078383761180 ) ) ;
#122 = CYLINDRICAL_SURFACE ( 'NONE', #244, 3.750000000000000000 ) ;
#123 = ADVANCED_FACE ( 'NONE', ( #1936 ), #2847, .F. ) ;
#124 = ORIENTED_EDGE ( 'NONE', *, *, #2506, .T. ) ;
#125 = ORIENTED_EDGE ( 'NONE', *, *, #765, .F. ) ;
#126 = CARTESIAN_POINT ( 'NONE',  ( -12.55114536606178355, 22.55000000000000071, -8.662058069534637639 ) ) ;
#127 = ADVANCED_FACE ( 'NONE', ( #1422 ), #2345, .T. ) ;
#128 = CARTESIAN_POINT ( 'NONE',  ( 12.09370044451615556, 22.60866058912311161, 8.876841959659401482 ) ) ;
#129 = CARTESIAN_POINT ( 'NONE',  ( -15.00000000000000355, 22.55000000000000071, -5.663203435596418700 ) ) ;
#130 = EDGE_CURVE ( 'NONE', #1411, #1025, #116, .T. ) ;
#131 = EDGE_LOOP ( 'NONE', ( #2417, #1932, #11, #491 ) ) ;
#132 = CARTESIAN_POINT ( 'NONE',  ( -2.599999999999999645, 28.16607191339724281, -7.119098923559265657 ) ) ;
#133 = CARTESIAN_POINT ( 'NONE',  ( 14.61109127034739430, 22.55000000000000071, 6.602112165249022446 ) ) ;
#134 = ORIENTED_EDGE ( 'NONE', *, *, #1297, .T. ) ;
#135 = CYLINDRICAL_SURFACE ( 'NONE', #1509, 3.750000000000000000 ) ;
#136 = CARTESIAN_POINT ( 'NONE',  ( -12.34538888464752837, 22.80000000000000071, 8.520057117579744599 ) ) ;
#137 = CARTESIAN_POINT ( 'NONE',  ( 5.663203435596427582, 22.55000000000000071, 14.99999999999999467 ) ) ;
#138 = ADVANCED_FACE ( 'NONE', ( #1269, #2623 ), #1027, .T. ) ;
#139 = EDGE_CURVE ( 'NONE', #2951, #1371, #2175, .T. ) ;
#140 = ORIENTED_EDGE ( 'NONE', *, *, #502, .F. ) ;
#141 = FACE_OUTER_BOUND ( 'NONE', #576, .T. ) ;
#142 = CARTESIAN_POINT ( 'NONE',  ( 11.80739576032145344, 22.75942720414244391, 9.254020444057617922 ) ) ;
#143 = CARTESIAN_POINT ( 'NONE',  ( 11.80739576031929339, 22.75942720414141718, -9.254020444060357065 ) ) ;
#144 = AXIS2_PLACEMENT_3D ( 'NONE', #2732, #367, #1787 ) ;
#145 = VERTEX_POINT ( 'NONE', #2655 ) ;
#146 = VECTOR ( 'NONE', #2075, 1000.000000000000000 ) ;
#147 = VECTOR ( 'NONE', #561, 1000.000000000000000 ) ;
#148 = ORIENTED_EDGE ( 'NONE', *, *, #1492, .F. ) ;
#149 = CARTESIAN_POINT ( 'NONE',  ( -14.91658245023671903, 22.62636275490041982, -1.596813521901810029 ) ) ;
#150 = DIRECTION ( 'NONE',  ( -0.7071067811865475727, 0.000000000000000000, 0.7071067811865475727 ) ) ;
#151 = CARTESIAN_POINT ( 'NONE',  ( -2.292742284894780713, 22.55000000000000071, 14.99999999999999645 ) ) ;
#152 = CARTESIAN_POINT ( 'NONE',  ( -6.602112165249030440, 0.5500000000000018208, -14.61109127034739430 ) ) ;
#153 = VERTEX_POINT ( 'NONE', #820 ) ;
#154 = EDGE_LOOP ( 'NONE', ( #1586, #2555 ) ) ;
#155 = CARTESIAN_POINT ( 'NONE',  ( -10.93041984973348768, 22.57955883425896459, -10.28278358586172736 ) ) ;
#156 = DIRECTION ( 'NONE',  ( -0.000000000000000000, -1.000000000000000000, -0.000000000000000000 ) ) ;
#157 = CARTESIAN_POINT ( 'NONE',  ( 12.21544877398417306, 22.79999998870392020, -8.708337686091843111 ) ) ;
#158 = AXIS2_PLACEMENT_3D ( 'NONE', #2512, #2745, #2250 ) ;
#159 = ORIENTED_EDGE ( 'NONE', *, *, #1352, .F. ) ;
#160 = AXIS2_PLACEMENT_3D ( 'NONE', #2724, #1543, #2922 ) ;
#161 = CIRCLE ( 'NONE', #1919, 1.750000000000000000 ) ;
#162 = VERTEX_POINT ( 'NONE', #1255 ) ;
#163 = CARTESIAN_POINT ( 'NONE',  ( -15.00000000000000000, 22.55000000000000071, 5.663203435596430246 ) ) ;
#164 = DIRECTION ( 'NONE',  ( -0.7071067811865476838, 0.000000000000000000, -0.7071067811865474617 ) ) ;
#165 = CARTESIAN_POINT ( 'NONE',  ( 2.704918032786913340, 22.80000000000000071, 14.75409836065573366 ) ) ;
#166 =( GEOMETRIC_REPRESENTATION_CONTEXT ( 3 ) GLOBAL_UNCERTAINTY_ASSIGNED_CONTEXT ( ( #1588 ) ) GLOBAL_UNIT_ASSIGNED_CONTEXT ( ( #489, #2376, #1234 ) ) REPRESENTATION_CONTEXT ( 'NONE', 'WORKASPACE' ) );
#167 = DIRECTION ( 'NONE',  ( -0.000000000000000000, -1.000000000000000000, -0.000000000000000000 ) ) ;
#168 = EDGE_LOOP ( 'NONE', ( #2898, #388, #961, #1106 ) ) ;
#169 = LINE ( 'NONE', #1998, #2689 ) ;
#170 = CARTESIAN_POINT ( 'NONE',  ( 14.99999999999999467, 22.55000000000000071, 2.749999999995811351 ) ) ;
#171 = CARTESIAN_POINT ( 'NONE',  ( 10.92769327851171113, 22.60910839273874018, 10.28551015708469940 ) ) ;
#172 = DIRECTION ( 'NONE',  ( 1.776356839400250465E-15, 0.000000000000000000, 1.000000000000000000 ) ) ;
#173 = EDGE_CURVE ( 'NONE', #687, #162, #106, .T. ) ;
#174 = EDGE_CURVE ( 'NONE', #281, #1636, #86, .T. ) ;
#175 = ORIENTED_EDGE ( 'NONE', *, *, #1394, .T. ) ;
#176 = CARTESIAN_POINT ( 'NONE',  ( -6.602112165249028664, 22.55000000000000071, 14.61109127034739430 ) ) ;
#177 = VERTEX_POINT ( 'NONE', #574 ) ;
#178 = CARTESIAN_POINT ( 'NONE',  ( -15.00000000000000000, 22.55000000000000071, 3.675089242666075007E-15 ) ) ;
#179 = CARTESIAN_POINT ( 'NONE',  ( -2.750000000000010214, 22.55000000000000071, -14.99999999999999822 ) ) ;
#180 = DIRECTION ( 'NONE',  ( -0.3826834323650895597, 0.000000000000000000, 0.9238795325112868495 ) ) ;
#181 = EDGE_LOOP ( 'NONE', ( #2516, #2845, #2634, #408 ) ) ;
#182 = CARTESIAN_POINT ( 'NONE',  ( 8.876841959659191872, 22.60866058912311516, -12.09370044451573278 ) ) ;
#183 = CARTESIAN_POINT ( 'NONE',  ( 14.99999999999999467, 22.55000000000000071, 1.606956047214826766 ) ) ;
#184 = CARTESIAN_POINT ( 'NONE',  ( -9.254020444060010675, 22.75942720414141718, -11.80739576031955629 ) ) ;
#185 = EDGE_CURVE ( 'NONE', #2189, #2743, #543, .T. ) ;
#186 = CARTESIAN_POINT ( 'NONE',  ( -5.663203435596427582, 22.55000000000000071, 14.99999999999999645 ) ) ;
#187 = VERTEX_POINT ( 'NONE', #590 ) ;
#188 = EDGE_CURVE ( 'NONE', #480, #2713, #1505, .T. ) ;
#189 = DIRECTION ( 'NONE',  ( -0.7071067811865476838, -0.000000000000000000, -0.7071067811865474617 ) ) ;
#190 = VECTOR ( 'NONE', #297, 1000.000000000000000 ) ;
#191 = ORIENTED_EDGE ( 'NONE', *, *, #1610, .T. ) ;
#192 = DIRECTION ( 'NONE',  ( 0.1803278688524574680, 0.000000000000000000, 0.9836065573770496062 ) ) ;
#193 = PLANE ( 'NONE',  #1240 ) ;
#194 = CARTESIAN_POINT ( 'NONE',  ( 2.297361593625294335E-15, 22.55000000000000071, 15.00000000000000000 ) ) ;
#195 = AXIS2_PLACEMENT_3D ( 'NONE', #525, #2114, #26 ) ;
#196 = ORIENTED_EDGE ( 'NONE', *, *, #670, .F. ) ;
#197 = VECTOR ( 'NONE', #999, 1000.000000000000000 ) ;
#198 = CARTESIAN_POINT ( 'NONE',  ( 9.237661037986489632, 22.62667616668143467, -11.82001096106191973 ) ) ;
#199 = DIRECTION ( 'NONE',  ( -1.000000000000000000, 0.000000000000000000, 1.531574395750196519E-16 ) ) ;
#200 = CARTESIAN_POINT ( 'NONE',  ( -9.308635932027344850, 22.55000000000000071, -11.90456750356907811 ) ) ;
#201 = CARTESIAN_POINT ( 'NONE',  ( 14.91658245023583085, 22.62636275490172721, -1.596813521905123601 ) ) ;
#202 = EDGE_LOOP ( 'NONE', ( #236, #1376, #2477, #2049, #415 ) ) ;
#203 =( BOUNDED_SURFACE ( )  B_SPLINE_SURFACE ( 3, 2, ( 
 ( #2902, #382, #1055 ),
 ( #1765, #2708, #1322 ),
 ( #830, #128, #1991 ),
 ( #567, #2465, #142 ),
 ( #2212, #865, #2677 ),
 ( #1498, #2424, #2021 ),
 ( #597, #2886, #171 ),
 ( #1528, #341, #2243 ) ),
 .UNSPECIFIED., .F., .F., .F. ) 
 B_SPLINE_SURFACE_WITH_KNOTS ( ( 4, 2, 2, 4 ),
 ( 3, 3 ),
 ( 0.001235652188200290266, 0.001944503121137439042, 0.002653354054074587819, 0.004071055919948884938 ),
 ( 0.000000000000000000, 1.000000000000000000 ),
 .UNSPECIFIED. ) 
 GEOMETRIC_REPRESENTATION_ITEM ( )  RATIONAL_B_SPLINE_SURFACE ( (
 ( 1.000000000000000000, 0.7071067811863428476, 1.000000000000000000),
 ( 1.000000000000000000, 0.7652304032456705984, 1.000000000000000000),
 ( 1.000000000000000000, 0.8101366047345686106, 1.000000000000000000),
 ( 1.000000000000000000, 0.8837265853917912750, 1.000000000000000000),
 ( 1.000000000000000000, 0.9123074770321870641, 1.000000000000000000),
 ( 1.000000000000000000, 0.9795175777391953442, 1.000000000000000000),
 ( 1.000000000000000000, 0.9996742055261393922, 1.000000000000000000),
 ( 1.000000000000000000, 1.000000000000000000, 1.000000000000000000) ) ) 
 REPRESENTATION_ITEM ( '' )  SURFACE ( )  );
#204 = CARTESIAN_POINT ( 'NONE',  ( 0.000000000000000000, 22.80000000000000071, 0.000000000000000000 ) ) ;
#205 = CARTESIAN_POINT ( 'NONE',  ( -2.600000000000000089, 38.04999999999999716, -7.088194410426394754 ) ) ;
#206 = AXIS2_PLACEMENT_3D ( 'NONE', #2756, #1841, #1827 ) ;
#207 = VERTEX_POINT ( 'NONE', #1520 ) ;
#208 = DIRECTION ( 'NONE',  ( -0.000000000000000000, 1.000000000000000000, -0.000000000000000000 ) ) ;
#209 = DIRECTION ( 'NONE',  ( -0.000000000000000000, -1.000000000000000000, -0.000000000000000000 ) ) ;
#211 = EDGE_CURVE ( 'NONE', #2070, #414, #552, .T. ) ;
#210 = DIRECTION ( 'NONE',  ( -0.1803278688521836870, 0.000000000000000000, 0.9836065573770996773 ) ) ;
#212 = ORIENTED_EDGE ( 'NONE', *, *, #2439, .F. ) ;
#213 = ORIENTED_EDGE ( 'NONE', *, *, #2836, .F. ) ;
#214 = CLOSED_SHELL ( 'NONE', ( #486, #2901, #1946, #362, #97, #1579, #1994, #750, #529, #77, #2752, #988, #1661, #1062, #127, #2457, #581, #2441, #906, #1603, #263, #1795, #1973, #99, #487, #2522, #1402, #810, #1583, #1275, #123, #634, #432, #2059, #303, #2919, #1098, #2120, #314, #2123, #411, #1429, #2900, #2423, #540, #1042, #324, #869, #1846, #821, #2073, #2862, #1241, #1368, #1875, #851, #2519, #2909, #2202, #273, #2722, #1452, #2769, #533, #323, #138, #2253, #2109, #2475, #24, #1099, #1279, #1226, #2683, #2494, #2162, #918, #1889, #523, #2788, #945, #490, #2697, #1909, #580, #2034, #957, #2548, #2474, #2331, #1487, #1855 ) ) ;
#215 = CARTESIAN_POINT ( 'NONE',  ( -2.600000000000000533, 28.04999999999999716, 2.168404344971009854E-16 ) ) ;
#216 = EDGE_CURVE ( 'NONE', #1025, #1243, #840, .T. ) ;
#217 = CARTESIAN_POINT ( 'NONE',  ( 5.663203435596419588, 22.55000000000000071, -15.00000000000000000 ) ) ;
#218 = CARTESIAN_POINT ( 'NONE',  ( 14.89002266652921591, 22.62667616668142756, -1.825997142003301210 ) ) ;
#219 = ORIENTED_EDGE ( 'NONE', *, *, #669, .T. ) ;
#220 = CARTESIAN_POINT ( 'NONE',  ( -5.663203435596430246, 0.5500000000000018208, -14.99999999999999645 ) ) ;
#221 = CARTESIAN_POINT ( 'NONE',  ( -15.00000000000000178, 22.55000000000000071, 4.594723187250592614E-15 ) ) ;
#222 = FACE_OUTER_BOUND ( 'NONE', #2269, .T. ) ;
#223 = ORIENTED_EDGE ( 'NONE', *, *, #1610, .F. ) ;
#224 = CARTESIAN_POINT ( 'NONE',  ( 4.999999999999999112, 4.000000000000000000, -1.750000000000000666 ) ) ;
#225 =( NAMED_UNIT ( * ) SI_UNIT ( $, .STERADIAN. ) SOLID_ANGLE_UNIT ( ) );
#226 = CARTESIAN_POINT ( 'NONE',  ( 5.663203435596419588, 22.55000000000000071, -15.00000000000000000 ) ) ;
#227 = ORIENTED_EDGE ( 'NONE', *, *, #2737, .T. ) ;
#228 = CARTESIAN_POINT ( 'NONE',  ( 8.520057117574962646, 22.54999999999985860, -12.34538888465082707 ) ) ;
#229 = CARTESIAN_POINT ( 'NONE',  ( 14.61109127034739430, 22.55000000000000071, -6.602112165249029552 ) ) ;
#230 = EDGE_CURVE ( 'NONE', #2749, #1811, #169, .T. ) ;
#231 = EDGE_CURVE ( 'NONE', #1948, #1167, #1194, .T. ) ;
#232 = CARTESIAN_POINT ( 'NONE',  ( -8.520057117579735717, 22.80000000000000071, -12.34538888464753370 ) ) ;
#233 = LINE ( 'NONE', #2554, #2236 ) ;
#234 = ORIENTED_EDGE ( 'NONE', *, *, #1182, .T. ) ;
#235 = CARTESIAN_POINT ( 'NONE',  ( 8.823820654786413087, 22.55000000000000071, 12.38938278081000988 ) ) ;
#236 = ORIENTED_EDGE ( 'NONE', *, *, #1260, .T. ) ;
#237 = CARTESIAN_POINT ( 'NONE',  ( -15.00000000000000355, 22.55000000000000071, -5.663203435596418700 ) ) ;
#238 = VECTOR ( 'NONE', #2704, 999.9999999999998863 ) ;
#239 = ORIENTED_EDGE ( 'NONE', *, *, #36, .T. ) ;
#240 = CARTESIAN_POINT ( 'NONE',  ( -6.602112165249030440, 22.55000000000000071, -14.61109127034739430 ) ) ;
#241 = CARTESIAN_POINT ( 'NONE',  ( 10.28278358586189078, 22.57955883425905697, -10.93041984973211278 ) ) ;
#242 = AXIS2_PLACEMENT_3D ( 'NONE', #2396, #1387, #1249 ) ;
#243 = CARTESIAN_POINT ( 'NONE',  ( -2.600000000000000977, 38.04999999999999716, -4.329999999999997407 ) ) ;
#244 = AXIS2_PLACEMENT_3D ( 'NONE', #1756, #2673, #591 ) ;
#245 = CARTESIAN_POINT ( 'NONE',  ( 0.000000000000000000, 28.04999999999999716, 12.49999999999998224 ) ) ;
#246 = LINE ( 'NONE', #1881, #929 ) ;
#247 = VERTEX_POINT ( 'NONE', #1726 ) ;
#248 = FACE_OUTER_BOUND ( 'NONE', #1540, .T. ) ;
#249 = EDGE_CURVE ( 'NONE', #2680, #477, #1635, .T. ) ;
#250 = EDGE_LOOP ( 'NONE', ( #2154, #1162, #2495, #2669, #577, #2645, #1104 ) ) ;
#251 = CARTESIAN_POINT ( 'NONE',  ( -8.662058069534648297, 22.55000000000000071, 12.55114536606177644 ) ) ;
#252 = AXIS2_PLACEMENT_3D ( 'NONE', #2207, #2865, #605 ) ;
#253 = DIRECTION ( 'NONE',  ( 0.000000000000000000, 0.000000000000000000, 1.000000000000000000 ) ) ;
#254 = ORIENTED_EDGE ( 'NONE', *, *, #826, .F. ) ;
#255 = DIRECTION ( 'NONE',  ( 3.063148791500395010E-16, 0.000000000000000000, 1.000000000000000000 ) ) ;
#256 = CARTESIAN_POINT ( 'NONE',  ( 0.000000000000000000, 22.55000000000000071, 0.000000000000000000 ) ) ;
#257 = CARTESIAN_POINT ( 'NONE',  ( -10.92769327851112493, 22.60910839274598416, 10.28551015708529448 ) ) ;
#258 = CIRCLE ( 'NONE', #2153, 3.750000000000000000 ) ;
#259 = CIRCLE ( 'NONE', #16, 1.750000000000000000 ) ;
#260 = CARTESIAN_POINT ( 'NONE',  ( -8.895907654629896300, 22.79999999999968807, -12.08599907738737578 ) ) ;
#261 = CARTESIAN_POINT ( 'NONE',  ( -15.00000000000000178, 22.55000000000000071, 1.606956047217783512 ) ) ;
#262 = EDGE_LOOP ( 'NONE', ( #1826, #2700, #254, #658 ) ) ;
#263 = ADVANCED_FACE ( 'NONE', ( #2687 ), #318, .F. ) ;
#264 = EDGE_CURVE ( 'NONE', #145, #509, #65, .T. ) ;
#265 = DIRECTION ( 'NONE',  ( 0.000000000000000000, 1.000000000000000000, 0.000000000000000000 ) ) ;
#266 = ORIENTED_EDGE ( 'NONE', *, *, #2990, .T. ) ;
#267 = CARTESIAN_POINT ( 'NONE',  ( -8.520057117574957317, 22.80000000000000071, 12.34538888465083062 ) ) ;
#268 = ORIENTED_EDGE ( 'NONE', *, *, #1394, .F. ) ;
#269 = CARTESIAN_POINT ( 'NONE',  ( -2.521233158057808232, 22.55000000000000071, -14.99999999999999822 ) ) ;
#270 = DIRECTION ( 'NONE',  ( 0.000000000000000000, 1.000000000000000000, 0.000000000000000000 ) ) ;
#271 = LINE ( 'NONE', #1879, #2520 ) ;
#272 = CARTESIAN_POINT ( 'NONE',  ( 10.60660171779820793, 22.55000000000000071, -10.60660171779821148 ) ) ;
#273 = ADVANCED_FACE ( 'NONE', ( #1985 ), #2190, .F. ) ;
#274 = CARTESIAN_POINT ( 'NONE',  ( -0.4509801073924695203, 22.60870329942807189, -15.00000000000000000 ) ) ;
#275 = CARTESIAN_POINT ( 'NONE',  ( 14.14482378458497536, 0.000000000000000000, -6.290562191706244199 ) ) ;
#276 = CARTESIAN_POINT ( 'NONE',  ( 0.000000000000000000, 22.55000000000000071, 0.000000000000000000 ) ) ;
#277 = EDGE_CURVE ( 'NONE', #117, #2685, #1093, .T. ) ;
#278 = ORIENTED_EDGE ( 'NONE', *, *, #2108, .T. ) ;
#279 = DIRECTION ( 'NONE',  ( 1.000000000000000000, 0.000000000000000000, -3.063148791500395010E-16 ) ) ;
#280 = APPLICATION_PROTOCOL_DEFINITION ( 'draft international standard', 'automotive_design', 1998, #748 ) ;
#281 = VERTEX_POINT ( 'NONE', #224 ) ;
#282 = CARTESIAN_POINT ( 'NONE',  ( -5.922181912621922173, 0.000000000000000000, -14.29741189229248910 ) ) ;
#283 = CARTESIAN_POINT ( 'NONE',  ( -5.663203435596427582, 22.55000000000000071, 14.99999999999999645 ) ) ;
#284 = CARTESIAN_POINT ( 'NONE',  ( -10.60660171779820793, 22.55000000000000071, 10.60660171779821859 ) ) ;
#285 = VECTOR ( 'NONE', #50, 1000.000000000000000 ) ;
#286 = AXIS2_PLACEMENT_3D ( 'NONE', #2694, #1555, #610 ) ;
#287 = DIRECTION ( 'NONE',  ( -0.1392813253171515386, -0.7002145072825533001, 0.7002145072825531891 ) ) ;
#288 = CARTESIAN_POINT ( 'NONE',  ( -14.97719685769329345, 22.61007372876415999, 0.9335213545578084915 ) ) ;
#289 = CIRCLE ( 'NONE', #2003, 0.2499999999999994171 ) ;
#290 = AXIS2_PLACEMENT_3D ( 'NONE', #1121, #2042, #2954 ) ;
#291 = CARTESIAN_POINT ( 'NONE',  ( 6.602112165249028664, 0.5500000000000018208, 14.61109127034739430 ) ) ;
#292 = CARTESIAN_POINT ( 'NONE',  ( -5.663203435596430246, 0.5500000000000018208, -14.99999999999999645 ) ) ;
#293 = DIRECTION ( 'NONE',  ( -0.000000000000000000, -1.000000000000000000, 0.000000000000000000 ) ) ;
#294 = ORIENTED_EDGE ( 'NONE', *, *, #130, .F. ) ;
#295 = DIRECTION ( 'NONE',  ( -3.063148791500395010E-16, 0.000000000000000000, -1.000000000000000000 ) ) ;
#296 = ORIENTED_EDGE ( 'NONE', *, *, #1647, .T. ) ;
#297 = DIRECTION ( 'NONE',  ( -0.000000000000000000, -1.000000000000000000, -0.000000000000000000 ) ) ;
#298 = DIRECTION ( 'NONE',  ( -0.000000000000000000, 1.000000000000000000, -0.000000000000000000 ) ) ;
#299 = DIRECTION ( 'NONE',  ( 1.000000000000000000, 0.000000000000000000, 0.000000000000000000 ) ) ;
#300 = ADVANCED_BREP_SHAPE_REPRESENTATION ( 'SpoolMainDriveKeyMKII', ( #562, #705 ), #864 ) ;
#301 =( BOUNDED_SURFACE ( )  B_SPLINE_SURFACE ( 3, 2, ( 
 ( #857, #2497, #2233 ),
 ( #1798, #1118, #1784 ),
 ( #2758, #1843, #885 ),
 ( #1576, #676, #1608 ),
 ( #452, #149, #2249 ),
 ( #1092, #2714, #2014 ),
 ( #416, #2701, #616 ),
 ( #1547, #178, #389 ) ),
 .UNSPECIFIED., .F., .F., .F. ) 
 B_SPLINE_SURFACE_WITH_KNOTS ( ( 4, 2, 2, 4 ),
 ( 3, 3 ),
 ( 0.001235652188205497038, 0.001944503121141347808, 0.002653354054077198577, 0.004071055919948900551 ),
 ( 0.000000000000000000, 1.000000000000000000 ),
 .UNSPECIFIED. ) 
 GEOMETRIC_REPRESENTATION_ITEM ( )  RATIONAL_B_SPLINE_SURFACE ( (
 ( 1.000000000000000000, 0.7071067811876237119, 1.000000000000000000),
 ( 1.000000000000000000, 0.7652304032466988870, 1.000000000000000000),
 ( 1.000000000000000000, 0.8101366047352620559, 1.000000000000000000),
 ( 1.000000000000000000, 0.8837265853922986469, 1.000000000000000000),
 ( 1.000000000000000000, 0.9123074770317527449, 1.000000000000000000),
 ( 1.000000000000000000, 0.9795175777407927331, 1.000000000000000000),
 ( 1.000000000000000000, 0.9996742055249880909, 1.000000000000000000),
 ( 1.000000000000000000, 1.000000000000000000, 1.000000000000000000) ) ) 
 REPRESENTATION_ITEM ( '' )  SURFACE ( )  );
#302 = AXIS2_PLACEMENT_3D ( 'NONE', #1861, #1874, #1417 ) ;
#303 = ADVANCED_FACE ( 'NONE', ( #2277 ), #193, .F. ) ;
#304 = LINE ( 'NONE', #1187, #2966 ) ;
#305 = AXIS2_PLACEMENT_3D ( 'NONE', #1468, #1735, #991 ) ;
#306 = CARTESIAN_POINT ( 'NONE',  ( 8.895919851065661632, 22.80000000000000071, -12.08599066012908274 ) ) ;
#307 = CARTESIAN_POINT ( 'NONE',  ( -14.89267021950865910, 22.75942720414244391, 1.805509001044568462 ) ) ;
#308 = VECTOR ( 'NONE', #2328, 1000.000000000000000 ) ;
#309 = CARTESIAN_POINT ( 'NONE',  ( 2.274662448755675026, 22.60866058912368715, -14.82841273915265923 ) ) ;
#310 = VECTOR ( 'NONE', #2448, 1000.000000000000000 ) ;
#311 = DIRECTION ( 'NONE',  ( 0.000000000000000000, 1.000000000000000000, 0.000000000000000000 ) ) ;
#312 = DIRECTION ( 'NONE',  ( -0.3966396567602794021, -0.7002145072825536332, 0.5936131960091000082 ) ) ;
#313 = VERTEX_POINT ( 'NONE', #179 ) ;
#314 = ADVANCED_FACE ( 'NONE', ( #431 ), #617, .F. ) ;
#315 = DIRECTION ( 'NONE',  ( 0.000000000000000000, 0.000000000000000000, 1.000000000000000000 ) ) ;
#316 = ORIENTED_EDGE ( 'NONE', *, *, #2148, .T. ) ;
#317 = CARTESIAN_POINT ( 'NONE',  ( 2.850376317693109063E-29, 22.55000000000000071, -14.99999999999999822 ) ) ;
#318 = PLANE ( 'NONE',  #252 ) ;
#319 = EDGE_CURVE ( 'NONE', #2427, #1221, #2041, .T. ) ;
#320 = CARTESIAN_POINT ( 'NONE',  ( 5.663203435596419588, 0.5500000000000018208, -15.00000000000000000 ) ) ;
#321 = ORIENTED_EDGE ( 'NONE', *, *, #1836, .T. ) ;
#322 = VERTEX_POINT ( 'NONE', #2953 ) ;
#323 = ADVANCED_FACE ( 'NONE', ( #2997 ), #2471, .F. ) ;
#324 = ADVANCED_FACE ( 'NONE', ( #2969 ), #2498, .F. ) ;
#325 = DIRECTION ( 'NONE',  ( 0.000000000000000000, 0.000000000000000000, 1.000000000000000000 ) ) ;
#326 = DIRECTION ( 'NONE',  ( 0.000000000000000000, 0.000000000000000000, 1.000000000000000000 ) ) ;
#327 = CARTESIAN_POINT ( 'NONE',  ( 2.521233158053222123, 22.55000000000000071, -14.99999999999999822 ) ) ;
#328 = CARTESIAN_POINT ( 'NONE',  ( 2.600000000000000089, 38.04999999999999716, -7.088194410426394754 ) ) ;
#329 = DIRECTION ( 'NONE',  ( 0.000000000000000000, 0.000000000000000000, 1.000000000000000000 ) ) ;
#330 = EDGE_LOOP ( 'NONE', ( #2458, #2274, #2734, #2127 ) ) ;
#331 = CARTESIAN_POINT ( 'NONE',  ( -2.600000000000000089, 28.23177462577260499, -7.088194410426376102 ) ) ;
#332 = EDGE_LOOP ( 'NONE', ( #2978, #1788, #1481, #2638 ) ) ;
#333 = CARTESIAN_POINT ( 'NONE',  ( -6.602112165249028664, 22.55000000000000071, 14.61109127034739430 ) ) ;
#334 = DIRECTION ( 'NONE',  ( 0.8230259256431997628, -5.573948880915650056E-13, -0.5680038078386044909 ) ) ;
#335 = DIRECTION ( 'NONE',  ( -1.000000000000000000, 0.000000000000000000, 3.063148791500394517E-16 ) ) ;
#336 = DIRECTION ( 'NONE',  ( 0.000000000000000000, 0.000000000000000000, 1.000000000000000000 ) ) ;
#337 = EDGE_LOOP ( 'NONE', ( #625, #1206, #2741 ) ) ;
#338 = ORIENTED_EDGE ( 'NONE', *, *, #1450, .T. ) ;
#339 = CARTESIAN_POINT ( 'NONE',  ( 14.75409836065573188, 22.80000000000000071, -2.704918032786914672 ) ) ;
#340 = VECTOR ( 'NONE', #2354, 1000.000000000000000 ) ;
#341 = CARTESIAN_POINT ( 'NONE',  ( 10.60660171779821326, 22.55000000000000071, 10.60660171779820971 ) ) ;
#342 = AXIS2_PLACEMENT_3D ( 'NONE', #1075, #1519, #1026 ) ;
#343 = CARTESIAN_POINT ( 'NONE',  ( 14.61109127034739430, 0.5500000000000018208, 6.602112165249022446 ) ) ;
#344 = CARTESIAN_POINT ( 'NONE',  ( 11.74289123585261230, 22.55000000000000071, -9.470312199743808890 ) ) ;
#345 = CIRCLE ( 'NONE', #101, 15.25000000000000000 ) ;
#346 = EDGE_LOOP ( 'NONE', ( #134, #1022, #1905, #1257 ) ) ;
#347 = PLANE ( 'NONE',  #852 ) ;
#348 = EDGE_CURVE ( 'NONE', #2092, #1158, #1373, .T. ) ;
#349 = ORIENTED_EDGE ( 'NONE', *, *, #1944, .T. ) ;
#350 = CARTESIAN_POINT ( 'NONE',  ( -5.663203435596427582, 0.5500000000000018208, 14.99999999999999645 ) ) ;
#351 = CARTESIAN_POINT ( 'NONE',  ( -11.81022115871589762, 22.76226825234901341, 9.258688468323640564 ) ) ;
#352 = DIRECTION ( 'NONE',  ( 0.2705980500730985616, 0.7071067811865471286, -0.6532814824381888430 ) ) ;
#353 = EDGE_LOOP ( 'NONE', ( #2725, #825, #1758 ) ) ;
#354 = CARTESIAN_POINT ( 'NONE',  ( -12.08190860392688748, 22.78990841343744123, -8.892635914409783737 ) ) ;
#355 = VECTOR ( 'NONE', #55, 1000.000000000000000 ) ;
#356 = CARTESIAN_POINT ( 'NONE',  ( 2.600000000000000089, 28.29999999999999716, -7.088194410426394754 ) ) ;
#357 = DIRECTION ( 'NONE',  ( 0.7071067811865477948, 0.000000000000000000, 0.7071067811865473507 ) ) ;
#358 = VECTOR ( 'NONE', #2977, 1000.000000000000000 ) ;
#359 = ORIENTED_EDGE ( 'NONE', *, *, #372, .F. ) ;
#360 = CARTESIAN_POINT ( 'NONE',  ( 2.704918032787693161, 22.80000000000000071, 14.75409836065558977 ) ) ;
#361 = EDGE_CURVE ( 'NONE', #1298, #1793, #1548, .T. ) ;
#362 = ADVANCED_FACE ( 'NONE', ( #390 ), #1108, .F. ) ;
#363 = ORIENTED_EDGE ( 'NONE', *, *, #2074, .T. ) ;
#364 = CARTESIAN_POINT ( 'NONE',  ( -2.600000000000000089, 38.04999999999999716, -7.088194410426394754 ) ) ;
#365 = DIRECTION ( 'NONE',  ( -0.000000000000000000, 1.000000000000000000, -0.000000000000000000 ) ) ;
#366 = DIRECTION ( 'NONE',  ( 0.3826834323650892267, -0.000000000000000000, -0.9238795325112869605 ) ) ;
#367 = DIRECTION ( 'NONE',  ( 0.000000000000000000, 1.000000000000000000, 0.000000000000000000 ) ) ;
#368 = ORIENTED_EDGE ( 'NONE', *, *, #2526, .T. ) ;
#369 = DIRECTION ( 'NONE',  ( 0.000000000000000000, 0.000000000000000000, 1.000000000000000000 ) ) ;
#370 = DIRECTION ( 'NONE',  ( -0.000000000000000000, -1.000000000000000000, -0.000000000000000000 ) ) ;
#371 = CARTESIAN_POINT ( 'NONE',  ( 12.09370044451351411, 22.60866058912369425, -8.876841959662185033 ) ) ;
#372 = EDGE_CURVE ( 'NONE', #1397, #1948, #1815, .T. ) ;
#373 = VERTEX_POINT ( 'NONE', #2759 ) ;
#374 = ORIENTED_EDGE ( 'NONE', *, *, #1364, .F. ) ;
#375 = CARTESIAN_POINT ( 'NONE',  ( 0.000000000000000000, 22.80000000000000071, 0.000000000000000000 ) ) ;
#376 = DIRECTION ( 'NONE',  ( -0.7071067811865476838, -0.000000000000000000, -0.7071067811865474617 ) ) ;
#377 = DIRECTION ( 'NONE',  ( -1.000000000000000000, 0.000000000000000000, 3.063148791500394517E-16 ) ) ;
#378 = CARTESIAN_POINT ( 'NONE',  ( -5.663203435596427582, 22.55000000000000071, 14.99999999999999645 ) ) ;
#379 = VERTEX_POINT ( 'NONE', #1577 ) ;
#380 = EDGE_LOOP ( 'NONE', ( #1703, #91, #996, #278, #296, #2789, #903, #776, #924, #467, #1619, #727, #2402, #52, #756 ) ) ;
#381 = CARTESIAN_POINT ( 'NONE',  ( -12.38938278081305988, 22.55000000000000071, -8.823820654783157025 ) ) ;
#382 = CARTESIAN_POINT ( 'NONE',  ( 12.34538888465082884, 22.54999999999985505, 8.520057117574959094 ) ) ;
#383 = CARTESIAN_POINT ( 'NONE',  ( 12.34538888464806661, 22.55000000000075744, -8.520057117578964778 ) ) ;
#384 = CIRCLE ( 'NONE', #2806, 15.25000000000000000 ) ;
#385 = ORIENTED_EDGE ( 'NONE', *, *, #2939, .T. ) ;
#386 = VECTOR ( 'NONE', #1201, 1000.000000000000000 ) ;
#387 = VECTOR ( 'NONE', #28, 1000.000000000000000 ) ;
#388 = ORIENTED_EDGE ( 'NONE', *, *, #809, .F. ) ;
#389 = CARTESIAN_POINT ( 'NONE',  ( -15.00000000000000000, 22.55000000000000071, 4.594723187250591036E-15 ) ) ;
#390 = FACE_OUTER_BOUND ( 'NONE', #2917, .T. ) ;
#391 = ORIENTED_EDGE ( 'NONE', *, *, #448, .T. ) ;
#392 = VERTEX_POINT ( 'NONE', #873 ) ;
#393 = CARTESIAN_POINT ( 'NONE',  ( -10.92769327851185146, 22.60910839274375661, -10.28551015708456617 ) ) ;
#394 = EDGE_CURVE ( 'NONE', #2070, #913, #1166, .T. ) ;
#395 = DIRECTION ( 'NONE',  ( 0.000000000000000000, 0.000000000000000000, 1.000000000000000000 ) ) ;
#396 =( BOUNDED_SURFACE ( )  B_SPLINE_SURFACE ( 3, 2, ( 
 ( #2130, #984, #1908 ),
 ( #2594, #1937, #514 ),
 ( #2392, #1493, #151 ),
 ( #2016, #1972, #1028 ),
 ( #1270, #841, #1956 ),
 ( #1741, #2000, #1077 ),
 ( #87, #2914, #1256 ),
 ( #2192, #2703, #1094 ) ),
 .UNSPECIFIED., .F., .F., .F. ) 
 B_SPLINE_SURFACE_WITH_KNOTS ( ( 4, 2, 2, 4 ),
 ( 3, 3 ),
 ( 0.001235652188205520240, 0.001944503121141407005, 0.002653354054077293554, 0.004071055919949067084 ),
 ( 0.000000000000000000, 1.000000000000000000 ),
 .UNSPECIFIED. ) 
 GEOMETRIC_REPRESENTATION_ITEM ( )  RATIONAL_B_SPLINE_SURFACE ( (
 ( 1.000000000000000000, 0.7071067811876212694, 1.000000000000000000),
 ( 1.000000000000000000, 0.7652304032471497486, 1.000000000000000000),
 ( 1.000000000000000000, 0.8101366047346599819, 1.000000000000000000),
 ( 1.000000000000000000, 0.8837265853929067161, 1.000000000000000000),
 ( 1.000000000000000000, 0.9123074770318425619, 1.000000000000000000),
 ( 1.000000000000000000, 0.9795175777406165407, 1.000000000000000000),
 ( 1.000000000000000000, 0.9996742055251311987, 1.000000000000000000),
 ( 1.000000000000000000, 1.000000000000000000, 1.000000000000000000) ) ) 
 REPRESENTATION_ITEM ( '' )  SURFACE ( )  );
#397 = CARTESIAN_POINT ( 'NONE',  ( 2.600000000000000089, 28.05000000000000071, -7.285879321491870897 ) ) ;
#398 = CARTESIAN_POINT ( 'NONE',  ( 10.60660171779820793, 22.55000000000000071, -10.60660171779821326 ) ) ;
#399 = CIRCLE ( 'NONE', #2636, 2.100000000000000089 ) ;
#400 = ORIENTED_EDGE ( 'NONE', *, *, #188, .F. ) ;
#401 = CIRCLE ( 'NONE', #798, 3.750000000000000000 ) ;
#402 = EDGE_LOOP ( 'NONE', ( #338, #2910, #2798, #1090 ) ) ;
#403 = DIRECTION ( 'NONE',  ( -0.000000000000000000, -1.000000000000000000, -0.000000000000000000 ) ) ;
#404 = CARTESIAN_POINT ( 'NONE',  ( -7.071067811865479946, 6.499999999999999112, -7.071067811865474617 ) ) ;
#405 = CARTESIAN_POINT ( 'NONE',  ( -15.00000000000000178, 22.55000000000000071, 2.749999999999988454 ) ) ;
#406 = DIRECTION ( 'NONE',  ( -0.000000000000000000, 1.000000000000000000, -0.000000000000000000 ) ) ;
#407 = EDGE_CURVE ( 'NONE', #838, #2092, #399, .T. ) ;
#408 = ORIENTED_EDGE ( 'NONE', *, *, #93, .T. ) ;
#409 = ORIENTED_EDGE ( 'NONE', *, *, #870, .F. ) ;
#410 = CARTESIAN_POINT ( 'NONE',  ( 14.89002266652985007, 22.62667616668155901, 1.825997142000070905 ) ) ;
#411 = ADVANCED_FACE ( 'NONE', ( #1799 ), #2729, .F. ) ;
#412 = CARTESIAN_POINT ( 'NONE',  ( 10.92663933540041832, 22.60891435840936836, -10.28656410019600642 ) ) ;
#413 = CARTESIAN_POINT ( 'NONE',  ( -14.61109127034739785, 22.55000000000000071, 6.602112165249030440 ) ) ;
#414 = VERTEX_POINT ( 'NONE', #1343 ) ;
#415 = ORIENTED_EDGE ( 'NONE', *, *, #1225, .T. ) ;
#416 = CARTESIAN_POINT ( 'NONE',  ( -15.00000000000000355, 22.60910839274466611, -0.4540920399216809566 ) ) ;
#417 = DIRECTION ( 'NONE',  ( 0.3826834323650895597, 0.000000000000000000, 0.9238795325112868495 ) ) ;
#418 = LINE ( 'NONE', #2487, #2523 ) ;
#419 = ORIENTED_EDGE ( 'NONE', *, *, #54, .T. ) ;
#420 = CARTESIAN_POINT ( 'NONE',  ( 8.985388100633032948, 22.55000000000000071, -12.22781533496338646 ) ) ;
#421 = CARTESIAN_POINT ( 'NONE',  ( -9.258711947655857699, 22.76226597817865382, 11.81020331020058833 ) ) ;
#422 = DIRECTION ( 'NONE',  ( -0.000000000000000000, -1.000000000000000000, 0.000000000000000000 ) ) ;
#423 = ORIENTED_EDGE ( 'NONE', *, *, #628, .T. ) ;
#424 = AXIS2_PLACEMENT_3D ( 'NONE', #2078, #2993, #2321 ) ;
#425 = EDGE_CURVE ( 'NONE', #1433, #1983, #1729, .T. ) ;
#426 = FACE_OUTER_BOUND ( 'NONE', #1325, .T. ) ;
#427 = UNCERTAINTY_MEASURE_WITH_UNIT (LENGTH_MEASURE( 1.000000000000000082E-05 ), #663, 'distance_accuracy_value', 'NONE');
#428 = TOROIDAL_SURFACE ( 'NONE', #1321, 15.25000000000000000, 0.2500000000000000000 ) ;
#429 = VERTEX_POINT ( 'NONE', #915 ) ;
#430 = CARTESIAN_POINT ( 'NONE',  ( 2.704918032781963966, 22.80000000000000071, -14.75409836065663782 ) ) ;
#431 = FACE_OUTER_BOUND ( 'NONE', #653, .T. ) ;
#432 = ADVANCED_FACE ( 'NONE', ( #1844 ), #677, .F. ) ;
#433 = CYLINDRICAL_SURFACE ( 'NONE', #835, 7.549999999999999822 ) ;
#434 = AXIS2_PLACEMENT_3D ( 'NONE', #2161, #59, #745 ) ;
#435 = DIRECTION ( 'NONE',  ( 0.000000000000000000, 1.000000000000000000, -0.000000000000000000 ) ) ;
#436 = EDGE_CURVE ( 'NONE', #2080, #281, #1615, .T. ) ;
#437 = VERTEX_POINT ( 'NONE', #1653 ) ;
#438 = VECTOR ( 'NONE', #1549, 1000.000000000000000 ) ;
#439 = VERTEX_POINT ( 'NONE', #9 ) ;
#440 = DIRECTION ( 'NONE',  ( 8.340016711426957754E-17, -0.000000000000000000, 1.000000000000000000 ) ) ;
#441 = EDGE_CURVE ( 'NONE', #2479, #247, #2140, .T. ) ;
#442 = CARTESIAN_POINT ( 'NONE',  ( -8.892635914413371978, 22.78990841343797058, -12.08190860392423183 ) ) ;
#443 = PLANE ( 'NONE',  #2855 ) ;
#444 = ORIENTED_EDGE ( 'NONE', *, *, #2463, .T. ) ;
#445 = CIRCLE ( 'NONE', #2348, 3.750000000000000000 ) ;
#446 = DIRECTION ( 'NONE',  ( -0.000000000000000000, -1.000000000000000000, -0.000000000000000000 ) ) ;
#447 = CARTESIAN_POINT ( 'NONE',  ( -5.553801633537619686, 0.000000000000000000, -14.44999999999999396 ) ) ;
#448 = EDGE_CURVE ( 'NONE', #1059, #1550, #445, .T. ) ;
#449 = EDGE_CURVE ( 'NONE', #2868, #1397, #1445, .T. ) ;
#450 = VECTOR ( 'NONE', #2574, 1000.000000000000000 ) ;
#451 = ORIENTED_EDGE ( 'NONE', *, *, #2971, .T. ) ;
#452 = CARTESIAN_POINT ( 'NONE',  ( -14.91820288521753568, 22.73881760106674932, -1.580612505458599992 ) ) ;
#453 = DIRECTION ( 'NONE',  ( 0.000000000000000000, 0.000000000000000000, -1.000000000000000000 ) ) ;
#454 = ORIENTED_EDGE ( 'NONE', *, *, #407, .F. ) ;
#455 = VERTEX_POINT ( 'NONE', #2385 ) ;
#456 = VECTOR ( 'NONE', #365, 1000.000000000000000 ) ;
#457 = CARTESIAN_POINT ( 'NONE',  ( -12.34538888464797424, 22.80000000000000071, 8.520057117579094452 ) ) ;
#458 = LINE ( 'NONE', #908, #1702 ) ;
#459 = DIRECTION ( 'NONE',  ( -0.7071067811865473507, 0.000000000000000000, 0.7071067811865477948 ) ) ;
#460 = ORIENTED_EDGE ( 'NONE', *, *, #1888, .F. ) ;
#461 = CARTESIAN_POINT ( 'NONE',  ( -14.61109127034739785, 22.55000000000000071, 6.602112165249030440 ) ) ;
#462 = LINE ( 'NONE', #947, #450 ) ;
#463 = ORIENTED_EDGE ( 'NONE', *, *, #1043, .F. ) ;
#464 = DIRECTION ( 'NONE',  ( -0.3826834323650895597, 0.000000000000000000, 0.9238795325112868495 ) ) ;
#465 = CARTESIAN_POINT ( 'NONE',  ( -10.60660171779820971, 22.55000000000000071, 10.60660171779821681 ) ) ;
#466 = APPLICATION_PROTOCOL_DEFINITION ( 'draft international standard', 'automotive_design', 1998, #609 ) ;
#467 = ORIENTED_EDGE ( 'NONE', *, *, #1517, .T. ) ;
#468 = CARTESIAN_POINT ( 'NONE',  ( 6.602112165249028664, 22.55000000000000071, 14.61109127034739430 ) ) ;
#469 = CARTESIAN_POINT ( 'NONE',  ( 9.952069328248200009, 22.66806967514194682, -11.23213109580912850 ) ) ;
#470 = CARTESIAN_POINT ( 'NONE',  ( -5.663203435596427582, 22.55000000000000071, 14.99999999999999645 ) ) ;
#471 = LINE ( 'NONE', #1598, #1600 ) ;
#472 = EDGE_CURVE ( 'NONE', #2479, #2951, #510, .T. ) ;
#473 = DIRECTION ( 'NONE',  ( 1.000000000000000000, -0.000000000000000000, 0.000000000000000000 ) ) ;
#474 = ORIENTED_EDGE ( 'NONE', *, *, #211, .F. ) ;
#475 = LINE ( 'NONE', #2338, #1174 ) ;
#476 = DIRECTION ( 'NONE',  ( 0.000000000000000000, -1.000000000000000000, 0.000000000000000000 ) ) ;
#477 = VERTEX_POINT ( 'NONE', #695 ) ;
#478 = CARTESIAN_POINT ( 'NONE',  ( 5.663203435596427582, 22.55000000000000071, 14.99999999999999467 ) ) ;
#479 = AXIS2_PLACEMENT_3D ( 'NONE', #343, #1684, #2601 ) ;
#480 = VERTEX_POINT ( 'NONE', #2341 ) ;
#481 = CARTESIAN_POINT ( 'NONE',  ( -6.290562191706238870, 0.000000000000000000, 14.14482378458497891 ) ) ;
#482 = DIRECTION ( 'NONE',  ( -0.7071067811865473507, 0.000000000000000000, 0.7071067811865477948 ) ) ;
#483 = VECTOR ( 'NONE', #2521, 1000.000000000000000 ) ;
#484 = CARTESIAN_POINT ( 'NONE',  ( -4.999999999999997335, 0.000000000000000000, -1.749999999999999334 ) ) ;
#485 = VECTOR ( 'NONE', #2195, 1000.000000000000114 ) ;
#486 = ADVANCED_FACE ( 'NONE', ( #2368 ), #1334, .F. ) ;
#487 = ADVANCED_FACE ( 'NONE', ( #2829 ), #2097, .F. ) ;
#488 = FACE_OUTER_BOUND ( 'NONE', #644, .T. ) ;
#489 =( LENGTH_UNIT ( ) NAMED_UNIT ( * ) SI_UNIT ( .MILLI., .METRE. ) );
#490 = ADVANCED_FACE ( 'NONE', ( #741 ), #2287, .F. ) ;
#491 = ORIENTED_EDGE ( 'NONE', *, *, #1679, .F. ) ;
#492 = DIRECTION ( 'NONE',  ( 0.000000000000000000, -0.000000000000000000, 1.000000000000000000 ) ) ;
#493 = ORIENTED_EDGE ( 'NONE', *, *, #2600, .F. ) ;
#494 = DIRECTION ( 'NONE',  ( 0.000000000000000000, 1.000000000000000000, 0.000000000000000000 ) ) ;
#495 = EDGE_CURVE ( 'NONE', #2967, #2713, #2790, .T. ) ;
#496 = CIRCLE ( 'NONE', #894, 12.49999999999998224 ) ;
#497 = ORIENTED_EDGE ( 'NONE', *, *, #1854, .F. ) ;
#498 = CARTESIAN_POINT ( 'NONE',  ( -6.602112165249030440, 0.5500000000000015987, 14.61109127034739430 ) ) ;
#499 = DIRECTION ( 'NONE',  ( 0.000000000000000000, 0.000000000000000000, -1.000000000000000000 ) ) ;
#500 = FACE_OUTER_BOUND ( 'NONE', #337, .T. ) ;
#501 = VECTOR ( 'NONE', #1852, 1000.000000000000000 ) ;
#502 = EDGE_CURVE ( 'NONE', #1793, #2951, #2576, .T. ) ;
#503 = AXIS2_PLACEMENT_3D ( 'NONE', #256, #1907, #744 ) ;
#504 = CARTESIAN_POINT ( 'NONE',  ( 0.000000000000000000, 22.80000000000000071, 0.000000000000000000 ) ) ;
#505 = EDGE_CURVE ( 'NONE', #2427, #1833, #2870, .T. ) ;
#506 = ORIENTED_EDGE ( 'NONE', *, *, #2351, .F. ) ;
#507 = LINE ( 'NONE', #814, #624 ) ;
#508 = LINE ( 'NONE', #2858, #1290 ) ;
#509 = VERTEX_POINT ( 'NONE', #556 ) ;
#510 = LINE ( 'NONE', #34, #847 ) ;
#511 = ORIENTED_EDGE ( 'NONE', *, *, #2369, .F. ) ;
#512 = DIRECTION ( 'NONE',  ( -0.7071067811865475727, 0.000000000000000000, 0.7071067811865475727 ) ) ;
#513 = DIRECTION ( 'NONE',  ( 0.000000000000000000, 0.000000000000000000, 1.000000000000000000 ) ) ;
#514 = CARTESIAN_POINT ( 'NONE',  ( -2.521233158053302503, 22.55000000000000071, 14.99999999999999645 ) ) ;
#515 = LINE ( 'NONE', #2246, #1523 ) ;
#516 = CARTESIAN_POINT ( 'NONE',  ( 0.000000000000000000, 38.04999999999999716, 0.000000000000000000 ) ) ;
#517 = DIRECTION ( 'NONE',  ( 0.000000000000000000, 1.000000000000000000, -0.000000000000000000 ) ) ;
#518 = DIRECTION ( 'NONE',  ( 0.000000000000000000, 0.000000000000000000, -1.000000000000000000 ) ) ;
#519 = CARTESIAN_POINT ( 'NONE',  ( 10.60660171779821148, 22.55000000000000071, 10.60660171779821148 ) ) ;
#520 = VERTEX_POINT ( 'NONE', #2185 ) ;
#521 = CARTESIAN_POINT ( 'NONE',  ( -9.254020444057399430, 22.75942720414244391, 11.80739576032160620 ) ) ;
#522 = EDGE_CURVE ( 'NONE', #153, #455, #538, .T. ) ;
#523 = ADVANCED_FACE ( 'NONE', ( #804 ), #1132, .F. ) ;
#524 = EDGE_LOOP ( 'NONE', ( #875, #2307, #1612 ) ) ;
#525 = CARTESIAN_POINT ( 'NONE',  ( -15.00000000000000355, 0.5500000000000018208, -5.663203435596418700 ) ) ;
#526 = DIRECTION ( 'NONE',  ( 0.000000000000000000, 0.000000000000000000, 1.000000000000000000 ) ) ;
#527 = CARTESIAN_POINT ( 'NONE',  ( -6.602112165249030440, 22.55000000000000071, -14.61109127034739430 ) ) ;
#528 = VECTOR ( 'NONE', #1156, 1000.000000000000000 ) ;
#529 = ADVANCED_FACE ( 'NONE', ( #1061 ), #2416, .F. ) ;
#530 = VECTOR ( 'NONE', #2276, 1000.000000000000000 ) ;
#531 = CARTESIAN_POINT ( 'NONE',  ( -10.60660171779821148, 22.55000000000000071, -10.60660171779820615 ) ) ;
#532 = VECTOR ( 'NONE', #2208, 1000.000000000000000 ) ;
#533 = ADVANCED_FACE ( 'NONE', ( #770, #2401 ), #2860, .T. ) ;
#534 = CARTESIAN_POINT ( 'NONE',  ( 1.606956047214941785, 22.55000000000000071, -14.99999999999999822 ) ) ;
#535 = DIRECTION ( 'NONE',  ( -0.000000000000000000, 1.000000000000000000, -0.000000000000000000 ) ) ;
#536 = DIRECTION ( 'NONE',  ( -1.381347842916461856E-16, 0.000000000000000000, 1.000000000000000000 ) ) ;
#537 = ORIENTED_EDGE ( 'NONE', *, *, #49, .T. ) ;
#538 = LINE ( 'NONE', #82, #793 ) ;
#539 = EDGE_CURVE ( 'NONE', #697, #439, #1016, .T. ) ;
#540 = ADVANCED_FACE ( 'NONE', ( #2635 ), #347, .F. ) ;
#541 = EDGE_LOOP ( 'NONE', ( #1139, #451, #1208, #586 ) ) ;
#542 = CARTESIAN_POINT ( 'NONE',  ( 5.000000000000000000, 0.000000000000000000, 3.749999999999999556 ) ) ;
#543 = LINE ( 'NONE', #1076, #456 ) ;
#544 = DIRECTION ( 'NONE',  ( -0.7071067811865477948, 0.000000000000000000, -0.7071067811865473507 ) ) ;
#545 = VECTOR ( 'NONE', #2671, 1000.000000000000000 ) ;
#546 = DIRECTION ( 'NONE',  ( 0.000000000000000000, 0.000000000000000000, 1.000000000000000000 ) ) ;
#547 = ORIENTED_EDGE ( 'NONE', *, *, #1407, .T. ) ;
#548 = AXIS2_PLACEMENT_3D ( 'NONE', #1455, #265, #1207 ) ;
#549 = CARTESIAN_POINT ( 'NONE',  ( -10.60660171779821859, 6.499999999999999112, -10.60660171779821148 ) ) ;
#550 = DIRECTION ( 'NONE',  ( 0.000000000000000000, 0.000000000000000000, 1.000000000000000000 ) ) ;
#551 = FACE_BOUND ( 'NONE', #1562, .T. ) ;
#552 = CIRCLE ( 'NONE', #688, 0.2500000000000001665 ) ;
#553 = CARTESIAN_POINT ( 'NONE',  ( 8.520057117575596806, 22.80000000000000071, -12.34538888465039008 ) ) ;
#554 = CARTESIAN_POINT ( 'NONE',  ( -2.600000000000000089, 38.04999999999999716, -7.088194410426394754 ) ) ;
#555 = ORIENTED_EDGE ( 'NONE', *, *, #635, .F. ) ;
#556 = CARTESIAN_POINT ( 'NONE',  ( -12.34538888465038475, 22.80000000000000071, -8.520057117575605687 ) ) ;
#557 = LINE ( 'NONE', #1941, #1081 ) ;
#558 = ORIENTED_EDGE ( 'NONE', *, *, #472, .T. ) ;
#559 = CARTESIAN_POINT ( 'NONE',  ( -14.61109127034739785, 22.55000000000000071, 6.602112165249030440 ) ) ;
#560 = DIRECTION ( 'NONE',  ( 0.000000000000000000, -1.000000000000000000, 0.000000000000000000 ) ) ;
#561 = DIRECTION ( 'NONE',  ( 1.000000000000000000, 0.000000000000000000, -1.531574395750196519E-16 ) ) ;
#562 = MANIFOLD_SOLID_BREP ( 'Fillet1', #214 ) ;
#563 = ORIENTED_EDGE ( 'NONE', *, *, #2661, .T. ) ;
#564 = ORIENTED_EDGE ( 'NONE', *, *, #2565, .T. ) ;
#565 = DIRECTION ( 'NONE',  ( 0.000000000000000000, 1.000000000000000000, 0.000000000000000000 ) ) ;
#566 = EDGE_CURVE ( 'NONE', #1840, #520, #2809, .T. ) ;
#567 = CARTESIAN_POINT ( 'NONE',  ( 11.90456750357165561, 22.55000000000000071, 9.308635932024765580 ) ) ;
#568 = DIRECTION ( 'NONE',  ( 0.000000000000000000, 0.000000000000000000, 1.000000000000000000 ) ) ;
#569 = CARTESIAN_POINT ( 'NONE',  ( 9.955903652619298327, 22.55000000000014282, 11.25729978297694700 ) ) ;
#570 = ORIENTED_EDGE ( 'NONE', *, *, #2950, .F. ) ;
#571 = CARTESIAN_POINT ( 'NONE',  ( 2.297361593625295123E-15, 22.55000000000000071, 14.99999999999999822 ) ) ;
#572 = ORIENTED_EDGE ( 'NONE', *, *, #502, .T. ) ;
#573 = CARTESIAN_POINT ( 'NONE',  ( -4.999999999999996447, 0.000000000000000000, 3.750000000000000444 ) ) ;
#574 = CARTESIAN_POINT ( 'NONE',  ( -14.45000000000000107, 0.000000000000000000, -5.553801633537608140 ) ) ;
#575 = DIRECTION ( 'NONE',  ( 1.668003342285391551E-16, 0.000000000000000000, 1.000000000000000000 ) ) ;
#576 = EDGE_LOOP ( 'NONE', ( #1391, #2727, #2916 ) ) ;
#577 = ORIENTED_EDGE ( 'NONE', *, *, #2642, .T. ) ;
#578 = CARTESIAN_POINT ( 'NONE',  ( 2.600000000000000533, 0.000000000000000000, -4.329999999999997407 ) ) ;
#579 = VECTOR ( 'NONE', #689, 1000.000000000000000 ) ;
#580 = ADVANCED_FACE ( 'NONE', ( #1259 ), #2553, .F. ) ;
#581 = ADVANCED_FACE ( 'NONE', ( #1018 ), #1896, .T. ) ;
#582 = LINE ( 'NONE', #2945, #1367 ) ;
#583 = CIRCLE ( 'NONE', #2237, 15.25000000000000000 ) ;
#584 = CARTESIAN_POINT ( 'NONE',  ( 0.000000000000000000, 29.05000000000000071, -15.00000000000000000 ) ) ;
#585 = CIRCLE ( 'NONE', #883, 7.549999999999999822 ) ;
#586 = ORIENTED_EDGE ( 'NONE', *, *, #2661, .F. ) ;
#587 = CARTESIAN_POINT ( 'NONE',  ( -14.61109127034739785, 0.5500000000000018208, 6.602112165249030440 ) ) ;
#588 = ORIENTED_EDGE ( 'NONE', *, *, #2347, .T. ) ;
#589 = CARTESIAN_POINT ( 'NONE',  ( -0.9335213545559671866, 22.61007372876492028, -14.97719685769291509 ) ) ;
#590 = CARTESIAN_POINT ( 'NONE',  ( 6.290562191706235318, 0.000000000000000000, -14.14482378458498069 ) ) ;
#591 = DIRECTION ( 'NONE',  ( 0.000000000000000000, 0.000000000000000000, -1.000000000000000000 ) ) ;
#592 = ORIENTED_EDGE ( 'NONE', *, *, #2005, .T. ) ;
#593 = ORIENTED_EDGE ( 'NONE', *, *, #724, .T. ) ;
#594 = CARTESIAN_POINT ( 'NONE',  ( 0.000000000000000000, 22.80000000000000071, 0.000000000000000000 ) ) ;
#595 = EDGE_CURVE ( 'NONE', #2585, #2356, #2726, .T. ) ;
#596 = AXIS2_PLACEMENT_3D ( 'NONE', #802, #67, #2603 ) ;
#597 = CARTESIAN_POINT ( 'NONE',  ( 10.93305592887458566, 22.55000000000081073, 10.28014750672183197 ) ) ;
#598 = EDGE_CURVE ( 'NONE', #1034, #2356, #1821, .T. ) ;
#599 = CARTESIAN_POINT ( 'NONE',  ( 12.22781533496045547, 22.55000000000005755, -8.985388100635805841 ) ) ;
#600 = VECTOR ( 'NONE', #1180, 1000.000000000000114 ) ;
#601 = ORIENTED_EDGE ( 'NONE', *, *, #1024, .F. ) ;
#602 = CARTESIAN_POINT ( 'NONE',  ( -2.704918032781977733, 22.80000000000000071, 14.75409836065663605 ) ) ;
#603 = EDGE_LOOP ( 'NONE', ( #124, #1072, #2193, #1353 ) ) ;
#604 = FACE_BOUND ( 'NONE', #2545, .T. ) ;
#605 = DIRECTION ( 'NONE',  ( 1.000000000000000000, 0.000000000000000000, -3.063148791500394517E-16 ) ) ;
#606 = CARTESIAN_POINT ( 'NONE',  ( 2.600000000000000089, 28.04999999999999716, -7.353910524340093957 ) ) ;
#607 = ORIENTED_EDGE ( 'NONE', *, *, #1133, .T. ) ;
#608 = DIRECTION ( 'NONE',  ( -0.3826834323650895597, 0.000000000000000000, -0.9238795325112868495 ) ) ;
#609 = APPLICATION_CONTEXT ( 'automotive_design' ) ;
#610 = DIRECTION ( 'NONE',  ( 0.000000000000000000, 0.000000000000000000, -1.000000000000000000 ) ) ;
#611 = CARTESIAN_POINT ( 'NONE',  ( 11.90456750356926463, 22.54999999999994387, -9.308635932027318205 ) ) ;
#612 = ORIENTED_EDGE ( 'NONE', *, *, #2203, .F. ) ;
#613 = PLANE ( 'NONE',  #2924 ) ;
#614 = EDGE_CURVE ( 'NONE', #68, #1091, #1912, .T. ) ;
#615 = ORIENTED_EDGE ( 'NONE', *, *, #2218, .F. ) ;
#616 = CARTESIAN_POINT ( 'NONE',  ( -15.00000000000000000, 22.55000000000081073, -0.4616759727973045457 ) ) ;
#617 = PLANE ( 'NONE',  #158 ) ;
#618 = DIRECTION ( 'NONE',  ( 0.000000000000000000, 0.000000000000000000, -1.000000000000000000 ) ) ;
#619 = EDGE_LOOP ( 'NONE', ( #664, #2963, #2291, #2036 ) ) ;
#620 = EDGE_LOOP ( 'NONE', ( #1135, #607, #2420, #374, #460, #1122, #463 ) ) ;
#621 = CARTESIAN_POINT ( 'NONE',  ( -12.22781533496358364, 22.55000000000000071, -8.985388100632837549 ) ) ;
#622 = CARTESIAN_POINT ( 'NONE',  ( 5.553801633537607252, 0.000000000000000000, 14.44999999999999396 ) ) ;
#623 = CARTESIAN_POINT ( 'NONE',  ( 12.34538888464798667, 22.80000000000000071, -8.520057117579080241 ) ) ;
#624 = VECTOR ( 'NONE', #1713, 1000.000000000000000 ) ;
#625 = ORIENTED_EDGE ( 'NONE', *, *, #2824, .T. ) ;
#626 = VECTOR ( 'NONE', #2952, 1000.000000000000000 ) ;
#627 = DIRECTION ( 'NONE',  ( 0.000000000000000000, 0.000000000000000000, 1.000000000000000000 ) ) ;
#628 = EDGE_CURVE ( 'NONE', #2343, #2792, #496, .T. ) ;
#629 = VECTOR ( 'NONE', #1693, 1000.000000000000000 ) ;
#630 = ORIENTED_EDGE ( 'NONE', *, *, #2644, .T. ) ;
#631 = PLANE ( 'NONE',  #2668 ) ;
#632 = CARTESIAN_POINT ( 'NONE',  ( -5.663203435596427582, 0.5500000000000018208, 14.99999999999999645 ) ) ;
#633 = LINE ( 'NONE', #2746, #1089 ) ;
#634 = ADVANCED_FACE ( 'NONE', ( #2625 ), #760, .F. ) ;
#635 = EDGE_CURVE ( 'NONE', #2803, #2205, #1215, .T. ) ;
#636 = CARTESIAN_POINT ( 'NONE',  ( 0.000000000000000000, 22.55000000000000071, 0.000000000000000000 ) ) ;
#637 = FILL_AREA_STYLE_COLOUR ( '', #1778 ) ;
#638 = ORIENTED_EDGE ( 'NONE', *, *, #2784, .T. ) ;
#639 = ORIENTED_EDGE ( 'NONE', *, *, #1297, .F. ) ;
#640 = LINE ( 'NONE', #215, #1418 ) ;
#641 = CARTESIAN_POINT ( 'NONE',  ( -14.75409836065664138, 22.80000000000000071, -2.704918032781944870 ) ) ;
#642 = CARTESIAN_POINT ( 'NONE',  ( -2.704918032781977733, 22.80000000000000071, 14.75409836065663605 ) ) ;
#643 = VECTOR ( 'NONE', #807, 1000.000000000000227 ) ;
#644 = EDGE_LOOP ( 'NONE', ( #919, #1996, #2121, #2666 ) ) ;
#645 = VECTOR ( 'NONE', #1574, 1000.000000000000000 ) ;
#646 = LINE ( 'NONE', #2682, #645 ) ;
#647 = VECTOR ( 'NONE', #1213, 1000.000000000000114 ) ;
#648 = VERTEX_POINT ( 'NONE', #956 ) ;
#649 = CARTESIAN_POINT ( 'NONE',  ( -15.00000000000000355, 22.55000000000000071, -5.663203435596418700 ) ) ;
#650 = DIRECTION ( 'NONE',  ( 1.000000000000000000, -0.000000000000000000, -1.531574395750196519E-16 ) ) ;
#651 = CARTESIAN_POINT ( 'NONE',  ( 2.704918032786913340, 22.80000000000000071, 14.75409836065573366 ) ) ;
#652 = ORIENTED_EDGE ( 'NONE', *, *, #2820, .F. ) ;
#653 = EDGE_LOOP ( 'NONE', ( #1117, #2659, #2199, #31 ) ) ;
#654 = CARTESIAN_POINT ( 'NONE',  ( 14.97719685769269304, 22.61007372876412092, 0.9335213545554782444 ) ) ;
#655 = CARTESIAN_POINT ( 'NONE',  ( -14.83644853243308503, 22.79999999999969873, -2.255735277636845559 ) ) ;
#656 = DIRECTION ( 'NONE',  ( 0.000000000000000000, 1.000000000000000000, -0.000000000000000000 ) ) ;
#657 = EDGE_CURVE ( 'NONE', #1811, #1934, #304, .T. ) ;
#658 = ORIENTED_EDGE ( 'NONE', *, *, #2242, .F. ) ;
#659 = FACE_OUTER_BOUND ( 'NONE', #2956, .T. ) ;
#660 = EDGE_LOOP ( 'NONE', ( #754, #2991 ) ) ;
#661 = CARTESIAN_POINT ( 'NONE',  ( 10.60660171779821148, 22.55000000000000071, 10.60660171779820615 ) ) ;
#662 = CARTESIAN_POINT ( 'NONE',  ( 4.999999999999999112, 4.000000000000000000, -6.123233995736766282E-16 ) ) ;
#663 =( LENGTH_UNIT ( ) NAMED_UNIT ( * ) SI_UNIT ( .MILLI., .METRE. ) );
#664 = ORIENTED_EDGE ( 'NONE', *, *, #1764, .T. ) ;
#665 = ORIENTED_EDGE ( 'NONE', *, *, #1839, .F. ) ;
#666 = CARTESIAN_POINT ( 'NONE',  ( 14.99999999999999467, 22.60910839273670447, 0.4540920399232997173 ) ) ;
#667 = CARTESIAN_POINT ( 'NONE',  ( 5.922181912621922173, 0.000000000000000000, -14.29741189229248910 ) ) ;
#668 = DIRECTION ( 'NONE',  ( 1.000000000000000000, 0.000000000000000000, -1.531574395750196519E-16 ) ) ;
#669 = EDGE_CURVE ( 'NONE', #437, #2626, #2060, .T. ) ;
#670 = EDGE_CURVE ( 'NONE', #2030, #1974, #1479, .T. ) ;
#671 = VERTEX_POINT ( 'NONE', #2117 ) ;
#672 = AXIS2_PLACEMENT_3D ( 'NONE', #1945, #1696, #1020 ) ;
#673 = LINE ( 'NONE', #1605, #848 ) ;
#674 = AXIS2_PLACEMENT_3D ( 'NONE', #2934, #1807, #2261 ) ;
#675 = ORIENTED_EDGE ( 'NONE', *, *, #407, .T. ) ;
#676 = CARTESIAN_POINT ( 'NONE',  ( -14.89002266652950368, 22.62667616668117532, -1.825997141999749163 ) ) ;
#677 = PLANE ( 'NONE',  #2629 ) ;
#678 = FACE_OUTER_BOUND ( 'NONE', #2051, .T. ) ;
#679 = AXIS2_PLACEMENT_3D ( 'NONE', #1497, #565, #369 ) ;
#680 = DIRECTION ( 'NONE',  ( 0.000000000000000000, 0.000000000000000000, -1.000000000000000000 ) ) ;
#681 = ORIENTED_EDGE ( 'NONE', *, *, #657, .F. ) ;
#682 = VECTOR ( 'NONE', #2499, 1000.000000000000000 ) ;
#683 = ORIENTED_EDGE ( 'NONE', *, *, #1567, .T. ) ;
#684 = CARTESIAN_POINT ( 'NONE',  ( -12.22920610656586682, 22.58814638860395974, 8.688403593582943785 ) ) ;
#685 = CARTESIAN_POINT ( 'NONE',  ( -10.28278358586228158, 22.57955883425861288, -10.93041984973131342 ) ) ;
#686 = CARTESIAN_POINT ( 'NONE',  ( 14.99999999999999645, 22.55000000000000071, -4.592425496802601582E-16 ) ) ;
#687 = VERTEX_POINT ( 'NONE', #1938 ) ;
#688 = AXIS2_PLACEMENT_3D ( 'NONE', #1312, #1047, #2418 ) ;
#689 = DIRECTION ( 'NONE',  ( -0.000000000000000000, -1.000000000000000000, -0.000000000000000000 ) ) ;
#690 = CARTESIAN_POINT ( 'NONE',  ( 8.520057117578947015, 22.55000000000075389, 12.34538888464807904 ) ) ;
#691 =( BOUNDED_SURFACE ( )  B_SPLINE_SURFACE ( 3, 2, ( 
 ( #623, #383, #2244 ),
 ( #157, #2262, #1792 ),
 ( #2695, #371, #599 ),
 ( #143, #2022, #611 ),
 ( #2198, #2426, #344 ),
 ( #867, #1280, #2709 ),
 ( #1556, #114, #2229 ),
 ( #2482, #2946, #398 ) ),
 .UNSPECIFIED., .F., .F., .T. ) 
 B_SPLINE_SURFACE_WITH_KNOTS ( ( 4, 2, 2, 4 ),
 ( 3, 3 ),
 ( 0.001235652188205489882, 0.001944503121141348025, 0.002653354054077206384, 0.004071055919948923102 ),
 ( 0.000000000000000000, 1.000000000000000000 ),
 .UNSPECIFIED. ) 
 GEOMETRIC_REPRESENTATION_ITEM ( )  RATIONAL_B_SPLINE_SURFACE ( (
 ( 1.000000000000000000, 0.7071067811876224907, 1.000000000000000000),
 ( 1.000000000000000000, 0.7652304032471253237, 1.000000000000000000),
 ( 1.000000000000000000, 0.8101366047346879595, 1.000000000000000000),
 ( 1.000000000000000000, 0.8837265853928802928, 1.000000000000000000),
 ( 1.000000000000000000, 0.9123074770323429394, 1.000000000000000000),
 ( 1.000000000000000000, 0.9795175777396135652, 1.000000000000000000),
 ( 1.000000000000000000, 0.9996742055258817095, 1.000000000000000000),
 ( 1.000000000000000000, 1.000000000000000000, 1.000000000000000000) ) ) 
 REPRESENTATION_ITEM ( '' )  SURFACE ( )  );
#692 = AXIS2_PLACEMENT_3D ( 'NONE', #554, #2382, #536 ) ;
#693 = ORIENTED_EDGE ( 'NONE', *, *, #1999, .T. ) ;
#694 = CARTESIAN_POINT ( 'NONE',  ( 2.503725467772193625, 22.58814638860178903, -14.79098366518822871 ) ) ;
#695 = CARTESIAN_POINT ( 'NONE',  ( -10.60660171779820971, 22.55000000000000071, 10.60660171779821681 ) ) ;
#696 = AXIS2_PLACEMENT_3D ( 'NONE', #1448, #298, #2833 ) ;
#697 = VERTEX_POINT ( 'NONE', #747 ) ;
#698 = CARTESIAN_POINT ( 'NONE',  ( -10.60660171779821859, 6.499999999999999112, -10.60660171779821148 ) ) ;
#699 = FACE_OUTER_BOUND ( 'NONE', #2263, .T. ) ;
#700 = AXIS2_PLACEMENT_3D ( 'NONE', #723, #494, #315 ) ;
#701 = CARTESIAN_POINT ( 'NONE',  ( 14.83124266121562940, 22.78990841343796703, 2.255156345806337725 ) ) ;
#702 = CARTESIAN_POINT ( 'NONE',  ( 11.81022115871590472, 22.76226825234900630, -9.258688468323635234 ) ) ;
#703 = CARTESIAN_POINT ( 'NONE',  ( -6.602112165249030440, 0.5500000000000018208, -14.61109127034739430 ) ) ;
#704 = EDGE_LOOP ( 'NONE', ( #37, #572, #2549, #33 ) ) ;
#705 = AXIS2_PLACEMENT_3D ( 'NONE', #2386, #2098, #2791 ) ;
#706 = B_SPLINE_CURVE_WITH_KNOTS ( 'NONE', 3,
 ( #1688, #2157, #2844, #2172, #83, #788 ),
 .UNSPECIFIED., .F., .F.,
 ( 4, 2, 4 ),
 ( -2.449491885554730969E-05, 0.001339858778569950892, 0.002704212475995449328 ),
 .UNSPECIFIED. ) ;
#707 = CARTESIAN_POINT ( 'NONE',  ( 0.000000000000000000, 22.55000000000000071, 0.000000000000000000 ) ) ;
#708 = ORIENTED_EDGE ( 'NONE', *, *, #173, .F. ) ;
#709 = DIRECTION ( 'NONE',  ( -0.000000000000000000, -1.000000000000000000, -0.000000000000000000 ) ) ;
#710 = EDGE_CURVE ( 'NONE', #2706, #1781, #2849, .T. ) ;
#711 = EDGE_CURVE ( 'NONE', #392, #177, #515, .T. ) ;
#712 = ORIENTED_EDGE ( 'NONE', *, *, #2186, .T. ) ;
#713 = LINE ( 'NONE', #468, #882 ) ;
#714 = FACE_OUTER_BOUND ( 'NONE', #1151, .T. ) ;
#715 = CARTESIAN_POINT ( 'NONE',  ( -12.22781533496042172, 22.55000000000000071, 8.985388100636006570 ) ) ;
#716 = DIRECTION ( 'NONE',  ( -0.3826834323650892267, 0.000000000000000000, 0.9238795325112869605 ) ) ;
#717 = CARTESIAN_POINT ( 'NONE',  ( -10.28656410019594247, 22.60891435840868269, -10.92663933540048404 ) ) ;
#718 = CARTESIAN_POINT ( 'NONE',  ( -15.00000000000000178, 22.55000000000000071, 1.835600817736920076 ) ) ;
#719 = ORIENTED_EDGE ( 'NONE', *, *, #1721, .F. ) ;
#720 = DIRECTION ( 'NONE',  ( 0.000000000000000000, 0.000000000000000000, 1.000000000000000000 ) ) ;
#721 = PLANE ( 'NONE',  #1526 ) ;
#722 = EDGE_LOOP ( 'NONE', ( #1698, #1873, #2696, #2897, #2828, #1802, #2577 ) ) ;
#723 = CARTESIAN_POINT ( 'NONE',  ( 0.000000000000000000, 29.05000000000000071, 0.000000000000000000 ) ) ;
#724 = EDGE_CURVE ( 'NONE', #838, #648, #1326, .T. ) ;
#725 = AXIS2_PLACEMENT_3D ( 'NONE', #967, #726, #210 ) ;
#726 = DIRECTION ( 'NONE',  ( 0.9836065573770996773, -5.565139935964836812E-13, 0.1803278688521839090 ) ) ;
#727 = ORIENTED_EDGE ( 'NONE', *, *, #249, .T. ) ;
#728 = CARTESIAN_POINT ( 'NONE',  ( -2.750000000000803801, 22.55000000000000071, -14.99999999999999822 ) ) ;
#729 = PLANE ( 'NONE',  #2256 ) ;
#730 = VECTOR ( 'NONE', #1504, 999.9999999999998863 ) ;
#731 = CARTESIAN_POINT ( 'NONE',  ( 2.600000000000000089, 38.04999999999999716, -7.088194410426394754 ) ) ;
#732 = EDGE_CURVE ( 'NONE', #322, #2680, #2825, .T. ) ;
#733 = DIRECTION ( 'NONE',  ( -0.9238795325112869605, 0.000000000000000000, -0.3826834323650892267 ) ) ;
#734 = CIRCLE ( 'NONE', #1512, 15.00000000000000000 ) ;
#735 = CARTESIAN_POINT ( 'NONE',  ( 1.836970198721029194E-15, 29.05000000000000071, 15.00000000000000000 ) ) ;
#736 = CARTESIAN_POINT ( 'NONE',  ( -15.00000000000080647, 22.57955883425885091, 0.4579479939254199605 ) ) ;
#737 = EDGE_LOOP ( 'NONE', ( #1546, #70, #2575, #2710 ) ) ;
#738 = CARTESIAN_POINT ( 'NONE',  ( 14.99999999999999467, 0.5500000000000018208, 5.663203435596420476 ) ) ;
#739 = FACE_OUTER_BOUND ( 'NONE', #2099, .T. ) ;
#740 = ORIENTED_EDGE ( 'NONE', *, *, #964, .F. ) ;
#741 = FACE_OUTER_BOUND ( 'NONE', #2943, .T. ) ;
#742 = ORIENTED_EDGE ( 'NONE', *, *, #2787, .F. ) ;
#743 = LINE ( 'NONE', #2832, #2717 ) ;
#744 = DIRECTION ( 'NONE',  ( 0.000000000000000000, 0.000000000000000000, 1.000000000000000000 ) ) ;
#745 = DIRECTION ( 'NONE',  ( -0.7071067811865474617, 0.000000000000000000, 0.7071067811865476838 ) ) ;
#746 = VECTOR ( 'NONE', #2596, 1000.000000000000000 ) ;
#747 = CARTESIAN_POINT ( 'NONE',  ( -2.600000000000000977, 28.04999999999999716, -7.353910524340093957 ) ) ;
#748 = APPLICATION_CONTEXT ( 'automotive_design' ) ;
#749 = PRESENTATION_STYLE_ASSIGNMENT (( #94 ) ) ;
#750 = ADVANCED_FACE ( 'NONE', ( #1296 ), #2907, .F. ) ;
#751 = CARTESIAN_POINT ( 'NONE',  ( -8.555992052357229483, 6.499999999999999112, -5.586143571373724193 ) ) ;
#752 = PLANE ( 'NONE',  #479 ) ;
#753 = EDGE_CURVE ( 'NONE', #207, #68, #2873, .T. ) ;
#754 = ORIENTED_EDGE ( 'NONE', *, *, #809, .T. ) ;
#755 = CARTESIAN_POINT ( 'NONE',  ( -9.470312199741661274, 22.55000000000014282, 11.74289123585458938 ) ) ;
#756 = ORIENTED_EDGE ( 'NONE', *, *, #1083, .T. ) ;
#757 = CARTESIAN_POINT ( 'NONE',  ( -2.600000000000001421, 28.04999999999999716, -9.529999999999997584 ) ) ;
#758 = FACE_OUTER_BOUND ( 'NONE', #1317, .T. ) ;
#759 = CARTESIAN_POINT ( 'NONE',  ( 12.55114536606123643, 22.80000000000000071, 8.662058069535179428 ) ) ;
#760 = PLANE ( 'NONE',  #2201 ) ;
#761 = DIRECTION ( 'NONE',  ( 0.000000000000000000, -0.000000000000000000, 1.000000000000000000 ) ) ;
#762 = CARTESIAN_POINT ( 'NONE',  ( 5.663203435596419588, 0.5500000000000018208, -15.00000000000000000 ) ) ;
#763 = CARTESIAN_POINT ( 'NONE',  ( -15.00000000000000178, 22.55000000000000071, 2.292742284899020877 ) ) ;
#764 = PLANE ( 'NONE',  #2430 ) ;
#765 = EDGE_CURVE ( 'NONE', #1664, #1460, #1105, .T. ) ;
#767 = EDGE_CURVE ( 'NONE', #1460, #1298, #646, .T. ) ;
#766 = FACE_OUTER_BOUND ( 'NONE', #346, .T. ) ;
#768 = CARTESIAN_POINT ( 'NONE',  ( 10.28278358586305785, 22.57955883425865551, 10.93041984973175040 ) ) ;
#769 = ORIENTED_EDGE ( 'NONE', *, *, #1225, .F. ) ;
#770 = FACE_OUTER_BOUND ( 'NONE', #937, .T. ) ;
#771 = ORIENTED_EDGE ( 'NONE', *, *, #657, .T. ) ;
#772 = CARTESIAN_POINT ( 'NONE',  ( -1.580612505463033335, 22.73881760106704775, -14.91820288521709692 ) ) ;
#773 = CARTESIAN_POINT ( 'NONE',  ( 14.99999999999999467, 22.55000000000000071, 0.000000000000000000 ) ) ;
#774 = LINE ( 'NONE', #484, #197 ) ;
#775 = VECTOR ( 'NONE', #2827, 1000.000000000000000 ) ;
#776 = ORIENTED_EDGE ( 'NONE', *, *, #2987, .T. ) ;
#777 = AXIS2_PLACEMENT_3D ( 'NONE', #1350, #656, #1838 ) ;
#778 = VECTOR ( 'NONE', #2782, 1000.000000000000000 ) ;
#779 = FACE_OUTER_BOUND ( 'NONE', #2935, .T. ) ;
#780 = CARTESIAN_POINT ( 'NONE',  ( 15.00000000000076561, 22.80000000000000071, 2.749999999995810906 ) ) ;
#781 = VECTOR ( 'NONE', #575, 1000.000000000000000 ) ;
#782 = DIRECTION ( 'NONE',  ( 0.5680038078386062672, -5.591644595101548314E-13, 0.8230259256431985415 ) ) ;
#783 = CARTESIAN_POINT ( 'NONE',  ( 1.580612505459066730, 22.73881760106594996, -14.91820288521748950 ) ) ;
#784 = CARTESIAN_POINT ( 'NONE',  ( 5.663203435596427582, 0.5500000000000018208, 14.99999999999999467 ) ) ;
#785 = DIRECTION ( 'NONE',  ( 0.7071067811865479058, 0.000000000000000000, 0.7071067811865472397 ) ) ;
#786 = ORIENTED_EDGE ( 'NONE', *, *, #2748, .F. ) ;
#787 = CARTESIAN_POINT ( 'NONE',  ( 1.596813521904639988, 22.62636275489926163, 14.91658245023666574 ) ) ;
#788 = CARTESIAN_POINT ( 'NONE',  ( -14.75409836065573899, 22.80000000000000071, 2.704918032786874260 ) ) ;
#789 = ORIENTED_EDGE ( 'NONE', *, *, #2920, .T. ) ;
#790 = CARTESIAN_POINT ( 'NONE',  ( -1.805509001044627748, 22.75942720414244391, -14.89267021950865377 ) ) ;
#791 = CARTESIAN_POINT ( 'NONE',  ( -12.55114536606122222, 22.80000000000000071, -8.662058069535198968 ) ) ;
#792 = CARTESIAN_POINT ( 'NONE',  ( 1.592040838891557912E-15, 28.04999999999999716, -12.49999999999998224 ) ) ;
#793 = VECTOR ( 'NONE', #1502, 1000.000000000000000 ) ;
#794 = DIRECTION ( 'NONE',  ( 0.000000000000000000, 1.000000000000000000, 0.000000000000000000 ) ) ;
#795 = EDGE_CURVE ( 'NONE', #1974, #2070, #1340, .T. ) ;
#796 = VERTEX_POINT ( 'NONE', #602 ) ;
#797 = ORIENTED_EDGE ( 'NONE', *, *, #866, .T. ) ;
#798 = AXIS2_PLACEMENT_3D ( 'NONE', #1071, #1992, #833 ) ;
#799 = LINE ( 'NONE', #1291, #2765 ) ;
#800 = CARTESIAN_POINT ( 'NONE',  ( 1.805509001041284867, 22.75942720414141718, -14.89267021950905701 ) ) ;
#801 = CARTESIAN_POINT ( 'NONE',  ( 5.663203435596427582, 0.5500000000000018208, 14.99999999999999467 ) ) ;
#802 = CARTESIAN_POINT ( 'NONE',  ( 0.000000000000000000, 22.80000000000000071, 0.000000000000000000 ) ) ;
#803 = ORIENTED_EDGE ( 'NONE', *, *, #1442, .F. ) ;
#804 = FACE_OUTER_BOUND ( 'NONE', #1769, .T. ) ;
#805 = ORIENTED_EDGE ( 'NONE', *, *, #1682, .T. ) ;
#806 = CARTESIAN_POINT ( 'NONE',  ( -4.594723187250591036E-15, 22.55000000000000071, -14.99999999999999822 ) ) ;
#807 = DIRECTION ( 'NONE',  ( -0.5936131960091012294, -0.7002145072825535221, 0.3966396567602780143 ) ) ;
#808 = CARTESIAN_POINT ( 'NONE',  ( 14.99999999999999467, 22.55000000000000071, 5.663203435596420476 ) ) ;
#809 = EDGE_CURVE ( 'NONE', #1025, #1411, #62, .T. ) ;
#810 = ADVANCED_FACE ( 'NONE', ( #2038 ), #613, .F. ) ;
#811 = ORIENTED_EDGE ( 'NONE', *, *, #277, .T. ) ;
#812 = PLANE ( 'NONE',  #1904 ) ;
#813 = LINE ( 'NONE', #1513, #1651 ) ;
#814 = CARTESIAN_POINT ( 'NONE',  ( 2.600000000000000089, 38.04999999999999716, -7.088194410426394754 ) ) ;
#815 = DIRECTION ( 'NONE',  ( -0.000000000000000000, -1.000000000000000000, -0.000000000000000000 ) ) ;
#816 = ORIENTED_EDGE ( 'NONE', *, *, #1777, .F. ) ;
#817 = CARTESIAN_POINT ( 'NONE',  ( -2.600000000000000977, 28.04999999999999716, -7.353910524340093957 ) ) ;
#818 = ORIENTED_EDGE ( 'NONE', *, *, #2971, .F. ) ;
#819 = CARTESIAN_POINT ( 'NONE',  ( -5.663203435596430246, 0.5500000000000018208, -14.99999999999999645 ) ) ;
#820 = CARTESIAN_POINT ( 'NONE',  ( -8.662058069538748128, 22.55000000000000071, -12.55114536605767661 ) ) ;
#821 = ADVANCED_FACE ( 'NONE', ( #1428 ), #2079, .F. ) ;
#822 = FACE_OUTER_BOUND ( 'NONE', #1227, .T. ) ;
#823 = DIRECTION ( 'NONE',  ( 0.000000000000000000, 0.000000000000000000, 1.000000000000000000 ) ) ;
#824 = VERTEX_POINT ( 'NONE', #447 ) ;
#825 = ORIENTED_EDGE ( 'NONE', *, *, #60, .F. ) ;
#826 = EDGE_CURVE ( 'NONE', #920, #1525, #462, .T. ) ;
#827 = AXIS2_PLACEMENT_3D ( 'NONE', #378, #1358, #1419 ) ;
#828 = CARTESIAN_POINT ( 'NONE',  ( -12.09370044451573101, 22.60866058912311161, -8.876841959658774428 ) ) ;
#829 = VECTOR ( 'NONE', #1475, 1000.000000000000000 ) ;
#830 = CARTESIAN_POINT ( 'NONE',  ( 12.22781533496339534, 22.55000000000000071, 8.985388100633025843 ) ) ;
#831 = AXIS2_PLACEMENT_3D ( 'NONE', #1361, #1820, #2058 ) ;
#832 =( BOUNDED_SURFACE ( )  B_SPLINE_SURFACE ( 3, 2, ( 
 ( #1363, #2723, #1409 ),
 ( #2333, #2272, #2976 ),
 ( #442, #2046, #1584 ),
 ( #184, #1395, #200 ),
 ( #2766, #1189, #1378 ),
 ( #1160, #2288, #1141 ),
 ( #2960, #685, #2988 ),
 ( #2539, #2061, #892 ) ),
 .UNSPECIFIED., .F., .F., .F. ) 
 B_SPLINE_SURFACE_WITH_KNOTS ( ( 4, 2, 2, 4 ),
 ( 3, 3 ),
 ( 0.001235652188205505278, 0.001944503121141369925, 0.002653354054077234573, 0.004071055919948963868 ),
 ( 0.000000000000000000, 1.000000000000000000 ),
 .UNSPECIFIED. ) 
 GEOMETRIC_REPRESENTATION_ITEM ( )  RATIONAL_B_SPLINE_SURFACE ( (
 ( 1.000000000000000000, 0.7071067811876224907, 1.000000000000000000),
 ( 1.000000000000000000, 0.7652304032470338413, 1.000000000000000000),
 ( 1.000000000000000000, 0.8101366047348147470, 1.000000000000000000),
 ( 1.000000000000000000, 0.8837265853927510628, 1.000000000000000000),
 ( 1.000000000000000000, 0.9123074770322026072, 1.000000000000000000),
 ( 1.000000000000000000, 0.9795175777398971162, 1.000000000000000000),
 ( 1.000000000000000000, 0.9996742055256689907, 1.000000000000000000),
 ( 1.000000000000000000, 1.000000000000000000, 1.000000000000000000) ) ) 
 REPRESENTATION_ITEM ( '' )  SURFACE ( )  );
#833 = DIRECTION ( 'NONE',  ( 0.000000000000000000, 0.000000000000000000, -1.000000000000000000 ) ) ;
#834 = B_SPLINE_CURVE_WITH_KNOTS ( 'NONE', 3,
 ( #2528, #2557, #2065, #1587, #2979, #2292 ),
 .UNSPECIFIED., .F., .F.,
 ( 4, 2, 4 ),
 ( 0.000000000000000000, 0.001369259028189121451, 0.002738518056378242901 ),
 .UNSPECIFIED. ) ;
#835 = AXIS2_PLACEMENT_3D ( 'NONE', #2251, #901, #618 ) ;
#836 = ORIENTED_EDGE ( 'NONE', *, *, #2656, .F. ) ;
#837 = DIRECTION ( 'NONE',  ( 0.000000000000000000, 0.000000000000000000, -1.000000000000000000 ) ) ;
#838 = VERTEX_POINT ( 'NONE', #2509 ) ;
#839 = DIRECTION ( 'NONE',  ( 0.000000000000000000, 0.000000000000000000, -1.000000000000000000 ) ) ;
#840 = LINE ( 'NONE', #2221, #310 ) ;
#841 = CARTESIAN_POINT ( 'NONE',  ( -1.596813521901766064, 22.62636275490041626, 14.91658245023630336 ) ) ;
#842 = FACE_BOUND ( 'NONE', #202, .T. ) ;
#843 = CARTESIAN_POINT ( 'NONE',  ( 0.000000000000000000, 29.05000000000000071, 0.000000000000000000 ) ) ;
#844 = ORIENTED_EDGE ( 'NONE', *, *, #1120, .F. ) ;
#845 = ORIENTED_EDGE ( 'NONE', *, *, #1987, .F. ) ;
#846 = FACE_OUTER_BOUND ( 'NONE', #541, .T. ) ;
#847 = VECTOR ( 'NONE', #709, 1000.000000000000000 ) ;
#848 = VECTOR ( 'NONE', #2309, 1000.000000000000000 ) ;
#849 = FACE_OUTER_BOUND ( 'NONE', #968, .T. ) ;
#850 = CARTESIAN_POINT ( 'NONE',  ( -6.290562191706239759, 0.000000000000000000, -14.14482378458497891 ) ) ;
#851 = ADVANCED_FACE ( 'NONE', ( #2355, #2964 ), #721, .T. ) ;
#852 = AXIS2_PLACEMENT_3D ( 'NONE', #587, #1516, #2444 ) ;
#853 = ORIENTED_EDGE ( 'NONE', *, *, #2602, .T. ) ;
#854 = DIRECTION ( 'NONE',  ( 0.000000000000000000, -1.000000000000000000, 0.000000000000000000 ) ) ;
#855 = EDGE_CURVE ( 'NONE', #1859, #1091, #258, .T. ) ;
#856 = ORIENTED_EDGE ( 'NONE', *, *, #495, .T. ) ;
#857 = CARTESIAN_POINT ( 'NONE',  ( -14.75409836065649927, 22.80000000000000071, -2.704918032782723358 ) ) ;
#858 = CARTESIAN_POINT ( 'NONE',  ( -5.663203435596430246, 22.55000000000000071, -14.99999999999999645 ) ) ;
#859 = LINE ( 'NONE', #2449, #1087 ) ;
#860 = CARTESIAN_POINT ( 'NONE',  ( 2.600000000000000533, 38.04999999999999716, -4.329999999999997407 ) ) ;
#861 = ORIENTED_EDGE ( 'NONE', *, *, #595, .T. ) ;
#862 = ORIENTED_EDGE ( 'NONE', *, *, #1715, .F. ) ;
#863 = DIRECTION ( 'NONE',  ( -0.3826834323650895597, 0.000000000000000000, -0.9238795325112868495 ) ) ;
#864 =( GEOMETRIC_REPRESENTATION_CONTEXT ( 3 ) GLOBAL_UNCERTAINTY_ASSIGNED_CONTEXT ( ( #427 ) ) GLOBAL_UNIT_ASSIGNED_CONTEXT ( ( #663, #1845, #225 ) ) REPRESENTATION_CONTEXT ( 'NONE', 'WORKASPACE' ) );
#865 = CARTESIAN_POINT ( 'NONE',  ( 11.67673427231997607, 22.62636275490007165, 9.418498933061147937 ) ) ;
#866 = EDGE_CURVE ( 'NONE', #2932, #1433, #1242, .T. ) ;
#867 = CARTESIAN_POINT ( 'NONE',  ( 11.23213109580784419, 22.66806967514177629, -9.952069328249633529 ) ) ;
#868 = VERTEX_POINT ( 'NONE', #897 ) ;
#869 = ADVANCED_FACE ( 'NONE', ( #426 ), #2800, .F. ) ;
#870 = EDGE_CURVE ( 'NONE', #1080, #1535, #1176, .T. ) ;
#871 = ORIENTED_EDGE ( 'NONE', *, *, #1398, .F. ) ;
#872 = CARTESIAN_POINT ( 'NONE',  ( 5.663203435596419588, 0.5500000000000018208, -15.00000000000000000 ) ) ;
#873 = CARTESIAN_POINT ( 'NONE',  ( -14.44999999999999751, 0.000000000000000000, 5.553801633537619686 ) ) ;
#874 = CARTESIAN_POINT ( 'NONE',  ( 0.000000000000000000, 29.05000000000000071, 0.000000000000000000 ) ) ;
#875 = ORIENTED_EDGE ( 'NONE', *, *, #2351, .T. ) ;
#876 = ORIENTED_EDGE ( 'NONE', *, *, #505, .T. ) ;
#877 = CARTESIAN_POINT ( 'NONE',  ( -9.953599923786919490, 22.66782379189046992, 11.23078348625452705 ) ) ;
#878 = FACE_BOUND ( 'NONE', #154, .T. ) ;
#879 = DIRECTION ( 'NONE',  ( 0.9836065573770490511, 0.000000000000000000, -0.1803278688524603823 ) ) ;
#880 = CIRCLE ( 'NONE', #925, 1.750000000000000000 ) ;
#881 = VERTEX_POINT ( 'NONE', #205 ) ;
#882 = VECTOR ( 'NONE', #2128, 1000.000000000000000 ) ;
#883 = AXIS2_PLACEMENT_3D ( 'NONE', #516, #1790, #1732 ) ;
#884 = ORIENTED_EDGE ( 'NONE', *, *, #4, .F. ) ;
#885 = CARTESIAN_POINT ( 'NONE',  ( -15.00000000000000178, 22.55000000000000071, -2.292742284894894400 ) ) ;
#886 = DIRECTION ( 'NONE',  ( -0.7071067811865476838, -0.000000000000000000, -0.7071067811865474617 ) ) ;
#887 = DIRECTION ( 'NONE',  ( -0.7071067811865477948, 0.000000000000000000, -0.7071067811865473507 ) ) ;
#888 = ORIENTED_EDGE ( 'NONE', *, *, #2644, .F. ) ;
#889 = ORIENTED_EDGE ( 'NONE', *, *, #855, .T. ) ;
#890 = CARTESIAN_POINT ( 'NONE',  ( -12.38938278080966882, 22.55000000000000071, 8.823820654785951234 ) ) ;
#891 = EDGE_CURVE ( 'NONE', #1489, #2967, #2994, .T. ) ;
#892 = CARTESIAN_POINT ( 'NONE',  ( -10.60660171779821503, 22.55000000000000071, -10.60660171779820971 ) ) ;
#893 = CARTESIAN_POINT ( 'NONE',  ( 14.75409836065559688, 22.54999999999986215, -2.704918032787670512 ) ) ;
#894 = AXIS2_PLACEMENT_3D ( 'NONE', #1910, #2581, #2835 ) ;
#895 = EDGE_LOOP ( 'NONE', ( #109, #2340, #409, #1551 ) ) ;
#896 = AXIS2_PLACEMENT_3D ( 'NONE', #1190, #1379, #909 ) ;
#897 = CARTESIAN_POINT ( 'NONE',  ( 2.750000000000028422, 22.55000000000000071, 14.99999999999999467 ) ) ;
#898 = ORIENTED_EDGE ( 'NONE', *, *, #425, .F. ) ;
#899 = CARTESIAN_POINT ( 'NONE',  ( 9.258688468323629905, 22.76226825234900630, 11.81022115871591183 ) ) ;
#900 = CARTESIAN_POINT ( 'NONE',  ( -15.00000000000000355, 22.55000000000000071, -5.663203435596418700 ) ) ;
#901 = DIRECTION ( 'NONE',  ( -0.000000000000000000, -1.000000000000000000, -0.000000000000000000 ) ) ;
#902 = CARTESIAN_POINT ( 'NONE',  ( -15.00000000000000355, 0.5500000000000018208, -5.663203435596418700 ) ) ;
#903 = ORIENTED_EDGE ( 'NONE', *, *, #1001, .T. ) ;
#904 = EDGE_LOOP ( 'NONE', ( #2415, #675 ) ) ;
#905 = CARTESIAN_POINT ( 'NONE',  ( -8.520057117575614569, 22.80000000000000071, 12.34538888465037587 ) ) ;
#906 = ADVANCED_FACE ( 'NONE', ( #659 ), #1871, .T. ) ;
#907 = EDGE_CURVE ( 'NONE', #1983, #2139, #834, .T. ) ;
#908 = CARTESIAN_POINT ( 'NONE',  ( -5.922181912621922173, 0.000000000000000000, 14.29741189229248910 ) ) ;
#909 = DIRECTION ( 'NONE',  ( 0.1803278688521820217, 0.000000000000000000, -0.9836065573771001214 ) ) ;
#910 = ORIENTED_EDGE ( 'NONE', *, *, #2463, .F. ) ;
#911 = CARTESIAN_POINT ( 'NONE',  ( 14.61109127034739430, 0.5500000000000018208, -6.602112165249029552 ) ) ;
#912 = EDGE_CURVE ( 'NONE', #2585, #2674, #673, .T. ) ;
#913 = VERTEX_POINT ( 'NONE', #221 ) ;
#914 = CARTESIAN_POINT ( 'NONE',  ( 10.28656410019616629, 22.60891435841116603, 10.92663933540025489 ) ) ;
#915 = CARTESIAN_POINT ( 'NONE',  ( 4.999999999999999112, 38.04999999999999716, 1.749999999999999334 ) ) ;
#916 = CARTESIAN_POINT ( 'NONE',  ( 1.804176844594298945, 22.76226597817865027, 14.89797285107500890 ) ) ;
#917 = CARTESIAN_POINT ( 'NONE',  ( -12.55114536605766951, 22.55000000000000071, 8.662058069538757010 ) ) ;
#918 = ADVANCED_FACE ( 'NONE', ( #248 ), #2572, .F. ) ;
#919 = ORIENTED_EDGE ( 'NONE', *, *, #2748, .T. ) ;
#920 = VERTEX_POINT ( 'NONE', #1963 ) ;
#921 = DIRECTION ( 'NONE',  ( 0.3826834323650895597, 0.000000000000000000, 0.9238795325112868495 ) ) ;
#922 = CARTESIAN_POINT ( 'NONE',  ( -8.520057117575614569, 22.80000000000000071, 12.34538888465037587 ) ) ;
#923 = CARTESIAN_POINT ( 'NONE',  ( 14.99999999999999467, 22.55000000000000071, -2.521233158057866852 ) ) ;
#924 = ORIENTED_EDGE ( 'NONE', *, *, #2310, .T. ) ;
#925 = AXIS2_PLACEMENT_3D ( 'NONE', #1962, #535, #518 ) ;
#926 = LINE ( 'NONE', #2770, #579 ) ;
#927 = CARTESIAN_POINT ( 'NONE',  ( 0.000000000000000000, 29.05000000000000071, 0.000000000000000000 ) ) ;
#928 = PLANE ( 'NONE',  #2231 ) ;
#929 = VECTOR ( 'NONE', #473, 1000.000000000000000 ) ;
#930 = AXIS2_PLACEMENT_3D ( 'NONE', #1311, #71, #1011 ) ;
#931 = ORIENTED_EDGE ( 'NONE', *, *, #2505, .F. ) ;
#932 = CARTESIAN_POINT ( 'NONE',  ( -0.9031051578408424430, 22.66782379189045571, -14.97962116449610370 ) ) ;
#933 = CARTESIAN_POINT ( 'NONE',  ( -8.520057117574978633, 22.54999999999985860, 12.34538888465081463 ) ) ;
#934 = DIRECTION ( 'NONE',  ( 1.000000000000000000, -0.000000000000000000, -1.531574395750196519E-16 ) ) ;
#935 = VECTOR ( 'NONE', #199, 1000.000000000000000 ) ;
#936 = LINE ( 'NONE', #1628, #2280 ) ;
#937 = EDGE_LOOP ( 'NONE', ( #391, #349 ) ) ;
#938 = CARTESIAN_POINT ( 'NONE',  ( 14.99999999999999467, 0.5500000000000018208, -5.663203435596428470 ) ) ;
#939 = ORIENTED_EDGE ( 'NONE', *, *, #2242, .T. ) ;
#940 = CARTESIAN_POINT ( 'NONE',  ( -10.28771062568108796, 22.60870329943164947, 10.92549280991533500 ) ) ;
#941 = LINE ( 'NONE', #1867, #778 ) ;
#942 = LINE ( 'NONE', #413, #501 ) ;
#943 = ORIENTED_EDGE ( 'NONE', *, *, #1644, .F. ) ;
#944 = AXIS2_PLACEMENT_3D ( 'NONE', #1830, #2068, #2982 ) ;
#945 = ADVANCED_FACE ( 'NONE', ( #2414 ), #2538, .F. ) ;
#946 = DIRECTION ( 'NONE',  ( 0.000000000000000000, 1.000000000000000000, -0.000000000000000000 ) ) ;
#947 = CARTESIAN_POINT ( 'NONE',  ( -14.61109127034739963, 0.5500000000000015987, -6.602112165249022446 ) ) ;
#948 = VECTOR ( 'NONE', #815, 1000.000000000000000 ) ;
#949 = ORIENTED_EDGE ( 'NONE', *, *, #1043, .T. ) ;
#950 = CARTESIAN_POINT ( 'NONE',  ( -10.60660171779820615, 22.55000000000000071, 10.60660171779822036 ) ) ;
#951 = EDGE_LOOP ( 'NONE', ( #1341, #1613, #1501, #2777, #2646, #1640, #2245 ) ) ;
#952 = CARTESIAN_POINT ( 'NONE',  ( 6.602112165249028664, 22.55000000000000071, 14.61109127034739430 ) ) ;
#953 = CARTESIAN_POINT ( 'NONE',  ( 0.000000000000000000, 28.29999999999999716, 0.000000000000000000 ) ) ;
#954 = VECTOR ( 'NONE', #209, 1000.000000000000000 ) ;
#955 = CARTESIAN_POINT ( 'NONE',  ( 14.99999999999999467, 22.55000000000000071, -5.663203435596428470 ) ) ;
#956 = CARTESIAN_POINT ( 'NONE',  ( -9.121677477306468163, 6.499999999999999112, -12.09152595828996368 ) ) ;
#957 = ADVANCED_FACE ( 'NONE', ( #2632 ), #1618, .F. ) ;
#958 = DIRECTION ( 'NONE',  ( -0.9238795325112868495, 0.000000000000000000, -0.3826834323650895597 ) ) ;
#959 = CARTESIAN_POINT ( 'NONE',  ( -6.602112165249030440, 22.55000000000000071, -14.61109127034739430 ) ) ;
#960 = EDGE_CURVE ( 'NONE', #153, #2295, #2017, .T. ) ;
#961 = ORIENTED_EDGE ( 'NONE', *, *, #216, .T. ) ;
#962 = DIRECTION ( 'NONE',  ( -0.3826834323650895597, 0.000000000000000000, -0.9238795325112868495 ) ) ;
#963 = CARTESIAN_POINT ( 'NONE',  ( 9.237661037988996071, 22.62667616668156612, 11.82001096105948967 ) ) ;
#964 = EDGE_CURVE ( 'NONE', #429, #1636, #1568, .T. ) ;
#965 = ORIENTED_EDGE ( 'NONE', *, *, #753, .T. ) ;
#966 = CARTESIAN_POINT ( 'NONE',  ( 14.99999999999999467, 0.5500000000000018208, -5.663203435596428470 ) ) ;
#967 = CARTESIAN_POINT ( 'NONE',  ( -2.749999999995803801, 22.80000000000000071, 15.00000000000076739 ) ) ;
#968 = EDGE_LOOP ( 'NONE', ( #1508, #2469, #2750, #419 ) ) ;
#969 = LINE ( 'NONE', #57, #3004 ) ;
#970 = DIRECTION ( 'NONE',  ( 0.000000000000000000, 0.000000000000000000, 1.000000000000000000 ) ) ;
#971 = CARTESIAN_POINT ( 'NONE',  ( 14.61109127034739430, 22.55000000000000071, -6.602112165249029552 ) ) ;
#972 = CARTESIAN_POINT ( 'NONE',  ( -15.00000000000000000, 22.55000000000000071, 5.663203435596430246 ) ) ;
#973 = ORIENTED_EDGE ( 'NONE', *, *, #1854, .T. ) ;
#974 = FACE_OUTER_BOUND ( 'NONE', #1416, .T. ) ;
#975 = CARTESIAN_POINT ( 'NONE',  ( 9.470312199744153503, 22.54999999999992966, 11.74289123585235473 ) ) ;
#976 = VERTEX_POINT ( 'NONE', #2122 ) ;
#977 = VECTOR ( 'NONE', #79, 1000.000000000000114 ) ;
#978 = SHAPE_DEFINITION_REPRESENTATION ( #43, #300 ) ;
#979 = AXIS2_PLACEMENT_3D ( 'NONE', #2342, #435, #253 ) ;
#980 = EDGE_LOOP ( 'NONE', ( #2275, #681, #1063, #1173 ) ) ;
#981 = CARTESIAN_POINT ( 'NONE',  ( -2.479902032627945285, 22.79999998870311018, -14.79535129401821614 ) ) ;
#982 = CYLINDRICAL_SURFACE ( 'NONE', #696, 1.750000000000000000 ) ;
#983 = AXIS2_PLACEMENT_3D ( 'NONE', #1829, #208, #2027 ) ;
#984 = CARTESIAN_POINT ( 'NONE',  ( -2.704918032782892556, 22.55000000000075744, 14.75409836065646907 ) ) ;
#985 = CARTESIAN_POINT ( 'NONE',  ( 0.000000000000000000, 28.29999999999999716, 7.799999999999999822 ) ) ;
#986 = VECTOR ( 'NONE', #1553, 1000.000000000000114 ) ;
#987 = CARTESIAN_POINT ( 'NONE',  ( 0.000000000000000000, 22.55000000000000071, 0.000000000000000000 ) ) ;
#988 = ADVANCED_FACE ( 'NONE', ( #2366 ), #100, .F. ) ;
#989 = CARTESIAN_POINT ( 'NONE',  ( 0.4540920399223424275, 22.60910839274383122, -15.00000000000000711 ) ) ;
#990 = DIRECTION ( 'NONE',  ( -0.7071067811865477948, 0.000000000000000000, -0.7071067811865473507 ) ) ;
#991 = DIRECTION ( 'NONE',  ( 0.000000000000000000, 0.000000000000000000, 1.000000000000000000 ) ) ;
#992 = ORIENTED_EDGE ( 'NONE', *, *, #1260, .F. ) ;
#993 = EDGE_CURVE ( 'NONE', #153, #313, #2972, .T. ) ;
#994 = CARTESIAN_POINT ( 'NONE',  ( -9.930378181050695474, 22.61007372876643373, 11.25057674142908759 ) ) ;
#995 = VECTOR ( 'NONE', #2406, 1000.000000000000114 ) ;
#996 = ORIENTED_EDGE ( 'NONE', *, *, #1120, .T. ) ;
#997 = LINE ( 'NONE', #498, #1949 ) ;
#998 = DIRECTION ( 'NONE',  ( 0.000000000000000000, 1.000000000000000000, 0.000000000000000000 ) ) ;
#999 = DIRECTION ( 'NONE',  ( -0.000000000000000000, 1.000000000000000000, -0.000000000000000000 ) ) ;
#1000 = AXIS2_PLACEMENT_3D ( 'NONE', #1981, #1751, #2843 ) ;
#1001 = EDGE_CURVE ( 'NONE', #455, #509, #61, .T. ) ;
#1002 = EDGE_CURVE ( 'NONE', #671, #187, #2841, .T. ) ;
#1003 = DIRECTION ( 'NONE',  ( 1.000000000000000000, 0.000000000000000000, -3.063148791500394517E-16 ) ) ;
#1004 = CARTESIAN_POINT ( 'NONE',  ( -15.00000000000000178, 22.55000000000000071, 2.521233158057791357 ) ) ;
#1005 = DIRECTION ( 'NONE',  ( 0.000000000000000000, 0.000000000000000000, 1.000000000000000000 ) ) ;
#1006 = FACE_OUTER_BOUND ( 'NONE', #1870, .T. ) ;
#1007 = CARTESIAN_POINT ( 'NONE',  ( 9.930378181051493058, 22.61007372876487409, 11.25057674142924569 ) ) ;
#1008 = ORIENTED_EDGE ( 'NONE', *, *, #348, .F. ) ;
#1009 = CARTESIAN_POINT ( 'NONE',  ( 1.836970198721026039E-15, 22.55000000000000071, 14.99999999999999822 ) ) ;
#1010 = ORIENTED_EDGE ( 'NONE', *, *, #2214, .T. ) ;
#1011 = DIRECTION ( 'NONE',  ( 0.7071067811865473507, 0.000000000000000000, -0.7071067811865477948 ) ) ;
#1012 = LINE ( 'NONE', #283, #308 ) ;
#1013 = CARTESIAN_POINT ( 'NONE',  ( -2.600000000000001421, 0.000000000000000000, -9.529999999999997584 ) ) ;
#1014 = DIRECTION ( 'NONE',  ( 0.9238795325112868495, 0.000000000000000000, 0.3826834323650895597 ) ) ;
#1015 = DIRECTION ( 'NONE',  ( -0.000000000000000000, -1.000000000000000000, 0.000000000000000000 ) ) ;
#1016 = B_SPLINE_CURVE_WITH_KNOTS ( 'NONE', 3,
 ( #817, #1717, #1266, #132, #331, #2667 ),
 .UNSPECIFIED., .F., .F.,
 ( 4, 2, 4 ),
 ( 0.000000000000000000, 0.0002014387846949387655, 0.0004028775693898775309 ),
 .UNSPECIFIED. ) ;
#1017 = CARTESIAN_POINT ( 'NONE',  ( 5.663203435596419588, 0.5500000000000018208, -15.00000000000000000 ) ) ;
#1018 = FACE_OUTER_BOUND ( 'NONE', #1267, .T. ) ;
#1019 = CARTESIAN_POINT ( 'NONE',  ( 4.999999999999999112, 4.000000000000000000, 1.749999999999999334 ) ) ;
#1020 = DIRECTION ( 'NONE',  ( 0.1803278688524591333, 0.000000000000000000, 0.9836065573770491621 ) ) ;
#1021 = PLANE ( 'NONE',  #1473 ) ;
#1022 = ORIENTED_EDGE ( 'NONE', *, *, #1746, .F. ) ;
#1023 = CARTESIAN_POINT ( 'NONE',  ( 2.292742284899091043, 22.55000000000000071, 14.99999999999999645 ) ) ;
#1024 = EDGE_CURVE ( 'NONE', #2842, #2626, #1723, .T. ) ;
#1025 = VERTEX_POINT ( 'NONE', #80 ) ;
#1026 = DIRECTION ( 'NONE',  ( 0.000000000000000000, 0.000000000000000000, -1.000000000000000000 ) ) ;
#1027 = PLANE ( 'NONE',  #2395 ) ;
#1028 = CARTESIAN_POINT ( 'NONE',  ( -1.835600817733693990, 22.55000000000000071, 14.99999999999999645 ) ) ;
#1029 = TOROIDAL_SURFACE ( 'NONE', #2468, 15.25000000000000000, 0.2500000000000000000 ) ;
#1030 = CARTESIAN_POINT ( 'NONE',  ( 0.000000000000000000, 22.55000000000000071, 0.000000000000000000 ) ) ;
#1031 = ORIENTED_EDGE ( 'NONE', *, *, #2560, .T. ) ;
#1032 = VECTOR ( 'NONE', #370, 1000.000000000000000 ) ;
#1033 = PRODUCT ( 'SpoolMainDriveKeyMKII', 'SpoolMainDriveKeyMKII', '', ( #1887 ) ) ;
#1034 = VERTEX_POINT ( 'NONE', #32 ) ;
#1035 = DIRECTION ( 'NONE',  ( -0.000000000000000000, 1.000000000000000000, -0.000000000000000000 ) ) ;
#1036 = VECTOR ( 'NONE', #1035, 1000.000000000000000 ) ;
#1037 = DIRECTION ( 'NONE',  ( 0.7071067811865473507, -0.000000000000000000, -0.7071067811865477948 ) ) ;
#1038 = FACE_OUTER_BOUND ( 'NONE', #2173, .T. ) ;
#1039 = CARTESIAN_POINT ( 'NONE',  ( 4.999999999999999112, 4.000000000000000000, -3.750000000000000444 ) ) ;
#1040 = ORIENTED_EDGE ( 'NONE', *, *, #1517, .F. ) ;
#1041 = CARTESIAN_POINT ( 'NONE',  ( 0.9335213545570317795, 22.61007372876721178, 14.97719685769219033 ) ) ;
#1042 = ADVANCED_FACE ( 'NONE', ( #739 ), #1021, .F. ) ;
#1043 = EDGE_CURVE ( 'NONE', #1518, #1625, #508, .T. ) ;
#1044 = CARTESIAN_POINT ( 'NONE',  ( 5.663203435596427582, 22.55000000000000071, 14.99999999999999467 ) ) ;
#1045 = ORIENTED_EDGE ( 'NONE', *, *, #2830, .T. ) ;
#1046 = CARTESIAN_POINT ( 'NONE',  ( -1.835600817736931623, 22.55000000000000071, -14.99999999999999822 ) ) ;
#1047 = DIRECTION ( 'NONE',  ( -0.1803278688521817164, -5.574614654449088537E-13, 0.9836065573771000103 ) ) ;
#1048 = LINE ( 'NONE', #1786, #2239 ) ;
#1049 = AXIS2_PLACEMENT_3D ( 'NONE', #1681, #45, #550 ) ;
#1050 = ORIENTED_EDGE ( 'NONE', *, *, #2962, .F. ) ;
#1051 = ORIENTED_EDGE ( 'NONE', *, *, #1170, .T. ) ;
#1052 = AXIS2_PLACEMENT_3D ( 'NONE', #1534, #1782, #2699 ) ;
#1053 = DIRECTION ( 'NONE',  ( 0.000000000000000000, 0.000000000000000000, 1.000000000000000000 ) ) ;
#1054 = AXIS2_PLACEMENT_3D ( 'NONE', #1705, #2563, #482 ) ;
#1055 = CARTESIAN_POINT ( 'NONE',  ( 12.34538888465084483, 22.80000000000000071, 8.520057117574937777 ) ) ;
#1056 = CARTESIAN_POINT ( 'NONE',  ( 2.600000000000000089, 28.23186091111266549, -7.088194410426393866 ) ) ;
#1057 = DIRECTION ( 'NONE',  ( 0.000000000000000000, 0.000000000000000000, 1.000000000000000000 ) ) ;
#1058 = EDGE_CURVE ( 'NONE', #520, #1294, #1714, .T. ) ;
#1059 = VERTEX_POINT ( 'NONE', #1039 ) ;
#1060 = B_SPLINE_CURVE_WITH_KNOTS ( 'NONE', 3,
 ( #642, #2466, #1780, #2009, #1514, #2903 ),
 .UNSPECIFIED., .F., .F.,
 ( 4, 2, 4 ),
 ( 0.000000000000000000, 0.001369259028189129691, 0.002738518056378259381 ),
 .UNSPECIFIED. ) ;
#1061 = FACE_OUTER_BOUND ( 'NONE', #168, .T. ) ;
#1062 = ADVANCED_FACE ( 'NONE', ( #1749 ), #1324, .T. ) ;
#1063 = ORIENTED_EDGE ( 'NONE', *, *, #1764, .F. ) ;
#1064 = FACE_OUTER_BOUND ( 'NONE', #1128, .T. ) ;
#1065 = CARTESIAN_POINT ( 'NONE',  ( -10.92663933539991916, 22.60891435841475072, 10.28656410019650735 ) ) ;
#1066 = PLANE ( 'NONE',  #1181 ) ;
#1067 = ORIENTED_EDGE ( 'NONE', *, *, #2878, .T. ) ;
#1068 = ORIENTED_EDGE ( 'NONE', *, *, #2949, .F. ) ;
#1069 = CARTESIAN_POINT ( 'NONE',  ( -12.21544877398689088, 22.79999998870311018, -8.708337686088045260 ) ) ;
#1070 = CARTESIAN_POINT ( 'NONE',  ( -14.61109127034740141, 22.55000000000000071, -6.602112165249019782 ) ) ;
#1071 = CARTESIAN_POINT ( 'NONE',  ( 4.999999999999999112, 0.000000000000000000, -6.123233995736766282E-16 ) ) ;
#1072 = ORIENTED_EDGE ( 'NONE', *, *, #1533, .T. ) ;
#1073 = CARTESIAN_POINT ( 'NONE',  ( 2.521233158057794910, 22.55000000000000071, 14.99999999999999645 ) ) ;
#1074 = ORIENTED_EDGE ( 'NONE', *, *, #710, .F. ) ;
#1075 = CARTESIAN_POINT ( 'NONE',  ( 0.000000000000000000, 29.05000000000000071, 0.000000000000000000 ) ) ;
#1076 = CARTESIAN_POINT ( 'NONE',  ( -2.600000000000000977, 0.000000000000000000, -4.329999999999997407 ) ) ;
#1077 = CARTESIAN_POINT ( 'NONE',  ( -0.9202260287851674603, 22.55000000000000071, 14.99999999999999645 ) ) ;
#1078 = LINE ( 'NONE', #1522, #238 ) ;
#1079 = VERTEX_POINT ( 'NONE', #2664 ) ;
#1080 = VERTEX_POINT ( 'NONE', #850 ) ;
#1081 = VECTOR ( 'NONE', #406, 1000.000000000000000 ) ;
#1082 = CARTESIAN_POINT ( 'NONE',  ( -10.93305592887473310, 22.55000000000081073, -10.28014750672168454 ) ) ;
#1083 = EDGE_CURVE ( 'NONE', #796, #1221, #1060, .T. ) ;
#1084 = VECTOR ( 'NONE', #403, 1000.000000000000000 ) ;
#1085 = EDGE_CURVE ( 'NONE', #868, #2974, #2106, .T. ) ;
#1086 = LINE ( 'NONE', #1070, #1032 ) ;
#1087 = VECTOR ( 'NONE', #366, 1000.000000000000114 ) ;
#1088 = LINE ( 'NONE', #129, #15 ) ;
#1089 = VECTOR ( 'NONE', #887, 999.9999999999998863 ) ;
#1090 = ORIENTED_EDGE ( 'NONE', *, *, #2505, .T. ) ;
#1091 = VERTEX_POINT ( 'NONE', #1102 ) ;
#1092 = CARTESIAN_POINT ( 'NONE',  ( -14.97949177386585973, 22.66806967514017046, -0.9051403561792999986 ) ) ;
#1093 = LINE ( 'NONE', #2015, #1471 ) ;
#1094 = CARTESIAN_POINT ( 'NONE',  ( 2.297361593625295123E-15, 22.55000000000000071, 14.99999999999999822 ) ) ;
#1095 = EDGE_LOOP ( 'NONE', ( #1575, #818, #1865, #1631 ) ) ;
#1096 = ORIENTED_EDGE ( 'NONE', *, *, #1492, .T. ) ;
#1097 = CARTESIAN_POINT ( 'NONE',  ( -10.60660171779821326, 22.55000000000000071, -10.60660171779820793 ) ) ;
#1098 = ADVANCED_FACE ( 'NONE', ( #2888 ), #2454, .T. ) ;
#1099 = ADVANCED_FACE ( 'NONE', ( #2213 ), #691, .F. ) ;
#1100 = VECTOR ( 'NONE', #1768, 999.9999999999998863 ) ;
#1101 = PLANE ( 'NONE',  #674 ) ;
#1102 = CARTESIAN_POINT ( 'NONE',  ( -4.999999999999997335, 0.000000000000000000, -3.749999999999999556 ) ) ;
#1103 = STYLED_ITEM ( 'NONE', ( #749 ), #562 ) ;
#1104 = ORIENTED_EDGE ( 'NONE', *, *, #2163, .F. ) ;
#1105 = LINE ( 'NONE', #133, #1100 ) ;
#1106 = ORIENTED_EDGE ( 'NONE', *, *, #88, .T. ) ;
#1107 = CARTESIAN_POINT ( 'NONE',  ( 2.600000000000000089, 38.04999999999999716, -7.088194410426394754 ) ) ;
#1108 = CYLINDRICAL_SURFACE ( 'NONE', #1622, 2.100000000000000089 ) ;
#1109 = PLANE ( 'NONE',  #1955 ) ;
#1110 = ORIENTED_EDGE ( 'NONE', *, *, #1624, .T. ) ;
#1111 = VERTEX_POINT ( 'NONE', #2035 ) ;
#1112 = CARTESIAN_POINT ( 'NONE',  ( 14.97949177386592545, 22.66806967514016691, 0.9051403561786208751 ) ) ;
#1113 = CARTESIAN_POINT ( 'NONE',  ( 12.08599907738738111, 22.79999999999969873, -8.895907654629887418 ) ) ;
#1114 = CARTESIAN_POINT ( 'NONE',  ( -14.61109127034739785, 0.5500000000000018208, 6.602112165249030440 ) ) ;
#1115 = ORIENTED_EDGE ( 'NONE', *, *, #566, .T. ) ;
#1116 = DIRECTION ( 'NONE',  ( -0.9238795325112868495, 0.000000000000000000, -0.3826834323650895597 ) ) ;
#1117 = ORIENTED_EDGE ( 'NONE', *, *, #1408, .F. ) ;
#1118 = CARTESIAN_POINT ( 'NONE',  ( -14.79098366518859464, 22.58814638860196311, -2.503725467772171864 ) ) ;
#1119 = CARTESIAN_POINT ( 'NONE',  ( -8.555992052357229483, 6.499999999999999112, -5.586143571373724193 ) ) ;
#1120 = EDGE_CURVE ( 'NONE', #1833, #2139, #1307, .T. ) ;
#1121 = CARTESIAN_POINT ( 'NONE',  ( 0.000000000000000000, 22.80000000000000071, 0.000000000000000000 ) ) ;
#1122 = ORIENTED_EDGE ( 'NONE', *, *, #1660, .F. ) ;
#1123 = ORIENTED_EDGE ( 'NONE', *, *, #753, .F. ) ;
#1124 = CARTESIAN_POINT ( 'NONE',  ( -8.895919851065674067, 22.80000000000000426, 12.08599066012906675 ) ) ;
#1125 = CARTESIAN_POINT ( 'NONE',  ( -4.999999999999997335, 38.04999999999999716, 6.123233995736762338E-16 ) ) ;
#1126 = CARTESIAN_POINT ( 'NONE',  ( 4.999999999999999112, 0.000000000000000000, -3.750000000000000444 ) ) ;
#1127 = AXIS2_PLACEMENT_3D ( 'NONE', #843, #167, #2224 ) ;
#1128 = EDGE_LOOP ( 'NONE', ( #2831, #2879, #1818, #665 ) ) ;
#1129 = VECTOR ( 'NONE', #1421, 1000.000000000000000 ) ;
#1130 = DIRECTION ( 'NONE',  ( 0.000000000000000000, 0.000000000000000000, -1.000000000000000000 ) ) ;
#1131 = VECTOR ( 'NONE', #1424, 1000.000000000000000 ) ;
#1132 =( BOUNDED_SURFACE ( )  B_SPLINE_SURFACE ( 3, 2, ( 
 ( #1488, #1470, #360 ),
 ( #1073, #2200, #1283 ),
 ( #1023, #2429, #103 ),
 ( #2620, #2171, #1950 ),
 ( #118, #787, #2877 ),
 ( #2216, #1041, #2652 ),
 ( #2891, #1933, #69 ),
 ( #571, #1737, #1009 ) ),
 .UNSPECIFIED., .F., .F., .F. ) 
 B_SPLINE_SURFACE_WITH_KNOTS ( ( 4, 2, 2, 4 ),
 ( 3, 3 ),
 ( 0.001235652188200263161, 0.001944503121137396758, 0.002653354054074530139, 0.004071055919948797334 ),
 ( 0.000000000000000000, 1.000000000000000000 ),
 .UNSPECIFIED. ) 
 GEOMETRIC_REPRESENTATION_ITEM ( )  RATIONAL_B_SPLINE_SURFACE ( (
 ( 1.000000000000000000, 0.7071067811863425145, 1.000000000000000000),
 ( 1.000000000000000000, 0.7652304032457200034, 1.000000000000000000),
 ( 1.000000000000000000, 0.8101366047345092136, 1.000000000000000000),
 ( 1.000000000000000000, 0.8837265853918484515, 1.000000000000000000),
 ( 1.000000000000000000, 0.9123074770319834492, 1.000000000000000000),
 ( 1.000000000000000000, 0.9795175777396059047, 1.000000000000000000),
 ( 1.000000000000000000, 0.9996742055258328596, 1.000000000000000000),
 ( 1.000000000000000000, 1.000000000000000000, 1.000000000000000000) ) ) 
 REPRESENTATION_ITEM ( '' )  SURFACE ( )  );
#1133 = EDGE_CURVE ( 'NONE', #1294, #1811, #2442, .T. ) ;
#1134 = EDGE_CURVE ( 'NONE', #2923, #2496, #1088, .T. ) ;
#1135 = ORIENTED_EDGE ( 'NONE', *, *, #1155, .T. ) ;
#1136 = DIRECTION ( 'NONE',  ( 0.9836065573770493842, 0.000000000000000000, -0.1803278688524574125 ) ) ;
#1137 = CARTESIAN_POINT ( 'NONE',  ( 14.99999999999999467, 0.5500000000000018208, 5.663203435596420476 ) ) ;
#1138 = ORIENTED_EDGE ( 'NONE', *, *, #1352, .T. ) ;
#1139 = ORIENTED_EDGE ( 'NONE', *, *, #2037, .T. ) ;
#1140 = B_SPLINE_CURVE_WITH_KNOTS ( 'NONE', 3,
 ( #1405, #2818, #1922, #1878, #2160, #773 ),
 .UNSPECIFIED., .F., .F.,
 ( 4, 2, 4 ),
 ( 0.000000000000000000, 0.001369259028189133377, 0.002738518056378266754 ),
 .UNSPECIFIED. ) ;
#1141 = CARTESIAN_POINT ( 'NONE',  ( -9.955903652619307209, 22.55000000000014282, -11.25729978297693634 ) ) ;
#1142 = CARTESIAN_POINT ( 'NONE',  ( 14.91820288521716620, 22.73881760106704775, -1.580612505462239747 ) ) ;
#1143 = EDGE_CURVE ( 'NONE', #1882, #1157, #401, .T. ) ;
#1144 = ORIENTED_EDGE ( 'NONE', *, *, #1134, .T. ) ;
#1145 = AXIS2_PLACEMENT_3D ( 'NONE', #985, #1437, #546 ) ;
#1146 = CARTESIAN_POINT ( 'NONE',  ( -14.61109127034739785, 0.5500000000000018208, 6.602112165249030440 ) ) ;
#1147 = DIRECTION ( 'NONE',  ( 0.000000000000000000, 0.000000000000000000, 1.000000000000000000 ) ) ;
#1148 = PRODUCT_DEFINITION_CONTEXT ( 'detailed design', #748, 'design' ) ;
#1149 = EDGE_CURVE ( 'NONE', #247, #2500, #2488, .T. ) ;
#1150 = AXIS2_PLACEMENT_3D ( 'NONE', #1740, #1491, #2881 ) ;
#1151 = EDGE_LOOP ( 'NONE', ( #1670, #1359, #2326, #196 ) ) ;
#1152 = CARTESIAN_POINT ( 'NONE',  ( 8.520057117579719730, 22.80000000000000071, 12.34538888464754258 ) ) ;
#1153 = CARTESIAN_POINT ( 'NONE',  ( -7.071067811865479946, 6.499999999999999112, -7.071067811865474617 ) ) ;
#1154 = B_SPLINE_CURVE_WITH_KNOTS ( 'NONE', 3,
 ( #641, #655, #1633, #1569, #1349, #2492 ),
 .UNSPECIFIED., .F., .F.,
 ( 4, 2, 4 ),
 ( 0.000000000000000000, 0.001369259028189108007, 0.002738518056378216013 ),
 .UNSPECIFIED. ) ;
#1155 = EDGE_CURVE ( 'NONE', #1518, #1294, #942, .T. ) ;
#1156 = DIRECTION ( 'NONE',  ( -1.000000000000000000, 0.000000000000000000, 3.063148791500394517E-16 ) ) ;
#1157 = VERTEX_POINT ( 'NONE', #1126 ) ;
#1158 = VERTEX_POINT ( 'NONE', #2105 ) ;
#1159 = CARTESIAN_POINT ( 'NONE',  ( -12.34538888464752837, 22.80000000000000071, 8.520057117579744599 ) ) ;
#1160 = CARTESIAN_POINT ( 'NONE',  ( -9.952069328248560609, 22.66806967514177629, -11.23213109580872171 ) ) ;
#1161 = CARTESIAN_POINT ( 'NONE',  ( -4.999999999999997335, 38.04999999999999716, 1.750000000000000666 ) ) ;
#1162 = ORIENTED_EDGE ( 'NONE', *, *, #185, .F. ) ;
#1163 = DIRECTION ( 'NONE',  ( -0.9238795325112868495, 0.000000000000000000, 0.3826834323650895597 ) ) ;
#1164 = ORIENTED_EDGE ( 'NONE', *, *, #2260, .T. ) ;
#1165 = CARTESIAN_POINT ( 'NONE',  ( 6.602112165249028664, 0.5500000000000018208, 14.61109127034739430 ) ) ;
#1166 = LINE ( 'NONE', #900, #2258 ) ;
#1167 = VERTEX_POINT ( 'NONE', #2504 ) ;
#1168 = CARTESIAN_POINT ( 'NONE',  ( 8.823820654783091300, 22.55000000000000071, -12.38938278081332811 ) ) ;
#1169 = DIRECTION ( 'NONE',  ( 1.000000000000000000, 0.000000000000000000, -1.531574395750196519E-16 ) ) ;
#1170 = EDGE_CURVE ( 'NONE', #108, #1983, #2204, .T. ) ;
#1171 = CARTESIAN_POINT ( 'NONE',  ( 14.75409836065663427, 22.80000000000000071, 2.704918032781984838 ) ) ;
#1172 = DIRECTION ( 'NONE',  ( 0.000000000000000000, 0.000000000000000000, 1.000000000000000000 ) ) ;
#1173 = ORIENTED_EDGE ( 'NONE', *, *, #2332, .F. ) ;
#1174 = VECTOR ( 'NONE', #2064, 1000.000000000000000 ) ;
#1175 = DIRECTION ( 'NONE',  ( -0.9238795325112868495, 0.000000000000000000, 0.3826834323650895597 ) ) ;
#1176 = LINE ( 'NONE', #2742, #1968 ) ;
#1177 = VECTOR ( 'NONE', #668, 1000.000000000000000 ) ;
#1178 = TOROIDAL_SURFACE ( 'NONE', #2906, 15.25000000000000000, 0.2500000000000000000 ) ;
#1179 = ORIENTED_EDGE ( 'NONE', *, *, #2259, .F. ) ;
#1180 = DIRECTION ( 'NONE',  ( 0.9238795325112868495, 0.000000000000000000, -0.3826834323650895597 ) ) ;
#1181 = AXIS2_PLACEMENT_3D ( 'NONE', #2435, #352, #1521 ) ;
#1182 = EDGE_CURVE ( 'NONE', #1625, #2923, #2584, .T. ) ;
#1183 = EDGE_LOOP ( 'NONE', ( #20, #1110, #2621 ) ) ;
#1184 = LINE ( 'NONE', #952, #1129 ) ;
#1185 = CARTESIAN_POINT ( 'NONE',  ( 5.663203435596419588, 22.55000000000000071, -15.00000000000000000 ) ) ;
#1186 = LINE ( 'NONE', #971, #1857 ) ;
#1187 = CARTESIAN_POINT ( 'NONE',  ( -6.602112165249028664, 0.5500000000000018208, 14.61109127034739430 ) ) ;
#1188 = EDGE_CURVE ( 'NONE', #2343, #2026, #2273, .T. ) ;
#1189 = CARTESIAN_POINT ( 'NONE',  ( -9.418498933063759182, 22.62636275490000770, -11.67673427231773253 ) ) ;
#1190 = CARTESIAN_POINT ( 'NONE',  ( 2.749999999995789590, 22.80000000000000071, -15.00000000000076916 ) ) ;
#1191 = EDGE_CURVE ( 'NONE', #2301, #796, #2090, .T. ) ;
#1192 = EDGE_CURVE ( 'NONE', #455, #145, #1617, .T. ) ;
#1193 = ORIENTED_EDGE ( 'NONE', *, *, #2163, .T. ) ;
#1194 = CIRCLE ( 'NONE', #1565, 0.2500000000000001110 ) ;
#1195 = CARTESIAN_POINT ( 'NONE',  ( 8.876841959662769455, 22.60866058912327858, 12.09370044451360116 ) ) ;
#1196 = AXIS2_PLACEMENT_3D ( 'NONE', #2011, #2456, #627 ) ;
#1197 = ORIENTED_EDGE ( 'NONE', *, *, #2439, .T. ) ;
#1198 = CARTESIAN_POINT ( 'NONE',  ( -8.985388100633047159, 22.55000000000000071, 12.22781533496337936 ) ) ;
#1199 = DIRECTION ( 'NONE',  ( 0.000000000000000000, -1.000000000000000000, 0.000000000000000000 ) ) ;
#1200 = EDGE_LOOP ( 'NONE', ( #2876, #1446, #1847, #884 ) ) ;
#1201 = DIRECTION ( 'NONE',  ( -0.7071067811865473507, 0.000000000000000000, 0.7071067811865477948 ) ) ;
#1202 = CARTESIAN_POINT ( 'NONE',  ( 12.08599066012908807, 22.80000000000000071, 8.895919851065650974 ) ) ;
#1203 = FACE_OUTER_BOUND ( 'NONE', #2238, .T. ) ;
#1204 = PLANE ( 'NONE',  #2719 ) ;
#1205 = CARTESIAN_POINT ( 'NONE',  ( -14.97949177386577269, 22.66806967514034454, 0.9051403561810549281 ) ) ;
#1206 = ORIENTED_EDGE ( 'NONE', *, *, #1083, .F. ) ;
#1207 = DIRECTION ( 'NONE',  ( 0.000000000000000000, 0.000000000000000000, 1.000000000000000000 ) ) ;
#1208 = ORIENTED_EDGE ( 'NONE', *, *, #1155, .F. ) ;
#1209 = CARTESIAN_POINT ( 'NONE',  ( -9.237661037986118373, 22.62667616668144177, 11.82001096106171900 ) ) ;
#1210 = EDGE_CURVE ( 'NONE', #868, #2868, #2797, .T. ) ;
#1211 = EDGE_LOOP ( 'NONE', ( #1848, #1474, #816, #1775 ) ) ;
#1212 = DIRECTION ( 'NONE',  ( 3.552713678800500929E-15, 0.000000000000000000, 1.000000000000000000 ) ) ;
#1213 = DIRECTION ( 'NONE',  ( -0.3826834323650895597, 0.000000000000000000, -0.9238795325112868495 ) ) ;
#1214 = PLANE ( 'NONE',  #434 ) ;
#1215 = LINE ( 'NONE', #1708, #1288 ) ;
#1216 = CARTESIAN_POINT ( 'NONE',  ( 14.99999999999999467, 22.55000000000000071, -5.663203435596428470 ) ) ;
#1217 = DIRECTION ( 'NONE',  ( 0.000000000000000000, 1.000000000000000000, -0.000000000000000000 ) ) ;
#1218 = CARTESIAN_POINT ( 'NONE',  ( 2.704918032782880122, 22.55000000000076099, -14.75409836065647085 ) ) ;
#1219 = DIRECTION ( 'NONE',  ( 0.2705980500730982841, 0.7071067811865476838, 0.6532814824381881769 ) ) ;
#1220 = CARTESIAN_POINT ( 'NONE',  ( 9.952069328248791535, 22.66806967514177984, 11.23213109580853519 ) ) ;
#1221 = VERTEX_POINT ( 'NONE', #3 ) ;
#1222 = CIRCLE ( 'NONE', #1898, 15.00000000000000000 ) ;
#1223 = CARTESIAN_POINT ( 'NONE',  ( -8.892635914410046638, 22.78990841343744123, 12.08190860392669563 ) ) ;
#1224 = B_SPLINE_CURVE_WITH_KNOTS ( 'NONE', 3,
 ( #2871, #274, #932, #2614, #2166, #1235 ),
 .UNSPECIFIED., .F., .F.,
 ( 4, 2, 4 ),
 ( -2.449491885554699121E-05, 0.001339858778569957181, 0.002704212475995461037 ),
 .UNSPECIFIED. ) ;
#1225 = EDGE_CURVE ( 'NONE', #1781, #2692, #246, .T. ) ;
#1226 = ADVANCED_FACE ( 'NONE', ( #2989 ), #2056, .F. ) ;
#1227 = EDGE_LOOP ( 'NONE', ( #1123, #638, #889, #2515 ) ) ;
#1228 = DIRECTION ( 'NONE',  ( 0.3826834323650895597, 0.000000000000000000, 0.9238795325112868495 ) ) ;
#1229 = DIRECTION ( 'NONE',  ( 0.000000000000000000, -1.000000000000000000, 0.000000000000000000 ) ) ;
#1230 = AXIS2_PLACEMENT_3D ( 'NONE', #987, #2627, #2796 ) ;
#1231 = CARTESIAN_POINT ( 'NONE',  ( -11.66642424429302949, 22.73881760106674932, 9.431100602214849360 ) ) ;
#1232 = CIRCLE ( 'NONE', #2007, 13.50000000000000000 ) ;
#1233 = DIRECTION ( 'NONE',  ( 0.000000000000000000, 0.000000000000000000, 1.000000000000000000 ) ) ;
#1234 =( NAMED_UNIT ( * ) SI_UNIT ( $, .STERADIAN. ) SOLID_ANGLE_UNIT ( ) );
#1235 = CARTESIAN_POINT ( 'NONE',  ( -2.704918032786895132, 22.80000000000000071, -14.75409836065573543 ) ) ;
#1236 = DIRECTION ( 'NONE',  ( 0.000000000000000000, -1.000000000000000000, 0.000000000000000000 ) ) ;
#1237 = CARTESIAN_POINT ( 'NONE',  ( -10.92549280991543981, 22.60870329943047352, -10.28771062568097783 ) ) ;
#1238 = ORIENTED_EDGE ( 'NONE', *, *, #1398, .T. ) ;
#1239 = CARTESIAN_POINT ( 'NONE',  ( -8.708337686087840979, 22.79999998870311018, 12.21544877398701523 ) ) ;
#1240 = AXIS2_PLACEMENT_3D ( 'NONE', #2702, #2715, #2267 ) ;
#1241 = ADVANCED_FACE ( 'NONE', ( #2076 ), #443, .F. ) ;
#1242 = CIRCLE ( 'NONE', #206, 0.2499999999999994171 ) ;
#1243 = VERTEX_POINT ( 'NONE', #1161 ) ;
#1244 = DIRECTION ( 'NONE',  ( -0.000000000000000000, -1.000000000000000000, -0.000000000000000000 ) ) ;
#1245 = CARTESIAN_POINT ( 'NONE',  ( 10.60660171779821148, 22.55000000000000071, 10.60660171779820615 ) ) ;
#1246 = MECHANICAL_DESIGN_GEOMETRIC_PRESENTATION_REPRESENTATION (  '', ( #1103 ), #166 ) ;
#1247 = CARTESIAN_POINT ( 'NONE',  ( 0.000000000000000000, 22.55000000000000071, 0.000000000000000000 ) ) ;
#1248 = CARTESIAN_POINT ( 'NONE',  ( -14.91658245023604223, 22.62636275490089233, 1.596813521904660860 ) ) ;
#1249 = DIRECTION ( 'NONE',  ( 0.8230259256431987636, -1.387778780781445044E-14, -0.5680038078386058231 ) ) ;
#1250 = CARTESIAN_POINT ( 'NONE',  ( -4.999999999999997335, 4.000000000000000000, -1.749999999999999334 ) ) ;
#1251 = CARTESIAN_POINT ( 'NONE',  ( 0.000000000000000000, 28.04999999999999716, 0.000000000000000000 ) ) ;
#1252 = EDGE_LOOP ( 'NONE', ( #740, #2984 ) ) ;
#1253 = ORIENTED_EDGE ( 'NONE', *, *, #1143, .T. ) ;
#1254 = CARTESIAN_POINT ( 'NONE',  ( -1.825997142003138674, 22.62667616668144177, -14.89002266652904716 ) ) ;
#1255 = CARTESIAN_POINT ( 'NONE',  ( -6.602112165249030440, 22.55000000000000071, -14.61109127034739430 ) ) ;
#1256 = CARTESIAN_POINT ( 'NONE',  ( -0.4616759727972489791, 22.55000000000081073, 14.99999999999999822 ) ) ;
#1257 = ORIENTED_EDGE ( 'NONE', *, *, #1337, .F. ) ;
#1258 = FACE_OUTER_BOUND ( 'NONE', #2111, .T. ) ;
#1259 = FACE_OUTER_BOUND ( 'NONE', #1289, .T. ) ;
#1260 = EDGE_CURVE ( 'NONE', #2692, #2842, #233, .T. ) ;
#1261 = EDGE_CURVE ( 'NONE', #2706, #2189, #2334, .T. ) ;
#1262 = CARTESIAN_POINT ( 'NONE',  ( 1.825997141999909035, 22.62667616668118242, -14.89002266652967776 ) ) ;
#1263 = CARTESIAN_POINT ( 'NONE',  ( -14.61109127034739785, 22.55000000000000071, 6.602112165249030440 ) ) ;
#1264 = CARTESIAN_POINT ( 'NONE',  ( 9.431100602215918727, 22.73881760106594996, 11.66642424429214131 ) ) ;
#1265 = EDGE_LOOP ( 'NONE', ( #2077, #2364, #2300 ) ) ;
#1266 = CARTESIAN_POINT ( 'NONE',  ( -2.600000000000000533, 28.07501258052594295, -7.218968887565391235 ) ) ;
#1267 = EDGE_LOOP ( 'NONE', ( #1360, #368, #2773, #973 ) ) ;
#1268 = FACE_OUTER_BOUND ( 'NONE', #380, .T. ) ;
#1269 = FACE_OUTER_BOUND ( 'NONE', #1581, .T. ) ;
#1270 = CARTESIAN_POINT ( 'NONE',  ( -1.580612505458624639, 22.73881760106674932, 14.91820288521752502 ) ) ;
#1271 = AXIS2_PLACEMENT_3D ( 'NONE', #636, #1345, #1316 ) ;
#1272 = CIRCLE ( 'NONE', #2763, 0.2500000000000007216 ) ;
#1273 = ORIENTED_EDGE ( 'NONE', *, *, #1314, .F. ) ;
#1274 = LINE ( 'NONE', #1990, #485 ) ;
#1275 = ADVANCED_FACE ( 'NONE', ( #1413 ), #1604, .F. ) ;
#1276 = VECTOR ( 'NONE', #1003, 1000.000000000000000 ) ;
#1277 = CARTESIAN_POINT ( 'NONE',  ( -2.600000000000000089, 38.04999999999999716, -7.088194410426394754 ) ) ;
#1279 = ADVANCED_FACE ( 'NONE', ( #974 ), #1281, .F. ) ;
#1278 = CARTESIAN_POINT ( 'NONE',  ( 2.600000000000000089, 28.29999999999999716, -7.088194410426394754 ) ) ;
#1280 = CARTESIAN_POINT ( 'NONE',  ( 11.25057674142767539, 22.61007372876563437, -9.930378181051922937 ) ) ;
#1281 = TOROIDAL_SURFACE ( 'NONE', #2184, 15.25000000000000000, 0.2500000000000000000 ) ;
#1282 = ORIENTED_EDGE ( 'NONE', *, *, #54, .F. ) ;
#1283 = CARTESIAN_POINT ( 'NONE',  ( 2.479902032627981701, 22.79999998870311018, 14.79535129401821614 ) ) ;
#1284 = ORIENTED_EDGE ( 'NONE', *, *, #2508, .T. ) ;
#1285 = CARTESIAN_POINT ( 'NONE',  ( -0.4540920399248176142, 22.60910839274514572, -14.99999999999998934 ) ) ;
#1286 = CARTESIAN_POINT ( 'NONE',  ( -12.08599907738737222, 22.79999999999969518, 8.895907654629901629 ) ) ;
#1287 = DIRECTION ( 'NONE',  ( 0.5680038078383761180, 0.000000000000000000, -0.8230259256433573034 ) ) ;
#1288 = VECTOR ( 'NONE', #2610, 1000.000000000000000 ) ;
#1289 = EDGE_LOOP ( 'NONE', ( #1040, #592, #693 ) ) ;
#1290 = VECTOR ( 'NONE', #785, 999.9999999999998863 ) ;
#1291 = CARTESIAN_POINT ( 'NONE',  ( 14.99999999999999467, 22.55000000000000071, 5.663203435596420476 ) ) ;
#1292 = DIRECTION ( 'NONE',  ( -0.000000000000000000, -1.000000000000000000, 0.000000000000000000 ) ) ;
#1293 = DIRECTION ( 'NONE',  ( 3.063148791500395010E-16, 0.000000000000000000, 1.000000000000000000 ) ) ;
#1294 = VERTEX_POINT ( 'NONE', #1146 ) ;
#1295 = CARTESIAN_POINT ( 'NONE',  ( 4.999999999999999112, 4.000000000000000000, -6.123233995736766282E-16 ) ) ;
#1296 = FACE_OUTER_BOUND ( 'NONE', #2905, .T. ) ;
#1297 = EDGE_CURVE ( 'NONE', #1920, #824, #475, .T. ) ;
#1298 = VERTEX_POINT ( 'NONE', #738 ) ;
#1299 = DIRECTION ( 'NONE',  ( 0.000000000000000000, -1.000000000000000000, 0.000000000000000000 ) ) ;
#1300 = DIRECTION ( 'NONE',  ( 0.5680038078386058231, -1.387778780781445044E-14, 0.8230259256431987636 ) ) ;
#1301 = CARTESIAN_POINT ( 'NONE',  ( 5.663203435596419588, 22.55000000000000071, -15.00000000000000000 ) ) ;
#1302 = CYLINDRICAL_SURFACE ( 'NONE', #1127, 15.00000000000000000 ) ;
#1303 = EDGE_CURVE ( 'NONE', #2974, #1167, #1222, .T. ) ;
#1304 = ORIENTED_EDGE ( 'NONE', *, *, #2278, .F. ) ;
#1305 = DIRECTION ( 'NONE',  ( 0.000000000000000000, 0.000000000000000000, -1.000000000000000000 ) ) ;
#1306 = LINE ( 'NONE', #1277, #42 ) ;
#1307 = LINE ( 'NONE', #584, #948 ) ;
#1308 = ORIENTED_EDGE ( 'NONE', *, *, #1210, .T. ) ;
#1309 = DIRECTION ( 'NONE',  ( 0.000000000000000000, 0.000000000000000000, 1.000000000000000000 ) ) ;
#1310 = ORIENTED_EDGE ( 'NONE', *, *, #1408, .T. ) ;
#1311 = CARTESIAN_POINT ( 'NONE',  ( -6.602112165249030440, 22.55000000000000071, -14.61109127034739430 ) ) ;
#1312 = CARTESIAN_POINT ( 'NONE',  ( -15.00000000000077449, 22.80000000000000071, -2.749999999995770938 ) ) ;
#1313 = LINE ( 'NONE', #808, #1323 ) ;
#1314 = EDGE_CURVE ( 'NONE', #1059, #1157, #2543, .T. ) ;
#1315 = EDGE_CURVE ( 'NONE', #1974, #1111, #1383, .T. ) ;
#1316 = DIRECTION ( 'NONE',  ( 7.105427357601001859E-15, 0.000000000000000000, 1.000000000000000000 ) ) ;
#1317 = EDGE_LOOP ( 'NONE', ( #104, #2389, #175, #2455 ) ) ;
#1318 = ORIENTED_EDGE ( 'NONE', *, *, #2146, .T. ) ;
#1319 = AXIS2_PLACEMENT_3D ( 'NONE', #2299, #1199, #680 ) ;
#1320 = CARTESIAN_POINT ( 'NONE',  ( -12.22920610656884755, 22.58814638860330248, -8.688403593579662854 ) ) ;
#1321 = AXIS2_PLACEMENT_3D ( 'NONE', #120, #1754, #2864 ) ;
#1322 = CARTESIAN_POINT ( 'NONE',  ( 12.21544877398691398, 22.79999998870311018, 8.708337686088000851 ) ) ;
#1323 = VECTOR ( 'NONE', #2657, 1000.000000000000000 ) ;
#1324 = PLANE ( 'NONE',  #160 ) ;
#1325 = EDGE_LOOP ( 'NONE', ( #1750, #2705, #1629, #1648 ) ) ;
#1326 = LINE ( 'NONE', #1794, #1773 ) ;
#1327 = ORIENTED_EDGE ( 'NONE', *, *, #1478, .F. ) ;
#1328 = LINE ( 'NONE', #2052, #530 ) ;
#1329 = DIRECTION ( 'NONE',  ( 3.063148791500395010E-16, 0.000000000000000000, 1.000000000000000000 ) ) ;
#1330 = DIRECTION ( 'NONE',  ( 0.000000000000000000, 0.000000000000000000, 1.000000000000000000 ) ) ;
#1331 = ORIENTED_EDGE ( 'NONE', *, *, #35, .F. ) ;
#1332 = CARTESIAN_POINT ( 'NONE',  ( 8.708337686087924467, 22.79999998870311018, -12.21544877398696549 ) ) ;
#1333 = LINE ( 'NONE', #2257, #986 ) ;
#1334 = TOROIDAL_SURFACE ( 'NONE', #10, 7.799999999999999822, 0.2500000000000000000 ) ;
#1335 = CARTESIAN_POINT ( 'NONE',  ( 12.34538888464753725, 22.80000000000000071, -8.520057117579728612 ) ) ;
#1336 = DIRECTION ( 'NONE',  ( -0.000000000000000000, -1.000000000000000000, 0.000000000000000000 ) ) ;
#1337 = EDGE_CURVE ( 'NONE', #1920, #1535, #1666, .T. ) ;
#1338 = AXIS2_PLACEMENT_3D ( 'NONE', #632, #2486, #650 ) ;
#1339 = ORIENTED_EDGE ( 'NONE', *, *, #1679, .T. ) ;
#1340 = LINE ( 'NONE', #2025, #1869 ) ;
#1341 = ORIENTED_EDGE ( 'NONE', *, *, #767, .T. ) ;
#1342 = DIRECTION ( 'NONE',  ( -0.9238795325112868495, 0.000000000000000000, 0.3826834323650895597 ) ) ;
#1343 = CARTESIAN_POINT ( 'NONE',  ( -14.75409836065664138, 22.80000000000000071, -2.704918032781944870 ) ) ;
#1344 = DIRECTION ( 'NONE',  ( -1.000000000000000000, 0.000000000000000000, 0.000000000000000000 ) ) ;
#1345 = DIRECTION ( 'NONE',  ( -0.000000000000000000, -1.000000000000000000, 0.000000000000000000 ) ) ;
#1346 = ORIENTED_EDGE ( 'NONE', *, *, #2824, .F. ) ;
#1347 = CARTESIAN_POINT ( 'NONE',  ( 9.418498933061352218, 22.62636275490007876, -11.67673427231956573 ) ) ;
#1348 = CARTESIAN_POINT ( 'NONE',  ( 15.00000000000079936, 22.57955883425545451, 0.4579479939251071552 ) ) ;
#1349 = CARTESIAN_POINT ( 'NONE',  ( -15.00000000000000178, 22.60891435841381636, -0.4526015392820308403 ) ) ;
#1350 = CARTESIAN_POINT ( 'NONE',  ( 0.000000000000000000, 22.80000000000000071, 0.000000000000000000 ) ) ;
#1351 = EDGE_CURVE ( 'NONE', #2092, #838, #2904, .T. ) ;
#1352 = EDGE_CURVE ( 'NONE', #81, #2018, #926, .T. ) ;
#1353 = ORIENTED_EDGE ( 'NONE', *, *, #765, .T. ) ;
#1354 = ORIENTED_EDGE ( 'NONE', *, *, #1442, .T. ) ;
#1355 = DIRECTION ( 'NONE',  ( 3.063148791500395010E-16, 0.000000000000000000, 1.000000000000000000 ) ) ;
#1356 = DIRECTION ( 'NONE',  ( -0.7071067811865475727, 0.000000000000000000, 0.7071067811865475727 ) ) ;
#1357 = CARTESIAN_POINT ( 'NONE',  ( -15.00000000000000000, 0.5500000000000018208, 5.663203435596430246 ) ) ;
#1358 = DIRECTION ( 'NONE',  ( -1.531574395750196519E-16, 0.000000000000000000, -1.000000000000000000 ) ) ;
#1359 = ORIENTED_EDGE ( 'NONE', *, *, #1988, .T. ) ;
#1360 = ORIENTED_EDGE ( 'NONE', *, *, #2370, .T. ) ;
#1361 = CARTESIAN_POINT ( 'NONE',  ( 0.000000000000000000, 28.04999999999999716, 0.000000000000000000 ) ) ;
#1362 = AXIS2_PLACEMENT_3D ( 'NONE', #113, #311, #2840 ) ;
#1363 = CARTESIAN_POINT ( 'NONE',  ( -8.520057117579083794, 22.80000000000000071, -12.34538888464798134 ) ) ;
#1364 = EDGE_CURVE ( 'NONE', #2019, #2749, #1620, .T. ) ;
#1365 = AXIS2_PLACEMENT_3D ( 'NONE', #1970, #2654, #2432 ) ;
#1366 = ORIENTED_EDGE ( 'NONE', *, *, #2370, .F. ) ;
#1367 = VECTOR ( 'NONE', #2921, 1000.000000000000114 ) ;
#1368 = ADVANCED_FACE ( 'NONE', ( #766 ), #1499, .F. ) ;
#1369 = DIRECTION ( 'NONE',  ( -0.5000000000000004441, 0.7071067811865466846, 0.5000000000000007772 ) ) ;
#1370 = VECTOR ( 'NONE', #2271, 999.9999999999998863 ) ;
#1371 = VERTEX_POINT ( 'NONE', #275 ) ;
#1372 = CARTESIAN_POINT ( 'NONE',  ( -15.00000000000000178, 22.80000000000000071, 2.749999999999988454 ) ) ;
#1373 = LINE ( 'NONE', #1119, #19 ) ;
#1374 = DIRECTION ( 'NONE',  ( 0.9238795325112868495, 0.000000000000000000, 0.3826834323650895597 ) ) ;
#1375 = ORIENTED_EDGE ( 'NONE', *, *, #2950, .T. ) ;
#1376 = ORIENTED_EDGE ( 'NONE', *, *, #1024, .T. ) ;
#1377 = CARTESIAN_POINT ( 'NONE',  ( 14.75409836065646907, 22.55000000000076099, 2.704918032782904103 ) ) ;
#1378 = CARTESIAN_POINT ( 'NONE',  ( -9.470312199744151727, 22.54999999999992966, -11.74289123585235473 ) ) ;
#1379 = DIRECTION ( 'NONE',  ( -0.9836065573770998993, -5.562101894950298019E-13, -0.1803278688521829931 ) ) ;
#1380 = AXIS2_PLACEMENT_3D ( 'NONE', #1251, #2168, #2182 ) ;
#1381 = ORIENTED_EDGE ( 'NONE', *, *, #2987, .F. ) ;
#1382 = CONICAL_SURFACE ( 'NONE', #2735, 12.49999999999998224, 0.7853981633974533860 ) ;
#1383 = LINE ( 'NONE', #2308, #340 ) ;
#1384 = DIRECTION ( 'NONE',  ( 0.000000000000000000, 1.000000000000000000, 0.000000000000000000 ) ) ;
#1385 = AXIS2_PLACEMENT_3D ( 'NONE', #1295, #1965, #1700 ) ;
#1386 = ORIENTED_EDGE ( 'NONE', *, *, #2146, .F. ) ;
#1387 = DIRECTION ( 'NONE',  ( -0.5680038078386051570, -5.588427192522305284E-13, -0.8230259256431992076 ) ) ;
#1388 = DIRECTION ( 'NONE',  ( -1.000000000000000000, 0.000000000000000000, 0.000000000000000000 ) ) ;
#1389 = DIRECTION ( 'NONE',  ( 0.000000000000000000, 1.000000000000000000, 0.000000000000000000 ) ) ;
#1390 = EDGE_CURVE ( 'NONE', #68, #207, #2133, .T. ) ;
#1391 = ORIENTED_EDGE ( 'NONE', *, *, #1001, .F. ) ;
#1392 = CARTESIAN_POINT ( 'NONE',  ( 4.999999999999999112, 38.04999999999999716, -6.123233995736766282E-16 ) ) ;
#1393 = CARTESIAN_POINT ( 'NONE',  ( -12.08190860392428867, 22.78990841343716411, 8.892635914413292042 ) ) ;
#1394 = EDGE_CURVE ( 'NONE', #1079, #2026, #1597, .T. ) ;
#1395 = CARTESIAN_POINT ( 'NONE',  ( -9.237661037989086665, 22.62667616668117887, -11.82001096105995153 ) ) ;
#1396 = CARTESIAN_POINT ( 'NONE',  ( 14.83124266121502011, 22.78990841343824769, -2.255156345810389595 ) ) ;
#1397 = VERTEX_POINT ( 'NONE', #1914 ) ;
#1398 = EDGE_CURVE ( 'NONE', #1550, #1882, #2413, .T. ) ;
#1399 = CARTESIAN_POINT ( 'NONE',  ( 8.708337686091635277, 22.79999998870392020, 12.21544877398430984 ) ) ;
#1400 = ORIENTED_EDGE ( 'NONE', *, *, #2278, .T. ) ;
#1401 = CARTESIAN_POINT ( 'NONE',  ( 2.255156345806373697, 22.78990841343797058, -14.83124266121562229 ) ) ;
#1402 = ADVANCED_FACE ( 'NONE', ( #2365 ), #1441, .F. ) ;
#1403 = VERTEX_POINT ( 'NONE', #2397 ) ;
#1404 = DIRECTION ( 'NONE',  ( -0.5936131960091025617, -0.7002145072825528560, -0.3966396567602774037 ) ) ;
#1405 = CARTESIAN_POINT ( 'NONE',  ( 14.75409836065663427, 22.80000000000000071, 2.704918032781984838 ) ) ;
#1406 = CARTESIAN_POINT ( 'NONE',  ( -15.00000000000000000, 22.55000000000000071, 5.663203435596430246 ) ) ;
#1407 = EDGE_CURVE ( 'NONE', #920, #1080, #2136, .T. ) ;
#1408 = EDGE_CURVE ( 'NONE', #2215, #1489, #2631, .T. ) ;
#1409 = CARTESIAN_POINT ( 'NONE',  ( -8.662058069538185023, 22.55000000000000071, -12.55114536605823972 ) ) ;
#1410 = DIRECTION ( 'NONE',  ( 1.668003342285391551E-16, -0.000000000000000000, 1.000000000000000000 ) ) ;
#1411 = VERTEX_POINT ( 'NONE', #1250 ) ;
#1412 = AXIS2_PLACEMENT_3D ( 'NONE', #1742, #794, #1728 ) ;
#1413 = FACE_OUTER_BOUND ( 'NONE', #1211, .T. ) ;
#1414 = CARTESIAN_POINT ( 'NONE',  ( 8.892635914413270726, 22.78990841343716411, 12.08190860392431354 ) ) ;
#1415 = AXIS2_PLACEMENT_3D ( 'NONE', #2033, #2481, #395 ) ;
#1416 = EDGE_LOOP ( 'NONE', ( #1318, #8, #2225, #1544 ) ) ;
#1417 = DIRECTION ( 'NONE',  ( 0.000000000000000000, 0.000000000000000000, -1.000000000000000000 ) ) ;
#1418 = VECTOR ( 'NONE', #440, 1000.000000000000000 ) ;
#1419 = DIRECTION ( 'NONE',  ( -1.000000000000000000, 0.000000000000000000, 1.531574395750196519E-16 ) ) ;
#1420 = ORIENTED_EDGE ( 'NONE', *, *, #188, .T. ) ;
#1421 = DIRECTION ( 'NONE',  ( -0.000000000000000000, -1.000000000000000000, -0.000000000000000000 ) ) ;
#1422 = FACE_OUTER_BOUND ( 'NONE', #603, .T. ) ;
#1423 = CARTESIAN_POINT ( 'NONE',  ( -6.602112165249028664, 22.55000000000000071, 14.61109127034739430 ) ) ;
#1424 = DIRECTION ( 'NONE',  ( -0.000000000000000000, -1.000000000000000000, -0.000000000000000000 ) ) ;
#1425 = CARTESIAN_POINT ( 'NONE',  ( 12.34538888464753725, 22.80000000000000071, -8.520057117579728612 ) ) ;
#1426 = EDGE_LOOP ( 'NONE', ( #2010, #2437 ) ) ;
#1427 = AXIS2_PLACEMENT_3D ( 'NONE', #2851, #1217, #326 ) ;
#1428 = FACE_OUTER_BOUND ( 'NONE', #737, .T. ) ;
#1429 = ADVANCED_FACE ( 'NONE', ( #2381 ), #752, .F. ) ;
#1430 = VECTOR ( 'NONE', #1858, 1000.000000000000000 ) ;
#1431 = ORIENTED_EDGE ( 'NONE', *, *, #319, .T. ) ;
#1432 = DIRECTION ( 'NONE',  ( 0.000000000000000000, 0.000000000000000000, 1.000000000000000000 ) ) ;
#1433 = VERTEX_POINT ( 'NONE', #553 ) ;
#1434 = DIRECTION ( 'NONE',  ( -0.7071067811865476838, 0.000000000000000000, -0.7071067811865474617 ) ) ;
#1435 = CARTESIAN_POINT ( 'NONE',  ( 11.23078348625453238, 22.66782379189045926, 9.953599923786908832 ) ) ;
#1436 = DIRECTION ( 'NONE',  ( -0.7071067811865473507, 0.000000000000000000, 0.7071067811865477948 ) ) ;
#1437 = DIRECTION ( 'NONE',  ( -1.000000000000000000, 0.000000000000000000, 0.000000000000000000 ) ) ;
#1438 = DIRECTION ( 'NONE',  ( 0.000000000000000000, 1.000000000000000000, -0.000000000000000000 ) ) ;
#1439 = ORIENTED_EDGE ( 'NONE', *, *, #711, .T. ) ;
#1440 = EDGE_CURVE ( 'NONE', #281, #2080, #880, .T. ) ;
#1442 = EDGE_CURVE ( 'NONE', #2039, #2177, #507, .T. ) ;
#1441 = PLANE ( 'NONE',  #1804 ) ;
#1443 = DIRECTION ( 'NONE',  ( -0.5936131960090976767, 0.7002145072825529670, 0.3966396567602843426 ) ) ;
#1444 = ORIENTED_EDGE ( 'NONE', *, *, #1763, .T. ) ;
#1445 = LINE ( 'NONE', #478, #600 ) ;
#1446 = ORIENTED_EDGE ( 'NONE', *, *, #174, .T. ) ;
#1447 = DIRECTION ( 'NONE',  ( -0.3966396567602848422, 0.7002145072825531891, 0.5936131960090970106 ) ) ;
#1448 = CARTESIAN_POINT ( 'NONE',  ( 4.999999999999999112, 0.000000000000000000, -6.123233995736766282E-16 ) ) ;
#1449 = CARTESIAN_POINT ( 'NONE',  ( -11.25057674142841613, 22.61007372876258970, 9.930378181052647690 ) ) ;
#1450 = EDGE_CURVE ( 'NONE', #2039, #1557, #2151, .T. ) ;
#1451 = CARTESIAN_POINT ( 'NONE',  ( 8.520057117575596806, 22.80000000000000071, -12.34538888465039008 ) ) ;
#1452 = ADVANCED_FACE ( 'NONE', ( #1006 ), #2857, .F. ) ;
#1453 = PLANE ( 'NONE',  #1951 ) ;
#1454 = CARTESIAN_POINT ( 'NONE',  ( 5.000000000000000000, 4.000000000000000000, 3.749999999999999556 ) ) ;
#1455 = CARTESIAN_POINT ( 'NONE',  ( 4.999999999999999112, 38.04999999999999716, -6.123233995736766282E-16 ) ) ;
#1456 = ORIENTED_EDGE ( 'NONE', *, *, #598, .F. ) ;
#1457 = CIRCLE ( 'NONE', #1319, 3.750000000000000000 ) ;
#1458 = CARTESIAN_POINT ( 'NONE',  ( -9.955903652618989241, 22.54999999999972005, 11.25729978297778722 ) ) ;
#1459 = AXIS2_PLACEMENT_3D ( 'NONE', #1125, #1616, #17 ) ;
#1460 = VERTEX_POINT ( 'NONE', #1929 ) ;
#1461 = DIRECTION ( 'NONE',  ( -0.9238795325112868495, 0.000000000000000000, -0.3826834323650895597 ) ) ;
#1462 = DIRECTION ( 'NONE',  ( 0.000000000000000000, 1.000000000000000000, 0.000000000000000000 ) ) ;
#1463 = AXIS2_PLACEMENT_3D ( 'NONE', #1727, #2929, #1287 ) ;
#1464 = DIRECTION ( 'NONE',  ( 0.5680038078383714550, 0.000000000000000000, -0.8230259256433606341 ) ) ;
#1465 = LINE ( 'NONE', #762, #629 ) ;
#1466 = CARTESIAN_POINT ( 'NONE',  ( -4.594723187250591036E-15, 22.55000000000000071, -14.99999999999999822 ) ) ;
#1467 = DIRECTION ( 'NONE',  ( -0.9238795325112868495, 0.000000000000000000, 0.3826834323650895597 ) ) ;
#1468 = CARTESIAN_POINT ( 'NONE',  ( 0.000000000000000000, 22.80000000000000071, 0.000000000000000000 ) ) ;
#1469 = ORIENTED_EDGE ( 'NONE', *, *, #1801, .T. ) ;
#1470 = CARTESIAN_POINT ( 'NONE',  ( 2.704918032787666959, 22.54999999999985505, 14.75409836065559510 ) ) ;
#1471 = VECTOR ( 'NONE', #2928, 1000.000000000000000 ) ;
#1472 = CARTESIAN_POINT ( 'NONE',  ( 2.600000000000000089, 28.04999999999999716, -7.353910524340093957 ) ) ;
#1473 = AXIS2_PLACEMENT_3D ( 'NONE', #1947, #1667, #2586 ) ;
#1474 = ORIENTED_EDGE ( 'NONE', *, *, #891, .T. ) ;
#1475 = DIRECTION ( 'NONE',  ( 1.381347842916461856E-16, -0.000000000000000000, -1.000000000000000000 ) ) ;
#1476 = DIRECTION ( 'NONE',  ( 0.000000000000000000, -0.000000000000000000, -1.000000000000000000 ) ) ;
#1477 = DIRECTION ( 'NONE',  ( -0.7002145072825527450, -0.7002145072825527450, -0.1392813253171567567 ) ) ;
#1478 = EDGE_CURVE ( 'NONE', #313, #2811, #2567, .T. ) ;
#1479 = LINE ( 'NONE', #1645, #995 ) ;
#1480 = VECTOR ( 'NONE', #2912, 1000.000000000000114 ) ;
#1481 = ORIENTED_EDGE ( 'NONE', *, *, #4, .T. ) ;
#1482 = LINE ( 'NONE', #1017, #2191 ) ;
#1483 = PLANE ( 'NONE',  #2856 ) ;
#1484 = DIRECTION ( 'NONE',  ( 0.7071067811865473507, 0.000000000000000000, -0.7071067811865477948 ) ) ;
#1485 = CARTESIAN_POINT ( 'NONE',  ( -14.61109127034739785, 0.5500000000000018208, 6.602112165249030440 ) ) ;
#1486 = VERTEX_POINT ( 'NONE', #98 ) ;
#1487 = ADVANCED_FACE ( 'NONE', ( #1038 ), #1029, .F. ) ;
#1488 = CARTESIAN_POINT ( 'NONE',  ( 2.750000000000822009, 22.55000000000000071, 14.99999999999999645 ) ) ;
#1489 = VERTEX_POINT ( 'NONE', #801 ) ;
#1490 = CARTESIAN_POINT ( 'NONE',  ( -0.9202260287865982047, 22.55000000000019966, -14.99999999999982236 ) ) ;
#1491 = DIRECTION ( 'NONE',  ( -0.000000000000000000, 1.000000000000000000, -0.000000000000000000 ) ) ;
#1492 = EDGE_CURVE ( 'NONE', #2177, #2842, #2125, .T. ) ;
#1493 = CARTESIAN_POINT ( 'NONE',  ( -2.274662448755640387, 22.60866058912369425, 14.82841273915244784 ) ) ;
#1494 = ORIENTED_EDGE ( 'NONE', *, *, #1812, .F. ) ;
#1495 = ORIENTED_EDGE ( 'NONE', *, *, #2369, .T. ) ;
#1496 = EDGE_CURVE ( 'NONE', #2868, #1489, #2188, .T. ) ;
#1497 = CARTESIAN_POINT ( 'NONE',  ( 0.000000000000000000, 28.04999999999999716, 0.000000000000000000 ) ) ;
#1498 = CARTESIAN_POINT ( 'NONE',  ( 11.25729978297790979, 22.54999999999985860, 9.955903652618685484 ) ) ;
#1499 = PLANE ( 'NONE',  #2086 ) ;
#1500 = CARTESIAN_POINT ( 'NONE',  ( 10.60660171779821326, 22.55000000000000071, 10.60660171779820971 ) ) ;
#1501 = ORIENTED_EDGE ( 'NONE', *, *, #2387, .F. ) ;
#1502 = DIRECTION ( 'NONE',  ( -0.7071067811865473507, 0.000000000000000000, 0.7071067811865477948 ) ) ;
#1503 = ORIENTED_EDGE ( 'NONE', *, *, #2260, .F. ) ;
#1504 = DIRECTION ( 'NONE',  ( 0.7071067811865479058, 0.000000000000000000, 0.7071067811865472397 ) ) ;
#1505 = LINE ( 'NONE', #1954, #2776 ) ;
#1506 = FACE_OUTER_BOUND ( 'NONE', #980, .T. ) ;
#1507 = AXIS2_PLACEMENT_3D ( 'NONE', #2772, #2223, #823 ) ;
#1508 = ORIENTED_EDGE ( 'NONE', *, *, #2784, .F. ) ;
#1509 = AXIS2_PLACEMENT_3D ( 'NONE', #2911, #1935, #839 ) ;
#1510 = EDGE_LOOP ( 'NONE', ( #2947, #2096, #1308, #1760 ) ) ;
#1511 = DIRECTION ( 'NONE',  ( 0.000000000000000000, 0.000000000000000000, 1.000000000000000000 ) ) ;
#1512 = AXIS2_PLACEMENT_3D ( 'NONE', #594, #2662, #1511 ) ;
#1513 = CARTESIAN_POINT ( 'NONE',  ( -14.29741189229249265, 0.000000000000000000, -5.922181912621923949 ) ) ;
#1514 = CARTESIAN_POINT ( 'NONE',  ( -0.4526015392830415318, 22.60891435840612473, 15.00000000000000178 ) ) ;
#1515 = EDGE_LOOP ( 'NONE', ( #1495, #2863, #2675, #708 ) ) ;
#1516 = DIRECTION ( 'NONE',  ( 0.4999999999999996669, 0.7071067811865479058, -0.5000000000000000000 ) ) ;
#1517 = EDGE_CURVE ( 'NONE', #913, #322, #706, .T. ) ;
#1518 = VERTEX_POINT ( 'NONE', #1720 ) ;
#1519 = DIRECTION ( 'NONE',  ( -0.000000000000000000, -1.000000000000000000, -0.000000000000000000 ) ) ;
#1520 = CARTESIAN_POINT ( 'NONE',  ( -4.999999999999996447, 4.000000000000000000, 3.750000000000000444 ) ) ;
#1521 = DIRECTION ( 'NONE',  ( 0.9238795325112868495, 0.000000000000000000, 0.3826834323650895597 ) ) ;
#1522 = CARTESIAN_POINT ( 'NONE',  ( -14.61109127034739785, 22.55000000000000071, 6.602112165249030440 ) ) ;
#1523 = VECTOR ( 'NONE', #1545, 1000.000000000000000 ) ;
#1524 = ORIENTED_EDGE ( 'NONE', *, *, #2861, .T. ) ;
#1525 = VERTEX_POINT ( 'NONE', #2637 ) ;
#1526 = AXIS2_PLACEMENT_3D ( 'NONE', #927, #1384, #492 ) ;
#1527 = CARTESIAN_POINT ( 'NONE',  ( -11.74289123585468531, 22.55000000000000071, -9.470312199741735881 ) ) ;
#1528 = CARTESIAN_POINT ( 'NONE',  ( 10.60660171779821326, 22.55000000000000071, 10.60660171779820793 ) ) ;
#1529 = CARTESIAN_POINT ( 'NONE',  ( 2.750000000000028422, 22.80000000000000071, 14.99999999999999467 ) ) ;
#1530 =( BOUNDED_SURFACE ( )  B_SPLINE_SURFACE ( 3, 2, ( 
 ( #457, #2959, #2518 ),
 ( #2986, #684, #890 ),
 ( #1393, #2317, #715 ),
 ( #73, #1643, #1923 ),
 ( #1231, #2346, #2116 ),
 ( #2374, #1449, #2819 ),
 ( #257, #2564, #1893 ),
 ( #2624, #284, #2848 ) ),
 .UNSPECIFIED., .F., .F., .F. ) 
 B_SPLINE_SURFACE_WITH_KNOTS ( ( 4, 2, 2, 4 ),
 ( 3, 3 ),
 ( 0.001235652188205469282, 0.001944503121141307909, 0.002653354054077146536, 0.004071055919948823355 ),
 ( 0.000000000000000000, 1.000000000000000000 ),
 .UNSPECIFIED. ) 
 GEOMETRIC_REPRESENTATION_ITEM ( )  RATIONAL_B_SPLINE_SURFACE ( (
 ( 1.000000000000000000, 0.7071067811876183828, 1.000000000000000000),
 ( 1.000000000000000000, 0.7652304032465789829, 1.000000000000000000),
 ( 1.000000000000000000, 0.8101366047354167099, 1.000000000000000000),
 ( 1.000000000000000000, 0.8837265853921439929, 1.000000000000000000),
 ( 1.000000000000000000, 0.9123074770317149973, 1.000000000000000000),
 ( 1.000000000000000000, 0.9795175777408692275, 1.000000000000000000),
 ( 1.000000000000000000, 0.9996742055249291381, 1.000000000000000000),
 ( 1.000000000000000000, 1.000000000000000000, 1.000000000000000000) ) ) 
 REPRESENTATION_ITEM ( '' )  SURFACE ( )  );
#1531 = ORIENTED_EDGE ( 'NONE', *, *, #2738, .T. ) ;
#1532 = EDGE_CURVE ( 'NONE', #373, #2692, #557, .T. ) ;
#1533 = EDGE_CURVE ( 'NONE', #2585, #2685, #2665, .T. ) ;
#1534 = CARTESIAN_POINT ( 'NONE',  ( -4.999999999999997335, 4.000000000000000000, 6.123233995736762338E-16 ) ) ;
#1535 = VERTEX_POINT ( 'NONE', #152 ) ;
#1536 = LINE ( 'NONE', #364, #829 ) ;
#1537 = DIRECTION ( 'NONE',  ( -0.7071067811865473507, 0.000000000000000000, 0.7071067811865477948 ) ) ;
#1538 = LINE ( 'NONE', #1772, #2383 ) ;
#1539 = PLANE ( 'NONE',  #827 ) ;
#1540 = EDGE_LOOP ( 'NONE', ( #1774, #2606, #2066 ) ) ;
#1541 = DIRECTION ( 'NONE',  ( 0.9238795325112868495, 0.000000000000000000, -0.3826834323650895597 ) ) ;
#1542 = CARTESIAN_POINT ( 'NONE',  ( -4.999999999999997335, 38.04999999999999716, -1.749999999999999334 ) ) ;
#1543 = DIRECTION ( 'NONE',  ( 0.000000000000000000, 1.000000000000000000, -0.000000000000000000 ) ) ;
#1544 = ORIENTED_EDGE ( 'NONE', *, *, #1149, .F. ) ;
#1545 = DIRECTION ( 'NONE',  ( -3.063148791500395010E-16, 0.000000000000000000, -1.000000000000000000 ) ) ;
#1546 = ORIENTED_EDGE ( 'NONE', *, *, #1002, .T. ) ;
#1547 = CARTESIAN_POINT ( 'NONE',  ( -15.00000000000000000, 22.55000000000000071, 2.755455298081559372E-15 ) ) ;
#1548 = LINE ( 'NONE', #1137, #2247 ) ;
#1549 = DIRECTION ( 'NONE',  ( 0.3826834323650895597, 0.000000000000000000, 0.9238795325112868495 ) ) ;
#1550 = VERTEX_POINT ( 'NONE', #2852 ) ;
#1551 = ORIENTED_EDGE ( 'NONE', *, *, #1407, .F. ) ;
#1552 = AXIS2_PLACEMENT_3D ( 'NONE', #698, #1434, #512 ) ;
#1553 = DIRECTION ( 'NONE',  ( -0.3826834323650892267, 0.000000000000000000, 0.9238795325112869605 ) ) ;
#1554 = VECTOR ( 'NONE', #1037, 1000.000000000000000 ) ;
#1555 = DIRECTION ( 'NONE',  ( -0.000000000000000000, -1.000000000000000000, -0.000000000000000000 ) ) ;
#1556 = CARTESIAN_POINT ( 'NONE',  ( 10.92769327851034866, 22.60910839274348305, -10.28551015708606897 ) ) ;
#1557 = VERTEX_POINT ( 'NONE', #860 ) ;
#1558 = ORIENTED_EDGE ( 'NONE', *, *, #211, .T. ) ;
#1559 = CARTESIAN_POINT ( 'NONE',  ( 14.99999999999999467, 22.55000000000000071, -5.663203435596428470 ) ) ;
#1560 = CARTESIAN_POINT ( 'NONE',  ( -15.00000000000000000, 0.5500000000000018208, 5.663203435596430246 ) ) ;
#1561 = CARTESIAN_POINT ( 'NONE',  ( 14.61109127034739430, 0.5499999999999983791, -6.602112165249029552 ) ) ;
#1562 = EDGE_LOOP ( 'NONE', ( #223, #2589 ) ) ;
#1563 = ORIENTED_EDGE ( 'NONE', *, *, #185, .T. ) ;
#1564 = CARTESIAN_POINT ( 'NONE',  ( 14.99999999999999467, 22.55000000000000071, 2.521233158053280743 ) ) ;
#1565 = AXIS2_PLACEMENT_3D ( 'NONE', #1971, #334, #1300 ) ;
#1566 = EDGE_CURVE ( 'NONE', #1625, #2680, #2948, .T. ) ;
#1567 = EDGE_CURVE ( 'NONE', #437, #2177, #2712, .T. ) ;
#1568 = CIRCLE ( 'NONE', #548, 1.750000000000000000 ) ;
#1569 = CARTESIAN_POINT ( 'NONE',  ( -14.97961719769217481, 22.66783071135837702, -0.9031636517568318867 ) ) ;
#1570 = CARTESIAN_POINT ( 'NONE',  ( 14.99999999999999822, 22.60910839273698514, -0.4540920399246914929 ) ) ;
#1571 = AXIS2_PLACEMENT_3D ( 'NONE', #953, #1462, #970 ) ;
#1572 = ORIENTED_EDGE ( 'NONE', *, *, #2074, .F. ) ;
#1573 = B_SPLINE_CURVE_WITH_KNOTS ( 'NONE', 3,
 ( #194, #2983, #1816, #916, #2730, #651 ),
 .UNSPECIFIED., .F., .F.,
 ( 4, 2, 4 ),
 ( -2.449491885554676759E-05, 0.001339858778569964770, 0.002704212475995476216 ),
 .UNSPECIFIED. ) ;
#1574 = DIRECTION ( 'NONE',  ( -0.000000000000000000, -1.000000000000000000, -0.000000000000000000 ) ) ;
#1575 = ORIENTED_EDGE ( 'NONE', *, *, #1058, .T. ) ;
#1576 = CARTESIAN_POINT ( 'NONE',  ( -14.89267021950905878, 22.75942720414222364, -1.805509001041271988 ) ) ;
#1577 = CARTESIAN_POINT ( 'NONE',  ( 14.61109127034739430, 0.5500000000000018208, 6.602112165249022446 ) ) ;
#1578 = CARTESIAN_POINT ( 'NONE',  ( 10.21769298814560756, 0.000000000000000000, -10.21769298814561466 ) ) ;
#1579 = ADVANCED_FACE ( 'NONE', ( #2462 ), #1302, .T. ) ;
#1580 = ORIENTED_EDGE ( 'NONE', *, *, #1903, .T. ) ;
#1581 = EDGE_LOOP ( 'NONE', ( #2690, #965 ) ) ;
#1582 = FACE_OUTER_BOUND ( 'NONE', #22, .T. ) ;
#1583 = ADVANCED_FACE ( 'NONE', ( #2941 ), #1539, .F. ) ;
#1584 = CARTESIAN_POINT ( 'NONE',  ( -8.985388100635789854, 22.55000000000000071, -12.22781533496063311 ) ) ;
#1585 = CARTESIAN_POINT ( 'NONE',  ( 15.00000000000080114, 22.57955883425555044, -0.4579479939264016752 ) ) ;
#1586 = ORIENTED_EDGE ( 'NONE', *, *, #88, .F. ) ;
#1587 = CARTESIAN_POINT ( 'NONE',  ( 0.9031636517568393252, 22.66783071135837702, -14.97961719769217659 ) ) ;
#1588 = UNCERTAINTY_MEASURE_WITH_UNIT (LENGTH_MEASURE( 1.000000000000000082E-05 ), #489, 'distance_accuracy_value', 'NONE');
#1589 = ORIENTED_EDGE ( 'NONE', *, *, #249, .F. ) ;
#1590 = FACE_OUTER_BOUND ( 'NONE', #1200, .T. ) ;
#1591 = DIRECTION ( 'NONE',  ( 0.6532814824381887320, 0.7071067811865472397, -0.2705980500730985061 ) ) ;
#1592 = DIRECTION ( 'NONE',  ( -0.7002145072825531891, 0.7002145072825533001, 0.1392813253171520105 ) ) ;
#1593 = FACE_OUTER_BOUND ( 'NONE', #1689, .T. ) ;
#1594 = ORIENTED_EDGE ( 'NONE', *, *, #1303, .T. ) ;
#1595 = ORIENTED_EDGE ( 'NONE', *, *, #2186, .F. ) ;
#1596 = CARTESIAN_POINT ( 'NONE',  ( 2.599999999999999645, 28.04999999999999716, -9.529999999999997584 ) ) ;
#1597 = CIRCLE ( 'NONE', #1362, 13.50000000000000000 ) ;
#1598 = CARTESIAN_POINT ( 'NONE',  ( 14.61109127034739430, 22.55000000000000071, 6.602112165249022446 ) ) ;
#1599 = CARTESIAN_POINT ( 'NONE',  ( 14.99999999999999645, 22.55000000000000071, 0.000000000000000000 ) ) ;
#1600 = VECTOR ( 'NONE', #1823, 1000.000000000000000 ) ;
#1601 = ORIENTED_EDGE ( 'NONE', *, *, #1644, .T. ) ;
#1602 = VECTOR ( 'NONE', #1436, 1000.000000000000000 ) ;
#1603 = ADVANCED_FACE ( 'NONE', ( #1593 ), #2281, .T. ) ;
#1604 = PLANE ( 'NONE',  #1668 ) ;
#1605 = CARTESIAN_POINT ( 'NONE',  ( 14.99999999999999467, 22.55000000000000071, 5.663203435596420476 ) ) ;
#1606 = CIRCLE ( 'NONE', #290, 15.00000000000000000 ) ;
#1607 = ORIENTED_EDGE ( 'NONE', *, *, #2566, .F. ) ;
#1608 = CARTESIAN_POINT ( 'NONE',  ( -15.00000000000000178, 22.55000000000000071, -1.835600817733529899 ) ) ;
#1609 = CARTESIAN_POINT ( 'NONE',  ( 1.836970198721029194E-15, 29.05000000000000071, 15.00000000000000000 ) ) ;
#1610 = EDGE_CURVE ( 'NONE', #1157, #1882, #1457, .T. ) ;
#1611 = CARTESIAN_POINT ( 'NONE',  ( 14.89797285107500890, 22.76226597817865382, -1.804176844594297613 ) ) ;
#1612 = ORIENTED_EDGE ( 'NONE', *, *, #1170, .F. ) ;
#1613 = ORIENTED_EDGE ( 'NONE', *, *, #361, .T. ) ;
#1614 = CARTESIAN_POINT ( 'NONE',  ( 14.99999999999999467, 22.55000000000000071, 0.000000000000000000 ) ) ;
#1615 = CIRCLE ( 'NONE', #302, 1.750000000000000000 ) ;
#1616 = DIRECTION ( 'NONE',  ( 0.000000000000000000, 1.000000000000000000, 0.000000000000000000 ) ) ;
#1617 = LINE ( 'NONE', #959, #2472 ) ;
#1618 = TOROIDAL_SURFACE ( 'NONE', #305, 15.25000000000000000, 0.2500000000000000000 ) ;
#1619 = ORIENTED_EDGE ( 'NONE', *, *, #732, .T. ) ;
#1620 = LINE ( 'NONE', #461, #2428 ) ;
#1621 = CARTESIAN_POINT ( 'NONE',  ( 8.662058069538172589, 22.55000000000000071, 12.55114536605825037 ) ) ;
#1622 = AXIS2_PLACEMENT_3D ( 'NONE', #1153, #886, #1356 ) ;
#1623 = EDGE_CURVE ( 'NONE', #2400, #796, #1850, .T. ) ;
#1624 = EDGE_CURVE ( 'NONE', #2139, #313, #1862, .T. ) ;
#1625 = VERTEX_POINT ( 'NONE', #917 ) ;
#1626 = CARTESIAN_POINT ( 'NONE',  ( 0.4579479939245131859, 22.57955883425886867, -14.99999999999959144 ) ) ;
#1627 = CARTESIAN_POINT ( 'NONE',  ( -9.418498933061377087, 22.62636275489965598, 11.67673427231996897 ) ) ;
#1628 = CARTESIAN_POINT ( 'NONE',  ( -2.600000000000000977, 0.000000000000000000, -4.329999999999997407 ) ) ;
#1629 = ORIENTED_EDGE ( 'NONE', *, *, #1002, .F. ) ;
#1630 = LINE ( 'NONE', #12, #1752 ) ;
#1631 = ORIENTED_EDGE ( 'NONE', *, *, #2560, .F. ) ;
#1632 = LINE ( 'NONE', #470, #47 ) ;
#1633 = CARTESIAN_POINT ( 'NONE',  ( -14.89796886948619381, 22.76226825234900630, -1.804206067795518065 ) ) ;
#1634 = CARTESIAN_POINT ( 'NONE',  ( 14.97949177386592012, 22.66806967514034454, -0.9051403561794951758 ) ) ;
#1635 = B_SPLINE_CURVE_WITH_KNOTS ( 'NONE', 3,
 ( #136, #1286, #351, #1771, #1065, #2404 ),
 .UNSPECIFIED., .F., .F.,
 ( 4, 2, 4 ),
 ( 0.000000000000000000, 0.001369259028189109524, 0.002738518056378219049 ),
 .UNSPECIFIED. ) ;
#1636 = VERTEX_POINT ( 'NONE', #3001 ) ;
#1637 = DIRECTION ( 'NONE',  ( 0.000000000000000000, 1.000000000000000000, -0.000000000000000000 ) ) ;
#1638 = ORIENTED_EDGE ( 'NONE', *, *, #1721, .T. ) ;
#1639 = CARTESIAN_POINT ( 'NONE',  ( 6.602112165249028664, 0.5500000000000018208, 14.61109127034739430 ) ) ;
#1640 = ORIENTED_EDGE ( 'NONE', *, *, #912, .F. ) ;
#1641 = CARTESIAN_POINT ( 'NONE',  ( 0.000000000000000000, 29.05000000000000071, -15.00000000000000000 ) ) ;
#1642 = CARTESIAN_POINT ( 'NONE',  ( 11.81020331020059899, 22.76226597817865027, 9.258711947655839936 ) ) ;
#1643 = CARTESIAN_POINT ( 'NONE',  ( -11.82001096105966553, 22.62667616668156967, 9.237661037989015611 ) ) ;
#1644 = EDGE_CURVE ( 'NONE', #2189, #2973, #936, .T. ) ;
#1645 = CARTESIAN_POINT ( 'NONE',  ( -14.61109127034740141, 22.55000000000000071, -6.602112165249019782 ) ) ;
#1646 = CARTESIAN_POINT ( 'NONE',  ( 10.28771062568075045, 22.60870329942798662, -10.92549280991567606 ) ) ;
#1647 = EDGE_CURVE ( 'NONE', #2811, #2295, #2330, .T. ) ;
#1648 = ORIENTED_EDGE ( 'NONE', *, *, #1796, .F. ) ;
#1649 = AXIS2_PLACEMENT_3D ( 'NONE', #2197, #1236, #2425 ) ;
#1650 = DIRECTION ( 'NONE',  ( -0.7071067811865477948, 0.000000000000000000, -0.7071067811865473507 ) ) ;
#1651 = VECTOR ( 'NONE', #112, 1000.000000000000000 ) ;
#1652 = ORIENTED_EDGE ( 'NONE', *, *, #2595, .T. ) ;
#1653 = CARTESIAN_POINT ( 'NONE',  ( 0.000000000000000000, 28.29999999999999716, 7.549999999999999822 ) ) ;
#1654 = CONICAL_SURFACE ( 'NONE', #679, 12.49999999999998224, 0.7853981633974533860 ) ;
#1655 = ORIENTED_EDGE ( 'NONE', *, *, #993, .F. ) ;
#1656 = LINE ( 'NONE', #2793, #386 ) ;
#1657 = CARTESIAN_POINT ( 'NONE',  ( -4.999999999999997335, 38.04999999999999716, 6.123233995736762338E-16 ) ) ;
#1658 = PLANE ( 'NONE',  #2138 ) ;
#1659 = DIRECTION ( 'NONE',  ( -0.000000000000000000, -1.000000000000000000, -0.000000000000000000 ) ) ;
#1660 = EDGE_CURVE ( 'NONE', #1625, #477, #1078, .T. ) ;
#1661 = ADVANCED_FACE ( 'NONE', ( #842, #222 ), #928, .T. ) ;
#1662 = DIRECTION ( 'NONE',  ( -0.7071067811865476838, 0.000000000000000000, -0.7071067811865474617 ) ) ;
#1663 = CARTESIAN_POINT ( 'NONE',  ( -15.00000000000000178, 22.55000000000000071, 2.750000000000781597 ) ) ;
#1664 = VERTEX_POINT ( 'NONE', #89 ) ;
#1665 = VECTOR ( 'NONE', #2119, 1000.000000000000000 ) ;
#1666 = LINE ( 'NONE', #220, #2514 ) ;
#1667 = DIRECTION ( 'NONE',  ( -0.6532814824381883989, 0.7071067811865475727, 0.2705980500730983951 ) ) ;
#1668 = AXIS2_PLACEMENT_3D ( 'NONE', #2556, #962, #1175 ) ;
#1669 = AXIS2_PLACEMENT_3D ( 'NONE', #18, #422, #1172 ) ;
#1670 = ORIENTED_EDGE ( 'NONE', *, *, #2203, .T. ) ;
#1671 = CARTESIAN_POINT ( 'NONE',  ( -9.308635932024786896, 22.55000000000000071, 11.90456750357164140 ) ) ;
#1672 = PRODUCT_DEFINITION ( 'UNKNOWN', '', #2409, #1148 ) ;
#1673 = ORIENTED_EDGE ( 'NONE', *, *, #1261, .T. ) ;
#1674 = CARTESIAN_POINT ( 'NONE',  ( 0.000000000000000000, 22.55000000000000071, 0.000000000000000000 ) ) ;
#1675 = CARTESIAN_POINT ( 'NONE',  ( 10.92549280991544514, 22.60870329943048063, 10.28771062568097605 ) ) ;
#1676 = DIRECTION ( 'NONE',  ( -1.381347842916461856E-16, 0.000000000000000000, -1.000000000000000000 ) ) ;
#1677 = CARTESIAN_POINT ( 'NONE',  ( -2.600000000000001421, 0.000000000000000000, -9.529999999999997584 ) ) ;
#1678 = CARTESIAN_POINT ( 'NONE',  ( 0.000000000000000000, 28.04999999999999716, 0.000000000000000000 ) ) ;
#1679 = EDGE_CURVE ( 'NONE', #2400, #2019, #384, .T. ) ;
#1680 = CARTESIAN_POINT ( 'NONE',  ( 14.99999999999999467, 22.55000000000000071, -2.750000000000030198 ) ) ;
#1681 = CARTESIAN_POINT ( 'NONE',  ( 0.000000000000000000, 22.80000000000000071, 0.000000000000000000 ) ) ;
#1682 = EDGE_CURVE ( 'NONE', #1833, #2427, #2999, .T. ) ;
#1683 = FACE_BOUND ( 'NONE', #2315, .T. ) ;
#1684 = DIRECTION ( 'NONE',  ( -0.6532814824381877328, 0.7071067811865482389, -0.2705980500730978400 ) ) ;
#1685 = DIRECTION ( 'NONE',  ( -0.8230259256431990966, -5.604413661588024732E-13, 0.5680038078386056011 ) ) ;
#1686 = ORIENTED_EDGE ( 'NONE', *, *, #1566, .F. ) ;
#1687 = CARTESIAN_POINT ( 'NONE',  ( -9.952069328248397184, 22.66806967514194682, 11.23213109580895264 ) ) ;
#1688 = CARTESIAN_POINT ( 'NONE',  ( -15.00000000000000178, 22.55000000000000071, 4.594723187250592614E-15 ) ) ;
#1689 = EDGE_LOOP ( 'NONE', ( #949, #234, #1144, #563 ) ) ;
#1690 = FACE_OUTER_BOUND ( 'NONE', #1980, .T. ) ;
#1691 = CARTESIAN_POINT ( 'NONE',  ( 10.60660171779820793, 22.55000000000000071, -10.60660171779821681 ) ) ;
#1692 = CARTESIAN_POINT ( 'NONE',  ( -6.602112165249030440, 0.5500000000000018208, -14.61109127034739430 ) ) ;
#1693 = DIRECTION ( 'NONE',  ( -1.000000000000000000, 0.000000000000000000, 3.063148791500394517E-16 ) ) ;
#1694 = CARTESIAN_POINT ( 'NONE',  ( -10.21769298814560933, 0.000000000000000000, 10.21769298814561644 ) ) ;
#1695 = DIRECTION ( 'NONE',  ( 0.7071067811865473507, -0.000000000000000000, -0.7071067811865477948 ) ) ;
#1696 = DIRECTION ( 'NONE',  ( -0.9836065573770491621, 0.000000000000000000, 0.1803278688524591333 ) ) ;
#1697 = CARTESIAN_POINT ( 'NONE',  ( -12.08599066012907741, 22.80000000000000071, -8.895919851065668738 ) ) ;
#1698 = ORIENTED_EDGE ( 'NONE', *, *, #1315, .T. ) ;
#1699 = VECTOR ( 'NONE', #2159, 1000.000000000000000 ) ;
#1700 = DIRECTION ( 'NONE',  ( 0.000000000000000000, -0.000000000000000000, -1.000000000000000000 ) ) ;
#1701 = EDGE_CURVE ( 'NONE', #2792, #1079, #2643, .T. ) ;
#1702 = VECTOR ( 'NONE', #1837, 1000.000000000000000 ) ;
#1703 = ORIENTED_EDGE ( 'NONE', *, *, #319, .F. ) ;
#1704 = FACE_OUTER_BOUND ( 'NONE', #2785, .T. ) ;
#1705 = CARTESIAN_POINT ( 'NONE',  ( 6.602112165249028664, 22.55000000000000071, 14.61109127034739430 ) ) ;
#1706 = TOROIDAL_SURFACE ( 'NONE', #2289, 7.799999999999999822, 0.2500000000000000000 ) ;
#1707 = LINE ( 'NONE', #1692, #1602 ) ;
#1708 = CARTESIAN_POINT ( 'NONE',  ( 14.44999999999999218, 0.000000000000000000, -0.000000000000000000 ) ) ;
#1709 = VERTEX_POINT ( 'NONE', #1425 ) ;
#1710 = CARTESIAN_POINT ( 'NONE',  ( 0.000000000000000000, 28.29999999999999716, 0.000000000000000000 ) ) ;
#1711 = DIRECTION ( 'NONE',  ( 0.1803278688521843531, -5.568177976979363488E-13, -0.9836065573770996773 ) ) ;
#1712 = CARTESIAN_POINT ( 'NONE',  ( 2.850376317693109063E-29, 22.55000000000000071, -14.99999999999999822 ) ) ;
#1713 = DIRECTION ( 'NONE',  ( -0.000000000000000000, -1.000000000000000000, -0.000000000000000000 ) ) ;
#1714 = LINE ( 'NONE', #1485, #2252 ) ;
#1715 = EDGE_CURVE ( 'NONE', #1111, #2718, #2533, .T. ) ;
#1716 = ORIENTED_EDGE ( 'NONE', *, *, #1567, .F. ) ;
#1717 = CARTESIAN_POINT ( 'NONE',  ( -2.600000000000001421, 28.04999999999999716, -7.285813387018499121 ) ) ;
#1718 = VECTOR ( 'NONE', #2559, 1000.000000000000000 ) ;
#1719 = CARTESIAN_POINT ( 'NONE',  ( -2.600000000000001421, 0.000000000000000000, -9.529999999999997584 ) ) ;
#1721 = EDGE_CURVE ( 'NONE', #1486, #1934, #1630, .T. ) ;
#1720 = CARTESIAN_POINT ( 'NONE',  ( -14.61109127034739785, 22.55000000000000071, 6.602112165249030440 ) ) ;
#1722 = EDGE_CURVE ( 'NONE', #162, #1535, #2372, .T. ) ;
#1723 = CIRCLE ( 'NONE', #1380, 7.799999999999999822 ) ;
#1724 = ORIENTED_EDGE ( 'NONE', *, *, #277, .F. ) ;
#1725 = CARTESIAN_POINT ( 'NONE',  ( -1.606956047217874994, 22.54999999999990123, -15.00000000000008527 ) ) ;
#1726 = CARTESIAN_POINT ( 'NONE',  ( 12.55114536605768016, 22.55000000000000071, -8.662058069538741023 ) ) ;
#1727 = CARTESIAN_POINT ( 'NONE',  ( -8.662058069535209626, 22.80000000000000071, 12.55114536606121511 ) ) ;
#1728 = DIRECTION ( 'NONE',  ( 0.000000000000000000, 0.000000000000000000, 1.000000000000000000 ) ) ;
#1729 = CIRCLE ( 'NONE', #944, 15.00000000000000000 ) ;
#1730 = ORIENTED_EDGE ( 'NONE', *, *, #2990, .F. ) ;
#1731 = ORIENTED_EDGE ( 'NONE', *, *, #1314, .T. ) ;
#1732 = DIRECTION ( 'NONE',  ( 0.000000000000000000, 0.000000000000000000, 1.000000000000000000 ) ) ;
#1733 = CARTESIAN_POINT ( 'NONE',  ( -4.594723187250591036E-15, 22.55000000000000071, -14.99999999999999822 ) ) ;
#1734 = CARTESIAN_POINT ( 'NONE',  ( 0.000000000000000000, 22.80000000000000071, 0.000000000000000000 ) ) ;
#1735 = DIRECTION ( 'NONE',  ( 0.000000000000000000, 1.000000000000000000, -0.000000000000000000 ) ) ;
#1736 = ORIENTED_EDGE ( 'NONE', *, *, #505, .F. ) ;
#1737 = CARTESIAN_POINT ( 'NONE',  ( 2.067165896173160778E-15, 22.55000000000000071, 14.99999999999999822 ) ) ;
#1738 = ORIENTED_EDGE ( 'NONE', *, *, #1746, .T. ) ;
#1739 = FACE_OUTER_BOUND ( 'NONE', #330, .T. ) ;
#1740 = CARTESIAN_POINT ( 'NONE',  ( -4.999999999999997335, 4.000000000000000000, 6.123233995736762338E-16 ) ) ;
#1741 = CARTESIAN_POINT ( 'NONE',  ( -0.9051403561792924490, 22.66806967514017046, 14.97949177386587571 ) ) ;
#1742 = CARTESIAN_POINT ( 'NONE',  ( 0.000000000000000000, 29.05000000000000071, 0.000000000000000000 ) ) ;
#1743 = ORIENTED_EDGE ( 'NONE', *, *, #866, .F. ) ;
#1744 = ORIENTED_EDGE ( 'NONE', *, *, #724, .F. ) ;
#1745 = CARTESIAN_POINT ( 'NONE',  ( -10.60660171779821326, 22.55000000000000071, -10.60660171779820971 ) ) ;
#1746 = EDGE_CURVE ( 'NONE', #1080, #824, #1877, .T. ) ;
#1747 = CARTESIAN_POINT ( 'NONE',  ( 0.000000000000000000, 22.55000000000000071, 0.000000000000000000 ) ) ;
#1748 = CARTESIAN_POINT ( 'NONE',  ( 2.599999999999999645, 28.07533941939734490, -7.218542714229676527 ) ) ;
#1749 = FACE_OUTER_BOUND ( 'NONE', #1510, .T. ) ;
#1750 = ORIENTED_EDGE ( 'NONE', *, *, #139, .T. ) ;
#1751 = DIRECTION ( 'NONE',  ( -0.000000000000000000, 1.000000000000000000, -0.000000000000000000 ) ) ;
#1752 = VECTOR ( 'NONE', #1244, 1000.000000000000000 ) ;
#1753 = EDGE_LOOP ( 'NONE', ( #558, #1813, #1572, #2757, #570, #888, #2183 ) ) ;
#1754 = DIRECTION ( 'NONE',  ( 0.000000000000000000, 1.000000000000000000, -0.000000000000000000 ) ) ;
#1755 = CARTESIAN_POINT ( 'NONE',  ( 4.999999999999999112, 0.000000000000000000, -1.750000000000000666 ) ) ;
#1756 = CARTESIAN_POINT ( 'NONE',  ( -4.999999999999997335, 4.000000000000000000, 6.123233995736762338E-16 ) ) ;
#1757 = CIRCLE ( 'NONE', #242, 0.2500000000000001110 ) ;
#1758 = ORIENTED_EDGE ( 'NONE', *, *, #595, .F. ) ;
#1759 = CIRCLE ( 'NONE', #831, 12.49999999999998224 ) ;
#1760 = ORIENTED_EDGE ( 'NONE', *, *, #449, .T. ) ;
#1761 = DIRECTION ( 'NONE',  ( -0.9238795325112868495, 0.000000000000000000, 0.3826834323650895597 ) ) ;
#1762 = VECTOR ( 'NONE', #921, 1000.000000000000114 ) ;
#1763 = EDGE_CURVE ( 'NONE', #1158, #648, #2853, .T. ) ;
#1764 = EDGE_CURVE ( 'NONE', #1840, #1811, #997, .T. ) ;
#1765 = CARTESIAN_POINT ( 'NONE',  ( 12.38938278081332989, 22.55000000000000071, 8.823820654783089523 ) ) ;
#1766 = DIRECTION ( 'NONE',  ( 0.000000000000000000, 1.000000000000000000, -0.000000000000000000 ) ) ;
#1767 = ORIENTED_EDGE ( 'NONE', *, *, #1647, .F. ) ;
#1768 = DIRECTION ( 'NONE',  ( 0.3826834323650892822, 0.000000000000000000, -0.9238795325112870716 ) ) ;
#1769 = EDGE_LOOP ( 'NONE', ( #1730, #2443, #1885 ) ) ;
#1770 = DIRECTION ( 'NONE',  ( 0.000000000000000000, 0.000000000000000000, -1.000000000000000000 ) ) ;
#1771 = CARTESIAN_POINT ( 'NONE',  ( -11.23082204274522589, 22.66783071135837702, 9.953555757388302894 ) ) ;
#1772 = CARTESIAN_POINT ( 'NONE',  ( 6.602112165249028664, 22.55000000000000071, 14.61109127034739430 ) ) ;
#1773 = VECTOR ( 'NONE', #189, 1000.000000000000000 ) ;
#1774 = ORIENTED_EDGE ( 'NONE', *, *, #2808, .T. ) ;
#1775 = ORIENTED_EDGE ( 'NONE', *, *, #449, .F. ) ;
#1776 = CARTESIAN_POINT ( 'NONE',  ( -11.90456750357144244, 22.55000000000000071, -9.308635932024978743 ) ) ;
#1777 = EDGE_CURVE ( 'NONE', #1397, #2967, #1184, .T. ) ;
#1778 = COLOUR_RGB ( '',0.7921568627450980005, 0.8196078431372548767, 0.9333333333333333481 ) ;
#1779 = CYLINDRICAL_SURFACE ( 'NONE', #286, 3.750000000000000000 ) ;
#1780 = CARTESIAN_POINT ( 'NONE',  ( -1.804206067795537161, 22.76226825234900630, 14.89796886948619203 ) ) ;
#1781 = VERTEX_POINT ( 'NONE', #757 ) ;
#1782 = DIRECTION ( 'NONE',  ( -0.000000000000000000, 1.000000000000000000, -0.000000000000000000 ) ) ;
#1783 = ORIENTED_EDGE ( 'NONE', *, *, #1722, .T. ) ;
#1784 = CARTESIAN_POINT ( 'NONE',  ( -15.00000000000000178, 22.55000000000000071, -2.521233158053166168 ) ) ;
#1785 = DIRECTION ( 'NONE',  ( -0.7071067811865476838, -0.000000000000000000, -0.7071067811865474617 ) ) ;
#1786 = CARTESIAN_POINT ( 'NONE',  ( 14.99999999999999467, 0.5500000000000018208, 5.663203435596420476 ) ) ;
#1787 = DIRECTION ( 'NONE',  ( 0.000000000000000000, 0.000000000000000000, 1.000000000000000000 ) ) ;
#1788 = ORIENTED_EDGE ( 'NONE', *, *, #436, .F. ) ;
#1789 = ORIENTED_EDGE ( 'NONE', *, *, #216, .F. ) ;
#1790 = DIRECTION ( 'NONE',  ( 0.000000000000000000, 1.000000000000000000, 0.000000000000000000 ) ) ;
#1791 = DIRECTION ( 'NONE',  ( -0.7002145072825530780, -0.7002145072825530780, 0.1392813253171533150 ) ) ;
#1792 = CARTESIAN_POINT ( 'NONE',  ( 12.38938278081000099, 22.55000000000000071, -8.823820654786421969 ) ) ;
#1793 = VERTEX_POINT ( 'NONE', #938 ) ;
#1794 = CARTESIAN_POINT ( 'NONE',  ( -5.586143571373729522, 6.499999999999999112, -8.555992052357224154 ) ) ;
#1795 = ADVANCED_FACE ( 'NONE', ( #1864 ), #1906, .F. ) ;
#1796 = EDGE_CURVE ( 'NONE', #2951, #671, #743, .T. ) ;
#1797 = EDGE_LOOP ( 'NONE', ( #25, #316, #1304, #1975, #1724, #2320, #359 ) ) ;
#1798 = CARTESIAN_POINT ( 'NONE',  ( -14.79535129401898708, 22.79999998870392020, -2.479902032623358732 ) ) ;
#1799 = FACE_OUTER_BOUND ( 'NONE', #1917, .T. ) ;
#1800 = CARTESIAN_POINT ( 'NONE',  ( 14.83645120471510204, 22.80000000000000071, -2.255720701554007057 ) ) ;
#1801 = EDGE_CURVE ( 'NONE', #1371, #2803, #2100, .T. ) ;
#1802 = ORIENTED_EDGE ( 'NONE', *, *, #394, .F. ) ;
#1803 = CARTESIAN_POINT ( 'NONE',  ( 9.308635932024772686, 22.55000000000000071, -11.90456750357164672 ) ) ;
#1804 = AXIS2_PLACEMENT_3D ( 'NONE', #1263, #1484, #990 ) ;
#1805 = CARTESIAN_POINT ( 'NONE',  ( 0.000000000000000000, 28.04999999999999716, 7.799999999999999822 ) ) ;
#1806 = CIRCLE ( 'NONE', #1459, 1.750000000000000000 ) ;
#1807 = DIRECTION ( 'NONE',  ( 0.000000000000000000, 1.000000000000000000, 0.000000000000000000 ) ) ;
#1808 = TOROIDAL_SURFACE ( 'NONE', #2672, 15.25000000000000000, 0.2500000000000000000 ) ;
#1809 = CARTESIAN_POINT ( 'NONE',  ( 0.000000000000000000, 22.55000000000000071, 0.000000000000000000 ) ) ;
#1810 = PRODUCT_RELATED_PRODUCT_CATEGORY ( 'part', '', ( #1033 ) ) ;
#1811 = VERTEX_POINT ( 'NONE', #2550 ) ;
#1812 = EDGE_CURVE ( 'NONE', #145, #2030, #1656, .T. ) ;
#1813 = ORIENTED_EDGE ( 'NONE', *, *, #1796, .T. ) ;
#1814 = CARTESIAN_POINT ( 'NONE',  ( -8.662058069535209626, 22.55000000000000071, 12.55114536606121511 ) ) ;
#1815 = LINE ( 'NONE', #2053, #2012 ) ;
#1816 = CARTESIAN_POINT ( 'NONE',  ( 0.9031051578408473279, 22.66782379189045571, 14.97962116449610370 ) ) ;
#1817 = EDGE_CURVE ( 'NONE', #2685, #1664, #713, .T. ) ;
#1818 = ORIENTED_EDGE ( 'NONE', *, *, #1085, .F. ) ;
#1819 = ORIENTED_EDGE ( 'NONE', *, *, #2821, .T. ) ;
#1820 = DIRECTION ( 'NONE',  ( 0.000000000000000000, 1.000000000000000000, 0.000000000000000000 ) ) ;
#1821 = CIRCLE ( 'NONE', #1049, 15.00000000000000000 ) ;
#1822 = AXIS2_PLACEMENT_3D ( 'NONE', #2678, #1336, #172 ) ;
#1823 = DIRECTION ( 'NONE',  ( -0.000000000000000000, -1.000000000000000000, -0.000000000000000000 ) ) ;
#1824 = CARTESIAN_POINT ( 'NONE',  ( 14.99999999999999467, 22.55000000000000071, -1.835600817736996460 ) ) ;
#1825 = AXIS2_PLACEMENT_3D ( 'NONE', #2579, #1229, #499 ) ;
#1826 = ORIENTED_EDGE ( 'NONE', *, *, #2218, .T. ) ;
#1827 = DIRECTION ( 'NONE',  ( -0.5680038078383713440, 0.000000000000000000, 0.8230259256433605231 ) ) ;
#1828 = ORIENTED_EDGE ( 'NONE', *, *, #230, .T. ) ;
#1829 = CARTESIAN_POINT ( 'NONE',  ( 4.999999999999999112, 0.000000000000000000, -6.123233995736766282E-16 ) ) ;
#1830 = CARTESIAN_POINT ( 'NONE',  ( 0.000000000000000000, 22.80000000000000071, 0.000000000000000000 ) ) ;
#1831 = LINE ( 'NONE', #1357, #2141 ) ;
#1832 = FILL_AREA_STYLE ('',( #637 ) ) ;
#1833 = VERTEX_POINT ( 'NONE', #1641 ) ;
#1834 = ORIENTED_EDGE ( 'NONE', *, *, #1210, .F. ) ;
#1835 = LINE ( 'NONE', #229, #1370 ) ;
#1836 = EDGE_CURVE ( 'NONE', #379, #480, #2143, .T. ) ;
#1837 = DIRECTION ( 'NONE',  ( -0.9238795325112868495, 0.000000000000000000, -0.3826834323650895597 ) ) ;
#1838 = DIRECTION ( 'NONE',  ( 0.000000000000000000, 0.000000000000000000, 1.000000000000000000 ) ) ;
#1839 = EDGE_CURVE ( 'NONE', #1948, #868, #583, .T. ) ;
#1840 = VERTEX_POINT ( 'NONE', #481 ) ;
#1841 = DIRECTION ( 'NONE',  ( -0.8230259256433606341, -0.000000000000000000, -0.5680038078383714550 ) ) ;
#1842 = ORIENTED_EDGE ( 'NONE', *, *, #539, .F. ) ;
#1843 = CARTESIAN_POINT ( 'NONE',  ( -14.82841273915289548, 22.60866058912369070, -2.274662448755484068 ) ) ;
#1844 = FACE_OUTER_BOUND ( 'NONE', #951, .T. ) ;
#1845 =( NAMED_UNIT ( * ) PLANE_ANGLE_UNIT ( ) SI_UNIT ( $, .RADIAN. ) );
#1846 = ADVANCED_FACE ( 'NONE', ( #1690 ), #2344, .F. ) ;
#1847 = ORIENTED_EDGE ( 'NONE', *, *, #5, .T. ) ;
#1848 = ORIENTED_EDGE ( 'NONE', *, *, #1496, .T. ) ;
#1849 = CARTESIAN_POINT ( 'NONE',  ( 2.213125001859033006E-15, 0.000000000000000000, 14.44999999999999396 ) ) ;
#1850 = CIRCLE ( 'NONE', #725, 0.2500000000000002776 ) ;
#1851 = FACE_OUTER_BOUND ( 'NONE', #1265, .T. ) ;
#1852 = DIRECTION ( 'NONE',  ( -0.000000000000000000, -1.000000000000000000, -0.000000000000000000 ) ) ;
#1853 = VECTOR ( 'NONE', #2, 1000.000000000000000 ) ;
#1854 = EDGE_CURVE ( 'NONE', #56, #81, #969, .T. ) ;
#1855 = ADVANCED_FACE ( 'NONE', ( #1891 ), #2588, .F. ) ;
#1856 = ORIENTED_EDGE ( 'NONE', *, *, #1624, .F. ) ;
#1857 = VECTOR ( 'NONE', #544, 999.9999999999998863 ) ;
#1858 = DIRECTION ( 'NONE',  ( 0.9238795325112868495, -0.000000000000000000, -0.3826834323650895597 ) ) ;
#1859 = VERTEX_POINT ( 'NONE', #573 ) ;
#1860 = FACE_OUTER_BOUND ( 'NONE', #524, .T. ) ;
#1861 = CARTESIAN_POINT ( 'NONE',  ( 4.999999999999999112, 4.000000000000000000, -6.123233995736766282E-16 ) ) ;
#1862 = LINE ( 'NONE', #226, #528 ) ;
#1863 = ORIENTED_EDGE ( 'NONE', *, *, #1533, .F. ) ;
#1864 = FACE_OUTER_BOUND ( 'NONE', #1515, .T. ) ;
#1865 = ORIENTED_EDGE ( 'NONE', *, *, #2939, .F. ) ;
#1866 = CARTESIAN_POINT ( 'NONE',  ( 14.91820288521749838, 22.73881760106674221, 1.580612505458977246 ) ) ;
#1867 = CARTESIAN_POINT ( 'NONE',  ( 5.663203435596419588, 22.55000000000000071, -15.00000000000000000 ) ) ;
#1868 = CARTESIAN_POINT ( 'NONE',  ( 14.99999999999999467, 22.55000000000000071, -2.750000000000823785 ) ) ;
#1869 = VECTOR ( 'NONE', #2711, 1000.000000000000000 ) ;
#1870 = EDGE_LOOP ( 'NONE', ( #1563, #2113, #2055, #943 ) ) ;
#1871 = PLANE ( 'NONE',  #1916 ) ;
#1872 = AXIS2_PLACEMENT_3D ( 'NONE', #2894, #376, #150 ) ;
#1873 = ORIENTED_EDGE ( 'NONE', *, *, #1715, .T. ) ;
#1874 = DIRECTION ( 'NONE',  ( -0.000000000000000000, 1.000000000000000000, -0.000000000000000000 ) ) ;
#1875 = ADVANCED_FACE ( 'NONE', ( #1268 ), #2403, .T. ) ;
#1876 = ORIENTED_EDGE ( 'NONE', *, *, #2587, .T. ) ;
#1877 = LINE ( 'NONE', #282, #1699 ) ;
#1878 = CARTESIAN_POINT ( 'NONE',  ( 14.97961719769217659, 22.66783071135836991, 0.9031636517568508715 ) ) ;
#1879 = CARTESIAN_POINT ( 'NONE',  ( -4.999999999999996447, 4.000000000000000000, 3.750000000000000444 ) ) ;
#1880 = DIRECTION ( 'NONE',  ( 0.000000000000000000, 0.000000000000000000, -1.000000000000000000 ) ) ;
#1881 = CARTESIAN_POINT ( 'NONE',  ( 0.000000000000000000, 28.04999999999999716, -9.529999999999997584 ) ) ;
#1882 = VERTEX_POINT ( 'NONE', #542 ) ;
#1883 = DIRECTION ( 'NONE',  ( 0.000000000000000000, 0.000000000000000000, 1.000000000000000000 ) ) ;
#1884 = CARTESIAN_POINT ( 'NONE',  ( 9.308635932027316429, 22.54999999999994387, 11.90456750356926996 ) ) ;
#1885 = ORIENTED_EDGE ( 'NONE', *, *, #1085, .T. ) ;
#1886 = DIRECTION ( 'NONE',  ( -0.3826834323650895597, 0.000000000000000000, -0.9238795325112868495 ) ) ;
#1887 = PRODUCT_CONTEXT ( 'NONE', #609, 'mechanical' ) ;
#1888 = EDGE_CURVE ( 'NONE', #477, #2019, #1997, .T. ) ;
#1889 = ADVANCED_FACE ( 'NONE', ( #1064 ), #428, .F. ) ;
#1890 = ORIENTED_EDGE ( 'NONE', *, *, #670, .T. ) ;
#1891 = FACE_OUTER_BOUND ( 'NONE', #1183, .T. ) ;
#1892 = DIRECTION ( 'NONE',  ( 0.9238795325112868495, -0.000000000000000000, 0.3826834323650895597 ) ) ;
#1893 = CARTESIAN_POINT ( 'NONE',  ( -10.93305592887396038, 22.55000000000081073, 10.28014750672246969 ) ) ;
#1894 = B_SPLINE_CURVE_WITH_KNOTS ( 'NONE', 3,
 ( #2115, #1675, #1435, #1642, #1202, #2360 ),
 .UNSPECIFIED., .F., .F.,
 ( 4, 2, 4 ),
 ( -2.449491885556405045E-05, 0.001339858778569952410, 0.002704212475995468844 ),
 .UNSPECIFIED. ) ;
#1895 = CARTESIAN_POINT ( 'NONE',  ( -9.258688468323640564, 22.76226825234900275, -11.81022115871590294 ) ) ;
#1896 = PLANE ( 'NONE',  #1427 ) ;
#1897 = ORIENTED_EDGE ( 'NONE', *, *, #1801, .F. ) ;
#1898 = AXIS2_PLACEMENT_3D ( 'NONE', #2527, #946, #1883 ) ;
#1899 = DIRECTION ( 'NONE',  ( -0.5680038078386058231, 0.000000000000000000, -0.8230259256431987636 ) ) ;
#1900 = VECTOR ( 'NONE', #1404, 1000.000000000000114 ) ;
#1901 = ORIENTED_EDGE ( 'NONE', *, *, #2861, .F. ) ;
#1902 = DIRECTION ( 'NONE',  ( -0.7071067811865477948, 0.000000000000000000, -0.7071067811865473507 ) ) ;
#1903 = EDGE_CURVE ( 'NONE', #2749, #1486, #1984, .T. ) ;
#1904 = AXIS2_PLACEMENT_3D ( 'NONE', #2211, #1541, #608 ) ;
#1905 = ORIENTED_EDGE ( 'NONE', *, *, #870, .T. ) ;
#1906 = PLANE ( 'NONE',  #2286 ) ;
#1907 = DIRECTION ( 'NONE',  ( 0.000000000000000000, 1.000000000000000000, -0.000000000000000000 ) ) ;
#1908 = CARTESIAN_POINT ( 'NONE',  ( -2.749999999995803801, 22.55000000000000071, 14.99999999999999645 ) ) ;
#1909 = ADVANCED_FACE ( 'NONE', ( #1739 ), #1178, .F. ) ;
#1910 = CARTESIAN_POINT ( 'NONE',  ( 0.000000000000000000, 28.04999999999999716, 0.000000000000000000 ) ) ;
#1911 = PLANE ( 'NONE',  #2908 ) ;
#1912 = LINE ( 'NONE', #2598, #2582 ) ;
#1913 = CARTESIAN_POINT ( 'NONE',  ( -2.297361593625281318E-15, 22.55000000000000071, -14.99999999999999822 ) ) ;
#1914 = CARTESIAN_POINT ( 'NONE',  ( 6.602112165249028664, 22.55000000000000071, 14.61109127034739430 ) ) ;
#1915 = CARTESIAN_POINT ( 'NONE',  ( -8.662058069538732141, 22.80000000000000071, -12.55114536605878506 ) ) ;
#1916 = AXIS2_PLACEMENT_3D ( 'NONE', #707, #1637, #1147 ) ;
#1917 = EDGE_LOOP ( 'NONE', ( #1310, #1050, #1607, #2107 ) ) ;
#1918 = CARTESIAN_POINT ( 'NONE',  ( -10.28278358586252850, 22.57955883426043187, 10.93041984973309155 ) ) ;
#1919 = AXIS2_PLACEMENT_3D ( 'NONE', #1657, #270, #513 ) ;
#1920 = VERTEX_POINT ( 'NONE', #819 ) ;
#1921 = DIRECTION ( 'NONE',  ( -0.7071067811865477948, 0.000000000000000000, -0.7071067811865473507 ) ) ;
#1922 = CARTESIAN_POINT ( 'NONE',  ( 14.89796886948619203, 22.76226825234900275, 1.804206067795541379 ) ) ;
#1923 = CARTESIAN_POINT ( 'NONE',  ( -11.90456750356927884, 22.55000000000000071, 9.308635932027149451 ) ) ;
#1924 = DIRECTION ( 'NONE',  ( 0.000000000000000000, 1.000000000000000000, 0.000000000000000000 ) ) ;
#1925 = LINE ( 'NONE', #2375, #1276 ) ;
#1926 = CARTESIAN_POINT ( 'NONE',  ( -14.82841273915211566, 22.60866058912310805, 2.274662448759638522 ) ) ;
#1927 = EDGE_CURVE ( 'NONE', #2743, #881, #1536, .T. ) ;
#1928 = FACE_OUTER_BOUND ( 'NONE', #262, .T. ) ;
#1929 = CARTESIAN_POINT ( 'NONE',  ( 14.99999999999999467, 22.55000000000000071, 5.663203435596420476 ) ) ;
#1930 = CARTESIAN_POINT ( 'NONE',  ( -11.81020331020059189, 22.76226597817865382, -9.258711947655852370 ) ) ;
#1931 = EDGE_CURVE ( 'NONE', #2500, #2561, #2001, .T. ) ;
#1932 = ORIENTED_EDGE ( 'NONE', *, *, #1191, .F. ) ;
#1933 = CARTESIAN_POINT ( 'NONE',  ( 0.4579479939251285270, 22.57955883425720600, 14.99999999999959499 ) ) ;
#1934 = VERTEX_POINT ( 'NONE', #350 ) ;
#1935 = DIRECTION ( 'NONE',  ( -0.000000000000000000, -1.000000000000000000, -0.000000000000000000 ) ) ;
#1936 = FACE_OUTER_BOUND ( 'NONE', #1797, .T. ) ;
#1937 = CARTESIAN_POINT ( 'NONE',  ( -2.503725467772355717, 22.58814638860200574, 14.79098366518881846 ) ) ;
#1938 = CARTESIAN_POINT ( 'NONE',  ( -5.663203435596430246, 22.55000000000000071, -14.99999999999999645 ) ) ;
#1939 = LINE ( 'NONE', #1216, #1131 ) ;
#1940 = CARTESIAN_POINT ( 'NONE',  ( -14.83124266121500945, 22.78990841343744123, 2.255156345810462870 ) ) ;
#1941 = CARTESIAN_POINT ( 'NONE',  ( 2.599999999999999645, 0.000000000000000000, -9.529999999999997584 ) ) ;
#1942 = DIRECTION ( 'NONE',  ( 0.6532814824381892871, 0.7071067811865465735, 0.2705980500730987837 ) ) ;
#1943 =( BOUNDED_SURFACE ( )  B_SPLINE_SURFACE ( 3, 2, ( 
 ( #2536, #228, #2958 ),
 ( #1168, #2084, #1332 ),
 ( #420, #182, #2031 ),
 ( #1803, #198, #2720 ),
 ( #2490, #1347, #2057 ),
 ( #2270, #2804, #469 ),
 ( #2144, #241, #2101 ),
 ( #39, #1691, #27 ) ),
 .UNSPECIFIED., .F., .F., .F. ) 
 B_SPLINE_SURFACE_WITH_KNOTS ( ( 4, 2, 2, 4 ),
 ( 3, 3 ),
 ( 0.001235652188200298939, 0.001944503121137444680, 0.002653354054074590421, 0.004071055919948881469 ),
 ( 0.000000000000000000, 1.000000000000000000 ),
 .UNSPECIFIED. ) 
 GEOMETRIC_REPRESENTATION_ITEM ( )  RATIONAL_B_SPLINE_SURFACE ( (
 ( 1.000000000000000000, 0.7071067811863441799, 1.000000000000000000),
 ( 1.000000000000000000, 0.7652304032456836991, 1.000000000000000000),
 ( 1.000000000000000000, 0.8101366047345550658, 1.000000000000000000),
 ( 1.000000000000000000, 0.8837265853918030434, 1.000000000000000000),
 ( 1.000000000000000000, 0.9123074770321620841, 1.000000000000000000),
 ( 1.000000000000000000, 0.9795175777392469696, 1.000000000000000000),
 ( 1.000000000000000000, 0.9996742055260995352, 1.000000000000000000),
 ( 1.000000000000000000, 1.000000000000000000, 1.000000000000000000) ) ) 
 REPRESENTATION_ITEM ( '' )  SURFACE ( )  );
#1944 = EDGE_CURVE ( 'NONE', #1550, #1059, #2570, .T. ) ;
#1946 = ADVANCED_FACE ( 'NONE', ( #2220 ), #135, .F. ) ;
#1945 = CARTESIAN_POINT ( 'NONE',  ( -2.750000000000010214, 22.80000000000000071, -14.99999999999999822 ) ) ;
#1947 = CARTESIAN_POINT ( 'NONE',  ( 14.99999999999999467, 0.5500000000000018208, -5.663203435596428470 ) ) ;
#1948 = VERTEX_POINT ( 'NONE', #2686 ) ;
#1949 = VECTOR ( 'NONE', #1447, 1000.000000000000114 ) ;
#1950 = CARTESIAN_POINT ( 'NONE',  ( 1.805509001044670381, 22.75942720414244036, 14.89267021950865200 ) ) ;
#1951 = AXIS2_PLACEMENT_3D ( 'NONE', #2599, #517, #1005 ) ;
#1952 = EDGE_LOOP ( 'NONE', ( #2170, #1045, #2371 ) ) ;
#1953 = CARTESIAN_POINT ( 'NONE',  ( -0.4616759727982632233, 22.55000000000081073, -14.99999999999999822 ) ) ;
#1954 = CARTESIAN_POINT ( 'NONE',  ( 10.21769298814561111, 0.000000000000000000, 10.21769298814560578 ) ) ;
#1955 = AXIS2_PLACEMENT_3D ( 'NONE', #2054, #180, #1374 ) ;
#1956 = CARTESIAN_POINT ( 'NONE',  ( -1.606956047214835870, 22.55000000000000071, 14.99999999999999645 ) ) ;
#1957 = ORIENTED_EDGE ( 'NONE', *, *, #139, .F. ) ;
#1958 = ORIENTED_EDGE ( 'NONE', *, *, #348, .T. ) ;
#1959 = CARTESIAN_POINT ( 'NONE',  ( -12.34538888465083062, 22.80000000000000071, -8.520057117574957317 ) ) ;
#1960 = CARTESIAN_POINT ( 'NONE',  ( -15.00000000000000178, 22.55000000000000071, 0.9202260287867426447 ) ) ;
#1961 = FACE_OUTER_BOUND ( 'NONE', #2335, .T. ) ;
#1962 = CARTESIAN_POINT ( 'NONE',  ( 4.999999999999999112, 4.000000000000000000, -6.123233995736766282E-16 ) ) ;
#1963 = CARTESIAN_POINT ( 'NONE',  ( -14.14482378458498779, 0.000000000000000000, -6.290562191706226436 ) ) ;
#1964 = ORIENTED_EDGE ( 'NONE', *, *, #3000, .T. ) ;
#1965 = DIRECTION ( 'NONE',  ( 0.000000000000000000, -1.000000000000000000, 0.000000000000000000 ) ) ;
#1966 = AXIS2_PLACEMENT_3D ( 'NONE', #237, #279, #295 ) ;
#1967 = DIRECTION ( 'NONE',  ( -0.000000000000000000, -1.000000000000000000, -0.000000000000000000 ) ) ;
#1968 = VECTOR ( 'NONE', #2339, 1000.000000000000000 ) ;
#1969 = EDGE_LOOP ( 'NONE', ( #1193, #537, #683, #803, #931 ) ) ;
#1970 = CARTESIAN_POINT ( 'NONE',  ( 14.99999999999999467, 22.80000000000000071, -2.750000000000030198 ) ) ;
#1971 = CARTESIAN_POINT ( 'NONE',  ( 8.662058069538717930, 22.80000000000000071, 12.55114536605879394 ) ) ;
#1972 = CARTESIAN_POINT ( 'NONE',  ( -1.825997141999954554, 22.62667616668117887, 14.89002266652986606 ) ) ;
#1973 = ADVANCED_FACE ( 'NONE', ( #604, #1704 ), #2459, .F. ) ;
#1974 = VERTEX_POINT ( 'NONE', #2846 ) ;
#1975 = ORIENTED_EDGE ( 'NONE', *, *, #1817, .F. ) ;
#1976 = CARTESIAN_POINT ( 'NONE',  ( -11.82001096106191262, 22.62667616668143822, -9.237661037986880430 ) ) ;
#1977 = FACE_BOUND ( 'NONE', #1252, .T. ) ;
#1978 = DIRECTION ( 'NONE',  ( -0.000000000000000000, 0.000000000000000000, 1.000000000000000000 ) ) ;
#1979 = DIRECTION ( 'NONE',  ( -0.1803278688524591333, 0.000000000000000000, -0.9836065573770491621 ) ) ;
#1980 = EDGE_LOOP ( 'NONE', ( #385, #862, #615, #2255 ) ) ;
#1981 = CARTESIAN_POINT ( 'NONE',  ( -4.999999999999997335, 0.000000000000000000, 6.123233995736762338E-16 ) ) ;
#1982 = B_SPLINE_CURVE_WITH_KNOTS ( 'NONE', 3,
 ( #272, #1646, #2393, #92, #306, #1451 ),
 .UNSPECIFIED., .F., .F.,
 ( 4, 2, 4 ),
 ( -2.449491885555631535E-05, 0.001339858778569953278, 0.002704212475995462772 ),
 .UNSPECIFIED. ) ;
#1983 = VERTEX_POINT ( 'NONE', #430 ) ;
#1984 = LINE ( 'NONE', #333, #2135 ) ;
#1985 = FACE_OUTER_BOUND ( 'NONE', #2282, .T. ) ;
#1986 = LINE ( 'NONE', #2405, #147 ) ;
#1987 = EDGE_CURVE ( 'NONE', #2706, #373, #2744, .T. ) ;
#1988 = EDGE_CURVE ( 'NONE', #1525, #1111, #1328, .T. ) ;
#1989 = ORIENTED_EDGE ( 'NONE', *, *, #2023, .T. ) ;
#1990 = CARTESIAN_POINT ( 'NONE',  ( -5.663203435596427582, 0.5500000000000018208, 14.99999999999999645 ) ) ;
#1991 = CARTESIAN_POINT ( 'NONE',  ( 12.08190860392686972, 22.78990841343744123, 8.892635914409805054 ) ) ;
#1992 = DIRECTION ( 'NONE',  ( 0.000000000000000000, -1.000000000000000000, 0.000000000000000000 ) ) ;
#1993 = EDGE_LOOP ( 'NONE', ( #2651, #2768, #639, #2248 ) ) ;
#1994 = ADVANCED_FACE ( 'NONE', ( #1590 ), #2728, .F. ) ;
#1995 = VECTOR ( 'NONE', #1967, 1000.000000000000000 ) ;
#1996 = ORIENTED_EDGE ( 'NONE', *, *, #993, .T. ) ;
#1997 = LINE ( 'NONE', #559, #730 ) ;
#1998 = CARTESIAN_POINT ( 'NONE',  ( -6.602112165249028664, 22.55000000000000071, 14.61109127034739430 ) ) ;
#1999 = EDGE_CURVE ( 'NONE', #2923, #322, #1272, .T. ) ;
#2000 = CARTESIAN_POINT ( 'NONE',  ( -0.9335213545557817794, 22.61007372876488475, 14.97719685769346754 ) ) ;
#2001 = CIRCLE ( 'NONE', #1365, 0.2500000000000008327 ) ;
#2002 = ORIENTED_EDGE ( 'NONE', *, *, #1836, .F. ) ;
#2003 = AXIS2_PLACEMENT_3D ( 'NONE', #759, #1464, #2361 ) ;
#2004 = ORIENTED_EDGE ( 'NONE', *, *, #855, .F. ) ;
#2005 = EDGE_CURVE ( 'NONE', #913, #2923, #2968, .T. ) ;
#2006 = CARTESIAN_POINT ( 'NONE',  ( -11.66642424429487157, 22.73881760106624839, -9.431100602212586281 ) ) ;
#2007 = AXIS2_PLACEMENT_3D ( 'NONE', #874, #1389, #1330 ) ;
#2008 = CARTESIAN_POINT ( 'NONE',  ( 14.44999999999999218, 0.000000000000000000, 5.553801633537604587 ) ) ;
#2009 = CARTESIAN_POINT ( 'NONE',  ( -0.9031636517568460976, 22.66783071135836991, 14.97961719769217659 ) ) ;
#2010 = ORIENTED_EDGE ( 'NONE', *, *, #436, .T. ) ;
#2011 = CARTESIAN_POINT ( 'NONE',  ( 0.000000000000000000, 22.80000000000000071, 0.000000000000000000 ) ) ;
#2012 = VECTOR ( 'NONE', #2938, 1000.000000000000000 ) ;
#2013 = ORIENTED_EDGE ( 'NONE', *, *, #2949, .T. ) ;
#2014 = CARTESIAN_POINT ( 'NONE',  ( -15.00000000000000178, 22.55000000000000071, -0.9202260287850174691 ) ) ;
#2015 = CARTESIAN_POINT ( 'NONE',  ( 6.602112165249028664, 22.55000000000000071, 14.61109127034739430 ) ) ;
#2016 = CARTESIAN_POINT ( 'NONE',  ( -1.805509001041330386, 22.75942720414141718, 14.89267021950905345 ) ) ;
#2017 = CIRCLE ( 'NONE', #2303, 0.2500000000000001110 ) ;
#2018 = VERTEX_POINT ( 'NONE', #872 ) ;
#2019 = VERTEX_POINT ( 'NONE', #1814 ) ;
#2020 = CARTESIAN_POINT ( 'NONE',  ( -10.60660171779821326, 22.55000000000000071, -10.60660171779820971 ) ) ;
#2021 = CARTESIAN_POINT ( 'NONE',  ( 11.23213109580857783, 22.66806967514194682, 9.952069328248876801 ) ) ;
#2022 = CARTESIAN_POINT ( 'NONE',  ( 11.82001096105978100, 22.62667616668117887, -9.237661037989248314 ) ) ;
#2023 = EDGE_CURVE ( 'NONE', #1167, #117, #2450, .T. ) ;
#2024 = ORIENTED_EDGE ( 'NONE', *, *, #2565, .F. ) ;
#2025 = CARTESIAN_POINT ( 'NONE',  ( -15.00000000000000355, 22.55000000000000071, -5.663203435596418700 ) ) ;
#2026 = VERTEX_POINT ( 'NONE', #2511 ) ;
#2027 = DIRECTION ( 'NONE',  ( 0.000000000000000000, 0.000000000000000000, 1.000000000000000000 ) ) ;
#2028 = DIRECTION ( 'NONE',  ( -0.7071067811865475727, 0.000000000000000000, 0.7071067811865475727 ) ) ;
#2029 = CARTESIAN_POINT ( 'NONE',  ( 14.97962116449610370, 22.66782379189044860, -0.9031051578408474390 ) ) ;
#2030 = VERTEX_POINT ( 'NONE', #2296 ) ;
#2031 = CARTESIAN_POINT ( 'NONE',  ( 8.892635914409906306, 22.78990841343744123, -12.08190860392679511 ) ) ;
#2032 = CARTESIAN_POINT ( 'NONE',  ( 14.99999999999999645, 22.55000000000000071, -4.592425496802601582E-16 ) ) ;
#2033 = CARTESIAN_POINT ( 'NONE',  ( 0.000000000000000000, 28.04999999999999716, 0.000000000000000000 ) ) ;
#2034 = ADVANCED_FACE ( 'NONE', ( #2981 ), #301, .F. ) ;
#2035 = CARTESIAN_POINT ( 'NONE',  ( -15.00000000000000355, 0.5500000000000018208, -5.663203435596418700 ) ) ;
#2036 = ORIENTED_EDGE ( 'NONE', *, *, #566, .F. ) ;
#2037 = EDGE_CURVE ( 'NONE', #2496, #2718, #2470, .T. ) ;
#2038 = FACE_OUTER_BOUND ( 'NONE', #2931, .T. ) ;
#2039 = VERTEX_POINT ( 'NONE', #1107 ) ;
#2040 = CARTESIAN_POINT ( 'NONE',  ( -15.00000000000000178, 22.55000000000000071, -2.749999999994977351 ) ) ;
#2041 = LINE ( 'NONE', #1609, #954 ) ;
#2042 = DIRECTION ( 'NONE',  ( 0.000000000000000000, 1.000000000000000000, -0.000000000000000000 ) ) ;
#2043 = EDGE_LOOP ( 'NONE', ( #861, #1456, #742, #1863 ) ) ;
#2044 = DIRECTION ( 'NONE',  ( -0.000000000000000000, 1.000000000000000000, -0.000000000000000000 ) ) ;
#2045 = VECTOR ( 'NONE', #958, 1000.000000000000000 ) ;
#2046 = CARTESIAN_POINT ( 'NONE',  ( -8.876841959662428394, 22.60866058912369425, -12.09370044451328319 ) ) ;
#2047 = VECTOR ( 'NONE', #863, 1000.000000000000000 ) ;
#2048 = CARTESIAN_POINT ( 'NONE',  ( 14.82841273915208369, 22.60866058912309740, -2.274662448759793953 ) ) ;
#2049 = ORIENTED_EDGE ( 'NONE', *, *, #2642, .F. ) ;
#2050 = DIRECTION ( 'NONE',  ( -0.9238795325112868495, 0.000000000000000000, -0.3826834323650895597 ) ) ;
#2051 = EDGE_LOOP ( 'NONE', ( #363, #3002, #159, #497 ) ) ;
#2052 = CARTESIAN_POINT ( 'NONE',  ( -14.61109127034740141, 0.5500000000000018208, -6.602112165249019782 ) ) ;
#2053 = CARTESIAN_POINT ( 'NONE',  ( 6.602112165249028664, 22.55000000000000071, 14.61109127034739430 ) ) ;
#2054 = CARTESIAN_POINT ( 'NONE',  ( 6.602112165249020670, 22.55000000000000071, -14.61109127034739785 ) ) ;
#2055 = ORIENTED_EDGE ( 'NONE', *, *, #2508, .F. ) ;
#2056 =( BOUNDED_SURFACE ( )  B_SPLINE_SURFACE ( 3, 2, ( 
 ( #1868, #893, #2524 ),
 ( #923, #2493, #2290 ),
 ( #2754, #2048, #1396 ),
 ( #1824, #218, #2767 ),
 ( #2740, #201, #1142 ),
 ( #2062, #2961, #1634 ),
 ( #2089, #1585, #1570 ),
 ( #1599, #686, #2319 ) ),
 .UNSPECIFIED., .F., .F., .F. ) 
 B_SPLINE_SURFACE_WITH_KNOTS ( ( 4, 2, 2, 4 ),
 ( 3, 3 ),
 ( 0.001235652188200293735, 0.001944503121137444680, 0.002653354054074595625, 0.004071055919948897948 ),
 ( 0.000000000000000000, 1.000000000000000000 ),
 .UNSPECIFIED. ) 
 GEOMETRIC_REPRESENTATION_ITEM ( )  RATIONAL_B_SPLINE_SURFACE ( (
 ( 1.000000000000000000, 0.7071067811863447350, 1.000000000000000000),
 ( 1.000000000000000000, 0.7652304032461695327, 1.000000000000000000),
 ( 1.000000000000000000, 0.8101366047339149112, 1.000000000000000000),
 ( 1.000000000000000000, 0.8837265853924467507, 1.000000000000000000),
 ( 1.000000000000000000, 0.9123074770313166493, 1.000000000000000000),
 ( 1.000000000000000000, 0.9795175777409416140, 1.000000000000000000),
 ( 1.000000000000000000, 0.9996742055248353243, 1.000000000000000000),
 ( 1.000000000000000000, 1.000000000000000000, 1.000000000000000000) ) ) 
 REPRESENTATION_ITEM ( '' )  SURFACE ( )  );
#2057 = CARTESIAN_POINT ( 'NONE',  ( 9.431100602213355444, 22.73881760106624839, -11.66642424429423031 ) ) ;
#2058 = DIRECTION ( 'NONE',  ( 0.000000000000000000, 0.000000000000000000, 1.000000000000000000 ) ) ;
#2059 = ADVANCED_FACE ( 'NONE', ( #2937 ), #631, .F. ) ;
#2060 = CIRCLE ( 'NONE', #1145, 0.2500000000000002220 ) ;
#2061 = CARTESIAN_POINT ( 'NONE',  ( -10.60660171779821326, 22.55000000000000071, -10.60660171779820971 ) ) ;
#2062 = CARTESIAN_POINT ( 'NONE',  ( 14.99999999999999467, 22.55000000000000071, -0.9202260287866120825 ) ) ;
#2063 = ORIENTED_EDGE ( 'NONE', *, *, #1188, .T. ) ;
#2064 = DIRECTION ( 'NONE',  ( 0.1392813253171544252, -0.7002145072825530780, 0.7002145072825529670 ) ) ;
#2065 = CARTESIAN_POINT ( 'NONE',  ( 1.804206067795528057, 22.76226825234900630, -14.89796886948619203 ) ) ;
#2066 = ORIENTED_EDGE ( 'NONE', *, *, #231, .F. ) ;
#2067 = CARTESIAN_POINT ( 'NONE',  ( -2.600000000000001421, 0.000000000000000000, -9.529999999999997584 ) ) ;
#2068 = DIRECTION ( 'NONE',  ( 0.000000000000000000, 1.000000000000000000, -0.000000000000000000 ) ) ;
#2069 = CARTESIAN_POINT ( 'NONE',  ( 8.662058069535188309, 22.55000000000000071, -12.55114536606122932 ) ) ;
#2070 = VERTEX_POINT ( 'NONE', #2040 ) ;
#2071 = DIRECTION ( 'NONE',  ( 0.000000000000000000, 0.000000000000000000, 1.000000000000000000 ) ) ;
#2072 = CARTESIAN_POINT ( 'NONE',  ( 12.55114536606123465, 22.55000000000000071, 8.662058069535182980 ) ) ;
#2073 = ADVANCED_FACE ( 'NONE', ( #1928 ), #1483, .F. ) ;
#2074 = EDGE_CURVE ( 'NONE', #56, #671, #2774, .T. ) ;
#2075 = DIRECTION ( 'NONE',  ( -1.000000000000000000, 0.000000000000000000, 3.063148791500394517E-16 ) ) ;
#2076 = FACE_OUTER_BOUND ( 'NONE', #895, .T. ) ;
#2077 = ORIENTED_EDGE ( 'NONE', *, *, #522, .T. ) ;
#2078 = CARTESIAN_POINT ( 'NONE',  ( -7.071067811865479946, 6.499999999999999112, -7.071067811865474617 ) ) ;
#2079 = PLANE ( 'NONE',  #2781 ) ;
#2080 = VERTEX_POINT ( 'NONE', #1019 ) ;
#2081 = DIRECTION ( 'NONE',  ( -0.000000000000000000, -1.000000000000000000, -0.000000000000000000 ) ) ;
#2082 = CARTESIAN_POINT ( 'NONE',  ( 15.00000000000000000, 22.60870329942298085, -0.4509801073931301030 ) ) ;
#2083 = ORIENTED_EDGE ( 'NONE', *, *, #2422, .T. ) ;
#2084 = CARTESIAN_POINT ( 'NONE',  ( 8.688403593578952311, 22.58814638860135560, -12.22920610656762541 ) ) ;
#2085 = CARTESIAN_POINT ( 'NONE',  ( 14.89267021950904635, 22.75942720414142073, 1.805509001041355033 ) ) ;
#2086 = AXIS2_PLACEMENT_3D ( 'NONE', #292, #1219, #1467 ) ;
#2087 = B_SPLINE_CURVE_WITH_KNOTS ( 'NONE', 3,
 ( #1335, #1113, #702, #2503, #412, #2318 ),
 .UNSPECIFIED., .F., .F.,
 ( 4, 2, 4 ),
 ( 0.000000000000000000, 0.001369259028189122969, 0.002738518056378245937 ),
 .UNSPECIFIED. ) ;
#2088 = CARTESIAN_POINT ( 'NONE',  ( -5.663203435596430246, 22.55000000000000071, -14.99999999999999645 ) ) ;
#2089 = CARTESIAN_POINT ( 'NONE',  ( 14.99999999999999645, 22.55000000000081073, -0.4616759727982793216 ) ) ;
#2090 = CIRCLE ( 'NONE', #777, 15.00000000000000000 ) ;
#2091 = CIRCLE ( 'NONE', #2615, 15.25000000000000000 ) ;
#2092 = VERTEX_POINT ( 'NONE', #751 ) ;
#2093 = CIRCLE ( 'NONE', #1463, 0.2500000000000003886 ) ;
#2094 = DIRECTION ( 'NONE',  ( 0.7071067811865479058, 0.000000000000000000, 0.7071067811865472397 ) ) ;
#2095 = CARTESIAN_POINT ( 'NONE',  ( -4.999999999999997335, 0.000000000000000000, 6.123233995736762338E-16 ) ) ;
#2096 = ORIENTED_EDGE ( 'NONE', *, *, #1839, .T. ) ;
#2097 = PLANE ( 'NONE',  #1966 ) ;
#2098 = DIRECTION ( 'NONE',  ( 0.000000000000000000, 0.000000000000000000, 1.000000000000000000 ) ) ;
#2099 = EDGE_LOOP ( 'NONE', ( #1010, #1897, #1957, #140 ) ) ;
#2100 = LINE ( 'NONE', #2390, #2473 ) ;
#2101 = CARTESIAN_POINT ( 'NONE',  ( 10.28551015708563732, 22.60910839274378503, -10.92769327851079453 ) ) ;
#2102 = DIRECTION ( 'NONE',  ( 1.000000000000000000, 0.000000000000000000, -1.381347842916461856E-16 ) ) ;
#2103 = VECTOR ( 'NONE', #1886, 1000.000000000000000 ) ;
#2104 = LINE ( 'NONE', #2088, #1853 ) ;
#2105 = CARTESIAN_POINT ( 'NONE',  ( -12.09152595828996901, 6.499999999999999112, -9.121677477306462833 ) ) ;
#2106 = CIRCLE ( 'NONE', #2352, 0.2500000000000007772 ) ;
#2107 = ORIENTED_EDGE ( 'NONE', *, *, #2679, .F. ) ;
#2108 = EDGE_CURVE ( 'NONE', #2139, #2811, #1224, .T. ) ;
#2109 = ADVANCED_FACE ( 'NONE', ( #1860 ), #2691, .F. ) ;
#2110 = CARTESIAN_POINT ( 'NONE',  ( 8.985388100635805841, 22.55000000000005755, 12.22781533496045725 ) ) ;
#2111 = EDGE_LOOP ( 'NONE', ( #1051, #898, #1743, #2353 ) ) ;
#2112 = CARTESIAN_POINT ( 'NONE',  ( 4.999999999999999112, 4.000000000000000000, -6.123233995736766282E-16 ) ) ;
#2113 = ORIENTED_EDGE ( 'NONE', *, *, #2965, .F. ) ;
#2114 = DIRECTION ( 'NONE',  ( 0.7071067811865475727, 0.7071067811865475727, -2.165973282253307537E-16 ) ) ;
#2115 = CARTESIAN_POINT ( 'NONE',  ( 10.60660171779821148, 22.55000000000000071, 10.60660171779820615 ) ) ;
#2116 = CARTESIAN_POINT ( 'NONE',  ( -11.74289123585254835, 22.54999999999992966, 9.470312199743966985 ) ) ;
#2117 = CARTESIAN_POINT ( 'NONE',  ( 6.602112165249020670, 0.5500000000000018208, -14.61109127034739785 ) ) ;
#2118 = DIRECTION ( 'NONE',  ( 0.000000000000000000, 0.000000000000000000, 1.000000000000000000 ) ) ;
#2119 = DIRECTION ( 'NONE',  ( -0.7071067811865477948, 0.000000000000000000, -0.7071067811865473507 ) ) ;
#2120 = ADVANCED_FACE ( 'NONE', ( #551, #2839, #1683, #2312 ), #1453, .F. ) ;
#2121 = ORIENTED_EDGE ( 'NONE', *, *, #2836, .T. ) ;
#2122 = CARTESIAN_POINT ( 'NONE',  ( 5.553801633537609028, 0.000000000000000000, -14.44999999999999751 ) ) ;
#2123 = ADVANCED_FACE ( 'NONE', ( #2379 ), #764, .F. ) ;
#2124 = ORIENTED_EDGE ( 'NONE', *, *, #1660, .T. ) ;
#2125 = B_SPLINE_CURVE_WITH_KNOTS ( 'NONE', 3,
 ( #1278, #1056, #2887, #1748, #397, #1472 ),
 .UNSPECIFIED., .F., .F.,
 ( 4, 2, 4 ),
 ( 0.000000000000000000, 0.0002014338990337959166, 0.0004028677980675918332 ),
 .UNSPECIFIED. ) ;
#2126 = DIRECTION ( 'NONE',  ( 0.000000000000000000, 0.000000000000000000, -1.000000000000000000 ) ) ;
#2127 = ORIENTED_EDGE ( 'NONE', *, *, #1182, .F. ) ;
#2128 = DIRECTION ( 'NONE',  ( 0.7071067811865473507, 0.000000000000000000, -0.7071067811865477948 ) ) ;
#2129 = CARTESIAN_POINT ( 'NONE',  ( 2.749999999994996891, 22.55000000000000071, -14.99999999999999822 ) ) ;
#2130 = CARTESIAN_POINT ( 'NONE',  ( -2.704918032782755333, 22.80000000000000071, 14.75409836065649216 ) ) ;
#2131 = DIRECTION ( 'NONE',  ( -0.7071067811865475727, 0.7071067811865475727, 0.000000000000000000 ) ) ;
#2132 = CARTESIAN_POINT ( 'NONE',  ( -15.00000000000000000, 22.55000000000081073, 0.4616759727981246120 ) ) ;
#2133 = CIRCLE ( 'NONE', #1649, 3.750000000000000000 ) ;
#2134 = CARTESIAN_POINT ( 'NONE',  ( 0.9335213545546300340, 22.61007372876563792, -14.97719685769236264 ) ) ;
#2135 = VECTOR ( 'NONE', #2893, 1000.000000000000114 ) ;
#2136 = LINE ( 'NONE', #2616, #285 ) ;
#2137 = CARTESIAN_POINT ( 'NONE',  ( 10.28551015708660898, 22.60910839274301409, 10.92769327850982819 ) ) ;
#2138 = AXIS2_PLACEMENT_3D ( 'NONE', #14, #2580, #299 ) ;
#2139 = VERTEX_POINT ( 'NONE', #1466 ) ;
#2140 = LINE ( 'NONE', #2815, #2149 ) ;
#2141 = VECTOR ( 'NONE', #1592, 1000.000000000000000 ) ;
#2142 = ORIENTED_EDGE ( 'NONE', *, *, #1944, .F. ) ;
#2143 = LINE ( 'NONE', #2562, #1900 ) ;
#2144 = CARTESIAN_POINT ( 'NONE',  ( 10.28014750672183908, 22.55000000000081073, -10.93305592887458566 ) ) ;
#2145 = CARTESIAN_POINT ( 'NONE',  ( -15.00000000000000000, 0.5500000000000018208, 5.663203435596430246 ) ) ;
#2146 = EDGE_CURVE ( 'NONE', #247, #1709, #1757, .T. ) ;
#2147 = FACE_OUTER_BOUND ( 'NONE', #2043, .T. ) ;
#2148 = EDGE_CURVE ( 'NONE', #2967, #379, #78, .T. ) ;
#2149 = VECTOR ( 'NONE', #1902, 999.9999999999998863 ) ;
#2150 = CARTESIAN_POINT ( 'NONE',  ( 1.835600817733593404, 22.55000000000000071, -14.99999999999999822 ) ) ;
#2151 = LINE ( 'NONE', #328, #2284 ) ;
#2152 = CARTESIAN_POINT ( 'NONE',  ( -11.23078348625452882, 22.66782379189045926, -9.953599923786915937 ) ) ;
#2153 = AXIS2_PLACEMENT_3D ( 'NONE', #2095, #476, #1130 ) ;
#2154 = ORIENTED_EDGE ( 'NONE', *, *, #1927, .F. ) ;
#2155 = CARTESIAN_POINT ( 'NONE',  ( -10.28014750672170763, 22.55000000000081073, 10.93305592887471889 ) ) ;
#2156 = AXIS2_PLACEMENT_3D ( 'NONE', #1560, #1591, #417 ) ;
#2157 = CARTESIAN_POINT ( 'NONE',  ( -15.00000000000000000, 22.60870329943315937, 0.4509801073918053849 ) ) ;
#2158 = ORIENTED_EDGE ( 'NONE', *, *, #1812, .T. ) ;
#2159 = DIRECTION ( 'NONE',  ( 0.9238795325112868495, 0.000000000000000000, -0.3826834323650895597 ) ) ;
#2160 = CARTESIAN_POINT ( 'NONE',  ( 15.00000000000000178, 22.60891435840359875, 0.4526015392833731554 ) ) ;
#2161 = CARTESIAN_POINT ( 'NONE',  ( -7.071067811865479946, 6.499999999999999112, -7.071067811865474617 ) ) ;
#2162 = ADVANCED_FACE ( 'NONE', ( #1961 ), #203, .F. ) ;
#2163 = EDGE_CURVE ( 'NONE', #881, #439, #1306, .T. ) ;
#2164 = PLANE ( 'NONE',  #1230 ) ;
#2165 = CARTESIAN_POINT ( 'NONE',  ( -14.91820288521724258, 22.73881760106704775, 1.580612505461432837 ) ) ;
#2166 = CARTESIAN_POINT ( 'NONE',  ( -2.255720701553992846, 22.80000000000000071, -14.83645120471510026 ) ) ;
#2167 = DIRECTION ( 'NONE',  ( 1.000000000000000000, 0.000000000000000000, 0.000000000000000000 ) ) ;
#2168 = DIRECTION ( 'NONE',  ( -0.000000000000000000, -1.000000000000000000, -0.000000000000000000 ) ) ;
#2169 =( BOUNDED_SURFACE ( )  B_SPLINE_SURFACE ( 3, 2, ( 
 ( #126, #2707, #1959 ),
 ( #381, #1320, #1069 ),
 ( #621, #828, #354 ),
 ( #1776, #1976, #2241 ),
 ( #1527, #2226, #2006 ),
 ( #2885, #2869, #2693 ),
 ( #1082, #155, #393 ),
 ( #1097, #2020, #1745 ) ),
 .UNSPECIFIED., .F., .F., .F. ) 
 B_SPLINE_SURFACE_WITH_KNOTS ( ( 4, 2, 2, 4 ),
 ( 3, 3 ),
 ( 0.001235652188200332333, 0.001944503121137484795, 0.002653354054074637258, 0.004071055919948942184 ),
 ( 0.000000000000000000, 1.000000000000000000 ),
 .UNSPECIFIED. ) 
 GEOMETRIC_REPRESENTATION_ITEM ( )  RATIONAL_B_SPLINE_SURFACE ( (
 ( 1.000000000000000000, 0.7071067811863476216, 1.000000000000000000),
 ( 1.000000000000000000, 0.7652304032456871408, 1.000000000000000000),
 ( 1.000000000000000000, 0.8101366047345547328, 1.000000000000000000),
 ( 1.000000000000000000, 0.8837265853918033764, 1.000000000000000000),
 ( 1.000000000000000000, 0.9123074770320854787, 1.000000000000000000),
 ( 1.000000000000000000, 0.9795175777394019567, 1.000000000000000000),
 ( 1.000000000000000000, 0.9996742055259838500, 1.000000000000000000),
 ( 1.000000000000000000, 1.000000000000000000, 1.000000000000000000) ) ) 
 REPRESENTATION_ITEM ( '' )  SURFACE ( )  );
#2170 = ORIENTED_EDGE ( 'NONE', *, *, #2920, .F. ) ;
#2171 = CARTESIAN_POINT ( 'NONE',  ( 1.825997142003112472, 22.62667616668143822, 14.89002266652885531 ) ) ;
#2172 = CARTESIAN_POINT ( 'NONE',  ( -14.89797285107501068, 22.76226597817865027, 1.804176844594276741 ) ) ;
#2173 = EDGE_LOOP ( 'NONE', ( #2485, #1767, #1327, #1655 ) ) ;
#2174 = CARTESIAN_POINT ( 'NONE',  ( -0.9051403561778949003, 22.66806967514034099, -14.97949177386605690 ) ) ;
#2175 = LINE ( 'NONE', #2433, #643 ) ;
#2176 = LINE ( 'NONE', #2235, #781 ) ;
#2177 = VERTEX_POINT ( 'NONE', #356 ) ;
#2178 = ORIENTED_EDGE ( 'NONE', *, *, #394, .T. ) ;
#2179 = CARTESIAN_POINT ( 'NONE',  ( -14.79535129401823212, 22.79999998870311018, 2.479902032627886221 ) ) ;
#2180 = CARTESIAN_POINT ( 'NONE',  ( 0.4616759727974069083, 22.55000000000081073, -14.99999999999999822 ) ) ;
#2181 = CARTESIAN_POINT ( 'NONE',  ( -2.600000000000000977, 0.000000000000000000, -4.329999999999997407 ) ) ;
#2182 = DIRECTION ( 'NONE',  ( 0.000000000000000000, 0.000000000000000000, 1.000000000000000000 ) ) ;
#2183 = ORIENTED_EDGE ( 'NONE', *, *, #441, .F. ) ;
#2184 = AXIS2_PLACEMENT_3D ( 'NONE', #204, #2799, #720 ) ;
#2185 = CARTESIAN_POINT ( 'NONE',  ( -14.14482378458498246, 0.000000000000000000, 6.290562191706241535 ) ) ;
#2186 = EDGE_CURVE ( 'NONE', #2070, #145, #2091, .T. ) ;
#2187 = VECTOR ( 'NONE', #2546, 1000.000000000000000 ) ;
#2188 = LINE ( 'NONE', #1044, #1995 ) ;
#2189 = VERTEX_POINT ( 'NONE', #2663 ) ;
#2190 = CYLINDRICAL_SURFACE ( 'NONE', #1872, 2.100000000000000089 ) ;
#2191 = VECTOR ( 'NONE', #287, 1000.000000000000114 ) ;
#2192 = CARTESIAN_POINT ( 'NONE',  ( 1.836970198721026039E-15, 22.55000000000000071, 14.99999999999999822 ) ) ;
#2193 = ORIENTED_EDGE ( 'NONE', *, *, #1817, .T. ) ;
#2194 = VERTEX_POINT ( 'NONE', #1542 ) ;
#2195 = DIRECTION ( 'NONE',  ( -0.1392813253171536481, 0.7002145072825535221, 0.7002145072825525229 ) ) ;
#2196 = CARTESIAN_POINT ( 'NONE',  ( 14.99999999999999467, 0.5500000000000018208, -5.663203435596428470 ) ) ;
#2197 = CARTESIAN_POINT ( 'NONE',  ( -4.999999999999997335, 4.000000000000000000, 6.123233995736762338E-16 ) ) ;
#2198 = CARTESIAN_POINT ( 'NONE',  ( 11.66642424429248059, 22.73881760106594996, -9.431100602215503059 ) ) ;
#2199 = ORIENTED_EDGE ( 'NONE', *, *, #495, .F. ) ;
#2200 = CARTESIAN_POINT ( 'NONE',  ( 2.503725467776977798, 22.58814638860228285, 14.79098366518799779 ) ) ;
#2201 = AXIS2_PLACEMENT_3D ( 'NONE', #74, #733, #716 ) ;
#2202 = ADVANCED_FACE ( 'NONE', ( #1977, #878, #2453 ), #1101, .T. ) ;
#2203 = EDGE_CURVE ( 'NONE', #2030, #1525, #1086, .T. ) ;
#2204 = CIRCLE ( 'NONE', #896, 0.2500000000000001665 ) ;
#2205 = VERTEX_POINT ( 'NONE', #2008 ) ;
#2206 = CARTESIAN_POINT ( 'NONE',  ( -2.297361593625281318E-15, 22.55000000000000071, -14.99999999999999822 ) ) ;
#2207 = CARTESIAN_POINT ( 'NONE',  ( 5.663203435596419588, 22.55000000000000071, -15.00000000000000000 ) ) ;
#2208 = DIRECTION ( 'NONE',  ( 0.000000000000000000, 0.000000000000000000, -1.000000000000000000 ) ) ;
#2209 = EDGE_LOOP ( 'NONE', ( #1558, #1381, #2230, #1595 ) ) ;
#2210 = ORIENTED_EDGE ( 'NONE', *, *, #1903, .F. ) ;
#2211 = CARTESIAN_POINT ( 'NONE',  ( -15.00000000000000000, 22.55000000000000071, 5.663203435596430246 ) ) ;
#2212 = CARTESIAN_POINT ( 'NONE',  ( 11.74289123585454675, 22.55000000000006821, 9.470312199741785619 ) ) ;
#2213 = FACE_OUTER_BOUND ( 'NONE', #2733, .T. ) ;
#2214 = EDGE_CURVE ( 'NONE', #1793, #2803, #2227, .T. ) ;
#2215 = VERTEX_POINT ( 'NONE', #622 ) ;
#2216 = CARTESIAN_POINT ( 'NONE',  ( 0.9202260287867723987, 22.55000000000000071, 14.99999999999999645 ) ) ;
#2217 = CARTESIAN_POINT ( 'NONE',  ( -4.999999999999997335, 0.000000000000000000, 6.123233995736762338E-16 ) ) ;
#2218 = EDGE_CURVE ( 'NONE', #177, #1111, #582, .T. ) ;
#2219 = ORIENTED_EDGE ( 'NONE', *, *, #1450, .F. ) ;
#2220 = FACE_OUTER_BOUND ( 'NONE', #2936, .T. ) ;
#2221 = CARTESIAN_POINT ( 'NONE',  ( -4.999999999999997335, 0.000000000000000000, 1.750000000000000666 ) ) ;
#2222 = PLANE ( 'NONE',  #2618 ) ;
#2223 = DIRECTION ( 'NONE',  ( 0.000000000000000000, 1.000000000000000000, -0.000000000000000000 ) ) ;
#2224 = DIRECTION ( 'NONE',  ( 0.000000000000000000, 0.000000000000000000, -1.000000000000000000 ) ) ;
#2225 = ORIENTED_EDGE ( 'NONE', *, *, #1931, .F. ) ;
#2226 = CARTESIAN_POINT ( 'NONE',  ( -11.67673427232019634, 22.62636275489967019, -9.418498933060927669 ) ) ;
#2227 = LINE ( 'NONE', #2196, #2517 ) ;
#2228 = B_SPLINE_CURVE_WITH_KNOTS ( 'NONE', 3,
 ( #2716, #2082, #2029, #1611, #1800, #2998 ),
 .UNSPECIFIED., .F., .F.,
 ( 4, 2, 4 ),
 ( -2.449491885554713690E-05, 0.001339858778569963903, 0.002704212475995474915 ),
 .UNSPECIFIED. ) ;
#2229 = CARTESIAN_POINT ( 'NONE',  ( 10.93305592887413269, 22.55000000000081073, -10.28014750672229205 ) ) ;
#2230 = ORIENTED_EDGE ( 'NONE', *, *, #264, .F. ) ;
#2231 = AXIS2_PLACEMENT_3D ( 'NONE', #1678, #1924, #761 ) ;
#2232 = EDGE_LOOP ( 'NONE', ( #871, #2265, #1731, #191 ) ) ;
#2233 = CARTESIAN_POINT ( 'NONE',  ( -15.00000000000000178, 22.55000000000000071, -2.749999999995770938 ) ) ;
#2234 = DIRECTION ( 'NONE',  ( -0.000000000000000000, -1.000000000000000000, -0.000000000000000000 ) ) ;
#2235 = CARTESIAN_POINT ( 'NONE',  ( 2.599999999999999645, 0.000000000000000000, -9.529999999999997584 ) ) ;
#2236 = VECTOR ( 'NONE', #1410, 1000.000000000000000 ) ;
#2237 = AXIS2_PLACEMENT_3D ( 'NONE', #1674, #2327, #1212 ) ;
#2238 = EDGE_LOOP ( 'NONE', ( #1074, #2883, #2507, #769 ) ) ;
#2239 = VECTOR ( 'NONE', #1477, 1000.000000000000114 ) ;
#2240 = ORIENTED_EDGE ( 'NONE', *, *, #2656, .T. ) ;
#2241 = CARTESIAN_POINT ( 'NONE',  ( -11.80739576032141613, 22.75942720414244391, -9.254020444057653449 ) ) ;
#2242 = EDGE_CURVE ( 'NONE', #177, #920, #813, .T. ) ;
#2243 = CARTESIAN_POINT ( 'NONE',  ( 10.60660171779821148, 22.55000000000000071, 10.60660171779821148 ) ) ;
#2244 = CARTESIAN_POINT ( 'NONE',  ( 12.55114536605824327, 22.55000000000000071, -8.662058069538181471 ) ) ;
#2245 = ORIENTED_EDGE ( 'NONE', *, *, #2506, .F. ) ;
#2246 = CARTESIAN_POINT ( 'NONE',  ( -14.44999999999999929, 0.000000000000000000, 4.426250003718070745E-15 ) ) ;
#2247 = VECTOR ( 'NONE', #2297, 1000.000000000000000 ) ;
#2248 = ORIENTED_EDGE ( 'NONE', *, *, #2422, .F. ) ;
#2249 = CARTESIAN_POINT ( 'NONE',  ( -15.00000000000000178, 22.55000000000000071, -1.606956047214876504 ) ) ;
#2250 = DIRECTION ( 'NONE',  ( 0.9238795325112868495, -0.000000000000000000, -0.3826834323650895597 ) ) ;
#2251 = CARTESIAN_POINT ( 'NONE',  ( 0.000000000000000000, 38.04999999999999716, 0.000000000000000000 ) ) ;
#2252 = VECTOR ( 'NONE', #1443, 1000.000000000000114 ) ;
#2253 = ADVANCED_FACE ( 'NONE', ( #849 ), #1779, .F. ) ;
#2254 = ORIENTED_EDGE ( 'NONE', *, *, #2332, .T. ) ;
#2255 = ORIENTED_EDGE ( 'NONE', *, *, #711, .F. ) ;
#2256 = AXIS2_PLACEMENT_3D ( 'NONE', #13, #1892, #2391 ) ;
#2257 = CARTESIAN_POINT ( 'NONE',  ( 14.29741189229248377, 0.000000000000000000, 5.922181912621914179 ) ) ;
#2258 = VECTOR ( 'NONE', #1329, 1000.000000000000000 ) ;
#2259 = EDGE_CURVE ( 'NONE', #2626, #697, #2380, .T. ) ;
#2260 = EDGE_CURVE ( 'NONE', #1709, #2483, #2087, .T. ) ;
#2261 = DIRECTION ( 'NONE',  ( 0.000000000000000000, -0.000000000000000000, 1.000000000000000000 ) ) ;
#2262 = CARTESIAN_POINT ( 'NONE',  ( 12.22920610656508167, 22.58814638860262392, -8.688403593582725293 ) ) ;
#2263 = EDGE_LOOP ( 'NONE', ( #212, #1375, #797 ) ) ;
#2264 = DIRECTION ( 'NONE',  ( 0.3826834323650895597, 0.000000000000000000, -0.9238795325112868495 ) ) ;
#2265 = ORIENTED_EDGE ( 'NONE', *, *, #448, .F. ) ;
#2266 = DIRECTION ( 'NONE',  ( 0.3826834323650895597, 0.000000000000000000, 0.9238795325112868495 ) ) ;
#2267 = DIRECTION ( 'NONE',  ( 0.7071067811865477948, 0.000000000000000000, 0.7071067811865473507 ) ) ;
#2268 = CARTESIAN_POINT ( 'NONE',  ( -15.00000000000000000, 0.5500000000000018208, 5.663203435596430246 ) ) ;
#2269 = EDGE_LOOP ( 'NONE', ( #423, #853 ) ) ;
#2270 = CARTESIAN_POINT ( 'NONE',  ( 9.955903652618689037, 22.54999999999985860, -11.25729978297790446 ) ) ;
#2271 = DIRECTION ( 'NONE',  ( -0.7071067811865477948, 0.000000000000000000, -0.7071067811865473507 ) ) ;
#2272 = CARTESIAN_POINT ( 'NONE',  ( -8.688403593582467721, 22.58814638860304669, -12.22920610656513674 ) ) ;
#2273 = LINE ( 'NONE', #2540, #358 ) ;
#2274 = ORIENTED_EDGE ( 'NONE', *, *, #732, .F. ) ;
#2275 = ORIENTED_EDGE ( 'NONE', *, *, #2566, .T. ) ;
#2276 = DIRECTION ( 'NONE',  ( -0.3826834323650895597, 0.000000000000000000, 0.9238795325112868495 ) ) ;
#2277 = FACE_OUTER_BOUND ( 'NONE', #1753, .T. ) ;
#2278 = EDGE_CURVE ( 'NONE', #1664, #379, #471, .T. ) ;
#2279 = LINE ( 'NONE', #2268, #438 ) ;
#2280 = VECTOR ( 'NONE', #2896, 1000.000000000000000 ) ;
#2281 = PLANE ( 'NONE',  #979 ) ;
#2282 = EDGE_LOOP ( 'NONE', ( #1744, #2384, #1958, #1444 ) ) ;
#2283 = LINE ( 'NONE', #2501, #2304 ) ;
#2284 = VECTOR ( 'NONE', #66, 1000.000000000000000 ) ;
#2285 = LINE ( 'NONE', #1849, #935 ) ;
#2286 = AXIS2_PLACEMENT_3D ( 'NONE', #2778, #2607, #2592 ) ;
#2287 =( BOUNDED_SURFACE ( )  B_SPLINE_SURFACE ( 3, 2, ( 
 ( #251, #933, #267 ),
 ( #2325, #2605, #1239 ),
 ( #1198, #2590, #1223 ),
 ( #1671, #1209, #521 ),
 ( #755, #1627, #53 ),
 ( #1458, #994, #1687 ),
 ( #2155, #1918, #2547 ),
 ( #465, #23, #950 ) ),
 .UNSPECIFIED., .F., .F., .F. ) 
 B_SPLINE_SURFACE_WITH_KNOTS ( ( 4, 2, 2, 4 ),
 ( 3, 3 ),
 ( 0.001235652188200318455, 0.001944503121137462461, 0.002653354054074606467, 0.004071055919948894479 ),
 ( 0.000000000000000000, 1.000000000000000000 ),
 .UNSPECIFIED. ) 
 GEOMETRIC_REPRESENTATION_ITEM ( )  RATIONAL_B_SPLINE_SURFACE ( (
 ( 1.000000000000000000, 0.7071067811863461783, 1.000000000000000000),
 ( 1.000000000000000000, 0.7652304032456801464, 1.000000000000000000),
 ( 1.000000000000000000, 0.8101366047345555099, 1.000000000000000000),
 ( 1.000000000000000000, 0.8837265853918032654, 1.000000000000000000),
 ( 1.000000000000000000, 0.9123074770322132654, 1.000000000000000000),
 ( 1.000000000000000000, 0.9795175777391440519, 1.000000000000000000),
 ( 1.000000000000000000, 0.9996742055261702564, 1.000000000000000000),
 ( 1.000000000000000000, 1.000000000000000000, 1.000000000000000000) ) ) 
 REPRESENTATION_ITEM ( '' )  SURFACE ( )  );
#2288 = CARTESIAN_POINT ( 'NONE',  ( -9.930378181051448649, 22.61007372876564503, -11.25057674142889930 ) ) ;
#2289 = AXIS2_PLACEMENT_3D ( 'NONE', #1710, #2408, #325 ) ;
#2290 = CARTESIAN_POINT ( 'NONE',  ( 14.79535129401821258, 22.79999998870311018, -2.479902032627993247 ) ) ;
#2291 = ORIENTED_EDGE ( 'NONE', *, *, #1058, .F. ) ;
#2292 = CARTESIAN_POINT ( 'NONE',  ( -4.594723187250591036E-15, 22.55000000000000071, -14.99999999999999822 ) ) ;
#2293 = EDGE_CURVE ( 'NONE', #2194, #1243, #1806, .T. ) ;
#2294 = EDGE_CURVE ( 'NONE', #671, #2018, #2739, .T. ) ;
#2295 = VERTEX_POINT ( 'NONE', #232 ) ;
#2296 = CARTESIAN_POINT ( 'NONE',  ( -14.61109127034740141, 22.55000000000000071, -6.602112165249019782 ) ) ;
#2297 = DIRECTION ( 'NONE',  ( 0.000000000000000000, 0.000000000000000000, -1.000000000000000000 ) ) ;
#2298 = CARTESIAN_POINT ( 'NONE',  ( 2.600000000000000533, 0.000000000000000000, -4.329999999999997407 ) ) ;
#2299 = CARTESIAN_POINT ( 'NONE',  ( 4.999999999999999112, 0.000000000000000000, -6.123233995736766282E-16 ) ) ;
#2300 = ORIENTED_EDGE ( 'NONE', *, *, #960, .F. ) ;
#2301 = VERTEX_POINT ( 'NONE', #922 ) ;
#2302 = CARTESIAN_POINT ( 'NONE',  ( 14.82841273915243185, 22.60866058912326437, 2.274662448755746080 ) ) ;
#2303 = AXIS2_PLACEMENT_3D ( 'NONE', #1915, #1685, #1899 ) ;
#2304 = VECTOR ( 'NONE', #2044, 1000.000000000000000 ) ;
#2305 = LINE ( 'NONE', #217, #146 ) ;
#2306 = DIRECTION ( 'NONE',  ( 0.4999999999999996114, 0.7071067811865484609, 0.4999999999999992784 ) ) ;
#2307 = ORIENTED_EDGE ( 'NONE', *, *, #907, .F. ) ;
#2308 = CARTESIAN_POINT ( 'NONE',  ( -15.00000000000000355, 22.55000000000000071, -5.663203435596418700 ) ) ;
#2309 = DIRECTION ( 'NONE',  ( 0.000000000000000000, 0.000000000000000000, -1.000000000000000000 ) ) ;
#2310 = EDGE_CURVE ( 'NONE', #414, #913, #1154, .T. ) ;
#2311 = ORIENTED_EDGE ( 'NONE', *, *, #425, .T. ) ;
#2312 = FACE_OUTER_BOUND ( 'NONE', #3003, .T. ) ;
#2313 = DIRECTION ( 'NONE',  ( 0.000000000000000000, 0.000000000000000000, 1.000000000000000000 ) ) ;
#2314 = LINE ( 'NONE', #2532, #2913 ) ;
#2315 = EDGE_LOOP ( 'NONE', ( #1673, #1601, #2535, #845 ) ) ;
#2316 = DIRECTION ( 'NONE',  ( 0.000000000000000000, 1.000000000000000000, 0.000000000000000000 ) ) ;
#2317 = CARTESIAN_POINT ( 'NONE',  ( -12.09370044451336845, 22.60866058912327858, 8.876841959662794324 ) ) ;
#2318 = CARTESIAN_POINT ( 'NONE',  ( 10.60660171779820793, 22.55000000000000071, -10.60660171779821148 ) ) ;
#2319 = CARTESIAN_POINT ( 'NONE',  ( 14.99999999999999645, 22.55000000000000071, -9.184850993605203165E-16 ) ) ;
#2320 = ORIENTED_EDGE ( 'NONE', *, *, #2808, .F. ) ;
#2321 = DIRECTION ( 'NONE',  ( -0.7071067811865475727, 0.000000000000000000, 0.7071067811865475727 ) ) ;
#2322 = CARTESIAN_POINT ( 'NONE',  ( 8.688403593582547657, 22.58814638860183166, 12.22920610656449725 ) ) ;
#2323 = EDGE_LOOP ( 'NONE', ( #321, #2024, #1901, #652 ) ) ;
#2324 = CARTESIAN_POINT ( 'NONE',  ( 0.9051403561783994967, 22.66806967514177629, -14.97949177386594499 ) ) ;
#2325 = CARTESIAN_POINT ( 'NONE',  ( -8.823820654783009587, 22.55000000000000071, 12.38938278081321442 ) ) ;
#2326 = ORIENTED_EDGE ( 'NONE', *, *, #1315, .F. ) ;
#2327 = DIRECTION ( 'NONE',  ( -0.000000000000000000, -1.000000000000000000, 0.000000000000000000 ) ) ;
#2328 = DIRECTION ( 'NONE',  ( 1.000000000000000000, 0.000000000000000000, -1.531574395750196519E-16 ) ) ;
#2329 = FACE_OUTER_BOUND ( 'NONE', #904, .T. ) ;
#2330 = CIRCLE ( 'NONE', #1507, 15.00000000000000000 ) ;
#2331 = ADVANCED_FACE ( 'NONE', ( #1851 ), #832, .F. ) ;
#2332 = EDGE_CURVE ( 'NONE', #1403, #1840, #458, .T. ) ;
#2333 = CARTESIAN_POINT ( 'NONE',  ( -8.708337686091573104, 22.79999998870392020, -12.21544877398436135 ) ) ;
#2334 = LINE ( 'NONE', #1719, #355 ) ;
#2335 = EDGE_LOOP ( 'NONE', ( #119, #811, #2489 ) ) ;
#2336 = TOROIDAL_SURFACE ( 'NONE', #46, 15.25000000000000000, 0.2500000000000000000 ) ;
#2337 = B_SPLINE_CURVE_WITH_KNOTS ( 'NONE', 3,
 ( #2676, #940, #877, #421, #1124, #905 ),
 .UNSPECIFIED., .F., .F.,
 ( 4, 2, 4 ),
 ( -2.449491885553395707E-05, 0.001339858778569966722, 0.002704212475995467109 ),
 .UNSPECIFIED. ) ;
#2338 = CARTESIAN_POINT ( 'NONE',  ( -5.443479211430253706, -0.5546282695273254681, -13.89537173047266805 ) ) ;
#2339 = DIRECTION ( 'NONE',  ( -0.3966396567602847867, 0.7002145072825526340, -0.5936131960090977877 ) ) ;
#2340 = ORIENTED_EDGE ( 'NONE', *, *, #2737, .F. ) ;
#2341 = CARTESIAN_POINT ( 'NONE',  ( 14.14482378458497180, 0.000000000000000000, 6.290562191706238870 ) ) ;
#2342 = CARTESIAN_POINT ( 'NONE',  ( 0.000000000000000000, 22.55000000000000071, 0.000000000000000000 ) ) ;
#2343 = VERTEX_POINT ( 'NONE', #245 ) ;
#2344 = PLANE ( 'NONE',  #195 ) ;
#2345 = PLANE ( 'NONE',  #503 ) ;
#2346 = CARTESIAN_POINT ( 'NONE',  ( -11.67673427231821037, 22.62636275490165616, 9.418498933062862122 ) ) ;
#2347 = EDGE_CURVE ( 'NONE', #976, #187, #2753, .T. ) ;
#2348 = AXIS2_PLACEMENT_3D ( 'NONE', #2112, #2802, #2126 ) ;
#2349 = CARTESIAN_POINT ( 'NONE',  ( 0.000000000000000000, 22.80000000000000071, 0.000000000000000000 ) ) ;
#2350 = CARTESIAN_POINT ( 'NONE',  ( -14.89002266652923545, 22.62667616668143467, 1.825997142003076279 ) ) ;
#2351 = EDGE_CURVE ( 'NONE', #108, #2139, #2305, .T. ) ;
#2352 = AXIS2_PLACEMENT_3D ( 'NONE', #1529, #879, #1979 ) ;
#2353 = ORIENTED_EDGE ( 'NONE', *, *, #2526, .F. ) ;
#2354 = DIRECTION ( 'NONE',  ( -0.000000000000000000, -1.000000000000000000, -0.000000000000000000 ) ) ;
#2355 = FACE_BOUND ( 'NONE', #2591, .T. ) ;
#2356 = VERTEX_POINT ( 'NONE', #1171 ) ;
#2357 = DIRECTION ( 'NONE',  ( 0.000000000000000000, 1.000000000000000000, 0.000000000000000000 ) ) ;
#2358 = ORIENTED_EDGE ( 'NONE', *, *, #2293, .T. ) ;
#2359 = CARTESIAN_POINT ( 'NONE',  ( -2.704918032787681614, 22.80000000000000071, -14.75409836065559155 ) ) ;
#2360 = CARTESIAN_POINT ( 'NONE',  ( 12.34538888465039719, 22.80000000000000071, 8.520057117575587924 ) ) ;
#2361 = DIRECTION ( 'NONE',  ( -0.8230259256433605231, 0.000000000000000000, -0.5680038078383713440 ) ) ;
#2362 = DIRECTION ( 'NONE',  ( 0.000000000000000000, 0.000000000000000000, 1.000000000000000000 ) ) ;
#2363 = CARTESIAN_POINT ( 'NONE',  ( -15.00000000000000000, 22.55000000000000071, 3.675089242666075007E-15 ) ) ;
#2364 = ORIENTED_EDGE ( 'NONE', *, *, #2388, .F. ) ;
#2365 = FACE_OUTER_BOUND ( 'NONE', #620, .T. ) ;
#2366 = FACE_OUTER_BOUND ( 'NONE', #250, .T. ) ;
#2367 = ORIENTED_EDGE ( 'NONE', *, *, #2310, .F. ) ;
#2368 = FACE_OUTER_BOUND ( 'NONE', #2884, .T. ) ;
#2369 = EDGE_CURVE ( 'NONE', #687, #1920, #2104, .T. ) ;
#2370 = EDGE_CURVE ( 'NONE', #81, #108, #941, .T. ) ;
#2371 = ORIENTED_EDGE ( 'NONE', *, *, #1931, .T. ) ;
#2372 = LINE ( 'NONE', #240, #190 ) ;
#2373 = LINE ( 'NONE', #2794, #647 ) ;
#2374 = CARTESIAN_POINT ( 'NONE',  ( -11.23213109580673041, 22.66806967514017401, 9.952069328250974678 ) ) ;
#2375 = CARTESIAN_POINT ( 'NONE',  ( -4.426250003718068378E-15, 0.000000000000000000, -14.44999999999999574 ) ) ;
#2376 =( NAMED_UNIT ( * ) PLANE_ANGLE_UNIT ( ) SI_UNIT ( $, .RADIAN. ) );
#2377 = VECTOR ( 'NONE', #446, 1000.000000000000000 ) ;
#2378 = EDGE_CURVE ( 'NONE', #824, #976, #1925, .T. ) ;
#2379 = FACE_OUTER_BOUND ( 'NONE', #2467, .T. ) ;
#2380 = CIRCLE ( 'NONE', #1415, 7.799999999999999822 ) ;
#2381 = FACE_OUTER_BOUND ( 'NONE', #2323, .T. ) ;
#2382 = DIRECTION ( 'NONE',  ( -1.000000000000000000, 0.000000000000000000, -1.381347842916461856E-16 ) ) ;
#2383 = VECTOR ( 'NONE', #2419, 1000.000000000000000 ) ;
#2384 = ORIENTED_EDGE ( 'NONE', *, *, #1351, .F. ) ;
#2385 = CARTESIAN_POINT ( 'NONE',  ( -10.60660171779821148, 22.55000000000000071, -10.60660171779820615 ) ) ;
#2386 = CARTESIAN_POINT ( 'NONE',  ( 0.000000000000000000, 0.000000000000000000, 0.000000000000000000 ) ) ;
#2387 = EDGE_CURVE ( 'NONE', #2779, #1793, #1939, .T. ) ;
#2388 = EDGE_CURVE ( 'NONE', #2295, #455, #2412, .T. ) ;
#2389 = ORIENTED_EDGE ( 'NONE', *, *, #1701, .T. ) ;
#2390 = CARTESIAN_POINT ( 'NONE',  ( 14.29741189229248732, 0.000000000000000000, -5.922181912621921285 ) ) ;
#2391 = DIRECTION ( 'NONE',  ( 0.3826834323650895597, 0.000000000000000000, -0.9238795325112868495 ) ) ;
#2392 = CARTESIAN_POINT ( 'NONE',  ( -2.255156345806339058, 22.78990841343797058, 14.83124266121562229 ) ) ;
#2393 = CARTESIAN_POINT ( 'NONE',  ( 9.953599923786912385, 22.66782379189045571, -11.23078348625453238 ) ) ;
#2394 = CARTESIAN_POINT ( 'NONE',  ( -14.75409836065559510, 22.80000000000000071, 2.704918032787654969 ) ) ;
#2395 = AXIS2_PLACEMENT_3D ( 'NONE', #2640, #560, #1476 ) ;
#2396 = CARTESIAN_POINT ( 'NONE',  ( 12.55114536605878861, 22.80000000000000071, -8.662058069538726812 ) ) ;
#2397 = CARTESIAN_POINT ( 'NONE',  ( -5.553801633537612581, 0.000000000000000000, 14.44999999999999574 ) ) ;
#2398 = CARTESIAN_POINT ( 'NONE',  ( 6.602112165249020670, 0.5500000000000018208, -14.61109127034739785 ) ) ;
#2399 = AXIS2_PLACEMENT_3D ( 'NONE', #276, #293, #329 ) ;
#2400 = VERTEX_POINT ( 'NONE', #2837 ) ;
#2401 = FACE_BOUND ( 'NONE', #1426, .T. ) ;
#2402 = ORIENTED_EDGE ( 'NONE', *, *, #2600, .T. ) ;
#2403 = CYLINDRICAL_SURFACE ( 'NONE', #342, 15.00000000000000000 ) ;
#2404 = CARTESIAN_POINT ( 'NONE',  ( -10.60660171779820971, 22.55000000000000071, 10.60660171779821681 ) ) ;
#2405 = CARTESIAN_POINT ( 'NONE',  ( -5.663203435596427582, 22.55000000000000071, 14.99999999999999645 ) ) ;
#2406 = DIRECTION ( 'NONE',  ( -0.3826834323650895597, 0.000000000000000000, 0.9238795325112868495 ) ) ;
#2407 = EDGE_LOOP ( 'NONE', ( #2942, #2926, #2063, #2013 ) ) ;
#2408 = DIRECTION ( 'NONE',  ( 0.000000000000000000, 1.000000000000000000, 0.000000000000000000 ) ) ;
#2409 = PRODUCT_DEFINITION_FORMATION_WITH_SPECIFIED_SOURCE ( 'ANY', '', #1033, .NOT_KNOWN. ) ;
#2410 = EDGE_CURVE ( 'NONE', #2018, #976, #1482, .T. ) ;
#2411 = CARTESIAN_POINT ( 'NONE',  ( 2.704918032782743342, 22.80000000000000071, -14.75409836065649571 ) ) ;
#2412 = B_SPLINE_CURVE_WITH_KNOTS ( 'NONE', 3,
 ( #2597, #260, #1895, #2807, #717, #531 ),
 .UNSPECIFIED., .F., .F.,
 ( 4, 2, 4 ),
 ( 0.000000000000000000, 0.001369259028189118415, 0.002738518056378236830 ),
 .UNSPECIFIED. ) ;
#2413 = LINE ( 'NONE', #1454, #775 ) ;
#2414 = FACE_OUTER_BOUND ( 'NONE', #131, .T. ) ;
#2415 = ORIENTED_EDGE ( 'NONE', *, *, #1351, .T. ) ;
#2416 = CYLINDRICAL_SURFACE ( 'NONE', #1000, 1.750000000000000000 ) ;
#2417 = ORIENTED_EDGE ( 'NONE', *, *, #1623, .T. ) ;
#2418 = DIRECTION ( 'NONE',  ( -0.9836065573771001214, 0.000000000000000000, -0.1803278688521820217 ) ) ;
#2419 = DIRECTION ( 'NONE',  ( 0.7071067811865473507, 0.000000000000000000, -0.7071067811865477948 ) ) ;
#2420 = ORIENTED_EDGE ( 'NONE', *, *, #230, .F. ) ;
#2421 = CARTESIAN_POINT ( 'NONE',  ( -14.29741189229249265, 0.000000000000000000, 5.922181912621923949 ) ) ;
#2422 = EDGE_CURVE ( 'NONE', #2018, #1920, #1465, .T. ) ;
#2423 = ADVANCED_FACE ( 'NONE', ( #2611 ), #1204, .F. ) ;
#2424 = CARTESIAN_POINT ( 'NONE',  ( 11.25057674142910358, 22.61007372876567345, 9.930378181051047193 ) ) ;
#2425 = DIRECTION ( 'NONE',  ( 0.000000000000000000, 0.000000000000000000, -1.000000000000000000 ) ) ;
#2426 = CARTESIAN_POINT ( 'NONE',  ( 11.67673427231832228, 22.62636275490000415, -9.418498933063581546 ) ) ;
#2427 = VERTEX_POINT ( 'NONE', #735 ) ;
#2428 = VECTOR ( 'NONE', #2094, 999.9999999999998863 ) ;
#2429 = CARTESIAN_POINT ( 'NONE',  ( 2.274662448759661615, 22.60866058912310805, 14.82841273915252245 ) ) ;
#2430 = AXIS2_PLACEMENT_3D ( 'NONE', #291, #2630, #1695 ) ;
#2431 = ORIENTED_EDGE ( 'NONE', *, *, #767, .F. ) ;
#2432 = DIRECTION ( 'NONE',  ( -0.9836065573770489401, 0.000000000000000000, 0.1803278688524608264 ) ) ;
#2433 = CARTESIAN_POINT ( 'NONE',  ( 14.61109127034739430, 0.5500000000000018208, -6.602112165249029552 ) ) ;
#2434 = VECTOR ( 'NONE', #1761, 1000.000000000000000 ) ;
#2435 = CARTESIAN_POINT ( 'NONE',  ( -6.602112165249028664, 0.5500000000000018208, 14.61109127034739430 ) ) ;
#2436 = EDGE_LOOP ( 'NONE', ( #1736, #1431, #266, #1594, #1989, #239, #2660, #2814, #789, #1876, #1164, #1197, #2311, #2755, #844 ) ) ;
#2437 = ORIENTED_EDGE ( 'NONE', *, *, #1440, .T. ) ;
#2438 = LINE ( 'NONE', #2899, #2434 ) ;
#2439 = EDGE_CURVE ( 'NONE', #2483, #1433, #1982, .T. ) ;
#2440 = DIRECTION ( 'NONE',  ( -8.881784197001252323E-16, 0.000000000000000000, 1.000000000000000000 ) ) ;
#2441 = ADVANCED_FACE ( 'NONE', ( #488 ), #2164, .T. ) ;
#2442 = LINE ( 'NONE', #1114, #2731 ) ;
#2443 = ORIENTED_EDGE ( 'NONE', *, *, #35, .T. ) ;
#2444 = DIRECTION ( 'NONE',  ( 0.7071067811865477948, 0.000000000000000000, 0.7071067811865473507 ) ) ;
#2445 = AXIS2_PLACEMENT_3D ( 'NONE', #911, #1369, #1650 ) ;
#2446 = ORIENTED_EDGE ( 'NONE', *, *, #2214, .F. ) ;
#2447 = CARTESIAN_POINT ( 'NONE',  ( -2.274662448759607880, 22.60866058912310805, -14.82841273915231994 ) ) ;
#2448 = DIRECTION ( 'NONE',  ( -0.000000000000000000, 1.000000000000000000, -0.000000000000000000 ) ) ;
#2449 = CARTESIAN_POINT ( 'NONE',  ( 14.61109127034739430, 0.5500000000000018208, 6.602112165249022446 ) ) ;
#2450 = B_SPLINE_CURVE_WITH_KNOTS ( 'NONE', 3,
 ( #1152, #2927, #899, #2530, #914, #661 ),
 .UNSPECIFIED., .F., .F.,
 ( 4, 2, 4 ),
 ( 0.000000000000000000, 0.001369259028189126438, 0.002738518056378252876 ),
 .UNSPECIFIED. ) ;
#2451 = ORIENTED_EDGE ( 'NONE', *, *, #1496, .F. ) ;
#2452 = FACE_OUTER_BOUND ( 'NONE', #2407, .T. ) ;
#2453 = FACE_OUTER_BOUND ( 'NONE', #402, .T. ) ;
#2454 = PLANE ( 'NONE',  #2633 ) ;
#2455 = ORIENTED_EDGE ( 'NONE', *, *, #1188, .F. ) ;
#2456 = DIRECTION ( 'NONE',  ( 0.000000000000000000, 1.000000000000000000, -0.000000000000000000 ) ) ;
#2457 = ADVANCED_FACE ( 'NONE', ( #44 ), #1911, .T. ) ;
#2458 = ORIENTED_EDGE ( 'NONE', *, *, #1566, .T. ) ;
#2459 = PLANE ( 'NONE',  #930 ) ;
#2460 = DIRECTION ( 'NONE',  ( -0.5680038078383746747, 0.000000000000000000, 0.8230259256433584136 ) ) ;
#2461 = DIRECTION ( 'NONE',  ( 2.165973282253307044E-16, 0.7071067811865475727, 0.7071067811865475727 ) ) ;
#2462 = FACE_OUTER_BOUND ( 'NONE', #2436, .T. ) ;
#2463 = EDGE_CURVE ( 'NONE', #648, #1158, #2812, .T. ) ;
#2464 = EDGE_LOOP ( 'NONE', ( #1400, #2985, #2431, #125 ) ) ;
#2465 = CARTESIAN_POINT ( 'NONE',  ( 11.82001096106153781, 22.62667616668143822, 9.237661037986299561 ) ) ;
#2466 = CARTESIAN_POINT ( 'NONE',  ( -2.255735277636871317, 22.79999999999969873, 14.83644853243308503 ) ) ;
#2467 = EDGE_LOOP ( 'NONE', ( #856, #400, #2002, #84 ) ) ;
#2468 = AXIS2_PLACEMENT_3D ( 'NONE', #1734, #2649, #568 ) ;
#2469 = ORIENTED_EDGE ( 'NONE', *, *, #1390, .F. ) ;
#2470 = LINE ( 'NONE', #163, #1084 ) ;
#2471 = CYLINDRICAL_SURFACE ( 'NONE', #2930, 3.750000000000000000 ) ;
#2472 = VECTOR ( 'NONE', #2783, 1000.000000000000000 ) ;
#2473 = VECTOR ( 'NONE', #1228, 1000.000000000000000 ) ;
#2474 = ADVANCED_FACE ( 'NONE', ( #779 ), #1706, .F. ) ;
#2475 = ADVANCED_FACE ( 'NONE', ( #1258 ), #2336, .F. ) ;
#2476 = CARTESIAN_POINT ( 'NONE',  ( -12.55114536605877618, 22.80000000000000071, 8.662058069538742799 ) ) ;
#2477 = ORIENTED_EDGE ( 'NONE', *, *, #2259, .T. ) ;
#2478 = AXIS2_PLACEMENT_3D ( 'NONE', #731, #2102, #1676 ) ;
#2479 = VERTEX_POINT ( 'NONE', #2583 ) ;
#2480 = CARTESIAN_POINT ( 'NONE',  ( 0.000000000000000000, 22.55000000000000071, 0.000000000000000000 ) ) ;
#2481 = DIRECTION ( 'NONE',  ( -0.000000000000000000, -1.000000000000000000, -0.000000000000000000 ) ) ;
#2482 = CARTESIAN_POINT ( 'NONE',  ( 10.60660171779820615, 22.55000000000000071, -10.60660171779821681 ) ) ;
#2483 = VERTEX_POINT ( 'NONE', #29 ) ;
#2484 = DIRECTION ( 'NONE',  ( -0.000000000000000000, 1.000000000000000000, -0.000000000000000000 ) ) ;
#2485 = ORIENTED_EDGE ( 'NONE', *, *, #960, .T. ) ;
#2486 = DIRECTION ( 'NONE',  ( -1.082986641126653892E-16, 0.7071067811865469066, -0.7071067811865481278 ) ) ;
#2487 = CARTESIAN_POINT ( 'NONE',  ( -5.663203435596427582, 0.5500000000000018208, 14.99999999999999645 ) ) ;
#2488 = CIRCLE ( 'NONE', #1822, 15.25000000000000000 ) ;
#2489 = ORIENTED_EDGE ( 'NONE', *, *, #2787, .T. ) ;
#2490 = CARTESIAN_POINT ( 'NONE',  ( 9.470312199741792725, 22.55000000000006821, -11.74289123585454142 ) ) ;
#2491 = FACE_OUTER_BOUND ( 'NONE', #353, .T. ) ;
#2492 = CARTESIAN_POINT ( 'NONE',  ( -15.00000000000000178, 22.55000000000000071, 4.594723187250592614E-15 ) ) ;
#2493 = CARTESIAN_POINT ( 'NONE',  ( 14.79098366518818786, 22.58814638860116730, -2.503725467776904079 ) ) ;
#2494 = ADVANCED_FACE ( 'NONE', ( #2147 ), #1808, .F. ) ;
#2495 = ORIENTED_EDGE ( 'NONE', *, *, #1261, .F. ) ;
#2496 = VERTEX_POINT ( 'NONE', #972 ) ;
#2497 = CARTESIAN_POINT ( 'NONE',  ( -14.75409836065647262, 22.55000000000076099, -2.704918032782860582 ) ) ;
#2498 = PLANE ( 'NONE',  #2156 ) ;
#2499 = DIRECTION ( 'NONE',  ( 0.7071067811865477948, 0.000000000000000000, 0.7071067811865473507 ) ) ;
#2500 = VERTEX_POINT ( 'NONE', #1680 ) ;
#2501 = CARTESIAN_POINT ( 'NONE',  ( 4.999999999999999112, 0.000000000000000000, 1.749999999999999334 ) ) ;
#2502 = LINE ( 'NONE', #1406, #1762 ) ;
#2503 = CARTESIAN_POINT ( 'NONE',  ( 11.23082204274523122, 22.66783071135837702, -9.953555757388297565 ) ) ;
#2504 = CARTESIAN_POINT ( 'NONE',  ( 8.520057117579719730, 22.80000000000000071, 12.34538888464754258 ) ) ;
#2505 = EDGE_CURVE ( 'NONE', #881, #2039, #585, .T. ) ;
#2506 = EDGE_CURVE ( 'NONE', #1460, #2585, #799, .T. ) ;
#2507 = ORIENTED_EDGE ( 'NONE', *, *, #1532, .T. ) ;
#2508 = EDGE_CURVE ( 'NONE', #2973, #1557, #2647, .T. ) ;
#2509 = CARTESIAN_POINT ( 'NONE',  ( -5.586143571373729522, 6.499999999999999112, -8.555992052357224154 ) ) ;
#2510 = ORIENTED_EDGE ( 'NONE', *, *, #669, .F. ) ;
#2511 = CARTESIAN_POINT ( 'NONE',  ( 0.000000000000000000, 29.05000000000000071, 13.49999999999999289 ) ) ;
#2512 = CARTESIAN_POINT ( 'NONE',  ( 5.663203435596427582, 0.5500000000000018208, 14.99999999999999467 ) ) ;
#2513 = LINE ( 'NONE', #1578, #682 ) ;
#2514 = VECTOR ( 'NONE', #1163, 1000.000000000000000 ) ;
#2515 = ORIENTED_EDGE ( 'NONE', *, *, #614, .F. ) ;
#2516 = ORIENTED_EDGE ( 'NONE', *, *, #441, .T. ) ;
#2517 = VECTOR ( 'NONE', #1791, 1000.000000000000114 ) ;
#2518 = CARTESIAN_POINT ( 'NONE',  ( -12.55114536605823261, 22.55000000000000071, 8.662058069538197458 ) ) ;
#2519 = ADVANCED_FACE ( 'NONE', ( #2452 ), #1654, .F. ) ;
#2520 = VECTOR ( 'NONE', #2795, 1000.000000000000000 ) ;
#2521 = DIRECTION ( 'NONE',  ( 0.9238795325112868495, 0.000000000000000000, 0.3826834323650895597 ) ) ;
#2522 = ADVANCED_FACE ( 'NONE', ( #846 ), #812, .F. ) ;
#2523 = VECTOR ( 'NONE', #934, 1000.000000000000000 ) ;
#2524 = CARTESIAN_POINT ( 'NONE',  ( 14.75409836065558977, 22.80000000000000071, -2.704918032787696269 ) ) ;
#2525 = EDGE_LOOP ( 'NONE', ( #1138, #2083, #511, #213, #1856, #506, #1366 ) ) ;
#2526 = EDGE_CURVE ( 'NONE', #108, #2932, #345, .T. ) ;
#2527 = CARTESIAN_POINT ( 'NONE',  ( 0.000000000000000000, 22.80000000000000071, 0.000000000000000000 ) ) ;
#2528 = CARTESIAN_POINT ( 'NONE',  ( 2.704918032781963966, 22.80000000000000071, -14.75409836065663782 ) ) ;
#2529 = ORIENTED_EDGE ( 'NONE', *, *, #522, .F. ) ;
#2530 = CARTESIAN_POINT ( 'NONE',  ( 9.953555757388297565, 22.66783071135836991, 11.23082204274523477 ) ) ;
#2531 = CARTESIAN_POINT ( 'NONE',  ( 14.99999999999999467, 22.55000000000000071, 5.663203435596420476 ) ) ;
#2532 = CARTESIAN_POINT ( 'NONE',  ( 2.600000000000000533, 38.04999999999999716, -4.329999999999997407 ) ) ;
#2533 = LINE ( 'NONE', #902, #41 ) ;
#2534 = AXIS2_PLACEMENT_3D ( 'NONE', #791, #2460, #121 ) ;
#2535 = ORIENTED_EDGE ( 'NONE', *, *, #2878, .F. ) ;
#2536 = CARTESIAN_POINT ( 'NONE',  ( 8.662058069534628757, 22.55000000000000071, -12.55114536606179243 ) ) ;
#2537 = CARTESIAN_POINT ( 'NONE',  ( 14.99999999999999645, 22.55000000000081073, 0.4616759727972389316 ) ) ;
#2538 = TOROIDAL_SURFACE ( 'NONE', #596, 15.25000000000000000, 0.2500000000000000000 ) ;
#2539 = CARTESIAN_POINT ( 'NONE',  ( -10.60660171779821326, 22.55000000000000071, -10.60660171779820971 ) ) ;
#2540 = CARTESIAN_POINT ( 'NONE',  ( 0.000000000000000000, 28.04999999999999716, 12.49999999999998224 ) ) ;
#2541 = PRESENTATION_LAYER_ASSIGNMENT (  '', '', ( #1103 ) ) ;
#2542 = ORIENTED_EDGE ( 'NONE', *, *, #2378, .T. ) ;
#2543 = LINE ( 'NONE', #2573, #2377 ) ;
#2544 = DIRECTION ( 'NONE',  ( -0.2705980500730985061, 0.7071067811865471286, 0.6532814824381887320 ) ) ;
#2545 = EDGE_LOOP ( 'NONE', ( #2980, #910 ) ) ;
#2546 = DIRECTION ( 'NONE',  ( -0.000000000000000000, -1.000000000000000000, -0.000000000000000000 ) ) ;
#2547 = CARTESIAN_POINT ( 'NONE',  ( -10.28551015708578653, 22.60910839274672668, 10.92769327851065420 ) ) ;
#2548 = ADVANCED_FACE ( 'NONE', ( #141 ), #2169, .F. ) ;
#2549 = ORIENTED_EDGE ( 'NONE', *, *, #472, .F. ) ;
#2550 = CARTESIAN_POINT ( 'NONE',  ( -6.602112165249028664, 0.5500000000000018208, 14.61109127034739430 ) ) ;
#2551 = CARTESIAN_POINT ( 'NONE',  ( 14.99999999999999467, 22.55000000000000071, 0.9202260287852004339 ) ) ;
#2552 = CARTESIAN_POINT ( 'NONE',  ( 6.602112165249020670, 0.5500000000000018208, -14.61109127034739785 ) ) ;
#2553 =( BOUNDED_SURFACE ( )  B_SPLINE_SURFACE ( 3, 2, ( 
 ( #1663, #2569, #2394 ),
 ( #1004, #2838, #2179 ),
 ( #763, #1926, #1940 ),
 ( #718, #2350, #307 ),
 ( #261, #1248, #2165 ),
 ( #1960, #288, #1205 ),
 ( #2132, #736, #76 ),
 ( #2823, #2363, #30 ) ),
 .UNSPECIFIED., .F., .F., .F. ) 
 B_SPLINE_SURFACE_WITH_KNOTS ( ( 4, 2, 2, 4 ),
 ( 3, 3 ),
 ( 0.001235652188200340356, 0.001944503121137488699, 0.002653354054074637258, 0.004071055919948934378 ),
 ( 0.000000000000000000, 1.000000000000000000 ),
 .UNSPECIFIED. ) 
 GEOMETRIC_REPRESENTATION_ITEM ( )  RATIONAL_B_SPLINE_SURFACE ( (
 ( 1.000000000000000000, 0.7071067811863448460, 1.000000000000000000),
 ( 1.000000000000000000, 0.7652304032456944682, 1.000000000000000000),
 ( 1.000000000000000000, 0.8101366047345390786, 1.000000000000000000),
 ( 1.000000000000000000, 0.8837265853918130354, 1.000000000000000000),
 ( 1.000000000000000000, 0.9123074770313406301, 1.000000000000000000),
 ( 1.000000000000000000, 0.9795175777408884343, 1.000000000000000000),
 ( 1.000000000000000000, 0.9996742055248578618, 1.000000000000000000),
 ( 1.000000000000000000, 1.000000000000000000, 1.000000000000000000) ) ) 
 REPRESENTATION_ITEM ( '' )  SURFACE ( )  );
#2554 = CARTESIAN_POINT ( 'NONE',  ( 2.600000000000000977, 28.04999999999999716, -4.336808689942019708E-16 ) ) ;
#2555 = ORIENTED_EDGE ( 'NONE', *, *, #2293, .F. ) ;
#2556 = CARTESIAN_POINT ( 'NONE',  ( 5.663203435596427582, 22.55000000000000071, 14.99999999999999467 ) ) ;
#2557 = CARTESIAN_POINT ( 'NONE',  ( 2.255735277636860658, 22.79999999999969873, -14.83644853243308503 ) ) ;
#2558 = EDGE_LOOP ( 'NONE', ( #2240, #1339, #2867, #1580 ) ) ;
#2559 = DIRECTION ( 'NONE',  ( -0.3966396567602774592, -0.7002145072825528560, -0.5936131960091024506 ) ) ;
#2560 = EDGE_CURVE ( 'NONE', #520, #392, #2933, .T. ) ;
#2561 = VERTEX_POINT ( 'NONE', #339 ) ;
#2562 = CARTESIAN_POINT ( 'NONE',  ( 14.61109127034739252, 0.5500000000000015987, 6.602112165249025111 ) ) ;
#2563 = DIRECTION ( 'NONE',  ( -0.7071067811865477948, 0.000000000000000000, -0.7071067811865473507 ) ) ;
#2564 = CARTESIAN_POINT ( 'NONE',  ( -10.93041984973171132, 22.57955883425913157, 10.28278358586027252 ) ) ;
#2565 = EDGE_CURVE ( 'NONE', #2205, #480, #1333, .T. ) ;
#2566 = EDGE_CURVE ( 'NONE', #1403, #1934, #1274, .T. ) ;
#2567 = CIRCLE ( 'NONE', #672, 0.2500000000000007772 ) ;
#2568 = CARTESIAN_POINT ( 'NONE',  ( 14.99999999999999467, 0.5500000000000018208, 5.663203435596420476 ) ) ;
#2569 = CARTESIAN_POINT ( 'NONE',  ( -14.75409836065559865, 22.54999999999985860, 2.704918032787629212 ) ) ;
#2570 = CIRCLE ( 'NONE', #2810, 3.750000000000000000 ) ;
#2571 = ORIENTED_EDGE ( 'NONE', *, *, #2962, .T. ) ;
#2572 =( BOUNDED_SURFACE ( )  B_SPLINE_SURFACE ( 3, 2, ( 
 ( #2771, #690, #1621 ),
 ( #1399, #2322, #235 ),
 ( #1414, #1195, #2110 ),
 ( #21, #963, #1884 ),
 ( #1264, #51, #975 ),
 ( #1220, #1007, #569 ),
 ( #2137, #768, #2872 ),
 ( #519, #1500, #2617 ) ),
 .UNSPECIFIED., .F., .F., .F. ) 
 B_SPLINE_SURFACE_WITH_KNOTS ( ( 4, 2, 2, 4 ),
 ( 3, 3 ),
 ( 0.001235652188205456489, 0.001944503121141306825, 0.002653354054077156944, 0.004071055919948857182 ),
 ( 0.000000000000000000, 1.000000000000000000 ),
 .UNSPECIFIED. ) 
 GEOMETRIC_REPRESENTATION_ITEM ( )  RATIONAL_B_SPLINE_SURFACE ( (
 ( 1.000000000000000000, 0.7071067811876190490, 1.000000000000000000),
 ( 1.000000000000000000, 0.7652304032465858663, 1.000000000000000000),
 ( 1.000000000000000000, 0.8101366047354039424, 1.000000000000000000),
 ( 1.000000000000000000, 0.8837265853921580927, 1.000000000000000000),
 ( 1.000000000000000000, 0.9123074770322798788, 1.000000000000000000),
 ( 1.000000000000000000, 0.9795175777397422401, 1.000000000000000000),
 ( 1.000000000000000000, 0.9996742055257840098, 1.000000000000000000),
 ( 1.000000000000000000, 1.000000000000000000, 1.000000000000000000) ) ) 
 REPRESENTATION_ITEM ( '' )  SURFACE ( )  );
#2573 = CARTESIAN_POINT ( 'NONE',  ( 4.999999999999999112, 4.000000000000000000, -3.750000000000000444 ) ) ;
#2574 = DIRECTION ( 'NONE',  ( -0.5936131960090941240, 0.7002145072825531891, -0.3966396567602891721 ) ) ;
#2575 = ORIENTED_EDGE ( 'NONE', *, *, #2410, .F. ) ;
#2576 = LINE ( 'NONE', #966, #2103 ) ;
#2577 = ORIENTED_EDGE ( 'NONE', *, *, #795, .F. ) ;
#2578 = CARTESIAN_POINT ( 'NONE',  ( -2.704918032787655413, 22.54999999999985860, -14.75409836065559332 ) ) ;
#2579 = CARTESIAN_POINT ( 'NONE',  ( -4.999999999999997335, 0.000000000000000000, 6.123233995736762338E-16 ) ) ;
#2580 = DIRECTION ( 'NONE',  ( -0.000000000000000000, 0.000000000000000000, 1.000000000000000000 ) ) ;
#2581 = DIRECTION ( 'NONE',  ( 0.000000000000000000, 1.000000000000000000, 0.000000000000000000 ) ) ;
#2582 = VECTOR ( 'NONE', #1659, 1000.000000000000000 ) ;
#2583 = CARTESIAN_POINT ( 'NONE',  ( 14.61109127034739430, 22.55000000000000071, -6.602112165249029552 ) ) ;
#2584 = CIRCLE ( 'NONE', #1669, 15.25000000000000000 ) ;
#2585 = VERTEX_POINT ( 'NONE', #110 ) ;
#2586 = DIRECTION ( 'NONE',  ( -0.3826834323650895597, 0.000000000000000000, -0.9238795325112868495 ) ) ;
#2587 = EDGE_CURVE ( 'NONE', #2561, #1709, #734, .T. ) ;
#2588 =( BOUNDED_SURFACE ( )  B_SPLINE_SURFACE ( 3, 2, ( 
 ( #728, #2578, #2359 ),
 ( #269, #38, #981 ),
 ( #2817, #2447, #2880 ),
 ( #1046, #1254, #790 ),
 ( #1725, #2639, #772 ),
 ( #1490, #589, #2174 ),
 ( #1953, #2622, #1285 ),
 ( #806, #2206, #317 ) ),
 .UNSPECIFIED., .F., .F., .F. ) 
 B_SPLINE_SURFACE_WITH_KNOTS ( ( 4, 2, 2, 4 ),
 ( 3, 3 ),
 ( 0.001235652188200334501, 0.001944503121137493686, 0.002653354054074652871, 0.004071055919948971674 ),
 ( 0.000000000000000000, 1.000000000000000000 ),
 .UNSPECIFIED. ) 
 GEOMETRIC_REPRESENTATION_ITEM ( )  RATIONAL_B_SPLINE_SURFACE ( (
 ( 1.000000000000000000, 0.7071067811863448460, 1.000000000000000000),
 ( 1.000000000000000000, 0.7652304032457014626, 1.000000000000000000),
 ( 1.000000000000000000, 0.8101366047345288646, 1.000000000000000000),
 ( 1.000000000000000000, 0.8837265853918294667, 1.000000000000000000),
 ( 1.000000000000000000, 0.9123074770314316684, 1.000000000000000000),
 ( 1.000000000000000000, 0.9795175777407111317, 1.000000000000000000),
 ( 1.000000000000000000, 0.9996742055249981940, 1.000000000000000000),
 ( 1.000000000000000000, 1.000000000000000000, 1.000000000000000000) ) ) 
 REPRESENTATION_ITEM ( '' )  SURFACE ( )  );
#2589 = ORIENTED_EDGE ( 'NONE', *, *, #1143, .F. ) ;
#2590 = CARTESIAN_POINT ( 'NONE',  ( -8.876841959659623527, 22.60866058912311871, 12.09370044451593529 ) ) ;
#2591 = EDGE_LOOP ( 'NONE', ( #1068, #268 ) ) ;
#2592 = DIRECTION ( 'NONE',  ( 0.9238795325112868495, 0.000000000000000000, -0.3826834323650895597 ) ) ;
#2593 = FACE_OUTER_BOUND ( 'NONE', #332, .T. ) ;
#2594 = CARTESIAN_POINT ( 'NONE',  ( -2.479902032623417352, 22.79999998870392020, 14.79535129401897642 ) ) ;
#2595 = EDGE_CURVE ( 'NONE', #2713, #2215, #2438, .T. ) ;
#2596 = DIRECTION ( 'NONE',  ( -0.000000000000000000, 1.000000000000000000, -0.000000000000000000 ) ) ;
#2597 = CARTESIAN_POINT ( 'NONE',  ( -8.520057117579735717, 22.80000000000000071, -12.34538888464753370 ) ) ;
#2598 = CARTESIAN_POINT ( 'NONE',  ( -4.999999999999997335, 4.000000000000000000, -3.749999999999999556 ) ) ;
#2599 = CARTESIAN_POINT ( 'NONE',  ( 0.000000000000000000, 0.000000000000000000, 0.000000000000000000 ) ) ;
#2600 = EDGE_CURVE ( 'NONE', #477, #2301, #2337, .T. ) ;
#2602 = EDGE_CURVE ( 'NONE', #2792, #2343, #1759, .T. ) ;
#2601 = DIRECTION ( 'NONE',  ( 0.3826834323650892267, -0.000000000000000000, -0.9238795325112869605 ) ) ;
#2603 = DIRECTION ( 'NONE',  ( 0.000000000000000000, 0.000000000000000000, 1.000000000000000000 ) ) ;
#2604 = ORIENTED_EDGE ( 'NONE', *, *, #1888, .T. ) ;
#2605 = CARTESIAN_POINT ( 'NONE',  ( -8.688403593579083761, 22.58814638860258128, 12.22920610656843721 ) ) ;
#2606 = ORIENTED_EDGE ( 'NONE', *, *, #2023, .F. ) ;
#2607 = DIRECTION ( 'NONE',  ( 0.3826834323650895597, -0.000000000000000000, 0.9238795325112868495 ) ) ;
#2608 = CARTESIAN_POINT ( 'NONE',  ( 6.602112165249020670, 22.55000000000000071, -14.61109127034739785 ) ) ;
#2609 = LINE ( 'NONE', #527, #387 ) ;
#2610 = DIRECTION ( 'NONE',  ( 0.000000000000000000, 0.000000000000000000, 1.000000000000000000 ) ) ;
#2611 = FACE_OUTER_BOUND ( 'NONE', #2761, .T. ) ;
#2612 = SURFACE_SIDE_STYLE ('',( #2747 ) ) ;
#2613 = AXIS2_PLACEMENT_3D ( 'NONE', #2181, #1978, #2167 ) ;
#2614 = CARTESIAN_POINT ( 'NONE',  ( -1.804176844594288953, 22.76226597817865027, -14.89797285107500890 ) ) ;
#2615 = AXIS2_PLACEMENT_3D ( 'NONE', #1747, #1292, #2440 ) ;
#2616 = CARTESIAN_POINT ( 'NONE',  ( -10.21769298814561466, 0.000000000000000000, -10.21769298814560756 ) ) ;
#2617 = CARTESIAN_POINT ( 'NONE',  ( 10.60660171779821326, 22.55000000000000071, 10.60660171779820793 ) ) ;
#2618 = AXIS2_PLACEMENT_3D ( 'NONE', #320, #2461, #377 ) ;
#2619 = ORIENTED_EDGE ( 'NONE', *, *, #361, .F. ) ;
#2620 = CARTESIAN_POINT ( 'NONE',  ( 1.835600817736902757, 22.55000000000000071, 14.99999999999999645 ) ) ;
#2621 = ORIENTED_EDGE ( 'NONE', *, *, #1478, .T. ) ;
#2622 = CARTESIAN_POINT ( 'NONE',  ( -0.4579479939267334654, 22.57955883425885801, -14.99999999999959144 ) ) ;
#2623 = FACE_BOUND ( 'NONE', #660, .T. ) ;
#2624 = CARTESIAN_POINT ( 'NONE',  ( -10.60660171779820615, 22.55000000000000071, 10.60660171779822036 ) ) ;
#2625 = FACE_OUTER_BOUND ( 'NONE', #2464, .T. ) ;
#2626 = VERTEX_POINT ( 'NONE', #1805 ) ;
#2627 = DIRECTION ( 'NONE',  ( 0.000000000000000000, 1.000000000000000000, -0.000000000000000000 ) ) ;
#2628 = DIRECTION ( 'NONE',  ( 0.9836065573770996773, 0.000000000000000000, 0.1803278688521836870 ) ) ;
#2629 = AXIS2_PLACEMENT_3D ( 'NONE', #2531, #1388, #2313 ) ;
#2630 = DIRECTION ( 'NONE',  ( -0.5000000000000003331, 0.7071067811865472397, -0.5000000000000001110 ) ) ;
#2631 = LINE ( 'NONE', #784, #977 ) ;
#2632 = FACE_OUTER_BOUND ( 'NONE', #2209, .T. ) ;
#2633 = AXIS2_PLACEMENT_3D ( 'NONE', #1809, #1766, #1057 ) ;
#2634 = ORIENTED_EDGE ( 'NONE', *, *, #2874, .T. ) ;
#2635 = FACE_OUTER_BOUND ( 'NONE', #619, .T. ) ;
#2636 = AXIS2_PLACEMENT_3D ( 'NONE', #404, #164, #2028 ) ;
#2637 = CARTESIAN_POINT ( 'NONE',  ( -14.61109127034740141, 0.5500000000000018208, -6.602112165249019782 ) ) ;
#2638 = ORIENTED_EDGE ( 'NONE', *, *, #964, .T. ) ;
#2639 = CARTESIAN_POINT ( 'NONE',  ( -1.596813521905604549, 22.62636275490048732, -14.91658245023624474 ) ) ;
#2640 = CARTESIAN_POINT ( 'NONE',  ( -4.999999999999997335, 4.000000000000000000, 6.123233995736762338E-16 ) ) ;
#2641 = CARTESIAN_POINT ( 'NONE',  ( 14.99999999999999467, 22.55000000000000071, 5.663203435596420476 ) ) ;
#2642 = EDGE_CURVE ( 'NONE', #1781, #697, #640, .T. ) ;
#2643 = LINE ( 'NONE', #2658, #95 ) ;
#2644 = EDGE_CURVE ( 'NONE', #247, #2483, #1835, .T. ) ;
#2645 = ORIENTED_EDGE ( 'NONE', *, *, #539, .T. ) ;
#2646 = ORIENTED_EDGE ( 'NONE', *, *, #2830, .F. ) ;
#2647 = LINE ( 'NONE', #578, #1036 ) ;
#2648 = CARTESIAN_POINT ( 'NONE',  ( 2.292742284894861093, 22.55000000000000071, -14.99999999999999822 ) ) ;
#2649 = DIRECTION ( 'NONE',  ( 0.000000000000000000, 1.000000000000000000, -0.000000000000000000 ) ) ;
#2650 = CARTESIAN_POINT ( 'NONE',  ( -10.60660171779821148, 22.55000000000000071, -10.60660171779820615 ) ) ;
#2651 = ORIENTED_EDGE ( 'NONE', *, *, #2410, .T. ) ;
#2652 = CARTESIAN_POINT ( 'NONE',  ( 0.9051403561810201781, 22.66806967514194682, 14.97949177386577801 ) ) ;
#2653 = EDGE_LOOP ( 'NONE', ( #1638, #2571, #2451, #1834, #1331, #1346, #836 ) ) ;
#2654 = DIRECTION ( 'NONE',  ( -0.1803278688524607987, -0.000000000000000000, -0.9836065573770489401 ) ) ;
#2655 = CARTESIAN_POINT ( 'NONE',  ( -12.55114536606122222, 22.55000000000000071, -8.662058069535200744 ) ) ;
#2656 = EDGE_CURVE ( 'NONE', #1486, #2400, #1632, .T. ) ;
#2657 = DIRECTION ( 'NONE',  ( 0.000000000000000000, 0.000000000000000000, -1.000000000000000000 ) ) ;
#2658 = CARTESIAN_POINT ( 'NONE',  ( 1.530808498934189352E-15, 28.04999999999999716, -12.49999999999998224 ) ) ;
#2659 = ORIENTED_EDGE ( 'NONE', *, *, #2595, .F. ) ;
#2660 = ORIENTED_EDGE ( 'NONE', *, *, #598, .T. ) ;
#2661 = EDGE_CURVE ( 'NONE', #2496, #1518, #2502, .T. ) ;
#2662 = DIRECTION ( 'NONE',  ( 0.000000000000000000, 1.000000000000000000, -0.000000000000000000 ) ) ;
#2663 = CARTESIAN_POINT ( 'NONE',  ( -2.600000000000000977, 0.000000000000000000, -4.329999999999997407 ) ) ;
#2664 = CARTESIAN_POINT ( 'NONE',  ( 1.653273178848925881E-15, 29.05000000000000071, -13.49999999999999289 ) ) ;
#2665 = CIRCLE ( 'NONE', #1271, 15.25000000000000000 ) ;
#2666 = ORIENTED_EDGE ( 'NONE', *, *, #173, .T. ) ;
#2667 = CARTESIAN_POINT ( 'NONE',  ( -2.600000000000000089, 28.29999999999999716, -7.088194410426394754 ) ) ;
#2668 = AXIS2_PLACEMENT_3D ( 'NONE', #1559, #1342, #2266 ) ;
#2669 = ORIENTED_EDGE ( 'NONE', *, *, #710, .T. ) ;
#2670 = CARTESIAN_POINT ( 'NONE',  ( 4.999999999999999112, 4.000000000000000000, -6.123233995736766282E-16 ) ) ;
#2671 = DIRECTION ( 'NONE',  ( -0.000000000000000000, 1.000000000000000000, -0.000000000000000000 ) ) ;
#2672 = AXIS2_PLACEMENT_3D ( 'NONE', #504, #1438, #2362 ) ;
#2673 = DIRECTION ( 'NONE',  ( -0.000000000000000000, -1.000000000000000000, -0.000000000000000000 ) ) ;
#2674 = VERTEX_POINT ( 'NONE', #1614 ) ;
#2675 = ORIENTED_EDGE ( 'NONE', *, *, #1722, .F. ) ;
#2676 = CARTESIAN_POINT ( 'NONE',  ( -10.60660171779820971, 22.55000000000000071, 10.60660171779821681 ) ) ;
#2677 = CARTESIAN_POINT ( 'NONE',  ( 11.66642424429450386, 22.73881760106624839, 9.431100602213012607 ) ) ;
#2678 = CARTESIAN_POINT ( 'NONE',  ( 0.000000000000000000, 22.55000000000000071, 0.000000000000000000 ) ) ;
#2679 = EDGE_CURVE ( 'NONE', #2215, #1403, #2285, .T. ) ;
#2680 = VERTEX_POINT ( 'NONE', #1159 ) ;
#2681 = AXIS2_PLACEMENT_3D ( 'NONE', #2925, #854, #837 ) ;
#2682 = CARTESIAN_POINT ( 'NONE',  ( 14.99999999999999467, 22.55000000000000071, 5.663203435596420476 ) ) ;
#2683 = ADVANCED_FACE ( 'NONE', ( #2491 ), #2992, .F. ) ;
#2684 = CIRCLE ( 'NONE', #1825, 3.750000000000000000 ) ;
#2685 = VERTEX_POINT ( 'NONE', #2072 ) ;
#2686 = CARTESIAN_POINT ( 'NONE',  ( 8.662058069538732141, 22.55000000000000071, 12.55114536605768727 ) ) ;
#2687 = FACE_OUTER_BOUND ( 'NONE', #2525, .T. ) ;
#2688 = CARTESIAN_POINT ( 'NONE',  ( -2.704918032786895132, 22.80000000000000071, -14.75409836065573543 ) ) ;
#2689 = VECTOR ( 'NONE', #2234, 1000.000000000000000 ) ;
#2690 = ORIENTED_EDGE ( 'NONE', *, *, #1390, .T. ) ;
#2691 =( BOUNDED_SURFACE ( )  B_SPLINE_SURFACE ( 3, 2, ( 
 ( #2411, #1218, #2996 ),
 ( #2854, #694, #327 ),
 ( #1401, #309, #2648 ),
 ( #800, #1262, #2150 ),
 ( #783, #64, #534 ),
 ( #2324, #2134, #48 ),
 ( #989, #1626, #2180 ),
 ( #1712, #1913, #1733 ) ),
 .UNSPECIFIED., .F., .F., .F. ) 
 B_SPLINE_SURFACE_WITH_KNOTS ( ( 4, 2, 2, 4 ),
 ( 3, 3 ),
 ( 0.001235652188205479040, 0.001944503121141335448, 0.002653354054077192072, 0.004071055919948904887 ),
 ( 0.000000000000000000, 1.000000000000000000 ),
 .UNSPECIFIED. ) 
 GEOMETRIC_REPRESENTATION_ITEM ( )  RATIONAL_B_SPLINE_SURFACE ( (
 ( 1.000000000000000000, 0.7071067811876237119, 1.000000000000000000),
 ( 1.000000000000000000, 0.7652304032471487494, 1.000000000000000000),
 ( 1.000000000000000000, 0.8101366047346618693, 1.000000000000000000),
 ( 1.000000000000000000, 0.8837265853929054948, 1.000000000000000000),
 ( 1.000000000000000000, 0.9123074770324588467, 1.000000000000000000),
 ( 1.000000000000000000, 0.9795175777393829719, 1.000000000000000000),
 ( 1.000000000000000000, 0.9996742055260562365, 1.000000000000000000),
 ( 1.000000000000000000, 1.000000000000000000, 1.000000000000000000) ) ) 
 REPRESENTATION_ITEM ( '' )  SURFACE ( )  );
#2692 = VERTEX_POINT ( 'NONE', #1596 ) ;
#2693 = CARTESIAN_POINT ( 'NONE',  ( -11.23213109580784419, 22.66806967514194682, -9.952069328249741886 ) ) ;
#2694 = CARTESIAN_POINT ( 'NONE',  ( -4.999999999999997335, 4.000000000000000000, 6.123233995736762338E-16 ) ) ;
#2695 = CARTESIAN_POINT ( 'NONE',  ( 12.08190860392449828, 22.78990841343797058, -8.892635914413018483 ) ) ;
#2696 = ORIENTED_EDGE ( 'NONE', *, *, #2037, .F. ) ;
#2697 = ADVANCED_FACE ( 'NONE', ( #1582 ), #1530, .F. ) ;
#2698 = EDGE_CURVE ( 'NONE', #2932, #56, #1186, .T. ) ;
#2699 = DIRECTION ( 'NONE',  ( 0.000000000000000000, 0.000000000000000000, -1.000000000000000000 ) ) ;
#2700 = ORIENTED_EDGE ( 'NONE', *, *, #1988, .F. ) ;
#2701 = CARTESIAN_POINT ( 'NONE',  ( -15.00000000000080647, 22.57955883425870525, -0.4579479939246095532 ) ) ;
#2702 = CARTESIAN_POINT ( 'NONE',  ( 14.61109127034739430, 22.55000000000000071, -6.602112165249029552 ) ) ;
#2703 = CARTESIAN_POINT ( 'NONE',  ( 2.067165896173160778E-15, 22.55000000000000071, 14.99999999999999822 ) ) ;
#2704 = DIRECTION ( 'NONE',  ( 0.7071067811865479058, 0.000000000000000000, 0.7071067811865472397 ) ) ;
#2705 = ORIENTED_EDGE ( 'NONE', *, *, #3000, .F. ) ;
#2706 = VERTEX_POINT ( 'NONE', #1013 ) ;
#2707 = CARTESIAN_POINT ( 'NONE',  ( -12.34538888465081818, 22.54999999999985505, -8.520057117574978633 ) ) ;
#2708 = CARTESIAN_POINT ( 'NONE',  ( 12.22920610656823648, 22.58814638860089374, 8.688403593579536732 ) ) ;
#2709 = CARTESIAN_POINT ( 'NONE',  ( 11.25729978297642653, 22.55000000000000071, -9.955903652619992883 ) ) ;
#2710 = ORIENTED_EDGE ( 'NONE', *, *, #2294, .F. ) ;
#2711 = DIRECTION ( 'NONE',  ( 3.063148791500395010E-16, 0.000000000000000000, 1.000000000000000000 ) ) ;
#2712 = CIRCLE ( 'NONE', #144, 7.549999999999999822 ) ;
#2713 = VERTEX_POINT ( 'NONE', #40 ) ;
#2714 = CARTESIAN_POINT ( 'NONE',  ( -14.97719685769269482, 22.61007372876488120, -0.9335213545557686787 ) ) ;
#2715 = DIRECTION ( 'NONE',  ( -0.7071067811865473507, 0.000000000000000000, 0.7071067811865477948 ) ) ;
#2716 = CARTESIAN_POINT ( 'NONE',  ( 14.99999999999999467, 22.55000000000000071, 0.000000000000000000 ) ) ;
#2717 = VECTOR ( 'NONE', #1921, 1000.000000000000000 ) ;
#2718 = VERTEX_POINT ( 'NONE', #2145 ) ;
#2719 = AXIS2_PLACEMENT_3D ( 'NONE', #2568, #2131, #1880 ) ;
#2720 = CARTESIAN_POINT ( 'NONE',  ( 9.254020444057520223, 22.75942720414244391, -11.80739576032151739 ) ) ;
#2721 = CARTESIAN_POINT ( 'NONE',  ( 14.75409836065649216, 22.80000000000000071, 2.704918032782767323 ) ) ;
#2722 = ADVANCED_FACE ( 'NONE', ( #2329 ), #1214, .T. ) ;
#2723 = CARTESIAN_POINT ( 'NONE',  ( -8.520057117578970107, 22.55000000000075744, -12.34538888464806128 ) ) ;
#2724 = CARTESIAN_POINT ( 'NONE',  ( 0.000000000000000000, 22.55000000000000071, 0.000000000000000000 ) ) ;
#2725 = ORIENTED_EDGE ( 'NONE', *, *, #912, .T. ) ;
#2726 = CIRCLE ( 'NONE', #111, 0.2500000000000002776 ) ;
#2727 = ORIENTED_EDGE ( 'NONE', *, *, #1192, .T. ) ;
#2728 = CYLINDRICAL_SURFACE ( 'NONE', #983, 1.750000000000000000 ) ;
#2729 = PLANE ( 'NONE',  #1338 ) ;
#2730 = CARTESIAN_POINT ( 'NONE',  ( 2.255720701554006613, 22.80000000000000071, 14.83645120471510204 ) ) ;
#2731 = VECTOR ( 'NONE', #357, 1000.000000000000000 ) ;
#2732 = CARTESIAN_POINT ( 'NONE',  ( 0.000000000000000000, 28.29999999999999716, 0.000000000000000000 ) ) ;
#2733 = EDGE_LOOP ( 'NONE', ( #630, #1503, #1386 ) ) ;
#2734 = ORIENTED_EDGE ( 'NONE', *, *, #1999, .F. ) ;
#2735 = AXIS2_PLACEMENT_3D ( 'NONE', #58, #998, #526 ) ;
#2736 = CARTESIAN_POINT ( 'NONE',  ( 14.79535129401896931, 22.79999998870392020, 2.479902032623439112 ) ) ;
#2737 = EDGE_CURVE ( 'NONE', #1535, #1525, #1707, .T. ) ;
#2738 = EDGE_CURVE ( 'NONE', #1411, #2194, #774, .T. ) ;
#2739 = LINE ( 'NONE', #2552, #2045 ) ;
#2740 = CARTESIAN_POINT ( 'NONE',  ( 14.99999999999999467, 22.55000000000000071, -1.606956047217880990 ) ) ;
#2741 = ORIENTED_EDGE ( 'NONE', *, *, #1623, .F. ) ;
#2742 = CARTESIAN_POINT ( 'NONE',  ( -6.602112165249030440, 0.5500000000000018208, -14.61109127034739430 ) ) ;
#2743 = VERTEX_POINT ( 'NONE', #243 ) ;
#2744 = LINE ( 'NONE', #2067, #626 ) ;
#2745 = DIRECTION ( 'NONE',  ( -0.2705980500730980065, 0.7071067811865483499, -0.6532814824381875107 ) ) ;
#2746 = CARTESIAN_POINT ( 'NONE',  ( 14.61109127034739430, 22.55000000000000071, -6.602112165249029552 ) ) ;
#2747 = SURFACE_STYLE_FILL_AREA ( #1832 ) ;
#2748 = EDGE_CURVE ( 'NONE', #162, #153, #2609, .T. ) ;
#2749 = VERTEX_POINT ( 'NONE', #1423 ) ;
#2750 = ORIENTED_EDGE ( 'NONE', *, *, #614, .T. ) ;
#2751 = CARTESIAN_POINT ( 'NONE',  ( 14.99999999999999467, 22.55000000000000071, 2.292742284894822902 ) ) ;
#2752 = ADVANCED_FACE ( 'NONE', ( #2805 ), #2834, .F. ) ;
#2753 = LINE ( 'NONE', #667, #483 ) ;
#2754 = CARTESIAN_POINT ( 'NONE',  ( 14.99999999999999467, 22.55000000000000071, -2.292742284898998673 ) ) ;
#2755 = ORIENTED_EDGE ( 'NONE', *, *, #907, .T. ) ;
#2756 = CARTESIAN_POINT ( 'NONE',  ( 8.662058069535188309, 22.80000000000000071, -12.55114536606122932 ) ) ;
#2757 = ORIENTED_EDGE ( 'NONE', *, *, #2698, .F. ) ;
#2758 = CARTESIAN_POINT ( 'NONE',  ( -14.83124266121562407, 22.78990841343716411, -2.255156345806357265 ) ) ;
#2759 = CARTESIAN_POINT ( 'NONE',  ( 2.599999999999999645, 0.000000000000000000, -9.529999999999997584 ) ) ;
#2760 = AXIS2_PLACEMENT_3D ( 'NONE', #2476, #782, #2915 ) ;
#2761 = EDGE_LOOP ( 'NONE', ( #1524, #555, #2446, #2619 ) ) ;
#2762 = ORIENTED_EDGE ( 'NONE', *, *, #635, .T. ) ;
#2763 = AXIS2_PLACEMENT_3D ( 'NONE', #1372, #192, #1136 ) ;
#2764 = CARTESIAN_POINT ( 'NONE',  ( 14.99999999999999645, 22.55000000000000071, -9.184850993605203165E-16 ) ) ;
#2765 = VECTOR ( 'NONE', #1305, 1000.000000000000000 ) ;
#2766 = CARTESIAN_POINT ( 'NONE',  ( -9.431100602216034190, 22.73881760106594996, -11.66642424429204361 ) ) ;
#2767 = CARTESIAN_POINT ( 'NONE',  ( 14.89267021950864667, 22.75942720414164100, -1.805509001044691031 ) ) ;
#2768 = ORIENTED_EDGE ( 'NONE', *, *, #2378, .F. ) ;
#2769 = ADVANCED_FACE ( 'NONE', ( #1203 ), #1658, .T. ) ;
#2770 = CARTESIAN_POINT ( 'NONE',  ( 5.663203435596419588, 22.55000000000000071, -15.00000000000000000 ) ) ;
#2771 = CARTESIAN_POINT ( 'NONE',  ( 8.520057117579062478, 22.80000000000000071, 12.34538888464799911 ) ) ;
#2772 = CARTESIAN_POINT ( 'NONE',  ( 0.000000000000000000, 22.80000000000000071, 0.000000000000000000 ) ) ;
#2773 = ORIENTED_EDGE ( 'NONE', *, *, #2698, .T. ) ;
#2774 = LINE ( 'NONE', #96, #2187 ) ;
#2775 = CARTESIAN_POINT ( 'NONE',  ( 0.000000000000000000, 28.29999999999999716, 0.000000000000000000 ) ) ;
#2776 = VECTOR ( 'NONE', #1537, 1000.000000000000000 ) ;
#2777 = ORIENTED_EDGE ( 'NONE', *, *, #2874, .F. ) ;
#2778 = CARTESIAN_POINT ( 'NONE',  ( -5.663203435596430246, 22.55000000000000071, -14.99999999999999645 ) ) ;
#2779 = VERTEX_POINT ( 'NONE', #955 ) ;
#2780 = CARTESIAN_POINT ( 'NONE',  ( 14.91658245023671903, 22.62636275490083193, 1.596813521901978339 ) ) ;
#2781 = AXIS2_PLACEMENT_3D ( 'NONE', #2786, #2544, #2050 ) ;
#2782 = DIRECTION ( 'NONE',  ( -1.000000000000000000, 0.000000000000000000, 3.063148791500394517E-16 ) ) ;
#2783 = DIRECTION ( 'NONE',  ( -0.7071067811865473507, 0.000000000000000000, 0.7071067811865477948 ) ) ;
#2784 = EDGE_CURVE ( 'NONE', #207, #1859, #271, .T. ) ;
#2785 = EDGE_LOOP ( 'NONE', ( #1783, #227, #612, #1494, #2859, #2529, #786 ) ) ;
#2786 = CARTESIAN_POINT ( 'NONE',  ( 6.602112165249020670, 0.5500000000000018208, -14.61109127034739785 ) ) ;
#2787 = EDGE_CURVE ( 'NONE', #2685, #1034, #289, .T. ) ;
#2788 = ADVANCED_FACE ( 'NONE', ( #500 ), #396, .F. ) ;
#2789 = ORIENTED_EDGE ( 'NONE', *, *, #2388, .T. ) ;
#2790 = LINE ( 'NONE', #1639, #1718 ) ;
#2791 = DIRECTION ( 'NONE',  ( 1.000000000000000000, 0.000000000000000000, 0.000000000000000000 ) ) ;
#2792 = VERTEX_POINT ( 'NONE', #792 ) ;
#2793 = CARTESIAN_POINT ( 'NONE',  ( -6.602112165249030440, 22.55000000000000071, -14.61109127034739430 ) ) ;
#2794 = CARTESIAN_POINT ( 'NONE',  ( 14.99999999999999467, 22.55000000000000071, -5.663203435596428470 ) ) ;
#2795 = DIRECTION ( 'NONE',  ( -0.000000000000000000, -1.000000000000000000, -0.000000000000000000 ) ) ;
#2796 = DIRECTION ( 'NONE',  ( 0.000000000000000000, 0.000000000000000000, 1.000000000000000000 ) ) ;
#2797 = LINE ( 'NONE', #186, #1177 ) ;
#2798 = ORIENTED_EDGE ( 'NONE', *, *, #1927, .T. ) ;
#2799 = DIRECTION ( 'NONE',  ( 0.000000000000000000, 1.000000000000000000, -0.000000000000000000 ) ) ;
#2800 = PLANE ( 'NONE',  #2445 ) ;
#2801 = ORIENTED_EDGE ( 'NONE', *, *, #2679, .T. ) ;
#2802 = DIRECTION ( 'NONE',  ( 0.000000000000000000, -1.000000000000000000, 0.000000000000000000 ) ) ;
#2803 = VERTEX_POINT ( 'NONE', #107 ) ;
#2804 = CARTESIAN_POINT ( 'NONE',  ( 9.930378181050651065, 22.61007372876567700, -11.25057674142988517 ) ) ;
#2805 = FACE_OUTER_BOUND ( 'NONE', #6, .T. ) ;
#2806 = AXIS2_PLACEMENT_3D ( 'NONE', #1030, #1015, #336 ) ;
#2807 = CARTESIAN_POINT ( 'NONE',  ( -9.953555757388297565, 22.66783071135837702, -11.23082204274522766 ) ) ;
#2808 = EDGE_CURVE ( 'NONE', #1948, #117, #1538, .T. ) ;
#2809 = LINE ( 'NONE', #1694, #1665 ) ;
#2810 = AXIS2_PLACEMENT_3D ( 'NONE', #2670, #1299, #1770 ) ;
#2811 = VERTEX_POINT ( 'NONE', #2688 ) ;
#2812 = CIRCLE ( 'NONE', #2957, 2.100000000000000089 ) ;
#2813 = CARTESIAN_POINT ( 'NONE',  ( -12.34538888465038475, 22.80000000000000071, -8.520057117575605687 ) ) ;
#2814 = ORIENTED_EDGE ( 'NONE', *, *, #60, .T. ) ;
#2815 = CARTESIAN_POINT ( 'NONE',  ( 14.61109127034739430, 22.55000000000000071, -6.602112165249029552 ) ) ;
#2816 = EDGE_LOOP ( 'NONE', ( #805, #876 ) ) ;
#2817 = CARTESIAN_POINT ( 'NONE',  ( -2.292742284899039529, 22.55000000000000071, -14.99999999999999822 ) ) ;
#2818 = CARTESIAN_POINT ( 'NONE',  ( 14.83644853243308503, 22.79999999999969873, 2.255735277636877090 ) ) ;
#2819 = CARTESIAN_POINT ( 'NONE',  ( -11.25729978297654732, 22.55000000000014282, 9.955903652619706889 ) ) ;
#2820 = EDGE_CURVE ( 'NONE', #379, #1298, #859, .T. ) ;
#2821 = EDGE_CURVE ( 'NONE', #2019, #2301, #2093, .T. ) ;
#2822 = VECTOR ( 'NONE', #312, 1000.000000000000114 ) ;
#2823 = CARTESIAN_POINT ( 'NONE',  ( -15.00000000000000000, 22.55000000000000071, 4.594723187250591036E-15 ) ) ;
#2824 = EDGE_CURVE ( 'NONE', #2400, #1221, #1986, .T. ) ;
#2825 = CIRCLE ( 'NONE', #1196, 15.00000000000000000 ) ;
#2826 = CARTESIAN_POINT ( 'NONE',  ( -14.61109127034740141, 0.5500000000000018208, -6.602112165249019782 ) ) ;
#2827 = DIRECTION ( 'NONE',  ( -0.000000000000000000, -1.000000000000000000, -0.000000000000000000 ) ) ;
#2828 = ORIENTED_EDGE ( 'NONE', *, *, #2005, .F. ) ;
#2829 = FACE_OUTER_BOUND ( 'NONE', #722, .T. ) ;
#2830 = EDGE_CURVE ( 'NONE', #2674, #2500, #2866, .T. ) ;
#2831 = ORIENTED_EDGE ( 'NONE', *, *, #231, .T. ) ;
#2832 = CARTESIAN_POINT ( 'NONE',  ( 14.61109127034739430, 0.5499999999999983791, -6.602112165249029552 ) ) ;
#2833 = DIRECTION ( 'NONE',  ( 0.000000000000000000, 0.000000000000000000, 1.000000000000000000 ) ) ;
#2834 = PLANE ( 'NONE',  #2478 ) ;
#2835 = DIRECTION ( 'NONE',  ( 0.000000000000000000, 0.000000000000000000, 1.000000000000000000 ) ) ;
#2836 = EDGE_CURVE ( 'NONE', #313, #687, #2895, .T. ) ;
#2837 = CARTESIAN_POINT ( 'NONE',  ( -2.749999999995010658, 22.55000000000000071, 14.99999999999999645 ) ) ;
#2838 = CARTESIAN_POINT ( 'NONE',  ( -14.79098366518806174, 22.58814638860084401, 2.503725467776614977 ) ) ;
#2839 = FACE_BOUND ( 'NONE', #102, .T. ) ;
#2840 = DIRECTION ( 'NONE',  ( 0.000000000000000000, 0.000000000000000000, 1.000000000000000000 ) ) ;
#2841 = LINE ( 'NONE', #2398, #2822 ) ;
#2842 = VERTEX_POINT ( 'NONE', #606 ) ;
#2843 = DIRECTION ( 'NONE',  ( 0.000000000000000000, 0.000000000000000000, 1.000000000000000000 ) ) ;
#2844 = CARTESIAN_POINT ( 'NONE',  ( -14.97962116449610370, 22.66782379189046281, 0.9031051578408335612 ) ) ;
#2845 = ORIENTED_EDGE ( 'NONE', *, *, #1149, .T. ) ;
#2846 = CARTESIAN_POINT ( 'NONE',  ( -15.00000000000000355, 22.55000000000000071, -5.663203435596418700 ) ) ;
#2847 = PLANE ( 'NONE',  #1054 ) ;
#2848 = CARTESIAN_POINT ( 'NONE',  ( -10.60660171779820971, 22.55000000000000071, 10.60660171779821681 ) ) ;
#2849 = LINE ( 'NONE', #1677, #746 ) ;
#2850 = DIRECTION ( 'NONE',  ( -0.7071067811865475727, 0.000000000000000000, 0.7071067811865475727 ) ) ;
#2851 = CARTESIAN_POINT ( 'NONE',  ( 0.000000000000000000, 22.55000000000000071, 0.000000000000000000 ) ) ;
#2852 = CARTESIAN_POINT ( 'NONE',  ( 5.000000000000000000, 4.000000000000000000, 3.749999999999999556 ) ) ;
#2853 = CIRCLE ( 'NONE', #1552, 2.100000000000000089 ) ;
#2854 = CARTESIAN_POINT ( 'NONE',  ( 2.479902032623380936, 22.79999998870392020, -14.79535129401898175 ) ) ;
#2855 = AXIS2_PLACEMENT_3D ( 'NONE', #703, #2306, #459 ) ;
#2856 = AXIS2_PLACEMENT_3D ( 'NONE', #2826, #1942, #464 ) ;
#2857 = PLANE ( 'NONE',  #2613 ) ;
#2858 = CARTESIAN_POINT ( 'NONE',  ( -14.61109127034739785, 22.55000000000000071, 6.602112165249030440 ) ) ;
#2859 = ORIENTED_EDGE ( 'NONE', *, *, #1192, .F. ) ;
#2860 = PLANE ( 'NONE',  #1385 ) ;
#2861 = EDGE_CURVE ( 'NONE', #1298, #2205, #1048, .T. ) ;
#2862 = ADVANCED_FACE ( 'NONE', ( #2882 ), #2222, .F. ) ;
#2863 = ORIENTED_EDGE ( 'NONE', *, *, #1337, .T. ) ;
#2864 = DIRECTION ( 'NONE',  ( 0.000000000000000000, 0.000000000000000000, 1.000000000000000000 ) ) ;
#2865 = DIRECTION ( 'NONE',  ( 3.063148791500394517E-16, -0.000000000000000000, 1.000000000000000000 ) ) ;
#2866 = LINE ( 'NONE', #2641, #532 ) ;
#2867 = ORIENTED_EDGE ( 'NONE', *, *, #1364, .T. ) ;
#2868 = VERTEX_POINT ( 'NONE', #137 ) ;
#2869 = CARTESIAN_POINT ( 'NONE',  ( -11.25057674142877495, 22.61007372876644084, -9.930378181051366937 ) ) ;
#2870 = CIRCLE ( 'NONE', #700, 15.00000000000000000 ) ;
#2871 = CARTESIAN_POINT ( 'NONE',  ( -4.594723187250591036E-15, 22.55000000000000071, -14.99999999999999822 ) ) ;
#2872 = CARTESIAN_POINT ( 'NONE',  ( 10.28014750672274680, 22.55000000000081073, 10.93305592887367794 ) ) ;
#2873 = CIRCLE ( 'NONE', #2681, 3.750000000000000000 ) ;
#2874 = EDGE_CURVE ( 'NONE', #2500, #2779, #1313, .T. ) ;
#2875 = CIRCLE ( 'NONE', #1571, 7.549999999999999822 ) ;
#2876 = ORIENTED_EDGE ( 'NONE', *, *, #1440, .F. ) ;
#2877 = CARTESIAN_POINT ( 'NONE',  ( 1.580612505461478134, 22.73881760106624839, 14.91820288521723725 ) ) ;
#2878 = EDGE_CURVE ( 'NONE', #373, #2973, #2176, .T. ) ;
#2879 = ORIENTED_EDGE ( 'NONE', *, *, #1303, .F. ) ;
#2880 = CARTESIAN_POINT ( 'NONE',  ( -2.255156345810430452, 22.78990841343744123, -14.83124266121501478 ) ) ;
#2881 = DIRECTION ( 'NONE',  ( 0.000000000000000000, 0.000000000000000000, -1.000000000000000000 ) ) ;
#2882 = FACE_OUTER_BOUND ( 'NONE', #1993, .T. ) ;
#2883 = ORIENTED_EDGE ( 'NONE', *, *, #1987, .T. ) ;
#2884 = EDGE_LOOP ( 'NONE', ( #1716, #219, #601, #148 ) ) ;
#2885 = CARTESIAN_POINT ( 'NONE',  ( -11.25729978297761313, 22.55000000000000071, -9.955903652618806277 ) ) ;
#2886 = CARTESIAN_POINT ( 'NONE',  ( 10.93041984973311465, 22.57955883425570320, 10.28278358586169894 ) ) ;
#2887 = CARTESIAN_POINT ( 'NONE',  ( 2.599999999999999645, 28.16598298929808308, -7.119264340212360764 ) ) ;
#2888 = FACE_OUTER_BOUND ( 'NONE', #2558, .T. ) ;
#2889 = DIRECTION ( 'NONE',  ( 8.659560562354978464E-17, 0.7071067811865439090, -0.7071067811865512365 ) ) ;
#2890 = ORIENTED_EDGE ( 'NONE', *, *, #795, .T. ) ;
#2891 = CARTESIAN_POINT ( 'NONE',  ( 0.4616759727981469830, 22.55000000000081073, 14.99999999999999822 ) ) ;
#2892 = ORIENTED_EDGE ( 'NONE', *, *, #1532, .F. ) ;
#2893 = DIRECTION ( 'NONE',  ( 0.9238795325112868495, 0.000000000000000000, 0.3826834323650895597 ) ) ;
#2894 = CARTESIAN_POINT ( 'NONE',  ( -7.071067811865479946, 6.499999999999999112, -7.071067811865474617 ) ) ;
#2895 = LINE ( 'NONE', #1301, #1 ) ;
#2896 = DIRECTION ( 'NONE',  ( 1.000000000000000000, 0.000000000000000000, 0.000000000000000000 ) ) ;
#2897 = ORIENTED_EDGE ( 'NONE', *, *, #1134, .F. ) ;
#2898 = ORIENTED_EDGE ( 'NONE', *, *, #2738, .F. ) ;
#2899 = CARTESIAN_POINT ( 'NONE',  ( 5.922181912621921285, 0.000000000000000000, 14.29741189229248555 ) ) ;
#2900 = ADVANCED_FACE ( 'NONE', ( #1506 ), #1066, .F. ) ;
#2901 = ADVANCED_FACE ( 'NONE', ( #822 ), #122, .F. ) ;
#2902 = CARTESIAN_POINT ( 'NONE',  ( 12.55114536606179598, 22.55000000000000071, 8.662058069534623428 ) ) ;
#2903 = CARTESIAN_POINT ( 'NONE',  ( 2.297361593625294335E-15, 22.55000000000000071, 15.00000000000000000 ) ) ;
#2904 = CIRCLE ( 'NONE', #424, 2.100000000000000089 ) ;
#2905 = EDGE_LOOP ( 'NONE', ( #294, #1531, #2358, #1789 ) ) ;
#2906 = AXIS2_PLACEMENT_3D ( 'NONE', #375, #85, #105 ) ;
#2907 = CYLINDRICAL_SURFACE ( 'NONE', #115, 1.750000000000000000 ) ;
#2908 = AXIS2_PLACEMENT_3D ( 'NONE', #1247, #75, #1233 ) ;
#2909 = ADVANCED_FACE ( 'NONE', ( #2940 ), #433, .T. ) ;
#2910 = ORIENTED_EDGE ( 'NONE', *, *, #2965, .T. ) ;
#2911 = CARTESIAN_POINT ( 'NONE',  ( 4.999999999999999112, 4.000000000000000000, -6.123233995736766282E-16 ) ) ;
#2912 = DIRECTION ( 'NONE',  ( -0.9238795325112868495, 0.000000000000000000, 0.3826834323650895597 ) ) ;
#2913 = VECTOR ( 'NONE', #1344, 1000.000000000000000 ) ;
#2914 = CARTESIAN_POINT ( 'NONE',  ( -0.4579479939246198228, 22.57955883425734456, 14.99999999999959499 ) ) ;
#2915 = DIRECTION ( 'NONE',  ( -0.8230259256431987636, 0.000000000000000000, 0.5680038078386058231 ) ) ;
#2916 = ORIENTED_EDGE ( 'NONE', *, *, #264, .T. ) ;
#2917 = EDGE_LOOP ( 'NONE', ( #454, #593, #444, #1008 ) ) ;
#2918 = DIRECTION ( 'NONE',  ( -0.000000000000000000, -1.000000000000000000, 0.000000000000000000 ) ) ;
#2919 = ADVANCED_FACE ( 'NONE', ( #678 ), #1109, .F. ) ;
#2920 = EDGE_CURVE ( 'NONE', #2674, #2561, #2228, .T. ) ;
#2921 = DIRECTION ( 'NONE',  ( -0.7002145072825536332, 0.7002145072825535221, -0.1392813253171482080 ) ) ;
#2922 = DIRECTION ( 'NONE',  ( 0.000000000000000000, 0.000000000000000000, 1.000000000000000000 ) ) ;
#2923 = VERTEX_POINT ( 'NONE', #405 ) ;
#2924 = AXIS2_PLACEMENT_3D ( 'NONE', #176, #2264, #1116 ) ;
#2925 = CARTESIAN_POINT ( 'NONE',  ( -4.999999999999997335, 4.000000000000000000, 6.123233995736762338E-16 ) ) ;
#2926 = ORIENTED_EDGE ( 'NONE', *, *, #628, .F. ) ;
#2927 = CARTESIAN_POINT ( 'NONE',  ( 8.895907654629882089, 22.79999999999969873, 12.08599907738738466 ) ) ;
#2928 = DIRECTION ( 'NONE',  ( 0.7071067811865473507, 0.000000000000000000, -0.7071067811865477948 ) ) ;
#2929 = DIRECTION ( 'NONE',  ( 0.8230259256433573034, 0.000000000000000000, 0.5680038078383761180 ) ) ;
#2930 = AXIS2_PLACEMENT_3D ( 'NONE', #662, #2081, #453 ) ;
#2931 = EDGE_LOOP ( 'NONE', ( #1828, #771, #719, #2210 ) ) ;
#2932 = VERTEX_POINT ( 'NONE', #2069 ) ;
#2933 = LINE ( 'NONE', #2421, #2047 ) ;
#2934 = CARTESIAN_POINT ( 'NONE',  ( 0.000000000000000000, 38.04999999999999716, 0.000000000000000000 ) ) ;
#2935 = EDGE_LOOP ( 'NONE', ( #2510, #90, #1842, #1179 ) ) ;
#2936 = EDGE_LOOP ( 'NONE', ( #2142, #1238, #1253, #1273 ) ) ;
#2937 = FACE_OUTER_BOUND ( 'NONE', #704, .T. ) ;
#2938 = DIRECTION ( 'NONE',  ( 0.7071067811865473507, 0.000000000000000000, -0.7071067811865477948 ) ) ;
#2939 = EDGE_CURVE ( 'NONE', #392, #2718, #1831, .T. ) ;
#2940 = FACE_OUTER_BOUND ( 'NONE', #1969, .T. ) ;
#2941 = FACE_OUTER_BOUND ( 'NONE', #2653, .T. ) ;
#2942 = ORIENTED_EDGE ( 'NONE', *, *, #1701, .F. ) ;
#2943 = EDGE_LOOP ( 'NONE', ( #493, #2604, #1819 ) ) ;
#2944 = CARTESIAN_POINT ( 'NONE',  ( 14.99999999999999645, 22.55000000000000071, 0.000000000000000000 ) ) ;
#2945 = CARTESIAN_POINT ( 'NONE',  ( -15.00000000000000355, 0.5500000000000018208, -5.663203435596418700 ) ) ;
#2946 = CARTESIAN_POINT ( 'NONE',  ( 10.60660171779820615, 22.55000000000000071, -10.60660171779821503 ) ) ;
#2947 = ORIENTED_EDGE ( 'NONE', *, *, #372, .T. ) ;
#2948 = CIRCLE ( 'NONE', #2760, 0.2500000000000001110 ) ;
#2949 = EDGE_CURVE ( 'NONE', #2026, #1079, #1232, .T. ) ;
#2950 = EDGE_CURVE ( 'NONE', #2483, #2932, #633, .T. ) ;
#2951 = VERTEX_POINT ( 'NONE', #1561 ) ;
#2952 = DIRECTION ( 'NONE',  ( 1.000000000000000000, 0.000000000000000000, 0.000000000000000000 ) ) ;
#2953 = CARTESIAN_POINT ( 'NONE',  ( -14.75409836065573899, 22.80000000000000071, 2.704918032786874260 ) ) ;
#2954 = DIRECTION ( 'NONE',  ( 0.000000000000000000, 0.000000000000000000, 1.000000000000000000 ) ) ;
#2955 = VECTOR ( 'NONE', #1355, 1000.000000000000000 ) ;
#2956 = EDGE_LOOP ( 'NONE', ( #2890, #712, #2158, #1890 ) ) ;
#2957 = AXIS2_PLACEMENT_3D ( 'NONE', #549, #1662, #2850 ) ;
#2958 = CARTESIAN_POINT ( 'NONE',  ( 8.520057117574941330, 22.80000000000000071, -12.34538888465084128 ) ) ;
#2959 = CARTESIAN_POINT ( 'NONE',  ( -12.34538888464805240, 22.55000000000075744, 8.520057117578978989 ) ) ;
#2960 = CARTESIAN_POINT ( 'NONE',  ( -10.28551015708674932, 22.60910839274287554, -10.92769327850967720 ) ) ;
#2961 = CARTESIAN_POINT ( 'NONE',  ( 14.97719685769367004, 22.61007372876263943, -0.9335213545570358873 ) ) ;
#2962 = EDGE_CURVE ( 'NONE', #1934, #1489, #418, .T. ) ;
#2963 = ORIENTED_EDGE ( 'NONE', *, *, #1133, .F. ) ;
#2964 = FACE_OUTER_BOUND ( 'NONE', #2816, .T. ) ;
#2965 = EDGE_CURVE ( 'NONE', #1557, #2743, #2314, .T. ) ;
#2966 = VECTOR ( 'NONE', #1014, 1000.000000000000000 ) ;
#2967 = VERTEX_POINT ( 'NONE', #2970 ) ;
#2968 = LINE ( 'NONE', #649, #2955 ) ;
#2969 = FACE_OUTER_BOUND ( 'NONE', #1095, .T. ) ;
#2970 = CARTESIAN_POINT ( 'NONE',  ( 6.602112165249028664, 0.5500000000000018208, 14.61109127034739430 ) ) ;
#2971 = EDGE_CURVE ( 'NONE', #2718, #1294, #2279, .T. ) ;
#2972 = CIRCLE ( 'NONE', #2399, 15.25000000000000000 ) ;
#2973 = VERTEX_POINT ( 'NONE', #2298 ) ;
#2974 = VERTEX_POINT ( 'NONE', #165 ) ;
#2975 = CARTESIAN_POINT ( 'NONE',  ( 14.79098366518822161, 22.58814638860196666, 2.503725467772286883 ) ) ;
#2976 = CARTESIAN_POINT ( 'NONE',  ( -8.823820654786198148, 22.55000000000000071, -12.38938278080961908 ) ) ;
#2977 = DIRECTION ( 'NONE',  ( 0.000000000000000000, 0.7071067811865439090, 0.7071067811865512365 ) ) ;
#2978 = ORIENTED_EDGE ( 'NONE', *, *, #174, .F. ) ;
#2979 = CARTESIAN_POINT ( 'NONE',  ( 0.4526015392826998052, 22.60891435840871111, -15.00000000000000178 ) ) ;
#2980 = ORIENTED_EDGE ( 'NONE', *, *, #1763, .F. ) ;
#2981 = FACE_OUTER_BOUND ( 'NONE', #2995, .T. ) ;
#2982 = DIRECTION ( 'NONE',  ( 0.000000000000000000, 0.000000000000000000, 1.000000000000000000 ) ) ;
#2983 = CARTESIAN_POINT ( 'NONE',  ( 0.4509801073928050852, 22.60870329942549972, 15.00000000000000000 ) ) ;
#2984 = ORIENTED_EDGE ( 'NONE', *, *, #5, .F. ) ;
#2985 = ORIENTED_EDGE ( 'NONE', *, *, #2820, .T. ) ;
#2986 = CARTESIAN_POINT ( 'NONE',  ( -12.21544877398430096, 22.79999998870392020, 8.708337686091656593 ) ) ;
#2987 = EDGE_CURVE ( 'NONE', #509, #414, #1606, .T. ) ;
#2988 = CARTESIAN_POINT ( 'NONE',  ( -10.28014750672273792, 22.55000000000081073, -10.93305592887368682 ) ) ;
#2989 = FACE_OUTER_BOUND ( 'NONE', #1952, .T. ) ;
#2990 = EDGE_CURVE ( 'NONE', #1221, #2974, #1573, .T. ) ;
#2991 = ORIENTED_EDGE ( 'NONE', *, *, #130, .T. ) ;
#2992 =( BOUNDED_SURFACE ( )  B_SPLINE_SURFACE ( 3, 2, ( 
 ( #2721, #1377, #170 ),
 ( #2736, #2975, #1564 ),
 ( #701, #2302, #2751 ),
 ( #2085, #410, #3005 ),
 ( #1866, #2780, #183 ),
 ( #1112, #654, #2551 ),
 ( #666, #1348, #2537 ),
 ( #2764, #2032, #2944 ) ),
 .UNSPECIFIED., .F., .F., .F. ) 
 B_SPLINE_SURFACE_WITH_KNOTS ( ( 4, 2, 2, 4 ),
 ( 3, 3 ),
 ( 0.001235652188205445864, 0.001944503121141289261, 0.002653354054077132658, 0.004071055919948819886 ),
 ( 0.000000000000000000, 1.000000000000000000 ),
 .UNSPECIFIED. ) 
 GEOMETRIC_REPRESENTATION_ITEM ( )  RATIONAL_B_SPLINE_SURFACE ( (
 ( 1.000000000000000000, 0.7071067811876237119, 1.000000000000000000),
 ( 1.000000000000000000, 0.7652304032474364082, 1.000000000000000000),
 ( 1.000000000000000000, 0.8101366047342792864, 1.000000000000000000),
 ( 1.000000000000000000, 0.8837265853932914084, 1.000000000000000000),
 ( 1.000000000000000000, 0.9123074770317975979, 1.000000000000000000),
 ( 1.000000000000000000, 0.9795175777407214568, 1.000000000000000000),
 ( 1.000000000000000000, 0.9996742055250559256, 1.000000000000000000),
 ( 1.000000000000000000, 1.000000000000000000, 1.000000000000000000) ) ) 
 REPRESENTATION_ITEM ( '' )  SURFACE ( )  );
#2993 = DIRECTION ( 'NONE',  ( -0.7071067811865476838, 0.000000000000000000, -0.7071067811865474617 ) ) ;
#2994 = LINE ( 'NONE', #7, #1430 ) ;
#2995 = EDGE_LOOP ( 'NONE', ( #2178, #2367, #474 ) ) ;
#2996 = CARTESIAN_POINT ( 'NONE',  ( 2.749999999995790034, 22.55000000000000071, -14.99999999999999822 ) ) ;
#2997 = FACE_OUTER_BOUND ( 'NONE', #2232, .T. ) ;
#2998 = CARTESIAN_POINT ( 'NONE',  ( 14.75409836065573188, 22.80000000000000071, -2.704918032786914672 ) ) ;
#2999 = CIRCLE ( 'NONE', #1412, 15.00000000000000000 ) ;
#3000 = EDGE_CURVE ( 'NONE', #187, #1371, #2513, .T. ) ;
#3001 = CARTESIAN_POINT ( 'NONE',  ( 4.999999999999999112, 38.04999999999999716, -1.750000000000000666 ) ) ;
#3002 = ORIENTED_EDGE ( 'NONE', *, *, #2294, .T. ) ;
#3003 = EDGE_LOOP ( 'NONE', ( #547, #1738, #2542, #588, #1964, #1469, #2762, #564, #1420, #1652, #2801, #2254, #1115, #1031, #1439, #939 ) ) ;
#3004 = VECTOR ( 'NONE', #1461, 1000.000000000000114 ) ;
#3005 = CARTESIAN_POINT ( 'NONE',  ( 14.99999999999999467, 22.55000000000000071, 1.835600817733664014 ) ) ;
ENDSEC;
END-ISO-10303-21;
