ISO-10303-21;
HEADER;
/* Generated by software containing ST-Developer
 * from STEP Tools, Inc. (www.steptools.com) 
 */

FILE_DESCRIPTION(
/* description */ (''),
/* implementation_level */ '2;1');

FILE_NAME(
/* name */ 'battery_pack_cover_rear.stp',
/* time_stamp */ '2026-05-20T15:20:06-07:00',
/* author */ ('aaron'),
/* organization */ (''),
/* preprocessor_version */ 'ST-DEVELOPER v20.1',
/* originating_system */ 'Autodesk Inventor 2026',
/* authorisation */ '');

FILE_SCHEMA (('AUTOMOTIVE_DESIGN { 1 0 10303 214 3 1 1 }'));
ENDSEC;

DATA;
#10=MECHANICAL_DESIGN_GEOMETRIC_PRESENTATION_REPRESENTATION('',(#130,#131,
#132,#133),#2340);
#11=SHAPE_REPRESENTATION_RELATIONSHIP('SRR','None',#2347,#12);
#12=ADVANCED_BREP_SHAPE_REPRESENTATION('',(#13),#2339);
#13=MANIFOLD_SOLID_BREP('Solid1',#1395);
#14=FACE_BOUND('',#246,.T.);
#15=FACE_BOUND('',#247,.T.);
#16=FACE_BOUND('',#248,.T.);
#17=FACE_BOUND('',#249,.T.);
#18=FACE_BOUND('',#250,.T.);
#19=FACE_BOUND('',#251,.T.);
#20=FACE_BOUND('',#252,.T.);
#21=FACE_BOUND('',#253,.T.);
#22=FACE_BOUND('',#254,.T.);
#23=FACE_BOUND('',#255,.T.);
#24=FACE_BOUND('',#256,.T.);
#25=FACE_BOUND('',#257,.T.);
#26=FACE_BOUND('',#258,.T.);
#27=FACE_BOUND('',#259,.T.);
#28=FACE_BOUND('',#260,.T.);
#29=FACE_BOUND('',#290,.T.);
#30=FACE_BOUND('',#291,.T.);
#31=FACE_BOUND('',#292,.T.);
#32=FACE_BOUND('',#293,.T.);
#33=FACE_BOUND('',#294,.T.);
#34=FACE_BOUND('',#295,.T.);
#35=FACE_BOUND('',#296,.T.);
#36=FACE_BOUND('',#297,.T.);
#37=FACE_BOUND('',#298,.T.);
#38=FACE_BOUND('',#299,.T.);
#39=FACE_BOUND('',#300,.T.);
#40=FACE_BOUND('',#301,.T.);
#41=FACE_BOUND('',#307,.T.);
#42=CYLINDRICAL_SURFACE('',#1458,20.);
#43=CYLINDRICAL_SURFACE('',#1461,20.);
#44=CYLINDRICAL_SURFACE('',#1480,1.65);
#45=CYLINDRICAL_SURFACE('',#1485,1.65);
#46=CYLINDRICAL_SURFACE('',#1490,1.65);
#47=CYLINDRICAL_SURFACE('',#1495,1.65);
#48=CYLINDRICAL_SURFACE('',#1497,1.65);
#49=CYLINDRICAL_SURFACE('',#1499,1.65);
#50=CYLINDRICAL_SURFACE('',#1501,1.65);
#51=CYLINDRICAL_SURFACE('',#1503,1.65);
#52=CYLINDRICAL_SURFACE('',#1505,1.65);
#53=CYLINDRICAL_SURFACE('',#1507,1.65);
#54=CYLINDRICAL_SURFACE('',#1509,1.65);
#55=CYLINDRICAL_SURFACE('',#1511,1.65);
#56=CYLINDRICAL_SURFACE('',#1529,18.05);
#57=CYLINDRICAL_SURFACE('',#1532,18.05);
#58=CYLINDRICAL_SURFACE('',#1537,18.05);
#59=CYLINDRICAL_SURFACE('',#1540,18.05);
#60=CYLINDRICAL_SURFACE('',#1546,20.);
#61=CYLINDRICAL_SURFACE('',#1548,20.);
#62=CIRCLE('',#1444,20.);
#63=CIRCLE('',#1445,18.);
#64=CIRCLE('',#1448,20.);
#65=CIRCLE('',#1449,18.);
#66=CIRCLE('',#1452,20.);
#67=CIRCLE('',#1453,18.);
#68=CIRCLE('',#1456,20.);
#69=CIRCLE('',#1457,18.);
#70=CIRCLE('',#1459,20.);
#71=CIRCLE('',#1462,20.);
#72=CIRCLE('',#1465,3.45);
#73=CIRCLE('',#1466,3.45);
#74=CIRCLE('',#1467,1.65);
#75=CIRCLE('',#1468,1.65);
#76=CIRCLE('',#1469,1.65);
#77=CIRCLE('',#1470,1.65);
#78=CIRCLE('',#1471,1.65);
#79=CIRCLE('',#1472,1.65);
#80=CIRCLE('',#1473,1.65);
#81=CIRCLE('',#1474,1.65);
#82=CIRCLE('',#1475,3.45);
#83=CIRCLE('',#1476,3.45);
#84=CIRCLE('',#1478,1.65);
#85=CIRCLE('',#1479,1.65);
#86=CIRCLE('',#1481,1.65);
#87=CIRCLE('',#1483,1.65);
#88=CIRCLE('',#1484,1.65);
#89=CIRCLE('',#1486,1.65);
#90=CIRCLE('',#1488,1.65);
#91=CIRCLE('',#1489,1.65);
#92=CIRCLE('',#1491,1.65);
#93=CIRCLE('',#1493,1.65);
#94=CIRCLE('',#1494,1.65);
#95=CIRCLE('',#1496,1.65);
#96=CIRCLE('',#1498,1.65);
#97=CIRCLE('',#1500,1.65);
#98=CIRCLE('',#1502,1.65);
#99=CIRCLE('',#1504,1.65);
#100=CIRCLE('',#1506,1.65);
#101=CIRCLE('',#1508,1.65);
#102=CIRCLE('',#1510,1.65);
#103=CIRCLE('',#1512,1.65);
#104=CIRCLE('',#1515,17.05);
#105=CIRCLE('',#1516,18.05);
#106=CIRCLE('',#1519,17.05);
#107=CIRCLE('',#1520,18.05);
#108=CIRCLE('',#1523,17.05);
#109=CIRCLE('',#1524,18.05);
#110=CIRCLE('',#1527,17.05);
#111=CIRCLE('',#1528,18.05);
#112=CIRCLE('',#1530,18.05);
#113=CIRCLE('',#1533,18.05);
#114=CIRCLE('',#1538,18.05);
#115=CIRCLE('',#1541,18.05);
#116=CIRCLE('',#1543,20.);
#117=CIRCLE('',#1544,20.);
#118=CONICAL_SURFACE('',#1443,19.,0.785398163397448);
#119=CONICAL_SURFACE('',#1447,19.,0.785398163397449);
#120=CONICAL_SURFACE('',#1451,19.,0.785398163397448);
#121=CONICAL_SURFACE('',#1455,19.,0.785398163397447);
#122=CONICAL_SURFACE('',#1477,2.55,0.785398163397448);
#123=CONICAL_SURFACE('',#1482,2.55,0.785398163397449);
#124=CONICAL_SURFACE('',#1487,2.55,0.785398163397448);
#125=CONICAL_SURFACE('',#1492,2.55,0.785398163397448);
#126=CONICAL_SURFACE('',#1514,17.55,0.785398163397447);
#127=CONICAL_SURFACE('',#1518,17.55,0.785398163397448);
#128=CONICAL_SURFACE('',#1522,17.55,0.785398163397448);
#129=CONICAL_SURFACE('',#1526,17.55,0.785398163397448);
#130=STYLED_ITEM('',(#2357),#1324);
#131=STYLED_ITEM('',(#2357),#1332);
#132=STYLED_ITEM('',(#2357),#1343);
#133=STYLED_ITEM('',(#2356),#13);
#134=FACE_OUTER_BOUND('',#209,.T.);
#135=FACE_OUTER_BOUND('',#210,.T.);
#136=FACE_OUTER_BOUND('',#211,.T.);
#137=FACE_OUTER_BOUND('',#212,.T.);
#138=FACE_OUTER_BOUND('',#213,.T.);
#139=FACE_OUTER_BOUND('',#214,.T.);
#140=FACE_OUTER_BOUND('',#215,.T.);
#141=FACE_OUTER_BOUND('',#216,.T.);
#142=FACE_OUTER_BOUND('',#217,.T.);
#143=FACE_OUTER_BOUND('',#218,.T.);
#144=FACE_OUTER_BOUND('',#219,.T.);
#145=FACE_OUTER_BOUND('',#220,.T.);
#146=FACE_OUTER_BOUND('',#221,.T.);
#147=FACE_OUTER_BOUND('',#222,.T.);
#148=FACE_OUTER_BOUND('',#223,.T.);
#149=FACE_OUTER_BOUND('',#224,.T.);
#150=FACE_OUTER_BOUND('',#225,.T.);
#151=FACE_OUTER_BOUND('',#226,.T.);
#152=FACE_OUTER_BOUND('',#227,.T.);
#153=FACE_OUTER_BOUND('',#228,.T.);
#154=FACE_OUTER_BOUND('',#229,.T.);
#155=FACE_OUTER_BOUND('',#230,.T.);
#156=FACE_OUTER_BOUND('',#231,.T.);
#157=FACE_OUTER_BOUND('',#232,.T.);
#158=FACE_OUTER_BOUND('',#233,.T.);
#159=FACE_OUTER_BOUND('',#234,.T.);
#160=FACE_OUTER_BOUND('',#235,.T.);
#161=FACE_OUTER_BOUND('',#236,.T.);
#162=FACE_OUTER_BOUND('',#237,.T.);
#163=FACE_OUTER_BOUND('',#238,.T.);
#164=FACE_OUTER_BOUND('',#239,.T.);
#165=FACE_OUTER_BOUND('',#240,.T.);
#166=FACE_OUTER_BOUND('',#241,.T.);
#167=FACE_OUTER_BOUND('',#242,.T.);
#168=FACE_OUTER_BOUND('',#243,.T.);
#169=FACE_OUTER_BOUND('',#244,.T.);
#170=FACE_OUTER_BOUND('',#245,.T.);
#171=FACE_OUTER_BOUND('',#261,.T.);
#172=FACE_OUTER_BOUND('',#262,.T.);
#173=FACE_OUTER_BOUND('',#263,.T.);
#174=FACE_OUTER_BOUND('',#264,.T.);
#175=FACE_OUTER_BOUND('',#265,.T.);
#176=FACE_OUTER_BOUND('',#266,.T.);
#177=FACE_OUTER_BOUND('',#267,.T.);
#178=FACE_OUTER_BOUND('',#268,.T.);
#179=FACE_OUTER_BOUND('',#269,.T.);
#180=FACE_OUTER_BOUND('',#270,.T.);
#181=FACE_OUTER_BOUND('',#271,.T.);
#182=FACE_OUTER_BOUND('',#272,.T.);
#183=FACE_OUTER_BOUND('',#273,.T.);
#184=FACE_OUTER_BOUND('',#274,.T.);
#185=FACE_OUTER_BOUND('',#275,.T.);
#186=FACE_OUTER_BOUND('',#276,.T.);
#187=FACE_OUTER_BOUND('',#277,.T.);
#188=FACE_OUTER_BOUND('',#278,.T.);
#189=FACE_OUTER_BOUND('',#279,.T.);
#190=FACE_OUTER_BOUND('',#280,.T.);
#191=FACE_OUTER_BOUND('',#281,.T.);
#192=FACE_OUTER_BOUND('',#282,.T.);
#193=FACE_OUTER_BOUND('',#283,.T.);
#194=FACE_OUTER_BOUND('',#284,.T.);
#195=FACE_OUTER_BOUND('',#285,.T.);
#196=FACE_OUTER_BOUND('',#286,.T.);
#197=FACE_OUTER_BOUND('',#287,.T.);
#198=FACE_OUTER_BOUND('',#288,.T.);
#199=FACE_OUTER_BOUND('',#289,.T.);
#200=FACE_OUTER_BOUND('',#302,.T.);
#201=FACE_OUTER_BOUND('',#303,.T.);
#202=FACE_OUTER_BOUND('',#304,.T.);
#203=FACE_OUTER_BOUND('',#305,.T.);
#204=FACE_OUTER_BOUND('',#306,.T.);
#205=FACE_OUTER_BOUND('',#308,.T.);
#206=FACE_OUTER_BOUND('',#309,.T.);
#207=FACE_OUTER_BOUND('',#310,.T.);
#208=FACE_OUTER_BOUND('',#311,.T.);
#209=EDGE_LOOP('',(#895,#896,#897,#898));
#210=EDGE_LOOP('',(#899,#900,#901,#902));
#211=EDGE_LOOP('',(#903,#904,#905,#906));
#212=EDGE_LOOP('',(#907,#908,#909,#910));
#213=EDGE_LOOP('',(#911,#912,#913,#914));
#214=EDGE_LOOP('',(#915,#916,#917,#918));
#215=EDGE_LOOP('',(#919,#920,#921,#922));
#216=EDGE_LOOP('',(#923,#924,#925,#926));
#217=EDGE_LOOP('',(#927,#928,#929,#930));
#218=EDGE_LOOP('',(#931,#932,#933,#934));
#219=EDGE_LOOP('',(#935,#936,#937,#938));
#220=EDGE_LOOP('',(#939,#940,#941,#942));
#221=EDGE_LOOP('',(#943,#944,#945,#946,#947,#948,#949));
#222=EDGE_LOOP('',(#950,#951,#952,#953));
#223=EDGE_LOOP('',(#954,#955,#956,#957));
#224=EDGE_LOOP('',(#958,#959,#960,#961));
#225=EDGE_LOOP('',(#962,#963,#964,#965));
#226=EDGE_LOOP('',(#966,#967,#968,#969));
#227=EDGE_LOOP('',(#970,#971,#972,#973));
#228=EDGE_LOOP('',(#974,#975,#976,#977));
#229=EDGE_LOOP('',(#978,#979,#980,#981));
#230=EDGE_LOOP('',(#982,#983,#984,#985));
#231=EDGE_LOOP('',(#986,#987,#988,#989));
#232=EDGE_LOOP('',(#990,#991,#992,#993,#994,#995,#996,#997,#998,#999));
#233=EDGE_LOOP('',(#1000,#1001,#1002,#1003));
#234=EDGE_LOOP('',(#1004,#1005,#1006,#1007));
#235=EDGE_LOOP('',(#1008,#1009,#1010,#1011));
#236=EDGE_LOOP('',(#1012,#1013,#1014,#1015));
#237=EDGE_LOOP('',(#1016,#1017,#1018,#1019));
#238=EDGE_LOOP('',(#1020,#1021,#1022,#1023));
#239=EDGE_LOOP('',(#1024,#1025,#1026,#1027));
#240=EDGE_LOOP('',(#1028,#1029,#1030,#1031));
#241=EDGE_LOOP('',(#1032,#1033,#1034,#1035));
#242=EDGE_LOOP('',(#1036,#1037,#1038,#1039));
#243=EDGE_LOOP('',(#1040,#1041,#1042,#1043));
#244=EDGE_LOOP('',(#1044,#1045,#1046,#1047));
#245=EDGE_LOOP('',(#1048,#1049,#1050,#1051,#1052,#1053,#1054,#1055));
#246=EDGE_LOOP('',(#1056,#1057,#1058,#1059));
#247=EDGE_LOOP('',(#1060,#1061,#1062,#1063,#1064,#1065,#1066));
#248=EDGE_LOOP('',(#1067,#1068,#1069,#1070,#1071,#1072,#1073,#1074,#1075,
#1076));
#249=EDGE_LOOP('',(#1077));
#250=EDGE_LOOP('',(#1078));
#251=EDGE_LOOP('',(#1079));
#252=EDGE_LOOP('',(#1080));
#253=EDGE_LOOP('',(#1081));
#254=EDGE_LOOP('',(#1082));
#255=EDGE_LOOP('',(#1083));
#256=EDGE_LOOP('',(#1084));
#257=EDGE_LOOP('',(#1085));
#258=EDGE_LOOP('',(#1086));
#259=EDGE_LOOP('',(#1087));
#260=EDGE_LOOP('',(#1088));
#261=EDGE_LOOP('',(#1089,#1090,#1091,#1092,#1093));
#262=EDGE_LOOP('',(#1094,#1095,#1096,#1097,#1098));
#263=EDGE_LOOP('',(#1099,#1100,#1101,#1102,#1103));
#264=EDGE_LOOP('',(#1104,#1105,#1106,#1107,#1108));
#265=EDGE_LOOP('',(#1109,#1110,#1111,#1112,#1113));
#266=EDGE_LOOP('',(#1114,#1115,#1116,#1117,#1118));
#267=EDGE_LOOP('',(#1119,#1120,#1121,#1122,#1123));
#268=EDGE_LOOP('',(#1124,#1125,#1126,#1127,#1128));
#269=EDGE_LOOP('',(#1129,#1130,#1131,#1132));
#270=EDGE_LOOP('',(#1133,#1134,#1135,#1136));
#271=EDGE_LOOP('',(#1137,#1138,#1139,#1140));
#272=EDGE_LOOP('',(#1141,#1142,#1143,#1144));
#273=EDGE_LOOP('',(#1145,#1146,#1147,#1148));
#274=EDGE_LOOP('',(#1149,#1150,#1151,#1152));
#275=EDGE_LOOP('',(#1153,#1154,#1155,#1156));
#276=EDGE_LOOP('',(#1157,#1158,#1159,#1160));
#277=EDGE_LOOP('',(#1161,#1162,#1163,#1164));
#278=EDGE_LOOP('',(#1165,#1166,#1167,#1168));
#279=EDGE_LOOP('',(#1169,#1170,#1171,#1172));
#280=EDGE_LOOP('',(#1173,#1174,#1175,#1176));
#281=EDGE_LOOP('',(#1177,#1178,#1179,#1180));
#282=EDGE_LOOP('',(#1181,#1182,#1183,#1184));
#283=EDGE_LOOP('',(#1185,#1186,#1187,#1188));
#284=EDGE_LOOP('',(#1189,#1190,#1191,#1192));
#285=EDGE_LOOP('',(#1193,#1194,#1195,#1196));
#286=EDGE_LOOP('',(#1197,#1198,#1199,#1200));
#287=EDGE_LOOP('',(#1201,#1202,#1203,#1204));
#288=EDGE_LOOP('',(#1205,#1206,#1207,#1208));
#289=EDGE_LOOP('',(#1209,#1210,#1211,#1212,#1213,#1214,#1215,#1216));
#290=EDGE_LOOP('',(#1217));
#291=EDGE_LOOP('',(#1218));
#292=EDGE_LOOP('',(#1219));
#293=EDGE_LOOP('',(#1220));
#294=EDGE_LOOP('',(#1221));
#295=EDGE_LOOP('',(#1222));
#296=EDGE_LOOP('',(#1223));
#297=EDGE_LOOP('',(#1224));
#298=EDGE_LOOP('',(#1225));
#299=EDGE_LOOP('',(#1226));
#300=EDGE_LOOP('',(#1227));
#301=EDGE_LOOP('',(#1228));
#302=EDGE_LOOP('',(#1229,#1230,#1231,#1232));
#303=EDGE_LOOP('',(#1233,#1234,#1235,#1236));
#304=EDGE_LOOP('',(#1237,#1238,#1239,#1240));
#305=EDGE_LOOP('',(#1241,#1242,#1243,#1244));
#306=EDGE_LOOP('',(#1245,#1246,#1247,#1248,#1249,#1250,#1251,#1252));
#307=EDGE_LOOP('',(#1253,#1254,#1255,#1256,#1257,#1258,#1259,#1260));
#308=EDGE_LOOP('',(#1261,#1262,#1263,#1264));
#309=EDGE_LOOP('',(#1265,#1266,#1267,#1268));
#310=EDGE_LOOP('',(#1269,#1270,#1271,#1272));
#311=EDGE_LOOP('',(#1273,#1274,#1275,#1276));
#312=LINE('',#1952,#447);
#313=LINE('',#1954,#448);
#314=LINE('',#1956,#449);
#315=LINE('',#1957,#450);
#316=LINE('',#1960,#451);
#317=LINE('',#1962,#452);
#318=LINE('',#1963,#453);
#319=LINE('',#1966,#454);
#320=LINE('',#1968,#455);
#321=LINE('',#1969,#456);
#322=LINE('',#1971,#457);
#323=LINE('',#1972,#458);
#324=LINE('',#1977,#459);
#325=LINE('',#1979,#460);
#326=LINE('',#1981,#461);
#327=LINE('',#1982,#462);
#328=LINE('',#1985,#463);
#329=LINE('',#1987,#464);
#330=LINE('',#1988,#465);
#331=LINE('',#1991,#466);
#332=LINE('',#1993,#467);
#333=LINE('',#1994,#468);
#334=LINE('',#1997,#469);
#335=LINE('',#1999,#470);
#336=LINE('',#2000,#471);
#337=LINE('',#2003,#472);
#338=LINE('',#2005,#473);
#339=LINE('',#2006,#474);
#340=LINE('',#2009,#475);
#341=LINE('',#2011,#476);
#342=LINE('',#2012,#477);
#343=LINE('',#2014,#478);
#344=LINE('',#2015,#479);
#345=LINE('',#2020,#480);
#346=LINE('',#2022,#481);
#347=LINE('',#2024,#482);
#348=LINE('',#2025,#483);
#349=LINE('',#2028,#484);
#350=LINE('',#2030,#485);
#351=LINE('',#2031,#486);
#352=LINE('',#2034,#487);
#353=LINE('',#2036,#488);
#354=LINE('',#2037,#489);
#355=LINE('',#2040,#490);
#356=LINE('',#2042,#491);
#357=LINE('',#2043,#492);
#358=LINE('',#2046,#493);
#359=LINE('',#2048,#494);
#360=LINE('',#2049,#495);
#361=LINE('',#2052,#496);
#362=LINE('',#2054,#497);
#363=LINE('',#2055,#498);
#364=LINE('',#2058,#499);
#365=LINE('',#2060,#500);
#366=LINE('',#2061,#501);
#367=LINE('',#2064,#502);
#368=LINE('',#2066,#503);
#369=LINE('',#2067,#504);
#370=LINE('',#2070,#505);
#371=LINE('',#2072,#506);
#372=LINE('',#2073,#507);
#373=LINE('',#2075,#508);
#374=LINE('',#2076,#509);
#375=LINE('',#2081,#510);
#376=LINE('',#2083,#511);
#377=LINE('',#2085,#512);
#378=LINE('',#2086,#513);
#379=LINE('',#2090,#514);
#380=LINE('',#2096,#515);
#381=LINE('',#2097,#516);
#382=LINE('',#2098,#517);
#383=LINE('',#2102,#518);
#384=LINE('',#2108,#519);
#385=LINE('',#2109,#520);
#386=LINE('',#2110,#521);
#387=LINE('',#2114,#522);
#388=LINE('',#2120,#523);
#389=LINE('',#2121,#524);
#390=LINE('',#2122,#525);
#391=LINE('',#2128,#526);
#392=LINE('',#2131,#527);
#393=LINE('',#2134,#528);
#394=LINE('',#2135,#529);
#395=LINE('',#2138,#530);
#396=LINE('',#2142,#531);
#397=LINE('',#2143,#532);
#398=LINE('',#2171,#533);
#399=LINE('',#2177,#534);
#400=LINE('',#2181,#535);
#401=LINE('',#2187,#536);
#402=LINE('',#2191,#537);
#403=LINE('',#2197,#538);
#404=LINE('',#2201,#539);
#405=LINE('',#2207,#540);
#406=LINE('',#2211,#541);
#407=LINE('',#2215,#542);
#408=LINE('',#2219,#543);
#409=LINE('',#2223,#544);
#410=LINE('',#2227,#545);
#411=LINE('',#2231,#546);
#412=LINE('',#2235,#547);
#413=LINE('',#2239,#548);
#414=LINE('',#2244,#549);
#415=LINE('',#2246,#550);
#416=LINE('',#2248,#551);
#417=LINE('',#2249,#552);
#418=LINE('',#2253,#553);
#419=LINE('',#2259,#554);
#420=LINE('',#2260,#555);
#421=LINE('',#2261,#556);
#422=LINE('',#2265,#557);
#423=LINE('',#2271,#558);
#424=LINE('',#2272,#559);
#425=LINE('',#2273,#560);
#426=LINE('',#2277,#561);
#427=LINE('',#2283,#562);
#428=LINE('',#2284,#563);
#429=LINE('',#2285,#564);
#430=LINE('',#2291,#565);
#431=LINE('',#2294,#566);
#432=LINE('',#2297,#567);
#433=LINE('',#2298,#568);
#434=LINE('',#2301,#569);
#435=LINE('',#2305,#570);
#436=LINE('',#2306,#571);
#437=LINE('',#2310,#572);
#438=LINE('',#2311,#573);
#439=LINE('',#2315,#574);
#440=LINE('',#2318,#575);
#441=LINE('',#2319,#576);
#442=LINE('',#2326,#577);
#443=LINE('',#2329,#578);
#444=LINE('',#2331,#579);
#445=LINE('',#2333,#580);
#446=LINE('',#2335,#581);
#447=VECTOR('',#1553,10.);
#448=VECTOR('',#1554,10.);
#449=VECTOR('',#1555,10.);
#450=VECTOR('',#1556,10.);
#451=VECTOR('',#1559,10.);
#452=VECTOR('',#1560,10.);
#453=VECTOR('',#1561,10.);
#454=VECTOR('',#1564,10.);
#455=VECTOR('',#1565,10.);
#456=VECTOR('',#1566,10.);
#457=VECTOR('',#1569,10.);
#458=VECTOR('',#1570,10.);
#459=VECTOR('',#1575,10.);
#460=VECTOR('',#1576,10.);
#461=VECTOR('',#1577,10.);
#462=VECTOR('',#1578,10.);
#463=VECTOR('',#1581,10.);
#464=VECTOR('',#1582,10.);
#465=VECTOR('',#1583,10.);
#466=VECTOR('',#1586,10.);
#467=VECTOR('',#1587,10.);
#468=VECTOR('',#1588,10.);
#469=VECTOR('',#1591,10.);
#470=VECTOR('',#1592,10.);
#471=VECTOR('',#1593,10.);
#472=VECTOR('',#1596,10.);
#473=VECTOR('',#1597,10.);
#474=VECTOR('',#1598,10.);
#475=VECTOR('',#1601,10.);
#476=VECTOR('',#1602,10.);
#477=VECTOR('',#1603,10.);
#478=VECTOR('',#1606,10.);
#479=VECTOR('',#1607,10.);
#480=VECTOR('',#1612,10.);
#481=VECTOR('',#1613,10.);
#482=VECTOR('',#1614,10.);
#483=VECTOR('',#1615,10.);
#484=VECTOR('',#1618,10.);
#485=VECTOR('',#1619,10.);
#486=VECTOR('',#1620,10.);
#487=VECTOR('',#1623,10.);
#488=VECTOR('',#1624,10.);
#489=VECTOR('',#1625,10.);
#490=VECTOR('',#1628,10.);
#491=VECTOR('',#1629,10.);
#492=VECTOR('',#1630,10.);
#493=VECTOR('',#1633,10.);
#494=VECTOR('',#1634,10.);
#495=VECTOR('',#1635,10.);
#496=VECTOR('',#1638,10.);
#497=VECTOR('',#1639,10.);
#498=VECTOR('',#1640,10.);
#499=VECTOR('',#1643,10.);
#500=VECTOR('',#1644,10.);
#501=VECTOR('',#1645,10.);
#502=VECTOR('',#1648,10.);
#503=VECTOR('',#1649,10.);
#504=VECTOR('',#1650,10.);
#505=VECTOR('',#1653,10.);
#506=VECTOR('',#1654,10.);
#507=VECTOR('',#1655,10.);
#508=VECTOR('',#1658,10.);
#509=VECTOR('',#1659,10.);
#510=VECTOR('',#1664,10.);
#511=VECTOR('',#1665,10.);
#512=VECTOR('',#1666,10.);
#513=VECTOR('',#1667,10.);
#514=VECTOR('',#1670,10.);
#515=VECTOR('',#1677,10.);
#516=VECTOR('',#1678,10.);
#517=VECTOR('',#1679,10.);
#518=VECTOR('',#1682,10.);
#519=VECTOR('',#1689,10.);
#520=VECTOR('',#1690,10.);
#521=VECTOR('',#1691,10.);
#522=VECTOR('',#1694,10.);
#523=VECTOR('',#1701,10.);
#524=VECTOR('',#1702,10.);
#525=VECTOR('',#1703,10.);
#526=VECTOR('',#1712,10.);
#527=VECTOR('',#1715,10.);
#528=VECTOR('',#1718,10.);
#529=VECTOR('',#1719,10.);
#530=VECTOR('',#1722,10.);
#531=VECTOR('',#1727,10.);
#532=VECTOR('',#1728,10.);
#533=VECTOR('',#1757,2.55);
#534=VECTOR('',#1764,1.65);
#535=VECTOR('',#1769,2.55);
#536=VECTOR('',#1776,1.65);
#537=VECTOR('',#1781,2.55);
#538=VECTOR('',#1788,1.65);
#539=VECTOR('',#1793,2.55);
#540=VECTOR('',#1800,1.65);
#541=VECTOR('',#1805,1.65);
#542=VECTOR('',#1810,1.65);
#543=VECTOR('',#1815,1.65);
#544=VECTOR('',#1820,1.65);
#545=VECTOR('',#1825,1.65);
#546=VECTOR('',#1830,1.65);
#547=VECTOR('',#1835,1.65);
#548=VECTOR('',#1840,1.65);
#549=VECTOR('',#1845,10.);
#550=VECTOR('',#1846,10.);
#551=VECTOR('',#1847,10.);
#552=VECTOR('',#1848,10.);
#553=VECTOR('',#1851,10.);
#554=VECTOR('',#1858,10.);
#555=VECTOR('',#1859,10.);
#556=VECTOR('',#1860,10.);
#557=VECTOR('',#1863,10.);
#558=VECTOR('',#1870,10.);
#559=VECTOR('',#1871,10.);
#560=VECTOR('',#1872,10.);
#561=VECTOR('',#1875,10.);
#562=VECTOR('',#1882,10.);
#563=VECTOR('',#1883,10.);
#564=VECTOR('',#1884,10.);
#565=VECTOR('',#1893,10.);
#566=VECTOR('',#1896,10.);
#567=VECTOR('',#1899,10.);
#568=VECTOR('',#1900,10.);
#569=VECTOR('',#1903,10.);
#570=VECTOR('',#1908,10.);
#571=VECTOR('',#1909,10.);
#572=VECTOR('',#1914,10.);
#573=VECTOR('',#1915,10.);
#574=VECTOR('',#1920,10.);
#575=VECTOR('',#1923,10.);
#576=VECTOR('',#1924,10.);
#577=VECTOR('',#1933,10.);
#578=VECTOR('',#1936,10.);
#579=VECTOR('',#1939,10.);
#580=VECTOR('',#1942,10.);
#581=VECTOR('',#1945,10.);
#582=VERTEX_POINT('',#1950);
#583=VERTEX_POINT('',#1951);
#584=VERTEX_POINT('',#1953);
#585=VERTEX_POINT('',#1955);
#586=VERTEX_POINT('',#1959);
#587=VERTEX_POINT('',#1961);
#588=VERTEX_POINT('',#1965);
#589=VERTEX_POINT('',#1967);
#590=VERTEX_POINT('',#1975);
#591=VERTEX_POINT('',#1976);
#592=VERTEX_POINT('',#1978);
#593=VERTEX_POINT('',#1980);
#594=VERTEX_POINT('',#1984);
#595=VERTEX_POINT('',#1986);
#596=VERTEX_POINT('',#1990);
#597=VERTEX_POINT('',#1992);
#598=VERTEX_POINT('',#1996);
#599=VERTEX_POINT('',#1998);
#600=VERTEX_POINT('',#2002);
#601=VERTEX_POINT('',#2004);
#602=VERTEX_POINT('',#2008);
#603=VERTEX_POINT('',#2010);
#604=VERTEX_POINT('',#2018);
#605=VERTEX_POINT('',#2019);
#606=VERTEX_POINT('',#2021);
#607=VERTEX_POINT('',#2023);
#608=VERTEX_POINT('',#2027);
#609=VERTEX_POINT('',#2029);
#610=VERTEX_POINT('',#2033);
#611=VERTEX_POINT('',#2035);
#612=VERTEX_POINT('',#2039);
#613=VERTEX_POINT('',#2041);
#614=VERTEX_POINT('',#2045);
#615=VERTEX_POINT('',#2047);
#616=VERTEX_POINT('',#2051);
#617=VERTEX_POINT('',#2053);
#618=VERTEX_POINT('',#2057);
#619=VERTEX_POINT('',#2059);
#620=VERTEX_POINT('',#2063);
#621=VERTEX_POINT('',#2065);
#622=VERTEX_POINT('',#2069);
#623=VERTEX_POINT('',#2071);
#624=VERTEX_POINT('',#2079);
#625=VERTEX_POINT('',#2080);
#626=VERTEX_POINT('',#2082);
#627=VERTEX_POINT('',#2084);
#628=VERTEX_POINT('',#2088);
#629=VERTEX_POINT('',#2089);
#630=VERTEX_POINT('',#2094);
#631=VERTEX_POINT('',#2095);
#632=VERTEX_POINT('',#2100);
#633=VERTEX_POINT('',#2101);
#634=VERTEX_POINT('',#2106);
#635=VERTEX_POINT('',#2107);
#636=VERTEX_POINT('',#2112);
#637=VERTEX_POINT('',#2113);
#638=VERTEX_POINT('',#2118);
#639=VERTEX_POINT('',#2119);
#640=VERTEX_POINT('',#2127);
#641=VERTEX_POINT('',#2129);
#642=VERTEX_POINT('',#2133);
#643=VERTEX_POINT('',#2137);
#644=VERTEX_POINT('',#2141);
#645=VERTEX_POINT('',#2145);
#646=VERTEX_POINT('',#2147);
#647=VERTEX_POINT('',#2149);
#648=VERTEX_POINT('',#2151);
#649=VERTEX_POINT('',#2153);
#650=VERTEX_POINT('',#2155);
#651=VERTEX_POINT('',#2157);
#652=VERTEX_POINT('',#2159);
#653=VERTEX_POINT('',#2161);
#654=VERTEX_POINT('',#2163);
#655=VERTEX_POINT('',#2165);
#656=VERTEX_POINT('',#2167);
#657=VERTEX_POINT('',#2170);
#658=VERTEX_POINT('',#2172);
#659=VERTEX_POINT('',#2176);
#660=VERTEX_POINT('',#2180);
#661=VERTEX_POINT('',#2182);
#662=VERTEX_POINT('',#2186);
#663=VERTEX_POINT('',#2190);
#664=VERTEX_POINT('',#2192);
#665=VERTEX_POINT('',#2196);
#666=VERTEX_POINT('',#2200);
#667=VERTEX_POINT('',#2202);
#668=VERTEX_POINT('',#2206);
#669=VERTEX_POINT('',#2210);
#670=VERTEX_POINT('',#2214);
#671=VERTEX_POINT('',#2218);
#672=VERTEX_POINT('',#2222);
#673=VERTEX_POINT('',#2226);
#674=VERTEX_POINT('',#2230);
#675=VERTEX_POINT('',#2234);
#676=VERTEX_POINT('',#2238);
#677=VERTEX_POINT('',#2242);
#678=VERTEX_POINT('',#2243);
#679=VERTEX_POINT('',#2245);
#680=VERTEX_POINT('',#2247);
#681=VERTEX_POINT('',#2251);
#682=VERTEX_POINT('',#2252);
#683=VERTEX_POINT('',#2257);
#684=VERTEX_POINT('',#2258);
#685=VERTEX_POINT('',#2263);
#686=VERTEX_POINT('',#2264);
#687=VERTEX_POINT('',#2269);
#688=VERTEX_POINT('',#2270);
#689=VERTEX_POINT('',#2275);
#690=VERTEX_POINT('',#2276);
#691=VERTEX_POINT('',#2281);
#692=VERTEX_POINT('',#2282);
#693=VERTEX_POINT('',#2290);
#694=VERTEX_POINT('',#2292);
#695=VERTEX_POINT('',#2296);
#696=VERTEX_POINT('',#2300);
#697=VERTEX_POINT('',#2304);
#698=VERTEX_POINT('',#2309);
#699=VERTEX_POINT('',#2313);
#700=VERTEX_POINT('',#2317);
#701=VERTEX_POINT('',#2323);
#702=VERTEX_POINT('',#2325);
#703=VERTEX_POINT('',#2327);
#704=EDGE_CURVE('',#582,#583,#312,.T.);
#705=EDGE_CURVE('',#582,#584,#313,.T.);
#706=EDGE_CURVE('',#584,#585,#314,.T.);
#707=EDGE_CURVE('',#583,#585,#315,.T.);
#708=EDGE_CURVE('',#586,#582,#316,.T.);
#709=EDGE_CURVE('',#586,#587,#317,.T.);
#710=EDGE_CURVE('',#587,#584,#318,.T.);
#711=EDGE_CURVE('',#588,#586,#319,.T.);
#712=EDGE_CURVE('',#588,#589,#320,.T.);
#713=EDGE_CURVE('',#589,#587,#321,.T.);
#714=EDGE_CURVE('',#583,#588,#322,.T.);
#715=EDGE_CURVE('',#585,#589,#323,.T.);
#716=EDGE_CURVE('',#590,#591,#324,.T.);
#717=EDGE_CURVE('',#590,#592,#325,.T.);
#718=EDGE_CURVE('',#592,#593,#326,.T.);
#719=EDGE_CURVE('',#591,#593,#327,.T.);
#720=EDGE_CURVE('',#594,#590,#328,.T.);
#721=EDGE_CURVE('',#594,#595,#329,.T.);
#722=EDGE_CURVE('',#595,#592,#330,.T.);
#723=EDGE_CURVE('',#596,#594,#331,.T.);
#724=EDGE_CURVE('',#596,#597,#332,.T.);
#725=EDGE_CURVE('',#597,#595,#333,.T.);
#726=EDGE_CURVE('',#598,#596,#334,.T.);
#727=EDGE_CURVE('',#598,#599,#335,.T.);
#728=EDGE_CURVE('',#599,#597,#336,.T.);
#729=EDGE_CURVE('',#600,#598,#337,.T.);
#730=EDGE_CURVE('',#600,#601,#338,.T.);
#731=EDGE_CURVE('',#601,#599,#339,.T.);
#732=EDGE_CURVE('',#602,#600,#340,.T.);
#733=EDGE_CURVE('',#602,#603,#341,.T.);
#734=EDGE_CURVE('',#603,#601,#342,.T.);
#735=EDGE_CURVE('',#591,#602,#343,.T.);
#736=EDGE_CURVE('',#593,#603,#344,.T.);
#737=EDGE_CURVE('',#604,#605,#345,.T.);
#738=EDGE_CURVE('',#604,#606,#346,.T.);
#739=EDGE_CURVE('',#606,#607,#347,.T.);
#740=EDGE_CURVE('',#605,#607,#348,.T.);
#741=EDGE_CURVE('',#608,#604,#349,.T.);
#742=EDGE_CURVE('',#608,#609,#350,.T.);
#743=EDGE_CURVE('',#609,#606,#351,.T.);
#744=EDGE_CURVE('',#610,#608,#352,.T.);
#745=EDGE_CURVE('',#610,#611,#353,.T.);
#746=EDGE_CURVE('',#611,#609,#354,.T.);
#747=EDGE_CURVE('',#612,#610,#355,.T.);
#748=EDGE_CURVE('',#612,#613,#356,.T.);
#749=EDGE_CURVE('',#613,#611,#357,.T.);
#750=EDGE_CURVE('',#614,#612,#358,.T.);
#751=EDGE_CURVE('',#614,#615,#359,.T.);
#752=EDGE_CURVE('',#615,#613,#360,.T.);
#753=EDGE_CURVE('',#616,#614,#361,.T.);
#754=EDGE_CURVE('',#616,#617,#362,.T.);
#755=EDGE_CURVE('',#617,#615,#363,.T.);
#756=EDGE_CURVE('',#618,#616,#364,.T.);
#757=EDGE_CURVE('',#618,#619,#365,.T.);
#758=EDGE_CURVE('',#619,#617,#366,.T.);
#759=EDGE_CURVE('',#620,#618,#367,.T.);
#760=EDGE_CURVE('',#620,#621,#368,.T.);
#761=EDGE_CURVE('',#621,#619,#369,.T.);
#762=EDGE_CURVE('',#622,#620,#370,.T.);
#763=EDGE_CURVE('',#622,#623,#371,.T.);
#764=EDGE_CURVE('',#623,#621,#372,.T.);
#765=EDGE_CURVE('',#605,#622,#373,.T.);
#766=EDGE_CURVE('',#607,#623,#374,.T.);
#767=EDGE_CURVE('',#624,#625,#375,.T.);
#768=EDGE_CURVE('',#625,#626,#376,.T.);
#769=EDGE_CURVE('',#626,#627,#377,.T.);
#770=EDGE_CURVE('',#627,#624,#378,.T.);
#771=EDGE_CURVE('',#628,#629,#379,.T.);
#772=EDGE_CURVE('',#629,#625,#62,.T.);
#773=EDGE_CURVE('',#624,#628,#63,.T.);
#774=EDGE_CURVE('',#630,#631,#380,.T.);
#775=EDGE_CURVE('',#631,#629,#381,.T.);
#776=EDGE_CURVE('',#628,#630,#382,.T.);
#777=EDGE_CURVE('',#632,#633,#383,.T.);
#778=EDGE_CURVE('',#633,#631,#64,.T.);
#779=EDGE_CURVE('',#630,#632,#65,.T.);
#780=EDGE_CURVE('',#634,#635,#384,.T.);
#781=EDGE_CURVE('',#635,#633,#385,.T.);
#782=EDGE_CURVE('',#632,#634,#386,.T.);
#783=EDGE_CURVE('',#636,#637,#387,.T.);
#784=EDGE_CURVE('',#637,#635,#66,.T.);
#785=EDGE_CURVE('',#634,#636,#67,.T.);
#786=EDGE_CURVE('',#638,#639,#388,.T.);
#787=EDGE_CURVE('',#639,#637,#389,.T.);
#788=EDGE_CURVE('',#636,#638,#390,.T.);
#789=EDGE_CURVE('',#626,#639,#68,.T.);
#790=EDGE_CURVE('',#638,#627,#69,.T.);
#791=EDGE_CURVE('',#637,#640,#391,.T.);
#792=EDGE_CURVE('',#641,#640,#70,.T.);
#793=EDGE_CURVE('',#635,#641,#392,.T.);
#794=EDGE_CURVE('',#639,#642,#393,.T.);
#795=EDGE_CURVE('',#640,#642,#394,.T.);
#796=EDGE_CURVE('',#626,#643,#395,.T.);
#797=EDGE_CURVE('',#642,#643,#71,.T.);
#798=EDGE_CURVE('',#625,#644,#396,.T.);
#799=EDGE_CURVE('',#643,#644,#397,.T.);
#800=EDGE_CURVE('',#645,#645,#72,.T.);
#801=EDGE_CURVE('',#646,#646,#73,.T.);
#802=EDGE_CURVE('',#647,#647,#74,.T.);
#803=EDGE_CURVE('',#648,#648,#75,.T.);
#804=EDGE_CURVE('',#649,#649,#76,.T.);
#805=EDGE_CURVE('',#650,#650,#77,.T.);
#806=EDGE_CURVE('',#651,#651,#78,.T.);
#807=EDGE_CURVE('',#652,#652,#79,.T.);
#808=EDGE_CURVE('',#653,#653,#80,.T.);
#809=EDGE_CURVE('',#654,#654,#81,.T.);
#810=EDGE_CURVE('',#655,#655,#82,.T.);
#811=EDGE_CURVE('',#656,#656,#83,.T.);
#812=EDGE_CURVE('',#645,#657,#398,.T.);
#813=EDGE_CURVE('',#657,#658,#84,.T.);
#814=EDGE_CURVE('',#658,#657,#85,.T.);
#815=EDGE_CURVE('',#658,#659,#399,.T.);
#816=EDGE_CURVE('',#659,#659,#86,.T.);
#817=EDGE_CURVE('',#656,#660,#400,.T.);
#818=EDGE_CURVE('',#660,#661,#87,.T.);
#819=EDGE_CURVE('',#661,#660,#88,.T.);
#820=EDGE_CURVE('',#661,#662,#401,.T.);
#821=EDGE_CURVE('',#662,#662,#89,.T.);
#822=EDGE_CURVE('',#646,#663,#402,.T.);
#823=EDGE_CURVE('',#663,#664,#90,.T.);
#824=EDGE_CURVE('',#664,#663,#91,.T.);
#825=EDGE_CURVE('',#664,#665,#403,.T.);
#826=EDGE_CURVE('',#665,#665,#92,.T.);
#827=EDGE_CURVE('',#655,#666,#404,.T.);
#828=EDGE_CURVE('',#666,#667,#93,.T.);
#829=EDGE_CURVE('',#667,#666,#94,.T.);
#830=EDGE_CURVE('',#667,#668,#405,.T.);
#831=EDGE_CURVE('',#668,#668,#95,.T.);
#832=EDGE_CURVE('',#654,#669,#406,.T.);
#833=EDGE_CURVE('',#669,#669,#96,.T.);
#834=EDGE_CURVE('',#653,#670,#407,.T.);
#835=EDGE_CURVE('',#670,#670,#97,.T.);
#836=EDGE_CURVE('',#652,#671,#408,.T.);
#837=EDGE_CURVE('',#671,#671,#98,.T.);
#838=EDGE_CURVE('',#651,#672,#409,.T.);
#839=EDGE_CURVE('',#672,#672,#99,.T.);
#840=EDGE_CURVE('',#650,#673,#410,.T.);
#841=EDGE_CURVE('',#673,#673,#100,.T.);
#842=EDGE_CURVE('',#649,#674,#411,.T.);
#843=EDGE_CURVE('',#674,#674,#101,.T.);
#844=EDGE_CURVE('',#648,#675,#412,.T.);
#845=EDGE_CURVE('',#675,#675,#102,.T.);
#846=EDGE_CURVE('',#647,#676,#413,.T.);
#847=EDGE_CURVE('',#676,#676,#103,.T.);
#848=EDGE_CURVE('',#677,#678,#414,.T.);
#849=EDGE_CURVE('',#678,#679,#415,.T.);
#850=EDGE_CURVE('',#679,#680,#416,.T.);
#851=EDGE_CURVE('',#680,#677,#417,.T.);
#852=EDGE_CURVE('',#681,#682,#418,.T.);
#853=EDGE_CURVE('',#682,#678,#104,.T.);
#854=EDGE_CURVE('',#677,#681,#105,.T.);
#855=EDGE_CURVE('',#683,#684,#419,.T.);
#856=EDGE_CURVE('',#684,#682,#420,.T.);
#857=EDGE_CURVE('',#681,#683,#421,.T.);
#858=EDGE_CURVE('',#685,#686,#422,.T.);
#859=EDGE_CURVE('',#686,#684,#106,.T.);
#860=EDGE_CURVE('',#683,#685,#107,.T.);
#861=EDGE_CURVE('',#687,#688,#423,.T.);
#862=EDGE_CURVE('',#688,#686,#424,.T.);
#863=EDGE_CURVE('',#685,#687,#425,.T.);
#864=EDGE_CURVE('',#689,#690,#426,.T.);
#865=EDGE_CURVE('',#690,#688,#108,.T.);
#866=EDGE_CURVE('',#687,#689,#109,.T.);
#867=EDGE_CURVE('',#691,#692,#427,.T.);
#868=EDGE_CURVE('',#692,#690,#428,.T.);
#869=EDGE_CURVE('',#689,#691,#429,.T.);
#870=EDGE_CURVE('',#679,#692,#110,.T.);
#871=EDGE_CURVE('',#691,#680,#111,.T.);
#872=EDGE_CURVE('',#683,#693,#430,.T.);
#873=EDGE_CURVE('',#694,#693,#112,.T.);
#874=EDGE_CURVE('',#685,#694,#431,.T.);
#875=EDGE_CURVE('',#681,#695,#432,.T.);
#876=EDGE_CURVE('',#693,#695,#433,.T.);
#877=EDGE_CURVE('',#677,#696,#434,.T.);
#878=EDGE_CURVE('',#695,#696,#113,.T.);
#879=EDGE_CURVE('',#680,#697,#435,.T.);
#880=EDGE_CURVE('',#696,#697,#436,.T.);
#881=EDGE_CURVE('',#698,#694,#437,.T.);
#882=EDGE_CURVE('',#687,#698,#438,.T.);
#883=EDGE_CURVE('',#699,#698,#114,.T.);
#884=EDGE_CURVE('',#689,#699,#439,.T.);
#885=EDGE_CURVE('',#700,#699,#440,.T.);
#886=EDGE_CURVE('',#691,#700,#441,.T.);
#887=EDGE_CURVE('',#697,#700,#115,.T.);
#888=EDGE_CURVE('',#644,#701,#116,.T.);
#889=EDGE_CURVE('',#701,#702,#442,.T.);
#890=EDGE_CURVE('',#702,#703,#117,.T.);
#891=EDGE_CURVE('',#703,#641,#443,.T.);
#892=EDGE_CURVE('',#633,#703,#444,.T.);
#893=EDGE_CURVE('',#631,#702,#445,.T.);
#894=EDGE_CURVE('',#629,#701,#446,.T.);
#895=ORIENTED_EDGE('',*,*,#704,.F.);
#896=ORIENTED_EDGE('',*,*,#705,.T.);
#897=ORIENTED_EDGE('',*,*,#706,.T.);
#898=ORIENTED_EDGE('',*,*,#707,.F.);
#899=ORIENTED_EDGE('',*,*,#708,.F.);
#900=ORIENTED_EDGE('',*,*,#709,.T.);
#901=ORIENTED_EDGE('',*,*,#710,.T.);
#902=ORIENTED_EDGE('',*,*,#705,.F.);
#903=ORIENTED_EDGE('',*,*,#711,.F.);
#904=ORIENTED_EDGE('',*,*,#712,.T.);
#905=ORIENTED_EDGE('',*,*,#713,.T.);
#906=ORIENTED_EDGE('',*,*,#709,.F.);
#907=ORIENTED_EDGE('',*,*,#714,.F.);
#908=ORIENTED_EDGE('',*,*,#707,.T.);
#909=ORIENTED_EDGE('',*,*,#715,.T.);
#910=ORIENTED_EDGE('',*,*,#712,.F.);
#911=ORIENTED_EDGE('',*,*,#715,.F.);
#912=ORIENTED_EDGE('',*,*,#706,.F.);
#913=ORIENTED_EDGE('',*,*,#710,.F.);
#914=ORIENTED_EDGE('',*,*,#713,.F.);
#915=ORIENTED_EDGE('',*,*,#716,.F.);
#916=ORIENTED_EDGE('',*,*,#717,.T.);
#917=ORIENTED_EDGE('',*,*,#718,.T.);
#918=ORIENTED_EDGE('',*,*,#719,.F.);
#919=ORIENTED_EDGE('',*,*,#720,.F.);
#920=ORIENTED_EDGE('',*,*,#721,.T.);
#921=ORIENTED_EDGE('',*,*,#722,.T.);
#922=ORIENTED_EDGE('',*,*,#717,.F.);
#923=ORIENTED_EDGE('',*,*,#723,.F.);
#924=ORIENTED_EDGE('',*,*,#724,.T.);
#925=ORIENTED_EDGE('',*,*,#725,.T.);
#926=ORIENTED_EDGE('',*,*,#721,.F.);
#927=ORIENTED_EDGE('',*,*,#726,.F.);
#928=ORIENTED_EDGE('',*,*,#727,.T.);
#929=ORIENTED_EDGE('',*,*,#728,.T.);
#930=ORIENTED_EDGE('',*,*,#724,.F.);
#931=ORIENTED_EDGE('',*,*,#729,.F.);
#932=ORIENTED_EDGE('',*,*,#730,.T.);
#933=ORIENTED_EDGE('',*,*,#731,.T.);
#934=ORIENTED_EDGE('',*,*,#727,.F.);
#935=ORIENTED_EDGE('',*,*,#732,.F.);
#936=ORIENTED_EDGE('',*,*,#733,.T.);
#937=ORIENTED_EDGE('',*,*,#734,.T.);
#938=ORIENTED_EDGE('',*,*,#730,.F.);
#939=ORIENTED_EDGE('',*,*,#735,.F.);
#940=ORIENTED_EDGE('',*,*,#719,.T.);
#941=ORIENTED_EDGE('',*,*,#736,.T.);
#942=ORIENTED_EDGE('',*,*,#733,.F.);
#943=ORIENTED_EDGE('',*,*,#736,.F.);
#944=ORIENTED_EDGE('',*,*,#718,.F.);
#945=ORIENTED_EDGE('',*,*,#722,.F.);
#946=ORIENTED_EDGE('',*,*,#725,.F.);
#947=ORIENTED_EDGE('',*,*,#728,.F.);
#948=ORIENTED_EDGE('',*,*,#731,.F.);
#949=ORIENTED_EDGE('',*,*,#734,.F.);
#950=ORIENTED_EDGE('',*,*,#737,.F.);
#951=ORIENTED_EDGE('',*,*,#738,.T.);
#952=ORIENTED_EDGE('',*,*,#739,.T.);
#953=ORIENTED_EDGE('',*,*,#740,.F.);
#954=ORIENTED_EDGE('',*,*,#741,.F.);
#955=ORIENTED_EDGE('',*,*,#742,.T.);
#956=ORIENTED_EDGE('',*,*,#743,.T.);
#957=ORIENTED_EDGE('',*,*,#738,.F.);
#958=ORIENTED_EDGE('',*,*,#744,.F.);
#959=ORIENTED_EDGE('',*,*,#745,.T.);
#960=ORIENTED_EDGE('',*,*,#746,.T.);
#961=ORIENTED_EDGE('',*,*,#742,.F.);
#962=ORIENTED_EDGE('',*,*,#747,.F.);
#963=ORIENTED_EDGE('',*,*,#748,.T.);
#964=ORIENTED_EDGE('',*,*,#749,.T.);
#965=ORIENTED_EDGE('',*,*,#745,.F.);
#966=ORIENTED_EDGE('',*,*,#750,.F.);
#967=ORIENTED_EDGE('',*,*,#751,.T.);
#968=ORIENTED_EDGE('',*,*,#752,.T.);
#969=ORIENTED_EDGE('',*,*,#748,.F.);
#970=ORIENTED_EDGE('',*,*,#753,.F.);
#971=ORIENTED_EDGE('',*,*,#754,.T.);
#972=ORIENTED_EDGE('',*,*,#755,.T.);
#973=ORIENTED_EDGE('',*,*,#751,.F.);
#974=ORIENTED_EDGE('',*,*,#756,.F.);
#975=ORIENTED_EDGE('',*,*,#757,.T.);
#976=ORIENTED_EDGE('',*,*,#758,.T.);
#977=ORIENTED_EDGE('',*,*,#754,.F.);
#978=ORIENTED_EDGE('',*,*,#759,.F.);
#979=ORIENTED_EDGE('',*,*,#760,.T.);
#980=ORIENTED_EDGE('',*,*,#761,.T.);
#981=ORIENTED_EDGE('',*,*,#757,.F.);
#982=ORIENTED_EDGE('',*,*,#762,.F.);
#983=ORIENTED_EDGE('',*,*,#763,.T.);
#984=ORIENTED_EDGE('',*,*,#764,.T.);
#985=ORIENTED_EDGE('',*,*,#760,.F.);
#986=ORIENTED_EDGE('',*,*,#765,.F.);
#987=ORIENTED_EDGE('',*,*,#740,.T.);
#988=ORIENTED_EDGE('',*,*,#766,.T.);
#989=ORIENTED_EDGE('',*,*,#763,.F.);
#990=ORIENTED_EDGE('',*,*,#766,.F.);
#991=ORIENTED_EDGE('',*,*,#739,.F.);
#992=ORIENTED_EDGE('',*,*,#743,.F.);
#993=ORIENTED_EDGE('',*,*,#746,.F.);
#994=ORIENTED_EDGE('',*,*,#749,.F.);
#995=ORIENTED_EDGE('',*,*,#752,.F.);
#996=ORIENTED_EDGE('',*,*,#755,.F.);
#997=ORIENTED_EDGE('',*,*,#758,.F.);
#998=ORIENTED_EDGE('',*,*,#761,.F.);
#999=ORIENTED_EDGE('',*,*,#764,.F.);
#1000=ORIENTED_EDGE('',*,*,#767,.T.);
#1001=ORIENTED_EDGE('',*,*,#768,.T.);
#1002=ORIENTED_EDGE('',*,*,#769,.T.);
#1003=ORIENTED_EDGE('',*,*,#770,.T.);
#1004=ORIENTED_EDGE('',*,*,#771,.T.);
#1005=ORIENTED_EDGE('',*,*,#772,.T.);
#1006=ORIENTED_EDGE('',*,*,#767,.F.);
#1007=ORIENTED_EDGE('',*,*,#773,.T.);
#1008=ORIENTED_EDGE('',*,*,#774,.T.);
#1009=ORIENTED_EDGE('',*,*,#775,.T.);
#1010=ORIENTED_EDGE('',*,*,#771,.F.);
#1011=ORIENTED_EDGE('',*,*,#776,.T.);
#1012=ORIENTED_EDGE('',*,*,#777,.T.);
#1013=ORIENTED_EDGE('',*,*,#778,.T.);
#1014=ORIENTED_EDGE('',*,*,#774,.F.);
#1015=ORIENTED_EDGE('',*,*,#779,.T.);
#1016=ORIENTED_EDGE('',*,*,#780,.T.);
#1017=ORIENTED_EDGE('',*,*,#781,.T.);
#1018=ORIENTED_EDGE('',*,*,#777,.F.);
#1019=ORIENTED_EDGE('',*,*,#782,.T.);
#1020=ORIENTED_EDGE('',*,*,#783,.T.);
#1021=ORIENTED_EDGE('',*,*,#784,.T.);
#1022=ORIENTED_EDGE('',*,*,#780,.F.);
#1023=ORIENTED_EDGE('',*,*,#785,.T.);
#1024=ORIENTED_EDGE('',*,*,#786,.T.);
#1025=ORIENTED_EDGE('',*,*,#787,.T.);
#1026=ORIENTED_EDGE('',*,*,#783,.F.);
#1027=ORIENTED_EDGE('',*,*,#788,.T.);
#1028=ORIENTED_EDGE('',*,*,#769,.F.);
#1029=ORIENTED_EDGE('',*,*,#789,.T.);
#1030=ORIENTED_EDGE('',*,*,#786,.F.);
#1031=ORIENTED_EDGE('',*,*,#790,.T.);
#1032=ORIENTED_EDGE('',*,*,#784,.F.);
#1033=ORIENTED_EDGE('',*,*,#791,.T.);
#1034=ORIENTED_EDGE('',*,*,#792,.F.);
#1035=ORIENTED_EDGE('',*,*,#793,.F.);
#1036=ORIENTED_EDGE('',*,*,#787,.F.);
#1037=ORIENTED_EDGE('',*,*,#794,.T.);
#1038=ORIENTED_EDGE('',*,*,#795,.F.);
#1039=ORIENTED_EDGE('',*,*,#791,.F.);
#1040=ORIENTED_EDGE('',*,*,#789,.F.);
#1041=ORIENTED_EDGE('',*,*,#796,.T.);
#1042=ORIENTED_EDGE('',*,*,#797,.F.);
#1043=ORIENTED_EDGE('',*,*,#794,.F.);
#1044=ORIENTED_EDGE('',*,*,#768,.F.);
#1045=ORIENTED_EDGE('',*,*,#798,.T.);
#1046=ORIENTED_EDGE('',*,*,#799,.F.);
#1047=ORIENTED_EDGE('',*,*,#796,.F.);
#1048=ORIENTED_EDGE('',*,*,#770,.F.);
#1049=ORIENTED_EDGE('',*,*,#790,.F.);
#1050=ORIENTED_EDGE('',*,*,#788,.F.);
#1051=ORIENTED_EDGE('',*,*,#785,.F.);
#1052=ORIENTED_EDGE('',*,*,#782,.F.);
#1053=ORIENTED_EDGE('',*,*,#779,.F.);
#1054=ORIENTED_EDGE('',*,*,#776,.F.);
#1055=ORIENTED_EDGE('',*,*,#773,.F.);
#1056=ORIENTED_EDGE('',*,*,#704,.T.);
#1057=ORIENTED_EDGE('',*,*,#714,.T.);
#1058=ORIENTED_EDGE('',*,*,#711,.T.);
#1059=ORIENTED_EDGE('',*,*,#708,.T.);
#1060=ORIENTED_EDGE('',*,*,#716,.T.);
#1061=ORIENTED_EDGE('',*,*,#735,.T.);
#1062=ORIENTED_EDGE('',*,*,#732,.T.);
#1063=ORIENTED_EDGE('',*,*,#729,.T.);
#1064=ORIENTED_EDGE('',*,*,#726,.T.);
#1065=ORIENTED_EDGE('',*,*,#723,.T.);
#1066=ORIENTED_EDGE('',*,*,#720,.T.);
#1067=ORIENTED_EDGE('',*,*,#737,.T.);
#1068=ORIENTED_EDGE('',*,*,#765,.T.);
#1069=ORIENTED_EDGE('',*,*,#762,.T.);
#1070=ORIENTED_EDGE('',*,*,#759,.T.);
#1071=ORIENTED_EDGE('',*,*,#756,.T.);
#1072=ORIENTED_EDGE('',*,*,#753,.T.);
#1073=ORIENTED_EDGE('',*,*,#750,.T.);
#1074=ORIENTED_EDGE('',*,*,#747,.T.);
#1075=ORIENTED_EDGE('',*,*,#744,.T.);
#1076=ORIENTED_EDGE('',*,*,#741,.T.);
#1077=ORIENTED_EDGE('',*,*,#800,.F.);
#1078=ORIENTED_EDGE('',*,*,#801,.F.);
#1079=ORIENTED_EDGE('',*,*,#802,.T.);
#1080=ORIENTED_EDGE('',*,*,#803,.T.);
#1081=ORIENTED_EDGE('',*,*,#804,.T.);
#1082=ORIENTED_EDGE('',*,*,#805,.T.);
#1083=ORIENTED_EDGE('',*,*,#806,.T.);
#1084=ORIENTED_EDGE('',*,*,#807,.T.);
#1085=ORIENTED_EDGE('',*,*,#808,.T.);
#1086=ORIENTED_EDGE('',*,*,#809,.T.);
#1087=ORIENTED_EDGE('',*,*,#810,.F.);
#1088=ORIENTED_EDGE('',*,*,#811,.F.);
#1089=ORIENTED_EDGE('',*,*,#800,.T.);
#1090=ORIENTED_EDGE('',*,*,#812,.T.);
#1091=ORIENTED_EDGE('',*,*,#813,.T.);
#1092=ORIENTED_EDGE('',*,*,#814,.T.);
#1093=ORIENTED_EDGE('',*,*,#812,.F.);
#1094=ORIENTED_EDGE('',*,*,#813,.F.);
#1095=ORIENTED_EDGE('',*,*,#814,.F.);
#1096=ORIENTED_EDGE('',*,*,#815,.T.);
#1097=ORIENTED_EDGE('',*,*,#816,.F.);
#1098=ORIENTED_EDGE('',*,*,#815,.F.);
#1099=ORIENTED_EDGE('',*,*,#811,.T.);
#1100=ORIENTED_EDGE('',*,*,#817,.T.);
#1101=ORIENTED_EDGE('',*,*,#818,.T.);
#1102=ORIENTED_EDGE('',*,*,#819,.T.);
#1103=ORIENTED_EDGE('',*,*,#817,.F.);
#1104=ORIENTED_EDGE('',*,*,#818,.F.);
#1105=ORIENTED_EDGE('',*,*,#819,.F.);
#1106=ORIENTED_EDGE('',*,*,#820,.T.);
#1107=ORIENTED_EDGE('',*,*,#821,.F.);
#1108=ORIENTED_EDGE('',*,*,#820,.F.);
#1109=ORIENTED_EDGE('',*,*,#801,.T.);
#1110=ORIENTED_EDGE('',*,*,#822,.T.);
#1111=ORIENTED_EDGE('',*,*,#823,.T.);
#1112=ORIENTED_EDGE('',*,*,#824,.T.);
#1113=ORIENTED_EDGE('',*,*,#822,.F.);
#1114=ORIENTED_EDGE('',*,*,#823,.F.);
#1115=ORIENTED_EDGE('',*,*,#824,.F.);
#1116=ORIENTED_EDGE('',*,*,#825,.T.);
#1117=ORIENTED_EDGE('',*,*,#826,.F.);
#1118=ORIENTED_EDGE('',*,*,#825,.F.);
#1119=ORIENTED_EDGE('',*,*,#810,.T.);
#1120=ORIENTED_EDGE('',*,*,#827,.T.);
#1121=ORIENTED_EDGE('',*,*,#828,.T.);
#1122=ORIENTED_EDGE('',*,*,#829,.T.);
#1123=ORIENTED_EDGE('',*,*,#827,.F.);
#1124=ORIENTED_EDGE('',*,*,#828,.F.);
#1125=ORIENTED_EDGE('',*,*,#829,.F.);
#1126=ORIENTED_EDGE('',*,*,#830,.T.);
#1127=ORIENTED_EDGE('',*,*,#831,.F.);
#1128=ORIENTED_EDGE('',*,*,#830,.F.);
#1129=ORIENTED_EDGE('',*,*,#809,.F.);
#1130=ORIENTED_EDGE('',*,*,#832,.T.);
#1131=ORIENTED_EDGE('',*,*,#833,.F.);
#1132=ORIENTED_EDGE('',*,*,#832,.F.);
#1133=ORIENTED_EDGE('',*,*,#808,.F.);
#1134=ORIENTED_EDGE('',*,*,#834,.T.);
#1135=ORIENTED_EDGE('',*,*,#835,.F.);
#1136=ORIENTED_EDGE('',*,*,#834,.F.);
#1137=ORIENTED_EDGE('',*,*,#807,.F.);
#1138=ORIENTED_EDGE('',*,*,#836,.T.);
#1139=ORIENTED_EDGE('',*,*,#837,.F.);
#1140=ORIENTED_EDGE('',*,*,#836,.F.);
#1141=ORIENTED_EDGE('',*,*,#806,.F.);
#1142=ORIENTED_EDGE('',*,*,#838,.T.);
#1143=ORIENTED_EDGE('',*,*,#839,.F.);
#1144=ORIENTED_EDGE('',*,*,#838,.F.);
#1145=ORIENTED_EDGE('',*,*,#805,.F.);
#1146=ORIENTED_EDGE('',*,*,#840,.T.);
#1147=ORIENTED_EDGE('',*,*,#841,.F.);
#1148=ORIENTED_EDGE('',*,*,#840,.F.);
#1149=ORIENTED_EDGE('',*,*,#804,.F.);
#1150=ORIENTED_EDGE('',*,*,#842,.T.);
#1151=ORIENTED_EDGE('',*,*,#843,.F.);
#1152=ORIENTED_EDGE('',*,*,#842,.F.);
#1153=ORIENTED_EDGE('',*,*,#803,.F.);
#1154=ORIENTED_EDGE('',*,*,#844,.T.);
#1155=ORIENTED_EDGE('',*,*,#845,.F.);
#1156=ORIENTED_EDGE('',*,*,#844,.F.);
#1157=ORIENTED_EDGE('',*,*,#802,.F.);
#1158=ORIENTED_EDGE('',*,*,#846,.T.);
#1159=ORIENTED_EDGE('',*,*,#847,.F.);
#1160=ORIENTED_EDGE('',*,*,#846,.F.);
#1161=ORIENTED_EDGE('',*,*,#848,.T.);
#1162=ORIENTED_EDGE('',*,*,#849,.T.);
#1163=ORIENTED_EDGE('',*,*,#850,.T.);
#1164=ORIENTED_EDGE('',*,*,#851,.T.);
#1165=ORIENTED_EDGE('',*,*,#852,.T.);
#1166=ORIENTED_EDGE('',*,*,#853,.T.);
#1167=ORIENTED_EDGE('',*,*,#848,.F.);
#1168=ORIENTED_EDGE('',*,*,#854,.T.);
#1169=ORIENTED_EDGE('',*,*,#855,.T.);
#1170=ORIENTED_EDGE('',*,*,#856,.T.);
#1171=ORIENTED_EDGE('',*,*,#852,.F.);
#1172=ORIENTED_EDGE('',*,*,#857,.T.);
#1173=ORIENTED_EDGE('',*,*,#858,.T.);
#1174=ORIENTED_EDGE('',*,*,#859,.T.);
#1175=ORIENTED_EDGE('',*,*,#855,.F.);
#1176=ORIENTED_EDGE('',*,*,#860,.T.);
#1177=ORIENTED_EDGE('',*,*,#861,.T.);
#1178=ORIENTED_EDGE('',*,*,#862,.T.);
#1179=ORIENTED_EDGE('',*,*,#858,.F.);
#1180=ORIENTED_EDGE('',*,*,#863,.T.);
#1181=ORIENTED_EDGE('',*,*,#864,.T.);
#1182=ORIENTED_EDGE('',*,*,#865,.T.);
#1183=ORIENTED_EDGE('',*,*,#861,.F.);
#1184=ORIENTED_EDGE('',*,*,#866,.T.);
#1185=ORIENTED_EDGE('',*,*,#867,.T.);
#1186=ORIENTED_EDGE('',*,*,#868,.T.);
#1187=ORIENTED_EDGE('',*,*,#864,.F.);
#1188=ORIENTED_EDGE('',*,*,#869,.T.);
#1189=ORIENTED_EDGE('',*,*,#850,.F.);
#1190=ORIENTED_EDGE('',*,*,#870,.T.);
#1191=ORIENTED_EDGE('',*,*,#867,.F.);
#1192=ORIENTED_EDGE('',*,*,#871,.T.);
#1193=ORIENTED_EDGE('',*,*,#860,.F.);
#1194=ORIENTED_EDGE('',*,*,#872,.T.);
#1195=ORIENTED_EDGE('',*,*,#873,.F.);
#1196=ORIENTED_EDGE('',*,*,#874,.F.);
#1197=ORIENTED_EDGE('',*,*,#857,.F.);
#1198=ORIENTED_EDGE('',*,*,#875,.T.);
#1199=ORIENTED_EDGE('',*,*,#876,.F.);
#1200=ORIENTED_EDGE('',*,*,#872,.F.);
#1201=ORIENTED_EDGE('',*,*,#854,.F.);
#1202=ORIENTED_EDGE('',*,*,#877,.T.);
#1203=ORIENTED_EDGE('',*,*,#878,.F.);
#1204=ORIENTED_EDGE('',*,*,#875,.F.);
#1205=ORIENTED_EDGE('',*,*,#851,.F.);
#1206=ORIENTED_EDGE('',*,*,#879,.T.);
#1207=ORIENTED_EDGE('',*,*,#880,.F.);
#1208=ORIENTED_EDGE('',*,*,#877,.F.);
#1209=ORIENTED_EDGE('',*,*,#849,.F.);
#1210=ORIENTED_EDGE('',*,*,#853,.F.);
#1211=ORIENTED_EDGE('',*,*,#856,.F.);
#1212=ORIENTED_EDGE('',*,*,#859,.F.);
#1213=ORIENTED_EDGE('',*,*,#862,.F.);
#1214=ORIENTED_EDGE('',*,*,#865,.F.);
#1215=ORIENTED_EDGE('',*,*,#868,.F.);
#1216=ORIENTED_EDGE('',*,*,#870,.F.);
#1217=ORIENTED_EDGE('',*,*,#826,.T.);
#1218=ORIENTED_EDGE('',*,*,#821,.T.);
#1219=ORIENTED_EDGE('',*,*,#833,.T.);
#1220=ORIENTED_EDGE('',*,*,#835,.T.);
#1221=ORIENTED_EDGE('',*,*,#837,.T.);
#1222=ORIENTED_EDGE('',*,*,#839,.T.);
#1223=ORIENTED_EDGE('',*,*,#831,.T.);
#1224=ORIENTED_EDGE('',*,*,#841,.T.);
#1225=ORIENTED_EDGE('',*,*,#843,.T.);
#1226=ORIENTED_EDGE('',*,*,#816,.T.);
#1227=ORIENTED_EDGE('',*,*,#845,.T.);
#1228=ORIENTED_EDGE('',*,*,#847,.T.);
#1229=ORIENTED_EDGE('',*,*,#863,.F.);
#1230=ORIENTED_EDGE('',*,*,#874,.T.);
#1231=ORIENTED_EDGE('',*,*,#881,.F.);
#1232=ORIENTED_EDGE('',*,*,#882,.F.);
#1233=ORIENTED_EDGE('',*,*,#866,.F.);
#1234=ORIENTED_EDGE('',*,*,#882,.T.);
#1235=ORIENTED_EDGE('',*,*,#883,.F.);
#1236=ORIENTED_EDGE('',*,*,#884,.F.);
#1237=ORIENTED_EDGE('',*,*,#869,.F.);
#1238=ORIENTED_EDGE('',*,*,#884,.T.);
#1239=ORIENTED_EDGE('',*,*,#885,.F.);
#1240=ORIENTED_EDGE('',*,*,#886,.F.);
#1241=ORIENTED_EDGE('',*,*,#871,.F.);
#1242=ORIENTED_EDGE('',*,*,#886,.T.);
#1243=ORIENTED_EDGE('',*,*,#887,.F.);
#1244=ORIENTED_EDGE('',*,*,#879,.F.);
#1245=ORIENTED_EDGE('',*,*,#795,.T.);
#1246=ORIENTED_EDGE('',*,*,#797,.T.);
#1247=ORIENTED_EDGE('',*,*,#799,.T.);
#1248=ORIENTED_EDGE('',*,*,#888,.T.);
#1249=ORIENTED_EDGE('',*,*,#889,.T.);
#1250=ORIENTED_EDGE('',*,*,#890,.T.);
#1251=ORIENTED_EDGE('',*,*,#891,.T.);
#1252=ORIENTED_EDGE('',*,*,#792,.T.);
#1253=ORIENTED_EDGE('',*,*,#880,.T.);
#1254=ORIENTED_EDGE('',*,*,#887,.T.);
#1255=ORIENTED_EDGE('',*,*,#885,.T.);
#1256=ORIENTED_EDGE('',*,*,#883,.T.);
#1257=ORIENTED_EDGE('',*,*,#881,.T.);
#1258=ORIENTED_EDGE('',*,*,#873,.T.);
#1259=ORIENTED_EDGE('',*,*,#876,.T.);
#1260=ORIENTED_EDGE('',*,*,#878,.T.);
#1261=ORIENTED_EDGE('',*,*,#781,.F.);
#1262=ORIENTED_EDGE('',*,*,#793,.T.);
#1263=ORIENTED_EDGE('',*,*,#891,.F.);
#1264=ORIENTED_EDGE('',*,*,#892,.F.);
#1265=ORIENTED_EDGE('',*,*,#778,.F.);
#1266=ORIENTED_EDGE('',*,*,#892,.T.);
#1267=ORIENTED_EDGE('',*,*,#890,.F.);
#1268=ORIENTED_EDGE('',*,*,#893,.F.);
#1269=ORIENTED_EDGE('',*,*,#775,.F.);
#1270=ORIENTED_EDGE('',*,*,#893,.T.);
#1271=ORIENTED_EDGE('',*,*,#889,.F.);
#1272=ORIENTED_EDGE('',*,*,#894,.F.);
#1273=ORIENTED_EDGE('',*,*,#772,.F.);
#1274=ORIENTED_EDGE('',*,*,#894,.T.);
#1275=ORIENTED_EDGE('',*,*,#888,.F.);
#1276=ORIENTED_EDGE('',*,*,#798,.F.);
#1277=PLANE('',#1418);
#1278=PLANE('',#1419);
#1279=PLANE('',#1420);
#1280=PLANE('',#1421);
#1281=PLANE('',#1422);
#1282=PLANE('',#1423);
#1283=PLANE('',#1424);
#1284=PLANE('',#1425);
#1285=PLANE('',#1426);
#1286=PLANE('',#1427);
#1287=PLANE('',#1428);
#1288=PLANE('',#1429);
#1289=PLANE('',#1430);
#1290=PLANE('',#1431);
#1291=PLANE('',#1432);
#1292=PLANE('',#1433);
#1293=PLANE('',#1434);
#1294=PLANE('',#1435);
#1295=PLANE('',#1436);
#1296=PLANE('',#1437);
#1297=PLANE('',#1438);
#1298=PLANE('',#1439);
#1299=PLANE('',#1440);
#1300=PLANE('',#1441);
#1301=PLANE('',#1442);
#1302=PLANE('',#1446);
#1303=PLANE('',#1450);
#1304=PLANE('',#1454);
#1305=PLANE('',#1460);
#1306=PLANE('',#1463);
#1307=PLANE('',#1464);
#1308=PLANE('',#1513);
#1309=PLANE('',#1517);
#1310=PLANE('',#1521);
#1311=PLANE('',#1525);
#1312=PLANE('',#1531);
#1313=PLANE('',#1534);
#1314=PLANE('',#1535);
#1315=PLANE('',#1536);
#1316=PLANE('',#1539);
#1317=PLANE('',#1542);
#1318=PLANE('',#1545);
#1319=PLANE('',#1547);
#1320=ADVANCED_FACE('',(#134),#1277,.F.);
#1321=ADVANCED_FACE('',(#135),#1278,.F.);
#1322=ADVANCED_FACE('',(#136),#1279,.F.);
#1323=ADVANCED_FACE('',(#137),#1280,.F.);
#1324=ADVANCED_FACE('',(#138),#1281,.F.);
#1325=ADVANCED_FACE('',(#139),#1282,.F.);
#1326=ADVANCED_FACE('',(#140),#1283,.F.);
#1327=ADVANCED_FACE('',(#141),#1284,.F.);
#1328=ADVANCED_FACE('',(#142),#1285,.F.);
#1329=ADVANCED_FACE('',(#143),#1286,.F.);
#1330=ADVANCED_FACE('',(#144),#1287,.F.);
#1331=ADVANCED_FACE('',(#145),#1288,.F.);
#1332=ADVANCED_FACE('',(#146),#1289,.F.);
#1333=ADVANCED_FACE('',(#147),#1290,.F.);
#1334=ADVANCED_FACE('',(#148),#1291,.F.);
#1335=ADVANCED_FACE('',(#149),#1292,.F.);
#1336=ADVANCED_FACE('',(#150),#1293,.F.);
#1337=ADVANCED_FACE('',(#151),#1294,.F.);
#1338=ADVANCED_FACE('',(#152),#1295,.F.);
#1339=ADVANCED_FACE('',(#153),#1296,.F.);
#1340=ADVANCED_FACE('',(#154),#1297,.F.);
#1341=ADVANCED_FACE('',(#155),#1298,.F.);
#1342=ADVANCED_FACE('',(#156),#1299,.F.);
#1343=ADVANCED_FACE('',(#157),#1300,.F.);
#1344=ADVANCED_FACE('',(#158),#1301,.T.);
#1345=ADVANCED_FACE('',(#159),#118,.T.);
#1346=ADVANCED_FACE('',(#160),#1302,.T.);
#1347=ADVANCED_FACE('',(#161),#119,.T.);
#1348=ADVANCED_FACE('',(#162),#1303,.T.);
#1349=ADVANCED_FACE('',(#163),#120,.T.);
#1350=ADVANCED_FACE('',(#164),#1304,.T.);
#1351=ADVANCED_FACE('',(#165),#121,.T.);
#1352=ADVANCED_FACE('',(#166),#42,.T.);
#1353=ADVANCED_FACE('',(#167),#1305,.T.);
#1354=ADVANCED_FACE('',(#168),#43,.T.);
#1355=ADVANCED_FACE('',(#169),#1306,.T.);
#1356=ADVANCED_FACE('',(#170,#14,#15,#16,#17,#18,#19,#20,#21,#22,#23,#24,
#25,#26,#27,#28),#1307,.F.);
#1357=ADVANCED_FACE('',(#171),#122,.F.);
#1358=ADVANCED_FACE('',(#172),#44,.F.);
#1359=ADVANCED_FACE('',(#173),#123,.F.);
#1360=ADVANCED_FACE('',(#174),#45,.F.);
#1361=ADVANCED_FACE('',(#175),#124,.F.);
#1362=ADVANCED_FACE('',(#176),#46,.F.);
#1363=ADVANCED_FACE('',(#177),#125,.F.);
#1364=ADVANCED_FACE('',(#178),#47,.F.);
#1365=ADVANCED_FACE('',(#179),#48,.F.);
#1366=ADVANCED_FACE('',(#180),#49,.F.);
#1367=ADVANCED_FACE('',(#181),#50,.F.);
#1368=ADVANCED_FACE('',(#182),#51,.F.);
#1369=ADVANCED_FACE('',(#183),#52,.F.);
#1370=ADVANCED_FACE('',(#184),#53,.F.);
#1371=ADVANCED_FACE('',(#185),#54,.F.);
#1372=ADVANCED_FACE('',(#186),#55,.F.);
#1373=ADVANCED_FACE('',(#187),#1308,.T.);
#1374=ADVANCED_FACE('',(#188),#126,.F.);
#1375=ADVANCED_FACE('',(#189),#1309,.T.);
#1376=ADVANCED_FACE('',(#190),#127,.F.);
#1377=ADVANCED_FACE('',(#191),#1310,.T.);
#1378=ADVANCED_FACE('',(#192),#128,.F.);
#1379=ADVANCED_FACE('',(#193),#1311,.T.);
#1380=ADVANCED_FACE('',(#194),#129,.F.);
#1381=ADVANCED_FACE('',(#195),#56,.F.);
#1382=ADVANCED_FACE('',(#196),#1312,.T.);
#1383=ADVANCED_FACE('',(#197),#57,.F.);
#1384=ADVANCED_FACE('',(#198),#1313,.T.);
#1385=ADVANCED_FACE('',(#199,#29,#30,#31,#32,#33,#34,#35,#36,#37,#38,#39,
#40),#1314,.T.);
#1386=ADVANCED_FACE('',(#200),#1315,.T.);
#1387=ADVANCED_FACE('',(#201),#58,.F.);
#1388=ADVANCED_FACE('',(#202),#1316,.T.);
#1389=ADVANCED_FACE('',(#203),#59,.F.);
#1390=ADVANCED_FACE('',(#204,#41),#1317,.T.);
#1391=ADVANCED_FACE('',(#205),#1318,.T.);
#1392=ADVANCED_FACE('',(#206),#60,.T.);
#1393=ADVANCED_FACE('',(#207),#1319,.T.);
#1394=ADVANCED_FACE('',(#208),#61,.T.);
#1395=CLOSED_SHELL('',(#1320,#1321,#1322,#1323,#1324,#1325,#1326,#1327,
#1328,#1329,#1330,#1331,#1332,#1333,#1334,#1335,#1336,#1337,#1338,#1339,
#1340,#1341,#1342,#1343,#1344,#1345,#1346,#1347,#1348,#1349,#1350,#1351,
#1352,#1353,#1354,#1355,#1356,#1357,#1358,#1359,#1360,#1361,#1362,#1363,
#1364,#1365,#1366,#1367,#1368,#1369,#1370,#1371,#1372,#1373,#1374,#1375,
#1376,#1377,#1378,#1379,#1380,#1381,#1382,#1383,#1384,#1385,#1386,#1387,
#1388,#1389,#1390,#1391,#1392,#1393,#1394));
#1396=DERIVED_UNIT_ELEMENT(#1399,1.);
#1397=DERIVED_UNIT_ELEMENT(#2342,-3.);
#1398=DIMENSIONAL_EXPONENTS(0.,1.,0.,0.,0.,0.,0.);
#1399=(
CONVERSION_BASED_UNIT('gram',#1401)
MASS_UNIT()
NAMED_UNIT(#1398)
);
#1400=(
MASS_UNIT()
NAMED_UNIT(*)
SI_UNIT(.KILO.,.GRAM.)
);
#1401=MASS_MEASURE_WITH_UNIT(MASS_MEASURE(0.001),#1400);
#1402=DERIVED_UNIT((#1396,#1397));
#1403=MEASURE_REPRESENTATION_ITEM('density measure',
POSITIVE_RATIO_MEASURE(1.06),#1402);
#1404=PROPERTY_DEFINITION_REPRESENTATION(#1409,#1406);
#1405=PROPERTY_DEFINITION_REPRESENTATION(#1410,#1407);
#1406=REPRESENTATION('material name',(#1408),#2339);
#1407=REPRESENTATION('density',(#1403),#2339);
#1408=DESCRIPTIVE_REPRESENTATION_ITEM('ABS Plastic','ABS Plastic');
#1409=PROPERTY_DEFINITION('material property','material name',#2349);
#1410=PROPERTY_DEFINITION('material property','density of part',#2349);
#1411=DATE_TIME_ROLE('creation_date');
#1412=APPLIED_DATE_AND_TIME_ASSIGNMENT(#1413,#1411,(#2349));
#1413=DATE_AND_TIME(#1414,#1415);
#1414=CALENDAR_DATE(2026,18,5);
#1415=LOCAL_TIME(0,0,0.,#1416);
#1416=COORDINATED_UNIVERSAL_TIME_OFFSET(0,0,.BEHIND.);
#1417=AXIS2_PLACEMENT_3D('',#1948,#1549,#1550);
#1418=AXIS2_PLACEMENT_3D('',#1949,#1551,#1552);
#1419=AXIS2_PLACEMENT_3D('',#1958,#1557,#1558);
#1420=AXIS2_PLACEMENT_3D('',#1964,#1562,#1563);
#1421=AXIS2_PLACEMENT_3D('',#1970,#1567,#1568);
#1422=AXIS2_PLACEMENT_3D('',#1973,#1571,#1572);
#1423=AXIS2_PLACEMENT_3D('',#1974,#1573,#1574);
#1424=AXIS2_PLACEMENT_3D('',#1983,#1579,#1580);
#1425=AXIS2_PLACEMENT_3D('',#1989,#1584,#1585);
#1426=AXIS2_PLACEMENT_3D('',#1995,#1589,#1590);
#1427=AXIS2_PLACEMENT_3D('',#2001,#1594,#1595);
#1428=AXIS2_PLACEMENT_3D('',#2007,#1599,#1600);
#1429=AXIS2_PLACEMENT_3D('',#2013,#1604,#1605);
#1430=AXIS2_PLACEMENT_3D('',#2016,#1608,#1609);
#1431=AXIS2_PLACEMENT_3D('',#2017,#1610,#1611);
#1432=AXIS2_PLACEMENT_3D('',#2026,#1616,#1617);
#1433=AXIS2_PLACEMENT_3D('',#2032,#1621,#1622);
#1434=AXIS2_PLACEMENT_3D('',#2038,#1626,#1627);
#1435=AXIS2_PLACEMENT_3D('',#2044,#1631,#1632);
#1436=AXIS2_PLACEMENT_3D('',#2050,#1636,#1637);
#1437=AXIS2_PLACEMENT_3D('',#2056,#1641,#1642);
#1438=AXIS2_PLACEMENT_3D('',#2062,#1646,#1647);
#1439=AXIS2_PLACEMENT_3D('',#2068,#1651,#1652);
#1440=AXIS2_PLACEMENT_3D('',#2074,#1656,#1657);
#1441=AXIS2_PLACEMENT_3D('',#2077,#1660,#1661);
#1442=AXIS2_PLACEMENT_3D('',#2078,#1662,#1663);
#1443=AXIS2_PLACEMENT_3D('',#2087,#1668,#1669);
#1444=AXIS2_PLACEMENT_3D('',#2091,#1671,#1672);
#1445=AXIS2_PLACEMENT_3D('',#2092,#1673,#1674);
#1446=AXIS2_PLACEMENT_3D('',#2093,#1675,#1676);
#1447=AXIS2_PLACEMENT_3D('',#2099,#1680,#1681);
#1448=AXIS2_PLACEMENT_3D('',#2103,#1683,#1684);
#1449=AXIS2_PLACEMENT_3D('',#2104,#1685,#1686);
#1450=AXIS2_PLACEMENT_3D('',#2105,#1687,#1688);
#1451=AXIS2_PLACEMENT_3D('',#2111,#1692,#1693);
#1452=AXIS2_PLACEMENT_3D('',#2115,#1695,#1696);
#1453=AXIS2_PLACEMENT_3D('',#2116,#1697,#1698);
#1454=AXIS2_PLACEMENT_3D('',#2117,#1699,#1700);
#1455=AXIS2_PLACEMENT_3D('',#2123,#1704,#1705);
#1456=AXIS2_PLACEMENT_3D('',#2124,#1706,#1707);
#1457=AXIS2_PLACEMENT_3D('',#2125,#1708,#1709);
#1458=AXIS2_PLACEMENT_3D('',#2126,#1710,#1711);
#1459=AXIS2_PLACEMENT_3D('',#2130,#1713,#1714);
#1460=AXIS2_PLACEMENT_3D('',#2132,#1716,#1717);
#1461=AXIS2_PLACEMENT_3D('',#2136,#1720,#1721);
#1462=AXIS2_PLACEMENT_3D('',#2139,#1723,#1724);
#1463=AXIS2_PLACEMENT_3D('',#2140,#1725,#1726);
#1464=AXIS2_PLACEMENT_3D('',#2144,#1729,#1730);
#1465=AXIS2_PLACEMENT_3D('',#2146,#1731,#1732);
#1466=AXIS2_PLACEMENT_3D('',#2148,#1733,#1734);
#1467=AXIS2_PLACEMENT_3D('',#2150,#1735,#1736);
#1468=AXIS2_PLACEMENT_3D('',#2152,#1737,#1738);
#1469=AXIS2_PLACEMENT_3D('',#2154,#1739,#1740);
#1470=AXIS2_PLACEMENT_3D('',#2156,#1741,#1742);
#1471=AXIS2_PLACEMENT_3D('',#2158,#1743,#1744);
#1472=AXIS2_PLACEMENT_3D('',#2160,#1745,#1746);
#1473=AXIS2_PLACEMENT_3D('',#2162,#1747,#1748);
#1474=AXIS2_PLACEMENT_3D('',#2164,#1749,#1750);
#1475=AXIS2_PLACEMENT_3D('',#2166,#1751,#1752);
#1476=AXIS2_PLACEMENT_3D('',#2168,#1753,#1754);
#1477=AXIS2_PLACEMENT_3D('',#2169,#1755,#1756);
#1478=AXIS2_PLACEMENT_3D('',#2173,#1758,#1759);
#1479=AXIS2_PLACEMENT_3D('',#2174,#1760,#1761);
#1480=AXIS2_PLACEMENT_3D('',#2175,#1762,#1763);
#1481=AXIS2_PLACEMENT_3D('',#2178,#1765,#1766);
#1482=AXIS2_PLACEMENT_3D('',#2179,#1767,#1768);
#1483=AXIS2_PLACEMENT_3D('',#2183,#1770,#1771);
#1484=AXIS2_PLACEMENT_3D('',#2184,#1772,#1773);
#1485=AXIS2_PLACEMENT_3D('',#2185,#1774,#1775);
#1486=AXIS2_PLACEMENT_3D('',#2188,#1777,#1778);
#1487=AXIS2_PLACEMENT_3D('',#2189,#1779,#1780);
#1488=AXIS2_PLACEMENT_3D('',#2193,#1782,#1783);
#1489=AXIS2_PLACEMENT_3D('',#2194,#1784,#1785);
#1490=AXIS2_PLACEMENT_3D('',#2195,#1786,#1787);
#1491=AXIS2_PLACEMENT_3D('',#2198,#1789,#1790);
#1492=AXIS2_PLACEMENT_3D('',#2199,#1791,#1792);
#1493=AXIS2_PLACEMENT_3D('',#2203,#1794,#1795);
#1494=AXIS2_PLACEMENT_3D('',#2204,#1796,#1797);
#1495=AXIS2_PLACEMENT_3D('',#2205,#1798,#1799);
#1496=AXIS2_PLACEMENT_3D('',#2208,#1801,#1802);
#1497=AXIS2_PLACEMENT_3D('',#2209,#1803,#1804);
#1498=AXIS2_PLACEMENT_3D('',#2212,#1806,#1807);
#1499=AXIS2_PLACEMENT_3D('',#2213,#1808,#1809);
#1500=AXIS2_PLACEMENT_3D('',#2216,#1811,#1812);
#1501=AXIS2_PLACEMENT_3D('',#2217,#1813,#1814);
#1502=AXIS2_PLACEMENT_3D('',#2220,#1816,#1817);
#1503=AXIS2_PLACEMENT_3D('',#2221,#1818,#1819);
#1504=AXIS2_PLACEMENT_3D('',#2224,#1821,#1822);
#1505=AXIS2_PLACEMENT_3D('',#2225,#1823,#1824);
#1506=AXIS2_PLACEMENT_3D('',#2228,#1826,#1827);
#1507=AXIS2_PLACEMENT_3D('',#2229,#1828,#1829);
#1508=AXIS2_PLACEMENT_3D('',#2232,#1831,#1832);
#1509=AXIS2_PLACEMENT_3D('',#2233,#1833,#1834);
#1510=AXIS2_PLACEMENT_3D('',#2236,#1836,#1837);
#1511=AXIS2_PLACEMENT_3D('',#2237,#1838,#1839);
#1512=AXIS2_PLACEMENT_3D('',#2240,#1841,#1842);
#1513=AXIS2_PLACEMENT_3D('',#2241,#1843,#1844);
#1514=AXIS2_PLACEMENT_3D('',#2250,#1849,#1850);
#1515=AXIS2_PLACEMENT_3D('',#2254,#1852,#1853);
#1516=AXIS2_PLACEMENT_3D('',#2255,#1854,#1855);
#1517=AXIS2_PLACEMENT_3D('',#2256,#1856,#1857);
#1518=AXIS2_PLACEMENT_3D('',#2262,#1861,#1862);
#1519=AXIS2_PLACEMENT_3D('',#2266,#1864,#1865);
#1520=AXIS2_PLACEMENT_3D('',#2267,#1866,#1867);
#1521=AXIS2_PLACEMENT_3D('',#2268,#1868,#1869);
#1522=AXIS2_PLACEMENT_3D('',#2274,#1873,#1874);
#1523=AXIS2_PLACEMENT_3D('',#2278,#1876,#1877);
#1524=AXIS2_PLACEMENT_3D('',#2279,#1878,#1879);
#1525=AXIS2_PLACEMENT_3D('',#2280,#1880,#1881);
#1526=AXIS2_PLACEMENT_3D('',#2286,#1885,#1886);
#1527=AXIS2_PLACEMENT_3D('',#2287,#1887,#1888);
#1528=AXIS2_PLACEMENT_3D('',#2288,#1889,#1890);
#1529=AXIS2_PLACEMENT_3D('',#2289,#1891,#1892);
#1530=AXIS2_PLACEMENT_3D('',#2293,#1894,#1895);
#1531=AXIS2_PLACEMENT_3D('',#2295,#1897,#1898);
#1532=AXIS2_PLACEMENT_3D('',#2299,#1901,#1902);
#1533=AXIS2_PLACEMENT_3D('',#2302,#1904,#1905);
#1534=AXIS2_PLACEMENT_3D('',#2303,#1906,#1907);
#1535=AXIS2_PLACEMENT_3D('',#2307,#1910,#1911);
#1536=AXIS2_PLACEMENT_3D('',#2308,#1912,#1913);
#1537=AXIS2_PLACEMENT_3D('',#2312,#1916,#1917);
#1538=AXIS2_PLACEMENT_3D('',#2314,#1918,#1919);
#1539=AXIS2_PLACEMENT_3D('',#2316,#1921,#1922);
#1540=AXIS2_PLACEMENT_3D('',#2320,#1925,#1926);
#1541=AXIS2_PLACEMENT_3D('',#2321,#1927,#1928);
#1542=AXIS2_PLACEMENT_3D('',#2322,#1929,#1930);
#1543=AXIS2_PLACEMENT_3D('',#2324,#1931,#1932);
#1544=AXIS2_PLACEMENT_3D('',#2328,#1934,#1935);
#1545=AXIS2_PLACEMENT_3D('',#2330,#1937,#1938);
#1546=AXIS2_PLACEMENT_3D('',#2332,#1940,#1941);
#1547=AXIS2_PLACEMENT_3D('',#2334,#1943,#1944);
#1548=AXIS2_PLACEMENT_3D('',#2336,#1946,#1947);
#1549=DIRECTION('axis',(0.,0.,1.));
#1550=DIRECTION('refdir',(1.,0.,0.));
#1551=DIRECTION('center_axis',(0.384477311496524,-0.923134441424653,0.));
#1552=DIRECTION('ref_axis',(0.923134441424653,0.384477311496523,0.));
#1553=DIRECTION('',(0.923134441424653,0.384477311496523,0.));
#1554=DIRECTION('',(0.,0.,1.));
#1555=DIRECTION('',(0.923134441424653,0.384477311496523,0.));
#1556=DIRECTION('',(0.,0.,1.));
#1557=DIRECTION('center_axis',(-0.422931465848093,-0.906161671665483,0.));
#1558=DIRECTION('ref_axis',(0.906161671665483,-0.422931465848093,0.));
#1559=DIRECTION('',(0.906161671665483,-0.422931465848093,0.));
#1560=DIRECTION('',(0.,0.,1.));
#1561=DIRECTION('',(0.906161671665483,-0.422931465848093,0.));
#1562=DIRECTION('center_axis',(-0.384477311496524,0.923134441424653,0.));
#1563=DIRECTION('ref_axis',(-0.923134441424653,-0.384477311496523,0.));
#1564=DIRECTION('',(-0.923134441424653,-0.384477311496523,0.));
#1565=DIRECTION('',(0.,0.,1.));
#1566=DIRECTION('',(-0.923134441424653,-0.384477311496523,0.));
#1567=DIRECTION('center_axis',(0.422931465848093,0.906161671665483,0.));
#1568=DIRECTION('ref_axis',(-0.906161671665483,0.422931465848093,0.));
#1569=DIRECTION('',(-0.906161671665483,0.422931465848093,0.));
#1570=DIRECTION('',(-0.906161671665483,0.422931465848093,0.));
#1571=DIRECTION('center_axis',(0.,0.,1.));
#1572=DIRECTION('ref_axis',(1.,0.,0.));
#1573=DIRECTION('center_axis',(0.422931465848093,0.906161671665483,0.));
#1574=DIRECTION('ref_axis',(-0.906161671665483,0.422931465848093,0.));
#1575=DIRECTION('',(-0.906161671665483,0.422931465848093,0.));
#1576=DIRECTION('',(0.,0.,1.));
#1577=DIRECTION('',(-0.906161671665483,0.422931465848093,0.));
#1578=DIRECTION('',(0.,0.,1.));
#1579=DIRECTION('center_axis',(1.,0.,0.));
#1580=DIRECTION('ref_axis',(0.,1.,0.));
#1581=DIRECTION('',(0.,1.,0.));
#1582=DIRECTION('',(0.,0.,1.));
#1583=DIRECTION('',(0.,1.,0.));
#1584=DIRECTION('center_axis',(-0.422931465848093,-0.906161671665483,0.));
#1585=DIRECTION('ref_axis',(0.906161671665483,-0.422931465848093,0.));
#1586=DIRECTION('',(0.906161671665483,-0.422931465848093,0.));
#1587=DIRECTION('',(0.,0.,1.));
#1588=DIRECTION('',(0.906161671665483,-0.422931465848093,0.));
#1589=DIRECTION('center_axis',(0.384477311496524,-0.923134441424653,0.));
#1590=DIRECTION('ref_axis',(0.923134441424653,0.384477311496523,0.));
#1591=DIRECTION('',(0.923134441424653,0.384477311496523,0.));
#1592=DIRECTION('',(0.,0.,1.));
#1593=DIRECTION('',(0.923134441424653,0.384477311496523,0.));
#1594=DIRECTION('center_axis',(-1.,0.,0.));
#1595=DIRECTION('ref_axis',(0.,-1.,0.));
#1596=DIRECTION('',(0.,-1.,0.));
#1597=DIRECTION('',(0.,0.,1.));
#1598=DIRECTION('',(0.,-1.,0.));
#1599=DIRECTION('center_axis',(-0.384477311496524,0.923134441424653,0.));
#1600=DIRECTION('ref_axis',(-0.923134441424653,-0.384477311496523,0.));
#1601=DIRECTION('',(-0.923134441424653,-0.384477311496523,0.));
#1602=DIRECTION('',(0.,0.,1.));
#1603=DIRECTION('',(-0.923134441424653,-0.384477311496523,0.));
#1604=DIRECTION('center_axis',(-1.,0.,0.));
#1605=DIRECTION('ref_axis',(0.,-1.,0.));
#1606=DIRECTION('',(0.,-1.,0.));
#1607=DIRECTION('',(0.,-1.,0.));
#1608=DIRECTION('center_axis',(0.,0.,1.));
#1609=DIRECTION('ref_axis',(1.,0.,0.));
#1610=DIRECTION('center_axis',(0.383065904519565,-0.92372101458969,0.));
#1611=DIRECTION('ref_axis',(0.92372101458969,0.383065904519565,0.));
#1612=DIRECTION('',(0.92372101458969,0.383065904519565,0.));
#1613=DIRECTION('',(0.,0.,1.));
#1614=DIRECTION('',(0.92372101458969,0.383065904519565,0.));
#1615=DIRECTION('',(0.,0.,1.));
#1616=DIRECTION('center_axis',(-1.,0.,0.));
#1617=DIRECTION('ref_axis',(0.,-1.,0.));
#1618=DIRECTION('',(0.,-1.,0.));
#1619=DIRECTION('',(0.,0.,1.));
#1620=DIRECTION('',(0.,-1.,0.));
#1621=DIRECTION('center_axis',(-0.383065904519568,0.923721014589689,0.));
#1622=DIRECTION('ref_axis',(-0.92372101458969,-0.383065904519568,0.));
#1623=DIRECTION('',(-0.92372101458969,-0.383065904519568,0.));
#1624=DIRECTION('',(0.,0.,1.));
#1625=DIRECTION('',(-0.92372101458969,-0.383065904519568,0.));
#1626=DIRECTION('center_axis',(0.428259671358156,0.903655716458544,0.));
#1627=DIRECTION('ref_axis',(-0.903655716458544,0.428259671358155,0.));
#1628=DIRECTION('',(-0.903655716458544,0.428259671358155,0.));
#1629=DIRECTION('',(0.,0.,1.));
#1630=DIRECTION('',(-0.903655716458544,0.428259671358155,0.));
#1631=DIRECTION('center_axis',(1.,0.,0.));
#1632=DIRECTION('ref_axis',(0.,1.,0.));
#1633=DIRECTION('',(0.,1.,0.));
#1634=DIRECTION('',(0.,0.,1.));
#1635=DIRECTION('',(0.,1.,0.));
#1636=DIRECTION('center_axis',(-0.421761865166272,-0.906706638936469,0.));
#1637=DIRECTION('ref_axis',(0.906706638936469,-0.421761865166272,0.));
#1638=DIRECTION('',(0.906706638936469,-0.421761865166272,0.));
#1639=DIRECTION('',(0.,0.,1.));
#1640=DIRECTION('',(0.906706638936469,-0.421761865166272,0.));
#1641=DIRECTION('center_axis',(0.384154458926681,-0.923268840417973,0.));
#1642=DIRECTION('ref_axis',(0.923268840417973,0.384154458926681,0.));
#1643=DIRECTION('',(0.923268840417973,0.384154458926681,0.));
#1644=DIRECTION('',(0.,0.,1.));
#1645=DIRECTION('',(0.923268840417973,0.384154458926681,0.));
#1646=DIRECTION('center_axis',(-1.,0.,0.));
#1647=DIRECTION('ref_axis',(0.,-1.,0.));
#1648=DIRECTION('',(0.,-1.,0.));
#1649=DIRECTION('',(0.,0.,1.));
#1650=DIRECTION('',(0.,-1.,0.));
#1651=DIRECTION('center_axis',(-0.383065904519565,0.92372101458969,0.));
#1652=DIRECTION('ref_axis',(-0.92372101458969,-0.383065904519565,0.));
#1653=DIRECTION('',(-0.92372101458969,-0.383065904519565,0.));
#1654=DIRECTION('',(0.,0.,1.));
#1655=DIRECTION('',(-0.92372101458969,-0.383065904519565,0.));
#1656=DIRECTION('center_axis',(-1.,0.,0.));
#1657=DIRECTION('ref_axis',(0.,-1.,0.));
#1658=DIRECTION('',(0.,-1.,0.));
#1659=DIRECTION('',(0.,-1.,0.));
#1660=DIRECTION('center_axis',(0.,0.,1.));
#1661=DIRECTION('ref_axis',(1.,0.,0.));
#1662=DIRECTION('center_axis',(0.,0.707106781186549,-0.707106781186546));
#1663=DIRECTION('ref_axis',(-1.,0.,0.));
#1664=DIRECTION('',(0.,0.707106781186546,0.707106781186549));
#1665=DIRECTION('',(1.,0.,0.));
#1666=DIRECTION('',(0.,-0.707106781186546,-0.707106781186549));
#1667=DIRECTION('',(-1.,0.,0.));
#1668=DIRECTION('center_axis',(0.,0.,1.));
#1669=DIRECTION('ref_axis',(-1.88737914186276E-15,1.,0.));
#1670=DIRECTION('',(-0.707106781186547,0.,0.707106781186548));
#1671=DIRECTION('center_axis',(0.,0.,-1.));
#1672=DIRECTION('ref_axis',(-1.88737914186276E-15,1.,0.));
#1673=DIRECTION('center_axis',(0.,0.,1.));
#1674=DIRECTION('ref_axis',(-1.88737914186276E-15,1.,0.));
#1675=DIRECTION('center_axis',(-0.707106781186547,-2.13222432660759E-16,
-0.707106781186548));
#1676=DIRECTION('ref_axis',(-0.707106781186548,0.,0.707106781186547));
#1677=DIRECTION('',(-0.707106781186548,0.,0.707106781186547));
#1678=DIRECTION('',(-3.0154205607103E-16,1.,0.));
#1679=DIRECTION('',(3.0154205607103E-16,-1.,0.));
#1680=DIRECTION('center_axis',(0.,0.,1.));
#1681=DIRECTION('ref_axis',(-1.,-2.22044604925031E-16,0.));
#1682=DIRECTION('',(-7.85046229341887E-16,-0.707106781186548,0.707106781186547));
#1683=DIRECTION('center_axis',(0.,0.,-1.));
#1684=DIRECTION('ref_axis',(-1.,-2.22044604925031E-16,0.));
#1685=DIRECTION('center_axis',(0.,0.,1.));
#1686=DIRECTION('ref_axis',(-1.,-2.22044604925031E-16,0.));
#1687=DIRECTION('center_axis',(0.,-0.707106781186547,-0.707106781186548));
#1688=DIRECTION('ref_axis',(-1.,0.,0.));
#1689=DIRECTION('',(0.,-0.707106781186548,0.707106781186547));
#1690=DIRECTION('',(-1.,0.,0.));
#1691=DIRECTION('',(1.,0.,0.));
#1692=DIRECTION('center_axis',(0.,0.,1.));
#1693=DIRECTION('ref_axis',(0.,-1.,0.));
#1694=DIRECTION('',(0.707106781186546,1.57009245868378E-15,0.707106781186549));
#1695=DIRECTION('center_axis',(0.,0.,-1.));
#1696=DIRECTION('ref_axis',(0.,-1.,0.));
#1697=DIRECTION('center_axis',(0.,0.,1.));
#1698=DIRECTION('ref_axis',(0.,-1.,0.));
#1699=DIRECTION('center_axis',(0.707106781186549,3.10141720233833E-16,-0.707106781186546));
#1700=DIRECTION('ref_axis',(-0.707106781186546,0.,-0.707106781186549));
#1701=DIRECTION('',(0.707106781186546,0.,0.707106781186549));
#1702=DIRECTION('',(4.38606627012407E-16,-1.,0.));
#1703=DIRECTION('',(-4.38606627012407E-16,1.,0.));
#1704=DIRECTION('center_axis',(0.,0.,1.));
#1705=DIRECTION('ref_axis',(1.,-8.88178419700127E-16,0.));
#1706=DIRECTION('center_axis',(0.,0.,-1.));
#1707=DIRECTION('ref_axis',(1.,-8.88178419700127E-16,0.));
#1708=DIRECTION('center_axis',(0.,0.,1.));
#1709=DIRECTION('ref_axis',(1.,-8.88178419700127E-16,0.));
#1710=DIRECTION('center_axis',(0.,0.,1.));
#1711=DIRECTION('ref_axis',(0.,-1.,0.));
#1712=DIRECTION('',(0.,0.,1.));
#1713=DIRECTION('center_axis',(0.,0.,1.));
#1714=DIRECTION('ref_axis',(0.,-1.,0.));
#1715=DIRECTION('',(0.,0.,1.));
#1716=DIRECTION('center_axis',(1.,4.38606627012407E-16,0.));
#1717=DIRECTION('ref_axis',(-4.38606627012407E-16,1.,0.));
#1718=DIRECTION('',(0.,0.,1.));
#1719=DIRECTION('',(-4.38606627012407E-16,1.,0.));
#1720=DIRECTION('center_axis',(0.,0.,1.));
#1721=DIRECTION('ref_axis',(1.,-8.88178419700127E-16,0.));
#1722=DIRECTION('',(0.,0.,1.));
#1723=DIRECTION('center_axis',(0.,0.,1.));
#1724=DIRECTION('ref_axis',(1.,-8.88178419700127E-16,0.));
#1725=DIRECTION('center_axis',(0.,1.,0.));
#1726=DIRECTION('ref_axis',(-1.,0.,0.));
#1727=DIRECTION('',(0.,0.,1.));
#1728=DIRECTION('',(-1.,0.,0.));
#1729=DIRECTION('center_axis',(0.,0.,1.));
#1730=DIRECTION('ref_axis',(1.,0.,0.));
#1731=DIRECTION('center_axis',(0.,0.,-1.));
#1732=DIRECTION('ref_axis',(1.,0.,0.));
#1733=DIRECTION('center_axis',(0.,0.,-1.));
#1734=DIRECTION('ref_axis',(1.,0.,0.));
#1735=DIRECTION('center_axis',(0.,0.,1.));
#1736=DIRECTION('ref_axis',(-1.,0.,0.));
#1737=DIRECTION('center_axis',(0.,0.,1.));
#1738=DIRECTION('ref_axis',(-1.,0.,0.));
#1739=DIRECTION('center_axis',(0.,0.,1.));
#1740=DIRECTION('ref_axis',(-1.,0.,0.));
#1741=DIRECTION('center_axis',(0.,0.,1.));
#1742=DIRECTION('ref_axis',(-1.,0.,0.));
#1743=DIRECTION('center_axis',(0.,0.,1.));
#1744=DIRECTION('ref_axis',(-1.,0.,0.));
#1745=DIRECTION('center_axis',(0.,0.,1.));
#1746=DIRECTION('ref_axis',(-1.,0.,0.));
#1747=DIRECTION('center_axis',(0.,0.,1.));
#1748=DIRECTION('ref_axis',(-1.,0.,0.));
#1749=DIRECTION('center_axis',(0.,0.,1.));
#1750=DIRECTION('ref_axis',(-1.,0.,0.));
#1751=DIRECTION('center_axis',(0.,0.,-1.));
#1752=DIRECTION('ref_axis',(1.,0.,0.));
#1753=DIRECTION('center_axis',(0.,0.,-1.));
#1754=DIRECTION('ref_axis',(1.,0.,0.));
#1755=DIRECTION('center_axis',(0.,0.,-1.));
#1756=DIRECTION('ref_axis',(1.,0.,0.));
#1757=DIRECTION('',(0.707106781186547,-8.65956056235493E-17,0.707106781186548));
#1758=DIRECTION('center_axis',(0.,0.,1.));
#1759=DIRECTION('ref_axis',(1.,0.,0.));
#1760=DIRECTION('center_axis',(0.,0.,1.));
#1761=DIRECTION('ref_axis',(1.,0.,0.));
#1762=DIRECTION('center_axis',(0.,0.,1.));
#1763=DIRECTION('ref_axis',(-1.,0.,0.));
#1764=DIRECTION('',(0.,0.,1.));
#1765=DIRECTION('center_axis',(0.,0.,-1.));
#1766=DIRECTION('ref_axis',(-1.,0.,0.));
#1767=DIRECTION('center_axis',(0.,0.,-1.));
#1768=DIRECTION('ref_axis',(1.,0.,0.));
#1769=DIRECTION('',(0.707106781186548,-8.65956056235494E-17,0.707106781186547));
#1770=DIRECTION('center_axis',(0.,0.,1.));
#1771=DIRECTION('ref_axis',(1.,0.,0.));
#1772=DIRECTION('center_axis',(0.,0.,1.));
#1773=DIRECTION('ref_axis',(1.,0.,0.));
#1774=DIRECTION('center_axis',(0.,0.,1.));
#1775=DIRECTION('ref_axis',(-1.,0.,0.));
#1776=DIRECTION('',(0.,0.,1.));
#1777=DIRECTION('center_axis',(0.,0.,-1.));
#1778=DIRECTION('ref_axis',(-1.,0.,0.));
#1779=DIRECTION('center_axis',(0.,0.,-1.));
#1780=DIRECTION('ref_axis',(1.,0.,0.));
#1781=DIRECTION('',(0.707106781186547,-8.65956056235493E-17,0.707106781186548));
#1782=DIRECTION('center_axis',(0.,0.,1.));
#1783=DIRECTION('ref_axis',(1.,0.,0.));
#1784=DIRECTION('center_axis',(0.,0.,1.));
#1785=DIRECTION('ref_axis',(1.,0.,0.));
#1786=DIRECTION('center_axis',(0.,0.,1.));
#1787=DIRECTION('ref_axis',(-1.,0.,0.));
#1788=DIRECTION('',(0.,0.,1.));
#1789=DIRECTION('center_axis',(0.,0.,-1.));
#1790=DIRECTION('ref_axis',(-1.,0.,0.));
#1791=DIRECTION('center_axis',(0.,0.,-1.));
#1792=DIRECTION('ref_axis',(1.,0.,0.));
#1793=DIRECTION('',(0.707106781186547,-8.65956056235493E-17,0.707106781186548));
#1794=DIRECTION('center_axis',(0.,0.,1.));
#1795=DIRECTION('ref_axis',(1.,0.,0.));
#1796=DIRECTION('center_axis',(0.,0.,1.));
#1797=DIRECTION('ref_axis',(1.,0.,0.));
#1798=DIRECTION('center_axis',(0.,0.,1.));
#1799=DIRECTION('ref_axis',(-1.,0.,0.));
#1800=DIRECTION('',(0.,0.,1.));
#1801=DIRECTION('center_axis',(0.,0.,-1.));
#1802=DIRECTION('ref_axis',(-1.,0.,0.));
#1803=DIRECTION('center_axis',(0.,0.,1.));
#1804=DIRECTION('ref_axis',(-1.,0.,0.));
#1805=DIRECTION('',(0.,0.,1.));
#1806=DIRECTION('center_axis',(0.,0.,-1.));
#1807=DIRECTION('ref_axis',(-1.,0.,0.));
#1808=DIRECTION('center_axis',(0.,0.,1.));
#1809=DIRECTION('ref_axis',(-1.,0.,0.));
#1810=DIRECTION('',(0.,0.,1.));
#1811=DIRECTION('center_axis',(0.,0.,-1.));
#1812=DIRECTION('ref_axis',(-1.,0.,0.));
#1813=DIRECTION('center_axis',(0.,0.,1.));
#1814=DIRECTION('ref_axis',(-1.,0.,0.));
#1815=DIRECTION('',(0.,0.,1.));
#1816=DIRECTION('center_axis',(0.,0.,-1.));
#1817=DIRECTION('ref_axis',(-1.,0.,0.));
#1818=DIRECTION('center_axis',(0.,0.,1.));
#1819=DIRECTION('ref_axis',(-1.,0.,0.));
#1820=DIRECTION('',(0.,0.,1.));
#1821=DIRECTION('center_axis',(0.,0.,-1.));
#1822=DIRECTION('ref_axis',(-1.,0.,0.));
#1823=DIRECTION('center_axis',(0.,0.,1.));
#1824=DIRECTION('ref_axis',(-1.,0.,0.));
#1825=DIRECTION('',(0.,0.,1.));
#1826=DIRECTION('center_axis',(0.,0.,-1.));
#1827=DIRECTION('ref_axis',(-1.,0.,0.));
#1828=DIRECTION('center_axis',(0.,0.,1.));
#1829=DIRECTION('ref_axis',(-1.,0.,0.));
#1830=DIRECTION('',(0.,0.,1.));
#1831=DIRECTION('center_axis',(0.,0.,-1.));
#1832=DIRECTION('ref_axis',(-1.,0.,0.));
#1833=DIRECTION('center_axis',(0.,0.,1.));
#1834=DIRECTION('ref_axis',(-1.,0.,0.));
#1835=DIRECTION('',(0.,0.,1.));
#1836=DIRECTION('center_axis',(0.,0.,-1.));
#1837=DIRECTION('ref_axis',(-1.,0.,0.));
#1838=DIRECTION('center_axis',(0.,0.,1.));
#1839=DIRECTION('ref_axis',(-1.,0.,0.));
#1840=DIRECTION('',(0.,0.,1.));
#1841=DIRECTION('center_axis',(0.,0.,-1.));
#1842=DIRECTION('ref_axis',(-1.,0.,0.));
#1843=DIRECTION('center_axis',(0.707106781186549,3.87677150292291E-16,0.707106781186546));
#1844=DIRECTION('ref_axis',(0.707106781186546,0.,-0.707106781186549));
#1845=DIRECTION('',(0.707106781186546,0.,-0.707106781186549));
#1846=DIRECTION('',(-5.4825828376551E-16,1.,0.));
#1847=DIRECTION('',(-0.707106781186546,0.,0.707106781186549));
#1848=DIRECTION('',(5.4825828376551E-16,-1.,0.));
#1849=DIRECTION('center_axis',(0.,0.,1.));
#1850=DIRECTION('ref_axis',(-1.,-4.92065606482064E-16,0.));
#1851=DIRECTION('',(0.,0.707106781186546,-0.707106781186549));
#1852=DIRECTION('center_axis',(0.,0.,-1.));
#1853=DIRECTION('ref_axis',(-1.,-4.92065606482064E-16,0.));
#1854=DIRECTION('center_axis',(0.,0.,1.));
#1855=DIRECTION('ref_axis',(-1.,-4.92065606482064E-16,0.));
#1856=DIRECTION('center_axis',(-7.75354300584582E-17,0.707106781186549,
0.707106781186546));
#1857=DIRECTION('ref_axis',(1.,0.,1.09651656753102E-16));
#1858=DIRECTION('',(0.,0.707106781186546,-0.707106781186549));
#1859=DIRECTION('',(-1.,-1.09651656753102E-16,0.));
#1860=DIRECTION('',(1.,1.09651656753102E-16,0.));
#1861=DIRECTION('center_axis',(0.,0.,1.));
#1862=DIRECTION('ref_axis',(0.,-1.,0.));
#1863=DIRECTION('',(-0.707106781186546,-1.57009245868378E-15,-0.707106781186549));
#1864=DIRECTION('center_axis',(0.,0.,-1.));
#1865=DIRECTION('ref_axis',(0.,-1.,0.));
#1866=DIRECTION('center_axis',(0.,0.,1.));
#1867=DIRECTION('ref_axis',(0.,-1.,0.));
#1868=DIRECTION('center_axis',(-0.707106781186555,-3.10141720233835E-16,
0.70710678118654));
#1869=DIRECTION('ref_axis',(0.70710678118654,0.,0.707106781186555));
#1870=DIRECTION('',(-0.707106781186546,0.,-0.707106781186549));
#1871=DIRECTION('',(4.38606627012407E-16,-1.,0.));
#1872=DIRECTION('',(-4.38606627012407E-16,1.,0.));
#1873=DIRECTION('center_axis',(0.,0.,1.));
#1874=DIRECTION('ref_axis',(1.,9.8413121296413E-16,0.));
#1875=DIRECTION('',(0.,-0.707106781186546,-0.707106781186549));
#1876=DIRECTION('center_axis',(0.,0.,-1.));
#1877=DIRECTION('ref_axis',(1.,9.8413121296413E-16,0.));
#1878=DIRECTION('center_axis',(0.,0.,1.));
#1879=DIRECTION('ref_axis',(1.,9.8413121296413E-16,0.));
#1880=DIRECTION('center_axis',(0.,-0.707106781186549,0.707106781186546));
#1881=DIRECTION('ref_axis',(1.,0.,0.));
#1882=DIRECTION('',(0.,-0.707106781186546,-0.707106781186549));
#1883=DIRECTION('',(1.,0.,0.));
#1884=DIRECTION('',(-1.,0.,0.));
#1885=DIRECTION('center_axis',(0.,0.,1.));
#1886=DIRECTION('ref_axis',(-1.23016401620516E-16,1.,0.));
#1887=DIRECTION('center_axis',(0.,0.,-1.));
#1888=DIRECTION('ref_axis',(-1.23016401620516E-16,1.,0.));
#1889=DIRECTION('center_axis',(0.,0.,1.));
#1890=DIRECTION('ref_axis',(-1.23016401620516E-16,1.,0.));
#1891=DIRECTION('center_axis',(0.,0.,1.));
#1892=DIRECTION('ref_axis',(0.,1.,0.));
#1893=DIRECTION('',(0.,0.,1.));
#1894=DIRECTION('center_axis',(0.,0.,-1.));
#1895=DIRECTION('ref_axis',(0.,1.,0.));
#1896=DIRECTION('',(0.,0.,1.));
#1897=DIRECTION('center_axis',(-1.09651656753102E-16,1.,0.));
#1898=DIRECTION('ref_axis',(-1.,-1.09651656753102E-16,0.));
#1899=DIRECTION('',(0.,0.,1.));
#1900=DIRECTION('',(-1.,-1.09651656753102E-16,0.));
#1901=DIRECTION('center_axis',(0.,0.,1.));
#1902=DIRECTION('ref_axis',(1.,4.92065606482064E-16,0.));
#1903=DIRECTION('',(0.,0.,1.));
#1904=DIRECTION('center_axis',(0.,0.,-1.));
#1905=DIRECTION('ref_axis',(1.,4.92065606482064E-16,0.));
#1906=DIRECTION('center_axis',(1.,5.4825828376551E-16,0.));
#1907=DIRECTION('ref_axis',(-5.4825828376551E-16,1.,0.));
#1908=DIRECTION('',(0.,0.,1.));
#1909=DIRECTION('',(-5.4825828376551E-16,1.,0.));
#1910=DIRECTION('center_axis',(0.,0.,1.));
#1911=DIRECTION('ref_axis',(1.,0.,0.));
#1912=DIRECTION('center_axis',(-1.,-4.38606627012407E-16,0.));
#1913=DIRECTION('ref_axis',(4.38606627012407E-16,-1.,0.));
#1914=DIRECTION('',(4.38606627012407E-16,-1.,0.));
#1915=DIRECTION('',(0.,0.,1.));
#1916=DIRECTION('center_axis',(0.,0.,1.));
#1917=DIRECTION('ref_axis',(-1.,-9.8413121296413E-16,0.));
#1918=DIRECTION('center_axis',(0.,0.,-1.));
#1919=DIRECTION('ref_axis',(-1.,-9.8413121296413E-16,0.));
#1920=DIRECTION('',(0.,0.,1.));
#1921=DIRECTION('center_axis',(0.,-1.,0.));
#1922=DIRECTION('ref_axis',(1.,0.,0.));
#1923=DIRECTION('',(1.,0.,0.));
#1924=DIRECTION('',(0.,0.,1.));
#1925=DIRECTION('center_axis',(0.,0.,1.));
#1926=DIRECTION('ref_axis',(1.23016401620516E-16,-1.,0.));
#1927=DIRECTION('center_axis',(0.,0.,-1.));
#1928=DIRECTION('ref_axis',(1.23016401620516E-16,-1.,0.));
#1929=DIRECTION('center_axis',(0.,0.,1.));
#1930=DIRECTION('ref_axis',(1.,0.,0.));
#1931=DIRECTION('center_axis',(0.,0.,1.));
#1932=DIRECTION('ref_axis',(-1.88737914186276E-15,1.,0.));
#1933=DIRECTION('',(4.38606627012407E-16,-1.,0.));
#1934=DIRECTION('center_axis',(0.,0.,1.));
#1935=DIRECTION('ref_axis',(-1.,-2.22044604925031E-16,0.));
#1936=DIRECTION('',(1.,0.,0.));
#1937=DIRECTION('center_axis',(0.,-1.,0.));
#1938=DIRECTION('ref_axis',(1.,0.,0.));
#1939=DIRECTION('',(0.,0.,1.));
#1940=DIRECTION('center_axis',(0.,0.,1.));
#1941=DIRECTION('ref_axis',(-1.,-2.22044604925031E-16,0.));
#1942=DIRECTION('',(0.,0.,1.));
#1943=DIRECTION('center_axis',(-1.,-3.0154205607103E-16,0.));
#1944=DIRECTION('ref_axis',(3.0154205607103E-16,-1.,0.));
#1945=DIRECTION('',(0.,0.,1.));
#1946=DIRECTION('center_axis',(0.,0.,1.));
#1947=DIRECTION('ref_axis',(-1.88737914186276E-15,1.,0.));
#1948=CARTESIAN_POINT('',(0.,0.,0.));
#1949=CARTESIAN_POINT('Origin',(59.1357100340115,52.7365327383905,0.));
#1950=CARTESIAN_POINT('',(59.1357100340115,52.7365327383905,0.));
#1951=CARTESIAN_POINT('',(65.1750843121273,55.2518785876773,0.));
#1952=CARTESIAN_POINT('',(61.0947398241118,53.5524512796562,0.));
#1953=CARTESIAN_POINT('',(59.1357100340115,52.7365327383905,0.01));
#1954=CARTESIAN_POINT('',(59.1357100340115,52.7365327383905,0.));
#1955=CARTESIAN_POINT('',(65.1750843121273,55.2518785876773,0.01));
#1956=CARTESIAN_POINT('',(65.1750843121273,55.2518785876773,0.01));
#1957=CARTESIAN_POINT('',(65.1750843121273,55.2518785876773,0.));
#1958=CARTESIAN_POINT('Origin',(53.1680285810806,55.5218196728551,0.));
#1959=CARTESIAN_POINT('',(53.1680285810806,55.5218196728551,0.));
#1960=CARTESIAN_POINT('',(55.22434609199,54.5620777125275,0.));
#1961=CARTESIAN_POINT('',(53.1680285810806,55.5218196728551,0.01));
#1962=CARTESIAN_POINT('',(53.1680285810806,55.5218196728551,0.));
#1963=CARTESIAN_POINT('',(59.1357100340115,52.7365327383905,0.01));
#1964=CARTESIAN_POINT('Origin',(59.2074028591964,58.037165522142,0.));
#1965=CARTESIAN_POINT('',(59.2074028591964,58.037165522142,0.));
#1966=CARTESIAN_POINT('',(60.1952236010442,58.4485841043368,0.));
#1967=CARTESIAN_POINT('',(59.2074028591964,58.037165522142,0.01));
#1968=CARTESIAN_POINT('',(59.2074028591964,58.037165522142,0.));
#1969=CARTESIAN_POINT('',(53.1680285810806,55.5218196728551,0.01));
#1970=CARTESIAN_POINT('Origin',(65.1750843121273,55.2518785876773,0.));
#1971=CARTESIAN_POINT('',(62.2500044502933,56.6170966854748,0.));
#1972=CARTESIAN_POINT('',(59.2074028591964,58.037165522142,0.01));
#1973=CARTESIAN_POINT('Origin',(59.1715564466039,55.3868491302662,0.01));
#1974=CARTESIAN_POINT('Origin',(65.1750843121273,61.7518785876773,0.));
#1975=CARTESIAN_POINT('',(65.1750843121273,61.7518785876773,0.));
#1976=CARTESIAN_POINT('',(59.2074028591964,64.537165522142,0.));
#1977=CARTESIAN_POINT('',(63.495548373595,62.5357658548605,0.));
#1978=CARTESIAN_POINT('',(65.1750843121273,61.7518785876773,0.01));
#1979=CARTESIAN_POINT('',(65.1750843121273,61.7518785876773,0.));
#1980=CARTESIAN_POINT('',(59.2074028591964,64.537165522142,0.01));
#1981=CARTESIAN_POINT('',(59.2074028591964,64.537165522142,0.01));
#1982=CARTESIAN_POINT('',(59.2074028591964,64.537165522142,0.));
#1983=CARTESIAN_POINT('Origin',(65.1750843121273,58.5018785876773,0.));
#1984=CARTESIAN_POINT('',(65.1750843121273,58.5018785876773,0.));
#1985=CARTESIAN_POINT('',(65.1750843121273,59.5009392938386,0.));
#1986=CARTESIAN_POINT('',(65.1750843121273,58.5018785876773,0.01));
#1987=CARTESIAN_POINT('',(65.1750843121273,58.5018785876773,0.));
#1988=CARTESIAN_POINT('',(65.1750843121273,61.7518785876773,0.01));
#1989=CARTESIAN_POINT('Origin',(59.2074028591964,61.287165522142,0.));
#1990=CARTESIAN_POINT('',(59.2074028591964,61.287165522142,0.));
#1991=CARTESIAN_POINT('',(59.8889356854787,60.9690747374,0.));
#1992=CARTESIAN_POINT('',(59.2074028591964,61.287165522142,0.01));
#1993=CARTESIAN_POINT('',(59.2074028591964,61.287165522142,0.));
#1994=CARTESIAN_POINT('',(65.1750843121273,58.5018785876773,0.01));
#1995=CARTESIAN_POINT('Origin',(53.1680285810806,58.7718196728551,0.));
#1996=CARTESIAN_POINT('',(53.1680285810806,58.7718196728551,0.));
#1997=CARTESIAN_POINT('',(56.5987845586795,60.200699124728,0.));
#1998=CARTESIAN_POINT('',(53.1680285810806,58.7718196728551,0.01));
#1999=CARTESIAN_POINT('',(53.1680285810806,58.7718196728551,0.));
#2000=CARTESIAN_POINT('',(59.2074028591964,61.287165522142,0.01));
#2001=CARTESIAN_POINT('Origin',(53.1680285810806,59.4718196728551,0.));
#2002=CARTESIAN_POINT('',(53.1680285810806,59.4718196728551,0.));
#2003=CARTESIAN_POINT('',(53.1680285810806,59.9859098364276,0.));
#2004=CARTESIAN_POINT('',(53.1680285810806,59.4718196728551,0.01));
#2005=CARTESIAN_POINT('',(53.1680285810806,59.4718196728551,0.));
#2006=CARTESIAN_POINT('',(53.1680285810806,58.7718196728551,0.01));
#2007=CARTESIAN_POINT('Origin',(59.2074028591964,61.987165522142,0.));
#2008=CARTESIAN_POINT('',(59.2074028591964,61.987165522142,0.));
#2009=CARTESIAN_POINT('',(59.4942482108713,62.106634068302,0.));
#2010=CARTESIAN_POINT('',(59.2074028591964,61.987165522142,0.01));
#2011=CARTESIAN_POINT('',(59.2074028591964,61.987165522142,0.));
#2012=CARTESIAN_POINT('',(53.1680285810806,59.4718196728551,0.01));
#2013=CARTESIAN_POINT('Origin',(59.2074028591964,64.537165522142,0.));
#2014=CARTESIAN_POINT('',(59.2074028591964,62.518582761071,0.));
#2015=CARTESIAN_POINT('',(59.2074028591964,61.987165522142,0.01));
#2016=CARTESIAN_POINT('Origin',(59.1715564466039,61.5195220549096,0.01));
#2017=CARTESIAN_POINT('Origin',(53.1419248499717,65.9718196728551,0.));
#2018=CARTESIAN_POINT('',(53.1419248499717,65.9718196728551,0.));
#2019=CARTESIAN_POINT('',(59.2074028591964,68.487165522142,0.));
#2020=CARTESIAN_POINT('',(55.3130115147661,66.8721664917583,0.));
#2021=CARTESIAN_POINT('',(53.1419248499717,65.9718196728551,0.01));
#2022=CARTESIAN_POINT('',(53.1419248499717,65.9718196728551,0.));
#2023=CARTESIAN_POINT('',(59.2074028591964,68.487165522142,0.01));
#2024=CARTESIAN_POINT('',(59.2074028591964,68.487165522142,0.01));
#2025=CARTESIAN_POINT('',(59.2074028591964,68.487165522142,0.));
#2026=CARTESIAN_POINT('Origin',(53.1419248499717,66.6718196728551,0.));
#2027=CARTESIAN_POINT('',(53.1419248499717,66.6718196728551,0.));
#2028=CARTESIAN_POINT('',(53.1419248499717,63.5859098364276,0.));
#2029=CARTESIAN_POINT('',(53.1419248499717,66.6718196728551,0.01));
#2030=CARTESIAN_POINT('',(53.1419248499717,66.6718196728551,0.));
#2031=CARTESIAN_POINT('',(53.1419248499717,65.9718196728551,0.01));
#2032=CARTESIAN_POINT('Origin',(59.2074028591964,69.187165522142,0.));
#2033=CARTESIAN_POINT('',(59.2074028591964,69.187165522142,0.));
#2034=CARTESIAN_POINT('',(58.2219044102863,68.7784805958799,0.));
#2035=CARTESIAN_POINT('',(59.2074028591964,69.187165522142,0.01));
#2036=CARTESIAN_POINT('',(59.2074028591964,69.187165522142,0.));
#2037=CARTESIAN_POINT('',(53.1419248499717,66.6718196728551,0.01));
#2038=CARTESIAN_POINT('Origin',(65.1750843121273,66.3589675134819,0.));
#2039=CARTESIAN_POINT('',(65.1750843121273,66.3589675134819,0.));
#2040=CARTESIAN_POINT('',(64.3999703854533,66.7263087801353,0.));
#2041=CARTESIAN_POINT('',(65.1750843121273,66.3589675134819,0.01));
#2042=CARTESIAN_POINT('',(65.1750843121273,66.3589675134819,0.));
#2043=CARTESIAN_POINT('',(59.2074028591964,69.187165522142,0.01));
#2044=CARTESIAN_POINT('Origin',(65.1750843121273,62.4518785876773,0.));
#2045=CARTESIAN_POINT('',(65.1750843121273,62.4518785876773,0.));
#2046=CARTESIAN_POINT('',(65.1750843121273,61.4759392938386,0.));
#2047=CARTESIAN_POINT('',(65.1750843121273,62.4518785876773,0.01));
#2048=CARTESIAN_POINT('',(65.1750843121273,62.4518785876773,0.));
#2049=CARTESIAN_POINT('',(65.1750843121273,66.3589675134819,0.01));
#2050=CARTESIAN_POINT('Origin',(59.1872547727579,65.237165522142,0.));
#2051=CARTESIAN_POINT('',(59.1872547727579,65.237165522142,0.));
#2052=CARTESIAN_POINT('',(60.6326496889743,64.564828484354,0.));
#2053=CARTESIAN_POINT('',(59.1872547727579,65.237165522142,0.01));
#2054=CARTESIAN_POINT('',(59.1872547727579,65.237165522142,0.));
#2055=CARTESIAN_POINT('',(65.1750843121273,62.4518785876773,0.01));
#2056=CARTESIAN_POINT('Origin',(53.1419248499717,62.7218196728551,0.));
#2057=CARTESIAN_POINT('',(53.1419248499717,62.7218196728551,0.));
#2058=CARTESIAN_POINT('',(55.8840146454649,63.8627506515712,0.));
#2059=CARTESIAN_POINT('',(53.1419248499717,62.7218196728551,0.01));
#2060=CARTESIAN_POINT('',(53.1419248499717,62.7218196728551,0.));
#2061=CARTESIAN_POINT('',(59.1872547727579,65.237165522142,0.01));
#2062=CARTESIAN_POINT('Origin',(53.1419248499717,63.4218196728552,0.));
#2063=CARTESIAN_POINT('',(53.1419248499717,63.4218196728552,0.));
#2064=CARTESIAN_POINT('',(53.1419248499717,61.9609098364276,0.));
#2065=CARTESIAN_POINT('',(53.1419248499717,63.4218196728552,0.01));
#2066=CARTESIAN_POINT('',(53.1419248499717,63.4218196728552,0.));
#2067=CARTESIAN_POINT('',(53.1419248499717,62.7218196728551,0.01));
#2068=CARTESIAN_POINT('Origin',(59.2074028591964,65.937165522142,0.));
#2069=CARTESIAN_POINT('',(59.2074028591964,65.937165522142,0.));
#2070=CARTESIAN_POINT('',(58.7969042024999,65.7669322625886,0.));
#2071=CARTESIAN_POINT('',(59.2074028591964,65.937165522142,0.01));
#2072=CARTESIAN_POINT('',(59.2074028591964,65.937165522142,0.));
#2073=CARTESIAN_POINT('',(53.1419248499717,63.4218196728552,0.01));
#2074=CARTESIAN_POINT('Origin',(59.2074028591964,68.487165522142,0.));
#2075=CARTESIAN_POINT('',(59.2074028591964,64.493582761071,0.));
#2076=CARTESIAN_POINT('',(59.2074028591964,65.937165522142,0.01));
#2077=CARTESIAN_POINT('Origin',(59.1585045810495,65.8195220549096,0.01));
#2078=CARTESIAN_POINT('Origin',(80.75,120.,1.));
#2079=CARTESIAN_POINT('',(19.9999999999999,119.,0.));
#2080=CARTESIAN_POINT('',(19.9999999999999,121.,2.));
#2081=CARTESIAN_POINT('',(19.9999999999999,119.,0.));
#2082=CARTESIAN_POINT('',(101.,121.,2.));
#2083=CARTESIAN_POINT('',(80.75,121.,2.));
#2084=CARTESIAN_POINT('',(101.,119.,0.));
#2085=CARTESIAN_POINT('',(101.,121.,2.));
#2086=CARTESIAN_POINT('',(80.75,119.,0.));
#2087=CARTESIAN_POINT('Origin',(20.,101.,1.));
#2088=CARTESIAN_POINT('',(1.99999999999997,101.,0.));
#2089=CARTESIAN_POINT('',(-2.88657986402541E-14,101.,2.));
#2090=CARTESIAN_POINT('',(1.99999999999997,101.,0.));
#2091=CARTESIAN_POINT('Origin',(20.,101.,2.));
#2092=CARTESIAN_POINT('Origin',(20.,101.,0.));
#2093=CARTESIAN_POINT('Origin',(0.999999999999978,80.75,1.));
#2094=CARTESIAN_POINT('',(2.,20.,0.));
#2095=CARTESIAN_POINT('',(-4.44089209850063E-15,20.,2.));
#2096=CARTESIAN_POINT('',(2.,20.,0.));
#2097=CARTESIAN_POINT('',(-2.27595720048157E-14,80.75,2.));
#2098=CARTESIAN_POINT('',(1.99999999999998,80.75,0.));
#2099=CARTESIAN_POINT('Origin',(20.,20.,1.));
#2100=CARTESIAN_POINT('',(20.,2.,0.));
#2101=CARTESIAN_POINT('',(20.,0.,2.));
#2102=CARTESIAN_POINT('',(20.,2.,0.));
#2103=CARTESIAN_POINT('Origin',(20.,20.,2.));
#2104=CARTESIAN_POINT('Origin',(20.,20.,0.));
#2105=CARTESIAN_POINT('Origin',(40.25,1.,1.));
#2106=CARTESIAN_POINT('',(101.,2.,0.));
#2107=CARTESIAN_POINT('',(101.,0.,2.));
#2108=CARTESIAN_POINT('',(101.,2.,0.));
#2109=CARTESIAN_POINT('',(40.25,0.,2.));
#2110=CARTESIAN_POINT('',(40.25,2.,0.));
#2111=CARTESIAN_POINT('Origin',(101.,20.,1.));
#2112=CARTESIAN_POINT('',(119.,20.,0.));
#2113=CARTESIAN_POINT('',(121.,20.,2.));
#2114=CARTESIAN_POINT('',(119.,20.,0.));
#2115=CARTESIAN_POINT('Origin',(101.,20.,2.));
#2116=CARTESIAN_POINT('Origin',(101.,20.,0.));
#2117=CARTESIAN_POINT('Origin',(120.,40.25,1.));
#2118=CARTESIAN_POINT('',(119.,101.,0.));
#2119=CARTESIAN_POINT('',(121.,101.,2.));
#2120=CARTESIAN_POINT('',(119.,101.,0.));
#2121=CARTESIAN_POINT('',(121.,40.25,2.));
#2122=CARTESIAN_POINT('',(119.,40.25,0.));
#2123=CARTESIAN_POINT('Origin',(101.,101.,1.));
#2124=CARTESIAN_POINT('Origin',(101.,101.,2.));
#2125=CARTESIAN_POINT('Origin',(101.,101.,0.));
#2126=CARTESIAN_POINT('Origin',(101.,20.,0.));
#2127=CARTESIAN_POINT('',(121.,20.,5.));
#2128=CARTESIAN_POINT('',(121.,20.,0.));
#2129=CARTESIAN_POINT('',(101.,0.,5.));
#2130=CARTESIAN_POINT('Origin',(101.,20.,5.));
#2131=CARTESIAN_POINT('',(101.,0.,0.));
#2132=CARTESIAN_POINT('Origin',(121.,20.,0.));
#2133=CARTESIAN_POINT('',(121.,101.,5.));
#2134=CARTESIAN_POINT('',(121.,101.,0.));
#2135=CARTESIAN_POINT('',(121.,20.,5.));
#2136=CARTESIAN_POINT('Origin',(101.,101.,0.));
#2137=CARTESIAN_POINT('',(101.,121.,5.));
#2138=CARTESIAN_POINT('',(101.,121.,0.));
#2139=CARTESIAN_POINT('Origin',(101.,101.,5.));
#2140=CARTESIAN_POINT('Origin',(101.,121.,0.));
#2141=CARTESIAN_POINT('',(19.9999999999999,121.,5.));
#2142=CARTESIAN_POINT('',(19.9999999999999,121.,0.));
#2143=CARTESIAN_POINT('',(101.,121.,5.));
#2144=CARTESIAN_POINT('Origin',(60.5,60.5,0.));
#2145=CARTESIAN_POINT('',(57.0499999999987,32.5000000000006,0.));
#2146=CARTESIAN_POINT('Origin',(60.4999999999987,32.5000000000006,0.));
#2147=CARTESIAN_POINT('',(85.049999999998,60.500000000001,0.));
#2148=CARTESIAN_POINT('Origin',(88.499999999998,60.500000000001,0.));
#2149=CARTESIAN_POINT('',(90.1499999999978,114.500000000002,0.));
#2150=CARTESIAN_POINT('Origin',(88.4999999999978,114.500000000002,0.));
#2151=CARTESIAN_POINT('',(34.1499999999991,114.500000000002,0.));
#2152=CARTESIAN_POINT('Origin',(32.4999999999991,114.500000000002,0.));
#2153=CARTESIAN_POINT('',(34.1499999999994,6.50000000000027,0.));
#2154=CARTESIAN_POINT('Origin',(32.4999999999994,6.50000000000027,0.));
#2155=CARTESIAN_POINT('',(8.14999999999992,32.5000000000006,0.));
#2156=CARTESIAN_POINT('Origin',(6.49999999999992,32.5000000000006,0.));
#2157=CARTESIAN_POINT('',(116.149999999997,88.5000000000014,0.));
#2158=CARTESIAN_POINT('Origin',(114.499999999997,88.5000000000014,0.));
#2159=CARTESIAN_POINT('',(8.1499999999998,88.5000000000014,0.));
#2160=CARTESIAN_POINT('Origin',(6.4999999999998,88.5000000000014,0.));
#2161=CARTESIAN_POINT('',(116.149999999997,32.5000000000006,0.));
#2162=CARTESIAN_POINT('Origin',(114.499999999997,32.5000000000006,0.));
#2163=CARTESIAN_POINT('',(90.1499999999981,6.50000000000027,0.));
#2164=CARTESIAN_POINT('Origin',(88.4999999999981,6.50000000000027,0.));
#2165=CARTESIAN_POINT('',(57.0499999999985,88.5000000000014,0.));
#2166=CARTESIAN_POINT('Origin',(60.4999999999985,88.5000000000014,0.));
#2167=CARTESIAN_POINT('',(29.0499999999992,60.500000000001,0.));
#2168=CARTESIAN_POINT('Origin',(32.4999999999992,60.500000000001,0.));
#2169=CARTESIAN_POINT('Origin',(60.4999999999987,32.5000000000006,0.9));
#2170=CARTESIAN_POINT('',(58.8499999999987,32.5000000000006,1.8));
#2171=CARTESIAN_POINT('',(57.9499999999987,32.5000000000006,0.9));
#2172=CARTESIAN_POINT('',(62.1499999999987,32.5000000000006,1.8));
#2173=CARTESIAN_POINT('Origin',(60.4999999999987,32.5000000000006,1.8));
#2174=CARTESIAN_POINT('Origin',(60.4999999999987,32.5000000000006,1.8));
#2175=CARTESIAN_POINT('Origin',(60.4999999999987,32.5000000000006,0.));
#2176=CARTESIAN_POINT('',(62.1499999999987,32.5000000000006,3.));
#2177=CARTESIAN_POINT('',(62.1499999999987,32.5000000000006,0.));
#2178=CARTESIAN_POINT('Origin',(60.4999999999987,32.5000000000006,3.));
#2179=CARTESIAN_POINT('Origin',(32.4999999999992,60.500000000001,0.9));
#2180=CARTESIAN_POINT('',(30.8499999999992,60.500000000001,1.8));
#2181=CARTESIAN_POINT('',(29.9499999999992,60.500000000001,0.9));
#2182=CARTESIAN_POINT('',(34.1499999999992,60.500000000001,1.8));
#2183=CARTESIAN_POINT('Origin',(32.4999999999992,60.500000000001,1.8));
#2184=CARTESIAN_POINT('Origin',(32.4999999999992,60.500000000001,1.8));
#2185=CARTESIAN_POINT('Origin',(32.4999999999992,60.500000000001,0.));
#2186=CARTESIAN_POINT('',(34.1499999999992,60.500000000001,3.));
#2187=CARTESIAN_POINT('',(34.1499999999992,60.500000000001,0.));
#2188=CARTESIAN_POINT('Origin',(32.4999999999992,60.500000000001,3.));
#2189=CARTESIAN_POINT('Origin',(88.499999999998,60.500000000001,0.9));
#2190=CARTESIAN_POINT('',(86.849999999998,60.500000000001,1.8));
#2191=CARTESIAN_POINT('',(85.949999999998,60.500000000001,0.9));
#2192=CARTESIAN_POINT('',(90.1499999999979,60.500000000001,1.8));
#2193=CARTESIAN_POINT('Origin',(88.499999999998,60.500000000001,1.8));
#2194=CARTESIAN_POINT('Origin',(88.499999999998,60.500000000001,1.8));
#2195=CARTESIAN_POINT('Origin',(88.499999999998,60.500000000001,0.));
#2196=CARTESIAN_POINT('',(90.1499999999979,60.500000000001,3.));
#2197=CARTESIAN_POINT('',(90.1499999999979,60.500000000001,0.));
#2198=CARTESIAN_POINT('Origin',(88.499999999998,60.500000000001,3.));
#2199=CARTESIAN_POINT('Origin',(60.4999999999985,88.5000000000014,0.9));
#2200=CARTESIAN_POINT('',(58.8499999999985,88.5000000000014,1.8));
#2201=CARTESIAN_POINT('',(57.9499999999985,88.5000000000014,0.9));
#2202=CARTESIAN_POINT('',(62.1499999999985,88.5000000000014,1.8));
#2203=CARTESIAN_POINT('Origin',(60.4999999999985,88.5000000000014,1.8));
#2204=CARTESIAN_POINT('Origin',(60.4999999999985,88.5000000000014,1.8));
#2205=CARTESIAN_POINT('Origin',(60.4999999999985,88.5000000000014,0.));
#2206=CARTESIAN_POINT('',(62.1499999999985,88.5000000000014,3.));
#2207=CARTESIAN_POINT('',(62.1499999999985,88.5000000000014,0.));
#2208=CARTESIAN_POINT('Origin',(60.4999999999985,88.5000000000014,3.));
#2209=CARTESIAN_POINT('Origin',(88.4999999999981,6.50000000000027,0.));
#2210=CARTESIAN_POINT('',(90.1499999999981,6.50000000000027,3.));
#2211=CARTESIAN_POINT('',(90.1499999999981,6.50000000000027,0.));
#2212=CARTESIAN_POINT('Origin',(88.4999999999981,6.50000000000027,3.));
#2213=CARTESIAN_POINT('Origin',(114.499999999997,32.5000000000006,0.));
#2214=CARTESIAN_POINT('',(116.149999999997,32.5000000000006,3.));
#2215=CARTESIAN_POINT('',(116.149999999997,32.5000000000006,0.));
#2216=CARTESIAN_POINT('Origin',(114.499999999997,32.5000000000006,3.));
#2217=CARTESIAN_POINT('Origin',(6.4999999999998,88.5000000000014,0.));
#2218=CARTESIAN_POINT('',(8.1499999999998,88.5000000000014,3.));
#2219=CARTESIAN_POINT('',(8.1499999999998,88.5000000000014,0.));
#2220=CARTESIAN_POINT('Origin',(6.4999999999998,88.5000000000014,3.));
#2221=CARTESIAN_POINT('Origin',(114.499999999997,88.5000000000014,0.));
#2222=CARTESIAN_POINT('',(116.149999999997,88.5000000000014,3.));
#2223=CARTESIAN_POINT('',(116.149999999997,88.5000000000014,0.));
#2224=CARTESIAN_POINT('Origin',(114.499999999997,88.5000000000014,3.));
#2225=CARTESIAN_POINT('Origin',(6.49999999999992,32.5000000000006,0.));
#2226=CARTESIAN_POINT('',(8.14999999999992,32.5000000000006,3.));
#2227=CARTESIAN_POINT('',(8.14999999999992,32.5000000000006,0.));
#2228=CARTESIAN_POINT('Origin',(6.49999999999992,32.5000000000006,3.));
#2229=CARTESIAN_POINT('Origin',(32.4999999999994,6.50000000000027,0.));
#2230=CARTESIAN_POINT('',(34.1499999999994,6.50000000000027,3.));
#2231=CARTESIAN_POINT('',(34.1499999999994,6.50000000000027,0.));
#2232=CARTESIAN_POINT('Origin',(32.4999999999994,6.50000000000027,3.));
#2233=CARTESIAN_POINT('Origin',(32.4999999999991,114.500000000002,0.));
#2234=CARTESIAN_POINT('',(34.1499999999991,114.500000000002,3.));
#2235=CARTESIAN_POINT('',(34.1499999999991,114.500000000002,0.));
#2236=CARTESIAN_POINT('Origin',(32.4999999999991,114.500000000002,3.));
#2237=CARTESIAN_POINT('Origin',(88.4999999999978,114.500000000002,0.));
#2238=CARTESIAN_POINT('',(90.1499999999978,114.500000000002,3.));
#2239=CARTESIAN_POINT('',(90.1499999999978,114.500000000002,0.));
#2240=CARTESIAN_POINT('Origin',(88.4999999999978,114.500000000002,3.));
#2241=CARTESIAN_POINT('Origin',(2.45,40.25,3.5));
#2242=CARTESIAN_POINT('',(1.95000000000001,20.,4.));
#2243=CARTESIAN_POINT('',(2.95000000000001,20.,3.));
#2244=CARTESIAN_POINT('',(1.95000000000001,20.,4.));
#2245=CARTESIAN_POINT('',(2.94999999999996,101.,3.));
#2246=CARTESIAN_POINT('',(2.94999999999999,40.25,3.));
#2247=CARTESIAN_POINT('',(1.94999999999997,101.,4.));
#2248=CARTESIAN_POINT('',(2.94999999999996,101.,3.));
#2249=CARTESIAN_POINT('',(1.95,40.25,4.));
#2250=CARTESIAN_POINT('Origin',(20.,20.,3.5));
#2251=CARTESIAN_POINT('',(20.,1.95,4.));
#2252=CARTESIAN_POINT('',(20.,2.95,3.));
#2253=CARTESIAN_POINT('',(20.,1.95,4.));
#2254=CARTESIAN_POINT('Origin',(20.,20.,3.));
#2255=CARTESIAN_POINT('Origin',(20.,20.,4.));
#2256=CARTESIAN_POINT('Origin',(80.75,2.45000000000001,3.5));
#2257=CARTESIAN_POINT('',(101.,1.95000000000001,4.));
#2258=CARTESIAN_POINT('',(101.,2.95000000000001,3.));
#2259=CARTESIAN_POINT('',(101.,1.95000000000001,4.));
#2260=CARTESIAN_POINT('',(80.75,2.95,3.));
#2261=CARTESIAN_POINT('',(80.75,1.95000000000001,4.));
#2262=CARTESIAN_POINT('Origin',(101.,20.,3.5));
#2263=CARTESIAN_POINT('',(119.05,20.,4.));
#2264=CARTESIAN_POINT('',(118.05,20.,3.));
#2265=CARTESIAN_POINT('',(119.05,20.,4.));
#2266=CARTESIAN_POINT('Origin',(101.,20.,3.));
#2267=CARTESIAN_POINT('Origin',(101.,20.,4.));
#2268=CARTESIAN_POINT('Origin',(118.55,80.75,3.5));
#2269=CARTESIAN_POINT('',(119.05,101.,4.));
#2270=CARTESIAN_POINT('',(118.05,101.,3.));
#2271=CARTESIAN_POINT('',(119.05,101.,4.));
#2272=CARTESIAN_POINT('',(118.05,80.75,3.));
#2273=CARTESIAN_POINT('',(119.05,80.75,4.));
#2274=CARTESIAN_POINT('Origin',(101.,101.,3.5));
#2275=CARTESIAN_POINT('',(101.,119.05,4.));
#2276=CARTESIAN_POINT('',(101.,118.05,3.));
#2277=CARTESIAN_POINT('',(101.,119.05,4.));
#2278=CARTESIAN_POINT('Origin',(101.,101.,3.));
#2279=CARTESIAN_POINT('Origin',(101.,101.,4.));
#2280=CARTESIAN_POINT('Origin',(40.25,118.55,3.5));
#2281=CARTESIAN_POINT('',(20.,119.05,4.));
#2282=CARTESIAN_POINT('',(20.,118.05,3.));
#2283=CARTESIAN_POINT('',(20.,119.05,4.));
#2284=CARTESIAN_POINT('',(40.25,118.05,3.));
#2285=CARTESIAN_POINT('',(40.25,119.05,4.));
#2286=CARTESIAN_POINT('Origin',(20.,101.,3.5));
#2287=CARTESIAN_POINT('Origin',(20.,101.,3.));
#2288=CARTESIAN_POINT('Origin',(20.,101.,4.));
#2289=CARTESIAN_POINT('Origin',(101.,20.,3.));
#2290=CARTESIAN_POINT('',(101.,1.95000000000001,5.));
#2291=CARTESIAN_POINT('',(101.,1.95000000000001,3.));
#2292=CARTESIAN_POINT('',(119.05,20.,5.));
#2293=CARTESIAN_POINT('Origin',(101.,20.,5.));
#2294=CARTESIAN_POINT('',(119.05,20.,3.));
#2295=CARTESIAN_POINT('Origin',(101.,1.95000000000001,3.));
#2296=CARTESIAN_POINT('',(20.,1.95,5.));
#2297=CARTESIAN_POINT('',(20.,1.95,3.));
#2298=CARTESIAN_POINT('',(101.,1.95000000000001,5.));
#2299=CARTESIAN_POINT('Origin',(20.,20.,3.));
#2300=CARTESIAN_POINT('',(1.95,20.,5.));
#2301=CARTESIAN_POINT('',(1.95000000000001,20.,3.));
#2302=CARTESIAN_POINT('Origin',(20.,20.,5.));
#2303=CARTESIAN_POINT('Origin',(1.95000000000001,20.,3.));
#2304=CARTESIAN_POINT('',(1.94999999999997,101.,5.));
#2305=CARTESIAN_POINT('',(1.94999999999997,101.,3.));
#2306=CARTESIAN_POINT('',(1.95000000000001,20.,5.));
#2307=CARTESIAN_POINT('Origin',(60.5,60.5,3.));
#2308=CARTESIAN_POINT('Origin',(119.05,101.,3.));
#2309=CARTESIAN_POINT('',(119.05,101.,5.));
#2310=CARTESIAN_POINT('',(119.05,101.,5.));
#2311=CARTESIAN_POINT('',(119.05,101.,3.));
#2312=CARTESIAN_POINT('Origin',(101.,101.,3.));
#2313=CARTESIAN_POINT('',(101.,119.05,5.));
#2314=CARTESIAN_POINT('Origin',(101.,101.,5.));
#2315=CARTESIAN_POINT('',(101.,119.05,3.));
#2316=CARTESIAN_POINT('Origin',(20.,119.05,3.));
#2317=CARTESIAN_POINT('',(20.,119.05,5.));
#2318=CARTESIAN_POINT('',(20.,119.05,5.));
#2319=CARTESIAN_POINT('',(20.,119.05,3.));
#2320=CARTESIAN_POINT('Origin',(20.,101.,3.));
#2321=CARTESIAN_POINT('Origin',(20.,101.,5.));
#2322=CARTESIAN_POINT('Origin',(60.5,60.5,5.));
#2323=CARTESIAN_POINT('',(-3.5527136788005E-14,101.,5.));
#2324=CARTESIAN_POINT('Origin',(20.,101.,5.));
#2325=CARTESIAN_POINT('',(0.,20.,5.));
#2326=CARTESIAN_POINT('',(-3.5527136788005E-14,101.,5.));
#2327=CARTESIAN_POINT('',(20.,0.,5.));
#2328=CARTESIAN_POINT('Origin',(20.,20.,5.));
#2329=CARTESIAN_POINT('',(20.,0.,5.));
#2330=CARTESIAN_POINT('Origin',(20.,0.,0.));
#2331=CARTESIAN_POINT('',(20.,0.,0.));
#2332=CARTESIAN_POINT('Origin',(20.,20.,0.));
#2333=CARTESIAN_POINT('',(-4.44089209850063E-15,20.,0.));
#2334=CARTESIAN_POINT('Origin',(-2.88657986402541E-14,101.,0.));
#2335=CARTESIAN_POINT('',(-2.88657986402541E-14,101.,0.));
#2336=CARTESIAN_POINT('Origin',(20.,101.,0.));
#2337=UNCERTAINTY_MEASURE_WITH_UNIT(LENGTH_MEASURE(0.01),#2341,
'DISTANCE_ACCURACY_VALUE',
'Maximum model space distance between geometric entities at asserted c
onnectivities');
#2338=UNCERTAINTY_MEASURE_WITH_UNIT(LENGTH_MEASURE(0.01),#2341,
'DISTANCE_ACCURACY_VALUE',
'Maximum model space distance between geometric entities at asserted c
onnectivities');
#2339=(
GEOMETRIC_REPRESENTATION_CONTEXT(3)
GLOBAL_UNCERTAINTY_ASSIGNED_CONTEXT((#2337))
GLOBAL_UNIT_ASSIGNED_CONTEXT((#2341,#2343,#2344))
REPRESENTATION_CONTEXT('','3D')
);
#2340=(
GEOMETRIC_REPRESENTATION_CONTEXT(3)
GLOBAL_UNCERTAINTY_ASSIGNED_CONTEXT((#2338))
GLOBAL_UNIT_ASSIGNED_CONTEXT((#2341,#2343,#2344))
REPRESENTATION_CONTEXT('','3D')
);
#2341=(
LENGTH_UNIT()
NAMED_UNIT(*)
SI_UNIT(.MILLI.,.METRE.)
);
#2342=(
LENGTH_UNIT()
NAMED_UNIT(*)
SI_UNIT(.CENTI.,.METRE.)
);
#2343=(
NAMED_UNIT(*)
PLANE_ANGLE_UNIT()
SI_UNIT($,.RADIAN.)
);
#2344=(
NAMED_UNIT(*)
SI_UNIT($,.STERADIAN.)
SOLID_ANGLE_UNIT()
);
#2345=SHAPE_DEFINITION_REPRESENTATION(#2346,#2347);
#2346=PRODUCT_DEFINITION_SHAPE('',$,#2349);
#2347=SHAPE_REPRESENTATION('',(#1417),#2339);
#2348=PRODUCT_DEFINITION_CONTEXT('part definition',#2353,'design');
#2349=PRODUCT_DEFINITION('battery_pack_cover_rear',
'battery_pack_cover_rear',#2350,#2348);
#2350=PRODUCT_DEFINITION_FORMATION('',$,#2355);
#2351=PRODUCT_RELATED_PRODUCT_CATEGORY('battery_pack_cover_rear',
'battery_pack_cover_rear',(#2355));
#2352=APPLICATION_PROTOCOL_DEFINITION('international standard',
'automotive_design',2009,#2353);
#2353=APPLICATION_CONTEXT(
'Core Data for Automotive Mechanical Design Process');
#2354=PRODUCT_CONTEXT('part definition',#2353,'mechanical');
#2355=PRODUCT('battery_pack_cover_rear','battery_pack_cover_rear',$,(#2354));
#2356=PRESENTATION_STYLE_ASSIGNMENT((#2358));
#2357=PRESENTATION_STYLE_ASSIGNMENT((#2359));
#2358=SURFACE_STYLE_USAGE(.BOTH.,#2364);
#2359=SURFACE_STYLE_USAGE(.BOTH.,#2365);
#2360=SURFACE_STYLE_RENDERING_WITH_PROPERTIES($,#2372,(#2362));
#2361=SURFACE_STYLE_RENDERING_WITH_PROPERTIES($,#2373,(#2363));
#2362=SURFACE_STYLE_TRANSPARENT(0.);
#2363=SURFACE_STYLE_TRANSPARENT(0.);
#2364=SURFACE_SIDE_STYLE('',(#2366,#2360));
#2365=SURFACE_SIDE_STYLE('',(#2367,#2361));
#2366=SURFACE_STYLE_FILL_AREA(#2368);
#2367=SURFACE_STYLE_FILL_AREA(#2369);
#2368=FILL_AREA_STYLE('',(#2370));
#2369=FILL_AREA_STYLE('',(#2371));
#2370=FILL_AREA_STYLE_COLOUR('',#2372);
#2371=FILL_AREA_STYLE_COLOUR('',#2373);
#2372=COLOUR_RGB('',0.0470588235294118,0.0470588235294118,0.0470588235294118);
#2373=COLOUR_RGB('',0.858823529411765,0.823529411764706,0.705882352941177);
ENDSEC;
END-ISO-10303-21;
