ISO-10303-21;
HEADER;
/* Generated by software containing ST-Developer
 * from STEP Tools, Inc. (www.steptools.com) 
 */

FILE_DESCRIPTION(
/* description */ (''),
/* implementation_level */ '2;1');

FILE_NAME(
/* name */ 'battery_spacer.stp',
/* time_stamp */ '2026-06-13T09:49:00-07:00',
/* author */ ('aaron'),
/* organization */ (''),
/* preprocessor_version */ 'ST-DEVELOPER v20.1',
/* originating_system */ 'Autodesk Inventor 2026',
/* authorisation */ '');

FILE_SCHEMA (('AUTOMOTIVE_DESIGN { 1 0 10303 214 3 1 1 }'));
ENDSEC;

DATA;
#10=MECHANICAL_DESIGN_GEOMETRIC_PRESENTATION_REPRESENTATION('',(#13),#4509);
#11=SHAPE_REPRESENTATION_RELATIONSHIP('SRR','None',#4516,#12);
#12=ADVANCED_BREP_SHAPE_REPRESENTATION('',(#14),#4508);
#13=STYLED_ITEM('',(#4525),#14);
#14=MANIFOLD_SOLID_BREP('Solid1',#2589);
#15=CONICAL_SURFACE('',#2667,4.,0.785398163397448);
#16=CONICAL_SURFACE('',#2687,4.,0.785398163397448);
#17=CONICAL_SURFACE('',#2692,4.,0.785398163397448);
#18=CONICAL_SURFACE('',#2697,4.,0.785398163397448);
#19=CONICAL_SURFACE('',#2741,2.55,0.785398163397454);
#20=CONICAL_SURFACE('',#2776,2.55,0.785398163397449);
#21=CONICAL_SURFACE('',#2780,2.55,0.785398163397449);
#22=CONICAL_SURFACE('',#2784,2.55,0.785398163397449);
#23=CONICAL_SURFACE('',#2788,2.55,0.785398163397449);
#24=CONICAL_SURFACE('',#2792,2.55,0.785398163397449);
#25=FACE_BOUND('',#282,.T.);
#26=FACE_BOUND('',#283,.T.);
#27=FACE_BOUND('',#284,.T.);
#28=FACE_BOUND('',#285,.T.);
#29=FACE_BOUND('',#287,.T.);
#30=FACE_BOUND('',#288,.T.);
#31=FACE_BOUND('',#289,.T.);
#32=FACE_BOUND('',#290,.T.);
#33=FACE_BOUND('',#305,.T.);
#34=FACE_BOUND('',#306,.T.);
#35=FACE_BOUND('',#307,.T.);
#36=FACE_BOUND('',#308,.T.);
#37=FACE_BOUND('',#309,.T.);
#38=FACE_BOUND('',#310,.T.);
#39=FACE_BOUND('',#311,.T.);
#40=FACE_BOUND('',#312,.T.);
#41=FACE_BOUND('',#313,.T.);
#42=FACE_BOUND('',#314,.T.);
#43=FACE_BOUND('',#341,.T.);
#44=FACE_BOUND('',#343,.T.);
#45=FACE_BOUND('',#345,.T.);
#46=FACE_BOUND('',#348,.T.);
#47=FACE_BOUND('',#357,.T.);
#48=FACE_BOUND('',#364,.T.);
#49=FACE_BOUND('',#365,.T.);
#50=FACE_BOUND('',#376,.T.);
#51=FACE_BOUND('',#382,.T.);
#52=FACE_BOUND('',#383,.T.);
#53=FACE_BOUND('',#399,.T.);
#54=FACE_BOUND('',#400,.T.);
#55=FACE_BOUND('',#401,.T.);
#56=FACE_BOUND('',#402,.T.);
#57=FACE_BOUND('',#427,.T.);
#58=FACE_BOUND('',#428,.T.);
#59=FACE_BOUND('',#429,.T.);
#60=FACE_BOUND('',#430,.T.);
#61=FACE_BOUND('',#435,.T.);
#62=FACE_BOUND('',#436,.T.);
#63=FACE_BOUND('',#437,.T.);
#64=FACE_BOUND('',#438,.T.);
#65=FACE_BOUND('',#443,.T.);
#66=FACE_BOUND('',#444,.T.);
#67=FACE_BOUND('',#445,.T.);
#68=FACE_BOUND('',#446,.T.);
#69=FACE_BOUND('',#449,.T.);
#70=FACE_BOUND('',#450,.T.);
#71=FACE_BOUND('',#451,.T.);
#72=FACE_BOUND('',#452,.T.);
#73=FACE_BOUND('',#453,.T.);
#74=FACE_BOUND('',#454,.T.);
#75=FACE_BOUND('',#455,.T.);
#76=FACE_BOUND('',#456,.T.);
#77=FACE_BOUND('',#457,.T.);
#78=FACE_BOUND('',#458,.T.);
#79=FACE_BOUND('',#459,.T.);
#80=FACE_BOUND('',#460,.T.);
#81=FACE_BOUND('',#461,.T.);
#82=FACE_BOUND('',#462,.T.);
#83=B_SPLINE_CURVE_WITH_KNOTS('',3,(#3606,#3607,#3608,#3609,#3610,#3611,
#3612,#3613,#3614,#3615,#3616,#3617,#3618,#3619,#3620,#3621,#3622,#3623,
#3624,#3625,#3626,#3627,#3628,#3629,#3630,#3631,#3632),.UNSPECIFIED.,.F.,
 .F.,(4,2,2,2,2,2,3,2,2,2,2,2,4),(-0.724707034489704,-0.628478711171203,
-0.471399697436804,-0.314320683702406,-0.157160341851203,-0.0785801709256013,
0.,0.0785801709256015,0.157160341851203,0.314320683702406,0.471399697436804,
0.628478711171203,0.724707034329743),.UNSPECIFIED.);
#84=B_SPLINE_CURVE_WITH_KNOTS('',3,(#3647,#3648,#3649,#3650,#3651,#3652,
#3653,#3654,#3655,#3656,#3657,#3658,#3659,#3660,#3661,#3662,#3663,#3664,
#3665,#3666,#3667,#3668,#3669,#3670,#3671,#3672,#3673),.UNSPECIFIED.,.F.,
 .F.,(4,2,2,2,2,2,3,2,2,2,2,2,4),(-0.716113514071715,-0.623916583021399,
-0.467828812272766,-0.311741041524134,-0.155870520762067,-0.0779352603810333,
0.,0.0779352603810334,0.155870520762067,0.311741041524133,0.467828812272766,
0.623916583021399,0.716113513877213),.UNSPECIFIED.);
#85=B_SPLINE_CURVE_WITH_KNOTS('',3,(#3688,#3689,#3690,#3691,#3692,#3693,
#3694,#3695,#3696,#3697,#3698,#3699,#3700,#3701,#3702,#3703,#3704,#3705,
#3706,#3707,#3708,#3709,#3710,#3711,#3712,#3713,#3714),.UNSPECIFIED.,.F.,
 .F.,(4,2,2,2,2,2,3,2,2,2,2,2,4),(-0.72248174025764,-0.627280343818769,
-0.470457660620674,-0.313634977422578,-0.156817488711289,-0.0784087443556443,
0.,0.0784087443556445,0.156817488711289,0.313634977422578,0.470457660620674,
0.627280343818769,0.722481740088986),.UNSPECIFIED.);
#86=B_SPLINE_CURVE_WITH_KNOTS('',3,(#3729,#3730,#3731,#3732,#3733,#3734,
#3735,#3736,#3737,#3738,#3739,#3740,#3741,#3742,#3743,#3744,#3745,#3746,
#3747,#3748,#3749,#3750,#3751,#3752,#3753,#3754,#3755),.UNSPECIFIED.,.F.,
 .F.,(4,2,2,2,2,2,3,2,2,2,2,2,4),(-0.714724724532548,-0.62346700726968,
-0.472338202680545,-0.321209398091411,-0.160604699045705,-0.0803023495228525,
0.,0.0777828928743924,0.155565785748785,0.31113157149757,0.466974057982327,
0.622816544467083,0.713990287697003),.UNSPECIFIED.);
#87=B_SPLINE_CURVE_WITH_KNOTS('',3,(#3990,#3991,#3992,#3993,#3994,#3995,
#3996,#3997),.UNSPECIFIED.,.F.,.F.,(4,2,2,4),(-0.700378296782405,-0.696859304911074,
-0.569123814033132,-0.553922814788728),.UNSPECIFIED.);
#88=B_SPLINE_CURVE_WITH_KNOTS('',3,(#3999,#4000,#4001,#4002,#4003,#4004,
#4005,#4006),.UNSPECIFIED.,.F.,.F.,(4,2,2,4),(-0.270671981000289,-0.255470981755885,
-0.127735490877943,-0.124216499006335),.UNSPECIFIED.);
#89=B_SPLINE_CURVE_WITH_KNOTS('',3,(#4224,#4225,#4226,#4227,#4228,#4229,
#4230,#4231,#4232,#4233,#4234,#4235,#4236,#4237,#4238,#4239,#4240,#4241,
#4242,#4243,#4244,#4245),.UNSPECIFIED.,.F.,.F.,(4,2,2,2,2,2,2,2,2,2,4),
(0.319703156720491,0.352184694561863,0.436550871886238,0.500315702832662,
0.532198118305874,0.564080533779086,0.595962949252298,0.627845364725509,
0.691610195671933,0.775976372996308,0.808457910837681),.UNSPECIFIED.);
#90=B_SPLINE_CURVE_WITH_KNOTS('',3,(#4258,#4259,#4260,#4261,#4262,#4263,
#4264,#4265,#4266,#4267,#4268,#4269,#4270,#4271,#4272,#4273,#4274,#4275,
#4276,#4277,#4278,#4279,#4280,#4281,#4282,#4283,#4284,#4285,#4286,#4287),
 .UNSPECIFIED.,.F.,.F.,(4,2,2,2,2,2,2,2,2,2,2,2,2,2,4),(0.,0.06135664199416,
0.12271328398832,0.195265900612904,0.267818517237489,0.352184694561863,
0.436550871886238,0.500315702832662,0.532198118305874,0.564080533779086,
0.595962949252298,0.62784536472551,0.691610195671934,0.775976372996308,
0.860342550320683),.UNSPECIFIED.);
#91=B_SPLINE_CURVE_WITH_KNOTS('',3,(#4288,#4289,#4290,#4291,#4292,#4293,
#4294,#4295,#4296,#4297),.UNSPECIFIED.,.F.,.F.,(4,2,2,2,4),(0.860342550320683,
0.932895166945267,1.00544778356985,1.06680442556401,1.12816106755817),
 .UNSPECIFIED.);
#92=CYLINDRICAL_SURFACE('',#2614,3.60000000000034);
#93=CYLINDRICAL_SURFACE('',#2619,3.60000000000034);
#94=CYLINDRICAL_SURFACE('',#2624,3.60000000000034);
#95=CYLINDRICAL_SURFACE('',#2629,3.60000000000034);
#96=CYLINDRICAL_SURFACE('',#2655,1.65);
#97=CYLINDRICAL_SURFACE('',#2659,1.65);
#98=CYLINDRICAL_SURFACE('',#2685,3.5);
#99=CYLINDRICAL_SURFACE('',#2690,3.5);
#100=CYLINDRICAL_SURFACE('',#2695,3.5);
#101=CYLINDRICAL_SURFACE('',#2699,3.5);
#102=CYLINDRICAL_SURFACE('',#2711,1.65);
#103=CYLINDRICAL_SURFACE('',#2714,1.65);
#104=CYLINDRICAL_SURFACE('',#2717,1.65);
#105=CYLINDRICAL_SURFACE('',#2720,1.65);
#106=CYLINDRICAL_SURFACE('',#2731,3.45);
#107=CYLINDRICAL_SURFACE('',#2745,1.65);
#108=CYLINDRICAL_SURFACE('',#2761,1.65);
#109=CYLINDRICAL_SURFACE('',#2763,7.925);
#110=CYLINDRICAL_SURFACE('',#2766,1.65);
#111=CYLINDRICAL_SURFACE('',#2768,1.65);
#112=CYLINDRICAL_SURFACE('',#2778,1.65);
#113=CYLINDRICAL_SURFACE('',#2782,1.65);
#114=CYLINDRICAL_SURFACE('',#2786,1.65);
#115=CYLINDRICAL_SURFACE('',#2790,1.65);
#116=CYLINDRICAL_SURFACE('',#2794,1.65);
#117=CYLINDRICAL_SURFACE('',#2796,1.65);
#118=CYLINDRICAL_SURFACE('',#2803,6.00000000000001);
#119=CYLINDRICAL_SURFACE('',#2804,6.00000000000002);
#120=CYLINDRICAL_SURFACE('',#2806,6.);
#121=CYLINDRICAL_SURFACE('',#2807,6.);
#122=CYLINDRICAL_SURFACE('',#2808,2.15);
#123=CYLINDRICAL_SURFACE('',#2810,2.15);
#124=CYLINDRICAL_SURFACE('',#2812,2.15);
#125=CYLINDRICAL_SURFACE('',#2814,2.15);
#126=CYLINDRICAL_SURFACE('',#2816,2.15);
#127=CYLINDRICAL_SURFACE('',#2818,2.15);
#128=CYLINDRICAL_SURFACE('',#2820,2.15);
#129=CYLINDRICAL_SURFACE('',#2822,2.15);
#130=CYLINDRICAL_SURFACE('',#2824,2.15);
#131=CYLINDRICAL_SURFACE('',#2826,2.15);
#132=CYLINDRICAL_SURFACE('',#2828,2.15);
#133=CYLINDRICAL_SURFACE('',#2830,2.15);
#134=CYLINDRICAL_SURFACE('',#2832,5.);
#135=CYLINDRICAL_SURFACE('',#2835,5.);
#136=CYLINDRICAL_SURFACE('',#2838,5.);
#137=CYLINDRICAL_SURFACE('',#2841,20.);
#138=CYLINDRICAL_SURFACE('',#2843,20.);
#139=CYLINDRICAL_SURFACE('',#2848,20.);
#140=CYLINDRICAL_SURFACE('',#2853,20.);
#141=FACE_OUTER_BOUND('',#273,.T.);
#142=FACE_OUTER_BOUND('',#274,.T.);
#143=FACE_OUTER_BOUND('',#275,.T.);
#144=FACE_OUTER_BOUND('',#276,.T.);
#145=FACE_OUTER_BOUND('',#277,.T.);
#146=FACE_OUTER_BOUND('',#278,.T.);
#147=FACE_OUTER_BOUND('',#279,.T.);
#148=FACE_OUTER_BOUND('',#280,.T.);
#149=FACE_OUTER_BOUND('',#281,.T.);
#150=FACE_OUTER_BOUND('',#286,.T.);
#151=FACE_OUTER_BOUND('',#291,.T.);
#152=FACE_OUTER_BOUND('',#292,.T.);
#153=FACE_OUTER_BOUND('',#293,.T.);
#154=FACE_OUTER_BOUND('',#294,.T.);
#155=FACE_OUTER_BOUND('',#295,.T.);
#156=FACE_OUTER_BOUND('',#296,.T.);
#157=FACE_OUTER_BOUND('',#297,.T.);
#158=FACE_OUTER_BOUND('',#298,.T.);
#159=FACE_OUTER_BOUND('',#299,.T.);
#160=FACE_OUTER_BOUND('',#300,.T.);
#161=FACE_OUTER_BOUND('',#301,.T.);
#162=FACE_OUTER_BOUND('',#302,.T.);
#163=FACE_OUTER_BOUND('',#303,.T.);
#164=FACE_OUTER_BOUND('',#304,.T.);
#165=FACE_OUTER_BOUND('',#315,.T.);
#166=FACE_OUTER_BOUND('',#316,.T.);
#167=FACE_OUTER_BOUND('',#317,.T.);
#168=FACE_OUTER_BOUND('',#318,.T.);
#169=FACE_OUTER_BOUND('',#319,.T.);
#170=FACE_OUTER_BOUND('',#320,.T.);
#171=FACE_OUTER_BOUND('',#321,.T.);
#172=FACE_OUTER_BOUND('',#322,.T.);
#173=FACE_OUTER_BOUND('',#323,.T.);
#174=FACE_OUTER_BOUND('',#324,.T.);
#175=FACE_OUTER_BOUND('',#325,.T.);
#176=FACE_OUTER_BOUND('',#326,.T.);
#177=FACE_OUTER_BOUND('',#327,.T.);
#178=FACE_OUTER_BOUND('',#328,.T.);
#179=FACE_OUTER_BOUND('',#329,.T.);
#180=FACE_OUTER_BOUND('',#330,.T.);
#181=FACE_OUTER_BOUND('',#331,.T.);
#182=FACE_OUTER_BOUND('',#332,.T.);
#183=FACE_OUTER_BOUND('',#333,.T.);
#184=FACE_OUTER_BOUND('',#334,.T.);
#185=FACE_OUTER_BOUND('',#335,.T.);
#186=FACE_OUTER_BOUND('',#336,.T.);
#187=FACE_OUTER_BOUND('',#337,.T.);
#188=FACE_OUTER_BOUND('',#338,.T.);
#189=FACE_OUTER_BOUND('',#339,.T.);
#190=FACE_OUTER_BOUND('',#340,.T.);
#191=FACE_OUTER_BOUND('',#342,.T.);
#192=FACE_OUTER_BOUND('',#344,.T.);
#193=FACE_OUTER_BOUND('',#346,.T.);
#194=FACE_OUTER_BOUND('',#347,.T.);
#195=FACE_OUTER_BOUND('',#349,.T.);
#196=FACE_OUTER_BOUND('',#350,.T.);
#197=FACE_OUTER_BOUND('',#351,.T.);
#198=FACE_OUTER_BOUND('',#352,.T.);
#199=FACE_OUTER_BOUND('',#353,.T.);
#200=FACE_OUTER_BOUND('',#354,.T.);
#201=FACE_OUTER_BOUND('',#355,.T.);
#202=FACE_OUTER_BOUND('',#356,.T.);
#203=FACE_OUTER_BOUND('',#358,.T.);
#204=FACE_OUTER_BOUND('',#359,.T.);
#205=FACE_OUTER_BOUND('',#360,.T.);
#206=FACE_OUTER_BOUND('',#361,.T.);
#207=FACE_OUTER_BOUND('',#362,.T.);
#208=FACE_OUTER_BOUND('',#363,.T.);
#209=FACE_OUTER_BOUND('',#366,.T.);
#210=FACE_OUTER_BOUND('',#367,.T.);
#211=FACE_OUTER_BOUND('',#368,.T.);
#212=FACE_OUTER_BOUND('',#369,.T.);
#213=FACE_OUTER_BOUND('',#370,.T.);
#214=FACE_OUTER_BOUND('',#371,.T.);
#215=FACE_OUTER_BOUND('',#372,.T.);
#216=FACE_OUTER_BOUND('',#373,.T.);
#217=FACE_OUTER_BOUND('',#374,.T.);
#218=FACE_OUTER_BOUND('',#375,.T.);
#219=FACE_OUTER_BOUND('',#377,.T.);
#220=FACE_OUTER_BOUND('',#378,.T.);
#221=FACE_OUTER_BOUND('',#379,.T.);
#222=FACE_OUTER_BOUND('',#380,.T.);
#223=FACE_OUTER_BOUND('',#381,.T.);
#224=FACE_OUTER_BOUND('',#384,.T.);
#225=FACE_OUTER_BOUND('',#385,.T.);
#226=FACE_OUTER_BOUND('',#386,.T.);
#227=FACE_OUTER_BOUND('',#387,.T.);
#228=FACE_OUTER_BOUND('',#388,.T.);
#229=FACE_OUTER_BOUND('',#389,.T.);
#230=FACE_OUTER_BOUND('',#390,.T.);
#231=FACE_OUTER_BOUND('',#391,.T.);
#232=FACE_OUTER_BOUND('',#392,.T.);
#233=FACE_OUTER_BOUND('',#393,.T.);
#234=FACE_OUTER_BOUND('',#394,.T.);
#235=FACE_OUTER_BOUND('',#395,.T.);
#236=FACE_OUTER_BOUND('',#396,.T.);
#237=FACE_OUTER_BOUND('',#397,.T.);
#238=FACE_OUTER_BOUND('',#398,.T.);
#239=FACE_OUTER_BOUND('',#403,.T.);
#240=FACE_OUTER_BOUND('',#404,.T.);
#241=FACE_OUTER_BOUND('',#405,.T.);
#242=FACE_OUTER_BOUND('',#406,.T.);
#243=FACE_OUTER_BOUND('',#407,.T.);
#244=FACE_OUTER_BOUND('',#408,.T.);
#245=FACE_OUTER_BOUND('',#409,.T.);
#246=FACE_OUTER_BOUND('',#410,.T.);
#247=FACE_OUTER_BOUND('',#411,.T.);
#248=FACE_OUTER_BOUND('',#412,.T.);
#249=FACE_OUTER_BOUND('',#413,.T.);
#250=FACE_OUTER_BOUND('',#414,.T.);
#251=FACE_OUTER_BOUND('',#415,.T.);
#252=FACE_OUTER_BOUND('',#416,.T.);
#253=FACE_OUTER_BOUND('',#417,.T.);
#254=FACE_OUTER_BOUND('',#418,.T.);
#255=FACE_OUTER_BOUND('',#419,.T.);
#256=FACE_OUTER_BOUND('',#420,.T.);
#257=FACE_OUTER_BOUND('',#421,.T.);
#258=FACE_OUTER_BOUND('',#422,.T.);
#259=FACE_OUTER_BOUND('',#423,.T.);
#260=FACE_OUTER_BOUND('',#424,.T.);
#261=FACE_OUTER_BOUND('',#425,.T.);
#262=FACE_OUTER_BOUND('',#426,.T.);
#263=FACE_OUTER_BOUND('',#431,.T.);
#264=FACE_OUTER_BOUND('',#432,.T.);
#265=FACE_OUTER_BOUND('',#433,.T.);
#266=FACE_OUTER_BOUND('',#434,.T.);
#267=FACE_OUTER_BOUND('',#439,.T.);
#268=FACE_OUTER_BOUND('',#440,.T.);
#269=FACE_OUTER_BOUND('',#441,.T.);
#270=FACE_OUTER_BOUND('',#442,.T.);
#271=FACE_OUTER_BOUND('',#447,.T.);
#272=FACE_OUTER_BOUND('',#448,.T.);
#273=EDGE_LOOP('',(#1658,#1659));
#274=EDGE_LOOP('',(#1660,#1661,#1662,#1663,#1664,#1665));
#275=EDGE_LOOP('',(#1666,#1667));
#276=EDGE_LOOP('',(#1668,#1669,#1670,#1671,#1672,#1673));
#277=EDGE_LOOP('',(#1674,#1675));
#278=EDGE_LOOP('',(#1676,#1677,#1678,#1679,#1680,#1681));
#279=EDGE_LOOP('',(#1682,#1683));
#280=EDGE_LOOP('',(#1684,#1685,#1686,#1687,#1688,#1689));
#281=EDGE_LOOP('',(#1690,#1691,#1692,#1693,#1694,#1695,#1696,#1697,#1698,
#1699,#1700,#1701));
#282=EDGE_LOOP('',(#1702));
#283=EDGE_LOOP('',(#1703));
#284=EDGE_LOOP('',(#1704));
#285=EDGE_LOOP('',(#1705));
#286=EDGE_LOOP('',(#1706,#1707,#1708,#1709,#1710,#1711,#1712,#1713,#1714,
#1715,#1716,#1717));
#287=EDGE_LOOP('',(#1718));
#288=EDGE_LOOP('',(#1719));
#289=EDGE_LOOP('',(#1720));
#290=EDGE_LOOP('',(#1721));
#291=EDGE_LOOP('',(#1722,#1723,#1724,#1725,#1726,#1727,#1728,#1729,#1730,
#1731,#1732));
#292=EDGE_LOOP('',(#1733,#1734,#1735,#1736,#1737,#1738,#1739,#1740,#1741,
#1742,#1743,#1744,#1745,#1746,#1747,#1748));
#293=EDGE_LOOP('',(#1749,#1750,#1751,#1752));
#294=EDGE_LOOP('',(#1753,#1754,#1755,#1756,#1757,#1758,#1759,#1760,#1761,
#1762,#1763));
#295=EDGE_LOOP('',(#1764,#1765,#1766,#1767));
#296=EDGE_LOOP('',(#1768));
#297=EDGE_LOOP('',(#1769,#1770,#1771,#1772));
#298=EDGE_LOOP('',(#1773));
#299=EDGE_LOOP('',(#1774,#1775,#1776,#1777));
#300=EDGE_LOOP('',(#1778,#1779,#1780,#1781));
#301=EDGE_LOOP('',(#1782,#1783,#1784,#1785));
#302=EDGE_LOOP('',(#1786,#1787,#1788,#1789));
#303=EDGE_LOOP('',(#1790,#1791,#1792,#1793,#1794));
#304=EDGE_LOOP('',(#1795,#1796,#1797,#1798,#1799,#1800,#1801,#1802,#1803,
#1804,#1805,#1806));
#305=EDGE_LOOP('',(#1807,#1808,#1809,#1810));
#306=EDGE_LOOP('',(#1811));
#307=EDGE_LOOP('',(#1812));
#308=EDGE_LOOP('',(#1813));
#309=EDGE_LOOP('',(#1814));
#310=EDGE_LOOP('',(#1815,#1816,#1817,#1818));
#311=EDGE_LOOP('',(#1819,#1820,#1821,#1822));
#312=EDGE_LOOP('',(#1823,#1824));
#313=EDGE_LOOP('',(#1825,#1826,#1827));
#314=EDGE_LOOP('',(#1828));
#315=EDGE_LOOP('',(#1829,#1830,#1831,#1832,#1833));
#316=EDGE_LOOP('',(#1834,#1835,#1836,#1837,#1838,#1839));
#317=EDGE_LOOP('',(#1840,#1841,#1842,#1843,#1844));
#318=EDGE_LOOP('',(#1845,#1846,#1847,#1848,#1849));
#319=EDGE_LOOP('',(#1850,#1851,#1852,#1853,#1854));
#320=EDGE_LOOP('',(#1855,#1856,#1857,#1858));
#321=EDGE_LOOP('',(#1859,#1860,#1861,#1862));
#322=EDGE_LOOP('',(#1863,#1864,#1865,#1866));
#323=EDGE_LOOP('',(#1867,#1868,#1869,#1870));
#324=EDGE_LOOP('',(#1871,#1872,#1873,#1874));
#325=EDGE_LOOP('',(#1875,#1876,#1877,#1878));
#326=EDGE_LOOP('',(#1879,#1880,#1881,#1882));
#327=EDGE_LOOP('',(#1883,#1884,#1885,#1886));
#328=EDGE_LOOP('',(#1887,#1888,#1889,#1890));
#329=EDGE_LOOP('',(#1891,#1892,#1893,#1894));
#330=EDGE_LOOP('',(#1895,#1896,#1897,#1898));
#331=EDGE_LOOP('',(#1899,#1900,#1901,#1902));
#332=EDGE_LOOP('',(#1903,#1904,#1905,#1906));
#333=EDGE_LOOP('',(#1907,#1908,#1909,#1910));
#334=EDGE_LOOP('',(#1911,#1912,#1913,#1914));
#335=EDGE_LOOP('',(#1915,#1916,#1917,#1918));
#336=EDGE_LOOP('',(#1919,#1920,#1921,#1922,#1923,#1924));
#337=EDGE_LOOP('',(#1925,#1926,#1927,#1928,#1929,#1930));
#338=EDGE_LOOP('',(#1931,#1932,#1933,#1934,#1935,#1936));
#339=EDGE_LOOP('',(#1937,#1938,#1939,#1940,#1941,#1942));
#340=EDGE_LOOP('',(#1943));
#341=EDGE_LOOP('',(#1944));
#342=EDGE_LOOP('',(#1945));
#343=EDGE_LOOP('',(#1946));
#344=EDGE_LOOP('',(#1947,#1948));
#345=EDGE_LOOP('',(#1949));
#346=EDGE_LOOP('',(#1950,#1951,#1952,#1953,#1954,#1955,#1956));
#347=EDGE_LOOP('',(#1957));
#348=EDGE_LOOP('',(#1958));
#349=EDGE_LOOP('',(#1959,#1960,#1961,#1962));
#350=EDGE_LOOP('',(#1963,#1964,#1965,#1966,#1967,#1968));
#351=EDGE_LOOP('',(#1969,#1970,#1971,#1972,#1973,#1974));
#352=EDGE_LOOP('',(#1975,#1976,#1977,#1978));
#353=EDGE_LOOP('',(#1979,#1980,#1981,#1982));
#354=EDGE_LOOP('',(#1983,#1984,#1985,#1986));
#355=EDGE_LOOP('',(#1987,#1988,#1989,#1990));
#356=EDGE_LOOP('',(#1991,#1992,#1993,#1994));
#357=EDGE_LOOP('',(#1995));
#358=EDGE_LOOP('',(#1996,#1997,#1998,#1999));
#359=EDGE_LOOP('',(#2000,#2001,#2002,#2003));
#360=EDGE_LOOP('',(#2004,#2005,#2006,#2007));
#361=EDGE_LOOP('',(#2008,#2009,#2010,#2011));
#362=EDGE_LOOP('',(#2012,#2013,#2014,#2015));
#363=EDGE_LOOP('',(#2016,#2017,#2018,#2019,#2020,#2021,#2022,#2023));
#364=EDGE_LOOP('',(#2024));
#365=EDGE_LOOP('',(#2025));
#366=EDGE_LOOP('',(#2026,#2027,#2028,#2029));
#367=EDGE_LOOP('',(#2030,#2031,#2032,#2033));
#368=EDGE_LOOP('',(#2034,#2035,#2036,#2037));
#369=EDGE_LOOP('',(#2038,#2039,#2040,#2041));
#370=EDGE_LOOP('',(#2042,#2043,#2044,#2045,#2046,#2047));
#371=EDGE_LOOP('',(#2048,#2049,#2050,#2051,#2052,#2053));
#372=EDGE_LOOP('',(#2054,#2055,#2056,#2057,#2058,#2059));
#373=EDGE_LOOP('',(#2060,#2061,#2062,#2063));
#374=EDGE_LOOP('',(#2064,#2065,#2066,#2067,#2068,#2069));
#375=EDGE_LOOP('',(#2070,#2071,#2072,#2073,#2074,#2075));
#376=EDGE_LOOP('',(#2076,#2077));
#377=EDGE_LOOP('',(#2078,#2079,#2080,#2081));
#378=EDGE_LOOP('',(#2082,#2083,#2084,#2085));
#379=EDGE_LOOP('',(#2086,#2087,#2088,#2089));
#380=EDGE_LOOP('',(#2090,#2091,#2092,#2093));
#381=EDGE_LOOP('',(#2094,#2095,#2096,#2097,#2098,#2099,#2100,#2101,#2102,
#2103,#2104,#2105,#2106,#2107,#2108,#2109,#2110,#2111,#2112));
#382=EDGE_LOOP('',(#2113));
#383=EDGE_LOOP('',(#2114));
#384=EDGE_LOOP('',(#2115,#2116,#2117,#2118));
#385=EDGE_LOOP('',(#2119,#2120,#2121,#2122));
#386=EDGE_LOOP('',(#2123,#2124,#2125,#2126));
#387=EDGE_LOOP('',(#2127,#2128,#2129,#2130));
#388=EDGE_LOOP('',(#2131,#2132,#2133,#2134));
#389=EDGE_LOOP('',(#2135,#2136,#2137,#2138));
#390=EDGE_LOOP('',(#2139,#2140,#2141,#2142));
#391=EDGE_LOOP('',(#2143,#2144,#2145,#2146));
#392=EDGE_LOOP('',(#2147,#2148,#2149,#2150));
#393=EDGE_LOOP('',(#2151,#2152,#2153,#2154));
#394=EDGE_LOOP('',(#2155,#2156,#2157,#2158));
#395=EDGE_LOOP('',(#2159,#2160,#2161,#2162,#2163,#2164));
#396=EDGE_LOOP('',(#2165,#2166,#2167,#2168));
#397=EDGE_LOOP('',(#2169,#2170,#2171,#2172,#2173));
#398=EDGE_LOOP('',(#2174,#2175,#2176,#2177));
#399=EDGE_LOOP('',(#2178));
#400=EDGE_LOOP('',(#2179));
#401=EDGE_LOOP('',(#2180));
#402=EDGE_LOOP('',(#2181));
#403=EDGE_LOOP('',(#2182,#2183,#2184,#2185));
#404=EDGE_LOOP('',(#2186,#2187,#2188,#2189));
#405=EDGE_LOOP('',(#2190,#2191,#2192,#2193,#2194,#2195,#2196,#2197,#2198,
#2199,#2200,#2201,#2202,#2203,#2204,#2205,#2206));
#406=EDGE_LOOP('',(#2207,#2208,#2209,#2210));
#407=EDGE_LOOP('',(#2211,#2212,#2213,#2214));
#408=EDGE_LOOP('',(#2215,#2216,#2217,#2218));
#409=EDGE_LOOP('',(#2219,#2220,#2221,#2222));
#410=EDGE_LOOP('',(#2223,#2224,#2225,#2226));
#411=EDGE_LOOP('',(#2227,#2228,#2229,#2230));
#412=EDGE_LOOP('',(#2231,#2232,#2233,#2234));
#413=EDGE_LOOP('',(#2235,#2236,#2237,#2238));
#414=EDGE_LOOP('',(#2239,#2240,#2241,#2242));
#415=EDGE_LOOP('',(#2243,#2244,#2245,#2246));
#416=EDGE_LOOP('',(#2247,#2248,#2249,#2250));
#417=EDGE_LOOP('',(#2251,#2252,#2253,#2254));
#418=EDGE_LOOP('',(#2255,#2256,#2257,#2258));
#419=EDGE_LOOP('',(#2259,#2260,#2261,#2262));
#420=EDGE_LOOP('',(#2263,#2264,#2265,#2266));
#421=EDGE_LOOP('',(#2267,#2268,#2269,#2270,#2271,#2272,#2273,#2274));
#422=EDGE_LOOP('',(#2275,#2276,#2277,#2278,#2279,#2280,#2281,#2282));
#423=EDGE_LOOP('',(#2283,#2284,#2285,#2286));
#424=EDGE_LOOP('',(#2287,#2288,#2289,#2290));
#425=EDGE_LOOP('',(#2291,#2292,#2293,#2294,#2295));
#426=EDGE_LOOP('',(#2296,#2297,#2298,#2299));
#427=EDGE_LOOP('',(#2300));
#428=EDGE_LOOP('',(#2301));
#429=EDGE_LOOP('',(#2302));
#430=EDGE_LOOP('',(#2303));
#431=EDGE_LOOP('',(#2304,#2305,#2306,#2307,#2308));
#432=EDGE_LOOP('',(#2309,#2310,#2311,#2312));
#433=EDGE_LOOP('',(#2313,#2314,#2315,#2316,#2317));
#434=EDGE_LOOP('',(#2318,#2319,#2320,#2321));
#435=EDGE_LOOP('',(#2322));
#436=EDGE_LOOP('',(#2323));
#437=EDGE_LOOP('',(#2324));
#438=EDGE_LOOP('',(#2325));
#439=EDGE_LOOP('',(#2326,#2327,#2328,#2329,#2330));
#440=EDGE_LOOP('',(#2331,#2332,#2333,#2334));
#441=EDGE_LOOP('',(#2335,#2336,#2337,#2338,#2339));
#442=EDGE_LOOP('',(#2340,#2341,#2342,#2343));
#443=EDGE_LOOP('',(#2344));
#444=EDGE_LOOP('',(#2345));
#445=EDGE_LOOP('',(#2346));
#446=EDGE_LOOP('',(#2347));
#447=EDGE_LOOP('',(#2348,#2349,#2350,#2351,#2352));
#448=EDGE_LOOP('',(#2353,#2354,#2355,#2356,#2357,#2358,#2359,#2360,#2361,
#2362,#2363,#2364,#2365,#2366));
#449=EDGE_LOOP('',(#2367));
#450=EDGE_LOOP('',(#2368));
#451=EDGE_LOOP('',(#2369));
#452=EDGE_LOOP('',(#2370));
#453=EDGE_LOOP('',(#2371,#2372,#2373,#2374));
#454=EDGE_LOOP('',(#2375));
#455=EDGE_LOOP('',(#2376));
#456=EDGE_LOOP('',(#2377));
#457=EDGE_LOOP('',(#2378));
#458=EDGE_LOOP('',(#2379));
#459=EDGE_LOOP('',(#2380));
#460=EDGE_LOOP('',(#2381));
#461=EDGE_LOOP('',(#2382));
#462=EDGE_LOOP('',(#2383));
#463=CIRCLE('',#2613,3.60000000000034);
#464=CIRCLE('',#2615,3.60000000000034);
#465=CIRCLE('',#2616,3.60000000000034);
#466=CIRCLE('',#2618,3.60000000000034);
#467=CIRCLE('',#2620,3.60000000000034);
#468=CIRCLE('',#2621,3.60000000000034);
#469=CIRCLE('',#2623,3.60000000000034);
#470=CIRCLE('',#2625,3.60000000000034);
#471=CIRCLE('',#2626,3.60000000000034);
#472=CIRCLE('',#2628,3.60000000000034);
#473=CIRCLE('',#2630,3.60000000000034);
#474=CIRCLE('',#2631,3.60000000000034);
#475=CIRCLE('',#2633,2.15);
#476=CIRCLE('',#2634,2.15);
#477=CIRCLE('',#2635,2.15);
#478=CIRCLE('',#2636,2.15);
#479=CIRCLE('',#2638,2.15);
#480=CIRCLE('',#2639,2.15);
#481=CIRCLE('',#2640,2.15);
#482=CIRCLE('',#2641,2.15);
#483=CIRCLE('',#2643,6.);
#484=CIRCLE('',#2644,1.65);
#485=CIRCLE('',#2645,20.);
#486=CIRCLE('',#2647,20.);
#487=CIRCLE('',#2648,20.);
#488=CIRCLE('',#2649,6.00000000000001);
#489=CIRCLE('',#2650,6.);
#490=CIRCLE('',#2653,20.);
#491=CIRCLE('',#2654,6.00000000000002);
#492=CIRCLE('',#2656,1.65);
#493=CIRCLE('',#2657,1.65);
#494=CIRCLE('',#2660,1.65);
#495=CIRCLE('',#2661,1.65);
#496=CIRCLE('',#2668,4.5);
#497=CIRCLE('',#2669,3.5);
#498=CIRCLE('',#2670,3.5);
#499=CIRCLE('',#2672,6.);
#500=CIRCLE('',#2673,6.);
#501=CIRCLE('',#2674,6.00000000000001);
#502=CIRCLE('',#2675,6.00000000000002);
#503=CIRCLE('',#2676,3.45);
#504=CIRCLE('',#2677,3.45);
#505=CIRCLE('',#2678,3.45);
#506=CIRCLE('',#2679,3.45);
#507=CIRCLE('',#2680,4.5);
#508=CIRCLE('',#2681,3.45);
#509=CIRCLE('',#2682,4.5);
#510=CIRCLE('',#2683,4.5);
#511=CIRCLE('',#2684,4.5);
#512=CIRCLE('',#2686,3.5);
#513=CIRCLE('',#2688,3.5);
#514=CIRCLE('',#2689,3.5);
#515=CIRCLE('',#2691,3.5);
#516=CIRCLE('',#2693,3.5);
#517=CIRCLE('',#2694,3.5);
#518=CIRCLE('',#2696,3.5);
#519=CIRCLE('',#2698,3.5);
#520=CIRCLE('',#2700,3.5);
#521=CIRCLE('',#2712,1.65);
#522=CIRCLE('',#2713,1.65);
#523=CIRCLE('',#2715,1.65);
#524=CIRCLE('',#2716,1.65);
#525=CIRCLE('',#2718,1.65);
#526=CIRCLE('',#2719,1.65);
#527=CIRCLE('',#2721,1.65);
#528=CIRCLE('',#2722,1.65);
#529=CIRCLE('',#2730,3.45);
#530=CIRCLE('',#2732,3.45);
#531=CIRCLE('',#2733,3.45);
#532=CIRCLE('',#2742,1.65);
#533=CIRCLE('',#2743,3.44999999999999);
#534=CIRCLE('',#2746,1.65);
#535=CIRCLE('',#2752,1.65);
#536=CIRCLE('',#2753,1.65);
#537=CIRCLE('',#2764,7.925);
#538=CIRCLE('',#2765,7.925);
#539=CIRCLE('',#2767,1.65);
#540=CIRCLE('',#2769,1.65);
#541=CIRCLE('',#2777,1.65);
#542=CIRCLE('',#2779,1.65);
#543=CIRCLE('',#2781,1.65);
#544=CIRCLE('',#2783,1.65);
#545=CIRCLE('',#2785,1.65);
#546=CIRCLE('',#2787,1.65);
#547=CIRCLE('',#2789,1.65);
#548=CIRCLE('',#2791,1.65);
#549=CIRCLE('',#2793,1.65);
#550=CIRCLE('',#2795,1.65);
#551=CIRCLE('',#2797,1.65);
#552=CIRCLE('',#2799,2.15);
#553=CIRCLE('',#2800,2.15);
#554=CIRCLE('',#2801,2.15);
#555=CIRCLE('',#2802,2.15);
#556=CIRCLE('',#2809,2.15);
#557=CIRCLE('',#2811,2.15);
#558=CIRCLE('',#2813,2.15);
#559=CIRCLE('',#2815,2.15);
#560=CIRCLE('',#2817,2.15);
#561=CIRCLE('',#2819,2.15);
#562=CIRCLE('',#2821,2.15);
#563=CIRCLE('',#2823,2.15);
#564=CIRCLE('',#2825,2.15);
#565=CIRCLE('',#2827,2.15);
#566=CIRCLE('',#2829,2.15);
#567=CIRCLE('',#2831,2.15);
#568=CIRCLE('',#2833,5.);
#569=CIRCLE('',#2834,5.);
#570=CIRCLE('',#2836,5.);
#571=CIRCLE('',#2837,5.);
#572=CIRCLE('',#2839,5.);
#573=CIRCLE('',#2840,5.);
#574=CIRCLE('',#2842,20.);
#575=CIRCLE('',#2844,20.);
#576=CIRCLE('',#2849,20.);
#577=CIRCLE('',#2854,20.);
#578=LINE('',#3598,#817);
#579=LINE('',#3602,#818);
#580=LINE('',#3635,#819);
#581=LINE('',#3639,#820);
#582=LINE('',#3643,#821);
#583=LINE('',#3676,#822);
#584=LINE('',#3680,#823);
#585=LINE('',#3684,#824);
#586=LINE('',#3717,#825);
#587=LINE('',#3721,#826);
#588=LINE('',#3725,#827);
#589=LINE('',#3758,#828);
#590=LINE('',#3761,#829);
#591=LINE('',#3763,#830);
#592=LINE('',#3765,#831);
#593=LINE('',#3767,#832);
#594=LINE('',#3768,#833);
#595=LINE('',#3769,#834);
#596=LINE('',#3780,#835);
#597=LINE('',#3782,#836);
#598=LINE('',#3784,#837);
#599=LINE('',#3786,#838);
#600=LINE('',#3787,#839);
#601=LINE('',#3788,#840);
#602=LINE('',#3801,#841);
#603=LINE('',#3803,#842);
#604=LINE('',#3807,#843);
#605=LINE('',#3809,#844);
#606=LINE('',#3813,#845);
#607=LINE('',#3814,#846);
#608=LINE('',#3817,#847);
#609=LINE('',#3819,#848);
#610=LINE('',#3823,#849);
#611=LINE('',#3825,#850);
#612=LINE('',#3827,#851);
#613=LINE('',#3831,#852);
#614=LINE('',#3832,#853);
#615=LINE('',#3836,#854);
#616=LINE('',#3839,#855);
#617=LINE('',#3842,#856);
#618=LINE('',#3844,#857);
#619=LINE('',#3848,#858);
#620=LINE('',#3850,#859);
#621=LINE('',#3852,#860);
#622=LINE('',#3854,#861);
#623=LINE('',#3856,#862);
#624=LINE('',#3862,#863);
#625=LINE('',#3869,#864);
#626=LINE('',#3875,#865);
#627=LINE('',#3877,#866);
#628=LINE('',#3879,#867);
#629=LINE('',#3880,#868);
#630=LINE('',#3883,#869);
#631=LINE('',#3885,#870);
#632=LINE('',#3886,#871);
#633=LINE('',#3890,#872);
#634=LINE('',#3892,#873);
#635=LINE('',#3894,#874);
#636=LINE('',#3895,#875);
#637=LINE('',#3898,#876);
#638=LINE('',#3900,#877);
#639=LINE('',#3901,#878);
#640=LINE('',#3906,#879);
#641=LINE('',#3913,#880);
#642=LINE('',#3915,#881);
#643=LINE('',#3917,#882);
#644=LINE('',#3919,#883);
#645=LINE('',#3924,#884);
#646=LINE('',#3928,#885);
#647=LINE('',#3929,#886);
#648=LINE('',#3930,#887);
#649=LINE('',#3941,#888);
#650=LINE('',#3943,#889);
#651=LINE('',#3945,#890);
#652=LINE('',#3946,#891);
#653=LINE('',#3949,#892);
#654=LINE('',#3951,#893);
#655=LINE('',#3953,#894);
#656=LINE('',#3954,#895);
#657=LINE('',#3967,#896);
#658=LINE('',#3970,#897);
#659=LINE('',#3977,#898);
#660=LINE('',#3980,#899);
#661=LINE('',#3987,#900);
#662=LINE('',#4010,#901);
#663=LINE('',#4013,#902);
#664=LINE('',#4016,#903);
#665=LINE('',#4018,#904);
#666=LINE('',#4019,#905);
#667=LINE('',#4022,#906);
#668=LINE('',#4024,#907);
#669=LINE('',#4025,#908);
#670=LINE('',#4028,#909);
#671=LINE('',#4030,#910);
#672=LINE('',#4031,#911);
#673=LINE('',#4034,#912);
#674=LINE('',#4036,#913);
#675=LINE('',#4037,#914);
#676=LINE('',#4040,#915);
#677=LINE('',#4042,#916);
#678=LINE('',#4043,#917);
#679=LINE('',#4046,#918);
#680=LINE('',#4048,#919);
#681=LINE('',#4049,#920);
#682=LINE('',#4052,#921);
#683=LINE('',#4054,#922);
#684=LINE('',#4055,#923);
#685=LINE('',#4058,#924);
#686=LINE('',#4060,#925);
#687=LINE('',#4061,#926);
#688=LINE('',#4063,#927);
#689=LINE('',#4064,#928);
#690=LINE('',#4066,#929);
#691=LINE('',#4067,#930);
#692=LINE('',#4072,#931);
#693=LINE('',#4078,#932);
#694=LINE('',#4084,#933);
#695=LINE('',#4090,#934);
#696=LINE('',#4106,#935);
#697=LINE('',#4107,#936);
#698=LINE('',#4113,#937);
#699=LINE('',#4114,#938);
#700=LINE('',#4115,#939);
#701=LINE('',#4119,#940);
#702=LINE('',#4120,#941);
#703=LINE('',#4121,#942);
#704=LINE('',#4123,#943);
#705=LINE('',#4128,#944);
#706=LINE('',#4133,#945);
#707=LINE('',#4135,#946);
#708=LINE('',#4137,#947);
#709=LINE('',#4138,#948);
#710=LINE('',#4141,#949);
#711=LINE('',#4146,#950);
#712=LINE('',#4148,#951);
#713=LINE('',#4150,#952);
#714=LINE('',#4151,#953);
#715=LINE('',#4154,#954);
#716=LINE('',#4156,#955);
#717=LINE('',#4157,#956);
#718=LINE('',#4160,#957);
#719=LINE('',#4162,#958);
#720=LINE('',#4163,#959);
#721=LINE('',#4165,#960);
#722=LINE('',#4168,#961);
#723=LINE('',#4170,#962);
#724=LINE('',#4172,#963);
#725=LINE('',#4174,#964);
#726=LINE('',#4175,#965);
#727=LINE('',#4182,#966);
#728=LINE('',#4184,#967);
#729=LINE('',#4185,#968);
#730=LINE('',#4188,#969);
#731=LINE('',#4190,#970);
#732=LINE('',#4191,#971);
#733=LINE('',#4195,#972);
#734=LINE('',#4197,#973);
#735=LINE('',#4199,#974);
#736=LINE('',#4200,#975);
#737=LINE('',#4202,#976);
#738=LINE('',#4203,#977);
#739=LINE('',#4207,#978);
#740=LINE('',#4209,#979);
#741=LINE('',#4211,#980);
#742=LINE('',#4213,#981);
#743=LINE('',#4215,#982);
#744=LINE('',#4216,#983);
#745=LINE('',#4218,#984);
#746=LINE('',#4219,#985);
#747=LINE('',#4220,#986);
#748=LINE('',#4222,#987);
#749=LINE('',#4247,#988);
#750=LINE('',#4249,#989);
#751=LINE('',#4251,#990);
#752=LINE('',#4252,#991);
#753=LINE('',#4300,#992);
#754=LINE('',#4304,#993);
#755=LINE('',#4307,#994);
#756=LINE('',#4310,#995);
#757=LINE('',#4311,#996);
#758=LINE('',#4313,#997);
#759=LINE('',#4315,#998);
#760=LINE('',#4317,#999);
#761=LINE('',#4318,#1000);
#762=LINE('',#4320,#1001);
#763=LINE('',#4321,#1002);
#764=LINE('',#4323,#1003);
#765=LINE('',#4328,#1004);
#766=LINE('',#4332,#1005);
#767=LINE('',#4336,#1006);
#768=LINE('',#4340,#1007);
#769=LINE('',#4344,#1008);
#770=LINE('',#4348,#1009);
#771=LINE('',#4352,#1010);
#772=LINE('',#4356,#1011);
#773=LINE('',#4360,#1012);
#774=LINE('',#4364,#1013);
#775=LINE('',#4368,#1014);
#776=LINE('',#4371,#1015);
#777=LINE('',#4372,#1016);
#778=LINE('',#4383,#1017);
#779=LINE('',#4385,#1018);
#780=LINE('',#4386,#1019);
#781=LINE('',#4392,#1020);
#782=LINE('',#4396,#1021);
#783=LINE('',#4400,#1022);
#784=LINE('',#4404,#1023);
#785=LINE('',#4408,#1024);
#786=LINE('',#4412,#1025);
#787=LINE('',#4416,#1026);
#788=LINE('',#4420,#1027);
#789=LINE('',#4424,#1028);
#790=LINE('',#4428,#1029);
#791=LINE('',#4432,#1030);
#792=LINE('',#4436,#1031);
#793=LINE('',#4442,#1032);
#794=LINE('',#4447,#1033);
#795=LINE('',#4453,#1034);
#796=LINE('',#4457,#1035);
#797=LINE('',#4462,#1036);
#798=LINE('',#4465,#1037);
#799=LINE('',#4466,#1038);
#800=LINE('',#4469,#1039);
#801=LINE('',#4470,#1040);
#802=LINE('',#4473,#1041);
#803=LINE('',#4474,#1042);
#804=LINE('',#4478,#1043);
#805=LINE('',#4481,#1044);
#806=LINE('',#4482,#1045);
#807=LINE('',#4485,#1046);
#808=LINE('',#4486,#1047);
#809=LINE('',#4489,#1048);
#810=LINE('',#4490,#1049);
#811=LINE('',#4494,#1050);
#812=LINE('',#4497,#1051);
#813=LINE('',#4498,#1052);
#814=LINE('',#4501,#1053);
#815=LINE('',#4502,#1054);
#816=LINE('',#4504,#1055);
#817=VECTOR('',#2863,10.);
#818=VECTOR('',#2868,10.);
#819=VECTOR('',#2873,10.);
#820=VECTOR('',#2876,10.);
#821=VECTOR('',#2881,10.);
#822=VECTOR('',#2886,10.);
#823=VECTOR('',#2889,10.);
#824=VECTOR('',#2894,10.);
#825=VECTOR('',#2899,10.);
#826=VECTOR('',#2902,10.);
#827=VECTOR('',#2907,10.);
#828=VECTOR('',#2912,10.);
#829=VECTOR('',#2915,10.);
#830=VECTOR('',#2916,10.);
#831=VECTOR('',#2917,10.);
#832=VECTOR('',#2918,10.);
#833=VECTOR('',#2919,10.);
#834=VECTOR('',#2920,10.);
#835=VECTOR('',#2931,10.);
#836=VECTOR('',#2932,10.);
#837=VECTOR('',#2933,10.);
#838=VECTOR('',#2934,10.);
#839=VECTOR('',#2935,10.);
#840=VECTOR('',#2936,10.);
#841=VECTOR('',#2949,10.);
#842=VECTOR('',#2950,10.);
#843=VECTOR('',#2953,10.);
#844=VECTOR('',#2954,10.);
#845=VECTOR('',#2957,10.);
#846=VECTOR('',#2958,10.);
#847=VECTOR('',#2961,10.);
#848=VECTOR('',#2962,10.);
#849=VECTOR('',#2965,10.);
#850=VECTOR('',#2966,10.);
#851=VECTOR('',#2967,10.);
#852=VECTOR('',#2970,10.);
#853=VECTOR('',#2971,10.);
#854=VECTOR('',#2974,10.);
#855=VECTOR('',#2979,10.);
#856=VECTOR('',#2982,10.);
#857=VECTOR('',#2983,10.);
#858=VECTOR('',#2986,10.);
#859=VECTOR('',#2987,10.);
#860=VECTOR('',#2988,10.);
#861=VECTOR('',#2989,10.);
#862=VECTOR('',#2990,10.);
#863=VECTOR('',#2997,1.65);
#864=VECTOR('',#3006,1.65);
#865=VECTOR('',#3013,10.);
#866=VECTOR('',#3014,10.);
#867=VECTOR('',#3015,10.);
#868=VECTOR('',#3016,10.);
#869=VECTOR('',#3019,10.);
#870=VECTOR('',#3020,10.);
#871=VECTOR('',#3021,10.);
#872=VECTOR('',#3024,10.);
#873=VECTOR('',#3025,10.);
#874=VECTOR('',#3026,10.);
#875=VECTOR('',#3027,10.);
#876=VECTOR('',#3030,10.);
#877=VECTOR('',#3031,10.);
#878=VECTOR('',#3032,10.);
#879=VECTOR('',#3037,4.);
#880=VECTOR('',#3044,10.);
#881=VECTOR('',#3045,10.);
#882=VECTOR('',#3046,10.);
#883=VECTOR('',#3047,10.);
#884=VECTOR('',#3052,10.);
#885=VECTOR('',#3057,10.);
#886=VECTOR('',#3058,10.);
#887=VECTOR('',#3059,10.);
#888=VECTOR('',#3068,10.);
#889=VECTOR('',#3069,10.);
#890=VECTOR('',#3070,10.);
#891=VECTOR('',#3071,10.);
#892=VECTOR('',#3072,10.);
#893=VECTOR('',#3073,10.);
#894=VECTOR('',#3074,10.);
#895=VECTOR('',#3075,10.);
#896=VECTOR('',#3090,3.5);
#897=VECTOR('',#3093,4.);
#898=VECTOR('',#3102,3.5);
#899=VECTOR('',#3105,4.);
#900=VECTOR('',#3114,3.5);
#901=VECTOR('',#3121,10.);
#902=VECTOR('',#3124,10.);
#903=VECTOR('',#3127,10.);
#904=VECTOR('',#3128,10.);
#905=VECTOR('',#3129,10.);
#906=VECTOR('',#3132,10.);
#907=VECTOR('',#3133,10.);
#908=VECTOR('',#3134,10.);
#909=VECTOR('',#3137,10.);
#910=VECTOR('',#3138,10.);
#911=VECTOR('',#3139,10.);
#912=VECTOR('',#3142,10.);
#913=VECTOR('',#3143,10.);
#914=VECTOR('',#3144,10.);
#915=VECTOR('',#3147,10.);
#916=VECTOR('',#3148,10.);
#917=VECTOR('',#3149,10.);
#918=VECTOR('',#3152,10.);
#919=VECTOR('',#3153,10.);
#920=VECTOR('',#3154,10.);
#921=VECTOR('',#3157,10.);
#922=VECTOR('',#3158,10.);
#923=VECTOR('',#3159,10.);
#924=VECTOR('',#3162,10.);
#925=VECTOR('',#3163,10.);
#926=VECTOR('',#3164,10.);
#927=VECTOR('',#3167,10.);
#928=VECTOR('',#3168,10.);
#929=VECTOR('',#3171,10.);
#930=VECTOR('',#3172,10.);
#931=VECTOR('',#3177,1.65);
#932=VECTOR('',#3184,1.65);
#933=VECTOR('',#3191,1.65);
#934=VECTOR('',#3198,1.65);
#935=VECTOR('',#3227,10.);
#936=VECTOR('',#3228,10.);
#937=VECTOR('',#3235,10.);
#938=VECTOR('',#3236,10.);
#939=VECTOR('',#3237,10.);
#940=VECTOR('',#3240,10.);
#941=VECTOR('',#3241,10.);
#942=VECTOR('',#3242,10.);
#943=VECTOR('',#3245,10.);
#944=VECTOR('',#3250,2.55);
#945=VECTOR('',#3255,10.);
#946=VECTOR('',#3256,10.);
#947=VECTOR('',#3257,10.);
#948=VECTOR('',#3258,10.);
#949=VECTOR('',#3261,1.65);
#950=VECTOR('',#3266,10.);
#951=VECTOR('',#3267,10.);
#952=VECTOR('',#3268,10.);
#953=VECTOR('',#3269,10.);
#954=VECTOR('',#3272,10.);
#955=VECTOR('',#3273,10.);
#956=VECTOR('',#3274,10.);
#957=VECTOR('',#3277,10.);
#958=VECTOR('',#3278,10.);
#959=VECTOR('',#3279,10.);
#960=VECTOR('',#3282,10.);
#961=VECTOR('',#3285,10.);
#962=VECTOR('',#3286,10.);
#963=VECTOR('',#3287,10.);
#964=VECTOR('',#3288,10.);
#965=VECTOR('',#3289,10.);
#966=VECTOR('',#3296,10.);
#967=VECTOR('',#3297,10.);
#968=VECTOR('',#3298,10.);
#969=VECTOR('',#3301,10.);
#970=VECTOR('',#3302,10.);
#971=VECTOR('',#3303,10.);
#972=VECTOR('',#3306,10.);
#973=VECTOR('',#3307,10.);
#974=VECTOR('',#3308,10.);
#975=VECTOR('',#3309,10.);
#976=VECTOR('',#3312,10.);
#977=VECTOR('',#3313,10.);
#978=VECTOR('',#3316,10.);
#979=VECTOR('',#3317,10.);
#980=VECTOR('',#3318,10.);
#981=VECTOR('',#3319,10.);
#982=VECTOR('',#3320,10.);
#983=VECTOR('',#3321,10.);
#984=VECTOR('',#3324,10.);
#985=VECTOR('',#3325,10.);
#986=VECTOR('',#3326,10.);
#987=VECTOR('',#3329,10.);
#988=VECTOR('',#3334,10.);
#989=VECTOR('',#3335,10.);
#990=VECTOR('',#3336,10.);
#991=VECTOR('',#3337,10.);
#992=VECTOR('',#3346,1.65);
#993=VECTOR('',#3351,1.65);
#994=VECTOR('',#3356,10.);
#995=VECTOR('',#3359,10.);
#996=VECTOR('',#3360,10.);
#997=VECTOR('',#3363,10.);
#998=VECTOR('',#3364,10.);
#999=VECTOR('',#3365,10.);
#1000=VECTOR('',#3366,10.);
#1001=VECTOR('',#3367,10.);
#1002=VECTOR('',#3368,10.);
#1003=VECTOR('',#3371,10.);
#1004=VECTOR('',#3378,2.55);
#1005=VECTOR('',#3383,1.65);
#1006=VECTOR('',#3388,2.55);
#1007=VECTOR('',#3393,1.65);
#1008=VECTOR('',#3398,2.55);
#1009=VECTOR('',#3403,1.65);
#1010=VECTOR('',#3408,2.55);
#1011=VECTOR('',#3413,1.65);
#1012=VECTOR('',#3418,2.55);
#1013=VECTOR('',#3423,1.65);
#1014=VECTOR('',#3428,1.65);
#1015=VECTOR('',#3433,10.);
#1016=VECTOR('',#3434,10.);
#1017=VECTOR('',#3447,10.);
#1018=VECTOR('',#3450,10.);
#1019=VECTOR('',#3451,10.);
#1020=VECTOR('',#3460,2.15);
#1021=VECTOR('',#3465,2.15);
#1022=VECTOR('',#3470,2.15);
#1023=VECTOR('',#3475,2.15);
#1024=VECTOR('',#3480,2.15);
#1025=VECTOR('',#3485,2.15);
#1026=VECTOR('',#3490,2.15);
#1027=VECTOR('',#3495,2.15);
#1028=VECTOR('',#3500,2.15);
#1029=VECTOR('',#3505,2.15);
#1030=VECTOR('',#3510,2.15);
#1031=VECTOR('',#3515,2.15);
#1032=VECTOR('',#3522,10.);
#1033=VECTOR('',#3527,10.);
#1034=VECTOR('',#3534,10.);
#1035=VECTOR('',#3539,10.);
#1036=VECTOR('',#3546,10.);
#1037=VECTOR('',#3549,10.);
#1038=VECTOR('',#3550,10.);
#1039=VECTOR('',#3553,10.);
#1040=VECTOR('',#3554,10.);
#1041=VECTOR('',#3557,10.);
#1042=VECTOR('',#3558,10.);
#1043=VECTOR('',#3563,10.);
#1044=VECTOR('',#3566,10.);
#1045=VECTOR('',#3567,10.);
#1046=VECTOR('',#3570,10.);
#1047=VECTOR('',#3571,10.);
#1048=VECTOR('',#3574,10.);
#1049=VECTOR('',#3575,10.);
#1050=VECTOR('',#3580,10.);
#1051=VECTOR('',#3583,10.);
#1052=VECTOR('',#3584,10.);
#1053=VECTOR('',#3587,10.);
#1054=VECTOR('',#3588,10.);
#1055=VECTOR('',#3591,10.);
#1056=VERTEX_POINT('',#3596);
#1057=VERTEX_POINT('',#3597);
#1058=VERTEX_POINT('',#3601);
#1059=VERTEX_POINT('',#3603);
#1060=VERTEX_POINT('',#3605);
#1061=VERTEX_POINT('',#3633);
#1062=VERTEX_POINT('',#3637);
#1063=VERTEX_POINT('',#3638);
#1064=VERTEX_POINT('',#3642);
#1065=VERTEX_POINT('',#3644);
#1066=VERTEX_POINT('',#3646);
#1067=VERTEX_POINT('',#3674);
#1068=VERTEX_POINT('',#3678);
#1069=VERTEX_POINT('',#3679);
#1070=VERTEX_POINT('',#3683);
#1071=VERTEX_POINT('',#3685);
#1072=VERTEX_POINT('',#3687);
#1073=VERTEX_POINT('',#3715);
#1074=VERTEX_POINT('',#3719);
#1075=VERTEX_POINT('',#3720);
#1076=VERTEX_POINT('',#3724);
#1077=VERTEX_POINT('',#3726);
#1078=VERTEX_POINT('',#3728);
#1079=VERTEX_POINT('',#3756);
#1080=VERTEX_POINT('',#3760);
#1081=VERTEX_POINT('',#3762);
#1082=VERTEX_POINT('',#3764);
#1083=VERTEX_POINT('',#3766);
#1084=VERTEX_POINT('',#3770);
#1085=VERTEX_POINT('',#3772);
#1086=VERTEX_POINT('',#3774);
#1087=VERTEX_POINT('',#3776);
#1088=VERTEX_POINT('',#3779);
#1089=VERTEX_POINT('',#3781);
#1090=VERTEX_POINT('',#3783);
#1091=VERTEX_POINT('',#3785);
#1092=VERTEX_POINT('',#3789);
#1093=VERTEX_POINT('',#3791);
#1094=VERTEX_POINT('',#3793);
#1095=VERTEX_POINT('',#3795);
#1096=VERTEX_POINT('',#3798);
#1097=VERTEX_POINT('',#3800);
#1098=VERTEX_POINT('',#3802);
#1099=VERTEX_POINT('',#3804);
#1100=VERTEX_POINT('',#3806);
#1101=VERTEX_POINT('',#3808);
#1102=VERTEX_POINT('',#3810);
#1103=VERTEX_POINT('',#3812);
#1104=VERTEX_POINT('',#3816);
#1105=VERTEX_POINT('',#3818);
#1106=VERTEX_POINT('',#3820);
#1107=VERTEX_POINT('',#3822);
#1108=VERTEX_POINT('',#3824);
#1109=VERTEX_POINT('',#3826);
#1110=VERTEX_POINT('',#3828);
#1111=VERTEX_POINT('',#3830);
#1112=VERTEX_POINT('',#3833);
#1113=VERTEX_POINT('',#3835);
#1114=VERTEX_POINT('',#3841);
#1115=VERTEX_POINT('',#3843);
#1116=VERTEX_POINT('',#3845);
#1117=VERTEX_POINT('',#3847);
#1118=VERTEX_POINT('',#3849);
#1119=VERTEX_POINT('',#3851);
#1120=VERTEX_POINT('',#3853);
#1121=VERTEX_POINT('',#3855);
#1122=VERTEX_POINT('',#3859);
#1123=VERTEX_POINT('',#3861);
#1124=VERTEX_POINT('',#3866);
#1125=VERTEX_POINT('',#3868);
#1126=VERTEX_POINT('',#3873);
#1127=VERTEX_POINT('',#3874);
#1128=VERTEX_POINT('',#3876);
#1129=VERTEX_POINT('',#3878);
#1130=VERTEX_POINT('',#3882);
#1131=VERTEX_POINT('',#3884);
#1132=VERTEX_POINT('',#3888);
#1133=VERTEX_POINT('',#3889);
#1134=VERTEX_POINT('',#3891);
#1135=VERTEX_POINT('',#3893);
#1136=VERTEX_POINT('',#3897);
#1137=VERTEX_POINT('',#3899);
#1138=VERTEX_POINT('',#3903);
#1139=VERTEX_POINT('',#3905);
#1140=VERTEX_POINT('',#3907);
#1141=VERTEX_POINT('',#3911);
#1142=VERTEX_POINT('',#3912);
#1143=VERTEX_POINT('',#3914);
#1144=VERTEX_POINT('',#3916);
#1145=VERTEX_POINT('',#3918);
#1146=VERTEX_POINT('',#3921);
#1147=VERTEX_POINT('',#3923);
#1148=VERTEX_POINT('',#3926);
#1149=VERTEX_POINT('',#3931);
#1150=VERTEX_POINT('',#3933);
#1151=VERTEX_POINT('',#3935);
#1152=VERTEX_POINT('',#3937);
#1153=VERTEX_POINT('',#3939);
#1154=VERTEX_POINT('',#3940);
#1155=VERTEX_POINT('',#3942);
#1156=VERTEX_POINT('',#3944);
#1157=VERTEX_POINT('',#3947);
#1158=VERTEX_POINT('',#3948);
#1159=VERTEX_POINT('',#3950);
#1160=VERTEX_POINT('',#3952);
#1161=VERTEX_POINT('',#3955);
#1162=VERTEX_POINT('',#3956);
#1163=VERTEX_POINT('',#3959);
#1164=VERTEX_POINT('',#3961);
#1165=VERTEX_POINT('',#3965);
#1166=VERTEX_POINT('',#3969);
#1167=VERTEX_POINT('',#3971);
#1168=VERTEX_POINT('',#3975);
#1169=VERTEX_POINT('',#3979);
#1170=VERTEX_POINT('',#3981);
#1171=VERTEX_POINT('',#3985);
#1172=VERTEX_POINT('',#3989);
#1173=VERTEX_POINT('',#3998);
#1174=VERTEX_POINT('',#4009);
#1175=VERTEX_POINT('',#4011);
#1176=VERTEX_POINT('',#4015);
#1177=VERTEX_POINT('',#4017);
#1178=VERTEX_POINT('',#4021);
#1179=VERTEX_POINT('',#4023);
#1180=VERTEX_POINT('',#4027);
#1181=VERTEX_POINT('',#4029);
#1182=VERTEX_POINT('',#4033);
#1183=VERTEX_POINT('',#4035);
#1184=VERTEX_POINT('',#4039);
#1185=VERTEX_POINT('',#4041);
#1186=VERTEX_POINT('',#4045);
#1187=VERTEX_POINT('',#4047);
#1188=VERTEX_POINT('',#4051);
#1189=VERTEX_POINT('',#4053);
#1190=VERTEX_POINT('',#4057);
#1191=VERTEX_POINT('',#4059);
#1192=VERTEX_POINT('',#4069);
#1193=VERTEX_POINT('',#4071);
#1194=VERTEX_POINT('',#4075);
#1195=VERTEX_POINT('',#4077);
#1196=VERTEX_POINT('',#4081);
#1197=VERTEX_POINT('',#4083);
#1198=VERTEX_POINT('',#4087);
#1199=VERTEX_POINT('',#4089);
#1200=VERTEX_POINT('',#4101);
#1201=VERTEX_POINT('',#4111);
#1202=VERTEX_POINT('',#4112);
#1203=VERTEX_POINT('',#4117);
#1204=VERTEX_POINT('',#4118);
#1205=VERTEX_POINT('',#4125);
#1206=VERTEX_POINT('',#4127);
#1207=VERTEX_POINT('',#4131);
#1208=VERTEX_POINT('',#4132);
#1209=VERTEX_POINT('',#4134);
#1210=VERTEX_POINT('',#4136);
#1211=VERTEX_POINT('',#4140);
#1212=VERTEX_POINT('',#4144);
#1213=VERTEX_POINT('',#4145);
#1214=VERTEX_POINT('',#4147);
#1215=VERTEX_POINT('',#4149);
#1216=VERTEX_POINT('',#4153);
#1217=VERTEX_POINT('',#4155);
#1218=VERTEX_POINT('',#4159);
#1219=VERTEX_POINT('',#4161);
#1220=VERTEX_POINT('',#4167);
#1221=VERTEX_POINT('',#4169);
#1222=VERTEX_POINT('',#4171);
#1223=VERTEX_POINT('',#4173);
#1224=VERTEX_POINT('',#4176);
#1225=VERTEX_POINT('',#4178);
#1226=VERTEX_POINT('',#4181);
#1227=VERTEX_POINT('',#4183);
#1228=VERTEX_POINT('',#4187);
#1229=VERTEX_POINT('',#4189);
#1230=VERTEX_POINT('',#4193);
#1231=VERTEX_POINT('',#4194);
#1232=VERTEX_POINT('',#4196);
#1233=VERTEX_POINT('',#4198);
#1234=VERTEX_POINT('',#4205);
#1235=VERTEX_POINT('',#4206);
#1236=VERTEX_POINT('',#4208);
#1237=VERTEX_POINT('',#4210);
#1238=VERTEX_POINT('',#4212);
#1239=VERTEX_POINT('',#4214);
#1240=VERTEX_POINT('',#4248);
#1241=VERTEX_POINT('',#4250);
#1242=VERTEX_POINT('',#4256);
#1243=VERTEX_POINT('',#4257);
#1244=VERTEX_POINT('',#4299);
#1245=VERTEX_POINT('',#4303);
#1246=VERTEX_POINT('',#4309);
#1247=VERTEX_POINT('',#4314);
#1248=VERTEX_POINT('',#4316);
#1249=VERTEX_POINT('',#4319);
#1250=VERTEX_POINT('',#4327);
#1251=VERTEX_POINT('',#4331);
#1252=VERTEX_POINT('',#4335);
#1253=VERTEX_POINT('',#4339);
#1254=VERTEX_POINT('',#4343);
#1255=VERTEX_POINT('',#4347);
#1256=VERTEX_POINT('',#4351);
#1257=VERTEX_POINT('',#4355);
#1258=VERTEX_POINT('',#4359);
#1259=VERTEX_POINT('',#4363);
#1260=VERTEX_POINT('',#4367);
#1261=VERTEX_POINT('',#4373);
#1262=VERTEX_POINT('',#4375);
#1263=VERTEX_POINT('',#4377);
#1264=VERTEX_POINT('',#4379);
#1265=VERTEX_POINT('',#4390);
#1266=VERTEX_POINT('',#4394);
#1267=VERTEX_POINT('',#4398);
#1268=VERTEX_POINT('',#4402);
#1269=VERTEX_POINT('',#4406);
#1270=VERTEX_POINT('',#4410);
#1271=VERTEX_POINT('',#4414);
#1272=VERTEX_POINT('',#4418);
#1273=VERTEX_POINT('',#4422);
#1274=VERTEX_POINT('',#4426);
#1275=VERTEX_POINT('',#4430);
#1276=VERTEX_POINT('',#4434);
#1277=VERTEX_POINT('',#4438);
#1278=VERTEX_POINT('',#4440);
#1279=VERTEX_POINT('',#4444);
#1280=VERTEX_POINT('',#4446);
#1281=VERTEX_POINT('',#4450);
#1282=VERTEX_POINT('',#4452);
#1283=VERTEX_POINT('',#4456);
#1284=VERTEX_POINT('',#4460);
#1285=VERTEX_POINT('',#4464);
#1286=VERTEX_POINT('',#4468);
#1287=VERTEX_POINT('',#4472);
#1288=VERTEX_POINT('',#4476);
#1289=VERTEX_POINT('',#4480);
#1290=VERTEX_POINT('',#4484);
#1291=VERTEX_POINT('',#4488);
#1292=VERTEX_POINT('',#4492);
#1293=VERTEX_POINT('',#4496);
#1294=VERTEX_POINT('',#4500);
#1295=EDGE_CURVE('',#1056,#1057,#578,.T.);
#1296=EDGE_CURVE('',#1057,#1056,#463,.T.);
#1297=EDGE_CURVE('',#1058,#1056,#579,.T.);
#1298=EDGE_CURVE('',#1059,#1058,#464,.T.);
#1299=EDGE_CURVE('',#1060,#1059,#83,.T.);
#1300=EDGE_CURVE('',#1061,#1060,#465,.T.);
#1301=EDGE_CURVE('',#1057,#1061,#580,.T.);
#1302=EDGE_CURVE('',#1062,#1063,#581,.T.);
#1303=EDGE_CURVE('',#1063,#1062,#466,.T.);
#1304=EDGE_CURVE('',#1064,#1062,#582,.T.);
#1305=EDGE_CURVE('',#1065,#1064,#467,.T.);
#1306=EDGE_CURVE('',#1066,#1065,#84,.T.);
#1307=EDGE_CURVE('',#1067,#1066,#468,.T.);
#1308=EDGE_CURVE('',#1063,#1067,#583,.T.);
#1309=EDGE_CURVE('',#1068,#1069,#584,.T.);
#1310=EDGE_CURVE('',#1069,#1068,#469,.T.);
#1311=EDGE_CURVE('',#1070,#1068,#585,.T.);
#1312=EDGE_CURVE('',#1071,#1070,#470,.T.);
#1313=EDGE_CURVE('',#1072,#1071,#85,.T.);
#1314=EDGE_CURVE('',#1073,#1072,#471,.T.);
#1315=EDGE_CURVE('',#1069,#1073,#586,.T.);
#1316=EDGE_CURVE('',#1074,#1075,#587,.T.);
#1317=EDGE_CURVE('',#1075,#1074,#472,.T.);
#1318=EDGE_CURVE('',#1076,#1074,#588,.T.);
#1319=EDGE_CURVE('',#1077,#1076,#473,.T.);
#1320=EDGE_CURVE('',#1078,#1077,#86,.T.);
#1321=EDGE_CURVE('',#1079,#1078,#474,.T.);
#1322=EDGE_CURVE('',#1075,#1079,#589,.T.);
#1323=EDGE_CURVE('',#1080,#1061,#590,.T.);
#1324=EDGE_CURVE('',#1080,#1081,#591,.T.);
#1325=EDGE_CURVE('',#1081,#1082,#592,.T.);
#1326=EDGE_CURVE('',#1083,#1082,#593,.T.);
#1327=EDGE_CURVE('',#1070,#1083,#594,.T.);
#1328=EDGE_CURVE('',#1058,#1073,#595,.T.);
#1329=EDGE_CURVE('',#1084,#1084,#475,.T.);
#1330=EDGE_CURVE('',#1085,#1085,#476,.T.);
#1331=EDGE_CURVE('',#1086,#1086,#477,.T.);
#1332=EDGE_CURVE('',#1087,#1087,#478,.T.);
#1333=EDGE_CURVE('',#1088,#1067,#596,.T.);
#1334=EDGE_CURVE('',#1088,#1089,#597,.T.);
#1335=EDGE_CURVE('',#1089,#1090,#598,.T.);
#1336=EDGE_CURVE('',#1091,#1090,#599,.T.);
#1337=EDGE_CURVE('',#1076,#1091,#600,.T.);
#1338=EDGE_CURVE('',#1064,#1079,#601,.T.);
#1339=EDGE_CURVE('',#1092,#1092,#479,.T.);
#1340=EDGE_CURVE('',#1093,#1093,#480,.T.);
#1341=EDGE_CURVE('',#1094,#1094,#481,.T.);
#1342=EDGE_CURVE('',#1095,#1095,#482,.T.);
#1343=EDGE_CURVE('',#1091,#1096,#483,.T.);
#1344=EDGE_CURVE('',#1096,#1097,#602,.T.);
#1345=EDGE_CURVE('',#1097,#1098,#603,.T.);
#1346=EDGE_CURVE('',#1098,#1099,#484,.T.);
#1347=EDGE_CURVE('',#1099,#1100,#604,.T.);
#1348=EDGE_CURVE('',#1101,#1100,#605,.T.);
#1349=EDGE_CURVE('',#1102,#1101,#485,.T.);
#1350=EDGE_CURVE('',#1103,#1102,#606,.T.);
#1351=EDGE_CURVE('',#1077,#1103,#607,.T.);
#1352=EDGE_CURVE('',#1104,#1066,#608,.T.);
#1353=EDGE_CURVE('',#1105,#1104,#609,.T.);
#1354=EDGE_CURVE('',#1106,#1105,#486,.T.);
#1355=EDGE_CURVE('',#1107,#1106,#610,.T.);
#1356=EDGE_CURVE('',#1108,#1107,#611,.T.);
#1357=EDGE_CURVE('',#1109,#1108,#612,.T.);
#1358=EDGE_CURVE('',#1110,#1109,#487,.T.);
#1359=EDGE_CURVE('',#1111,#1110,#613,.T.);
#1360=EDGE_CURVE('',#1071,#1111,#614,.T.);
#1361=EDGE_CURVE('',#1083,#1112,#488,.T.);
#1362=EDGE_CURVE('',#1112,#1113,#615,.T.);
#1363=EDGE_CURVE('',#1113,#1088,#489,.T.);
#1364=EDGE_CURVE('',#1065,#1078,#616,.T.);
#1365=EDGE_CURVE('',#1114,#1060,#617,.T.);
#1366=EDGE_CURVE('',#1115,#1114,#618,.T.);
#1367=EDGE_CURVE('',#1116,#1115,#490,.T.);
#1368=EDGE_CURVE('',#1117,#1116,#619,.T.);
#1369=EDGE_CURVE('',#1117,#1118,#620,.T.);
#1370=EDGE_CURVE('',#1118,#1119,#621,.T.);
#1371=EDGE_CURVE('',#1119,#1120,#622,.T.);
#1372=EDGE_CURVE('',#1120,#1121,#623,.T.);
#1373=EDGE_CURVE('',#1121,#1080,#491,.T.);
#1374=EDGE_CURVE('',#1122,#1122,#492,.T.);
#1375=EDGE_CURVE('',#1122,#1123,#624,.T.);
#1376=EDGE_CURVE('',#1123,#1123,#493,.T.);
#1377=EDGE_CURVE('',#1124,#1124,#494,.T.);
#1378=EDGE_CURVE('',#1124,#1125,#625,.T.);
#1379=EDGE_CURVE('',#1125,#1125,#495,.T.);
#1380=EDGE_CURVE('',#1126,#1127,#626,.T.);
#1381=EDGE_CURVE('',#1127,#1128,#627,.T.);
#1382=EDGE_CURVE('',#1128,#1129,#628,.T.);
#1383=EDGE_CURVE('',#1129,#1126,#629,.T.);
#1384=EDGE_CURVE('',#1127,#1130,#630,.T.);
#1385=EDGE_CURVE('',#1131,#1130,#631,.T.);
#1386=EDGE_CURVE('',#1128,#1131,#632,.T.);
#1387=EDGE_CURVE('',#1132,#1133,#633,.T.);
#1388=EDGE_CURVE('',#1133,#1134,#634,.T.);
#1389=EDGE_CURVE('',#1134,#1135,#635,.T.);
#1390=EDGE_CURVE('',#1135,#1132,#636,.T.);
#1391=EDGE_CURVE('',#1133,#1136,#637,.T.);
#1392=EDGE_CURVE('',#1137,#1136,#638,.T.);
#1393=EDGE_CURVE('',#1134,#1137,#639,.T.);
#1394=EDGE_CURVE('',#1138,#1138,#496,.T.);
#1395=EDGE_CURVE('',#1138,#1139,#640,.T.);
#1396=EDGE_CURVE('',#1139,#1140,#497,.T.);
#1397=EDGE_CURVE('',#1140,#1139,#498,.T.);
#1398=EDGE_CURVE('',#1141,#1142,#641,.T.);
#1399=EDGE_CURVE('',#1142,#1143,#642,.T.);
#1400=EDGE_CURVE('',#1143,#1144,#643,.T.);
#1401=EDGE_CURVE('',#1145,#1144,#644,.T.);
#1402=EDGE_CURVE('',#1090,#1145,#499,.T.);
#1403=EDGE_CURVE('',#1146,#1089,#500,.T.);
#1404=EDGE_CURVE('',#1147,#1146,#645,.T.);
#1405=EDGE_CURVE('',#1082,#1147,#501,.T.);
#1406=EDGE_CURVE('',#1148,#1081,#502,.T.);
#1407=EDGE_CURVE('',#1141,#1148,#646,.T.);
#1408=EDGE_CURVE('',#1129,#1132,#647,.T.);
#1409=EDGE_CURVE('',#1135,#1126,#648,.T.);
#1410=EDGE_CURVE('',#1149,#1149,#503,.T.);
#1411=EDGE_CURVE('',#1150,#1150,#504,.T.);
#1412=EDGE_CURVE('',#1151,#1151,#505,.T.);
#1413=EDGE_CURVE('',#1152,#1152,#506,.T.);
#1414=EDGE_CURVE('',#1153,#1154,#649,.T.);
#1415=EDGE_CURVE('',#1155,#1154,#650,.T.);
#1416=EDGE_CURVE('',#1155,#1156,#651,.T.);
#1417=EDGE_CURVE('',#1153,#1156,#652,.T.);
#1418=EDGE_CURVE('',#1157,#1158,#653,.T.);
#1419=EDGE_CURVE('',#1159,#1158,#654,.T.);
#1420=EDGE_CURVE('',#1159,#1160,#655,.T.);
#1421=EDGE_CURVE('',#1157,#1160,#656,.T.);
#1422=EDGE_CURVE('',#1161,#1162,#507,.T.);
#1423=EDGE_CURVE('',#1162,#1161,#508,.T.);
#1424=EDGE_CURVE('',#1163,#1163,#509,.T.);
#1425=EDGE_CURVE('',#1164,#1163,#510,.T.);
#1426=EDGE_CURVE('',#1163,#1164,#511,.T.);
#1427=EDGE_CURVE('',#1165,#1165,#512,.T.);
#1428=EDGE_CURVE('',#1165,#1140,#657,.T.);
#1429=EDGE_CURVE('',#1164,#1166,#658,.T.);
#1430=EDGE_CURVE('',#1166,#1167,#513,.T.);
#1431=EDGE_CURVE('',#1167,#1166,#514,.T.);
#1432=EDGE_CURVE('',#1168,#1168,#515,.T.);
#1433=EDGE_CURVE('',#1168,#1167,#659,.T.);
#1434=EDGE_CURVE('',#1163,#1169,#660,.T.);
#1435=EDGE_CURVE('',#1169,#1170,#516,.T.);
#1436=EDGE_CURVE('',#1170,#1169,#517,.T.);
#1437=EDGE_CURVE('',#1171,#1171,#518,.T.);
#1438=EDGE_CURVE('',#1171,#1170,#661,.T.);
#1439=EDGE_CURVE('',#1172,#1161,#87,.F.);
#1440=EDGE_CURVE('',#1173,#1162,#88,.T.);
#1441=EDGE_CURVE('',#1173,#1172,#519,.T.);
#1442=EDGE_CURVE('',#1173,#1174,#662,.T.);
#1443=EDGE_CURVE('',#1175,#1174,#520,.T.);
#1444=EDGE_CURVE('',#1172,#1175,#663,.T.);
#1445=EDGE_CURVE('',#1160,#1176,#664,.T.);
#1446=EDGE_CURVE('',#1176,#1177,#665,.T.);
#1447=EDGE_CURVE('',#1177,#1157,#666,.T.);
#1448=EDGE_CURVE('',#1176,#1178,#667,.T.);
#1449=EDGE_CURVE('',#1179,#1178,#668,.T.);
#1450=EDGE_CURVE('',#1177,#1179,#669,.T.);
#1451=EDGE_CURVE('',#1156,#1180,#670,.T.);
#1452=EDGE_CURVE('',#1180,#1181,#671,.T.);
#1453=EDGE_CURVE('',#1181,#1153,#672,.T.);
#1454=EDGE_CURVE('',#1180,#1182,#673,.T.);
#1455=EDGE_CURVE('',#1183,#1182,#674,.T.);
#1456=EDGE_CURVE('',#1181,#1183,#675,.T.);
#1457=EDGE_CURVE('',#1154,#1184,#676,.T.);
#1458=EDGE_CURVE('',#1184,#1185,#677,.T.);
#1459=EDGE_CURVE('',#1185,#1155,#678,.T.);
#1460=EDGE_CURVE('',#1184,#1186,#679,.T.);
#1461=EDGE_CURVE('',#1187,#1186,#680,.T.);
#1462=EDGE_CURVE('',#1185,#1187,#681,.T.);
#1463=EDGE_CURVE('',#1158,#1188,#682,.T.);
#1464=EDGE_CURVE('',#1188,#1189,#683,.T.);
#1465=EDGE_CURVE('',#1189,#1159,#684,.T.);
#1466=EDGE_CURVE('',#1188,#1190,#685,.T.);
#1467=EDGE_CURVE('',#1191,#1190,#686,.T.);
#1468=EDGE_CURVE('',#1189,#1191,#687,.T.);
#1469=EDGE_CURVE('',#1186,#1183,#688,.T.);
#1470=EDGE_CURVE('',#1182,#1187,#689,.T.);
#1471=EDGE_CURVE('',#1190,#1179,#690,.T.);
#1472=EDGE_CURVE('',#1178,#1191,#691,.T.);
#1473=EDGE_CURVE('',#1192,#1192,#521,.T.);
#1474=EDGE_CURVE('',#1192,#1193,#692,.T.);
#1475=EDGE_CURVE('',#1193,#1193,#522,.T.);
#1476=EDGE_CURVE('',#1194,#1194,#523,.T.);
#1477=EDGE_CURVE('',#1194,#1195,#693,.T.);
#1478=EDGE_CURVE('',#1195,#1195,#524,.T.);
#1479=EDGE_CURVE('',#1196,#1196,#525,.T.);
#1480=EDGE_CURVE('',#1196,#1197,#694,.T.);
#1481=EDGE_CURVE('',#1197,#1197,#526,.T.);
#1482=EDGE_CURVE('',#1198,#1198,#527,.T.);
#1483=EDGE_CURVE('',#1198,#1199,#695,.T.);
#1484=EDGE_CURVE('',#1199,#1199,#528,.T.);
#1485=EDGE_CURVE('',#1174,#1175,#529,.T.);
#1486=EDGE_CURVE('',#1200,#1162,#530,.T.);
#1487=EDGE_CURVE('',#1161,#1200,#531,.T.);
#1488=EDGE_CURVE('',#1136,#1131,#696,.T.);
#1489=EDGE_CURVE('',#1130,#1137,#697,.T.);
#1490=EDGE_CURVE('',#1201,#1202,#698,.T.);
#1491=EDGE_CURVE('',#1142,#1201,#699,.T.);
#1492=EDGE_CURVE('',#1141,#1202,#700,.T.);
#1493=EDGE_CURVE('',#1203,#1204,#701,.T.);
#1494=EDGE_CURVE('',#1144,#1203,#702,.T.);
#1495=EDGE_CURVE('',#1143,#1204,#703,.T.);
#1496=EDGE_CURVE('',#1204,#1201,#704,.T.);
#1497=EDGE_CURVE('',#1205,#1205,#532,.T.);
#1498=EDGE_CURVE('',#1205,#1206,#705,.T.);
#1499=EDGE_CURVE('',#1206,#1206,#533,.T.);
#1500=EDGE_CURVE('',#1207,#1208,#706,.T.);
#1501=EDGE_CURVE('',#1208,#1209,#707,.T.);
#1502=EDGE_CURVE('',#1210,#1209,#708,.T.);
#1503=EDGE_CURVE('',#1207,#1210,#709,.T.);
#1504=EDGE_CURVE('',#1205,#1211,#710,.T.);
#1505=EDGE_CURVE('',#1211,#1211,#534,.T.);
#1506=EDGE_CURVE('',#1212,#1213,#711,.T.);
#1507=EDGE_CURVE('',#1212,#1214,#712,.T.);
#1508=EDGE_CURVE('',#1214,#1215,#713,.T.);
#1509=EDGE_CURVE('',#1213,#1215,#714,.T.);
#1510=EDGE_CURVE('',#1216,#1212,#715,.T.);
#1511=EDGE_CURVE('',#1216,#1217,#716,.T.);
#1512=EDGE_CURVE('',#1217,#1214,#717,.T.);
#1513=EDGE_CURVE('',#1218,#1216,#718,.T.);
#1514=EDGE_CURVE('',#1219,#1218,#719,.T.);
#1515=EDGE_CURVE('',#1219,#1217,#720,.T.);
#1516=EDGE_CURVE('',#1215,#1219,#721,.T.);
#1517=EDGE_CURVE('',#1220,#1213,#722,.T.);
#1518=EDGE_CURVE('',#1221,#1220,#723,.T.);
#1519=EDGE_CURVE('',#1222,#1221,#724,.T.);
#1520=EDGE_CURVE('',#1223,#1222,#725,.T.);
#1521=EDGE_CURVE('',#1218,#1223,#726,.T.);
#1522=EDGE_CURVE('',#1224,#1224,#535,.T.);
#1523=EDGE_CURVE('',#1225,#1225,#536,.T.);
#1524=EDGE_CURVE('',#1226,#1097,#727,.T.);
#1525=EDGE_CURVE('',#1227,#1226,#728,.T.);
#1526=EDGE_CURVE('',#1098,#1227,#729,.T.);
#1527=EDGE_CURVE('',#1100,#1228,#730,.T.);
#1528=EDGE_CURVE('',#1229,#1099,#731,.T.);
#1529=EDGE_CURVE('',#1228,#1229,#732,.T.);
#1530=EDGE_CURVE('',#1230,#1231,#733,.T.);
#1531=EDGE_CURVE('',#1232,#1230,#734,.T.);
#1532=EDGE_CURVE('',#1233,#1232,#735,.T.);
#1533=EDGE_CURVE('',#1231,#1233,#736,.T.);
#1534=EDGE_CURVE('',#1120,#1230,#737,.T.);
#1535=EDGE_CURVE('',#1232,#1119,#738,.T.);
#1536=EDGE_CURVE('',#1234,#1235,#739,.T.);
#1537=EDGE_CURVE('',#1236,#1234,#740,.T.);
#1538=EDGE_CURVE('',#1237,#1236,#741,.T.);
#1539=EDGE_CURVE('',#1238,#1237,#742,.T.);
#1540=EDGE_CURVE('',#1239,#1238,#743,.T.);
#1541=EDGE_CURVE('',#1235,#1239,#744,.T.);
#1542=EDGE_CURVE('',#1208,#1233,#745,.T.);
#1543=EDGE_CURVE('',#1223,#1207,#746,.T.);
#1544=EDGE_CURVE('',#1231,#1222,#747,.T.);
#1545=EDGE_CURVE('',#1209,#1118,#748,.T.);
#1546=EDGE_CURVE('',#1227,#1229,#89,.T.);
#1547=EDGE_CURVE('',#1221,#1237,#749,.T.);
#1548=EDGE_CURVE('',#1240,#1220,#750,.T.);
#1549=EDGE_CURVE('',#1241,#1240,#751,.T.);
#1550=EDGE_CURVE('',#1238,#1241,#752,.T.);
#1551=EDGE_CURVE('',#1236,#1226,#537,.T.);
#1552=EDGE_CURVE('',#1228,#1234,#538,.T.);
#1553=EDGE_CURVE('',#1242,#1243,#90,.T.);
#1554=EDGE_CURVE('',#1243,#1242,#91,.T.);
#1555=EDGE_CURVE('',#1225,#1244,#753,.T.);
#1556=EDGE_CURVE('',#1244,#1244,#539,.T.);
#1557=EDGE_CURVE('',#1224,#1245,#754,.T.);
#1558=EDGE_CURVE('',#1245,#1245,#540,.T.);
#1559=EDGE_CURVE('',#1059,#1072,#755,.T.);
#1560=EDGE_CURVE('',#1246,#1241,#756,.T.);
#1561=EDGE_CURVE('',#1239,#1246,#757,.T.);
#1562=EDGE_CURVE('',#1210,#1117,#758,.T.);
#1563=EDGE_CURVE('',#1116,#1247,#759,.T.);
#1564=EDGE_CURVE('',#1248,#1247,#760,.T.);
#1565=EDGE_CURVE('',#1101,#1248,#761,.T.);
#1566=EDGE_CURVE('',#1235,#1249,#762,.T.);
#1567=EDGE_CURVE('',#1249,#1240,#763,.T.);
#1568=EDGE_CURVE('',#1249,#1246,#764,.T.);
#1569=EDGE_CURVE('',#1149,#1250,#765,.T.);
#1570=EDGE_CURVE('',#1250,#1250,#541,.T.);
#1571=EDGE_CURVE('',#1250,#1251,#766,.T.);
#1572=EDGE_CURVE('',#1251,#1251,#542,.T.);
#1573=EDGE_CURVE('',#1152,#1252,#767,.T.);
#1574=EDGE_CURVE('',#1252,#1252,#543,.T.);
#1575=EDGE_CURVE('',#1252,#1253,#768,.T.);
#1576=EDGE_CURVE('',#1253,#1253,#544,.T.);
#1577=EDGE_CURVE('',#1150,#1254,#769,.T.);
#1578=EDGE_CURVE('',#1254,#1254,#545,.T.);
#1579=EDGE_CURVE('',#1254,#1255,#770,.T.);
#1580=EDGE_CURVE('',#1255,#1255,#546,.T.);
#1581=EDGE_CURVE('',#1151,#1256,#771,.T.);
#1582=EDGE_CURVE('',#1256,#1256,#547,.T.);
#1583=EDGE_CURVE('',#1256,#1257,#772,.T.);
#1584=EDGE_CURVE('',#1257,#1257,#548,.T.);
#1585=EDGE_CURVE('',#1200,#1258,#773,.T.);
#1586=EDGE_CURVE('',#1258,#1258,#549,.T.);
#1587=EDGE_CURVE('',#1258,#1259,#774,.T.);
#1588=EDGE_CURVE('',#1259,#1259,#550,.T.);
#1589=EDGE_CURVE('',#1243,#1260,#775,.T.);
#1590=EDGE_CURVE('',#1260,#1260,#551,.T.);
#1591=EDGE_CURVE('',#1112,#1147,#776,.T.);
#1592=EDGE_CURVE('',#1113,#1146,#777,.T.);
#1593=EDGE_CURVE('',#1261,#1261,#552,.T.);
#1594=EDGE_CURVE('',#1262,#1262,#553,.T.);
#1595=EDGE_CURVE('',#1263,#1263,#554,.T.);
#1596=EDGE_CURVE('',#1264,#1264,#555,.T.);
#1597=EDGE_CURVE('',#1121,#1148,#778,.T.);
#1598=EDGE_CURVE('',#1096,#1145,#779,.T.);
#1599=EDGE_CURVE('',#1202,#1203,#780,.T.);
#1600=EDGE_CURVE('',#1265,#1265,#556,.T.);
#1601=EDGE_CURVE('',#1265,#1261,#781,.T.);
#1602=EDGE_CURVE('',#1266,#1266,#557,.T.);
#1603=EDGE_CURVE('',#1266,#1262,#782,.T.);
#1604=EDGE_CURVE('',#1267,#1267,#558,.T.);
#1605=EDGE_CURVE('',#1267,#1263,#783,.T.);
#1606=EDGE_CURVE('',#1268,#1268,#559,.T.);
#1607=EDGE_CURVE('',#1268,#1264,#784,.T.);
#1608=EDGE_CURVE('',#1269,#1269,#560,.T.);
#1609=EDGE_CURVE('',#1269,#1087,#785,.T.);
#1610=EDGE_CURVE('',#1270,#1270,#561,.T.);
#1611=EDGE_CURVE('',#1270,#1086,#786,.T.);
#1612=EDGE_CURVE('',#1271,#1271,#562,.T.);
#1613=EDGE_CURVE('',#1271,#1085,#787,.T.);
#1614=EDGE_CURVE('',#1272,#1272,#563,.T.);
#1615=EDGE_CURVE('',#1272,#1084,#788,.T.);
#1616=EDGE_CURVE('',#1273,#1273,#564,.T.);
#1617=EDGE_CURVE('',#1273,#1095,#789,.T.);
#1618=EDGE_CURVE('',#1274,#1274,#565,.T.);
#1619=EDGE_CURVE('',#1274,#1094,#790,.T.);
#1620=EDGE_CURVE('',#1275,#1275,#566,.T.);
#1621=EDGE_CURVE('',#1275,#1093,#791,.T.);
#1622=EDGE_CURVE('',#1276,#1276,#567,.T.);
#1623=EDGE_CURVE('',#1276,#1092,#792,.T.);
#1624=EDGE_CURVE('',#1277,#1108,#568,.F.);
#1625=EDGE_CURVE('',#1107,#1278,#569,.F.);
#1626=EDGE_CURVE('',#1278,#1277,#793,.T.);
#1627=EDGE_CURVE('',#1111,#1279,#570,.F.);
#1628=EDGE_CURVE('',#1279,#1280,#794,.T.);
#1629=EDGE_CURVE('',#1280,#1114,#571,.F.);
#1630=EDGE_CURVE('',#1103,#1281,#572,.F.);
#1631=EDGE_CURVE('',#1281,#1282,#795,.T.);
#1632=EDGE_CURVE('',#1282,#1104,#573,.F.);
#1633=EDGE_CURVE('',#1115,#1283,#796,.T.);
#1634=EDGE_CURVE('',#1247,#1283,#574,.T.);
#1635=EDGE_CURVE('',#1284,#1248,#575,.T.);
#1636=EDGE_CURVE('',#1102,#1284,#797,.T.);
#1637=EDGE_CURVE('',#1285,#1284,#798,.T.);
#1638=EDGE_CURVE('',#1281,#1285,#799,.T.);
#1639=EDGE_CURVE('',#1286,#1285,#800,.T.);
#1640=EDGE_CURVE('',#1282,#1286,#801,.T.);
#1641=EDGE_CURVE('',#1287,#1286,#802,.T.);
#1642=EDGE_CURVE('',#1105,#1287,#803,.T.);
#1643=EDGE_CURVE('',#1288,#1287,#576,.T.);
#1644=EDGE_CURVE('',#1106,#1288,#804,.T.);
#1645=EDGE_CURVE('',#1289,#1288,#805,.T.);
#1646=EDGE_CURVE('',#1278,#1289,#806,.T.);
#1647=EDGE_CURVE('',#1290,#1289,#807,.T.);
#1648=EDGE_CURVE('',#1277,#1290,#808,.T.);
#1649=EDGE_CURVE('',#1291,#1290,#809,.T.);
#1650=EDGE_CURVE('',#1109,#1291,#810,.T.);
#1651=EDGE_CURVE('',#1292,#1291,#577,.T.);
#1652=EDGE_CURVE('',#1110,#1292,#811,.T.);
#1653=EDGE_CURVE('',#1293,#1292,#812,.T.);
#1654=EDGE_CURVE('',#1279,#1293,#813,.T.);
#1655=EDGE_CURVE('',#1294,#1293,#814,.T.);
#1656=EDGE_CURVE('',#1280,#1294,#815,.T.);
#1657=EDGE_CURVE('',#1283,#1294,#816,.T.);
#1658=ORIENTED_EDGE('',*,*,#1295,.F.);
#1659=ORIENTED_EDGE('',*,*,#1296,.F.);
#1660=ORIENTED_EDGE('',*,*,#1297,.F.);
#1661=ORIENTED_EDGE('',*,*,#1298,.F.);
#1662=ORIENTED_EDGE('',*,*,#1299,.F.);
#1663=ORIENTED_EDGE('',*,*,#1300,.F.);
#1664=ORIENTED_EDGE('',*,*,#1301,.F.);
#1665=ORIENTED_EDGE('',*,*,#1296,.T.);
#1666=ORIENTED_EDGE('',*,*,#1302,.F.);
#1667=ORIENTED_EDGE('',*,*,#1303,.F.);
#1668=ORIENTED_EDGE('',*,*,#1304,.F.);
#1669=ORIENTED_EDGE('',*,*,#1305,.F.);
#1670=ORIENTED_EDGE('',*,*,#1306,.F.);
#1671=ORIENTED_EDGE('',*,*,#1307,.F.);
#1672=ORIENTED_EDGE('',*,*,#1308,.F.);
#1673=ORIENTED_EDGE('',*,*,#1303,.T.);
#1674=ORIENTED_EDGE('',*,*,#1309,.F.);
#1675=ORIENTED_EDGE('',*,*,#1310,.F.);
#1676=ORIENTED_EDGE('',*,*,#1311,.F.);
#1677=ORIENTED_EDGE('',*,*,#1312,.F.);
#1678=ORIENTED_EDGE('',*,*,#1313,.F.);
#1679=ORIENTED_EDGE('',*,*,#1314,.F.);
#1680=ORIENTED_EDGE('',*,*,#1315,.F.);
#1681=ORIENTED_EDGE('',*,*,#1310,.T.);
#1682=ORIENTED_EDGE('',*,*,#1316,.F.);
#1683=ORIENTED_EDGE('',*,*,#1317,.F.);
#1684=ORIENTED_EDGE('',*,*,#1318,.F.);
#1685=ORIENTED_EDGE('',*,*,#1319,.F.);
#1686=ORIENTED_EDGE('',*,*,#1320,.F.);
#1687=ORIENTED_EDGE('',*,*,#1321,.F.);
#1688=ORIENTED_EDGE('',*,*,#1322,.F.);
#1689=ORIENTED_EDGE('',*,*,#1317,.T.);
#1690=ORIENTED_EDGE('',*,*,#1297,.T.);
#1691=ORIENTED_EDGE('',*,*,#1295,.T.);
#1692=ORIENTED_EDGE('',*,*,#1301,.T.);
#1693=ORIENTED_EDGE('',*,*,#1323,.F.);
#1694=ORIENTED_EDGE('',*,*,#1324,.T.);
#1695=ORIENTED_EDGE('',*,*,#1325,.T.);
#1696=ORIENTED_EDGE('',*,*,#1326,.F.);
#1697=ORIENTED_EDGE('',*,*,#1327,.F.);
#1698=ORIENTED_EDGE('',*,*,#1311,.T.);
#1699=ORIENTED_EDGE('',*,*,#1309,.T.);
#1700=ORIENTED_EDGE('',*,*,#1315,.T.);
#1701=ORIENTED_EDGE('',*,*,#1328,.F.);
#1702=ORIENTED_EDGE('',*,*,#1329,.F.);
#1703=ORIENTED_EDGE('',*,*,#1330,.F.);
#1704=ORIENTED_EDGE('',*,*,#1331,.F.);
#1705=ORIENTED_EDGE('',*,*,#1332,.F.);
#1706=ORIENTED_EDGE('',*,*,#1304,.T.);
#1707=ORIENTED_EDGE('',*,*,#1302,.T.);
#1708=ORIENTED_EDGE('',*,*,#1308,.T.);
#1709=ORIENTED_EDGE('',*,*,#1333,.F.);
#1710=ORIENTED_EDGE('',*,*,#1334,.T.);
#1711=ORIENTED_EDGE('',*,*,#1335,.T.);
#1712=ORIENTED_EDGE('',*,*,#1336,.F.);
#1713=ORIENTED_EDGE('',*,*,#1337,.F.);
#1714=ORIENTED_EDGE('',*,*,#1318,.T.);
#1715=ORIENTED_EDGE('',*,*,#1316,.T.);
#1716=ORIENTED_EDGE('',*,*,#1322,.T.);
#1717=ORIENTED_EDGE('',*,*,#1338,.F.);
#1718=ORIENTED_EDGE('',*,*,#1339,.F.);
#1719=ORIENTED_EDGE('',*,*,#1340,.F.);
#1720=ORIENTED_EDGE('',*,*,#1341,.F.);
#1721=ORIENTED_EDGE('',*,*,#1342,.F.);
#1722=ORIENTED_EDGE('',*,*,#1319,.T.);
#1723=ORIENTED_EDGE('',*,*,#1337,.T.);
#1724=ORIENTED_EDGE('',*,*,#1343,.T.);
#1725=ORIENTED_EDGE('',*,*,#1344,.T.);
#1726=ORIENTED_EDGE('',*,*,#1345,.T.);
#1727=ORIENTED_EDGE('',*,*,#1346,.T.);
#1728=ORIENTED_EDGE('',*,*,#1347,.T.);
#1729=ORIENTED_EDGE('',*,*,#1348,.F.);
#1730=ORIENTED_EDGE('',*,*,#1349,.F.);
#1731=ORIENTED_EDGE('',*,*,#1350,.F.);
#1732=ORIENTED_EDGE('',*,*,#1351,.F.);
#1733=ORIENTED_EDGE('',*,*,#1307,.T.);
#1734=ORIENTED_EDGE('',*,*,#1352,.F.);
#1735=ORIENTED_EDGE('',*,*,#1353,.F.);
#1736=ORIENTED_EDGE('',*,*,#1354,.F.);
#1737=ORIENTED_EDGE('',*,*,#1355,.F.);
#1738=ORIENTED_EDGE('',*,*,#1356,.F.);
#1739=ORIENTED_EDGE('',*,*,#1357,.F.);
#1740=ORIENTED_EDGE('',*,*,#1358,.F.);
#1741=ORIENTED_EDGE('',*,*,#1359,.F.);
#1742=ORIENTED_EDGE('',*,*,#1360,.F.);
#1743=ORIENTED_EDGE('',*,*,#1312,.T.);
#1744=ORIENTED_EDGE('',*,*,#1327,.T.);
#1745=ORIENTED_EDGE('',*,*,#1361,.T.);
#1746=ORIENTED_EDGE('',*,*,#1362,.T.);
#1747=ORIENTED_EDGE('',*,*,#1363,.T.);
#1748=ORIENTED_EDGE('',*,*,#1333,.T.);
#1749=ORIENTED_EDGE('',*,*,#1305,.T.);
#1750=ORIENTED_EDGE('',*,*,#1338,.T.);
#1751=ORIENTED_EDGE('',*,*,#1321,.T.);
#1752=ORIENTED_EDGE('',*,*,#1364,.F.);
#1753=ORIENTED_EDGE('',*,*,#1300,.T.);
#1754=ORIENTED_EDGE('',*,*,#1365,.F.);
#1755=ORIENTED_EDGE('',*,*,#1366,.F.);
#1756=ORIENTED_EDGE('',*,*,#1367,.F.);
#1757=ORIENTED_EDGE('',*,*,#1368,.F.);
#1758=ORIENTED_EDGE('',*,*,#1369,.T.);
#1759=ORIENTED_EDGE('',*,*,#1370,.T.);
#1760=ORIENTED_EDGE('',*,*,#1371,.T.);
#1761=ORIENTED_EDGE('',*,*,#1372,.T.);
#1762=ORIENTED_EDGE('',*,*,#1373,.T.);
#1763=ORIENTED_EDGE('',*,*,#1323,.T.);
#1764=ORIENTED_EDGE('',*,*,#1374,.F.);
#1765=ORIENTED_EDGE('',*,*,#1375,.T.);
#1766=ORIENTED_EDGE('',*,*,#1376,.T.);
#1767=ORIENTED_EDGE('',*,*,#1375,.F.);
#1768=ORIENTED_EDGE('',*,*,#1376,.F.);
#1769=ORIENTED_EDGE('',*,*,#1377,.F.);
#1770=ORIENTED_EDGE('',*,*,#1378,.T.);
#1771=ORIENTED_EDGE('',*,*,#1379,.T.);
#1772=ORIENTED_EDGE('',*,*,#1378,.F.);
#1773=ORIENTED_EDGE('',*,*,#1379,.F.);
#1774=ORIENTED_EDGE('',*,*,#1380,.T.);
#1775=ORIENTED_EDGE('',*,*,#1381,.T.);
#1776=ORIENTED_EDGE('',*,*,#1382,.T.);
#1777=ORIENTED_EDGE('',*,*,#1383,.T.);
#1778=ORIENTED_EDGE('',*,*,#1381,.F.);
#1779=ORIENTED_EDGE('',*,*,#1384,.T.);
#1780=ORIENTED_EDGE('',*,*,#1385,.F.);
#1781=ORIENTED_EDGE('',*,*,#1386,.F.);
#1782=ORIENTED_EDGE('',*,*,#1387,.T.);
#1783=ORIENTED_EDGE('',*,*,#1388,.T.);
#1784=ORIENTED_EDGE('',*,*,#1389,.T.);
#1785=ORIENTED_EDGE('',*,*,#1390,.T.);
#1786=ORIENTED_EDGE('',*,*,#1388,.F.);
#1787=ORIENTED_EDGE('',*,*,#1391,.T.);
#1788=ORIENTED_EDGE('',*,*,#1392,.F.);
#1789=ORIENTED_EDGE('',*,*,#1393,.F.);
#1790=ORIENTED_EDGE('',*,*,#1394,.T.);
#1791=ORIENTED_EDGE('',*,*,#1395,.T.);
#1792=ORIENTED_EDGE('',*,*,#1396,.T.);
#1793=ORIENTED_EDGE('',*,*,#1397,.T.);
#1794=ORIENTED_EDGE('',*,*,#1395,.F.);
#1795=ORIENTED_EDGE('',*,*,#1398,.T.);
#1796=ORIENTED_EDGE('',*,*,#1399,.T.);
#1797=ORIENTED_EDGE('',*,*,#1400,.T.);
#1798=ORIENTED_EDGE('',*,*,#1401,.F.);
#1799=ORIENTED_EDGE('',*,*,#1402,.F.);
#1800=ORIENTED_EDGE('',*,*,#1335,.F.);
#1801=ORIENTED_EDGE('',*,*,#1403,.F.);
#1802=ORIENTED_EDGE('',*,*,#1404,.F.);
#1803=ORIENTED_EDGE('',*,*,#1405,.F.);
#1804=ORIENTED_EDGE('',*,*,#1325,.F.);
#1805=ORIENTED_EDGE('',*,*,#1406,.F.);
#1806=ORIENTED_EDGE('',*,*,#1407,.F.);
#1807=ORIENTED_EDGE('',*,*,#1408,.T.);
#1808=ORIENTED_EDGE('',*,*,#1390,.F.);
#1809=ORIENTED_EDGE('',*,*,#1409,.T.);
#1810=ORIENTED_EDGE('',*,*,#1383,.F.);
#1811=ORIENTED_EDGE('',*,*,#1410,.F.);
#1812=ORIENTED_EDGE('',*,*,#1411,.F.);
#1813=ORIENTED_EDGE('',*,*,#1412,.F.);
#1814=ORIENTED_EDGE('',*,*,#1413,.F.);
#1815=ORIENTED_EDGE('',*,*,#1414,.T.);
#1816=ORIENTED_EDGE('',*,*,#1415,.F.);
#1817=ORIENTED_EDGE('',*,*,#1416,.T.);
#1818=ORIENTED_EDGE('',*,*,#1417,.F.);
#1819=ORIENTED_EDGE('',*,*,#1418,.T.);
#1820=ORIENTED_EDGE('',*,*,#1419,.F.);
#1821=ORIENTED_EDGE('',*,*,#1420,.T.);
#1822=ORIENTED_EDGE('',*,*,#1421,.F.);
#1823=ORIENTED_EDGE('',*,*,#1422,.F.);
#1824=ORIENTED_EDGE('',*,*,#1423,.F.);
#1825=ORIENTED_EDGE('',*,*,#1424,.F.);
#1826=ORIENTED_EDGE('',*,*,#1425,.F.);
#1827=ORIENTED_EDGE('',*,*,#1426,.F.);
#1828=ORIENTED_EDGE('',*,*,#1394,.F.);
#1829=ORIENTED_EDGE('',*,*,#1427,.F.);
#1830=ORIENTED_EDGE('',*,*,#1428,.T.);
#1831=ORIENTED_EDGE('',*,*,#1396,.F.);
#1832=ORIENTED_EDGE('',*,*,#1397,.F.);
#1833=ORIENTED_EDGE('',*,*,#1428,.F.);
#1834=ORIENTED_EDGE('',*,*,#1426,.T.);
#1835=ORIENTED_EDGE('',*,*,#1429,.T.);
#1836=ORIENTED_EDGE('',*,*,#1430,.T.);
#1837=ORIENTED_EDGE('',*,*,#1431,.T.);
#1838=ORIENTED_EDGE('',*,*,#1429,.F.);
#1839=ORIENTED_EDGE('',*,*,#1425,.T.);
#1840=ORIENTED_EDGE('',*,*,#1432,.F.);
#1841=ORIENTED_EDGE('',*,*,#1433,.T.);
#1842=ORIENTED_EDGE('',*,*,#1430,.F.);
#1843=ORIENTED_EDGE('',*,*,#1431,.F.);
#1844=ORIENTED_EDGE('',*,*,#1433,.F.);
#1845=ORIENTED_EDGE('',*,*,#1424,.T.);
#1846=ORIENTED_EDGE('',*,*,#1434,.T.);
#1847=ORIENTED_EDGE('',*,*,#1435,.T.);
#1848=ORIENTED_EDGE('',*,*,#1436,.T.);
#1849=ORIENTED_EDGE('',*,*,#1434,.F.);
#1850=ORIENTED_EDGE('',*,*,#1437,.F.);
#1851=ORIENTED_EDGE('',*,*,#1438,.T.);
#1852=ORIENTED_EDGE('',*,*,#1435,.F.);
#1853=ORIENTED_EDGE('',*,*,#1436,.F.);
#1854=ORIENTED_EDGE('',*,*,#1438,.F.);
#1855=ORIENTED_EDGE('',*,*,#1439,.T.);
#1856=ORIENTED_EDGE('',*,*,#1422,.T.);
#1857=ORIENTED_EDGE('',*,*,#1440,.F.);
#1858=ORIENTED_EDGE('',*,*,#1441,.T.);
#1859=ORIENTED_EDGE('',*,*,#1441,.F.);
#1860=ORIENTED_EDGE('',*,*,#1442,.T.);
#1861=ORIENTED_EDGE('',*,*,#1443,.F.);
#1862=ORIENTED_EDGE('',*,*,#1444,.F.);
#1863=ORIENTED_EDGE('',*,*,#1445,.T.);
#1864=ORIENTED_EDGE('',*,*,#1446,.T.);
#1865=ORIENTED_EDGE('',*,*,#1447,.T.);
#1866=ORIENTED_EDGE('',*,*,#1421,.T.);
#1867=ORIENTED_EDGE('',*,*,#1446,.F.);
#1868=ORIENTED_EDGE('',*,*,#1448,.T.);
#1869=ORIENTED_EDGE('',*,*,#1449,.F.);
#1870=ORIENTED_EDGE('',*,*,#1450,.F.);
#1871=ORIENTED_EDGE('',*,*,#1451,.T.);
#1872=ORIENTED_EDGE('',*,*,#1452,.T.);
#1873=ORIENTED_EDGE('',*,*,#1453,.T.);
#1874=ORIENTED_EDGE('',*,*,#1417,.T.);
#1875=ORIENTED_EDGE('',*,*,#1452,.F.);
#1876=ORIENTED_EDGE('',*,*,#1454,.T.);
#1877=ORIENTED_EDGE('',*,*,#1455,.F.);
#1878=ORIENTED_EDGE('',*,*,#1456,.F.);
#1879=ORIENTED_EDGE('',*,*,#1457,.T.);
#1880=ORIENTED_EDGE('',*,*,#1458,.T.);
#1881=ORIENTED_EDGE('',*,*,#1459,.T.);
#1882=ORIENTED_EDGE('',*,*,#1415,.T.);
#1883=ORIENTED_EDGE('',*,*,#1458,.F.);
#1884=ORIENTED_EDGE('',*,*,#1460,.T.);
#1885=ORIENTED_EDGE('',*,*,#1461,.F.);
#1886=ORIENTED_EDGE('',*,*,#1462,.F.);
#1887=ORIENTED_EDGE('',*,*,#1463,.T.);
#1888=ORIENTED_EDGE('',*,*,#1464,.T.);
#1889=ORIENTED_EDGE('',*,*,#1465,.T.);
#1890=ORIENTED_EDGE('',*,*,#1419,.T.);
#1891=ORIENTED_EDGE('',*,*,#1464,.F.);
#1892=ORIENTED_EDGE('',*,*,#1466,.T.);
#1893=ORIENTED_EDGE('',*,*,#1467,.F.);
#1894=ORIENTED_EDGE('',*,*,#1468,.F.);
#1895=ORIENTED_EDGE('',*,*,#1461,.T.);
#1896=ORIENTED_EDGE('',*,*,#1469,.T.);
#1897=ORIENTED_EDGE('',*,*,#1455,.T.);
#1898=ORIENTED_EDGE('',*,*,#1470,.T.);
#1899=ORIENTED_EDGE('',*,*,#1467,.T.);
#1900=ORIENTED_EDGE('',*,*,#1471,.T.);
#1901=ORIENTED_EDGE('',*,*,#1449,.T.);
#1902=ORIENTED_EDGE('',*,*,#1472,.T.);
#1903=ORIENTED_EDGE('',*,*,#1473,.F.);
#1904=ORIENTED_EDGE('',*,*,#1474,.T.);
#1905=ORIENTED_EDGE('',*,*,#1475,.F.);
#1906=ORIENTED_EDGE('',*,*,#1474,.F.);
#1907=ORIENTED_EDGE('',*,*,#1476,.F.);
#1908=ORIENTED_EDGE('',*,*,#1477,.T.);
#1909=ORIENTED_EDGE('',*,*,#1478,.F.);
#1910=ORIENTED_EDGE('',*,*,#1477,.F.);
#1911=ORIENTED_EDGE('',*,*,#1479,.F.);
#1912=ORIENTED_EDGE('',*,*,#1480,.T.);
#1913=ORIENTED_EDGE('',*,*,#1481,.F.);
#1914=ORIENTED_EDGE('',*,*,#1480,.F.);
#1915=ORIENTED_EDGE('',*,*,#1482,.F.);
#1916=ORIENTED_EDGE('',*,*,#1483,.T.);
#1917=ORIENTED_EDGE('',*,*,#1484,.F.);
#1918=ORIENTED_EDGE('',*,*,#1483,.F.);
#1919=ORIENTED_EDGE('',*,*,#1416,.F.);
#1920=ORIENTED_EDGE('',*,*,#1459,.F.);
#1921=ORIENTED_EDGE('',*,*,#1462,.T.);
#1922=ORIENTED_EDGE('',*,*,#1470,.F.);
#1923=ORIENTED_EDGE('',*,*,#1454,.F.);
#1924=ORIENTED_EDGE('',*,*,#1451,.F.);
#1925=ORIENTED_EDGE('',*,*,#1414,.F.);
#1926=ORIENTED_EDGE('',*,*,#1453,.F.);
#1927=ORIENTED_EDGE('',*,*,#1456,.T.);
#1928=ORIENTED_EDGE('',*,*,#1469,.F.);
#1929=ORIENTED_EDGE('',*,*,#1460,.F.);
#1930=ORIENTED_EDGE('',*,*,#1457,.F.);
#1931=ORIENTED_EDGE('',*,*,#1420,.F.);
#1932=ORIENTED_EDGE('',*,*,#1465,.F.);
#1933=ORIENTED_EDGE('',*,*,#1468,.T.);
#1934=ORIENTED_EDGE('',*,*,#1472,.F.);
#1935=ORIENTED_EDGE('',*,*,#1448,.F.);
#1936=ORIENTED_EDGE('',*,*,#1445,.F.);
#1937=ORIENTED_EDGE('',*,*,#1418,.F.);
#1938=ORIENTED_EDGE('',*,*,#1447,.F.);
#1939=ORIENTED_EDGE('',*,*,#1450,.T.);
#1940=ORIENTED_EDGE('',*,*,#1471,.F.);
#1941=ORIENTED_EDGE('',*,*,#1466,.F.);
#1942=ORIENTED_EDGE('',*,*,#1463,.F.);
#1943=ORIENTED_EDGE('',*,*,#1432,.T.);
#1944=ORIENTED_EDGE('',*,*,#1476,.T.);
#1945=ORIENTED_EDGE('',*,*,#1427,.T.);
#1946=ORIENTED_EDGE('',*,*,#1482,.T.);
#1947=ORIENTED_EDGE('',*,*,#1485,.T.);
#1948=ORIENTED_EDGE('',*,*,#1443,.T.);
#1949=ORIENTED_EDGE('',*,*,#1479,.T.);
#1950=ORIENTED_EDGE('',*,*,#1485,.F.);
#1951=ORIENTED_EDGE('',*,*,#1442,.F.);
#1952=ORIENTED_EDGE('',*,*,#1440,.T.);
#1953=ORIENTED_EDGE('',*,*,#1486,.F.);
#1954=ORIENTED_EDGE('',*,*,#1487,.F.);
#1955=ORIENTED_EDGE('',*,*,#1439,.F.);
#1956=ORIENTED_EDGE('',*,*,#1444,.T.);
#1957=ORIENTED_EDGE('',*,*,#1437,.T.);
#1958=ORIENTED_EDGE('',*,*,#1473,.T.);
#1959=ORIENTED_EDGE('',*,*,#1392,.T.);
#1960=ORIENTED_EDGE('',*,*,#1488,.T.);
#1961=ORIENTED_EDGE('',*,*,#1385,.T.);
#1962=ORIENTED_EDGE('',*,*,#1489,.T.);
#1963=ORIENTED_EDGE('',*,*,#1489,.F.);
#1964=ORIENTED_EDGE('',*,*,#1384,.F.);
#1965=ORIENTED_EDGE('',*,*,#1380,.F.);
#1966=ORIENTED_EDGE('',*,*,#1409,.F.);
#1967=ORIENTED_EDGE('',*,*,#1389,.F.);
#1968=ORIENTED_EDGE('',*,*,#1393,.T.);
#1969=ORIENTED_EDGE('',*,*,#1488,.F.);
#1970=ORIENTED_EDGE('',*,*,#1391,.F.);
#1971=ORIENTED_EDGE('',*,*,#1387,.F.);
#1972=ORIENTED_EDGE('',*,*,#1408,.F.);
#1973=ORIENTED_EDGE('',*,*,#1382,.F.);
#1974=ORIENTED_EDGE('',*,*,#1386,.T.);
#1975=ORIENTED_EDGE('',*,*,#1490,.F.);
#1976=ORIENTED_EDGE('',*,*,#1491,.F.);
#1977=ORIENTED_EDGE('',*,*,#1398,.F.);
#1978=ORIENTED_EDGE('',*,*,#1492,.T.);
#1979=ORIENTED_EDGE('',*,*,#1493,.F.);
#1980=ORIENTED_EDGE('',*,*,#1494,.F.);
#1981=ORIENTED_EDGE('',*,*,#1400,.F.);
#1982=ORIENTED_EDGE('',*,*,#1495,.T.);
#1983=ORIENTED_EDGE('',*,*,#1496,.F.);
#1984=ORIENTED_EDGE('',*,*,#1495,.F.);
#1985=ORIENTED_EDGE('',*,*,#1399,.F.);
#1986=ORIENTED_EDGE('',*,*,#1491,.T.);
#1987=ORIENTED_EDGE('',*,*,#1497,.T.);
#1988=ORIENTED_EDGE('',*,*,#1498,.T.);
#1989=ORIENTED_EDGE('',*,*,#1499,.T.);
#1990=ORIENTED_EDGE('',*,*,#1498,.F.);
#1991=ORIENTED_EDGE('',*,*,#1500,.T.);
#1992=ORIENTED_EDGE('',*,*,#1501,.T.);
#1993=ORIENTED_EDGE('',*,*,#1502,.F.);
#1994=ORIENTED_EDGE('',*,*,#1503,.F.);
#1995=ORIENTED_EDGE('',*,*,#1499,.F.);
#1996=ORIENTED_EDGE('',*,*,#1497,.F.);
#1997=ORIENTED_EDGE('',*,*,#1504,.T.);
#1998=ORIENTED_EDGE('',*,*,#1505,.F.);
#1999=ORIENTED_EDGE('',*,*,#1504,.F.);
#2000=ORIENTED_EDGE('',*,*,#1506,.F.);
#2001=ORIENTED_EDGE('',*,*,#1507,.T.);
#2002=ORIENTED_EDGE('',*,*,#1508,.T.);
#2003=ORIENTED_EDGE('',*,*,#1509,.F.);
#2004=ORIENTED_EDGE('',*,*,#1510,.F.);
#2005=ORIENTED_EDGE('',*,*,#1511,.T.);
#2006=ORIENTED_EDGE('',*,*,#1512,.T.);
#2007=ORIENTED_EDGE('',*,*,#1507,.F.);
#2008=ORIENTED_EDGE('',*,*,#1513,.F.);
#2009=ORIENTED_EDGE('',*,*,#1514,.F.);
#2010=ORIENTED_EDGE('',*,*,#1515,.T.);
#2011=ORIENTED_EDGE('',*,*,#1511,.F.);
#2012=ORIENTED_EDGE('',*,*,#1515,.F.);
#2013=ORIENTED_EDGE('',*,*,#1516,.F.);
#2014=ORIENTED_EDGE('',*,*,#1508,.F.);
#2015=ORIENTED_EDGE('',*,*,#1512,.F.);
#2016=ORIENTED_EDGE('',*,*,#1513,.T.);
#2017=ORIENTED_EDGE('',*,*,#1510,.T.);
#2018=ORIENTED_EDGE('',*,*,#1506,.T.);
#2019=ORIENTED_EDGE('',*,*,#1517,.F.);
#2020=ORIENTED_EDGE('',*,*,#1518,.F.);
#2021=ORIENTED_EDGE('',*,*,#1519,.F.);
#2022=ORIENTED_EDGE('',*,*,#1520,.F.);
#2023=ORIENTED_EDGE('',*,*,#1521,.F.);
#2024=ORIENTED_EDGE('',*,*,#1522,.T.);
#2025=ORIENTED_EDGE('',*,*,#1523,.T.);
#2026=ORIENTED_EDGE('',*,*,#1524,.F.);
#2027=ORIENTED_EDGE('',*,*,#1525,.F.);
#2028=ORIENTED_EDGE('',*,*,#1526,.F.);
#2029=ORIENTED_EDGE('',*,*,#1345,.F.);
#2030=ORIENTED_EDGE('',*,*,#1527,.F.);
#2031=ORIENTED_EDGE('',*,*,#1347,.F.);
#2032=ORIENTED_EDGE('',*,*,#1528,.F.);
#2033=ORIENTED_EDGE('',*,*,#1529,.F.);
#2034=ORIENTED_EDGE('',*,*,#1530,.F.);
#2035=ORIENTED_EDGE('',*,*,#1531,.F.);
#2036=ORIENTED_EDGE('',*,*,#1532,.F.);
#2037=ORIENTED_EDGE('',*,*,#1533,.F.);
#2038=ORIENTED_EDGE('',*,*,#1534,.F.);
#2039=ORIENTED_EDGE('',*,*,#1371,.F.);
#2040=ORIENTED_EDGE('',*,*,#1535,.F.);
#2041=ORIENTED_EDGE('',*,*,#1531,.T.);
#2042=ORIENTED_EDGE('',*,*,#1536,.F.);
#2043=ORIENTED_EDGE('',*,*,#1537,.F.);
#2044=ORIENTED_EDGE('',*,*,#1538,.F.);
#2045=ORIENTED_EDGE('',*,*,#1539,.F.);
#2046=ORIENTED_EDGE('',*,*,#1540,.F.);
#2047=ORIENTED_EDGE('',*,*,#1541,.F.);
#2048=ORIENTED_EDGE('',*,*,#1533,.T.);
#2049=ORIENTED_EDGE('',*,*,#1542,.F.);
#2050=ORIENTED_EDGE('',*,*,#1500,.F.);
#2051=ORIENTED_EDGE('',*,*,#1543,.F.);
#2052=ORIENTED_EDGE('',*,*,#1520,.T.);
#2053=ORIENTED_EDGE('',*,*,#1544,.F.);
#2054=ORIENTED_EDGE('',*,*,#1532,.T.);
#2055=ORIENTED_EDGE('',*,*,#1535,.T.);
#2056=ORIENTED_EDGE('',*,*,#1370,.F.);
#2057=ORIENTED_EDGE('',*,*,#1545,.F.);
#2058=ORIENTED_EDGE('',*,*,#1501,.F.);
#2059=ORIENTED_EDGE('',*,*,#1542,.T.);
#2060=ORIENTED_EDGE('',*,*,#1528,.T.);
#2061=ORIENTED_EDGE('',*,*,#1346,.F.);
#2062=ORIENTED_EDGE('',*,*,#1526,.T.);
#2063=ORIENTED_EDGE('',*,*,#1546,.T.);
#2064=ORIENTED_EDGE('',*,*,#1539,.T.);
#2065=ORIENTED_EDGE('',*,*,#1547,.F.);
#2066=ORIENTED_EDGE('',*,*,#1518,.T.);
#2067=ORIENTED_EDGE('',*,*,#1548,.F.);
#2068=ORIENTED_EDGE('',*,*,#1549,.F.);
#2069=ORIENTED_EDGE('',*,*,#1550,.F.);
#2070=ORIENTED_EDGE('',*,*,#1529,.T.);
#2071=ORIENTED_EDGE('',*,*,#1546,.F.);
#2072=ORIENTED_EDGE('',*,*,#1525,.T.);
#2073=ORIENTED_EDGE('',*,*,#1551,.F.);
#2074=ORIENTED_EDGE('',*,*,#1537,.T.);
#2075=ORIENTED_EDGE('',*,*,#1552,.F.);
#2076=ORIENTED_EDGE('',*,*,#1553,.F.);
#2077=ORIENTED_EDGE('',*,*,#1554,.F.);
#2078=ORIENTED_EDGE('',*,*,#1523,.F.);
#2079=ORIENTED_EDGE('',*,*,#1555,.T.);
#2080=ORIENTED_EDGE('',*,*,#1556,.F.);
#2081=ORIENTED_EDGE('',*,*,#1555,.F.);
#2082=ORIENTED_EDGE('',*,*,#1522,.F.);
#2083=ORIENTED_EDGE('',*,*,#1557,.T.);
#2084=ORIENTED_EDGE('',*,*,#1558,.F.);
#2085=ORIENTED_EDGE('',*,*,#1557,.F.);
#2086=ORIENTED_EDGE('',*,*,#1298,.T.);
#2087=ORIENTED_EDGE('',*,*,#1328,.T.);
#2088=ORIENTED_EDGE('',*,*,#1314,.T.);
#2089=ORIENTED_EDGE('',*,*,#1559,.F.);
#2090=ORIENTED_EDGE('',*,*,#1540,.T.);
#2091=ORIENTED_EDGE('',*,*,#1550,.T.);
#2092=ORIENTED_EDGE('',*,*,#1560,.F.);
#2093=ORIENTED_EDGE('',*,*,#1561,.F.);
#2094=ORIENTED_EDGE('',*,*,#1514,.T.);
#2095=ORIENTED_EDGE('',*,*,#1521,.T.);
#2096=ORIENTED_EDGE('',*,*,#1543,.T.);
#2097=ORIENTED_EDGE('',*,*,#1503,.T.);
#2098=ORIENTED_EDGE('',*,*,#1562,.T.);
#2099=ORIENTED_EDGE('',*,*,#1368,.T.);
#2100=ORIENTED_EDGE('',*,*,#1563,.T.);
#2101=ORIENTED_EDGE('',*,*,#1564,.F.);
#2102=ORIENTED_EDGE('',*,*,#1565,.F.);
#2103=ORIENTED_EDGE('',*,*,#1348,.T.);
#2104=ORIENTED_EDGE('',*,*,#1527,.T.);
#2105=ORIENTED_EDGE('',*,*,#1552,.T.);
#2106=ORIENTED_EDGE('',*,*,#1536,.T.);
#2107=ORIENTED_EDGE('',*,*,#1566,.T.);
#2108=ORIENTED_EDGE('',*,*,#1567,.T.);
#2109=ORIENTED_EDGE('',*,*,#1548,.T.);
#2110=ORIENTED_EDGE('',*,*,#1517,.T.);
#2111=ORIENTED_EDGE('',*,*,#1509,.T.);
#2112=ORIENTED_EDGE('',*,*,#1516,.T.);
#2113=ORIENTED_EDGE('',*,*,#1374,.T.);
#2114=ORIENTED_EDGE('',*,*,#1377,.T.);
#2115=ORIENTED_EDGE('',*,*,#1549,.T.);
#2116=ORIENTED_EDGE('',*,*,#1567,.F.);
#2117=ORIENTED_EDGE('',*,*,#1568,.T.);
#2118=ORIENTED_EDGE('',*,*,#1560,.T.);
#2119=ORIENTED_EDGE('',*,*,#1541,.T.);
#2120=ORIENTED_EDGE('',*,*,#1561,.T.);
#2121=ORIENTED_EDGE('',*,*,#1568,.F.);
#2122=ORIENTED_EDGE('',*,*,#1566,.F.);
#2123=ORIENTED_EDGE('',*,*,#1562,.F.);
#2124=ORIENTED_EDGE('',*,*,#1502,.T.);
#2125=ORIENTED_EDGE('',*,*,#1545,.T.);
#2126=ORIENTED_EDGE('',*,*,#1369,.F.);
#2127=ORIENTED_EDGE('',*,*,#1410,.T.);
#2128=ORIENTED_EDGE('',*,*,#1569,.T.);
#2129=ORIENTED_EDGE('',*,*,#1570,.T.);
#2130=ORIENTED_EDGE('',*,*,#1569,.F.);
#2131=ORIENTED_EDGE('',*,*,#1570,.F.);
#2132=ORIENTED_EDGE('',*,*,#1571,.T.);
#2133=ORIENTED_EDGE('',*,*,#1572,.F.);
#2134=ORIENTED_EDGE('',*,*,#1571,.F.);
#2135=ORIENTED_EDGE('',*,*,#1413,.T.);
#2136=ORIENTED_EDGE('',*,*,#1573,.T.);
#2137=ORIENTED_EDGE('',*,*,#1574,.T.);
#2138=ORIENTED_EDGE('',*,*,#1573,.F.);
#2139=ORIENTED_EDGE('',*,*,#1574,.F.);
#2140=ORIENTED_EDGE('',*,*,#1575,.T.);
#2141=ORIENTED_EDGE('',*,*,#1576,.F.);
#2142=ORIENTED_EDGE('',*,*,#1575,.F.);
#2143=ORIENTED_EDGE('',*,*,#1411,.T.);
#2144=ORIENTED_EDGE('',*,*,#1577,.T.);
#2145=ORIENTED_EDGE('',*,*,#1578,.T.);
#2146=ORIENTED_EDGE('',*,*,#1577,.F.);
#2147=ORIENTED_EDGE('',*,*,#1578,.F.);
#2148=ORIENTED_EDGE('',*,*,#1579,.T.);
#2149=ORIENTED_EDGE('',*,*,#1580,.F.);
#2150=ORIENTED_EDGE('',*,*,#1579,.F.);
#2151=ORIENTED_EDGE('',*,*,#1412,.T.);
#2152=ORIENTED_EDGE('',*,*,#1581,.T.);
#2153=ORIENTED_EDGE('',*,*,#1582,.T.);
#2154=ORIENTED_EDGE('',*,*,#1581,.F.);
#2155=ORIENTED_EDGE('',*,*,#1582,.F.);
#2156=ORIENTED_EDGE('',*,*,#1583,.T.);
#2157=ORIENTED_EDGE('',*,*,#1584,.F.);
#2158=ORIENTED_EDGE('',*,*,#1583,.F.);
#2159=ORIENTED_EDGE('',*,*,#1487,.T.);
#2160=ORIENTED_EDGE('',*,*,#1585,.T.);
#2161=ORIENTED_EDGE('',*,*,#1586,.T.);
#2162=ORIENTED_EDGE('',*,*,#1585,.F.);
#2163=ORIENTED_EDGE('',*,*,#1486,.T.);
#2164=ORIENTED_EDGE('',*,*,#1423,.T.);
#2165=ORIENTED_EDGE('',*,*,#1586,.F.);
#2166=ORIENTED_EDGE('',*,*,#1587,.T.);
#2167=ORIENTED_EDGE('',*,*,#1588,.F.);
#2168=ORIENTED_EDGE('',*,*,#1587,.F.);
#2169=ORIENTED_EDGE('',*,*,#1553,.T.);
#2170=ORIENTED_EDGE('',*,*,#1589,.T.);
#2171=ORIENTED_EDGE('',*,*,#1590,.F.);
#2172=ORIENTED_EDGE('',*,*,#1589,.F.);
#2173=ORIENTED_EDGE('',*,*,#1554,.T.);
#2174=ORIENTED_EDGE('',*,*,#1362,.F.);
#2175=ORIENTED_EDGE('',*,*,#1591,.T.);
#2176=ORIENTED_EDGE('',*,*,#1404,.T.);
#2177=ORIENTED_EDGE('',*,*,#1592,.F.);
#2178=ORIENTED_EDGE('',*,*,#1593,.F.);
#2179=ORIENTED_EDGE('',*,*,#1594,.F.);
#2180=ORIENTED_EDGE('',*,*,#1595,.F.);
#2181=ORIENTED_EDGE('',*,*,#1596,.F.);
#2182=ORIENTED_EDGE('',*,*,#1361,.F.);
#2183=ORIENTED_EDGE('',*,*,#1326,.T.);
#2184=ORIENTED_EDGE('',*,*,#1405,.T.);
#2185=ORIENTED_EDGE('',*,*,#1591,.F.);
#2186=ORIENTED_EDGE('',*,*,#1373,.F.);
#2187=ORIENTED_EDGE('',*,*,#1597,.T.);
#2188=ORIENTED_EDGE('',*,*,#1406,.T.);
#2189=ORIENTED_EDGE('',*,*,#1324,.F.);
#2190=ORIENTED_EDGE('',*,*,#1530,.T.);
#2191=ORIENTED_EDGE('',*,*,#1544,.T.);
#2192=ORIENTED_EDGE('',*,*,#1519,.T.);
#2193=ORIENTED_EDGE('',*,*,#1547,.T.);
#2194=ORIENTED_EDGE('',*,*,#1538,.T.);
#2195=ORIENTED_EDGE('',*,*,#1551,.T.);
#2196=ORIENTED_EDGE('',*,*,#1524,.T.);
#2197=ORIENTED_EDGE('',*,*,#1344,.F.);
#2198=ORIENTED_EDGE('',*,*,#1598,.T.);
#2199=ORIENTED_EDGE('',*,*,#1401,.T.);
#2200=ORIENTED_EDGE('',*,*,#1494,.T.);
#2201=ORIENTED_EDGE('',*,*,#1599,.F.);
#2202=ORIENTED_EDGE('',*,*,#1492,.F.);
#2203=ORIENTED_EDGE('',*,*,#1407,.T.);
#2204=ORIENTED_EDGE('',*,*,#1597,.F.);
#2205=ORIENTED_EDGE('',*,*,#1372,.F.);
#2206=ORIENTED_EDGE('',*,*,#1534,.T.);
#2207=ORIENTED_EDGE('',*,*,#1343,.F.);
#2208=ORIENTED_EDGE('',*,*,#1336,.T.);
#2209=ORIENTED_EDGE('',*,*,#1402,.T.);
#2210=ORIENTED_EDGE('',*,*,#1598,.F.);
#2211=ORIENTED_EDGE('',*,*,#1363,.F.);
#2212=ORIENTED_EDGE('',*,*,#1592,.T.);
#2213=ORIENTED_EDGE('',*,*,#1403,.T.);
#2214=ORIENTED_EDGE('',*,*,#1334,.F.);
#2215=ORIENTED_EDGE('',*,*,#1600,.F.);
#2216=ORIENTED_EDGE('',*,*,#1601,.T.);
#2217=ORIENTED_EDGE('',*,*,#1593,.T.);
#2218=ORIENTED_EDGE('',*,*,#1601,.F.);
#2219=ORIENTED_EDGE('',*,*,#1602,.F.);
#2220=ORIENTED_EDGE('',*,*,#1603,.T.);
#2221=ORIENTED_EDGE('',*,*,#1594,.T.);
#2222=ORIENTED_EDGE('',*,*,#1603,.F.);
#2223=ORIENTED_EDGE('',*,*,#1604,.F.);
#2224=ORIENTED_EDGE('',*,*,#1605,.T.);
#2225=ORIENTED_EDGE('',*,*,#1595,.T.);
#2226=ORIENTED_EDGE('',*,*,#1605,.F.);
#2227=ORIENTED_EDGE('',*,*,#1606,.F.);
#2228=ORIENTED_EDGE('',*,*,#1607,.T.);
#2229=ORIENTED_EDGE('',*,*,#1596,.T.);
#2230=ORIENTED_EDGE('',*,*,#1607,.F.);
#2231=ORIENTED_EDGE('',*,*,#1608,.F.);
#2232=ORIENTED_EDGE('',*,*,#1609,.T.);
#2233=ORIENTED_EDGE('',*,*,#1332,.T.);
#2234=ORIENTED_EDGE('',*,*,#1609,.F.);
#2235=ORIENTED_EDGE('',*,*,#1610,.F.);
#2236=ORIENTED_EDGE('',*,*,#1611,.T.);
#2237=ORIENTED_EDGE('',*,*,#1331,.T.);
#2238=ORIENTED_EDGE('',*,*,#1611,.F.);
#2239=ORIENTED_EDGE('',*,*,#1612,.F.);
#2240=ORIENTED_EDGE('',*,*,#1613,.T.);
#2241=ORIENTED_EDGE('',*,*,#1330,.T.);
#2242=ORIENTED_EDGE('',*,*,#1613,.F.);
#2243=ORIENTED_EDGE('',*,*,#1614,.F.);
#2244=ORIENTED_EDGE('',*,*,#1615,.T.);
#2245=ORIENTED_EDGE('',*,*,#1329,.T.);
#2246=ORIENTED_EDGE('',*,*,#1615,.F.);
#2247=ORIENTED_EDGE('',*,*,#1616,.F.);
#2248=ORIENTED_EDGE('',*,*,#1617,.T.);
#2249=ORIENTED_EDGE('',*,*,#1342,.T.);
#2250=ORIENTED_EDGE('',*,*,#1617,.F.);
#2251=ORIENTED_EDGE('',*,*,#1618,.F.);
#2252=ORIENTED_EDGE('',*,*,#1619,.T.);
#2253=ORIENTED_EDGE('',*,*,#1341,.T.);
#2254=ORIENTED_EDGE('',*,*,#1619,.F.);
#2255=ORIENTED_EDGE('',*,*,#1620,.F.);
#2256=ORIENTED_EDGE('',*,*,#1621,.T.);
#2257=ORIENTED_EDGE('',*,*,#1340,.T.);
#2258=ORIENTED_EDGE('',*,*,#1621,.F.);
#2259=ORIENTED_EDGE('',*,*,#1622,.F.);
#2260=ORIENTED_EDGE('',*,*,#1623,.T.);
#2261=ORIENTED_EDGE('',*,*,#1339,.T.);
#2262=ORIENTED_EDGE('',*,*,#1623,.F.);
#2263=ORIENTED_EDGE('',*,*,#1624,.T.);
#2264=ORIENTED_EDGE('',*,*,#1356,.T.);
#2265=ORIENTED_EDGE('',*,*,#1625,.T.);
#2266=ORIENTED_EDGE('',*,*,#1626,.T.);
#2267=ORIENTED_EDGE('',*,*,#1299,.T.);
#2268=ORIENTED_EDGE('',*,*,#1559,.T.);
#2269=ORIENTED_EDGE('',*,*,#1313,.T.);
#2270=ORIENTED_EDGE('',*,*,#1360,.T.);
#2271=ORIENTED_EDGE('',*,*,#1627,.T.);
#2272=ORIENTED_EDGE('',*,*,#1628,.T.);
#2273=ORIENTED_EDGE('',*,*,#1629,.T.);
#2274=ORIENTED_EDGE('',*,*,#1365,.T.);
#2275=ORIENTED_EDGE('',*,*,#1306,.T.);
#2276=ORIENTED_EDGE('',*,*,#1364,.T.);
#2277=ORIENTED_EDGE('',*,*,#1320,.T.);
#2278=ORIENTED_EDGE('',*,*,#1351,.T.);
#2279=ORIENTED_EDGE('',*,*,#1630,.T.);
#2280=ORIENTED_EDGE('',*,*,#1631,.T.);
#2281=ORIENTED_EDGE('',*,*,#1632,.T.);
#2282=ORIENTED_EDGE('',*,*,#1352,.T.);
#2283=ORIENTED_EDGE('',*,*,#1367,.T.);
#2284=ORIENTED_EDGE('',*,*,#1633,.T.);
#2285=ORIENTED_EDGE('',*,*,#1634,.F.);
#2286=ORIENTED_EDGE('',*,*,#1563,.F.);
#2287=ORIENTED_EDGE('',*,*,#1349,.T.);
#2288=ORIENTED_EDGE('',*,*,#1565,.T.);
#2289=ORIENTED_EDGE('',*,*,#1635,.F.);
#2290=ORIENTED_EDGE('',*,*,#1636,.F.);
#2291=ORIENTED_EDGE('',*,*,#1350,.T.);
#2292=ORIENTED_EDGE('',*,*,#1636,.T.);
#2293=ORIENTED_EDGE('',*,*,#1637,.F.);
#2294=ORIENTED_EDGE('',*,*,#1638,.F.);
#2295=ORIENTED_EDGE('',*,*,#1630,.F.);
#2296=ORIENTED_EDGE('',*,*,#1631,.F.);
#2297=ORIENTED_EDGE('',*,*,#1638,.T.);
#2298=ORIENTED_EDGE('',*,*,#1639,.F.);
#2299=ORIENTED_EDGE('',*,*,#1640,.F.);
#2300=ORIENTED_EDGE('',*,*,#1616,.T.);
#2301=ORIENTED_EDGE('',*,*,#1618,.T.);
#2302=ORIENTED_EDGE('',*,*,#1620,.T.);
#2303=ORIENTED_EDGE('',*,*,#1622,.T.);
#2304=ORIENTED_EDGE('',*,*,#1353,.T.);
#2305=ORIENTED_EDGE('',*,*,#1632,.F.);
#2306=ORIENTED_EDGE('',*,*,#1640,.T.);
#2307=ORIENTED_EDGE('',*,*,#1641,.F.);
#2308=ORIENTED_EDGE('',*,*,#1642,.F.);
#2309=ORIENTED_EDGE('',*,*,#1354,.T.);
#2310=ORIENTED_EDGE('',*,*,#1642,.T.);
#2311=ORIENTED_EDGE('',*,*,#1643,.F.);
#2312=ORIENTED_EDGE('',*,*,#1644,.F.);
#2313=ORIENTED_EDGE('',*,*,#1355,.T.);
#2314=ORIENTED_EDGE('',*,*,#1644,.T.);
#2315=ORIENTED_EDGE('',*,*,#1645,.F.);
#2316=ORIENTED_EDGE('',*,*,#1646,.F.);
#2317=ORIENTED_EDGE('',*,*,#1625,.F.);
#2318=ORIENTED_EDGE('',*,*,#1626,.F.);
#2319=ORIENTED_EDGE('',*,*,#1646,.T.);
#2320=ORIENTED_EDGE('',*,*,#1647,.F.);
#2321=ORIENTED_EDGE('',*,*,#1648,.F.);
#2322=ORIENTED_EDGE('',*,*,#1600,.T.);
#2323=ORIENTED_EDGE('',*,*,#1602,.T.);
#2324=ORIENTED_EDGE('',*,*,#1604,.T.);
#2325=ORIENTED_EDGE('',*,*,#1606,.T.);
#2326=ORIENTED_EDGE('',*,*,#1357,.T.);
#2327=ORIENTED_EDGE('',*,*,#1624,.F.);
#2328=ORIENTED_EDGE('',*,*,#1648,.T.);
#2329=ORIENTED_EDGE('',*,*,#1649,.F.);
#2330=ORIENTED_EDGE('',*,*,#1650,.F.);
#2331=ORIENTED_EDGE('',*,*,#1358,.T.);
#2332=ORIENTED_EDGE('',*,*,#1650,.T.);
#2333=ORIENTED_EDGE('',*,*,#1651,.F.);
#2334=ORIENTED_EDGE('',*,*,#1652,.F.);
#2335=ORIENTED_EDGE('',*,*,#1359,.T.);
#2336=ORIENTED_EDGE('',*,*,#1652,.T.);
#2337=ORIENTED_EDGE('',*,*,#1653,.F.);
#2338=ORIENTED_EDGE('',*,*,#1654,.F.);
#2339=ORIENTED_EDGE('',*,*,#1627,.F.);
#2340=ORIENTED_EDGE('',*,*,#1628,.F.);
#2341=ORIENTED_EDGE('',*,*,#1654,.T.);
#2342=ORIENTED_EDGE('',*,*,#1655,.F.);
#2343=ORIENTED_EDGE('',*,*,#1656,.F.);
#2344=ORIENTED_EDGE('',*,*,#1608,.T.);
#2345=ORIENTED_EDGE('',*,*,#1610,.T.);
#2346=ORIENTED_EDGE('',*,*,#1612,.T.);
#2347=ORIENTED_EDGE('',*,*,#1614,.T.);
#2348=ORIENTED_EDGE('',*,*,#1366,.T.);
#2349=ORIENTED_EDGE('',*,*,#1629,.F.);
#2350=ORIENTED_EDGE('',*,*,#1656,.T.);
#2351=ORIENTED_EDGE('',*,*,#1657,.F.);
#2352=ORIENTED_EDGE('',*,*,#1633,.F.);
#2353=ORIENTED_EDGE('',*,*,#1657,.T.);
#2354=ORIENTED_EDGE('',*,*,#1655,.T.);
#2355=ORIENTED_EDGE('',*,*,#1653,.T.);
#2356=ORIENTED_EDGE('',*,*,#1651,.T.);
#2357=ORIENTED_EDGE('',*,*,#1649,.T.);
#2358=ORIENTED_EDGE('',*,*,#1647,.T.);
#2359=ORIENTED_EDGE('',*,*,#1645,.T.);
#2360=ORIENTED_EDGE('',*,*,#1643,.T.);
#2361=ORIENTED_EDGE('',*,*,#1641,.T.);
#2362=ORIENTED_EDGE('',*,*,#1639,.T.);
#2363=ORIENTED_EDGE('',*,*,#1637,.T.);
#2364=ORIENTED_EDGE('',*,*,#1635,.T.);
#2365=ORIENTED_EDGE('',*,*,#1564,.T.);
#2366=ORIENTED_EDGE('',*,*,#1634,.T.);
#2367=ORIENTED_EDGE('',*,*,#1475,.T.);
#2368=ORIENTED_EDGE('',*,*,#1478,.T.);
#2369=ORIENTED_EDGE('',*,*,#1481,.T.);
#2370=ORIENTED_EDGE('',*,*,#1484,.T.);
#2371=ORIENTED_EDGE('',*,*,#1493,.T.);
#2372=ORIENTED_EDGE('',*,*,#1496,.T.);
#2373=ORIENTED_EDGE('',*,*,#1490,.T.);
#2374=ORIENTED_EDGE('',*,*,#1599,.T.);
#2375=ORIENTED_EDGE('',*,*,#1556,.T.);
#2376=ORIENTED_EDGE('',*,*,#1558,.T.);
#2377=ORIENTED_EDGE('',*,*,#1505,.T.);
#2378=ORIENTED_EDGE('',*,*,#1576,.T.);
#2379=ORIENTED_EDGE('',*,*,#1572,.T.);
#2380=ORIENTED_EDGE('',*,*,#1588,.T.);
#2381=ORIENTED_EDGE('',*,*,#1580,.T.);
#2382=ORIENTED_EDGE('',*,*,#1584,.T.);
#2383=ORIENTED_EDGE('',*,*,#1590,.T.);
#2384=PLANE('',#2612);
#2385=PLANE('',#2617);
#2386=PLANE('',#2622);
#2387=PLANE('',#2627);
#2388=PLANE('',#2632);
#2389=PLANE('',#2637);
#2390=PLANE('',#2642);
#2391=PLANE('',#2646);
#2392=PLANE('',#2651);
#2393=PLANE('',#2652);
#2394=PLANE('',#2658);
#2395=PLANE('',#2662);
#2396=PLANE('',#2663);
#2397=PLANE('',#2664);
#2398=PLANE('',#2665);
#2399=PLANE('',#2666);
#2400=PLANE('',#2671);
#2401=PLANE('',#2701);
#2402=PLANE('',#2702);
#2403=PLANE('',#2703);
#2404=PLANE('',#2704);
#2405=PLANE('',#2705);
#2406=PLANE('',#2706);
#2407=PLANE('',#2707);
#2408=PLANE('',#2708);
#2409=PLANE('',#2709);
#2410=PLANE('',#2710);
#2411=PLANE('',#2723);
#2412=PLANE('',#2724);
#2413=PLANE('',#2725);
#2414=PLANE('',#2726);
#2415=PLANE('',#2727);
#2416=PLANE('',#2728);
#2417=PLANE('',#2729);
#2418=PLANE('',#2734);
#2419=PLANE('',#2735);
#2420=PLANE('',#2736);
#2421=PLANE('',#2737);
#2422=PLANE('',#2738);
#2423=PLANE('',#2739);
#2424=PLANE('',#2740);
#2425=PLANE('',#2744);
#2426=PLANE('',#2747);
#2427=PLANE('',#2748);
#2428=PLANE('',#2749);
#2429=PLANE('',#2750);
#2430=PLANE('',#2751);
#2431=PLANE('',#2754);
#2432=PLANE('',#2755);
#2433=PLANE('',#2756);
#2434=PLANE('',#2757);
#2435=PLANE('',#2758);
#2436=PLANE('',#2759);
#2437=PLANE('',#2760);
#2438=PLANE('',#2762);
#2439=PLANE('',#2770);
#2440=PLANE('',#2771);
#2441=PLANE('',#2772);
#2442=PLANE('',#2773);
#2443=PLANE('',#2774);
#2444=PLANE('',#2775);
#2445=PLANE('',#2798);
#2446=PLANE('',#2805);
#2447=PLANE('',#2845);
#2448=PLANE('',#2846);
#2449=PLANE('',#2847);
#2450=PLANE('',#2850);
#2451=PLANE('',#2851);
#2452=PLANE('',#2852);
#2453=PLANE('',#2855);
#2454=PLANE('',#2856);
#2455=PLANE('',#2857);
#2456=PLANE('',#2858);
#2457=ADVANCED_FACE('',(#141),#2384,.T.);
#2458=ADVANCED_FACE('',(#142),#92,.F.);
#2459=ADVANCED_FACE('',(#143),#2385,.T.);
#2460=ADVANCED_FACE('',(#144),#93,.F.);
#2461=ADVANCED_FACE('',(#145),#2386,.T.);
#2462=ADVANCED_FACE('',(#146),#94,.F.);
#2463=ADVANCED_FACE('',(#147),#2387,.T.);
#2464=ADVANCED_FACE('',(#148),#95,.F.);
#2465=ADVANCED_FACE('',(#149,#25,#26,#27,#28),#2388,.F.);
#2466=ADVANCED_FACE('',(#150,#29,#30,#31,#32),#2389,.F.);
#2467=ADVANCED_FACE('',(#151),#2390,.F.);
#2468=ADVANCED_FACE('',(#152),#2391,.F.);
#2469=ADVANCED_FACE('',(#153),#2392,.F.);
#2470=ADVANCED_FACE('',(#154),#2393,.F.);
#2471=ADVANCED_FACE('',(#155),#96,.F.);
#2472=ADVANCED_FACE('',(#156),#2394,.T.);
#2473=ADVANCED_FACE('',(#157),#97,.F.);
#2474=ADVANCED_FACE('',(#158),#2395,.T.);
#2475=ADVANCED_FACE('',(#159),#2396,.T.);
#2476=ADVANCED_FACE('',(#160),#2397,.T.);
#2477=ADVANCED_FACE('',(#161),#2398,.T.);
#2478=ADVANCED_FACE('',(#162),#2399,.T.);
#2479=ADVANCED_FACE('',(#163),#15,.T.);
#2480=ADVANCED_FACE('',(#164,#33,#34,#35,#36,#37,#38,#39,#40,#41,#42),#2400,
 .T.);
#2481=ADVANCED_FACE('',(#165),#98,.T.);
#2482=ADVANCED_FACE('',(#166),#16,.T.);
#2483=ADVANCED_FACE('',(#167),#99,.T.);
#2484=ADVANCED_FACE('',(#168),#17,.T.);
#2485=ADVANCED_FACE('',(#169),#100,.T.);
#2486=ADVANCED_FACE('',(#170),#18,.T.);
#2487=ADVANCED_FACE('',(#171),#101,.T.);
#2488=ADVANCED_FACE('',(#172),#2401,.T.);
#2489=ADVANCED_FACE('',(#173),#2402,.T.);
#2490=ADVANCED_FACE('',(#174),#2403,.T.);
#2491=ADVANCED_FACE('',(#175),#2404,.T.);
#2492=ADVANCED_FACE('',(#176),#2405,.T.);
#2493=ADVANCED_FACE('',(#177),#2406,.T.);
#2494=ADVANCED_FACE('',(#178),#2407,.T.);
#2495=ADVANCED_FACE('',(#179),#2408,.T.);
#2496=ADVANCED_FACE('',(#180),#2409,.T.);
#2497=ADVANCED_FACE('',(#181),#2410,.T.);
#2498=ADVANCED_FACE('',(#182),#102,.F.);
#2499=ADVANCED_FACE('',(#183),#103,.F.);
#2500=ADVANCED_FACE('',(#184),#104,.F.);
#2501=ADVANCED_FACE('',(#185),#105,.F.);
#2502=ADVANCED_FACE('',(#186),#2411,.T.);
#2503=ADVANCED_FACE('',(#187),#2412,.T.);
#2504=ADVANCED_FACE('',(#188),#2413,.T.);
#2505=ADVANCED_FACE('',(#189),#2414,.T.);
#2506=ADVANCED_FACE('',(#190,#43),#2415,.F.);
#2507=ADVANCED_FACE('',(#191,#44),#2416,.F.);
#2508=ADVANCED_FACE('',(#192,#45),#2417,.F.);
#2509=ADVANCED_FACE('',(#193),#106,.F.);
#2510=ADVANCED_FACE('',(#194,#46),#2418,.F.);
#2511=ADVANCED_FACE('',(#195),#2419,.F.);
#2512=ADVANCED_FACE('',(#196),#2420,.T.);
#2513=ADVANCED_FACE('',(#197),#2421,.T.);
#2514=ADVANCED_FACE('',(#198),#2422,.F.);
#2515=ADVANCED_FACE('',(#199),#2423,.F.);
#2516=ADVANCED_FACE('',(#200),#2424,.F.);
#2517=ADVANCED_FACE('',(#201),#19,.F.);
#2518=ADVANCED_FACE('',(#202,#47),#2425,.F.);
#2519=ADVANCED_FACE('',(#203),#107,.F.);
#2520=ADVANCED_FACE('',(#204),#2426,.F.);
#2521=ADVANCED_FACE('',(#205),#2427,.F.);
#2522=ADVANCED_FACE('',(#206),#2428,.F.);
#2523=ADVANCED_FACE('',(#207),#2429,.F.);
#2524=ADVANCED_FACE('',(#208,#48,#49),#2430,.F.);
#2525=ADVANCED_FACE('',(#209),#2431,.F.);
#2526=ADVANCED_FACE('',(#210),#2432,.F.);
#2527=ADVANCED_FACE('',(#211),#2433,.F.);
#2528=ADVANCED_FACE('',(#212),#2434,.F.);
#2529=ADVANCED_FACE('',(#213),#2435,.F.);
#2530=ADVANCED_FACE('',(#214),#2436,.F.);
#2531=ADVANCED_FACE('',(#215),#2437,.F.);
#2532=ADVANCED_FACE('',(#216),#108,.F.);
#2533=ADVANCED_FACE('',(#217),#2438,.F.);
#2534=ADVANCED_FACE('',(#218,#50),#109,.F.);
#2535=ADVANCED_FACE('',(#219),#110,.F.);
#2536=ADVANCED_FACE('',(#220),#111,.F.);
#2537=ADVANCED_FACE('',(#221),#2439,.F.);
#2538=ADVANCED_FACE('',(#222),#2440,.F.);
#2539=ADVANCED_FACE('',(#223,#51,#52),#2441,.T.);
#2540=ADVANCED_FACE('',(#224),#2442,.F.);
#2541=ADVANCED_FACE('',(#225),#2443,.F.);
#2542=ADVANCED_FACE('',(#226),#2444,.F.);
#2543=ADVANCED_FACE('',(#227),#20,.F.);
#2544=ADVANCED_FACE('',(#228),#112,.F.);
#2545=ADVANCED_FACE('',(#229),#21,.F.);
#2546=ADVANCED_FACE('',(#230),#113,.F.);
#2547=ADVANCED_FACE('',(#231),#22,.F.);
#2548=ADVANCED_FACE('',(#232),#114,.F.);
#2549=ADVANCED_FACE('',(#233),#23,.F.);
#2550=ADVANCED_FACE('',(#234),#115,.F.);
#2551=ADVANCED_FACE('',(#235),#24,.F.);
#2552=ADVANCED_FACE('',(#236),#116,.F.);
#2553=ADVANCED_FACE('',(#237),#117,.F.);
#2554=ADVANCED_FACE('',(#238,#53,#54,#55,#56),#2445,.F.);
#2555=ADVANCED_FACE('',(#239),#118,.F.);
#2556=ADVANCED_FACE('',(#240),#119,.F.);
#2557=ADVANCED_FACE('',(#241),#2446,.F.);
#2558=ADVANCED_FACE('',(#242),#120,.F.);
#2559=ADVANCED_FACE('',(#243),#121,.F.);
#2560=ADVANCED_FACE('',(#244),#122,.F.);
#2561=ADVANCED_FACE('',(#245),#123,.F.);
#2562=ADVANCED_FACE('',(#246),#124,.F.);
#2563=ADVANCED_FACE('',(#247),#125,.F.);
#2564=ADVANCED_FACE('',(#248),#126,.F.);
#2565=ADVANCED_FACE('',(#249),#127,.F.);
#2566=ADVANCED_FACE('',(#250),#128,.F.);
#2567=ADVANCED_FACE('',(#251),#129,.F.);
#2568=ADVANCED_FACE('',(#252),#130,.F.);
#2569=ADVANCED_FACE('',(#253),#131,.F.);
#2570=ADVANCED_FACE('',(#254),#132,.F.);
#2571=ADVANCED_FACE('',(#255),#133,.F.);
#2572=ADVANCED_FACE('',(#256),#134,.T.);
#2573=ADVANCED_FACE('',(#257),#135,.T.);
#2574=ADVANCED_FACE('',(#258),#136,.T.);
#2575=ADVANCED_FACE('',(#259),#137,.T.);
#2576=ADVANCED_FACE('',(#260),#138,.T.);
#2577=ADVANCED_FACE('',(#261),#2447,.T.);
#2578=ADVANCED_FACE('',(#262,#57,#58,#59,#60),#2448,.T.);
#2579=ADVANCED_FACE('',(#263),#2449,.T.);
#2580=ADVANCED_FACE('',(#264),#139,.T.);
#2581=ADVANCED_FACE('',(#265),#2450,.T.);
#2582=ADVANCED_FACE('',(#266,#61,#62,#63,#64),#2451,.T.);
#2583=ADVANCED_FACE('',(#267),#2452,.T.);
#2584=ADVANCED_FACE('',(#268),#140,.T.);
#2585=ADVANCED_FACE('',(#269),#2453,.T.);
#2586=ADVANCED_FACE('',(#270,#65,#66,#67,#68),#2454,.T.);
#2587=ADVANCED_FACE('',(#271),#2455,.T.);
#2588=ADVANCED_FACE('',(#272,#69,#70,#71,#72,#73,#74,#75,#76,#77,#78,#79,
#80,#81,#82),#2456,.T.);
#2589=CLOSED_SHELL('',(#2457,#2458,#2459,#2460,#2461,#2462,#2463,#2464,
#2465,#2466,#2467,#2468,#2469,#2470,#2471,#2472,#2473,#2474,#2475,#2476,
#2477,#2478,#2479,#2480,#2481,#2482,#2483,#2484,#2485,#2486,#2487,#2488,
#2489,#2490,#2491,#2492,#2493,#2494,#2495,#2496,#2497,#2498,#2499,#2500,
#2501,#2502,#2503,#2504,#2505,#2506,#2507,#2508,#2509,#2510,#2511,#2512,
#2513,#2514,#2515,#2516,#2517,#2518,#2519,#2520,#2521,#2522,#2523,#2524,
#2525,#2526,#2527,#2528,#2529,#2530,#2531,#2532,#2533,#2534,#2535,#2536,
#2537,#2538,#2539,#2540,#2541,#2542,#2543,#2544,#2545,#2546,#2547,#2548,
#2549,#2550,#2551,#2552,#2553,#2554,#2555,#2556,#2557,#2558,#2559,#2560,
#2561,#2562,#2563,#2564,#2565,#2566,#2567,#2568,#2569,#2570,#2571,#2572,
#2573,#2574,#2575,#2576,#2577,#2578,#2579,#2580,#2581,#2582,#2583,#2584,
#2585,#2586,#2587,#2588));
#2590=DERIVED_UNIT_ELEMENT(#2593,1.);
#2591=DERIVED_UNIT_ELEMENT(#4511,-3.);
#2592=DIMENSIONAL_EXPONENTS(0.,1.,0.,0.,0.,0.,0.);
#2593=(
CONVERSION_BASED_UNIT('gram',#2595)
MASS_UNIT()
NAMED_UNIT(#2592)
);
#2594=(
MASS_UNIT()
NAMED_UNIT(*)
SI_UNIT(.KILO.,.GRAM.)
);
#2595=MASS_MEASURE_WITH_UNIT(MASS_MEASURE(0.001),#2594);
#2596=DERIVED_UNIT((#2590,#2591));
#2597=MEASURE_REPRESENTATION_ITEM('density measure',
POSITIVE_RATIO_MEASURE(1.06),#2596);
#2598=PROPERTY_DEFINITION_REPRESENTATION(#2603,#2600);
#2599=PROPERTY_DEFINITION_REPRESENTATION(#2604,#2601);
#2600=REPRESENTATION('material name',(#2602),#4508);
#2601=REPRESENTATION('density',(#2597),#4508);
#2602=DESCRIPTIVE_REPRESENTATION_ITEM('ABS Plastic','ABS Plastic');
#2603=PROPERTY_DEFINITION('material property','material name',#4518);
#2604=PROPERTY_DEFINITION('material property','density of part',#4518);
#2605=DATE_TIME_ROLE('creation_date');
#2606=APPLIED_DATE_AND_TIME_ASSIGNMENT(#2607,#2605,(#4518));
#2607=DATE_AND_TIME(#2608,#2609);
#2608=CALENDAR_DATE(2026,19,5);
#2609=LOCAL_TIME(0,0,0.,#2610);
#2610=COORDINATED_UNIVERSAL_TIME_OFFSET(0,0,.BEHIND.);
#2611=AXIS2_PLACEMENT_3D('',#3594,#2859,#2860);
#2612=AXIS2_PLACEMENT_3D('',#3595,#2861,#2862);
#2613=AXIS2_PLACEMENT_3D('',#3599,#2864,#2865);
#2614=AXIS2_PLACEMENT_3D('',#3600,#2866,#2867);
#2615=AXIS2_PLACEMENT_3D('',#3604,#2869,#2870);
#2616=AXIS2_PLACEMENT_3D('',#3634,#2871,#2872);
#2617=AXIS2_PLACEMENT_3D('',#3636,#2874,#2875);
#2618=AXIS2_PLACEMENT_3D('',#3640,#2877,#2878);
#2619=AXIS2_PLACEMENT_3D('',#3641,#2879,#2880);
#2620=AXIS2_PLACEMENT_3D('',#3645,#2882,#2883);
#2621=AXIS2_PLACEMENT_3D('',#3675,#2884,#2885);
#2622=AXIS2_PLACEMENT_3D('',#3677,#2887,#2888);
#2623=AXIS2_PLACEMENT_3D('',#3681,#2890,#2891);
#2624=AXIS2_PLACEMENT_3D('',#3682,#2892,#2893);
#2625=AXIS2_PLACEMENT_3D('',#3686,#2895,#2896);
#2626=AXIS2_PLACEMENT_3D('',#3716,#2897,#2898);
#2627=AXIS2_PLACEMENT_3D('',#3718,#2900,#2901);
#2628=AXIS2_PLACEMENT_3D('',#3722,#2903,#2904);
#2629=AXIS2_PLACEMENT_3D('',#3723,#2905,#2906);
#2630=AXIS2_PLACEMENT_3D('',#3727,#2908,#2909);
#2631=AXIS2_PLACEMENT_3D('',#3757,#2910,#2911);
#2632=AXIS2_PLACEMENT_3D('',#3759,#2913,#2914);
#2633=AXIS2_PLACEMENT_3D('',#3771,#2921,#2922);
#2634=AXIS2_PLACEMENT_3D('',#3773,#2923,#2924);
#2635=AXIS2_PLACEMENT_3D('',#3775,#2925,#2926);
#2636=AXIS2_PLACEMENT_3D('',#3777,#2927,#2928);
#2637=AXIS2_PLACEMENT_3D('',#3778,#2929,#2930);
#2638=AXIS2_PLACEMENT_3D('',#3790,#2937,#2938);
#2639=AXIS2_PLACEMENT_3D('',#3792,#2939,#2940);
#2640=AXIS2_PLACEMENT_3D('',#3794,#2941,#2942);
#2641=AXIS2_PLACEMENT_3D('',#3796,#2943,#2944);
#2642=AXIS2_PLACEMENT_3D('',#3797,#2945,#2946);
#2643=AXIS2_PLACEMENT_3D('',#3799,#2947,#2948);
#2644=AXIS2_PLACEMENT_3D('',#3805,#2951,#2952);
#2645=AXIS2_PLACEMENT_3D('',#3811,#2955,#2956);
#2646=AXIS2_PLACEMENT_3D('',#3815,#2959,#2960);
#2647=AXIS2_PLACEMENT_3D('',#3821,#2963,#2964);
#2648=AXIS2_PLACEMENT_3D('',#3829,#2968,#2969);
#2649=AXIS2_PLACEMENT_3D('',#3834,#2972,#2973);
#2650=AXIS2_PLACEMENT_3D('',#3837,#2975,#2976);
#2651=AXIS2_PLACEMENT_3D('',#3838,#2977,#2978);
#2652=AXIS2_PLACEMENT_3D('',#3840,#2980,#2981);
#2653=AXIS2_PLACEMENT_3D('',#3846,#2984,#2985);
#2654=AXIS2_PLACEMENT_3D('',#3857,#2991,#2992);
#2655=AXIS2_PLACEMENT_3D('',#3858,#2993,#2994);
#2656=AXIS2_PLACEMENT_3D('',#3860,#2995,#2996);
#2657=AXIS2_PLACEMENT_3D('',#3863,#2998,#2999);
#2658=AXIS2_PLACEMENT_3D('',#3864,#3000,#3001);
#2659=AXIS2_PLACEMENT_3D('',#3865,#3002,#3003);
#2660=AXIS2_PLACEMENT_3D('',#3867,#3004,#3005);
#2661=AXIS2_PLACEMENT_3D('',#3870,#3007,#3008);
#2662=AXIS2_PLACEMENT_3D('',#3871,#3009,#3010);
#2663=AXIS2_PLACEMENT_3D('',#3872,#3011,#3012);
#2664=AXIS2_PLACEMENT_3D('',#3881,#3017,#3018);
#2665=AXIS2_PLACEMENT_3D('',#3887,#3022,#3023);
#2666=AXIS2_PLACEMENT_3D('',#3896,#3028,#3029);
#2667=AXIS2_PLACEMENT_3D('',#3902,#3033,#3034);
#2668=AXIS2_PLACEMENT_3D('',#3904,#3035,#3036);
#2669=AXIS2_PLACEMENT_3D('',#3908,#3038,#3039);
#2670=AXIS2_PLACEMENT_3D('',#3909,#3040,#3041);
#2671=AXIS2_PLACEMENT_3D('',#3910,#3042,#3043);
#2672=AXIS2_PLACEMENT_3D('',#3920,#3048,#3049);
#2673=AXIS2_PLACEMENT_3D('',#3922,#3050,#3051);
#2674=AXIS2_PLACEMENT_3D('',#3925,#3053,#3054);
#2675=AXIS2_PLACEMENT_3D('',#3927,#3055,#3056);
#2676=AXIS2_PLACEMENT_3D('',#3932,#3060,#3061);
#2677=AXIS2_PLACEMENT_3D('',#3934,#3062,#3063);
#2678=AXIS2_PLACEMENT_3D('',#3936,#3064,#3065);
#2679=AXIS2_PLACEMENT_3D('',#3938,#3066,#3067);
#2680=AXIS2_PLACEMENT_3D('',#3957,#3076,#3077);
#2681=AXIS2_PLACEMENT_3D('',#3958,#3078,#3079);
#2682=AXIS2_PLACEMENT_3D('',#3960,#3080,#3081);
#2683=AXIS2_PLACEMENT_3D('',#3962,#3082,#3083);
#2684=AXIS2_PLACEMENT_3D('',#3963,#3084,#3085);
#2685=AXIS2_PLACEMENT_3D('',#3964,#3086,#3087);
#2686=AXIS2_PLACEMENT_3D('',#3966,#3088,#3089);
#2687=AXIS2_PLACEMENT_3D('',#3968,#3091,#3092);
#2688=AXIS2_PLACEMENT_3D('',#3972,#3094,#3095);
#2689=AXIS2_PLACEMENT_3D('',#3973,#3096,#3097);
#2690=AXIS2_PLACEMENT_3D('',#3974,#3098,#3099);
#2691=AXIS2_PLACEMENT_3D('',#3976,#3100,#3101);
#2692=AXIS2_PLACEMENT_3D('',#3978,#3103,#3104);
#2693=AXIS2_PLACEMENT_3D('',#3982,#3106,#3107);
#2694=AXIS2_PLACEMENT_3D('',#3983,#3108,#3109);
#2695=AXIS2_PLACEMENT_3D('',#3984,#3110,#3111);
#2696=AXIS2_PLACEMENT_3D('',#3986,#3112,#3113);
#2697=AXIS2_PLACEMENT_3D('',#3988,#3115,#3116);
#2698=AXIS2_PLACEMENT_3D('',#4007,#3117,#3118);
#2699=AXIS2_PLACEMENT_3D('',#4008,#3119,#3120);
#2700=AXIS2_PLACEMENT_3D('',#4012,#3122,#3123);
#2701=AXIS2_PLACEMENT_3D('',#4014,#3125,#3126);
#2702=AXIS2_PLACEMENT_3D('',#4020,#3130,#3131);
#2703=AXIS2_PLACEMENT_3D('',#4026,#3135,#3136);
#2704=AXIS2_PLACEMENT_3D('',#4032,#3140,#3141);
#2705=AXIS2_PLACEMENT_3D('',#4038,#3145,#3146);
#2706=AXIS2_PLACEMENT_3D('',#4044,#3150,#3151);
#2707=AXIS2_PLACEMENT_3D('',#4050,#3155,#3156);
#2708=AXIS2_PLACEMENT_3D('',#4056,#3160,#3161);
#2709=AXIS2_PLACEMENT_3D('',#4062,#3165,#3166);
#2710=AXIS2_PLACEMENT_3D('',#4065,#3169,#3170);
#2711=AXIS2_PLACEMENT_3D('',#4068,#3173,#3174);
#2712=AXIS2_PLACEMENT_3D('',#4070,#3175,#3176);
#2713=AXIS2_PLACEMENT_3D('',#4073,#3178,#3179);
#2714=AXIS2_PLACEMENT_3D('',#4074,#3180,#3181);
#2715=AXIS2_PLACEMENT_3D('',#4076,#3182,#3183);
#2716=AXIS2_PLACEMENT_3D('',#4079,#3185,#3186);
#2717=AXIS2_PLACEMENT_3D('',#4080,#3187,#3188);
#2718=AXIS2_PLACEMENT_3D('',#4082,#3189,#3190);
#2719=AXIS2_PLACEMENT_3D('',#4085,#3192,#3193);
#2720=AXIS2_PLACEMENT_3D('',#4086,#3194,#3195);
#2721=AXIS2_PLACEMENT_3D('',#4088,#3196,#3197);
#2722=AXIS2_PLACEMENT_3D('',#4091,#3199,#3200);
#2723=AXIS2_PLACEMENT_3D('',#4092,#3201,#3202);
#2724=AXIS2_PLACEMENT_3D('',#4093,#3203,#3204);
#2725=AXIS2_PLACEMENT_3D('',#4094,#3205,#3206);
#2726=AXIS2_PLACEMENT_3D('',#4095,#3207,#3208);
#2727=AXIS2_PLACEMENT_3D('',#4096,#3209,#3210);
#2728=AXIS2_PLACEMENT_3D('',#4097,#3211,#3212);
#2729=AXIS2_PLACEMENT_3D('',#4098,#3213,#3214);
#2730=AXIS2_PLACEMENT_3D('',#4099,#3215,#3216);
#2731=AXIS2_PLACEMENT_3D('',#4100,#3217,#3218);
#2732=AXIS2_PLACEMENT_3D('',#4102,#3219,#3220);
#2733=AXIS2_PLACEMENT_3D('',#4103,#3221,#3222);
#2734=AXIS2_PLACEMENT_3D('',#4104,#3223,#3224);
#2735=AXIS2_PLACEMENT_3D('',#4105,#3225,#3226);
#2736=AXIS2_PLACEMENT_3D('',#4108,#3229,#3230);
#2737=AXIS2_PLACEMENT_3D('',#4109,#3231,#3232);
#2738=AXIS2_PLACEMENT_3D('',#4110,#3233,#3234);
#2739=AXIS2_PLACEMENT_3D('',#4116,#3238,#3239);
#2740=AXIS2_PLACEMENT_3D('',#4122,#3243,#3244);
#2741=AXIS2_PLACEMENT_3D('',#4124,#3246,#3247);
#2742=AXIS2_PLACEMENT_3D('',#4126,#3248,#3249);
#2743=AXIS2_PLACEMENT_3D('',#4129,#3251,#3252);
#2744=AXIS2_PLACEMENT_3D('',#4130,#3253,#3254);
#2745=AXIS2_PLACEMENT_3D('',#4139,#3259,#3260);
#2746=AXIS2_PLACEMENT_3D('',#4142,#3262,#3263);
#2747=AXIS2_PLACEMENT_3D('',#4143,#3264,#3265);
#2748=AXIS2_PLACEMENT_3D('',#4152,#3270,#3271);
#2749=AXIS2_PLACEMENT_3D('',#4158,#3275,#3276);
#2750=AXIS2_PLACEMENT_3D('',#4164,#3280,#3281);
#2751=AXIS2_PLACEMENT_3D('',#4166,#3283,#3284);
#2752=AXIS2_PLACEMENT_3D('',#4177,#3290,#3291);
#2753=AXIS2_PLACEMENT_3D('',#4179,#3292,#3293);
#2754=AXIS2_PLACEMENT_3D('',#4180,#3294,#3295);
#2755=AXIS2_PLACEMENT_3D('',#4186,#3299,#3300);
#2756=AXIS2_PLACEMENT_3D('',#4192,#3304,#3305);
#2757=AXIS2_PLACEMENT_3D('',#4201,#3310,#3311);
#2758=AXIS2_PLACEMENT_3D('',#4204,#3314,#3315);
#2759=AXIS2_PLACEMENT_3D('',#4217,#3322,#3323);
#2760=AXIS2_PLACEMENT_3D('',#4221,#3327,#3328);
#2761=AXIS2_PLACEMENT_3D('',#4223,#3330,#3331);
#2762=AXIS2_PLACEMENT_3D('',#4246,#3332,#3333);
#2763=AXIS2_PLACEMENT_3D('',#4253,#3338,#3339);
#2764=AXIS2_PLACEMENT_3D('',#4254,#3340,#3341);
#2765=AXIS2_PLACEMENT_3D('',#4255,#3342,#3343);
#2766=AXIS2_PLACEMENT_3D('',#4298,#3344,#3345);
#2767=AXIS2_PLACEMENT_3D('',#4301,#3347,#3348);
#2768=AXIS2_PLACEMENT_3D('',#4302,#3349,#3350);
#2769=AXIS2_PLACEMENT_3D('',#4305,#3352,#3353);
#2770=AXIS2_PLACEMENT_3D('',#4306,#3354,#3355);
#2771=AXIS2_PLACEMENT_3D('',#4308,#3357,#3358);
#2772=AXIS2_PLACEMENT_3D('',#4312,#3361,#3362);
#2773=AXIS2_PLACEMENT_3D('',#4322,#3369,#3370);
#2774=AXIS2_PLACEMENT_3D('',#4324,#3372,#3373);
#2775=AXIS2_PLACEMENT_3D('',#4325,#3374,#3375);
#2776=AXIS2_PLACEMENT_3D('',#4326,#3376,#3377);
#2777=AXIS2_PLACEMENT_3D('',#4329,#3379,#3380);
#2778=AXIS2_PLACEMENT_3D('',#4330,#3381,#3382);
#2779=AXIS2_PLACEMENT_3D('',#4333,#3384,#3385);
#2780=AXIS2_PLACEMENT_3D('',#4334,#3386,#3387);
#2781=AXIS2_PLACEMENT_3D('',#4337,#3389,#3390);
#2782=AXIS2_PLACEMENT_3D('',#4338,#3391,#3392);
#2783=AXIS2_PLACEMENT_3D('',#4341,#3394,#3395);
#2784=AXIS2_PLACEMENT_3D('',#4342,#3396,#3397);
#2785=AXIS2_PLACEMENT_3D('',#4345,#3399,#3400);
#2786=AXIS2_PLACEMENT_3D('',#4346,#3401,#3402);
#2787=AXIS2_PLACEMENT_3D('',#4349,#3404,#3405);
#2788=AXIS2_PLACEMENT_3D('',#4350,#3406,#3407);
#2789=AXIS2_PLACEMENT_3D('',#4353,#3409,#3410);
#2790=AXIS2_PLACEMENT_3D('',#4354,#3411,#3412);
#2791=AXIS2_PLACEMENT_3D('',#4357,#3414,#3415);
#2792=AXIS2_PLACEMENT_3D('',#4358,#3416,#3417);
#2793=AXIS2_PLACEMENT_3D('',#4361,#3419,#3420);
#2794=AXIS2_PLACEMENT_3D('',#4362,#3421,#3422);
#2795=AXIS2_PLACEMENT_3D('',#4365,#3424,#3425);
#2796=AXIS2_PLACEMENT_3D('',#4366,#3426,#3427);
#2797=AXIS2_PLACEMENT_3D('',#4369,#3429,#3430);
#2798=AXIS2_PLACEMENT_3D('',#4370,#3431,#3432);
#2799=AXIS2_PLACEMENT_3D('',#4374,#3435,#3436);
#2800=AXIS2_PLACEMENT_3D('',#4376,#3437,#3438);
#2801=AXIS2_PLACEMENT_3D('',#4378,#3439,#3440);
#2802=AXIS2_PLACEMENT_3D('',#4380,#3441,#3442);
#2803=AXIS2_PLACEMENT_3D('',#4381,#3443,#3444);
#2804=AXIS2_PLACEMENT_3D('',#4382,#3445,#3446);
#2805=AXIS2_PLACEMENT_3D('',#4384,#3448,#3449);
#2806=AXIS2_PLACEMENT_3D('',#4387,#3452,#3453);
#2807=AXIS2_PLACEMENT_3D('',#4388,#3454,#3455);
#2808=AXIS2_PLACEMENT_3D('',#4389,#3456,#3457);
#2809=AXIS2_PLACEMENT_3D('',#4391,#3458,#3459);
#2810=AXIS2_PLACEMENT_3D('',#4393,#3461,#3462);
#2811=AXIS2_PLACEMENT_3D('',#4395,#3463,#3464);
#2812=AXIS2_PLACEMENT_3D('',#4397,#3466,#3467);
#2813=AXIS2_PLACEMENT_3D('',#4399,#3468,#3469);
#2814=AXIS2_PLACEMENT_3D('',#4401,#3471,#3472);
#2815=AXIS2_PLACEMENT_3D('',#4403,#3473,#3474);
#2816=AXIS2_PLACEMENT_3D('',#4405,#3476,#3477);
#2817=AXIS2_PLACEMENT_3D('',#4407,#3478,#3479);
#2818=AXIS2_PLACEMENT_3D('',#4409,#3481,#3482);
#2819=AXIS2_PLACEMENT_3D('',#4411,#3483,#3484);
#2820=AXIS2_PLACEMENT_3D('',#4413,#3486,#3487);
#2821=AXIS2_PLACEMENT_3D('',#4415,#3488,#3489);
#2822=AXIS2_PLACEMENT_3D('',#4417,#3491,#3492);
#2823=AXIS2_PLACEMENT_3D('',#4419,#3493,#3494);
#2824=AXIS2_PLACEMENT_3D('',#4421,#3496,#3497);
#2825=AXIS2_PLACEMENT_3D('',#4423,#3498,#3499);
#2826=AXIS2_PLACEMENT_3D('',#4425,#3501,#3502);
#2827=AXIS2_PLACEMENT_3D('',#4427,#3503,#3504);
#2828=AXIS2_PLACEMENT_3D('',#4429,#3506,#3507);
#2829=AXIS2_PLACEMENT_3D('',#4431,#3508,#3509);
#2830=AXIS2_PLACEMENT_3D('',#4433,#3511,#3512);
#2831=AXIS2_PLACEMENT_3D('',#4435,#3513,#3514);
#2832=AXIS2_PLACEMENT_3D('',#4437,#3516,#3517);
#2833=AXIS2_PLACEMENT_3D('',#4439,#3518,#3519);
#2834=AXIS2_PLACEMENT_3D('',#4441,#3520,#3521);
#2835=AXIS2_PLACEMENT_3D('',#4443,#3523,#3524);
#2836=AXIS2_PLACEMENT_3D('',#4445,#3525,#3526);
#2837=AXIS2_PLACEMENT_3D('',#4448,#3528,#3529);
#2838=AXIS2_PLACEMENT_3D('',#4449,#3530,#3531);
#2839=AXIS2_PLACEMENT_3D('',#4451,#3532,#3533);
#2840=AXIS2_PLACEMENT_3D('',#4454,#3535,#3536);
#2841=AXIS2_PLACEMENT_3D('',#4455,#3537,#3538);
#2842=AXIS2_PLACEMENT_3D('',#4458,#3540,#3541);
#2843=AXIS2_PLACEMENT_3D('',#4459,#3542,#3543);
#2844=AXIS2_PLACEMENT_3D('',#4461,#3544,#3545);
#2845=AXIS2_PLACEMENT_3D('',#4463,#3547,#3548);
#2846=AXIS2_PLACEMENT_3D('',#4467,#3551,#3552);
#2847=AXIS2_PLACEMENT_3D('',#4471,#3555,#3556);
#2848=AXIS2_PLACEMENT_3D('',#4475,#3559,#3560);
#2849=AXIS2_PLACEMENT_3D('',#4477,#3561,#3562);
#2850=AXIS2_PLACEMENT_3D('',#4479,#3564,#3565);
#2851=AXIS2_PLACEMENT_3D('',#4483,#3568,#3569);
#2852=AXIS2_PLACEMENT_3D('',#4487,#3572,#3573);
#2853=AXIS2_PLACEMENT_3D('',#4491,#3576,#3577);
#2854=AXIS2_PLACEMENT_3D('',#4493,#3578,#3579);
#2855=AXIS2_PLACEMENT_3D('',#4495,#3581,#3582);
#2856=AXIS2_PLACEMENT_3D('',#4499,#3585,#3586);
#2857=AXIS2_PLACEMENT_3D('',#4503,#3589,#3590);
#2858=AXIS2_PLACEMENT_3D('',#4505,#3592,#3593);
#2859=DIRECTION('axis',(0.,0.,1.));
#2860=DIRECTION('refdir',(1.,0.,0.));
#2861=DIRECTION('center_axis',(0.,0.,-1.));
#2862=DIRECTION('ref_axis',(-1.,0.,0.));
#2863=DIRECTION('',(-1.,2.0231854662873E-16,0.));
#2864=DIRECTION('center_axis',(0.,0.,1.));
#2865=DIRECTION('ref_axis',(-1.,0.,0.));
#2866=DIRECTION('center_axis',(0.,0.,1.));
#2867=DIRECTION('ref_axis',(1.83697019872103E-16,-1.,0.));
#2868=DIRECTION('',(0.,0.,1.));
#2869=DIRECTION('center_axis',(0.,0.,1.));
#2870=DIRECTION('ref_axis',(-1.,0.,0.));
#2871=DIRECTION('center_axis',(0.,0.,1.));
#2872=DIRECTION('ref_axis',(-1.,0.,0.));
#2873=DIRECTION('',(0.,0.,-1.));
#2874=DIRECTION('center_axis',(0.,0.,-1.));
#2875=DIRECTION('ref_axis',(-1.,0.,0.));
#2876=DIRECTION('',(1.,-2.0231854662873E-16,0.));
#2877=DIRECTION('center_axis',(0.,0.,1.));
#2878=DIRECTION('ref_axis',(-1.,0.,0.));
#2879=DIRECTION('center_axis',(0.,0.,1.));
#2880=DIRECTION('ref_axis',(-6.12323399573677E-17,1.,0.));
#2881=DIRECTION('',(0.,0.,1.));
#2882=DIRECTION('center_axis',(0.,0.,1.));
#2883=DIRECTION('ref_axis',(-1.,0.,0.));
#2884=DIRECTION('center_axis',(0.,0.,1.));
#2885=DIRECTION('ref_axis',(-1.,0.,0.));
#2886=DIRECTION('',(0.,0.,-1.));
#2887=DIRECTION('center_axis',(0.,0.,-1.));
#2888=DIRECTION('ref_axis',(-1.,0.,0.));
#2889=DIRECTION('',(-1.,2.0231854662873E-16,0.));
#2890=DIRECTION('center_axis',(0.,0.,1.));
#2891=DIRECTION('ref_axis',(-1.,0.,0.));
#2892=DIRECTION('center_axis',(0.,0.,1.));
#2893=DIRECTION('ref_axis',(1.83697019872103E-16,-1.,0.));
#2894=DIRECTION('',(0.,0.,1.));
#2895=DIRECTION('center_axis',(0.,0.,1.));
#2896=DIRECTION('ref_axis',(-1.,0.,0.));
#2897=DIRECTION('center_axis',(0.,0.,1.));
#2898=DIRECTION('ref_axis',(-1.,0.,0.));
#2899=DIRECTION('',(0.,0.,-1.));
#2900=DIRECTION('center_axis',(0.,0.,-1.));
#2901=DIRECTION('ref_axis',(-1.,0.,0.));
#2902=DIRECTION('',(1.,-2.0231854662873E-16,0.));
#2903=DIRECTION('center_axis',(0.,0.,1.));
#2904=DIRECTION('ref_axis',(-1.,0.,0.));
#2905=DIRECTION('center_axis',(0.,0.,1.));
#2906=DIRECTION('ref_axis',(-6.12323399573677E-17,1.,0.));
#2907=DIRECTION('',(0.,0.,1.));
#2908=DIRECTION('center_axis',(0.,0.,1.));
#2909=DIRECTION('ref_axis',(-1.,0.,0.));
#2910=DIRECTION('center_axis',(0.,0.,1.));
#2911=DIRECTION('ref_axis',(-1.,0.,0.));
#2912=DIRECTION('',(0.,0.,-1.));
#2913=DIRECTION('center_axis',(-2.0231854662873E-16,-1.,0.));
#2914=DIRECTION('ref_axis',(1.,-2.0231854662873E-16,0.));
#2915=DIRECTION('',(1.,-2.0231854662873E-16,0.));
#2916=DIRECTION('',(0.,0.,1.));
#2917=DIRECTION('',(1.,-2.0231854662873E-16,0.));
#2918=DIRECTION('',(0.,0.,1.));
#2919=DIRECTION('',(1.,-2.0231854662873E-16,0.));
#2920=DIRECTION('',(1.,-2.0231854662873E-16,0.));
#2921=DIRECTION('center_axis',(2.0231854662873E-16,1.,0.));
#2922=DIRECTION('ref_axis',(1.,0.,0.));
#2923=DIRECTION('center_axis',(2.0231854662873E-16,1.,0.));
#2924=DIRECTION('ref_axis',(1.,0.,0.));
#2925=DIRECTION('center_axis',(2.0231854662873E-16,1.,0.));
#2926=DIRECTION('ref_axis',(1.,0.,0.));
#2927=DIRECTION('center_axis',(2.0231854662873E-16,1.,0.));
#2928=DIRECTION('ref_axis',(1.,0.,0.));
#2929=DIRECTION('center_axis',(2.0231854662873E-16,1.,0.));
#2930=DIRECTION('ref_axis',(-1.,2.0231854662873E-16,0.));
#2931=DIRECTION('',(-1.,2.0231854662873E-16,0.));
#2932=DIRECTION('',(0.,0.,1.));
#2933=DIRECTION('',(-1.,2.0231854662873E-16,0.));
#2934=DIRECTION('',(0.,0.,1.));
#2935=DIRECTION('',(-1.,2.0231854662873E-16,0.));
#2936=DIRECTION('',(-1.,2.0231854662873E-16,0.));
#2937=DIRECTION('center_axis',(-2.0231854662873E-16,-1.,0.));
#2938=DIRECTION('ref_axis',(1.,0.,0.));
#2939=DIRECTION('center_axis',(-2.0231854662873E-16,-1.,0.));
#2940=DIRECTION('ref_axis',(1.,0.,0.));
#2941=DIRECTION('center_axis',(-2.0231854662873E-16,-1.,0.));
#2942=DIRECTION('ref_axis',(1.,2.22044604925031E-16,0.));
#2943=DIRECTION('center_axis',(-2.0231854662873E-16,-1.,0.));
#2944=DIRECTION('ref_axis',(1.,2.22044604925031E-16,0.));
#2945=DIRECTION('center_axis',(0.,0.,1.));
#2946=DIRECTION('ref_axis',(1.,0.,0.));
#2947=DIRECTION('center_axis',(0.,0.,1.));
#2948=DIRECTION('ref_axis',(-1.,1.48029736616688E-15,0.));
#2949=DIRECTION('',(-4.90164690783733E-16,-1.,0.));
#2950=DIRECTION('',(-1.,0.,0.));
#2951=DIRECTION('center_axis',(0.,0.,1.));
#2952=DIRECTION('ref_axis',(-1.,0.,0.));
#2953=DIRECTION('',(-1.,0.,0.));
#2954=DIRECTION('',(0.,-1.,0.));
#2955=DIRECTION('center_axis',(0.,0.,1.));
#2956=DIRECTION('ref_axis',(-0.231623418140352,0.972805526386944,0.));
#2957=DIRECTION('',(1.00317183011531E-13,1.,0.));
#2958=DIRECTION('',(-1.,-1.96793672475546E-16,0.));
#2959=DIRECTION('center_axis',(0.,0.,1.));
#2960=DIRECTION('ref_axis',(1.,0.,0.));
#2961=DIRECTION('',(-1.,-1.96793672475546E-16,0.));
#2962=DIRECTION('',(-1.00317183011356E-13,-1.,0.));
#2963=DIRECTION('center_axis',(0.,0.,1.));
#2964=DIRECTION('ref_axis',(0.972805526386899,0.231623418140543,0.));
#2965=DIRECTION('',(1.,-1.20380619613878E-13,0.));
#2966=DIRECTION('',(0.,1.,0.));
#2967=DIRECTION('',(-1.,-5.81839661468055E-13,0.));
#2968=DIRECTION('center_axis',(0.,0.,1.));
#2969=DIRECTION('ref_axis',(0.231623418142272,-0.972805526386487,0.));
#2970=DIRECTION('',(-9.69732769114807E-14,-1.,0.));
#2971=DIRECTION('',(1.,0.,0.));
#2972=DIRECTION('center_axis',(0.,0.,1.));
#2973=DIRECTION('ref_axis',(1.,-1.48029736616687E-15,0.));
#2974=DIRECTION('',(3.92131752626987E-16,1.,0.));
#2975=DIRECTION('center_axis',(0.,0.,1.));
#2976=DIRECTION('ref_axis',(0.,1.,0.));
#2977=DIRECTION('center_axis',(0.,0.,1.));
#2978=DIRECTION('ref_axis',(1.,0.,0.));
#2979=DIRECTION('',(-1.,-1.96793672475546E-16,0.));
#2980=DIRECTION('center_axis',(0.,0.,1.));
#2981=DIRECTION('ref_axis',(1.,0.,0.));
#2982=DIRECTION('',(1.,0.,0.));
#2983=DIRECTION('',(-4.74834666252113E-13,1.,0.));
#2984=DIRECTION('center_axis',(0.,0.,1.));
#2985=DIRECTION('ref_axis',(-1.,0.,0.));
#2986=DIRECTION('',(0.,-1.,0.));
#2987=DIRECTION('',(1.,0.,0.));
#2988=DIRECTION('',(0.,1.,0.));
#2989=DIRECTION('',(1.,0.,0.));
#2990=DIRECTION('',(-4.90164690783733E-16,-1.,0.));
#2991=DIRECTION('center_axis',(0.,0.,1.));
#2992=DIRECTION('ref_axis',(-2.96059473233374E-15,-1.,0.));
#2993=DIRECTION('center_axis',(1.,0.,0.));
#2994=DIRECTION('ref_axis',(0.,0.,1.));
#2995=DIRECTION('center_axis',(1.,0.,0.));
#2996=DIRECTION('ref_axis',(0.,0.,1.));
#2997=DIRECTION('',(1.,0.,0.));
#2998=DIRECTION('center_axis',(1.,0.,0.));
#2999=DIRECTION('ref_axis',(0.,0.,1.));
#3000=DIRECTION('center_axis',(-1.,0.,0.));
#3001=DIRECTION('ref_axis',(0.,0.,1.));
#3002=DIRECTION('center_axis',(1.,0.,0.));
#3003=DIRECTION('ref_axis',(0.,0.,1.));
#3004=DIRECTION('center_axis',(1.,0.,0.));
#3005=DIRECTION('ref_axis',(0.,0.,1.));
#3006=DIRECTION('',(1.,0.,0.));
#3007=DIRECTION('center_axis',(1.,0.,0.));
#3008=DIRECTION('ref_axis',(0.,0.,1.));
#3009=DIRECTION('center_axis',(-1.,0.,0.));
#3010=DIRECTION('ref_axis',(0.,0.,1.));
#3011=DIRECTION('center_axis',(-1.25607396694701E-16,-0.707106781186544,
-0.707106781186551));
#3012=DIRECTION('ref_axis',(-1.,0.,1.77635683940023E-16));
#3013=DIRECTION('',(0.,0.707106781186551,-0.707106781186544));
#3014=DIRECTION('',(1.,-1.77635683940025E-16,0.));
#3015=DIRECTION('',(0.,-0.707106781186551,0.707106781186544));
#3016=DIRECTION('',(-1.,1.77635683940025E-16,0.));
#3017=DIRECTION('center_axis',(-1.77635683940025E-16,-1.,0.));
#3018=DIRECTION('ref_axis',(-1.,1.77635683940025E-16,0.));
#3019=DIRECTION('',(0.,0.,-1.));
#3020=DIRECTION('',(-1.,1.77635683940025E-16,0.));
#3021=DIRECTION('',(0.,0.,-1.));
#3022=DIRECTION('center_axis',(1.25607396694702E-16,0.707106781186549,-0.707106781186546));
#3023=DIRECTION('ref_axis',(-1.,0.,-1.77635683940026E-16));
#3024=DIRECTION('',(0.,-0.707106781186546,-0.707106781186549));
#3025=DIRECTION('',(-1.,1.77635683940025E-16,0.));
#3026=DIRECTION('',(0.,0.707106781186546,0.707106781186549));
#3027=DIRECTION('',(1.,-1.77635683940025E-16,0.));
#3028=DIRECTION('center_axis',(1.77635683940025E-16,1.,0.));
#3029=DIRECTION('ref_axis',(1.,-1.77635683940025E-16,0.));
#3030=DIRECTION('',(0.,0.,-1.));
#3031=DIRECTION('',(1.,-1.77635683940025E-16,0.));
#3032=DIRECTION('',(0.,0.,-1.));
#3033=DIRECTION('center_axis',(0.,0.,1.));
#3034=DIRECTION('ref_axis',(1.,0.,0.));
#3035=DIRECTION('center_axis',(0.,0.,-1.));
#3036=DIRECTION('ref_axis',(1.,0.,0.));
#3037=DIRECTION('',(0.707106781186548,8.65956056235493E-17,-0.707106781186548));
#3038=DIRECTION('center_axis',(0.,0.,1.));
#3039=DIRECTION('ref_axis',(1.,0.,0.));
#3040=DIRECTION('center_axis',(0.,0.,1.));
#3041=DIRECTION('ref_axis',(1.,0.,0.));
#3042=DIRECTION('center_axis',(0.,0.,-1.));
#3043=DIRECTION('ref_axis',(-1.,0.,0.));
#3044=DIRECTION('',(1.,-5.2245789394125E-16,0.));
#3045=DIRECTION('',(2.22044604925031E-16,1.,0.));
#3046=DIRECTION('',(-1.,1.30614473485313E-16,0.));
#3047=DIRECTION('',(-4.90164690783733E-16,-1.,0.));
#3048=DIRECTION('center_axis',(0.,0.,1.));
#3049=DIRECTION('ref_axis',(-1.,1.48029736616688E-15,0.));
#3050=DIRECTION('center_axis',(0.,0.,1.));
#3051=DIRECTION('ref_axis',(0.,1.,0.));
#3052=DIRECTION('',(3.92131752626987E-16,1.,0.));
#3053=DIRECTION('center_axis',(0.,0.,1.));
#3054=DIRECTION('ref_axis',(1.,-1.48029736616687E-15,0.));
#3055=DIRECTION('center_axis',(0.,0.,1.));
#3056=DIRECTION('ref_axis',(-2.96059473233374E-15,-1.,0.));
#3057=DIRECTION('',(-4.90164690783733E-16,-1.,0.));
#3058=DIRECTION('',(0.,1.,0.));
#3059=DIRECTION('',(0.,-1.,0.));
#3060=DIRECTION('center_axis',(0.,0.,-1.));
#3061=DIRECTION('ref_axis',(-1.,0.,0.));
#3062=DIRECTION('center_axis',(0.,0.,-1.));
#3063=DIRECTION('ref_axis',(-1.,0.,0.));
#3064=DIRECTION('center_axis',(0.,0.,-1.));
#3065=DIRECTION('ref_axis',(-1.,0.,0.));
#3066=DIRECTION('center_axis',(0.,0.,-1.));
#3067=DIRECTION('ref_axis',(-1.,0.,0.));
#3068=DIRECTION('',(1.,0.,0.));
#3069=DIRECTION('',(-3.70074341541719E-16,-1.,0.));
#3070=DIRECTION('',(-1.,0.,0.));
#3071=DIRECTION('',(7.40148683083438E-16,1.,0.));
#3072=DIRECTION('',(1.,0.,0.));
#3073=DIRECTION('',(0.,-1.,0.));
#3074=DIRECTION('',(-1.,0.,0.));
#3075=DIRECTION('',(3.70074341541719E-16,1.,0.));
#3076=DIRECTION('center_axis',(0.,0.,-1.));
#3077=DIRECTION('ref_axis',(1.,0.,0.));
#3078=DIRECTION('center_axis',(0.,0.,-1.));
#3079=DIRECTION('ref_axis',(-1.,0.,0.));
#3080=DIRECTION('center_axis',(0.,0.,-1.));
#3081=DIRECTION('ref_axis',(1.,0.,0.));
#3082=DIRECTION('center_axis',(0.,0.,-1.));
#3083=DIRECTION('ref_axis',(1.,0.,0.));
#3084=DIRECTION('center_axis',(0.,0.,-1.));
#3085=DIRECTION('ref_axis',(1.,0.,0.));
#3086=DIRECTION('center_axis',(0.,0.,-1.));
#3087=DIRECTION('ref_axis',(-1.,0.,0.));
#3088=DIRECTION('center_axis',(0.,0.,-1.));
#3089=DIRECTION('ref_axis',(-1.,0.,0.));
#3090=DIRECTION('',(0.,0.,1.));
#3091=DIRECTION('center_axis',(0.,0.,1.));
#3092=DIRECTION('ref_axis',(1.,0.,0.));
#3093=DIRECTION('',(0.707106781186548,8.65956056235493E-17,-0.707106781186548));
#3094=DIRECTION('center_axis',(0.,0.,1.));
#3095=DIRECTION('ref_axis',(1.,0.,0.));
#3096=DIRECTION('center_axis',(0.,0.,1.));
#3097=DIRECTION('ref_axis',(1.,0.,0.));
#3098=DIRECTION('center_axis',(0.,0.,-1.));
#3099=DIRECTION('ref_axis',(-1.,0.,0.));
#3100=DIRECTION('center_axis',(0.,0.,-1.));
#3101=DIRECTION('ref_axis',(-1.,0.,0.));
#3102=DIRECTION('',(0.,0.,1.));
#3103=DIRECTION('center_axis',(0.,0.,1.));
#3104=DIRECTION('ref_axis',(1.,0.,0.));
#3105=DIRECTION('',(0.707106781186548,8.65956056235493E-17,-0.707106781186548));
#3106=DIRECTION('center_axis',(0.,0.,1.));
#3107=DIRECTION('ref_axis',(1.,0.,0.));
#3108=DIRECTION('center_axis',(0.,0.,1.));
#3109=DIRECTION('ref_axis',(1.,0.,0.));
#3110=DIRECTION('center_axis',(0.,0.,-1.));
#3111=DIRECTION('ref_axis',(-1.,0.,0.));
#3112=DIRECTION('center_axis',(0.,0.,-1.));
#3113=DIRECTION('ref_axis',(-1.,0.,0.));
#3114=DIRECTION('',(0.,0.,1.));
#3115=DIRECTION('center_axis',(0.,0.,1.));
#3116=DIRECTION('ref_axis',(1.,0.,0.));
#3117=DIRECTION('center_axis',(0.,0.,1.));
#3118=DIRECTION('ref_axis',(1.,0.,0.));
#3119=DIRECTION('center_axis',(0.,0.,-1.));
#3120=DIRECTION('ref_axis',(0.972387301982021,-0.233372952469059,0.));
#3121=DIRECTION('',(0.,0.,-1.));
#3122=DIRECTION('center_axis',(0.,0.,-1.));
#3123=DIRECTION('ref_axis',(-1.,0.,0.));
#3124=DIRECTION('',(0.,0.,-1.));
#3125=DIRECTION('center_axis',(-0.707106781186547,2.61682076447296E-16,
-0.707106781186548));
#3126=DIRECTION('ref_axis',(-0.707106781186548,0.,0.707106781186547));
#3127=DIRECTION('',(0.707106781186548,0.,-0.707106781186547));
#3128=DIRECTION('',(-3.70074341541719E-16,-1.,0.));
#3129=DIRECTION('',(-0.707106781186548,0.,0.707106781186547));
#3130=DIRECTION('center_axis',(-1.,3.70074341541719E-16,0.));
#3131=DIRECTION('ref_axis',(3.70074341541719E-16,1.,0.));
#3132=DIRECTION('',(0.,0.,-1.));
#3133=DIRECTION('',(3.70074341541719E-16,1.,0.));
#3134=DIRECTION('',(0.,0.,-1.));
#3135=DIRECTION('center_axis',(-0.707106781186547,5.23364152894591E-16,
-0.707106781186548));
#3136=DIRECTION('ref_axis',(-0.707106781186548,0.,0.707106781186547));
#3137=DIRECTION('',(0.707106781186548,0.,-0.707106781186547));
#3138=DIRECTION('',(-7.40148683083438E-16,-1.,0.));
#3139=DIRECTION('',(-0.707106781186548,0.,0.707106781186547));
#3140=DIRECTION('center_axis',(-1.,7.40148683083438E-16,0.));
#3141=DIRECTION('ref_axis',(7.40148683083438E-16,1.,0.));
#3142=DIRECTION('',(0.,0.,-1.));
#3143=DIRECTION('',(7.40148683083438E-16,1.,0.));
#3144=DIRECTION('',(0.,0.,-1.));
#3145=DIRECTION('center_axis',(0.707106781186548,-2.61682076447296E-16,
-0.707106781186548));
#3146=DIRECTION('ref_axis',(-0.707106781186548,0.,-0.707106781186548));
#3147=DIRECTION('',(-0.707106781186548,0.,-0.707106781186548));
#3148=DIRECTION('',(3.70074341541719E-16,1.,0.));
#3149=DIRECTION('',(0.707106781186548,0.,0.707106781186548));
#3150=DIRECTION('center_axis',(1.,-3.70074341541719E-16,0.));
#3151=DIRECTION('ref_axis',(-3.70074341541719E-16,-1.,0.));
#3152=DIRECTION('',(0.,0.,-1.));
#3153=DIRECTION('',(-3.70074341541719E-16,-1.,0.));
#3154=DIRECTION('',(0.,0.,-1.));
#3155=DIRECTION('center_axis',(0.707106781186548,0.,-0.707106781186548));
#3156=DIRECTION('ref_axis',(-0.707106781186548,0.,-0.707106781186548));
#3157=DIRECTION('',(-0.707106781186548,0.,-0.707106781186548));
#3158=DIRECTION('',(0.,1.,0.));
#3159=DIRECTION('',(0.707106781186548,0.,0.707106781186548));
#3160=DIRECTION('center_axis',(1.,0.,0.));
#3161=DIRECTION('ref_axis',(0.,-1.,0.));
#3162=DIRECTION('',(0.,0.,-1.));
#3163=DIRECTION('',(0.,-1.,0.));
#3164=DIRECTION('',(0.,0.,-1.));
#3165=DIRECTION('center_axis',(0.,0.,-1.));
#3166=DIRECTION('ref_axis',(-1.,0.,0.));
#3167=DIRECTION('',(-1.,0.,0.));
#3168=DIRECTION('',(1.,0.,0.));
#3169=DIRECTION('center_axis',(0.,0.,-1.));
#3170=DIRECTION('ref_axis',(-1.,0.,0.));
#3171=DIRECTION('',(-1.,0.,0.));
#3172=DIRECTION('',(1.,0.,0.));
#3173=DIRECTION('center_axis',(0.,0.,1.));
#3174=DIRECTION('ref_axis',(-0.972387301982021,0.233372952469059,0.));
#3175=DIRECTION('center_axis',(0.,0.,1.));
#3176=DIRECTION('ref_axis',(-0.972387301982021,0.233372952469059,0.));
#3177=DIRECTION('',(0.,0.,1.));
#3178=DIRECTION('center_axis',(0.,0.,-1.));
#3179=DIRECTION('ref_axis',(-0.972387301982021,0.233372952469059,0.));
#3180=DIRECTION('center_axis',(0.,0.,1.));
#3181=DIRECTION('ref_axis',(-0.972387301982021,0.233372952469059,0.));
#3182=DIRECTION('center_axis',(0.,0.,1.));
#3183=DIRECTION('ref_axis',(-0.972387301982021,0.233372952469059,0.));
#3184=DIRECTION('',(0.,0.,1.));
#3185=DIRECTION('center_axis',(0.,0.,-1.));
#3186=DIRECTION('ref_axis',(-0.972387301982021,0.233372952469059,0.));
#3187=DIRECTION('center_axis',(0.,0.,1.));
#3188=DIRECTION('ref_axis',(-0.972387301982021,0.233372952469059,0.));
#3189=DIRECTION('center_axis',(0.,0.,1.));
#3190=DIRECTION('ref_axis',(-0.972387301982021,0.233372952469059,0.));
#3191=DIRECTION('',(0.,0.,1.));
#3192=DIRECTION('center_axis',(0.,0.,-1.));
#3193=DIRECTION('ref_axis',(-0.972387301982021,0.233372952469059,0.));
#3194=DIRECTION('center_axis',(0.,0.,1.));
#3195=DIRECTION('ref_axis',(-0.972387301982021,0.233372952469059,0.));
#3196=DIRECTION('center_axis',(0.,0.,1.));
#3197=DIRECTION('ref_axis',(-0.972387301982021,0.233372952469059,0.));
#3198=DIRECTION('',(0.,0.,1.));
#3199=DIRECTION('center_axis',(0.,0.,-1.));
#3200=DIRECTION('ref_axis',(-0.972387301982021,0.233372952469059,0.));
#3201=DIRECTION('center_axis',(0.,1.,0.));
#3202=DIRECTION('ref_axis',(1.,0.,0.));
#3203=DIRECTION('center_axis',(0.,-1.,0.));
#3204=DIRECTION('ref_axis',(-1.,0.,0.));
#3205=DIRECTION('center_axis',(0.,1.,0.));
#3206=DIRECTION('ref_axis',(1.,0.,0.));
#3207=DIRECTION('center_axis',(0.,-1.,0.));
#3208=DIRECTION('ref_axis',(-1.,0.,0.));
#3209=DIRECTION('center_axis',(0.,0.,1.));
#3210=DIRECTION('ref_axis',(1.,0.,0.));
#3211=DIRECTION('center_axis',(0.,0.,1.));
#3212=DIRECTION('ref_axis',(1.,0.,0.));
#3213=DIRECTION('center_axis',(0.,0.,1.));
#3214=DIRECTION('ref_axis',(1.,0.,0.));
#3215=DIRECTION('center_axis',(0.,0.,1.));
#3216=DIRECTION('ref_axis',(1.,0.,0.));
#3217=DIRECTION('center_axis',(0.,0.,-1.));
#3218=DIRECTION('ref_axis',(1.,0.,0.));
#3219=DIRECTION('center_axis',(0.,0.,-1.));
#3220=DIRECTION('ref_axis',(-1.,0.,0.));
#3221=DIRECTION('center_axis',(0.,0.,-1.));
#3222=DIRECTION('ref_axis',(-1.,0.,0.));
#3223=DIRECTION('center_axis',(0.,0.,1.));
#3224=DIRECTION('ref_axis',(1.,0.,0.));
#3225=DIRECTION('center_axis',(0.,0.,1.));
#3226=DIRECTION('ref_axis',(1.,0.,0.));
#3227=DIRECTION('',(0.,-1.,0.));
#3228=DIRECTION('',(0.,1.,0.));
#3229=DIRECTION('center_axis',(-1.,0.,0.));
#3230=DIRECTION('ref_axis',(0.,1.,0.));
#3231=DIRECTION('center_axis',(1.,0.,0.));
#3232=DIRECTION('ref_axis',(0.,-1.,0.));
#3233=DIRECTION('center_axis',(-5.2245789394125E-16,-1.,0.));
#3234=DIRECTION('ref_axis',(1.,-5.2245789394125E-16,0.));
#3235=DIRECTION('',(-1.,5.2245789394125E-16,0.));
#3236=DIRECTION('',(0.,0.,1.));
#3237=DIRECTION('',(0.,0.,1.));
#3238=DIRECTION('center_axis',(1.30614473485313E-16,1.,0.));
#3239=DIRECTION('ref_axis',(-1.,1.30614473485313E-16,0.));
#3240=DIRECTION('',(1.,-1.30614473485313E-16,0.));
#3241=DIRECTION('',(0.,0.,1.));
#3242=DIRECTION('',(0.,0.,1.));
#3243=DIRECTION('center_axis',(1.,-2.22044604925031E-16,0.));
#3244=DIRECTION('ref_axis',(2.22044604925031E-16,1.,0.));
#3245=DIRECTION('',(-2.22044604925031E-16,-1.,0.));
#3246=DIRECTION('center_axis',(0.,0.,-1.));
#3247=DIRECTION('ref_axis',(-1.,0.,0.));
#3248=DIRECTION('center_axis',(0.,2.4223048035535E-16,1.));
#3249=DIRECTION('ref_axis',(-1.,0.,0.));
#3250=DIRECTION('',(0.707106781186551,8.65956056235498E-17,-0.707106781186544));
#3251=DIRECTION('center_axis',(0.,-2.4223048035535E-16,-1.));
#3252=DIRECTION('ref_axis',(-1.,0.,0.));
#3253=DIRECTION('center_axis',(0.,2.4223048035535E-16,1.));
#3254=DIRECTION('ref_axis',(0.,-1.,2.4223048035535E-16));
#3255=DIRECTION('',(1.,-2.78107328871956E-16,6.73660718629971E-32));
#3256=DIRECTION('',(0.,-1.,2.4223048035535E-16));
#3257=DIRECTION('',(1.,0.,0.));
#3258=DIRECTION('',(0.,-1.,2.4223048035535E-16));
#3259=DIRECTION('center_axis',(0.,0.,1.));
#3260=DIRECTION('ref_axis',(-1.,0.,0.));
#3261=DIRECTION('',(0.,0.,1.));
#3262=DIRECTION('center_axis',(0.,0.,-1.));
#3263=DIRECTION('ref_axis',(-1.,0.,0.));
#3264=DIRECTION('center_axis',(8.88178419700125E-16,1.,0.));
#3265=DIRECTION('ref_axis',(-1.,8.88178419700125E-16,0.));
#3266=DIRECTION('',(-1.,8.88178419700125E-16,0.));
#3267=DIRECTION('',(0.,0.,1.));
#3268=DIRECTION('',(-1.,8.88178419700125E-16,0.));
#3269=DIRECTION('',(0.,0.,1.));
#3270=DIRECTION('center_axis',(1.,-6.56289472684822E-16,0.));
#3271=DIRECTION('ref_axis',(6.56289472684822E-16,1.,0.));
#3272=DIRECTION('',(6.56289472684822E-16,1.,0.));
#3273=DIRECTION('',(0.,0.,1.));
#3274=DIRECTION('',(6.56289472684822E-16,1.,0.));
#3275=DIRECTION('center_axis',(-4.44089209850063E-16,-1.,0.));
#3276=DIRECTION('ref_axis',(1.,-4.44089209850063E-16,0.));
#3277=DIRECTION('',(1.,-4.44089209850063E-16,0.));
#3278=DIRECTION('',(0.,0.,-1.));
#3279=DIRECTION('',(1.,-4.44089209850063E-16,0.));
#3280=DIRECTION('center_axis',(0.,0.,1.));
#3281=DIRECTION('ref_axis',(1.,0.,0.));
#3282=DIRECTION('',(0.,-1.,0.));
#3283=DIRECTION('center_axis',(0.,0.,1.));
#3284=DIRECTION('ref_axis',(1.,0.,0.));
#3285=DIRECTION('',(0.,-1.,0.));
#3286=DIRECTION('',(-1.,0.,0.));
#3287=DIRECTION('',(4.90164690783733E-16,1.,0.));
#3288=DIRECTION('',(1.,-2.78107328871956E-16,6.73660718629971E-32));
#3289=DIRECTION('',(0.,-1.,0.));
#3290=DIRECTION('center_axis',(0.,0.,1.));
#3291=DIRECTION('ref_axis',(-1.,0.,0.));
#3292=DIRECTION('center_axis',(0.,0.,1.));
#3293=DIRECTION('ref_axis',(-1.,0.,0.));
#3294=DIRECTION('center_axis',(0.,1.,0.));
#3295=DIRECTION('ref_axis',(-1.,0.,0.));
#3296=DIRECTION('',(0.,0.,-1.));
#3297=DIRECTION('',(1.,0.,0.));
#3298=DIRECTION('',(0.,0.,1.));
#3299=DIRECTION('center_axis',(0.,1.,0.));
#3300=DIRECTION('ref_axis',(-1.,0.,0.));
#3301=DIRECTION('',(0.,0.,1.));
#3302=DIRECTION('',(0.,0.,-1.));
#3303=DIRECTION('',(1.,0.,0.));
#3304=DIRECTION('center_axis',(0.,0.,1.));
#3305=DIRECTION('ref_axis',(1.,0.,0.));
#3306=DIRECTION('',(4.90164690783733E-16,1.,0.));
#3307=DIRECTION('',(1.,0.,0.));
#3308=DIRECTION('',(0.,-1.,0.));
#3309=DIRECTION('',(-1.,2.78107328871956E-16,0.));
#3310=DIRECTION('center_axis',(0.,-1.,0.));
#3311=DIRECTION('ref_axis',(1.,0.,0.));
#3312=DIRECTION('',(0.,0.,1.));
#3313=DIRECTION('',(0.,0.,-1.));
#3314=DIRECTION('center_axis',(0.,0.,1.));
#3315=DIRECTION('ref_axis',(1.,0.,0.));
#3316=DIRECTION('',(0.,-1.,0.));
#3317=DIRECTION('',(-1.,0.,0.));
#3318=DIRECTION('',(4.90164690783733E-16,1.,0.));
#3319=DIRECTION('',(1.,0.,0.));
#3320=DIRECTION('',(0.,-1.,0.));
#3321=DIRECTION('',(1.,0.,0.));
#3322=DIRECTION('center_axis',(-2.78107328871956E-16,-1.,0.));
#3323=DIRECTION('ref_axis',(-1.,2.78107328871956E-16,-6.73660718629971E-32));
#3324=DIRECTION('',(0.,0.,-1.));
#3325=DIRECTION('',(0.,0.,-1.));
#3326=DIRECTION('',(0.,0.,1.));
#3327=DIRECTION('center_axis',(1.,0.,0.));
#3328=DIRECTION('ref_axis',(0.,0.,-1.));
#3329=DIRECTION('',(0.,0.,-1.));
#3330=DIRECTION('center_axis',(0.,0.,1.));
#3331=DIRECTION('ref_axis',(-1.,0.,0.));
#3332=DIRECTION('center_axis',(0.,1.,0.));
#3333=DIRECTION('ref_axis',(1.,0.,0.));
#3334=DIRECTION('',(0.,0.,-1.));
#3335=DIRECTION('',(0.,0.,1.));
#3336=DIRECTION('',(-1.,0.,0.));
#3337=DIRECTION('',(0.,0.,1.));
#3338=DIRECTION('center_axis',(1.,0.,0.));
#3339=DIRECTION('ref_axis',(0.,0.,1.));
#3340=DIRECTION('center_axis',(-1.,4.90164690783733E-16,0.));
#3341=DIRECTION('ref_axis',(0.,0.,1.));
#3342=DIRECTION('center_axis',(1.,0.,0.));
#3343=DIRECTION('ref_axis',(0.,0.,1.));
#3344=DIRECTION('center_axis',(0.,0.,1.));
#3345=DIRECTION('ref_axis',(-1.,0.,0.));
#3346=DIRECTION('',(0.,0.,1.));
#3347=DIRECTION('center_axis',(0.,0.,-1.));
#3348=DIRECTION('ref_axis',(-1.,0.,0.));
#3349=DIRECTION('center_axis',(0.,0.,1.));
#3350=DIRECTION('ref_axis',(-1.,0.,0.));
#3351=DIRECTION('',(0.,0.,1.));
#3352=DIRECTION('center_axis',(0.,0.,-1.));
#3353=DIRECTION('ref_axis',(-1.,0.,0.));
#3354=DIRECTION('center_axis',(0.,0.,1.));
#3355=DIRECTION('ref_axis',(1.,0.,0.));
#3356=DIRECTION('',(1.,0.,0.));
#3357=DIRECTION('center_axis',(1.,0.,0.));
#3358=DIRECTION('ref_axis',(0.,0.,-1.));
#3359=DIRECTION('',(0.,-1.,2.4223048035535E-16));
#3360=DIRECTION('',(0.,0.,1.));
#3361=DIRECTION('center_axis',(-1.,0.,0.));
#3362=DIRECTION('ref_axis',(0.,-1.,0.));
#3363=DIRECTION('',(0.,0.,-1.));
#3364=DIRECTION('',(0.,0.,1.));
#3365=DIRECTION('',(0.,-1.,0.));
#3366=DIRECTION('',(0.,0.,1.));
#3367=DIRECTION('',(0.,0.,1.));
#3368=DIRECTION('',(0.,-1.,2.4223048035535E-16));
#3369=DIRECTION('center_axis',(0.,2.4223048035535E-16,1.));
#3370=DIRECTION('ref_axis',(0.,-1.,2.4223048035535E-16));
#3371=DIRECTION('',(1.,0.,0.));
#3372=DIRECTION('center_axis',(0.,1.,0.));
#3373=DIRECTION('ref_axis',(0.,0.,1.));
#3374=DIRECTION('center_axis',(0.,-1.,0.));
#3375=DIRECTION('ref_axis',(0.,0.,-1.));
#3376=DIRECTION('center_axis',(0.,0.,-1.));
#3377=DIRECTION('ref_axis',(-1.,0.,0.));
#3378=DIRECTION('',(-0.707106781186548,8.65956056235494E-17,0.707106781186547));
#3379=DIRECTION('center_axis',(0.,0.,1.));
#3380=DIRECTION('ref_axis',(-1.,0.,0.));
#3381=DIRECTION('center_axis',(0.,0.,1.));
#3382=DIRECTION('ref_axis',(-1.,0.,0.));
#3383=DIRECTION('',(0.,0.,1.));
#3384=DIRECTION('center_axis',(0.,0.,-1.));
#3385=DIRECTION('ref_axis',(-1.,0.,0.));
#3386=DIRECTION('center_axis',(0.,0.,-1.));
#3387=DIRECTION('ref_axis',(-1.,0.,0.));
#3388=DIRECTION('',(-0.707106781186548,8.65956056235494E-17,0.707106781186547));
#3389=DIRECTION('center_axis',(0.,0.,1.));
#3390=DIRECTION('ref_axis',(-1.,0.,0.));
#3391=DIRECTION('center_axis',(0.,0.,1.));
#3392=DIRECTION('ref_axis',(-1.,0.,0.));
#3393=DIRECTION('',(0.,0.,1.));
#3394=DIRECTION('center_axis',(0.,0.,-1.));
#3395=DIRECTION('ref_axis',(-1.,0.,0.));
#3396=DIRECTION('center_axis',(0.,0.,-1.));
#3397=DIRECTION('ref_axis',(-1.,0.,0.));
#3398=DIRECTION('',(-0.707106781186548,8.65956056235494E-17,0.707106781186547));
#3399=DIRECTION('center_axis',(0.,0.,1.));
#3400=DIRECTION('ref_axis',(-1.,0.,0.));
#3401=DIRECTION('center_axis',(0.,0.,1.));
#3402=DIRECTION('ref_axis',(-1.,0.,0.));
#3403=DIRECTION('',(0.,0.,1.));
#3404=DIRECTION('center_axis',(0.,0.,-1.));
#3405=DIRECTION('ref_axis',(-1.,0.,0.));
#3406=DIRECTION('center_axis',(0.,0.,-1.));
#3407=DIRECTION('ref_axis',(-1.,0.,0.));
#3408=DIRECTION('',(-0.707106781186548,8.65956056235494E-17,0.707106781186547));
#3409=DIRECTION('center_axis',(0.,0.,1.));
#3410=DIRECTION('ref_axis',(-1.,0.,0.));
#3411=DIRECTION('center_axis',(0.,0.,1.));
#3412=DIRECTION('ref_axis',(-1.,0.,0.));
#3413=DIRECTION('',(0.,0.,1.));
#3414=DIRECTION('center_axis',(0.,0.,-1.));
#3415=DIRECTION('ref_axis',(-1.,0.,0.));
#3416=DIRECTION('center_axis',(0.,0.,-1.));
#3417=DIRECTION('ref_axis',(-1.,0.,0.));
#3418=DIRECTION('',(-0.707106781186548,8.65956056235494E-17,0.707106781186547));
#3419=DIRECTION('center_axis',(0.,0.,1.));
#3420=DIRECTION('ref_axis',(-1.,0.,0.));
#3421=DIRECTION('center_axis',(0.,0.,1.));
#3422=DIRECTION('ref_axis',(-1.,0.,0.));
#3423=DIRECTION('',(0.,0.,1.));
#3424=DIRECTION('center_axis',(0.,0.,-1.));
#3425=DIRECTION('ref_axis',(-1.,0.,0.));
#3426=DIRECTION('center_axis',(0.,0.,1.));
#3427=DIRECTION('ref_axis',(-1.,0.,0.));
#3428=DIRECTION('',(0.,0.,1.));
#3429=DIRECTION('center_axis',(0.,0.,-1.));
#3430=DIRECTION('ref_axis',(-1.,0.,0.));
#3431=DIRECTION('center_axis',(1.,-3.92131752626987E-16,0.));
#3432=DIRECTION('ref_axis',(3.92131752626987E-16,1.,0.));
#3433=DIRECTION('',(0.,0.,1.));
#3434=DIRECTION('',(0.,0.,1.));
#3435=DIRECTION('center_axis',(-1.,3.92131752626987E-16,0.));
#3436=DIRECTION('ref_axis',(0.,0.,-1.));
#3437=DIRECTION('center_axis',(-1.,3.92131752626987E-16,0.));
#3438=DIRECTION('ref_axis',(0.,0.,-1.));
#3439=DIRECTION('center_axis',(-1.,3.92131752626987E-16,0.));
#3440=DIRECTION('ref_axis',(0.,0.,-1.));
#3441=DIRECTION('center_axis',(-1.,3.92131752626987E-16,0.));
#3442=DIRECTION('ref_axis',(0.,0.,-1.));
#3443=DIRECTION('center_axis',(0.,0.,1.));
#3444=DIRECTION('ref_axis',(1.,-1.48029736616687E-15,0.));
#3445=DIRECTION('center_axis',(0.,0.,1.));
#3446=DIRECTION('ref_axis',(-2.96059473233374E-15,-1.,0.));
#3447=DIRECTION('',(0.,0.,1.));
#3448=DIRECTION('center_axis',(-1.,4.90164690783733E-16,0.));
#3449=DIRECTION('ref_axis',(-4.90164690783733E-16,-1.,0.));
#3450=DIRECTION('',(0.,0.,1.));
#3451=DIRECTION('',(4.44089209850063E-16,1.,0.));
#3452=DIRECTION('center_axis',(0.,0.,1.));
#3453=DIRECTION('ref_axis',(-1.,1.48029736616688E-15,0.));
#3454=DIRECTION('center_axis',(0.,0.,1.));
#3455=DIRECTION('ref_axis',(0.,1.,0.));
#3456=DIRECTION('center_axis',(-1.,0.,0.));
#3457=DIRECTION('ref_axis',(0.,0.,-1.));
#3458=DIRECTION('center_axis',(-1.,0.,0.));
#3459=DIRECTION('ref_axis',(0.,0.,-1.));
#3460=DIRECTION('',(-1.,0.,0.));
#3461=DIRECTION('center_axis',(-1.,0.,0.));
#3462=DIRECTION('ref_axis',(0.,0.,-1.));
#3463=DIRECTION('center_axis',(-1.,0.,0.));
#3464=DIRECTION('ref_axis',(0.,0.,-1.));
#3465=DIRECTION('',(-1.,0.,0.));
#3466=DIRECTION('center_axis',(-1.,0.,0.));
#3467=DIRECTION('ref_axis',(0.,0.,-1.));
#3468=DIRECTION('center_axis',(-1.,0.,0.));
#3469=DIRECTION('ref_axis',(0.,0.,-1.));
#3470=DIRECTION('',(-1.,0.,0.));
#3471=DIRECTION('center_axis',(-1.,0.,0.));
#3472=DIRECTION('ref_axis',(0.,0.,-1.));
#3473=DIRECTION('center_axis',(-1.,0.,0.));
#3474=DIRECTION('ref_axis',(0.,0.,-1.));
#3475=DIRECTION('',(-1.,0.,0.));
#3476=DIRECTION('center_axis',(0.,1.,0.));
#3477=DIRECTION('ref_axis',(1.,0.,0.));
#3478=DIRECTION('center_axis',(0.,1.,0.));
#3479=DIRECTION('ref_axis',(1.,0.,0.));
#3480=DIRECTION('',(0.,1.,0.));
#3481=DIRECTION('center_axis',(0.,1.,0.));
#3482=DIRECTION('ref_axis',(1.,0.,0.));
#3483=DIRECTION('center_axis',(0.,1.,0.));
#3484=DIRECTION('ref_axis',(1.,0.,0.));
#3485=DIRECTION('',(0.,1.,0.));
#3486=DIRECTION('center_axis',(0.,1.,0.));
#3487=DIRECTION('ref_axis',(1.,0.,0.));
#3488=DIRECTION('center_axis',(0.,1.,0.));
#3489=DIRECTION('ref_axis',(1.,0.,0.));
#3490=DIRECTION('',(0.,1.,0.));
#3491=DIRECTION('center_axis',(0.,1.,0.));
#3492=DIRECTION('ref_axis',(1.,0.,0.));
#3493=DIRECTION('center_axis',(0.,1.,0.));
#3494=DIRECTION('ref_axis',(1.,0.,0.));
#3495=DIRECTION('',(0.,1.,0.));
#3496=DIRECTION('center_axis',(2.22044604925031E-16,-1.,0.));
#3497=DIRECTION('ref_axis',(1.,2.22044604925031E-16,0.));
#3498=DIRECTION('center_axis',(1.96793672475546E-16,-1.,0.));
#3499=DIRECTION('ref_axis',(1.,2.22044604925031E-16,0.));
#3500=DIRECTION('',(2.22044604925031E-16,-1.,0.));
#3501=DIRECTION('center_axis',(2.22044604925031E-16,-1.,0.));
#3502=DIRECTION('ref_axis',(1.,2.22044604925031E-16,0.));
#3503=DIRECTION('center_axis',(1.96793672475546E-16,-1.,0.));
#3504=DIRECTION('ref_axis',(1.,2.22044604925031E-16,0.));
#3505=DIRECTION('',(2.22044604925031E-16,-1.,0.));
#3506=DIRECTION('center_axis',(0.,-1.,0.));
#3507=DIRECTION('ref_axis',(1.,0.,0.));
#3508=DIRECTION('center_axis',(1.96793672475546E-16,-1.,0.));
#3509=DIRECTION('ref_axis',(1.,0.,0.));
#3510=DIRECTION('',(0.,-1.,0.));
#3511=DIRECTION('center_axis',(0.,-1.,0.));
#3512=DIRECTION('ref_axis',(1.,0.,0.));
#3513=DIRECTION('center_axis',(1.96793672475546E-16,-1.,0.));
#3514=DIRECTION('ref_axis',(1.,0.,0.));
#3515=DIRECTION('',(0.,-1.,0.));
#3516=DIRECTION('center_axis',(0.,1.,0.));
#3517=DIRECTION('ref_axis',(0.707106781186547,0.,-0.707106781186547));
#3518=DIRECTION('center_axis',(5.81839661468055E-13,-1.,0.));
#3519=DIRECTION('ref_axis',(0.707106781186547,0.,-0.707106781186547));
#3520=DIRECTION('center_axis',(1.20380619613878E-13,1.,0.));
#3521=DIRECTION('ref_axis',(0.707106781186547,0.,-0.707106781186547));
#3522=DIRECTION('',(0.,-1.,0.));
#3523=DIRECTION('center_axis',(1.,0.,0.));
#3524=DIRECTION('ref_axis',(0.,-0.707106781186547,-0.707106781186547));
#3525=DIRECTION('center_axis',(1.,-9.69732769114807E-14,0.));
#3526=DIRECTION('ref_axis',(0.,-0.707106781186547,-0.707106781186547));
#3527=DIRECTION('',(-1.,0.,0.));
#3528=DIRECTION('center_axis',(-1.,-4.74834666252113E-13,0.));
#3529=DIRECTION('ref_axis',(0.,-0.707106781186547,-0.707106781186547));
#3530=DIRECTION('center_axis',(-1.,-1.96793672475546E-16,0.));
#3531=DIRECTION('ref_axis',(0.,0.707106781186547,-0.707106781186547));
#3532=DIRECTION('center_axis',(-1.,1.00317183011531E-13,0.));
#3533=DIRECTION('ref_axis',(0.,0.707106781186547,-0.707106781186547));
#3534=DIRECTION('',(1.,1.96793672475546E-16,0.));
#3535=DIRECTION('center_axis',(1.,-1.00317183011356E-13,0.));
#3536=DIRECTION('ref_axis',(0.,0.707106781186547,-0.707106781186547));
#3537=DIRECTION('center_axis',(0.,0.,1.));
#3538=DIRECTION('ref_axis',(-1.,0.,0.));
#3539=DIRECTION('',(0.,0.,1.));
#3540=DIRECTION('center_axis',(0.,0.,1.));
#3541=DIRECTION('ref_axis',(-1.,0.,0.));
#3542=DIRECTION('center_axis',(0.,0.,1.));
#3543=DIRECTION('ref_axis',(-0.231623418140352,0.972805526386944,0.));
#3544=DIRECTION('center_axis',(0.,0.,1.));
#3545=DIRECTION('ref_axis',(-0.231623418140352,0.972805526386944,0.));
#3546=DIRECTION('',(0.,0.,1.));
#3547=DIRECTION('center_axis',(1.,-1.00317183011531E-13,0.));
#3548=DIRECTION('ref_axis',(1.00317183011531E-13,1.,0.));
#3549=DIRECTION('',(1.00317183011531E-13,1.,0.));
#3550=DIRECTION('',(0.,0.,1.));
#3551=DIRECTION('center_axis',(-1.96793672475546E-16,1.,0.));
#3552=DIRECTION('ref_axis',(-1.,-1.96793672475546E-16,0.));
#3553=DIRECTION('',(-1.,-1.96793672475546E-16,0.));
#3554=DIRECTION('',(0.,0.,1.));
#3555=DIRECTION('center_axis',(-1.,1.00317183011356E-13,0.));
#3556=DIRECTION('ref_axis',(-1.00317183011356E-13,-1.,0.));
#3557=DIRECTION('',(-1.00317183011356E-13,-1.,0.));
#3558=DIRECTION('',(0.,0.,1.));
#3559=DIRECTION('center_axis',(0.,0.,1.));
#3560=DIRECTION('ref_axis',(0.972805526386899,0.231623418140543,0.));
#3561=DIRECTION('center_axis',(0.,0.,1.));
#3562=DIRECTION('ref_axis',(0.972805526386899,0.231623418140543,0.));
#3563=DIRECTION('',(0.,0.,1.));
#3564=DIRECTION('center_axis',(-1.20380619613878E-13,-1.,0.));
#3565=DIRECTION('ref_axis',(1.,-1.20380619613878E-13,0.));
#3566=DIRECTION('',(1.,-1.20380619613878E-13,0.));
#3567=DIRECTION('',(0.,0.,1.));
#3568=DIRECTION('center_axis',(1.,0.,0.));
#3569=DIRECTION('ref_axis',(0.,1.,0.));
#3570=DIRECTION('',(0.,1.,0.));
#3571=DIRECTION('',(0.,0.,1.));
#3572=DIRECTION('center_axis',(-5.81839661468055E-13,1.,0.));
#3573=DIRECTION('ref_axis',(-1.,-5.81839661468055E-13,0.));
#3574=DIRECTION('',(-1.,-5.81839661468055E-13,0.));
#3575=DIRECTION('',(0.,0.,1.));
#3576=DIRECTION('center_axis',(0.,0.,1.));
#3577=DIRECTION('ref_axis',(0.231623418142272,-0.972805526386487,0.));
#3578=DIRECTION('center_axis',(0.,0.,1.));
#3579=DIRECTION('ref_axis',(0.231623418142272,-0.972805526386487,0.));
#3580=DIRECTION('',(0.,0.,1.));
#3581=DIRECTION('center_axis',(-1.,9.69732769114807E-14,0.));
#3582=DIRECTION('ref_axis',(-9.69732769114807E-14,-1.,0.));
#3583=DIRECTION('',(-9.69732769114807E-14,-1.,0.));
#3584=DIRECTION('',(0.,0.,1.));
#3585=DIRECTION('center_axis',(0.,-1.,0.));
#3586=DIRECTION('ref_axis',(1.,0.,0.));
#3587=DIRECTION('',(1.,0.,0.));
#3588=DIRECTION('',(0.,0.,1.));
#3589=DIRECTION('center_axis',(1.,4.74834666252113E-13,0.));
#3590=DIRECTION('ref_axis',(-4.74834666252113E-13,1.,0.));
#3591=DIRECTION('',(-4.74834666252113E-13,1.,0.));
#3592=DIRECTION('center_axis',(0.,0.,1.));
#3593=DIRECTION('ref_axis',(1.,0.,0.));
#3594=CARTESIAN_POINT('',(0.,0.,0.));
#3595=CARTESIAN_POINT('Origin',(-34.376035912138,-51.1199006065351,6.));
#3596=CARTESIAN_POINT('',(-31.3628617982202,-49.1499306171144,6.));
#3597=CARTESIAN_POINT('',(-37.3892100260558,-49.1499306171144,6.));
#3598=CARTESIAN_POINT('',(-36.9884348326917,-49.1499306171144,6.));
#3599=CARTESIAN_POINT('Origin',(-34.376035912138,-51.1199006065351,6.));
#3600=CARTESIAN_POINT('Origin',(-34.376035912138,-51.1199006065351,0.));
#3601=CARTESIAN_POINT('',(-31.3628617982202,-49.1499306171145,0.));
#3602=CARTESIAN_POINT('',(-31.3628617982202,-49.1499306171144,0.));
#3603=CARTESIAN_POINT('',(-30.9091701489989,-50.1499306171144,0.));
#3604=CARTESIAN_POINT('Origin',(-34.376035912138,-51.1199006065351,0.));
#3605=CARTESIAN_POINT('',(-37.842901675277,-50.1499306171144,0.));
#3606=CARTESIAN_POINT('Ctrl Pts',(-37.842901675277,-50.1499306171144,4.16333634234434E-16));
#3607=CARTESIAN_POINT('Ctrl Pts',(-37.9332488759444,-50.472849491106,4.8755690101395E-16));
#3608=CARTESIAN_POINT('Ctrl Pts',(-37.9760359121383,-50.8052331180989,0.0327606962026717));
#3609=CARTESIAN_POINT('Ctrl Pts',(-37.9760359121383,-51.6335504035314,0.196561039563592));
#3610=CARTESIAN_POINT('Ctrl Pts',(-37.8613299801974,-52.1467680656026,0.387299587348907));
#3611=CARTESIAN_POINT('Ctrl Pts',(-37.4583461061034,-53.0437236187713,0.890216030313651));
#3612=CARTESIAN_POINT('Ctrl Pts',(-37.1712485392802,-53.428533702643,1.20142575850625));
#3613=CARTESIAN_POINT('Ctrl Pts',(-36.5522214397797,-54.0194534168324,1.80541355575991));
#3614=CARTESIAN_POINT('Ctrl Pts',(-36.1755104963395,-54.2701754789668,2.1473811110959));
#3615=CARTESIAN_POINT('Ctrl Pts',(-35.5526735900739,-54.5296068975101,2.58196391398025));
#3616=CARTESIAN_POINT('Ctrl Pts',(-35.3360623543246,-54.5973850977366,2.71266890026505));
#3617=CARTESIAN_POINT('Ctrl Pts',(-34.8786889427153,-54.6922791466248,2.90744048020813));
#3618=CARTESIAN_POINT('Ctrl Pts',(-34.6379698152233,-54.7199006065355,2.97136146743899));
#3619=CARTESIAN_POINT('Ctrl Pts',(-34.376035912138,-54.7199006065355,2.97136146743899));
#3620=CARTESIAN_POINT('Ctrl Pts',(-34.1141020090526,-54.7199006065355,2.97136146743899));
#3621=CARTESIAN_POINT('Ctrl Pts',(-33.8733828815606,-54.6922791466249,2.90744048020814));
#3622=CARTESIAN_POINT('Ctrl Pts',(-33.4160094699513,-54.5973850977366,2.71266890026506));
#3623=CARTESIAN_POINT('Ctrl Pts',(-33.1993982342021,-54.5296068975101,2.58196391398025));
#3624=CARTESIAN_POINT('Ctrl Pts',(-32.5765613279365,-54.2701754789668,2.1473811110959));
#3625=CARTESIAN_POINT('Ctrl Pts',(-32.1998503844963,-54.0194534168324,1.80541355575991));
#3626=CARTESIAN_POINT('Ctrl Pts',(-31.5808232849957,-53.428533702643,1.20142575850625));
#3627=CARTESIAN_POINT('Ctrl Pts',(-31.2937257181725,-53.0437236187713,0.890216030313651));
#3628=CARTESIAN_POINT('Ctrl Pts',(-30.8907418440785,-52.1467680656026,0.387299587348907));
#3629=CARTESIAN_POINT('Ctrl Pts',(-30.7760359121376,-51.6335504035314,0.196561039563593));
#3630=CARTESIAN_POINT('Ctrl Pts',(-30.7760359121376,-50.805233118622,0.0327606963061101));
#3631=CARTESIAN_POINT('Ctrl Pts',(-30.8188229485487,-50.4728494903298,3.76614483166687E-16));
#3632=CARTESIAN_POINT('Ctrl Pts',(-30.9091701489989,-50.1499306171144,4.03323208164608E-16));
#3633=CARTESIAN_POINT('',(-37.3892100260558,-49.1499306171145,0.));
#3634=CARTESIAN_POINT('Origin',(-34.376035912138,-51.1199006065351,0.));
#3635=CARTESIAN_POINT('',(-37.3892100260558,-49.1499306171144,0.));
#3636=CARTESIAN_POINT('Origin',(40.1743684093037,55.380039372361,6.));
#3637=CARTESIAN_POINT('',(37.1354186170685,53.4500693828856,6.));
#3638=CARTESIAN_POINT('',(43.2133182015389,53.4500693828856,6.));
#3639=CARTESIAN_POINT('',(44.1867673280292,53.4500693828856,6.));
#3640=CARTESIAN_POINT('Origin',(40.1743684093037,55.380039372361,6.));
#3641=CARTESIAN_POINT('Origin',(40.1743684093037,55.380039372361,0.));
#3642=CARTESIAN_POINT('',(37.1354186170685,53.4500693828856,0.));
#3643=CARTESIAN_POINT('',(37.1354186170685,53.4500693828856,0.));
#3644=CARTESIAN_POINT('',(36.6965593549309,54.4500693828856,0.));
#3645=CARTESIAN_POINT('Origin',(40.1743684093037,55.380039372361,0.));
#3646=CARTESIAN_POINT('',(43.6521774636765,54.4500693828856,0.));
#3647=CARTESIAN_POINT('Ctrl Pts',(43.6521774636765,54.4500693828856,7.63278329429795E-16));
#3648=CARTESIAN_POINT('Ctrl Pts',(43.7350908526865,54.7601406091519,6.60919173777956E-16));
#3649=CARTESIAN_POINT('Ctrl Pts',(43.774368409304,55.0780787864219,0.0300853448962049));
#3650=CARTESIAN_POINT('Ctrl Pts',(43.774368409304,55.8912532943024,0.184016892575462));
#3651=CARTESIAN_POINT('Ctrl Pts',(43.6606650409407,56.4031202527498,0.368965939440394));
#3652=CARTESIAN_POINT('Ctrl Pts',(43.2594833956364,57.2991599376968,0.859521207156117));
#3653=CARTESIAN_POINT('Ctrl Pts',(42.9731792773233,57.6844107050067,1.16411672222685));
#3654=CARTESIAN_POINT('Ctrl Pts',(42.3547721625425,58.2763816552569,1.75441654004663));
#3655=CARTESIAN_POINT('Ctrl Pts',(41.9778585733737,58.5282743294334,2.08837070531975));
#3656=CARTESIAN_POINT('Ctrl Pts',(41.3527225539929,58.7892126948284,2.51018659804735));
#3657=CARTESIAN_POINT('Ctrl Pts',(41.1348225408166,58.8574698227007,2.63656666442754));
#3658=CARTESIAN_POINT('Ctrl Pts',(40.6755707143533,58.9526841316533,2.82343010438129));
#3659=CARTESIAN_POINT('Ctrl Pts',(40.4341526105738,58.9800393723614,2.88354733233918));
#3660=CARTESIAN_POINT('Ctrl Pts',(40.1743684093037,58.9800393723614,2.88354733233918));
#3661=CARTESIAN_POINT('Ctrl Pts',(39.9145842080336,58.9800393723614,2.88354733233918));
#3662=CARTESIAN_POINT('Ctrl Pts',(39.6731661042541,58.9526841316533,2.82343010438129));
#3663=CARTESIAN_POINT('Ctrl Pts',(39.2139142777908,58.8574698227007,2.63656666442754));
#3664=CARTESIAN_POINT('Ctrl Pts',(38.9960142646145,58.7892126948284,2.51018659804735));
#3665=CARTESIAN_POINT('Ctrl Pts',(38.3708782452337,58.5282743294334,2.08837070531975));
#3666=CARTESIAN_POINT('Ctrl Pts',(37.9939646560649,58.2763816552569,1.75441654004663));
#3667=CARTESIAN_POINT('Ctrl Pts',(37.3755575412841,57.6844107050067,1.16411672222685));
#3668=CARTESIAN_POINT('Ctrl Pts',(37.089253422971,57.2991599376968,0.85952120715612));
#3669=CARTESIAN_POINT('Ctrl Pts',(36.6880717776667,56.4031202527498,0.368965939440397));
#3670=CARTESIAN_POINT('Ctrl Pts',(36.5743684093034,55.8912532943024,0.184016892575462));
#3671=CARTESIAN_POINT('Ctrl Pts',(36.5743684093034,55.0780787870589,0.0300853450167917));
#3672=CARTESIAN_POINT('Ctrl Pts',(36.6136459661182,54.7601406084144,8.81737197780374E-16));
#3673=CARTESIAN_POINT('Ctrl Pts',(36.6965593549309,54.4500693828856,9.62771529167128E-16));
#3674=CARTESIAN_POINT('',(43.2133182015389,53.4500693828856,0.));
#3675=CARTESIAN_POINT('Origin',(40.1743684093037,55.380039372361,0.));
#3676=CARTESIAN_POINT('',(43.2133182015389,53.4500693828856,0.));
#3677=CARTESIAN_POINT('Origin',(40.1889001192582,-51.1097253936523,6.));
#3678=CARTESIAN_POINT('',(43.2087021713566,-49.1499306171145,6.));
#3679=CARTESIAN_POINT('',(37.1690980671599,-49.1499306171145,6.));
#3680=CARTESIAN_POINT('',(0.294033183006444,-49.1499306171145,6.));
#3681=CARTESIAN_POINT('Origin',(40.1889001192582,-51.1097253936523,6.));
#3682=CARTESIAN_POINT('Origin',(40.1889001192582,-51.1097253936523,0.));
#3683=CARTESIAN_POINT('',(43.2087021713566,-49.1499306171145,0.));
#3684=CARTESIAN_POINT('',(43.2087021713566,-49.1499306171145,0.));
#3685=CARTESIAN_POINT('',(43.6585966458918,-50.1499306171144,0.));
#3686=CARTESIAN_POINT('Origin',(40.1889001192582,-51.1097253936523,0.));
#3687=CARTESIAN_POINT('',(36.7192035926247,-50.1499306171144,0.));
#3688=CARTESIAN_POINT('Ctrl Pts',(36.7192035926247,-50.1499306171144,8.54351311918577E-16));
#3689=CARTESIAN_POINT('Ctrl Pts',(36.6307789267242,-50.469589322958,9.24814500120512E-16));
#3690=CARTESIAN_POINT('Ctrl Pts',(36.5889001192579,-50.7982889544661,0.0320693578616931));
#3691=CARTESIAN_POINT('Ctrl Pts',(36.5889001192579,-51.6227462091632,0.193330287993242));
#3692=CARTESIAN_POINT('Ctrl Pts',(36.7033466956129,-52.1356145359038,0.382584859809006));
#3693=CARTESIAN_POINT('Ctrl Pts',(37.1058640588449,-53.0323328496562,0.882328579473649));
#3694=CARTESIAN_POINT('Ctrl Pts',(37.3927558599711,-53.4172566728864,1.19183874202675));
#3695=CARTESIAN_POINT('Ctrl Pts',(38.0116083321917,-54.0084340141003,1.7922825097048));
#3696=CARTESIAN_POINT('Ctrl Pts',(38.3883551622856,-54.2594553064924,2.13216648629989));
#3697=CARTESIAN_POINT('Ctrl Pts',(39.0117873657523,-54.5192832321516,2.56341976237724));
#3698=CARTESIAN_POINT('Ctrl Pts',(39.2287391764926,-54.5871900287781,2.69299617946207));
#3699=CARTESIAN_POINT('Ctrl Pts',(39.6866194954278,-54.6821731455214,2.88568784595794));
#3700=CARTESIAN_POINT('Ctrl Pts',(39.9275376380728,-54.7097253936527,2.94859277668843));
#3701=CARTESIAN_POINT('Ctrl Pts',(40.1889001192582,-54.7097253936527,2.94859277668843));
#3702=CARTESIAN_POINT('Ctrl Pts',(40.4502626004437,-54.7097253936527,2.94859277668843));
#3703=CARTESIAN_POINT('Ctrl Pts',(40.6911807430887,-54.6821731455214,2.88568784595794));
#3704=CARTESIAN_POINT('Ctrl Pts',(41.1490610620239,-54.5871900287781,2.69299617946207));
#3705=CARTESIAN_POINT('Ctrl Pts',(41.3660128727642,-54.5192832321516,2.56341976237725));
#3706=CARTESIAN_POINT('Ctrl Pts',(41.9894450762309,-54.2594553064924,2.13216648629991));
#3707=CARTESIAN_POINT('Ctrl Pts',(42.3661919063248,-54.0084340141003,1.7922825097048));
#3708=CARTESIAN_POINT('Ctrl Pts',(42.9850443785453,-53.4172566728864,1.19183874202675));
#3709=CARTESIAN_POINT('Ctrl Pts',(43.2719361796715,-53.0323328496562,0.882328579473644));
#3710=CARTESIAN_POINT('Ctrl Pts',(43.6744535429036,-52.1356145359038,0.382584859809002));
#3711=CARTESIAN_POINT('Ctrl Pts',(43.7889001192586,-51.6227462091632,0.193330287993242));
#3712=CARTESIAN_POINT('Ctrl Pts',(43.7889001192586,-50.7982889550178,0.0320693579696091));
#3713=CARTESIAN_POINT('Ctrl Pts',(43.7470213115794,-50.4695893221884,4.19878420159385E-16));
#3714=CARTESIAN_POINT('Ctrl Pts',(43.6585966458918,-50.1499306171145,3.29597460435593E-16));
#3715=CARTESIAN_POINT('',(37.1690980671599,-49.1499306171145,0.));
#3716=CARTESIAN_POINT('Origin',(40.1889001192582,-51.1097253936523,0.));
#3717=CARTESIAN_POINT('',(37.1690980671599,-49.1499306171145,0.));
#3718=CARTESIAN_POINT('Origin',(-34.3905676220925,55.3698641594782,6.));
#3719=CARTESIAN_POINT('',(-37.4359556130996,53.4500693828856,6.));
#3720=CARTESIAN_POINT('',(-31.3451796310854,53.4500693828856,6.));
#3721=CARTESIAN_POINT('',(6.90429931233111,53.4500693828856,6.));
#3722=CARTESIAN_POINT('Origin',(-34.3905676220925,55.3698641594782,6.));
#3723=CARTESIAN_POINT('Origin',(-34.3905676220925,55.3698641594782,0.));
#3724=CARTESIAN_POINT('',(-37.4359556130996,53.4500693828856,0.));
#3725=CARTESIAN_POINT('',(-37.4359556130996,53.4500693828856,0.));
#3726=CARTESIAN_POINT('',(-37.8710816026642,54.4500693828856,0.));
#3727=CARTESIAN_POINT('Origin',(-34.3905676220925,55.3698641594782,0.));
#3728=CARTESIAN_POINT('',(-30.9100536415207,54.4500693828856,0.));
#3729=CARTESIAN_POINT('Ctrl Pts',(-30.9100536415208,54.4500693828855,7.67615138119737E-16));
#3730=CARTESIAN_POINT('Ctrl Pts',(-30.8290149796406,54.7567206085922,-7.01038386691492E-19));
#3731=CARTESIAN_POINT('Ctrl Pts',(-30.7905676220921,55.070863138474,0.0293714558730743));
#3732=CARTESIAN_POINT('Ctrl Pts',(-30.7905676220921,55.8650295902015,0.178002027017026));
#3733=CARTESIAN_POINT('Ctrl Pts',(-30.8975306134034,56.3635148439668,0.353939846024055));
#3734=CARTESIAN_POINT('Ctrl Pts',(-31.2780352409995,57.2409042151542,0.821676497220919));
#3735=CARTESIAN_POINT('Ctrl Pts',(-31.550399627634,57.6208649895633,1.11244902624821));
#3736=CARTESIAN_POINT('Ctrl Pts',(-32.1580374134156,58.2285027753449,1.69666279154626));
#3737=CARTESIAN_POINT('Ctrl Pts',(-32.5425060495531,58.4939366710543,2.03946039710797));
#3738=CARTESIAN_POINT('Ctrl Pts',(-33.1816922788685,58.7687463109313,2.47444185049858));
#3739=CARTESIAN_POINT('Ctrl Pts',(-33.4046309477735,58.8405714093927,2.60512931041746));
#3740=CARTESIAN_POINT('Ctrl Pts',(-33.8752189142241,58.9408997478986,2.79901005730285));
#3741=CARTESIAN_POINT('Ctrl Pts',(-34.122893123683,58.9698641594785,2.86190384278842));
#3742=CARTESIAN_POINT('Ctrl Pts',(-34.3905676220925,58.9698641594785,2.86190384278842));
#3743=CARTESIAN_POINT('Ctrl Pts',(-34.6498439316738,58.9698641594785,2.86190384278842));
#3744=CARTESIAN_POINT('Ctrl Pts',(-34.8914075159032,58.9425741054194,2.80267802564673));
#3745=CARTESIAN_POINT('Ctrl Pts',(-35.3510915101829,58.8472900914444,2.61771699577864));
#3746=CARTESIAN_POINT('Ctrl Pts',(-35.5692988873937,58.7789218268111,2.49239117461395));
#3747=CARTESIAN_POINT('Ctrl Pts',(-36.1950022386654,58.517621196945,2.07369123134325));
#3748=CARTESIAN_POINT('Ctrl Pts',(-36.5719914282425,58.2654335067847,1.74170336725473));
#3749=CARTESIAN_POINT('Ctrl Pts',(-37.1902671873425,57.6731803213591,1.15478557515856));
#3750=CARTESIAN_POINT('Ctrl Pts',(-37.47637587297,57.2878201376963,0.851844555698231));
#3751=CARTESIAN_POINT('Ctrl Pts',(-37.8771122259063,56.3920064710188,0.364387225364071));
#3752=CARTESIAN_POINT('Ctrl Pts',(-37.9905676220928,55.8804737163724,0.180892440341101));
#3753=CARTESIAN_POINT('Ctrl Pts',(-37.9905676220928,55.0711382748936,0.0294229484576579));
#3754=CARTESIAN_POINT('Ctrl Pts',(-37.9521568957062,54.7568592213286,1.2517752798684E-16));
#3755=CARTESIAN_POINT('Ctrl Pts',(-37.8710816026642,54.4500693828856,8.71698546678346E-16));
#3756=CARTESIAN_POINT('',(-31.3451796310854,53.4500693828856,0.));
#3757=CARTESIAN_POINT('Origin',(-34.3905676220925,55.3698641594782,0.));
#3758=CARTESIAN_POINT('',(-31.3451796310854,53.4500693828856,0.));
#3759=CARTESIAN_POINT('Origin',(-39.6008337532454,-49.1499306171144,0.));
#3760=CARTESIAN_POINT('',(-39.6008337532454,-49.1499306171144,0.));
#3761=CARTESIAN_POINT('',(-18.4868061213108,-49.1499306171145,0.));
#3762=CARTESIAN_POINT('',(-39.6008337532454,-49.1499306171145,16.82));
#3763=CARTESIAN_POINT('',(-39.6008337532454,-49.1499306171144,0.));
#3764=CARTESIAN_POINT('',(48.1991662467547,-49.1499306171145,16.82));
#3765=CARTESIAN_POINT('',(48.1991662467547,-49.1499306171145,16.82));
#3766=CARTESIAN_POINT('',(48.1991662467547,-49.1499306171145,0.));
#3767=CARTESIAN_POINT('',(48.1991662467547,-49.1499306171145,0.));
#3768=CARTESIAN_POINT('',(-18.4868061213108,-49.1499306171145,0.));
#3769=CARTESIAN_POINT('',(-18.4868061213108,-49.1499306171145,0.));
#3770=CARTESIAN_POINT('',(-38.2508337533213,-49.1499306171144,12.8200000000677));
#3771=CARTESIAN_POINT('Origin',(-36.1008337533213,-49.1499306171144,12.8200000000677));
#3772=CARTESIAN_POINT('',(39.7491662466225,-49.1499306171144,12.819999999968));
#3773=CARTESIAN_POINT('Origin',(41.8991662466225,-49.1499306171144,12.819999999968));
#3774=CARTESIAN_POINT('',(-12.2508337533401,-49.1499306171144,12.8200000000345));
#3775=CARTESIAN_POINT('Origin',(-10.1008337533401,-49.1499306171144,12.8200000000345));
#3776=CARTESIAN_POINT('',(13.7491662466412,-49.1499306171144,12.8200000000013));
#3777=CARTESIAN_POINT('Origin',(15.8991662466412,-49.1499306171144,12.8200000000013));
#3778=CARTESIAN_POINT('Origin',(48.1991662467547,53.4500693828856,0.));
#3779=CARTESIAN_POINT('',(48.1991662467547,53.4500693828856,0.));
#3780=CARTESIAN_POINT('',(25.4131938786892,53.4500693828856,0.));
#3781=CARTESIAN_POINT('',(48.1991662467547,53.4500693828856,16.82));
#3782=CARTESIAN_POINT('',(48.1991662467547,53.4500693828856,0.));
#3783=CARTESIAN_POINT('',(-39.6008337532453,53.4500693828856,16.82));
#3784=CARTESIAN_POINT('',(-39.6008337532453,53.4500693828856,16.82));
#3785=CARTESIAN_POINT('',(-39.6008337532453,53.4500693828856,0.));
#3786=CARTESIAN_POINT('',(-39.6008337532453,53.4500693828856,0.));
#3787=CARTESIAN_POINT('',(25.4131938786892,53.4500693828856,0.));
#3788=CARTESIAN_POINT('',(25.4131938786892,53.4500693828856,0.));
#3789=CARTESIAN_POINT('',(-38.2508337533213,53.4500693828856,12.8200000000677));
#3790=CARTESIAN_POINT('Origin',(-36.1008337533213,53.4500693828856,12.8200000000677));
#3791=CARTESIAN_POINT('',(39.7491662466225,53.4500693828856,12.819999999968));
#3792=CARTESIAN_POINT('Origin',(41.8991662466225,53.4500693828856,12.819999999968));
#3793=CARTESIAN_POINT('',(-12.2508337533401,53.4500693828855,12.8200000000345));
#3794=CARTESIAN_POINT('Origin',(-10.1008337533401,53.4500693828855,12.8200000000345));
#3795=CARTESIAN_POINT('',(13.7491662466412,53.4500693828856,12.8200000000013));
#3796=CARTESIAN_POINT('Origin',(15.8991662466412,53.4500693828856,12.8200000000013));
#3797=CARTESIAN_POINT('Origin',(2.62722151062367,2.15006938288098,0.));
#3798=CARTESIAN_POINT('',(-45.6008337532453,47.4500693828856,0.));
#3799=CARTESIAN_POINT('Origin',(-39.6008337532453,47.4500693828856,0.));
#3800=CARTESIAN_POINT('',(-45.6008337532453,30.5543323816924,0.));
#3801=CARTESIAN_POINT('',(-45.6008337532453,24.8000693828833,0.));
#3802=CARTESIAN_POINT('',(-49.5063115967228,30.5543323816924,0.));
#3803=CARTESIAN_POINT('',(-20.1875869579185,30.5543323816924,0.));
#3804=CARTESIAN_POINT('',(-52.6953559099057,30.5543323816924,0.));
#3805=CARTESIAN_POINT('Origin',(-51.1008337533143,30.1300693829063,0.));
#3806=CARTESIAN_POINT('',(-57.6008337532453,30.5543323816924,0.));
#3807=CARTESIAN_POINT('',(-20.1875869579185,30.5543323816924,0.));
#3808=CARTESIAN_POINT('',(-57.6008337532453,42.6500693828856,0.));
#3809=CARTESIAN_POINT('',(-57.6008337532453,42.6500693828856,0.));
#3810=CARTESIAN_POINT('',(-42.2333021160524,62.1061799106244,0.));
#3811=CARTESIAN_POINT('Origin',(-37.6008337532453,42.6500693828856,0.));
#3812=CARTESIAN_POINT('',(-42.2333021160531,54.4500693828856,0.));
#3813=CARTESIAN_POINT('',(-42.2333021160526,59.4500693828856,0.));
#3814=CARTESIAN_POINT('',(25.3294280600828,54.4500693828856,0.));
#3815=CARTESIAN_POINT('Origin',(2.62722151062367,2.15006938288098,0.));
#3816=CARTESIAN_POINT('',(48.0316346095413,54.4500693828856,0.));
#3817=CARTESIAN_POINT('',(25.3294280600828,54.4500693828856,0.));
#3818=CARTESIAN_POINT('',(48.0316346095421,62.1061799106291,0.));
#3819=CARTESIAN_POINT('',(48.0316346095421,62.1061799106291,0.));
#3820=CARTESIAN_POINT('',(62.8552767744927,47.2825377456964,0.));
#3821=CARTESIAN_POINT('Origin',(43.3991662467547,42.6500693828856,0.));
#3822=CARTESIAN_POINT('',(55.1991662467547,47.2825377456973,0.));
#3823=CARTESIAN_POINT('',(60.1991662467547,47.2825377456967,0.));
#3824=CARTESIAN_POINT('',(55.1991662467547,-42.9823989799485,0.));
#3825=CARTESIAN_POINT('',(55.1991662467547,-20.4161647985323,0.));
#3826=CARTESIAN_POINT('',(62.8552767744882,-42.982398979944,0.));
#3827=CARTESIAN_POINT('',(62.8552767744882,-42.982398979944,0.));
#3828=CARTESIAN_POINT('',(48.0316346096001,-57.8060411448442,0.));
#3829=CARTESIAN_POINT('Origin',(43.3991662467547,-38.3499306171145,0.));
#3830=CARTESIAN_POINT('',(48.0316346096009,-50.1499306171144,0.));
#3831=CARTESIAN_POINT('',(48.0316346096004,-55.1499306171144,0.));
#3832=CARTESIAN_POINT('',(-19.803040302686,-50.1499306171144,0.));
#3833=CARTESIAN_POINT('',(54.1991662467547,-43.1499306171145,0.));
#3834=CARTESIAN_POINT('Origin',(48.1991662467547,-43.1499306171144,0.));
#3835=CARTESIAN_POINT('',(54.1991662467547,47.4500693828856,0.));
#3836=CARTESIAN_POINT('',(54.1991662467547,-20.4999306171167,0.));
#3837=CARTESIAN_POINT('Origin',(48.1991662467547,47.4500693828856,0.));
#3838=CARTESIAN_POINT('Origin',(2.62722151062367,2.15006938288098,0.));
#3839=CARTESIAN_POINT('',(25.3294280600828,54.4500693828856,0.));
#3840=CARTESIAN_POINT('Origin',(2.62722151062367,2.15006938288098,0.));
#3841=CARTESIAN_POINT('',(-42.233302115998,-50.1499306171144,0.));
#3842=CARTESIAN_POINT('',(-19.803040302686,-50.1499306171144,0.));
#3843=CARTESIAN_POINT('',(-42.2333021159943,-57.8060411448672,0.));
#3844=CARTESIAN_POINT('',(-42.2333021159943,-57.8060411448672,0.));
#3845=CARTESIAN_POINT('',(-57.6008337532453,-38.3499306171145,0.));
#3846=CARTESIAN_POINT('Origin',(-37.6008337532453,-38.3499306171145,0.));
#3847=CARTESIAN_POINT('',(-57.6008337532453,-37.3781861455632,-3.89022147828655E-12));
#3848=CARTESIAN_POINT('',(-57.6008337532453,42.6500693828856,0.));
#3849=CARTESIAN_POINT('',(-46.2508337532453,-37.3781861455632,-3.89022147828655E-12));
#3850=CARTESIAN_POINT('',(-27.4868061213108,-37.3781861455632,0.));
#3851=CARTESIAN_POINT('',(-46.2508337532453,-35.2369886854,0.));
#3852=CARTESIAN_POINT('',(-46.2508337532453,-3.86405850936214,0.));
#3853=CARTESIAN_POINT('',(-45.6008337532454,-35.2369886854,0.));
#3854=CARTESIAN_POINT('',(-28.811479325657,-35.2369886854,0.));
#3855=CARTESIAN_POINT('',(-45.6008337532454,-43.1499306171144,0.));
#3856=CARTESIAN_POINT('',(-45.6008337532453,24.8000693828833,0.));
#3857=CARTESIAN_POINT('Origin',(-39.6008337532453,-43.1499306171144,0.));
#3858=CARTESIAN_POINT('Origin',(-57.6008337532453,16.6500693828855,16.32));
#3859=CARTESIAN_POINT('',(-57.6008337532453,16.6500693828855,14.67));
#3860=CARTESIAN_POINT('Origin',(-57.6008337532453,16.6500693828855,16.32));
#3861=CARTESIAN_POINT('',(-49.6008337532453,16.6500693828855,14.67));
#3862=CARTESIAN_POINT('',(-57.6008337532453,16.6500693828855,14.67));
#3863=CARTESIAN_POINT('Origin',(-49.6008337532453,16.6500693828855,16.32));
#3864=CARTESIAN_POINT('Origin',(-49.6008337532453,16.6500693828855,16.32));
#3865=CARTESIAN_POINT('Origin',(-57.6008337532453,-35.3499306171145,16.32));
#3866=CARTESIAN_POINT('',(-57.6008337532453,-35.3499306171145,14.67));
#3867=CARTESIAN_POINT('Origin',(-57.6008337532453,-35.3499306171145,16.32));
#3868=CARTESIAN_POINT('',(-49.6008337532453,-35.3499306171145,14.67));
#3869=CARTESIAN_POINT('',(-57.6008337532453,-35.3499306171145,14.67));
#3870=CARTESIAN_POINT('Origin',(-49.6008337532453,-35.3499306171145,16.32));
#3871=CARTESIAN_POINT('Origin',(-49.6008337532453,-35.3499306171145,16.32));
#3872=CARTESIAN_POINT('Origin',(-4.65083375324533,-33.0499306171145,16.32));
#3873=CARTESIAN_POINT('',(-38.6008337532453,-33.5499306171145,16.82));
#3874=CARTESIAN_POINT('',(-38.6008337532453,-32.5499306171144,15.82));
#3875=CARTESIAN_POINT('',(-38.6008337532453,-33.0499306171144,16.32));
#3876=CARTESIAN_POINT('',(-13.6008337532453,-32.5499306171144,15.82));
#3877=CARTESIAN_POINT('',(-4.65083375324533,-32.5499306171144,15.82));
#3878=CARTESIAN_POINT('',(-13.6008337532453,-33.5499306171145,16.82));
#3879=CARTESIAN_POINT('',(-13.6008337532453,-32.5499306171144,15.82));
#3880=CARTESIAN_POINT('',(-4.65083375324533,-33.5499306171145,16.82));
#3881=CARTESIAN_POINT('Origin',(-13.6008337532453,-32.5499306171144,16.82));
#3882=CARTESIAN_POINT('',(-38.6008337532453,-32.5499306171144,13.7));
#3883=CARTESIAN_POINT('',(-38.6008337532453,-32.5499306171144,16.82));
#3884=CARTESIAN_POINT('',(-13.6008337532453,-32.5499306171144,13.7));
#3885=CARTESIAN_POINT('',(-21.0758337532453,-32.5499306171144,13.7));
#3886=CARTESIAN_POINT('',(-13.6008337532453,-32.5499306171144,16.82));
#3887=CARTESIAN_POINT('Origin',(-17.1508337532453,-30.0499306171145,16.32));
#3888=CARTESIAN_POINT('',(-13.6008337532453,-29.5499306171145,16.82));
#3889=CARTESIAN_POINT('',(-13.6008337532453,-30.5499306171144,15.82));
#3890=CARTESIAN_POINT('',(-13.6008337532453,-30.0499306171145,16.32));
#3891=CARTESIAN_POINT('',(-38.6008337532453,-30.5499306171144,15.82));
#3892=CARTESIAN_POINT('',(-17.1508337532453,-30.5499306171144,15.82));
#3893=CARTESIAN_POINT('',(-38.6008337532453,-29.5499306171144,16.82));
#3894=CARTESIAN_POINT('',(-38.6008337532453,-30.5499306171144,15.82));
#3895=CARTESIAN_POINT('',(-17.1508337532453,-29.5499306171145,16.82));
#3896=CARTESIAN_POINT('Origin',(-38.6008337532453,-30.5499306171144,16.82));
#3897=CARTESIAN_POINT('',(-13.6008337532453,-30.5499306171144,13.7));
#3898=CARTESIAN_POINT('',(-13.6008337532453,-30.5499306171144,16.82));
#3899=CARTESIAN_POINT('',(-38.6008337532453,-30.5499306171144,13.7));
#3900=CARTESIAN_POINT('',(-33.5758337532453,-30.5499306171144,13.7));
#3901=CARTESIAN_POINT('',(-38.6008337532453,-30.5499306171144,16.82));
#3902=CARTESIAN_POINT('Origin',(-40.6008337532454,-42.5499306171144,16.32));
#3903=CARTESIAN_POINT('',(-45.1008337532454,-42.5499306171144,16.82));
#3904=CARTESIAN_POINT('Origin',(-40.6008337532454,-42.5499306171144,16.82));
#3905=CARTESIAN_POINT('',(-44.1008337532454,-42.5499306171144,15.82));
#3906=CARTESIAN_POINT('',(-44.6008337532454,-42.5499306171144,16.32));
#3907=CARTESIAN_POINT('',(-37.1008337532454,-42.5499306171144,15.82));
#3908=CARTESIAN_POINT('Origin',(-40.6008337532454,-42.5499306171144,15.82));
#3909=CARTESIAN_POINT('Origin',(-40.6008337532454,-42.5499306171144,15.82));
#3910=CARTESIAN_POINT('Origin',(4.29916624675468,2.15006938288556,16.82));
#3911=CARTESIAN_POINT('',(-45.6008337532453,-21.5499306171144,16.82));
#3912=CARTESIAN_POINT('',(-28.6008337532453,-21.5499306171144,16.82));
#3913=CARTESIAN_POINT('',(-20.6508337532453,-21.5499306171145,16.82));
#3914=CARTESIAN_POINT('',(-28.6008337532453,-1.54993061711445,16.82));
#3915=CARTESIAN_POINT('',(-28.6008337532453,-9.69993061711444,16.82));
#3916=CARTESIAN_POINT('',(-45.6008337532453,-1.54993061711445,16.82));
#3917=CARTESIAN_POINT('',(-12.1508337532453,-1.54993061711445,16.82));
#3918=CARTESIAN_POINT('',(-45.6008337532453,47.4500693828856,16.82));
#3919=CARTESIAN_POINT('',(-45.6008337532454,-43.1499306171144,16.82));
#3920=CARTESIAN_POINT('Origin',(-39.6008337532453,47.4500693828856,16.82));
#3921=CARTESIAN_POINT('',(54.1991662467547,47.4500693828856,16.82));
#3922=CARTESIAN_POINT('Origin',(48.1991662467547,47.4500693828856,16.82));
#3923=CARTESIAN_POINT('',(54.1991662467547,-43.1499306171145,16.82));
#3924=CARTESIAN_POINT('',(54.1991662467547,47.4500693828856,16.82));
#3925=CARTESIAN_POINT('Origin',(48.1991662467547,-43.1499306171144,16.82));
#3926=CARTESIAN_POINT('',(-45.6008337532453,-43.1499306171144,16.82));
#3927=CARTESIAN_POINT('Origin',(-39.6008337532453,-43.1499306171144,16.82));
#3928=CARTESIAN_POINT('',(-45.6008337532454,-43.1499306171144,16.82));
#3929=CARTESIAN_POINT('',(-13.6008337532453,-14.1999306171144,16.82));
#3930=CARTESIAN_POINT('',(-38.6008337532453,-15.1999306171144,16.82));
#3931=CARTESIAN_POINT('',(6.34916624662933,30.1300693829014,16.82));
#3932=CARTESIAN_POINT('Origin',(2.89916624662933,30.1300693829014,16.82));
#3933=CARTESIAN_POINT('',(6.34916624662395,-25.8699306170698,16.82));
#3934=CARTESIAN_POINT('Origin',(2.89916624662395,-25.8699306170698,16.82));
#3935=CARTESIAN_POINT('',(6.34916624662664,2.13006938291579,16.82));
#3936=CARTESIAN_POINT('Origin',(2.89916624662664,2.13006938291579,16.82));
#3937=CARTESIAN_POINT('',(34.3491662466055,2.13006938291346,16.82));
#3938=CARTESIAN_POINT('Origin',(30.8991662466055,2.13006938291346,16.82));
#3939=CARTESIAN_POINT('',(-17.0008337532454,-12.219930617065,16.82));
#3940=CARTESIAN_POINT('',(-12.0008337532453,-12.219930617065,16.82));
#3941=CARTESIAN_POINT('',(-4.35083375324533,-12.219930617065,16.82));
#3942=CARTESIAN_POINT('',(-12.0008337532453,-6.21993061706495,16.82));
#3943=CARTESIAN_POINT('',(-12.0008337532453,-2.0349306170897,16.82));
#3944=CARTESIAN_POINT('',(-17.0008337532453,-6.21993061706495,16.82));
#3945=CARTESIAN_POINT('',(-5.85083375324533,-6.21993061706495,16.82));
#3946=CARTESIAN_POINT('',(-17.0008337532453,-5.03493061708969,16.82));
#3947=CARTESIAN_POINT('',(-17.0008337532453,7.48006938293507,16.82));
#3948=CARTESIAN_POINT('',(-12.0008337532453,7.48006938293507,16.82));
#3949=CARTESIAN_POINT('',(-4.35083375324533,7.48006938293507,16.82));
#3950=CARTESIAN_POINT('',(-12.0008337532453,13.4800693829351,16.82));
#3951=CARTESIAN_POINT('',(-12.0008337532453,7.81506938291031,16.82));
#3952=CARTESIAN_POINT('',(-17.0008337532453,13.4800693829351,16.82));
#3953=CARTESIAN_POINT('',(-5.85083375324533,13.4800693829351,16.82));
#3954=CARTESIAN_POINT('',(-17.0008337532453,4.81506938291031,16.82));
#3955=CARTESIAN_POINT('',(-22.068659244789,3.77579650173797,16.82));
#3956=CARTESIAN_POINT('',(-23.1458675658756,-0.712571502917294,16.82));
#3957=CARTESIAN_POINT('Origin',(-18.8508337532453,0.630069382935063,16.82));
#3958=CARTESIAN_POINT('Origin',(-25.1008337533522,2.13006938291814,16.82));
#3959=CARTESIAN_POINT('',(-21.1008337532454,-42.5499306171144,16.82));
#3960=CARTESIAN_POINT('Origin',(-16.6008337532454,-42.5499306171144,16.82));
#3961=CARTESIAN_POINT('',(-30.1008337532454,-42.5499306171145,16.82));
#3962=CARTESIAN_POINT('Origin',(-25.6008337532454,-42.5499306171145,16.82));
#3963=CARTESIAN_POINT('Origin',(-25.6008337532454,-42.5499306171145,16.82));
#3964=CARTESIAN_POINT('Origin',(-40.6008337532454,-42.5499306171144,16.82));
#3965=CARTESIAN_POINT('',(-37.1008337532454,-42.5499306171144,13.7));
#3966=CARTESIAN_POINT('Origin',(-40.6008337532454,-42.5499306171144,13.7));
#3967=CARTESIAN_POINT('',(-37.1008337532454,-42.5499306171144,16.82));
#3968=CARTESIAN_POINT('Origin',(-25.6008337532454,-42.5499306171145,16.32));
#3969=CARTESIAN_POINT('',(-29.1008337532454,-42.5499306171145,15.82));
#3970=CARTESIAN_POINT('',(-29.6008337532454,-42.5499306171145,16.32));
#3971=CARTESIAN_POINT('',(-22.1008337532454,-42.5499306171145,15.82));
#3972=CARTESIAN_POINT('Origin',(-25.6008337532454,-42.5499306171145,15.82));
#3973=CARTESIAN_POINT('Origin',(-25.6008337532454,-42.5499306171145,15.82));
#3974=CARTESIAN_POINT('Origin',(-25.6008337532454,-42.5499306171145,16.82));
#3975=CARTESIAN_POINT('',(-22.1008337532454,-42.5499306171145,13.7));
#3976=CARTESIAN_POINT('Origin',(-25.6008337532454,-42.5499306171145,13.7));
#3977=CARTESIAN_POINT('',(-22.1008337532454,-42.5499306171145,16.82));
#3978=CARTESIAN_POINT('Origin',(-16.6008337532454,-42.5499306171144,16.32));
#3979=CARTESIAN_POINT('',(-20.1008337532454,-42.5499306171144,15.82));
#3980=CARTESIAN_POINT('',(-20.6008337532454,-42.5499306171144,16.32));
#3981=CARTESIAN_POINT('',(-13.1008337532454,-42.5499306171144,15.82));
#3982=CARTESIAN_POINT('Origin',(-16.6008337532454,-42.5499306171144,15.82));
#3983=CARTESIAN_POINT('Origin',(-16.6008337532454,-42.5499306171144,15.82));
#3984=CARTESIAN_POINT('Origin',(-16.6008337532454,-42.5499306171144,16.82));
#3985=CARTESIAN_POINT('',(-13.1008337532454,-42.5499306171144,13.7));
#3986=CARTESIAN_POINT('Origin',(-16.6008337532454,-42.5499306171144,13.7));
#3987=CARTESIAN_POINT('',(-13.1008337532454,-42.5499306171144,16.82));
#3988=CARTESIAN_POINT('Origin',(-18.8508337532453,0.630069382935063,16.32));
#3989=CARTESIAN_POINT('',(-21.6936262163469,2.67176745359412,15.82));
#3990=CARTESIAN_POINT('Ctrl Pts',(-22.0686592447879,3.77579650173607,16.8199999999979));
#3991=CARTESIAN_POINT('Ctrl Pts',(-22.0642627916752,3.76769624446745,16.8111937293629));
#3992=CARTESIAN_POINT('Ctrl Pts',(-22.0598956927585,3.75957264207266,16.8023945933581));
#3993=CARTESIAN_POINT('Ctrl Pts',(-21.8981177062368,3.45571713100706,16.4744944044281));
#3994=CARTESIAN_POINT('Ctrl Pts',(-21.7812910491967,3.12991020403908,16.165124974562));
#3995=CARTESIAN_POINT('Ctrl Pts',(-21.7076728281369,2.75505693382338,15.8803887475263));
#3996=CARTESIAN_POINT('Ctrl Pts',(-21.7003341369071,2.71395936589294,15.8500606776999));
#3997=CARTESIAN_POINT('Ctrl Pts',(-21.6936262163469,2.67176745359412,15.82));
#3998=CARTESIAN_POINT('',(-22.3106131510669,0.100988558854608,15.82));
#3999=CARTESIAN_POINT('Ctrl Pts',(-22.3106131510669,0.100988558854611,15.82));
#4000=CARTESIAN_POINT('Ctrl Pts',(-22.335739533668,0.0664368793142922,15.8500606776999));
#4001=CARTESIAN_POINT('Ctrl Pts',(-22.3609313029768,0.033146621912899,15.8803887475263));
#4002=CARTESIAN_POINT('Ctrl Pts',(-22.5966606725176,-0.26746322656077,16.165124974562));
#4003=CARTESIAN_POINT('Ctrl Pts',(-22.8486318965493,-0.504758662074045,
16.4744944044281));
#4004=CARTESIAN_POINT('Ctrl Pts',(-23.1306952662614,-0.702092247647115,
16.8023945933587));
#4005=CARTESIAN_POINT('Ctrl Pts',(-23.1382736353699,-0.707348937716471,
16.8111937293643));
#4006=CARTESIAN_POINT('Ctrl Pts',(-23.1458675658756,-0.712571502917296,
16.82));
#4007=CARTESIAN_POINT('Origin',(-18.8508337532453,0.630069382935063,15.82));
#4008=CARTESIAN_POINT('Origin',(-18.8508337532453,0.630069382935063,16.82));
#4009=CARTESIAN_POINT('',(-22.3106131510669,0.100988558854608,13.7));
#4010=CARTESIAN_POINT('',(-22.3106131510669,0.100988558854608,16.82));
#4011=CARTESIAN_POINT('',(-21.6936262163469,2.67176745359412,13.7));
#4012=CARTESIAN_POINT('Origin',(-18.8508337532453,0.630069382935063,13.7));
#4013=CARTESIAN_POINT('',(-21.6936262163469,2.67176745359412,16.82));
#4014=CARTESIAN_POINT('Origin',(-16.5008337532453,4.81506938291031,16.32));
#4015=CARTESIAN_POINT('',(-16.0008337532453,13.4800693829351,15.82));
#4016=CARTESIAN_POINT('',(-16.5008337532453,13.4800693829351,16.32));
#4017=CARTESIAN_POINT('',(-16.0008337532453,7.48006938293507,15.82));
#4018=CARTESIAN_POINT('',(-16.0008337532453,4.81506938291031,15.82));
#4019=CARTESIAN_POINT('',(-15.7508337532453,7.48006938293507,15.57));
#4020=CARTESIAN_POINT('Origin',(-16.0008337532453,7.48006938293507,16.82));
#4021=CARTESIAN_POINT('',(-16.0008337532453,13.4800693829351,12.1));
#4022=CARTESIAN_POINT('',(-16.0008337532453,13.4800693829351,16.82));
#4023=CARTESIAN_POINT('',(-16.0008337532453,7.48006938293507,12.1));
#4024=CARTESIAN_POINT('',(-16.0008337532453,7.48006938293507,12.1));
#4025=CARTESIAN_POINT('',(-16.0008337532453,7.48006938293507,16.82));
#4026=CARTESIAN_POINT('Origin',(-16.5008337532453,-5.03493061708969,16.32));
#4027=CARTESIAN_POINT('',(-16.0008337532453,-6.21993061706495,15.82));
#4028=CARTESIAN_POINT('',(-16.5008337532453,-6.21993061706495,16.32));
#4029=CARTESIAN_POINT('',(-16.0008337532453,-12.219930617065,15.82));
#4030=CARTESIAN_POINT('',(-16.0008337532453,-5.03493061708969,15.82));
#4031=CARTESIAN_POINT('',(-15.7508337532453,-12.219930617065,15.57));
#4032=CARTESIAN_POINT('Origin',(-16.0008337532453,-12.219930617065,16.82));
#4033=CARTESIAN_POINT('',(-16.0008337532453,-6.21993061706495,12.1));
#4034=CARTESIAN_POINT('',(-16.0008337532453,-6.21993061706495,16.82));
#4035=CARTESIAN_POINT('',(-16.0008337532453,-12.219930617065,12.1));
#4036=CARTESIAN_POINT('',(-16.0008337532453,-12.219930617065,12.1));
#4037=CARTESIAN_POINT('',(-16.0008337532453,-12.219930617065,16.82));
#4038=CARTESIAN_POINT('Origin',(-12.5008337532453,-2.0349306170897,16.32));
#4039=CARTESIAN_POINT('',(-13.0008337532453,-12.219930617065,15.82));
#4040=CARTESIAN_POINT('',(-12.5008337532453,-12.219930617065,16.32));
#4041=CARTESIAN_POINT('',(-13.0008337532453,-6.21993061706495,15.82));
#4042=CARTESIAN_POINT('',(-13.0008337532453,-2.0349306170897,15.82));
#4043=CARTESIAN_POINT('',(-13.2508337532453,-6.21993061706495,15.57));
#4044=CARTESIAN_POINT('Origin',(-13.0008337532453,-6.21993061706495,16.82));
#4045=CARTESIAN_POINT('',(-13.0008337532453,-12.219930617065,12.1));
#4046=CARTESIAN_POINT('',(-13.0008337532453,-12.219930617065,16.82));
#4047=CARTESIAN_POINT('',(-13.0008337532453,-6.21993061706495,12.1));
#4048=CARTESIAN_POINT('',(-13.0008337532453,-6.21993061706495,12.1));
#4049=CARTESIAN_POINT('',(-13.0008337532453,-6.21993061706495,13.7));
#4050=CARTESIAN_POINT('Origin',(-12.5008337532453,7.81506938291031,16.32));
#4051=CARTESIAN_POINT('',(-13.0008337532453,7.48006938293507,15.82));
#4052=CARTESIAN_POINT('',(-12.5008337532453,7.48006938293507,16.32));
#4053=CARTESIAN_POINT('',(-13.0008337532453,13.4800693829351,15.82));
#4054=CARTESIAN_POINT('',(-13.0008337532453,7.81506938291031,15.82));
#4055=CARTESIAN_POINT('',(-13.2508337532453,13.4800693829351,15.57));
#4056=CARTESIAN_POINT('Origin',(-13.0008337532453,13.4800693829351,16.82));
#4057=CARTESIAN_POINT('',(-13.0008337532453,7.48006938293507,12.1));
#4058=CARTESIAN_POINT('',(-13.0008337532453,7.48006938293507,16.82));
#4059=CARTESIAN_POINT('',(-13.0008337532453,13.4800693829351,12.1));
#4060=CARTESIAN_POINT('',(-13.0008337532453,13.4800693829351,12.1));
#4061=CARTESIAN_POINT('',(-13.0008337532453,13.4800693829351,13.7));
#4062=CARTESIAN_POINT('Origin',(-14.5008337532453,-9.21993061706495,12.1));
#4063=CARTESIAN_POINT('',(-13.0008337532453,-12.219930617065,12.1));
#4064=CARTESIAN_POINT('',(-16.0008337532453,-6.21993061706495,12.1));
#4065=CARTESIAN_POINT('Origin',(-14.5008337532453,10.4800693829351,12.1));
#4066=CARTESIAN_POINT('',(-13.0008337532453,7.48006938293507,12.1));
#4067=CARTESIAN_POINT('',(-16.0008337532453,13.4800693829351,12.1));
#4068=CARTESIAN_POINT('Origin',(-16.6008337532454,-42.5499306171144,13.7));
#4069=CARTESIAN_POINT('',(-14.996394704975,-42.9349959886884,13.7));
#4070=CARTESIAN_POINT('Origin',(-16.6008337532454,-42.5499306171144,13.7));
#4071=CARTESIAN_POINT('',(-14.996394704975,-42.9349959886884,19.82));
#4072=CARTESIAN_POINT('',(-14.996394704975,-42.9349959886884,13.7));
#4073=CARTESIAN_POINT('Origin',(-16.6008337532454,-42.5499306171144,19.82));
#4074=CARTESIAN_POINT('Origin',(-25.6008337532454,-42.5499306171144,13.7));
#4075=CARTESIAN_POINT('',(-23.996394704975,-42.9349959886884,13.7));
#4076=CARTESIAN_POINT('Origin',(-25.6008337532454,-42.5499306171144,13.7));
#4077=CARTESIAN_POINT('',(-23.996394704975,-42.9349959886884,19.82));
#4078=CARTESIAN_POINT('',(-23.996394704975,-42.9349959886884,13.7));
#4079=CARTESIAN_POINT('Origin',(-25.6008337532454,-42.5499306171144,19.82));
#4080=CARTESIAN_POINT('Origin',(-18.8508337532453,0.630069382935063,13.7));
#4081=CARTESIAN_POINT('',(-17.246394704975,0.245004011361116,13.7));
#4082=CARTESIAN_POINT('Origin',(-18.8508337532453,0.630069382935063,13.7));
#4083=CARTESIAN_POINT('',(-17.246394704975,0.245004011361116,19.82));
#4084=CARTESIAN_POINT('',(-17.246394704975,0.245004011361116,13.7));
#4085=CARTESIAN_POINT('Origin',(-18.8508337532453,0.630069382935063,19.82));
#4086=CARTESIAN_POINT('Origin',(-40.6008337532453,-42.5499306171144,13.7));
#4087=CARTESIAN_POINT('',(-38.996394704975,-42.9349959886884,13.7));
#4088=CARTESIAN_POINT('Origin',(-40.6008337532453,-42.5499306171144,13.7));
#4089=CARTESIAN_POINT('',(-38.996394704975,-42.9349959886884,19.82));
#4090=CARTESIAN_POINT('',(-38.996394704975,-42.9349959886884,13.7));
#4091=CARTESIAN_POINT('Origin',(-40.6008337532453,-42.5499306171144,19.82));
#4092=CARTESIAN_POINT('Origin',(-16.0008337532453,-6.21993061706495,16.82));
#4093=CARTESIAN_POINT('Origin',(-13.0008337532453,-12.219930617065,16.82));
#4094=CARTESIAN_POINT('Origin',(-16.0008337532453,13.4800693829351,16.82));
#4095=CARTESIAN_POINT('Origin',(-13.0008337532453,7.48006938293507,16.82));
#4096=CARTESIAN_POINT('Origin',(-28.5508337532453,-16.2849306170897,13.7));
#4097=CARTESIAN_POINT('Origin',(-28.5508337532453,-16.2849306170897,13.7));
#4098=CARTESIAN_POINT('Origin',(-28.5508337532453,-16.2849306170897,13.7));
#4099=CARTESIAN_POINT('Origin',(-25.1008337533522,2.13006938291814,13.7));
#4100=CARTESIAN_POINT('Origin',(-25.1008337533522,2.13006938291814,16.82));
#4101=CARTESIAN_POINT('',(-21.6508337533522,2.13006938291814,16.82));
#4102=CARTESIAN_POINT('Origin',(-25.1008337533522,2.13006938291814,16.82));
#4103=CARTESIAN_POINT('Origin',(-25.1008337533522,2.13006938291814,16.82));
#4104=CARTESIAN_POINT('Origin',(-28.5508337532453,-16.2849306170897,13.7));
#4105=CARTESIAN_POINT('Origin',(-28.5508337532453,-16.2849306170897,13.7));
#4106=CARTESIAN_POINT('',(-13.6008337532453,-23.4174306171021,13.7));
#4107=CARTESIAN_POINT('',(-38.6008337532453,-24.4174306171021,13.7));
#4108=CARTESIAN_POINT('Origin',(-38.6008337532453,-32.5499306171144,16.82));
#4109=CARTESIAN_POINT('Origin',(-13.6008337532453,-30.5499306171144,16.82));
#4110=CARTESIAN_POINT('Origin',(-45.6008337532453,-21.5499306171144,16.82));
#4111=CARTESIAN_POINT('',(-28.6008337532453,-21.5499306171144,19.82));
#4112=CARTESIAN_POINT('',(-45.6008337532453,-21.5499306171144,19.82));
#4113=CARTESIAN_POINT('',(-21.4868061213108,-21.5499306171145,19.82));
#4114=CARTESIAN_POINT('',(-28.6008337532453,-21.5499306171144,16.82));
#4115=CARTESIAN_POINT('',(-45.6008337532453,-21.5499306171144,16.82));
#4116=CARTESIAN_POINT('Origin',(-28.6008337532453,-1.54993061711445,16.82));
#4117=CARTESIAN_POINT('',(-45.6008337532453,-1.54993061711445,19.82));
#4118=CARTESIAN_POINT('',(-28.6008337532453,-1.54993061711445,19.82));
#4119=CARTESIAN_POINT('',(-12.9868061213108,-1.54993061711445,19.82));
#4120=CARTESIAN_POINT('',(-45.6008337532453,-1.54993061711445,16.82));
#4121=CARTESIAN_POINT('',(-28.6008337532453,-1.54993061711445,16.82));
#4122=CARTESIAN_POINT('Origin',(-28.6008337532453,-21.5499306171144,16.82));
#4123=CARTESIAN_POINT('',(-28.6008337532453,-9.69993061711673,19.82));
#4124=CARTESIAN_POINT('Origin',(-51.1008337533197,-25.8699306170649,12.9));
#4125=CARTESIAN_POINT('',(-49.4508337533197,-25.8699306170649,13.8));
#4126=CARTESIAN_POINT('Origin',(-51.1008337533197,-25.8699306170649,13.8));
#4127=CARTESIAN_POINT('',(-47.6508337533197,-25.8699306170649,12.));
#4128=CARTESIAN_POINT('',(-48.5508337533197,-25.8699306170649,12.9));
#4129=CARTESIAN_POINT('Origin',(-51.1008337533197,-25.8699306170649,12.));
#4130=CARTESIAN_POINT('Origin',(-57.6008337532453,17.6218133423527,12.));
#4131=CARTESIAN_POINT('',(-57.6008337532453,-12.2199306170649,12.));
#4132=CARTESIAN_POINT('',(-46.2508337532453,-12.2199306170649,12.));
#4133=CARTESIAN_POINT('',(-43.089649998664,-12.2199306170649,12.));
#4134=CARTESIAN_POINT('',(-46.2508337532453,-37.3781861455632,12.));
#4135=CARTESIAN_POINT('',(-46.2508337532453,-37.3781861455632,12.));
#4136=CARTESIAN_POINT('',(-57.6008337532453,-37.3781861455632,12.));
#4137=CARTESIAN_POINT('',(-57.6008337532453,-37.3781861455632,12.));
#4138=CARTESIAN_POINT('',(-57.6008337532453,30.1359413626191,12.));
#4139=CARTESIAN_POINT('Origin',(-51.1008337533197,-25.8699306170649,0.));
#4140=CARTESIAN_POINT('',(-49.4508337533197,-25.8699306170649,19.82));
#4141=CARTESIAN_POINT('',(-49.4508337533197,-25.8699306170649,0.));
#4142=CARTESIAN_POINT('Origin',(-51.1008337533197,-25.8699306170649,19.82));
#4143=CARTESIAN_POINT('Origin',(-47.6008337532453,5.70506938293506,13.7));
#4144=CARTESIAN_POINT('',(-47.6008337532453,5.70506938293506,13.7));
#4145=CARTESIAN_POINT('',(-57.6008337532453,5.70506938293507,13.7));
#4146=CARTESIAN_POINT('',(-46.0737835281786,5.70506938293506,13.7));
#4147=CARTESIAN_POINT('',(-47.6008337532453,5.70506938293506,17.7));
#4148=CARTESIAN_POINT('',(-47.6008337532453,5.70506938293506,13.7));
#4149=CARTESIAN_POINT('',(-57.6008337532453,5.70506938293507,17.7));
#4150=CARTESIAN_POINT('',(-57.6008337532453,5.70506938293507,17.7));
#4151=CARTESIAN_POINT('',(-57.6008337532453,5.70506938293507,6.85));
#4152=CARTESIAN_POINT('Origin',(-47.6008337532453,-4.44493061706494,13.7));
#4153=CARTESIAN_POINT('',(-47.6008337532453,-4.44493061706494,13.7));
#4154=CARTESIAN_POINT('',(-47.6008337532453,-1.90743061706494,13.7));
#4155=CARTESIAN_POINT('',(-47.6008337532453,-4.44493061706494,17.7));
#4156=CARTESIAN_POINT('',(-47.6008337532453,-4.44493061706494,13.7));
#4157=CARTESIAN_POINT('',(-47.6008337532453,5.70506938293506,17.7));
#4158=CARTESIAN_POINT('Origin',(-57.6008337532453,-4.44493061706493,13.7));
#4159=CARTESIAN_POINT('',(-57.6008337532453,-4.44493061706493,13.7));
#4160=CARTESIAN_POINT('',(-51.0737835281786,-4.44493061706494,13.7));
#4161=CARTESIAN_POINT('',(-57.6008337532453,-4.44493061706493,17.7));
#4162=CARTESIAN_POINT('',(-57.6008337532453,-4.44493061706494,6.85));
#4163=CARTESIAN_POINT('',(-47.6008337532453,-4.44493061706494,17.7));
#4164=CARTESIAN_POINT('Origin',(-52.6008337532453,0.630069382935066,17.7));
#4165=CARTESIAN_POINT('',(-57.6008337532453,21.6400693829103,17.7));
#4166=CARTESIAN_POINT('Origin',(-44.5467333031118,0.630069382935061,13.7));
#4167=CARTESIAN_POINT('',(-57.6008337532453,13.4800693829351,13.7));
#4168=CARTESIAN_POINT('',(-57.6008337532453,21.6400693829103,13.7));
#4169=CARTESIAN_POINT('',(-45.6008337532453,13.4800693829351,13.7));
#4170=CARTESIAN_POINT('',(-60.5150003621409,13.4800693829351,13.7));
#4171=CARTESIAN_POINT('',(-45.6008337532453,-12.2199306170649,13.7));
#4172=CARTESIAN_POINT('',(-45.6008337532453,24.0400693829103,13.7));
#4173=CARTESIAN_POINT('',(-57.6008337532453,-12.2199306170649,13.7));
#4174=CARTESIAN_POINT('',(-28.5784662440827,-12.2199306170649,13.7));
#4175=CARTESIAN_POINT('',(-57.6008337532453,21.6400693829103,13.7));
#4176=CARTESIAN_POINT('',(-52.9508337532453,10.8800693829351,13.7));
#4177=CARTESIAN_POINT('Origin',(-54.6008337532453,10.8800693829351,13.7));
#4178=CARTESIAN_POINT('',(-52.9508337532453,-9.61993061706494,13.7));
#4179=CARTESIAN_POINT('Origin',(-54.6008337532453,-9.61993061706494,13.7));
#4180=CARTESIAN_POINT('Origin',(-43.0023954264606,30.5543323816924,0.));
#4181=CARTESIAN_POINT('',(-45.6008337532453,30.5543323816924,1.78249415379331));
#4182=CARTESIAN_POINT('',(-45.6008337532453,30.5543323816924,0.));
#4183=CARTESIAN_POINT('',(-49.5063115960067,30.5543323803466,1.78249415159906));
#4184=CARTESIAN_POINT('',(-57.6008337532453,30.5543323816924,1.78249415379331));
#4185=CARTESIAN_POINT('',(-49.5063115967228,30.5543323816924,0.));
#4186=CARTESIAN_POINT('Origin',(-43.0023954264606,30.5543323816924,0.));
#4187=CARTESIAN_POINT('',(-57.6008337532453,30.5543323816924,1.78249415379331));
#4188=CARTESIAN_POINT('',(-57.6008337532453,30.5543323816924,0.));
#4189=CARTESIAN_POINT('',(-52.6953559106219,30.5543323803466,1.78249415159906));
#4190=CARTESIAN_POINT('',(-52.6953559099057,30.5543323816924,0.));
#4191=CARTESIAN_POINT('',(-57.6008337532453,30.5543323816924,1.78249415379331));
#4192=CARTESIAN_POINT('Origin',(-51.6262877941991,-2.34132815185383,10.));
#4193=CARTESIAN_POINT('',(-45.6008337532454,-35.2369886854,10.));
#4194=CARTESIAN_POINT('',(-45.6008337532453,-12.2199306170649,10.));
#4195=CARTESIAN_POINT('',(-45.6008337532453,22.5543706155159,10.));
#4196=CARTESIAN_POINT('',(-46.2508337532453,-35.2369886854,10.));
#4197=CARTESIAN_POINT('',(-43.0023954264606,-35.2369886854,10.));
#4198=CARTESIAN_POINT('',(-46.2508337532453,-12.2199306170649,10.));
#4199=CARTESIAN_POINT('',(-46.2508337532453,-6.10975727672954,10.));
#4200=CARTESIAN_POINT('',(-40.1023770191409,-12.2199306170649,10.));
#4201=CARTESIAN_POINT('Origin',(-60.2501801619376,-35.2369886854,0.));
#4202=CARTESIAN_POINT('',(-45.6008337532454,-35.2369886854,0.));
#4203=CARTESIAN_POINT('',(-46.2508337532453,-35.2369886854,2.99999999999903));
#4204=CARTESIAN_POINT('Origin',(-51.6262877941991,-2.34132815185383,10.));
#4205=CARTESIAN_POINT('',(-57.6008337532453,17.8982840719643,10.));
#4206=CARTESIAN_POINT('',(-57.6008337532453,17.6218133423527,10.));
#4207=CARTESIAN_POINT('',(-57.6008337532453,20.1543706155159,10.));
#4208=CARTESIAN_POINT('',(-45.6008337532453,17.8982840719643,10.));
#4209=CARTESIAN_POINT('',(-57.6008337532453,17.8982840719643,10.));
#4210=CARTESIAN_POINT('',(-45.6008337532453,13.4800693829351,10.));
#4211=CARTESIAN_POINT('',(-45.6008337532453,22.5543706155159,10.));
#4212=CARTESIAN_POINT('',(-46.2508337532453,13.4800693829351,10.));
#4213=CARTESIAN_POINT('',(-56.07064407817,13.4800693829351,10.));
#4214=CARTESIAN_POINT('',(-46.2508337532453,17.6218133423527,10.));
#4215=CARTESIAN_POINT('',(-46.2508337532453,-6.10975727672954,10.));
#4216=CARTESIAN_POINT('',(-54.6135607737222,17.6218133423527,10.));
#4217=CARTESIAN_POINT('Origin',(-28.5784662440827,-12.2199306170649,12.));
#4218=CARTESIAN_POINT('',(-46.2508337532453,-12.2199306170649,8.99999999999903));
#4219=CARTESIAN_POINT('',(-57.6008337532453,-12.2199306170649,6.));
#4220=CARTESIAN_POINT('',(-45.6008337532453,-12.2199306170649,6.));
#4221=CARTESIAN_POINT('Origin',(-46.2508337532453,-9.87818640160525,5.99999999999806));
#4222=CARTESIAN_POINT('',(-46.2508337532453,-37.3781861455632,-3.89022147828655E-12));
#4223=CARTESIAN_POINT('Origin',(-51.1008337533143,30.1300693829063,0.));
#4224=CARTESIAN_POINT('Ctrl Pts',(-49.5063115960067,30.5543323790008,1.78249415159906));
#4225=CARTESIAN_POINT('Ctrl Pts',(-49.5295081564689,30.6415128071098,1.8535657409721));
#4226=CARTESIAN_POINT('Ctrl Pts',(-49.5599232937311,30.7269123558258,1.92631072346393));
#4227=CARTESIAN_POINT('Ctrl Pts',(-49.6933755501845,31.0224737616727,2.18877991776851));
#4228=CARTESIAN_POINT('Ctrl Pts',(-49.835581278525,31.2135204051509,2.38028359207337));
#4229=CARTESIAN_POINT('Ctrl Pts',(-50.1359277220038,31.4796221491844,2.66801735067285));
#4230=CARTESIAN_POINT('Ctrl Pts',(-50.3001711877094,31.5869080345671,2.79305703323932));
#4231=CARTESIAN_POINT('Ctrl Pts',(-50.5819647590835,31.6996265257767,2.92980186778316));
#4232=CARTESIAN_POINT('Ctrl Pts',(-50.6818341121415,31.729447548557,2.96701017472907));
#4233=CARTESIAN_POINT('Ctrl Pts',(-50.8881292923455,31.7696648194016,3.01757414712852));
#4234=CARTESIAN_POINT('Ctrl Pts',(-50.9945590350702,31.7800693829063,3.0309072206456));
#4235=CARTESIAN_POINT('Ctrl Pts',(-51.2071084715583,31.7800693829063,3.0309072206456));
#4236=CARTESIAN_POINT('Ctrl Pts',(-51.3135382142831,31.7696648194016,3.01757414712852));
#4237=CARTESIAN_POINT('Ctrl Pts',(-51.5198333944871,31.729447548557,2.96701017472907));
#4238=CARTESIAN_POINT('Ctrl Pts',(-51.6197027475451,31.6996265257767,2.92980186778316));
#4239=CARTESIAN_POINT('Ctrl Pts',(-51.9014963189191,31.5869080345671,2.79305703323933));
#4240=CARTESIAN_POINT('Ctrl Pts',(-52.0657397846248,31.4796221491844,2.66801735067286));
#4241=CARTESIAN_POINT('Ctrl Pts',(-52.3660862281036,31.2135204051509,2.38028359207337));
#4242=CARTESIAN_POINT('Ctrl Pts',(-52.508291956444,31.0224737616727,2.18877991776851));
#4243=CARTESIAN_POINT('Ctrl Pts',(-52.6417442128975,30.7269123558258,1.92631072346392));
#4244=CARTESIAN_POINT('Ctrl Pts',(-52.6721593501597,30.6415128071098,1.85356574097209));
#4245=CARTESIAN_POINT('Ctrl Pts',(-52.6953559106219,30.5543323790008,1.78249415159906));
#4246=CARTESIAN_POINT('Origin',(-60.5150003621409,13.4800693829351,12.));
#4247=CARTESIAN_POINT('',(-45.6008337532453,13.4800693829351,6.));
#4248=CARTESIAN_POINT('',(-57.6008337532453,13.4800693829351,12.));
#4249=CARTESIAN_POINT('',(-57.6008337532453,13.4800693829351,6.));
#4250=CARTESIAN_POINT('',(-46.2508337532453,13.4800693829351,12.));
#4251=CARTESIAN_POINT('',(-59.0579170576931,13.4800693829351,12.));
#4252=CARTESIAN_POINT('',(-46.2508337532453,13.4800693829351,8.99999999999903));
#4253=CARTESIAN_POINT('Origin',(-57.6008337532453,25.5468133423527,7.92499999999734));
#4254=CARTESIAN_POINT('Origin',(-45.6008337532453,25.5468133423527,7.92499999999734));
#4255=CARTESIAN_POINT('Origin',(-57.6008337532453,25.5468133423527,7.92499999999734));
#4256=CARTESIAN_POINT('',(-51.1008337533143,28.4800693829063,15.2871759012209));
#4257=CARTESIAN_POINT('',(-49.4508337533143,30.1300693829063,14.39024470277));
#4258=CARTESIAN_POINT('Ctrl Pts',(-51.1008337533143,28.4800693829063,15.2871759012209));
#4259=CARTESIAN_POINT('Ctrl Pts',(-51.3053558932948,28.4800693829063,15.2871759012209));
#4260=CARTESIAN_POINT('Ctrl Pts',(-51.5225467213512,28.5205791267299,15.2714234540923));
#4261=CARTESIAN_POINT('Ctrl Pts',(-51.9191974771603,28.6814213494938,15.2042481415283));
#4262=CARTESIAN_POINT('Ctrl Pts',(-52.0986148800194,28.8016363236184,15.152293938289));
#4263=CARTESIAN_POINT('Ctrl Pts',(-52.4057471407492,29.0944261658249,15.0137844525091));
#4264=CARTESIAN_POINT('Ctrl Pts',(-52.5409304922365,29.2933999736782,14.9126522256848));
#4265=CARTESIAN_POINT('Ctrl Pts',(-52.7132165167239,29.7127974506658,14.67101896195));
#4266=CARTESIAN_POINT('Ctrl Pts',(-52.7508337533143,29.9327737276783,14.5301089376396));
#4267=CARTESIAN_POINT('Ctrl Pts',(-52.7508337533143,30.3594901951206,14.2276067251294));
#4268=CARTESIAN_POINT('Ctrl Pts',(-52.701001873216,30.5956723314427,14.0402351542364));
#4269=CARTESIAN_POINT('Ctrl Pts',(-52.508291956444,31.0224737616727,13.6612200822262));
#4270=CARTESIAN_POINT('Ctrl Pts',(-52.3660862281036,31.2135204051509,13.4697164079213));
#4271=CARTESIAN_POINT('Ctrl Pts',(-52.0657397846248,31.4796221491844,13.1819826493218));
#4272=CARTESIAN_POINT('Ctrl Pts',(-51.9014963189191,31.5869080345671,13.0569429667554));
#4273=CARTESIAN_POINT('Ctrl Pts',(-51.6197027475451,31.6996265257767,12.9201981322115));
#4274=CARTESIAN_POINT('Ctrl Pts',(-51.5198333944871,31.729447548557,12.8829898252656));
#4275=CARTESIAN_POINT('Ctrl Pts',(-51.3135382142831,31.7696648194017,12.8324258528662));
#4276=CARTESIAN_POINT('Ctrl Pts',(-51.2071084715583,31.7800693829063,12.8190927793491));
#4277=CARTESIAN_POINT('Ctrl Pts',(-50.9945590350702,31.7800693829063,12.8190927793491));
#4278=CARTESIAN_POINT('Ctrl Pts',(-50.8881292923455,31.7696648194016,12.8324258528662));
#4279=CARTESIAN_POINT('Ctrl Pts',(-50.6818341121415,31.729447548557,12.8829898252656));
#4280=CARTESIAN_POINT('Ctrl Pts',(-50.5819647590835,31.6996265257767,12.9201981322115));
#4281=CARTESIAN_POINT('Ctrl Pts',(-50.3001711877094,31.5869080345671,13.0569429667554));
#4282=CARTESIAN_POINT('Ctrl Pts',(-50.1359277220038,31.4796221491844,13.1819826493218));
#4283=CARTESIAN_POINT('Ctrl Pts',(-49.835581278525,31.2135204051509,13.4697164079213));
#4284=CARTESIAN_POINT('Ctrl Pts',(-49.6933755501845,31.0224737616727,13.6612200822262));
#4285=CARTESIAN_POINT('Ctrl Pts',(-49.5006656334126,30.5956723314427,14.0402351542364));
#4286=CARTESIAN_POINT('Ctrl Pts',(-49.4508337533143,30.3594901951206,14.2276067251294));
#4287=CARTESIAN_POINT('Ctrl Pts',(-49.4508337533143,30.1300693829063,14.39024470277));
#4288=CARTESIAN_POINT('Ctrl Pts',(-49.4508337533143,30.1300693829063,14.39024470277));
#4289=CARTESIAN_POINT('Ctrl Pts',(-49.4508337533143,29.9327737276783,14.5301089376396));
#4290=CARTESIAN_POINT('Ctrl Pts',(-49.4884509899046,29.7127974506658,14.67101896195));
#4291=CARTESIAN_POINT('Ctrl Pts',(-49.660737014392,29.2933999736782,14.9126522256848));
#4292=CARTESIAN_POINT('Ctrl Pts',(-49.7959203658793,29.0944261658249,15.0137844525091));
#4293=CARTESIAN_POINT('Ctrl Pts',(-50.1030526266091,28.8016363236184,15.152293938289));
#4294=CARTESIAN_POINT('Ctrl Pts',(-50.2824700294683,28.6814213494938,15.2042481415283));
#4295=CARTESIAN_POINT('Ctrl Pts',(-50.6791207852774,28.5205791267299,15.2714234540923));
#4296=CARTESIAN_POINT('Ctrl Pts',(-50.8963116133338,28.4800693829063,15.2871759012209));
#4297=CARTESIAN_POINT('Ctrl Pts',(-51.1008337533143,28.4800693829063,15.2871759012209));
#4298=CARTESIAN_POINT('Origin',(-54.6008337532453,-9.61993061706494,13.7));
#4299=CARTESIAN_POINT('',(-52.9508337532453,-9.61993061706494,19.82));
#4300=CARTESIAN_POINT('',(-52.9508337532453,-9.61993061706494,13.7));
#4301=CARTESIAN_POINT('Origin',(-54.6008337532453,-9.61993061706494,19.82));
#4302=CARTESIAN_POINT('Origin',(-54.6008337532453,10.8800693829351,13.7));
#4303=CARTESIAN_POINT('',(-52.9508337532453,10.8800693829351,19.82));
#4304=CARTESIAN_POINT('',(-52.9508337532453,10.8800693829351,13.7));
#4305=CARTESIAN_POINT('Origin',(-54.6008337532453,10.8800693829351,19.82));
#4306=CARTESIAN_POINT('Origin',(2.62722151062367,2.15006938288098,0.));
#4307=CARTESIAN_POINT('',(-19.803040302686,-50.1499306171144,0.));
#4308=CARTESIAN_POINT('Origin',(-46.2508337532453,-9.87818640160525,5.99999999999806));
#4309=CARTESIAN_POINT('',(-46.2508337532453,17.6218133423527,12.));
#4310=CARTESIAN_POINT('',(-46.2508337532453,-37.3781861455632,12.));
#4311=CARTESIAN_POINT('',(-46.2508337532453,17.6218133423527,12.));
#4312=CARTESIAN_POINT('Origin',(-57.6008337532453,42.6500693828856,0.));
#4313=CARTESIAN_POINT('',(-57.6008337532453,-37.3781861455632,6.00000000000001));
#4314=CARTESIAN_POINT('',(-57.6008337532453,-38.3499306171145,19.82));
#4315=CARTESIAN_POINT('',(-57.6008337532453,-38.3499306171145,0.));
#4316=CARTESIAN_POINT('',(-57.6008337532453,42.6500693828856,19.82));
#4317=CARTESIAN_POINT('',(-57.6008337532453,42.6500693828856,19.82));
#4318=CARTESIAN_POINT('',(-57.6008337532453,42.6500693828856,0.));
#4319=CARTESIAN_POINT('',(-57.6008337532453,17.6218133423527,12.));
#4320=CARTESIAN_POINT('',(-57.6008337532453,17.6218133423527,-1.94511073914327E-12));
#4321=CARTESIAN_POINT('',(-57.6008337532453,30.1359413626191,12.));
#4322=CARTESIAN_POINT('Origin',(-57.6008337532453,17.6218133423527,12.));
#4323=CARTESIAN_POINT('',(-57.6008337532453,17.6218133423527,12.));
#4324=CARTESIAN_POINT('Origin',(-57.6008337532453,17.6218133423527,-3.89022147828655E-12));
#4325=CARTESIAN_POINT('Origin',(-57.6008337532453,-37.3781861455632,12.));
#4326=CARTESIAN_POINT('Origin',(2.89916624662933,30.1300693829014,17.72));
#4327=CARTESIAN_POINT('',(4.54916624662932,30.1300693829014,18.62));
#4328=CARTESIAN_POINT('',(5.44916624662932,30.1300693829014,17.72));
#4329=CARTESIAN_POINT('Origin',(2.89916624662933,30.1300693829014,18.62));
#4330=CARTESIAN_POINT('Origin',(2.89916624662933,30.1300693829014,0.));
#4331=CARTESIAN_POINT('',(4.54916624662932,30.1300693829014,19.82));
#4332=CARTESIAN_POINT('',(4.54916624662932,30.1300693829014,0.));
#4333=CARTESIAN_POINT('Origin',(2.89916624662933,30.1300693829014,19.82));
#4334=CARTESIAN_POINT('Origin',(30.8991662466055,2.13006938291346,17.72));
#4335=CARTESIAN_POINT('',(32.5491662466055,2.13006938291346,18.62));
#4336=CARTESIAN_POINT('',(33.4491662466055,2.13006938291346,17.72));
#4337=CARTESIAN_POINT('Origin',(30.8991662466055,2.13006938291346,18.62));
#4338=CARTESIAN_POINT('Origin',(30.8991662466055,2.13006938291346,0.));
#4339=CARTESIAN_POINT('',(32.5491662466055,2.13006938291346,19.82));
#4340=CARTESIAN_POINT('',(32.5491662466055,2.13006938291346,0.));
#4341=CARTESIAN_POINT('Origin',(30.8991662466055,2.13006938291346,19.82));
#4342=CARTESIAN_POINT('Origin',(2.89916624662395,-25.8699306170698,17.72));
#4343=CARTESIAN_POINT('',(4.54916624662395,-25.8699306170698,18.62));
#4344=CARTESIAN_POINT('',(5.44916624662395,-25.8699306170698,17.72));
#4345=CARTESIAN_POINT('Origin',(2.89916624662395,-25.8699306170698,18.62));
#4346=CARTESIAN_POINT('Origin',(2.89916624662395,-25.8699306170698,0.));
#4347=CARTESIAN_POINT('',(4.54916624662395,-25.8699306170698,19.82));
#4348=CARTESIAN_POINT('',(4.54916624662395,-25.8699306170698,0.));
#4349=CARTESIAN_POINT('Origin',(2.89916624662395,-25.8699306170698,19.82));
#4350=CARTESIAN_POINT('Origin',(2.89916624662664,2.13006938291579,17.72));
#4351=CARTESIAN_POINT('',(4.54916624662664,2.13006938291579,18.62));
#4352=CARTESIAN_POINT('',(5.44916624662664,2.13006938291579,17.72));
#4353=CARTESIAN_POINT('Origin',(2.89916624662664,2.13006938291579,18.62));
#4354=CARTESIAN_POINT('Origin',(2.89916624662664,2.13006938291579,0.));
#4355=CARTESIAN_POINT('',(4.54916624662664,2.13006938291579,19.82));
#4356=CARTESIAN_POINT('',(4.54916624662664,2.13006938291579,0.));
#4357=CARTESIAN_POINT('Origin',(2.89916624662664,2.13006938291579,19.82));
#4358=CARTESIAN_POINT('Origin',(-25.1008337533522,2.13006938291814,17.72));
#4359=CARTESIAN_POINT('',(-23.4508337533522,2.13006938291814,18.62));
#4360=CARTESIAN_POINT('',(-22.5508337533522,2.13006938291814,17.72));
#4361=CARTESIAN_POINT('Origin',(-25.1008337533522,2.13006938291814,18.62));
#4362=CARTESIAN_POINT('Origin',(-25.1008337533522,2.13006938291814,0.));
#4363=CARTESIAN_POINT('',(-23.4508337533522,2.13006938291814,19.82));
#4364=CARTESIAN_POINT('',(-23.4508337533522,2.13006938291814,0.));
#4365=CARTESIAN_POINT('Origin',(-25.1008337533522,2.13006938291814,19.82));
#4366=CARTESIAN_POINT('Origin',(-51.1008337533143,30.1300693829063,0.));
#4367=CARTESIAN_POINT('',(-49.4508337533143,30.1300693829063,19.82));
#4368=CARTESIAN_POINT('',(-49.4508337533143,30.1300693829063,0.));
#4369=CARTESIAN_POINT('Origin',(-51.1008337533143,30.1300693829063,19.82));
#4370=CARTESIAN_POINT('Origin',(54.1991662467547,-43.1499306171145,0.));
#4371=CARTESIAN_POINT('',(54.1991662467547,-43.1499306171145,0.));
#4372=CARTESIAN_POINT('',(54.1991662467547,47.4500693828856,0.));
#4373=CARTESIAN_POINT('',(54.1991662467547,15.1300693829005,14.9699999999453));
#4374=CARTESIAN_POINT('Origin',(54.1991662467547,15.1300693829005,12.8199999999453));
#4375=CARTESIAN_POINT('',(54.1991662467547,-10.8699306170854,14.9699999999467));
#4376=CARTESIAN_POINT('Origin',(54.1991662467547,-10.8699306170854,12.8199999999467));
#4377=CARTESIAN_POINT('',(54.1991662467547,41.1300693828864,14.9699999999439));
#4378=CARTESIAN_POINT('Origin',(54.1991662467547,41.1300693828864,12.8199999999439));
#4379=CARTESIAN_POINT('',(54.1991662467547,-36.8699306170713,14.969999999948));
#4380=CARTESIAN_POINT('Origin',(54.1991662467547,-36.8699306170713,12.819999999948));
#4381=CARTESIAN_POINT('Origin',(48.1991662467547,-43.1499306171144,0.));
#4382=CARTESIAN_POINT('Origin',(-39.6008337532453,-43.1499306171144,0.));
#4383=CARTESIAN_POINT('',(-45.6008337532454,-43.1499306171144,0.));
#4384=CARTESIAN_POINT('Origin',(-45.6008337532453,47.4500693828856,0.));
#4385=CARTESIAN_POINT('',(-45.6008337532453,47.4500693828856,0.));
#4386=CARTESIAN_POINT('',(-45.6008337532453,0.300069382883278,19.82));
#4387=CARTESIAN_POINT('Origin',(-39.6008337532453,47.4500693828856,0.));
#4388=CARTESIAN_POINT('Origin',(48.1991662467547,47.4500693828856,0.));
#4389=CARTESIAN_POINT('Origin',(60.1991662467547,15.1300693829005,12.8199999999453));
#4390=CARTESIAN_POINT('',(60.1991662467547,15.1300693829005,14.9699999999453));
#4391=CARTESIAN_POINT('Origin',(60.1991662467547,15.1300693829005,12.8199999999453));
#4392=CARTESIAN_POINT('',(60.1991662467547,15.1300693829005,14.9699999999453));
#4393=CARTESIAN_POINT('Origin',(60.1991662467547,-10.8699306170854,12.8199999999467));
#4394=CARTESIAN_POINT('',(60.1991662467547,-10.8699306170854,14.9699999999467));
#4395=CARTESIAN_POINT('Origin',(60.1991662467547,-10.8699306170854,12.8199999999467));
#4396=CARTESIAN_POINT('',(60.1991662467547,-10.8699306170854,14.9699999999467));
#4397=CARTESIAN_POINT('Origin',(60.1991662467547,41.1300693828864,12.8199999999439));
#4398=CARTESIAN_POINT('',(60.1991662467547,41.1300693828864,14.9699999999439));
#4399=CARTESIAN_POINT('Origin',(60.1991662467547,41.1300693828864,12.8199999999439));
#4400=CARTESIAN_POINT('',(60.1991662467547,41.1300693828864,14.9699999999439));
#4401=CARTESIAN_POINT('Origin',(60.1991662467547,-36.8699306170713,12.819999999948));
#4402=CARTESIAN_POINT('',(60.1991662467547,-36.8699306170713,14.969999999948));
#4403=CARTESIAN_POINT('Origin',(60.1991662467547,-36.8699306170713,12.819999999948));
#4404=CARTESIAN_POINT('',(60.1991662467547,-36.8699306170713,14.969999999948));
#4405=CARTESIAN_POINT('Origin',(15.8991662466412,-55.1499306171144,12.8200000000013));
#4406=CARTESIAN_POINT('',(13.7491662466412,-55.1499306171144,12.8200000000013));
#4407=CARTESIAN_POINT('Origin',(15.8991662466412,-55.1499306171144,12.8200000000013));
#4408=CARTESIAN_POINT('',(13.7491662466412,-55.1499306171144,12.8200000000013));
#4409=CARTESIAN_POINT('Origin',(-10.1008337533401,-55.1499306171144,12.8200000000345));
#4410=CARTESIAN_POINT('',(-12.2508337533401,-55.1499306171144,12.8200000000345));
#4411=CARTESIAN_POINT('Origin',(-10.1008337533401,-55.1499306171144,12.8200000000345));
#4412=CARTESIAN_POINT('',(-12.2508337533401,-55.1499306171144,12.8200000000345));
#4413=CARTESIAN_POINT('Origin',(41.8991662466225,-55.1499306171144,12.819999999968));
#4414=CARTESIAN_POINT('',(39.7491662466225,-55.1499306171144,12.819999999968));
#4415=CARTESIAN_POINT('Origin',(41.8991662466225,-55.1499306171144,12.819999999968));
#4416=CARTESIAN_POINT('',(39.7491662466225,-55.1499306171144,12.819999999968));
#4417=CARTESIAN_POINT('Origin',(-36.1008337533213,-55.1499306171144,12.8200000000677));
#4418=CARTESIAN_POINT('',(-38.2508337533213,-55.1499306171144,12.8200000000677));
#4419=CARTESIAN_POINT('Origin',(-36.1008337533213,-55.1499306171144,12.8200000000677));
#4420=CARTESIAN_POINT('',(-38.2508337533213,-55.1499306171144,12.8200000000677));
#4421=CARTESIAN_POINT('Origin',(15.8991662466412,59.4500693828856,12.8200000000013));
#4422=CARTESIAN_POINT('',(13.7491662466412,59.4500693828856,12.8200000000013));
#4423=CARTESIAN_POINT('Origin',(15.8991662466412,59.4500693828856,12.8200000000013));
#4424=CARTESIAN_POINT('',(13.7491662466412,59.4500693828856,12.8200000000013));
#4425=CARTESIAN_POINT('Origin',(-10.1008337533401,59.4500693828856,12.8200000000345));
#4426=CARTESIAN_POINT('',(-12.2508337533401,59.4500693828856,12.8200000000345));
#4427=CARTESIAN_POINT('Origin',(-10.1008337533401,59.4500693828856,12.8200000000345));
#4428=CARTESIAN_POINT('',(-12.2508337533401,59.4500693828856,12.8200000000345));
#4429=CARTESIAN_POINT('Origin',(41.8991662466225,59.4500693828856,12.819999999968));
#4430=CARTESIAN_POINT('',(39.7491662466225,59.4500693828856,12.819999999968));
#4431=CARTESIAN_POINT('Origin',(41.8991662466225,59.4500693828856,12.819999999968));
#4432=CARTESIAN_POINT('',(39.7491662466225,59.4500693828856,12.819999999968));
#4433=CARTESIAN_POINT('Origin',(-36.1008337533213,59.4500693828856,12.8200000000677));
#4434=CARTESIAN_POINT('',(-38.2508337533213,59.4500693828856,12.8200000000677));
#4435=CARTESIAN_POINT('Origin',(-36.1008337533213,59.4500693828856,12.8200000000677));
#4436=CARTESIAN_POINT('',(-38.2508337533213,59.4500693828856,12.8200000000677));
#4437=CARTESIAN_POINT('Origin',(55.1991662467547,-20.4161647985323,5.));
#4438=CARTESIAN_POINT('',(60.1991662467547,-42.9823989799456,5.));
#4439=CARTESIAN_POINT('Origin',(55.1991662467547,-42.982398979944,5.));
#4440=CARTESIAN_POINT('',(60.1991662467547,47.2825377456967,5.));
#4441=CARTESIAN_POINT('Origin',(55.1991662467547,47.2825377456967,5.));
#4442=CARTESIAN_POINT('',(60.1991662467547,-20.4161647985323,5.));
#4443=CARTESIAN_POINT('Origin',(-19.803040302686,-50.1499306171144,5.));
#4444=CARTESIAN_POINT('',(48.0316346096004,-55.1499306171144,5.));
#4445=CARTESIAN_POINT('Origin',(48.0316346096004,-50.1499306171144,5.));
#4446=CARTESIAN_POINT('',(-42.2333021159956,-55.1499306171144,5.));
#4447=CARTESIAN_POINT('',(-19.803040302686,-55.1499306171144,5.));
#4448=CARTESIAN_POINT('Origin',(-42.2333021159943,-50.1499306171144,5.));
#4449=CARTESIAN_POINT('Origin',(25.3294280600828,54.4500693828856,5.));
#4450=CARTESIAN_POINT('',(-42.2333021160526,59.4500693828856,5.));
#4451=CARTESIAN_POINT('Origin',(-42.2333021160526,54.4500693828856,5.));
#4452=CARTESIAN_POINT('',(48.0316346095418,59.4500693828856,5.));
#4453=CARTESIAN_POINT('',(25.3294280600828,59.4500693828856,5.));
#4454=CARTESIAN_POINT('Origin',(48.0316346095421,54.4500693828856,5.));
#4455=CARTESIAN_POINT('Origin',(-37.6008337532453,-38.3499306171145,0.));
#4456=CARTESIAN_POINT('',(-42.2333021159943,-57.8060411448672,19.82));
#4457=CARTESIAN_POINT('',(-42.2333021159943,-57.8060411448672,0.));
#4458=CARTESIAN_POINT('Origin',(-37.6008337532453,-38.3499306171145,19.82));
#4459=CARTESIAN_POINT('Origin',(-37.6008337532453,42.6500693828856,0.));
#4460=CARTESIAN_POINT('',(-42.2333021160524,62.1061799106244,19.82));
#4461=CARTESIAN_POINT('Origin',(-37.6008337532453,42.6500693828856,19.82));
#4462=CARTESIAN_POINT('',(-42.2333021160524,62.1061799106244,0.));
#4463=CARTESIAN_POINT('Origin',(-42.2333021160526,59.4500693828856,0.));
#4464=CARTESIAN_POINT('',(-42.2333021160526,59.4500693828856,19.82));
#4465=CARTESIAN_POINT('',(-42.2333021160526,59.4500693828856,19.82));
#4466=CARTESIAN_POINT('',(-42.2333021160526,59.4500693828856,0.));
#4467=CARTESIAN_POINT('Origin',(48.0316346095418,59.4500693828856,0.));
#4468=CARTESIAN_POINT('',(48.0316346095418,59.4500693828856,19.82));
#4469=CARTESIAN_POINT('',(48.0316346095418,59.4500693828856,19.82));
#4470=CARTESIAN_POINT('',(48.0316346095418,59.4500693828856,0.));
#4471=CARTESIAN_POINT('Origin',(48.0316346095421,62.1061799106291,0.));
#4472=CARTESIAN_POINT('',(48.0316346095421,62.1061799106291,19.82));
#4473=CARTESIAN_POINT('',(48.0316346095421,62.1061799106291,19.82));
#4474=CARTESIAN_POINT('',(48.0316346095421,62.1061799106291,0.));
#4475=CARTESIAN_POINT('Origin',(43.3991662467547,42.6500693828856,0.));
#4476=CARTESIAN_POINT('',(62.8552767744927,47.2825377456964,19.82));
#4477=CARTESIAN_POINT('Origin',(43.3991662467547,42.6500693828856,19.82));
#4478=CARTESIAN_POINT('',(62.8552767744927,47.2825377456964,0.));
#4479=CARTESIAN_POINT('Origin',(60.1991662467547,47.2825377456967,0.));
#4480=CARTESIAN_POINT('',(60.1991662467547,47.2825377456967,19.82));
#4481=CARTESIAN_POINT('',(60.1991662467547,47.2825377456967,19.82));
#4482=CARTESIAN_POINT('',(60.1991662467547,47.2825377456967,0.));
#4483=CARTESIAN_POINT('Origin',(60.1991662467547,-42.9823989799456,0.));
#4484=CARTESIAN_POINT('',(60.1991662467547,-42.9823989799456,19.82));
#4485=CARTESIAN_POINT('',(60.1991662467547,-42.9823989799456,19.82));
#4486=CARTESIAN_POINT('',(60.1991662467547,-42.9823989799456,0.));
#4487=CARTESIAN_POINT('Origin',(62.8552767744882,-42.982398979944,0.));
#4488=CARTESIAN_POINT('',(62.8552767744882,-42.982398979944,19.82));
#4489=CARTESIAN_POINT('',(62.8552767744882,-42.982398979944,19.82));
#4490=CARTESIAN_POINT('',(62.8552767744882,-42.982398979944,0.));
#4491=CARTESIAN_POINT('Origin',(43.3991662467547,-38.3499306171145,0.));
#4492=CARTESIAN_POINT('',(48.0316346096001,-57.8060411448442,19.82));
#4493=CARTESIAN_POINT('Origin',(43.3991662467547,-38.3499306171145,19.82));
#4494=CARTESIAN_POINT('',(48.0316346096001,-57.8060411448442,0.));
#4495=CARTESIAN_POINT('Origin',(48.0316346096004,-55.1499306171144,0.));
#4496=CARTESIAN_POINT('',(48.0316346096004,-55.1499306171144,19.82));
#4497=CARTESIAN_POINT('',(48.0316346096004,-55.1499306171144,19.82));
#4498=CARTESIAN_POINT('',(48.0316346096004,-55.1499306171144,0.));
#4499=CARTESIAN_POINT('Origin',(-42.2333021159956,-55.1499306171144,0.));
#4500=CARTESIAN_POINT('',(-42.2333021159956,-55.1499306171144,19.82));
#4501=CARTESIAN_POINT('',(-42.2333021159956,-55.1499306171144,19.82));
#4502=CARTESIAN_POINT('',(-42.2333021159956,-55.1499306171144,0.));
#4503=CARTESIAN_POINT('Origin',(-42.2333021159943,-57.8060411448672,0.));
#4504=CARTESIAN_POINT('',(-42.2333021159943,-57.8060411448672,19.82));
#4505=CARTESIAN_POINT('Origin',(2.62722151062367,2.15006938288098,19.82));
#4506=UNCERTAINTY_MEASURE_WITH_UNIT(LENGTH_MEASURE(0.01),#4510,
'DISTANCE_ACCURACY_VALUE',
'Maximum model space distance between geometric entities at asserted c
onnectivities');
#4507=UNCERTAINTY_MEASURE_WITH_UNIT(LENGTH_MEASURE(0.01),#4510,
'DISTANCE_ACCURACY_VALUE',
'Maximum model space distance between geometric entities at asserted c
onnectivities');
#4508=(
GEOMETRIC_REPRESENTATION_CONTEXT(3)
GLOBAL_UNCERTAINTY_ASSIGNED_CONTEXT((#4506))
GLOBAL_UNIT_ASSIGNED_CONTEXT((#4510,#4512,#4513))
REPRESENTATION_CONTEXT('','3D')
);
#4509=(
GEOMETRIC_REPRESENTATION_CONTEXT(3)
GLOBAL_UNCERTAINTY_ASSIGNED_CONTEXT((#4507))
GLOBAL_UNIT_ASSIGNED_CONTEXT((#4510,#4512,#4513))
REPRESENTATION_CONTEXT('','3D')
);
#4510=(
LENGTH_UNIT()
NAMED_UNIT(*)
SI_UNIT(.MILLI.,.METRE.)
);
#4511=(
LENGTH_UNIT()
NAMED_UNIT(*)
SI_UNIT(.CENTI.,.METRE.)
);
#4512=(
NAMED_UNIT(*)
PLANE_ANGLE_UNIT()
SI_UNIT($,.RADIAN.)
);
#4513=(
NAMED_UNIT(*)
SI_UNIT($,.STERADIAN.)
SOLID_ANGLE_UNIT()
);
#4514=SHAPE_DEFINITION_REPRESENTATION(#4515,#4516);
#4515=PRODUCT_DEFINITION_SHAPE('',$,#4518);
#4516=SHAPE_REPRESENTATION('',(#2611),#4508);
#4517=PRODUCT_DEFINITION_CONTEXT('part definition',#4522,'design');
#4518=PRODUCT_DEFINITION('battery_spacer','battery_spacer',#4519,#4517);
#4519=PRODUCT_DEFINITION_FORMATION('',$,#4524);
#4520=PRODUCT_RELATED_PRODUCT_CATEGORY('battery_spacer',
'battery_spacer',(#4524));
#4521=APPLICATION_PROTOCOL_DEFINITION('international standard',
'automotive_design',2009,#4522);
#4522=APPLICATION_CONTEXT(
'Core Data for Automotive Mechanical Design Process');
#4523=PRODUCT_CONTEXT('part definition',#4522,'mechanical');
#4524=PRODUCT('battery_spacer','battery_spacer',$,(#4523));
#4525=PRESENTATION_STYLE_ASSIGNMENT((#4526));
#4526=SURFACE_STYLE_USAGE(.BOTH.,#4529);
#4527=SURFACE_STYLE_RENDERING_WITH_PROPERTIES($,#4533,(#4528));
#4528=SURFACE_STYLE_TRANSPARENT(0.);
#4529=SURFACE_SIDE_STYLE('',(#4530,#4527));
#4530=SURFACE_STYLE_FILL_AREA(#4531);
#4531=FILL_AREA_STYLE('',(#4532));
#4532=FILL_AREA_STYLE_COLOUR('',#4533);
#4533=COLOUR_RGB('',0.0470588235294118,0.0470588235294118,0.0470588235294118);
ENDSEC;
END-ISO-10303-21;
