ISO-10303-21;
HEADER;
/* Generated by software containing ST-Developer
 * from STEP Tools, Inc. (www.steptools.com) 
 */

FILE_DESCRIPTION(
/* description */ (''),
/* implementation_level */ '2;1');

FILE_NAME(
/* name */ 'battery_pack_16s_front.stp',
/* time_stamp */ '2026-05-22T15:54:37-07:00',
/* author */ ('aaron'),
/* organization */ (''),
/* preprocessor_version */ 'ST-DEVELOPER v20.1',
/* originating_system */ 'Autodesk Inventor 2026',
/* authorisation */ '');

FILE_SCHEMA (('AUTOMOTIVE_DESIGN { 1 0 10303 214 3 1 1 }'));
ENDSEC;

DATA;
#10=MECHANICAL_DESIGN_GEOMETRIC_PRESENTATION_REPRESENTATION('',(#29,#30,
#31,#32),#11075);
#11=GEOMETRICALLY_BOUNDED_WIREFRAME_SHAPE_REPRESENTATION('',(#12),#11074);
#12=GEOMETRIC_CURVE_SET('Sketch8',(#11071));
#13=SHAPE_REPRESENTATION_RELATIONSHIP('SRR','None',#11082,#15);
#14=SHAPE_REPRESENTATION_RELATIONSHIP('SRR','None',#11082,#11);
#15=ADVANCED_BREP_SHAPE_REPRESENTATION('',(#16),#11074);
#16=MANIFOLD_SOLID_BREP('Solid1',#6629);
#17=CONICAL_SURFACE('',#6903,5.,0.785398163397448);
#18=CONICAL_SURFACE('',#6907,5.00000000000001,0.785398163397449);
#19=CONICAL_SURFACE('',#6911,5.,0.785398163397448);
#20=CONICAL_SURFACE('',#6915,5.,0.785398163397448);
#21=CONICAL_SURFACE('',#6920,16.5,0.785398163397448);
#22=CONICAL_SURFACE('',#6923,16.5,0.785398163397448);
#23=CONICAL_SURFACE('',#6926,16.5,0.785398163397448);
#24=CONICAL_SURFACE('',#6929,16.5,0.785398163397448);
#25=CONICAL_SURFACE('',#6974,5.00000000000001,0.785398163397449);
#26=CONICAL_SURFACE('',#6983,5.,0.785398163397448);
#27=CONICAL_SURFACE('',#6992,5.,0.785398163397448);
#28=CONICAL_SURFACE('',#7001,5.,0.785398163397449);
#29=STYLED_ITEM('',(#11092),#6324);
#30=STYLED_ITEM('',(#11092),#6332);
#31=STYLED_ITEM('',(#11092),#6337);
#32=STYLED_ITEM('',(#11091),#16);
#33=CYLINDRICAL_SURFACE('',#6664,20.);
#34=CYLINDRICAL_SURFACE('',#6699,20.);
#35=CYLINDRICAL_SURFACE('',#6713,20.);
#36=CYLINDRICAL_SURFACE('',#6822,2.15);
#37=CYLINDRICAL_SURFACE('',#6825,2.15);
#38=CYLINDRICAL_SURFACE('',#6828,4.14999999999999);
#39=CYLINDRICAL_SURFACE('',#6843,4.15000000000001);
#40=CYLINDRICAL_SURFACE('',#6847,4.15);
#41=CYLINDRICAL_SURFACE('',#6851,4.15);
#42=CYLINDRICAL_SURFACE('',#6855,4.15);
#43=CYLINDRICAL_SURFACE('',#6859,13.125);
#44=CYLINDRICAL_SURFACE('',#6861,2.15);
#45=CYLINDRICAL_SURFACE('',#6865,2.15);
#46=CYLINDRICAL_SURFACE('',#6869,2.15);
#47=CYLINDRICAL_SURFACE('',#6873,2.15);
#48=CYLINDRICAL_SURFACE('',#6877,2.15);
#49=CYLINDRICAL_SURFACE('',#6881,2.15);
#50=CYLINDRICAL_SURFACE('',#6885,2.15);
#51=CYLINDRICAL_SURFACE('',#6888,2.15);
#52=CYLINDRICAL_SURFACE('',#6891,2.15);
#53=CYLINDRICAL_SURFACE('',#6894,2.15);
#54=CYLINDRICAL_SURFACE('',#6897,2.15);
#55=CYLINDRICAL_SURFACE('',#6900,2.15);
#56=CYLINDRICAL_SURFACE('',#6905,4.);
#57=CYLINDRICAL_SURFACE('',#6909,4.00000000000001);
#58=CYLINDRICAL_SURFACE('',#6913,4.);
#59=CYLINDRICAL_SURFACE('',#6917,4.);
#60=CYLINDRICAL_SURFACE('',#6931,17.);
#61=CYLINDRICAL_SURFACE('',#6934,17.);
#62=CYLINDRICAL_SURFACE('',#6937,2.15);
#63=CYLINDRICAL_SURFACE('',#6940,2.15);
#64=CYLINDRICAL_SURFACE('',#6943,2.15);
#65=CYLINDRICAL_SURFACE('',#6946,2.15);
#66=CYLINDRICAL_SURFACE('',#6949,2.15);
#67=CYLINDRICAL_SURFACE('',#6952,2.15);
#68=CYLINDRICAL_SURFACE('',#6955,2.15);
#69=CYLINDRICAL_SURFACE('',#6958,2.15);
#70=CYLINDRICAL_SURFACE('',#6961,17.);
#71=CYLINDRICAL_SURFACE('',#6964,17.);
#72=CYLINDRICAL_SURFACE('',#6973,20.);
#73=CYLINDRICAL_SURFACE('',#7003,2.15);
#74=CYLINDRICAL_SURFACE('',#7004,2.15);
#75=CYLINDRICAL_SURFACE('',#7006,2.15);
#76=CYLINDRICAL_SURFACE('',#7008,2.15);
#77=CYLINDRICAL_SURFACE('',#7010,2.15);
#78=CYLINDRICAL_SURFACE('',#7242,13.125);
#79=CYLINDRICAL_SURFACE('',#7243,13.125);
#80=CYLINDRICAL_SURFACE('',#7244,13.125);
#81=CYLINDRICAL_SURFACE('',#7245,13.125);
#82=CYLINDRICAL_SURFACE('',#7246,13.125);
#83=CYLINDRICAL_SURFACE('',#7247,13.125);
#84=CYLINDRICAL_SURFACE('',#7248,13.125);
#85=CYLINDRICAL_SURFACE('',#7249,13.125);
#86=CYLINDRICAL_SURFACE('',#7250,13.125);
#87=CYLINDRICAL_SURFACE('',#7251,13.125);
#88=CYLINDRICAL_SURFACE('',#7252,13.125);
#89=CYLINDRICAL_SURFACE('',#7253,13.125);
#90=CYLINDRICAL_SURFACE('',#7254,13.125);
#91=CYLINDRICAL_SURFACE('',#7255,13.125);
#92=CYLINDRICAL_SURFACE('',#7256,13.125);
#93=FACE_BOUND('',#752,.T.);
#94=FACE_BOUND('',#753,.T.);
#95=FACE_BOUND('',#757,.T.);
#96=FACE_BOUND('',#758,.T.);
#97=FACE_BOUND('',#759,.T.);
#98=FACE_BOUND('',#765,.T.);
#99=FACE_BOUND('',#766,.T.);
#100=FACE_BOUND('',#774,.T.);
#101=FACE_BOUND('',#775,.T.);
#102=FACE_BOUND('',#782,.T.);
#103=FACE_BOUND('',#783,.T.);
#104=FACE_BOUND('',#784,.T.);
#105=FACE_BOUND('',#785,.T.);
#106=FACE_BOUND('',#786,.T.);
#107=FACE_BOUND('',#787,.T.);
#108=FACE_BOUND('',#788,.T.);
#109=FACE_BOUND('',#789,.T.);
#110=FACE_BOUND('',#790,.T.);
#111=FACE_BOUND('',#791,.T.);
#112=FACE_BOUND('',#792,.T.);
#113=FACE_BOUND('',#793,.T.);
#114=FACE_BOUND('',#794,.T.);
#115=FACE_BOUND('',#797,.T.);
#116=FACE_BOUND('',#798,.T.);
#117=FACE_BOUND('',#799,.T.);
#118=FACE_BOUND('',#800,.T.);
#119=FACE_BOUND('',#801,.T.);
#120=FACE_BOUND('',#802,.T.);
#121=FACE_BOUND('',#803,.T.);
#122=FACE_BOUND('',#804,.T.);
#123=FACE_BOUND('',#805,.T.);
#124=FACE_BOUND('',#807,.T.);
#125=FACE_BOUND('',#811,.T.);
#126=FACE_BOUND('',#844,.T.);
#127=FACE_BOUND('',#858,.T.);
#128=FACE_BOUND('',#861,.T.);
#129=FACE_BOUND('',#864,.T.);
#130=FACE_BOUND('',#867,.T.);
#131=FACE_BOUND('',#934,.T.);
#132=FACE_BOUND('',#936,.T.);
#133=FACE_BOUND('',#937,.T.);
#134=FACE_BOUND('',#939,.T.);
#135=FACE_BOUND('',#940,.T.);
#136=FACE_BOUND('',#942,.T.);
#137=FACE_BOUND('',#943,.T.);
#138=FACE_BOUND('',#945,.T.);
#139=FACE_BOUND('',#946,.T.);
#140=FACE_BOUND('',#947,.T.);
#141=FACE_BOUND('',#951,.T.);
#142=FACE_BOUND('',#954,.T.);
#143=FACE_BOUND('',#957,.T.);
#144=FACE_BOUND('',#978,.T.);
#145=FACE_BOUND('',#1002,.T.);
#146=FACE_BOUND('',#1016,.T.);
#147=FACE_BOUND('',#1128,.T.);
#148=CIRCLE('',#6659,2.15);
#149=CIRCLE('',#6660,2.15);
#150=CIRCLE('',#6662,20.);
#151=CIRCLE('',#6663,20.);
#152=CIRCLE('',#6665,20.);
#153=CIRCLE('',#6667,20.);
#154=CIRCLE('',#6668,20.);
#155=CIRCLE('',#6670,20.);
#156=CIRCLE('',#6671,20.);
#157=CIRCLE('',#6672,20.);
#158=CIRCLE('',#6673,13.125);
#159=CIRCLE('',#6674,13.125);
#160=CIRCLE('',#6675,13.125);
#161=CIRCLE('',#6676,13.125);
#162=CIRCLE('',#6677,13.125);
#163=CIRCLE('',#6678,13.125);
#164=CIRCLE('',#6679,13.125);
#165=CIRCLE('',#6680,13.125);
#166=CIRCLE('',#6681,13.125);
#167=CIRCLE('',#6682,13.125);
#168=CIRCLE('',#6683,13.125);
#169=CIRCLE('',#6684,13.125);
#170=CIRCLE('',#6685,13.125);
#171=CIRCLE('',#6686,13.125);
#172=CIRCLE('',#6687,2.15);
#173=CIRCLE('',#6688,2.15);
#174=CIRCLE('',#6695,2.15);
#175=CIRCLE('',#6696,2.15);
#176=CIRCLE('',#6698,20.);
#177=CIRCLE('',#6701,20.);
#178=CIRCLE('',#6702,20.);
#179=CIRCLE('',#6709,2.15);
#180=CIRCLE('',#6710,2.15);
#181=CIRCLE('',#6712,20.);
#182=CIRCLE('',#6714,20.);
#183=CIRCLE('',#6719,13.125);
#184=CIRCLE('',#6720,13.125);
#185=CIRCLE('',#6721,13.125);
#186=CIRCLE('',#6722,13.125);
#187=CIRCLE('',#6723,13.125);
#188=CIRCLE('',#6724,13.125);
#189=CIRCLE('',#6725,13.125);
#190=CIRCLE('',#6726,13.125);
#191=CIRCLE('',#6727,13.125);
#192=CIRCLE('',#6728,13.125);
#193=CIRCLE('',#6729,13.125);
#194=CIRCLE('',#6730,13.125);
#195=CIRCLE('',#6731,13.125);
#196=CIRCLE('',#6732,13.125);
#197=CIRCLE('',#6733,13.125);
#198=CIRCLE('',#6734,13.125);
#199=CIRCLE('',#6735,13.125);
#200=CIRCLE('',#6736,13.125);
#201=CIRCLE('',#6737,13.125);
#202=CIRCLE('',#6738,4.14999999999999);
#203=CIRCLE('',#6739,4.15000000000001);
#204=CIRCLE('',#6740,4.15);
#205=CIRCLE('',#6741,4.15);
#206=CIRCLE('',#6742,4.15);
#207=CIRCLE('',#6743,6.00000000000001);
#208=CIRCLE('',#6744,6.);
#209=CIRCLE('',#6745,13.125);
#210=CIRCLE('',#6746,13.125);
#211=CIRCLE('',#6747,13.125);
#212=CIRCLE('',#6748,13.125);
#213=CIRCLE('',#6749,6.);
#214=CIRCLE('',#6750,6.);
#215=CIRCLE('',#6753,16.);
#216=CIRCLE('',#6754,16.);
#217=CIRCLE('',#6755,16.);
#218=CIRCLE('',#6756,16.);
#219=CIRCLE('',#6757,2.15);
#220=CIRCLE('',#6758,2.15);
#221=CIRCLE('',#6759,2.15);
#222=CIRCLE('',#6760,2.15);
#223=CIRCLE('',#6761,2.15);
#224=CIRCLE('',#6762,2.15);
#225=CIRCLE('',#6763,2.15);
#226=CIRCLE('',#6764,2.15);
#227=CIRCLE('',#6765,13.125);
#228=CIRCLE('',#6766,13.125);
#229=CIRCLE('',#6767,13.125);
#230=CIRCLE('',#6768,13.125);
#231=CIRCLE('',#6769,13.125);
#232=CIRCLE('',#6770,13.125);
#233=CIRCLE('',#6771,13.125);
#234=CIRCLE('',#6772,13.125);
#235=CIRCLE('',#6773,13.125);
#236=CIRCLE('',#6774,13.125);
#237=CIRCLE('',#6775,13.125);
#238=CIRCLE('',#6776,13.125);
#239=CIRCLE('',#6777,13.125);
#240=CIRCLE('',#6778,13.125);
#241=CIRCLE('',#6779,13.125);
#242=CIRCLE('',#6780,13.125);
#243=CIRCLE('',#6781,13.125);
#244=CIRCLE('',#6782,13.125);
#245=CIRCLE('',#6783,13.125);
#246=CIRCLE('',#6785,2.15);
#247=CIRCLE('',#6788,13.125);
#248=CIRCLE('',#6790,13.125);
#249=CIRCLE('',#6791,13.125);
#250=CIRCLE('',#6792,13.125);
#251=CIRCLE('',#6793,13.125);
#252=CIRCLE('',#6794,13.125);
#253=CIRCLE('',#6795,6.);
#254=CIRCLE('',#6823,2.15);
#255=CIRCLE('',#6826,2.15);
#256=CIRCLE('',#6829,4.14999999999999);
#257=CIRCLE('',#6831,2.15);
#258=CIRCLE('',#6844,4.15000000000001);
#259=CIRCLE('',#6846,2.15);
#260=CIRCLE('',#6848,4.15);
#261=CIRCLE('',#6850,2.15);
#262=CIRCLE('',#6852,4.15);
#263=CIRCLE('',#6854,2.15);
#264=CIRCLE('',#6856,4.15);
#265=CIRCLE('',#6858,2.15);
#266=CIRCLE('',#6860,13.125);
#267=CIRCLE('',#6862,2.15);
#268=CIRCLE('',#6863,2.15);
#269=CIRCLE('',#6866,2.15);
#270=CIRCLE('',#6867,2.15);
#271=CIRCLE('',#6870,2.15);
#272=CIRCLE('',#6871,2.15);
#273=CIRCLE('',#6874,2.15);
#274=CIRCLE('',#6875,2.15);
#275=CIRCLE('',#6878,2.15);
#276=CIRCLE('',#6879,2.15);
#277=CIRCLE('',#6882,2.15);
#278=CIRCLE('',#6883,2.15);
#279=CIRCLE('',#6886,2.15);
#280=CIRCLE('',#6889,2.15);
#281=CIRCLE('',#6892,2.15);
#282=CIRCLE('',#6895,2.15);
#283=CIRCLE('',#6898,2.15);
#284=CIRCLE('',#6901,2.15);
#285=CIRCLE('',#6904,4.);
#286=CIRCLE('',#6906,4.);
#287=CIRCLE('',#6908,4.00000000000001);
#288=CIRCLE('',#6910,4.00000000000001);
#289=CIRCLE('',#6912,4.);
#290=CIRCLE('',#6914,4.);
#291=CIRCLE('',#6916,4.);
#292=CIRCLE('',#6918,4.);
#293=CIRCLE('',#6921,17.);
#294=CIRCLE('',#6924,17.);
#295=CIRCLE('',#6927,17.);
#296=CIRCLE('',#6930,17.);
#297=CIRCLE('',#6932,17.);
#298=CIRCLE('',#6935,17.);
#299=CIRCLE('',#6938,2.15);
#300=CIRCLE('',#6941,2.15);
#301=CIRCLE('',#6944,2.15);
#302=CIRCLE('',#6947,2.15);
#303=CIRCLE('',#6950,2.15);
#304=CIRCLE('',#6953,2.15);
#305=CIRCLE('',#6956,2.15);
#306=CIRCLE('',#6959,2.15);
#307=CIRCLE('',#6962,17.);
#308=CIRCLE('',#6965,17.);
#309=CIRCLE('',#6968,20.);
#310=CIRCLE('',#6975,6.00000000000001);
#311=CIRCLE('',#6977,13.125);
#312=CIRCLE('',#6978,13.125);
#313=CIRCLE('',#6979,13.125);
#314=CIRCLE('',#6980,13.125);
#315=CIRCLE('',#6981,13.125);
#316=CIRCLE('',#6982,13.125);
#317=CIRCLE('',#6984,6.);
#318=CIRCLE('',#6986,13.125);
#319=CIRCLE('',#6987,13.125);
#320=CIRCLE('',#6988,13.125);
#321=CIRCLE('',#6989,13.125);
#322=CIRCLE('',#6990,13.125);
#323=CIRCLE('',#6991,13.125);
#324=CIRCLE('',#6993,6.);
#325=CIRCLE('',#6995,13.125);
#326=CIRCLE('',#6996,13.125);
#327=CIRCLE('',#6997,13.125);
#328=CIRCLE('',#6998,13.125);
#329=CIRCLE('',#6999,13.125);
#330=CIRCLE('',#7000,13.125);
#331=CIRCLE('',#7005,2.15);
#332=CIRCLE('',#7007,2.15);
#333=CIRCLE('',#7009,2.15);
#334=CIRCLE('',#7011,2.15);
#335=CIRCLE('',#7013,13.125);
#336=CIRCLE('',#7015,13.125);
#337=CIRCLE('',#7017,13.125);
#338=CIRCLE('',#7019,13.125);
#339=CIRCLE('',#7030,13.125);
#340=CIRCLE('',#7032,13.125);
#341=CIRCLE('',#7034,13.125);
#342=CIRCLE('',#7043,13.125);
#343=CIRCLE('',#7045,13.125);
#344=CIRCLE('',#7047,13.125);
#345=CIRCLE('',#7049,13.125);
#346=CIRCLE('',#7060,13.125);
#347=CIRCLE('',#7062,13.125);
#348=CIRCLE('',#7064,13.125);
#349=CIRCLE('',#7066,13.125);
#350=CIRCLE('',#7077,13.125);
#351=CIRCLE('',#7079,13.125);
#352=CIRCLE('',#7081,13.125);
#353=CIRCLE('',#7083,13.125);
#354=CIRCLE('',#7085,13.125);
#355=CIRCLE('',#7087,13.125);
#356=CIRCLE('',#7089,13.125);
#357=CIRCLE('',#7091,13.125);
#358=CIRCLE('',#7093,13.125);
#359=CIRCLE('',#7095,13.125);
#360=CIRCLE('',#7097,13.125);
#361=CIRCLE('',#7099,13.125);
#362=CIRCLE('',#7101,13.125);
#363=CIRCLE('',#7103,13.125);
#364=CIRCLE('',#7105,13.125);
#365=CIRCLE('',#7107,13.125);
#366=CIRCLE('',#7109,13.125);
#367=CIRCLE('',#7111,13.125);
#368=CIRCLE('',#7113,13.125);
#369=CIRCLE('',#7115,13.125);
#370=CIRCLE('',#7117,13.125);
#371=CIRCLE('',#7119,13.125);
#372=CIRCLE('',#7121,13.125);
#373=CIRCLE('',#7123,13.125);
#374=CIRCLE('',#7125,13.125);
#375=CIRCLE('',#7127,13.125);
#376=CIRCLE('',#7201,13.125);
#377=CIRCLE('',#7203,13.125);
#378=CIRCLE('',#7205,13.125);
#379=CIRCLE('',#7207,13.125);
#380=CIRCLE('',#7218,13.125);
#381=CIRCLE('',#7219,13.125);
#382=CIRCLE('',#7221,13.125);
#383=CIRCLE('',#7222,13.125);
#384=CIRCLE('',#7224,13.125);
#385=CIRCLE('',#7225,13.125);
#386=CIRCLE('',#7226,13.125);
#387=CIRCLE('',#7228,13.125);
#388=CIRCLE('',#7229,13.125);
#389=CIRCLE('',#7230,13.125);
#390=CIRCLE('',#7232,13.125);
#391=CIRCLE('',#7233,13.125);
#392=CIRCLE('',#7235,13.125);
#393=CIRCLE('',#7236,13.125);
#394=CIRCLE('',#7237,13.125);
#395=CIRCLE('',#7239,13.125);
#396=CIRCLE('',#7240,13.125);
#397=CIRCLE('',#7241,13.125);
#398=FACE_OUTER_BOUND('',#747,.T.);
#399=FACE_OUTER_BOUND('',#748,.T.);
#400=FACE_OUTER_BOUND('',#749,.T.);
#401=FACE_OUTER_BOUND('',#750,.T.);
#402=FACE_OUTER_BOUND('',#751,.T.);
#403=FACE_OUTER_BOUND('',#754,.T.);
#404=FACE_OUTER_BOUND('',#755,.T.);
#405=FACE_OUTER_BOUND('',#756,.T.);
#406=FACE_OUTER_BOUND('',#760,.T.);
#407=FACE_OUTER_BOUND('',#761,.T.);
#408=FACE_OUTER_BOUND('',#762,.T.);
#409=FACE_OUTER_BOUND('',#763,.T.);
#410=FACE_OUTER_BOUND('',#764,.T.);
#411=FACE_OUTER_BOUND('',#767,.T.);
#412=FACE_OUTER_BOUND('',#768,.T.);
#413=FACE_OUTER_BOUND('',#769,.T.);
#414=FACE_OUTER_BOUND('',#770,.T.);
#415=FACE_OUTER_BOUND('',#771,.T.);
#416=FACE_OUTER_BOUND('',#772,.T.);
#417=FACE_OUTER_BOUND('',#773,.T.);
#418=FACE_OUTER_BOUND('',#776,.T.);
#419=FACE_OUTER_BOUND('',#777,.T.);
#420=FACE_OUTER_BOUND('',#778,.T.);
#421=FACE_OUTER_BOUND('',#779,.T.);
#422=FACE_OUTER_BOUND('',#780,.T.);
#423=FACE_OUTER_BOUND('',#781,.T.);
#424=FACE_OUTER_BOUND('',#795,.T.);
#425=FACE_OUTER_BOUND('',#796,.T.);
#426=FACE_OUTER_BOUND('',#806,.T.);
#427=FACE_OUTER_BOUND('',#808,.T.);
#428=FACE_OUTER_BOUND('',#809,.T.);
#429=FACE_OUTER_BOUND('',#810,.T.);
#430=FACE_OUTER_BOUND('',#812,.T.);
#431=FACE_OUTER_BOUND('',#813,.T.);
#432=FACE_OUTER_BOUND('',#814,.T.);
#433=FACE_OUTER_BOUND('',#815,.T.);
#434=FACE_OUTER_BOUND('',#816,.T.);
#435=FACE_OUTER_BOUND('',#817,.T.);
#436=FACE_OUTER_BOUND('',#818,.T.);
#437=FACE_OUTER_BOUND('',#819,.T.);
#438=FACE_OUTER_BOUND('',#820,.T.);
#439=FACE_OUTER_BOUND('',#821,.T.);
#440=FACE_OUTER_BOUND('',#822,.T.);
#441=FACE_OUTER_BOUND('',#823,.T.);
#442=FACE_OUTER_BOUND('',#824,.T.);
#443=FACE_OUTER_BOUND('',#825,.T.);
#444=FACE_OUTER_BOUND('',#826,.T.);
#445=FACE_OUTER_BOUND('',#827,.T.);
#446=FACE_OUTER_BOUND('',#828,.T.);
#447=FACE_OUTER_BOUND('',#829,.T.);
#448=FACE_OUTER_BOUND('',#830,.T.);
#449=FACE_OUTER_BOUND('',#831,.T.);
#450=FACE_OUTER_BOUND('',#832,.T.);
#451=FACE_OUTER_BOUND('',#833,.T.);
#452=FACE_OUTER_BOUND('',#834,.T.);
#453=FACE_OUTER_BOUND('',#835,.T.);
#454=FACE_OUTER_BOUND('',#836,.T.);
#455=FACE_OUTER_BOUND('',#837,.T.);
#456=FACE_OUTER_BOUND('',#838,.T.);
#457=FACE_OUTER_BOUND('',#839,.T.);
#458=FACE_OUTER_BOUND('',#840,.T.);
#459=FACE_OUTER_BOUND('',#841,.T.);
#460=FACE_OUTER_BOUND('',#842,.T.);
#461=FACE_OUTER_BOUND('',#843,.T.);
#462=FACE_OUTER_BOUND('',#845,.T.);
#463=FACE_OUTER_BOUND('',#846,.T.);
#464=FACE_OUTER_BOUND('',#847,.T.);
#465=FACE_OUTER_BOUND('',#848,.T.);
#466=FACE_OUTER_BOUND('',#849,.T.);
#467=FACE_OUTER_BOUND('',#850,.T.);
#468=FACE_OUTER_BOUND('',#851,.T.);
#469=FACE_OUTER_BOUND('',#852,.T.);
#470=FACE_OUTER_BOUND('',#853,.T.);
#471=FACE_OUTER_BOUND('',#854,.T.);
#472=FACE_OUTER_BOUND('',#855,.T.);
#473=FACE_OUTER_BOUND('',#856,.T.);
#474=FACE_OUTER_BOUND('',#857,.T.);
#475=FACE_OUTER_BOUND('',#859,.T.);
#476=FACE_OUTER_BOUND('',#860,.T.);
#477=FACE_OUTER_BOUND('',#862,.T.);
#478=FACE_OUTER_BOUND('',#863,.T.);
#479=FACE_OUTER_BOUND('',#865,.T.);
#480=FACE_OUTER_BOUND('',#866,.T.);
#481=FACE_OUTER_BOUND('',#868,.T.);
#482=FACE_OUTER_BOUND('',#869,.T.);
#483=FACE_OUTER_BOUND('',#870,.T.);
#484=FACE_OUTER_BOUND('',#871,.T.);
#485=FACE_OUTER_BOUND('',#872,.T.);
#486=FACE_OUTER_BOUND('',#873,.T.);
#487=FACE_OUTER_BOUND('',#874,.T.);
#488=FACE_OUTER_BOUND('',#875,.T.);
#489=FACE_OUTER_BOUND('',#876,.T.);
#490=FACE_OUTER_BOUND('',#877,.T.);
#491=FACE_OUTER_BOUND('',#878,.T.);
#492=FACE_OUTER_BOUND('',#879,.T.);
#493=FACE_OUTER_BOUND('',#880,.T.);
#494=FACE_OUTER_BOUND('',#881,.T.);
#495=FACE_OUTER_BOUND('',#882,.T.);
#496=FACE_OUTER_BOUND('',#883,.T.);
#497=FACE_OUTER_BOUND('',#884,.T.);
#498=FACE_OUTER_BOUND('',#885,.T.);
#499=FACE_OUTER_BOUND('',#886,.T.);
#500=FACE_OUTER_BOUND('',#887,.T.);
#501=FACE_OUTER_BOUND('',#888,.T.);
#502=FACE_OUTER_BOUND('',#889,.T.);
#503=FACE_OUTER_BOUND('',#890,.T.);
#504=FACE_OUTER_BOUND('',#891,.T.);
#505=FACE_OUTER_BOUND('',#892,.T.);
#506=FACE_OUTER_BOUND('',#893,.T.);
#507=FACE_OUTER_BOUND('',#894,.T.);
#508=FACE_OUTER_BOUND('',#895,.T.);
#509=FACE_OUTER_BOUND('',#896,.T.);
#510=FACE_OUTER_BOUND('',#897,.T.);
#511=FACE_OUTER_BOUND('',#898,.T.);
#512=FACE_OUTER_BOUND('',#899,.T.);
#513=FACE_OUTER_BOUND('',#900,.T.);
#514=FACE_OUTER_BOUND('',#901,.T.);
#515=FACE_OUTER_BOUND('',#902,.T.);
#516=FACE_OUTER_BOUND('',#903,.T.);
#517=FACE_OUTER_BOUND('',#904,.T.);
#518=FACE_OUTER_BOUND('',#905,.T.);
#519=FACE_OUTER_BOUND('',#906,.T.);
#520=FACE_OUTER_BOUND('',#907,.T.);
#521=FACE_OUTER_BOUND('',#908,.T.);
#522=FACE_OUTER_BOUND('',#909,.T.);
#523=FACE_OUTER_BOUND('',#910,.T.);
#524=FACE_OUTER_BOUND('',#911,.T.);
#525=FACE_OUTER_BOUND('',#912,.T.);
#526=FACE_OUTER_BOUND('',#913,.T.);
#527=FACE_OUTER_BOUND('',#914,.T.);
#528=FACE_OUTER_BOUND('',#915,.T.);
#529=FACE_OUTER_BOUND('',#916,.T.);
#530=FACE_OUTER_BOUND('',#917,.T.);
#531=FACE_OUTER_BOUND('',#918,.T.);
#532=FACE_OUTER_BOUND('',#919,.T.);
#533=FACE_OUTER_BOUND('',#920,.T.);
#534=FACE_OUTER_BOUND('',#921,.T.);
#535=FACE_OUTER_BOUND('',#922,.T.);
#536=FACE_OUTER_BOUND('',#923,.T.);
#537=FACE_OUTER_BOUND('',#924,.T.);
#538=FACE_OUTER_BOUND('',#925,.T.);
#539=FACE_OUTER_BOUND('',#926,.T.);
#540=FACE_OUTER_BOUND('',#927,.T.);
#541=FACE_OUTER_BOUND('',#928,.T.);
#542=FACE_OUTER_BOUND('',#929,.T.);
#543=FACE_OUTER_BOUND('',#930,.T.);
#544=FACE_OUTER_BOUND('',#931,.T.);
#545=FACE_OUTER_BOUND('',#932,.T.);
#546=FACE_OUTER_BOUND('',#933,.T.);
#547=FACE_OUTER_BOUND('',#935,.T.);
#548=FACE_OUTER_BOUND('',#938,.T.);
#549=FACE_OUTER_BOUND('',#941,.T.);
#550=FACE_OUTER_BOUND('',#944,.T.);
#551=FACE_OUTER_BOUND('',#948,.T.);
#552=FACE_OUTER_BOUND('',#949,.T.);
#553=FACE_OUTER_BOUND('',#950,.T.);
#554=FACE_OUTER_BOUND('',#952,.T.);
#555=FACE_OUTER_BOUND('',#953,.T.);
#556=FACE_OUTER_BOUND('',#955,.T.);
#557=FACE_OUTER_BOUND('',#956,.T.);
#558=FACE_OUTER_BOUND('',#958,.T.);
#559=FACE_OUTER_BOUND('',#959,.T.);
#560=FACE_OUTER_BOUND('',#960,.T.);
#561=FACE_OUTER_BOUND('',#961,.T.);
#562=FACE_OUTER_BOUND('',#962,.T.);
#563=FACE_OUTER_BOUND('',#963,.T.);
#564=FACE_OUTER_BOUND('',#964,.T.);
#565=FACE_OUTER_BOUND('',#965,.T.);
#566=FACE_OUTER_BOUND('',#966,.T.);
#567=FACE_OUTER_BOUND('',#967,.T.);
#568=FACE_OUTER_BOUND('',#968,.T.);
#569=FACE_OUTER_BOUND('',#969,.T.);
#570=FACE_OUTER_BOUND('',#970,.T.);
#571=FACE_OUTER_BOUND('',#971,.T.);
#572=FACE_OUTER_BOUND('',#972,.T.);
#573=FACE_OUTER_BOUND('',#973,.T.);
#574=FACE_OUTER_BOUND('',#974,.T.);
#575=FACE_OUTER_BOUND('',#975,.T.);
#576=FACE_OUTER_BOUND('',#976,.T.);
#577=FACE_OUTER_BOUND('',#977,.T.);
#578=FACE_OUTER_BOUND('',#979,.T.);
#579=FACE_OUTER_BOUND('',#980,.T.);
#580=FACE_OUTER_BOUND('',#981,.T.);
#581=FACE_OUTER_BOUND('',#982,.T.);
#582=FACE_OUTER_BOUND('',#983,.T.);
#583=FACE_OUTER_BOUND('',#984,.T.);
#584=FACE_OUTER_BOUND('',#985,.T.);
#585=FACE_OUTER_BOUND('',#986,.T.);
#586=FACE_OUTER_BOUND('',#987,.T.);
#587=FACE_OUTER_BOUND('',#988,.T.);
#588=FACE_OUTER_BOUND('',#989,.T.);
#589=FACE_OUTER_BOUND('',#990,.T.);
#590=FACE_OUTER_BOUND('',#991,.T.);
#591=FACE_OUTER_BOUND('',#992,.T.);
#592=FACE_OUTER_BOUND('',#993,.T.);
#593=FACE_OUTER_BOUND('',#994,.T.);
#594=FACE_OUTER_BOUND('',#995,.T.);
#595=FACE_OUTER_BOUND('',#996,.T.);
#596=FACE_OUTER_BOUND('',#997,.T.);
#597=FACE_OUTER_BOUND('',#998,.T.);
#598=FACE_OUTER_BOUND('',#999,.T.);
#599=FACE_OUTER_BOUND('',#1000,.T.);
#600=FACE_OUTER_BOUND('',#1001,.T.);
#601=FACE_OUTER_BOUND('',#1003,.T.);
#602=FACE_OUTER_BOUND('',#1004,.T.);
#603=FACE_OUTER_BOUND('',#1005,.T.);
#604=FACE_OUTER_BOUND('',#1006,.T.);
#605=FACE_OUTER_BOUND('',#1007,.T.);
#606=FACE_OUTER_BOUND('',#1008,.T.);
#607=FACE_OUTER_BOUND('',#1009,.T.);
#608=FACE_OUTER_BOUND('',#1010,.T.);
#609=FACE_OUTER_BOUND('',#1011,.T.);
#610=FACE_OUTER_BOUND('',#1012,.T.);
#611=FACE_OUTER_BOUND('',#1013,.T.);
#612=FACE_OUTER_BOUND('',#1014,.T.);
#613=FACE_OUTER_BOUND('',#1015,.T.);
#614=FACE_OUTER_BOUND('',#1017,.T.);
#615=FACE_OUTER_BOUND('',#1018,.T.);
#616=FACE_OUTER_BOUND('',#1019,.T.);
#617=FACE_OUTER_BOUND('',#1020,.T.);
#618=FACE_OUTER_BOUND('',#1021,.T.);
#619=FACE_OUTER_BOUND('',#1022,.T.);
#620=FACE_OUTER_BOUND('',#1023,.T.);
#621=FACE_OUTER_BOUND('',#1024,.T.);
#622=FACE_OUTER_BOUND('',#1025,.T.);
#623=FACE_OUTER_BOUND('',#1026,.T.);
#624=FACE_OUTER_BOUND('',#1027,.T.);
#625=FACE_OUTER_BOUND('',#1028,.T.);
#626=FACE_OUTER_BOUND('',#1029,.T.);
#627=FACE_OUTER_BOUND('',#1030,.T.);
#628=FACE_OUTER_BOUND('',#1031,.T.);
#629=FACE_OUTER_BOUND('',#1032,.T.);
#630=FACE_OUTER_BOUND('',#1033,.T.);
#631=FACE_OUTER_BOUND('',#1034,.T.);
#632=FACE_OUTER_BOUND('',#1035,.T.);
#633=FACE_OUTER_BOUND('',#1036,.T.);
#634=FACE_OUTER_BOUND('',#1037,.T.);
#635=FACE_OUTER_BOUND('',#1038,.T.);
#636=FACE_OUTER_BOUND('',#1039,.T.);
#637=FACE_OUTER_BOUND('',#1040,.T.);
#638=FACE_OUTER_BOUND('',#1041,.T.);
#639=FACE_OUTER_BOUND('',#1042,.T.);
#640=FACE_OUTER_BOUND('',#1043,.T.);
#641=FACE_OUTER_BOUND('',#1044,.T.);
#642=FACE_OUTER_BOUND('',#1045,.T.);
#643=FACE_OUTER_BOUND('',#1046,.T.);
#644=FACE_OUTER_BOUND('',#1047,.T.);
#645=FACE_OUTER_BOUND('',#1048,.T.);
#646=FACE_OUTER_BOUND('',#1049,.T.);
#647=FACE_OUTER_BOUND('',#1050,.T.);
#648=FACE_OUTER_BOUND('',#1051,.T.);
#649=FACE_OUTER_BOUND('',#1052,.T.);
#650=FACE_OUTER_BOUND('',#1053,.T.);
#651=FACE_OUTER_BOUND('',#1054,.T.);
#652=FACE_OUTER_BOUND('',#1055,.T.);
#653=FACE_OUTER_BOUND('',#1056,.T.);
#654=FACE_OUTER_BOUND('',#1057,.T.);
#655=FACE_OUTER_BOUND('',#1058,.T.);
#656=FACE_OUTER_BOUND('',#1059,.T.);
#657=FACE_OUTER_BOUND('',#1060,.T.);
#658=FACE_OUTER_BOUND('',#1061,.T.);
#659=FACE_OUTER_BOUND('',#1062,.T.);
#660=FACE_OUTER_BOUND('',#1063,.T.);
#661=FACE_OUTER_BOUND('',#1064,.T.);
#662=FACE_OUTER_BOUND('',#1065,.T.);
#663=FACE_OUTER_BOUND('',#1066,.T.);
#664=FACE_OUTER_BOUND('',#1067,.T.);
#665=FACE_OUTER_BOUND('',#1068,.T.);
#666=FACE_OUTER_BOUND('',#1069,.T.);
#667=FACE_OUTER_BOUND('',#1070,.T.);
#668=FACE_OUTER_BOUND('',#1071,.T.);
#669=FACE_OUTER_BOUND('',#1072,.T.);
#670=FACE_OUTER_BOUND('',#1073,.T.);
#671=FACE_OUTER_BOUND('',#1074,.T.);
#672=FACE_OUTER_BOUND('',#1075,.T.);
#673=FACE_OUTER_BOUND('',#1076,.T.);
#674=FACE_OUTER_BOUND('',#1077,.T.);
#675=FACE_OUTER_BOUND('',#1078,.T.);
#676=FACE_OUTER_BOUND('',#1079,.T.);
#677=FACE_OUTER_BOUND('',#1080,.T.);
#678=FACE_OUTER_BOUND('',#1081,.T.);
#679=FACE_OUTER_BOUND('',#1082,.T.);
#680=FACE_OUTER_BOUND('',#1083,.T.);
#681=FACE_OUTER_BOUND('',#1084,.T.);
#682=FACE_OUTER_BOUND('',#1085,.T.);
#683=FACE_OUTER_BOUND('',#1086,.T.);
#684=FACE_OUTER_BOUND('',#1087,.T.);
#685=FACE_OUTER_BOUND('',#1088,.T.);
#686=FACE_OUTER_BOUND('',#1089,.T.);
#687=FACE_OUTER_BOUND('',#1090,.T.);
#688=FACE_OUTER_BOUND('',#1091,.T.);
#689=FACE_OUTER_BOUND('',#1092,.T.);
#690=FACE_OUTER_BOUND('',#1093,.T.);
#691=FACE_OUTER_BOUND('',#1094,.T.);
#692=FACE_OUTER_BOUND('',#1095,.T.);
#693=FACE_OUTER_BOUND('',#1096,.T.);
#694=FACE_OUTER_BOUND('',#1097,.T.);
#695=FACE_OUTER_BOUND('',#1098,.T.);
#696=FACE_OUTER_BOUND('',#1099,.T.);
#697=FACE_OUTER_BOUND('',#1100,.T.);
#698=FACE_OUTER_BOUND('',#1101,.T.);
#699=FACE_OUTER_BOUND('',#1102,.T.);
#700=FACE_OUTER_BOUND('',#1103,.T.);
#701=FACE_OUTER_BOUND('',#1104,.T.);
#702=FACE_OUTER_BOUND('',#1105,.T.);
#703=FACE_OUTER_BOUND('',#1106,.T.);
#704=FACE_OUTER_BOUND('',#1107,.T.);
#705=FACE_OUTER_BOUND('',#1108,.T.);
#706=FACE_OUTER_BOUND('',#1109,.T.);
#707=FACE_OUTER_BOUND('',#1110,.T.);
#708=FACE_OUTER_BOUND('',#1111,.T.);
#709=FACE_OUTER_BOUND('',#1112,.T.);
#710=FACE_OUTER_BOUND('',#1113,.T.);
#711=FACE_OUTER_BOUND('',#1114,.T.);
#712=FACE_OUTER_BOUND('',#1115,.T.);
#713=FACE_OUTER_BOUND('',#1116,.T.);
#714=FACE_OUTER_BOUND('',#1117,.T.);
#715=FACE_OUTER_BOUND('',#1118,.T.);
#716=FACE_OUTER_BOUND('',#1119,.T.);
#717=FACE_OUTER_BOUND('',#1120,.T.);
#718=FACE_OUTER_BOUND('',#1121,.T.);
#719=FACE_OUTER_BOUND('',#1122,.T.);
#720=FACE_OUTER_BOUND('',#1123,.T.);
#721=FACE_OUTER_BOUND('',#1124,.T.);
#722=FACE_OUTER_BOUND('',#1125,.T.);
#723=FACE_OUTER_BOUND('',#1126,.T.);
#724=FACE_OUTER_BOUND('',#1127,.T.);
#725=FACE_OUTER_BOUND('',#1129,.T.);
#726=FACE_OUTER_BOUND('',#1130,.T.);
#727=FACE_OUTER_BOUND('',#1131,.T.);
#728=FACE_OUTER_BOUND('',#1132,.T.);
#729=FACE_OUTER_BOUND('',#1133,.T.);
#730=FACE_OUTER_BOUND('',#1134,.T.);
#731=FACE_OUTER_BOUND('',#1135,.T.);
#732=FACE_OUTER_BOUND('',#1136,.T.);
#733=FACE_OUTER_BOUND('',#1137,.T.);
#734=FACE_OUTER_BOUND('',#1138,.T.);
#735=FACE_OUTER_BOUND('',#1139,.T.);
#736=FACE_OUTER_BOUND('',#1140,.T.);
#737=FACE_OUTER_BOUND('',#1141,.T.);
#738=FACE_OUTER_BOUND('',#1142,.T.);
#739=FACE_OUTER_BOUND('',#1143,.T.);
#740=FACE_OUTER_BOUND('',#1144,.T.);
#741=FACE_OUTER_BOUND('',#1145,.T.);
#742=FACE_OUTER_BOUND('',#1146,.T.);
#743=FACE_OUTER_BOUND('',#1147,.T.);
#744=FACE_OUTER_BOUND('',#1148,.T.);
#745=FACE_OUTER_BOUND('',#1149,.T.);
#746=FACE_OUTER_BOUND('',#1150,.T.);
#747=EDGE_LOOP('',(#4103,#4104,#4105,#4106));
#748=EDGE_LOOP('',(#4107,#4108,#4109,#4110));
#749=EDGE_LOOP('',(#4111,#4112,#4113,#4114));
#750=EDGE_LOOP('',(#4115,#4116,#4117,#4118));
#751=EDGE_LOOP('',(#4119,#4120,#4121,#4122,#4123,#4124));
#752=EDGE_LOOP('',(#4125));
#753=EDGE_LOOP('',(#4126));
#754=EDGE_LOOP('',(#4127,#4128,#4129,#4130,#4131,#4132));
#755=EDGE_LOOP('',(#4133,#4134,#4135,#4136,#4137,#4138,#4139,#4140,#4141,
#4142));
#756=EDGE_LOOP('',(#4143,#4144,#4145,#4146,#4147,#4148,#4149,#4150,#4151,
#4152,#4153,#4154,#4155,#4156));
#757=EDGE_LOOP('',(#4157,#4158,#4159,#4160,#4161,#4162,#4163,#4164,#4165,
#4166,#4167,#4168,#4169,#4170,#4171,#4172,#4173,#4174,#4175,#4176,#4177,
#4178,#4179,#4180,#4181));
#758=EDGE_LOOP('',(#4182));
#759=EDGE_LOOP('',(#4183));
#760=EDGE_LOOP('',(#4184,#4185,#4186,#4187));
#761=EDGE_LOOP('',(#4188,#4189,#4190,#4191));
#762=EDGE_LOOP('',(#4192,#4193,#4194,#4195));
#763=EDGE_LOOP('',(#4196,#4197,#4198,#4199));
#764=EDGE_LOOP('',(#4200,#4201,#4202,#4203,#4204,#4205));
#765=EDGE_LOOP('',(#4206));
#766=EDGE_LOOP('',(#4207));
#767=EDGE_LOOP('',(#4208,#4209,#4210,#4211,#4212,#4213));
#768=EDGE_LOOP('',(#4214,#4215,#4216,#4217,#4218,#4219,#4220,#4221,#4222,
#4223));
#769=EDGE_LOOP('',(#4224,#4225,#4226,#4227));
#770=EDGE_LOOP('',(#4228,#4229,#4230,#4231));
#771=EDGE_LOOP('',(#4232,#4233,#4234,#4235));
#772=EDGE_LOOP('',(#4236,#4237,#4238,#4239));
#773=EDGE_LOOP('',(#4240,#4241,#4242,#4243,#4244,#4245));
#774=EDGE_LOOP('',(#4246));
#775=EDGE_LOOP('',(#4247));
#776=EDGE_LOOP('',(#4248,#4249,#4250,#4251,#4252,#4253));
#777=EDGE_LOOP('',(#4254,#4255,#4256,#4257,#4258,#4259,#4260));
#778=EDGE_LOOP('',(#4261,#4262,#4263,#4264,#4265,#4266,#4267,#4268));
#779=EDGE_LOOP('',(#4269,#4270,#4271,#4272,#4273,#4274));
#780=EDGE_LOOP('',(#4275,#4276,#4277,#4278,#4279,#4280));
#781=EDGE_LOOP('',(#4281,#4282,#4283,#4284,#4285,#4286,#4287,#4288,#4289,
#4290,#4291,#4292,#4293,#4294,#4295,#4296,#4297,#4298,#4299,#4300,#4301,
#4302,#4303,#4304,#4305,#4306,#4307,#4308,#4309,#4310,#4311,#4312,#4313,
#4314));
#782=EDGE_LOOP('',(#4315));
#783=EDGE_LOOP('',(#4316));
#784=EDGE_LOOP('',(#4317));
#785=EDGE_LOOP('',(#4318));
#786=EDGE_LOOP('',(#4319));
#787=EDGE_LOOP('',(#4320));
#788=EDGE_LOOP('',(#4321));
#789=EDGE_LOOP('',(#4322));
#790=EDGE_LOOP('',(#4323));
#791=EDGE_LOOP('',(#4324));
#792=EDGE_LOOP('',(#4325));
#793=EDGE_LOOP('',(#4326));
#794=EDGE_LOOP('',(#4327));
#795=EDGE_LOOP('',(#4328,#4329,#4330,#4331));
#796=EDGE_LOOP('',(#4332,#4333,#4334,#4335,#4336,#4337,#4338,#4339));
#797=EDGE_LOOP('',(#4340));
#798=EDGE_LOOP('',(#4341));
#799=EDGE_LOOP('',(#4342));
#800=EDGE_LOOP('',(#4343));
#801=EDGE_LOOP('',(#4344));
#802=EDGE_LOOP('',(#4345));
#803=EDGE_LOOP('',(#4346));
#804=EDGE_LOOP('',(#4347));
#805=EDGE_LOOP('',(#4348,#4349,#4350,#4351,#4352,#4353,#4354,#4355,#4356,
#4357,#4358,#4359,#4360,#4361,#4362,#4363,#4364,#4365,#4366,#4367,#4368,
#4369,#4370,#4371,#4372,#4373,#4374,#4375,#4376,#4377,#4378,#4379,#4380,
#4381,#4382,#4383,#4384,#4385,#4386,#4387,#4388,#4389,#4390,#4391,#4392,
#4393,#4394,#4395,#4396,#4397,#4398,#4399,#4400,#4401,#4402,#4403,#4404,
#4405,#4406,#4407,#4408,#4409,#4410,#4411,#4412,#4413,#4414,#4415,#4416,
#4417,#4418,#4419,#4420,#4421,#4422,#4423,#4424,#4425,#4426,#4427,#4428,
#4429,#4430,#4431,#4432,#4433,#4434,#4435,#4436,#4437,#4438,#4439,#4440,
#4441,#4442,#4443,#4444));
#806=EDGE_LOOP('',(#4445,#4446,#4447,#4448,#4449,#4450,#4451,#4452,#4453,
#4454,#4455));
#807=EDGE_LOOP('',(#4456));
#808=EDGE_LOOP('',(#4457,#4458,#4459,#4460));
#809=EDGE_LOOP('',(#4461,#4462,#4463,#4464,#4465,#4466));
#810=EDGE_LOOP('',(#4467,#4468,#4469,#4470,#4471,#4472,#4473,#4474,#4475,
#4476,#4477,#4478,#4479));
#811=EDGE_LOOP('',(#4480));
#812=EDGE_LOOP('',(#4481,#4482,#4483,#4484));
#813=EDGE_LOOP('',(#4485,#4486,#4487,#4488));
#814=EDGE_LOOP('',(#4489,#4490,#4491,#4492));
#815=EDGE_LOOP('',(#4493,#4494,#4495,#4496));
#816=EDGE_LOOP('',(#4497,#4498,#4499,#4500));
#817=EDGE_LOOP('',(#4501,#4502,#4503,#4504));
#818=EDGE_LOOP('',(#4505,#4506,#4507,#4508));
#819=EDGE_LOOP('',(#4509,#4510,#4511,#4512));
#820=EDGE_LOOP('',(#4513,#4514,#4515,#4516));
#821=EDGE_LOOP('',(#4517,#4518,#4519,#4520));
#822=EDGE_LOOP('',(#4521,#4522,#4523,#4524));
#823=EDGE_LOOP('',(#4525,#4526,#4527,#4528));
#824=EDGE_LOOP('',(#4529,#4530,#4531,#4532,#4533,#4534,#4535,#4536,#4537,
#4538));
#825=EDGE_LOOP('',(#4539,#4540,#4541,#4542));
#826=EDGE_LOOP('',(#4543,#4544,#4545,#4546));
#827=EDGE_LOOP('',(#4547,#4548,#4549,#4550));
#828=EDGE_LOOP('',(#4551,#4552,#4553,#4554));
#829=EDGE_LOOP('',(#4555,#4556,#4557,#4558));
#830=EDGE_LOOP('',(#4559,#4560,#4561,#4562));
#831=EDGE_LOOP('',(#4563,#4564,#4565,#4566));
#832=EDGE_LOOP('',(#4567,#4568,#4569,#4570,#4571,#4572,#4573));
#833=EDGE_LOOP('',(#4574,#4575,#4576,#4577));
#834=EDGE_LOOP('',(#4578,#4579,#4580,#4581));
#835=EDGE_LOOP('',(#4582,#4583,#4584,#4585));
#836=EDGE_LOOP('',(#4586,#4587,#4588,#4589));
#837=EDGE_LOOP('',(#4590,#4591,#4592,#4593));
#838=EDGE_LOOP('',(#4594,#4595,#4596,#4597));
#839=EDGE_LOOP('',(#4598));
#840=EDGE_LOOP('',(#4599,#4600,#4601,#4602));
#841=EDGE_LOOP('',(#4603));
#842=EDGE_LOOP('',(#4604,#4605,#4606,#4607));
#843=EDGE_LOOP('',(#4608));
#844=EDGE_LOOP('',(#4609));
#845=EDGE_LOOP('',(#4610,#4611,#4612,#4613));
#846=EDGE_LOOP('',(#4614,#4615,#4616,#4617));
#847=EDGE_LOOP('',(#4618,#4619,#4620,#4621));
#848=EDGE_LOOP('',(#4622,#4623,#4624,#4625));
#849=EDGE_LOOP('',(#4626,#4627,#4628,#4629));
#850=EDGE_LOOP('',(#4630,#4631,#4632,#4633));
#851=EDGE_LOOP('',(#4634,#4635,#4636,#4637));
#852=EDGE_LOOP('',(#4638,#4639,#4640,#4641));
#853=EDGE_LOOP('',(#4642,#4643,#4644,#4645));
#854=EDGE_LOOP('',(#4646,#4647,#4648,#4649));
#855=EDGE_LOOP('',(#4650,#4651,#4652,#4653,#4654,#4655,#4656,#4657,#4658,
#4659,#4660,#4661));
#856=EDGE_LOOP('',(#4662,#4663,#4664,#4665));
#857=EDGE_LOOP('',(#4666));
#858=EDGE_LOOP('',(#4667));
#859=EDGE_LOOP('',(#4668,#4669,#4670,#4671));
#860=EDGE_LOOP('',(#4672));
#861=EDGE_LOOP('',(#4673));
#862=EDGE_LOOP('',(#4674,#4675,#4676,#4677));
#863=EDGE_LOOP('',(#4678));
#864=EDGE_LOOP('',(#4679));
#865=EDGE_LOOP('',(#4680,#4681,#4682,#4683));
#866=EDGE_LOOP('',(#4684));
#867=EDGE_LOOP('',(#4685));
#868=EDGE_LOOP('',(#4686,#4687,#4688,#4689));
#869=EDGE_LOOP('',(#4690,#4691,#4692,#4693));
#870=EDGE_LOOP('',(#4694));
#871=EDGE_LOOP('',(#4695,#4696,#4697,#4698));
#872=EDGE_LOOP('',(#4699));
#873=EDGE_LOOP('',(#4700,#4701,#4702,#4703));
#874=EDGE_LOOP('',(#4704));
#875=EDGE_LOOP('',(#4705,#4706,#4707,#4708));
#876=EDGE_LOOP('',(#4709));
#877=EDGE_LOOP('',(#4710,#4711,#4712,#4713));
#878=EDGE_LOOP('',(#4714));
#879=EDGE_LOOP('',(#4715,#4716,#4717,#4718));
#880=EDGE_LOOP('',(#4719));
#881=EDGE_LOOP('',(#4720,#4721,#4722,#4723));
#882=EDGE_LOOP('',(#4724));
#883=EDGE_LOOP('',(#4725,#4726,#4727,#4728));
#884=EDGE_LOOP('',(#4729));
#885=EDGE_LOOP('',(#4730,#4731,#4732,#4733));
#886=EDGE_LOOP('',(#4734));
#887=EDGE_LOOP('',(#4735,#4736,#4737,#4738));
#888=EDGE_LOOP('',(#4739));
#889=EDGE_LOOP('',(#4740,#4741,#4742,#4743));
#890=EDGE_LOOP('',(#4744));
#891=EDGE_LOOP('',(#4745,#4746,#4747,#4748));
#892=EDGE_LOOP('',(#4749));
#893=EDGE_LOOP('',(#4750,#4751,#4752,#4753));
#894=EDGE_LOOP('',(#4754,#4755,#4756,#4757));
#895=EDGE_LOOP('',(#4758,#4759,#4760,#4761));
#896=EDGE_LOOP('',(#4762,#4763,#4764,#4765));
#897=EDGE_LOOP('',(#4766,#4767,#4768,#4769));
#898=EDGE_LOOP('',(#4770,#4771,#4772,#4773));
#899=EDGE_LOOP('',(#4774,#4775,#4776,#4777));
#900=EDGE_LOOP('',(#4778,#4779,#4780,#4781));
#901=EDGE_LOOP('',(#4782,#4783,#4784,#4785));
#902=EDGE_LOOP('',(#4786,#4787,#4788,#4789));
#903=EDGE_LOOP('',(#4790,#4791,#4792,#4793));
#904=EDGE_LOOP('',(#4794,#4795,#4796,#4797));
#905=EDGE_LOOP('',(#4798,#4799,#4800,#4801));
#906=EDGE_LOOP('',(#4802,#4803,#4804,#4805));
#907=EDGE_LOOP('',(#4806,#4807,#4808,#4809));
#908=EDGE_LOOP('',(#4810,#4811,#4812,#4813));
#909=EDGE_LOOP('',(#4814,#4815,#4816,#4817));
#910=EDGE_LOOP('',(#4818,#4819,#4820,#4821));
#911=EDGE_LOOP('',(#4822,#4823,#4824,#4825));
#912=EDGE_LOOP('',(#4826,#4827,#4828,#4829));
#913=EDGE_LOOP('',(#4830,#4831,#4832,#4833));
#914=EDGE_LOOP('',(#4834));
#915=EDGE_LOOP('',(#4835,#4836,#4837,#4838));
#916=EDGE_LOOP('',(#4839));
#917=EDGE_LOOP('',(#4840,#4841,#4842,#4843));
#918=EDGE_LOOP('',(#4844));
#919=EDGE_LOOP('',(#4845,#4846,#4847,#4848));
#920=EDGE_LOOP('',(#4849));
#921=EDGE_LOOP('',(#4850,#4851,#4852,#4853));
#922=EDGE_LOOP('',(#4854));
#923=EDGE_LOOP('',(#4855,#4856,#4857,#4858));
#924=EDGE_LOOP('',(#4859));
#925=EDGE_LOOP('',(#4860,#4861,#4862,#4863));
#926=EDGE_LOOP('',(#4864));
#927=EDGE_LOOP('',(#4865,#4866,#4867,#4868));
#928=EDGE_LOOP('',(#4869));
#929=EDGE_LOOP('',(#4870,#4871,#4872,#4873));
#930=EDGE_LOOP('',(#4874,#4875,#4876,#4877));
#931=EDGE_LOOP('',(#4878,#4879,#4880,#4881));
#932=EDGE_LOOP('',(#4882,#4883,#4884,#4885));
#933=EDGE_LOOP('',(#4886,#4887,#4888,#4889,#4890,#4891,#4892,#4893));
#934=EDGE_LOOP('',(#4894,#4895,#4896,#4897,#4898,#4899,#4900,#4901));
#935=EDGE_LOOP('',(#4902,#4903,#4904,#4905));
#936=EDGE_LOOP('',(#4906));
#937=EDGE_LOOP('',(#4907));
#938=EDGE_LOOP('',(#4908,#4909,#4910,#4911));
#939=EDGE_LOOP('',(#4912));
#940=EDGE_LOOP('',(#4913));
#941=EDGE_LOOP('',(#4914,#4915,#4916,#4917));
#942=EDGE_LOOP('',(#4918));
#943=EDGE_LOOP('',(#4919));
#944=EDGE_LOOP('',(#4920,#4921,#4922,#4923));
#945=EDGE_LOOP('',(#4924,#4925,#4926,#4927,#4928,#4929,#4930,#4931,#4932,
#4933));
#946=EDGE_LOOP('',(#4934,#4935,#4936,#4937,#4938,#4939,#4940));
#947=EDGE_LOOP('',(#4941,#4942,#4943,#4944));
#948=EDGE_LOOP('',(#4945,#4946,#4947,#4948,#4949,#4950,#4951));
#949=EDGE_LOOP('',(#4952,#4953,#4954,#4955));
#950=EDGE_LOOP('',(#4956,#4957,#4958,#4959,#4960,#4961,#4962,#4963,#4964,
#4965));
#951=EDGE_LOOP('',(#4966));
#952=EDGE_LOOP('',(#4967,#4968,#4969,#4970));
#953=EDGE_LOOP('',(#4971,#4972,#4973,#4974,#4975,#4976,#4977,#4978,#4979,
#4980));
#954=EDGE_LOOP('',(#4981));
#955=EDGE_LOOP('',(#4982,#4983,#4984,#4985));
#956=EDGE_LOOP('',(#4986,#4987,#4988,#4989,#4990,#4991,#4992,#4993,#4994,
#4995));
#957=EDGE_LOOP('',(#4996));
#958=EDGE_LOOP('',(#4997,#4998,#4999,#5000));
#959=EDGE_LOOP('',(#5001,#5002,#5003,#5004,#5005,#5006));
#960=EDGE_LOOP('',(#5007,#5008,#5009,#5010));
#961=EDGE_LOOP('',(#5011,#5012,#5013,#5014));
#962=EDGE_LOOP('',(#5015,#5016,#5017,#5018));
#963=EDGE_LOOP('',(#5019,#5020,#5021,#5022));
#964=EDGE_LOOP('',(#5023,#5024,#5025,#5026));
#965=EDGE_LOOP('',(#5027,#5028,#5029,#5030));
#966=EDGE_LOOP('',(#5031,#5032,#5033,#5034));
#967=EDGE_LOOP('',(#5035,#5036,#5037,#5038));
#968=EDGE_LOOP('',(#5039,#5040,#5041,#5042));
#969=EDGE_LOOP('',(#5043,#5044,#5045,#5046));
#970=EDGE_LOOP('',(#5047,#5048,#5049,#5050,#5051,#5052));
#971=EDGE_LOOP('',(#5053,#5054,#5055,#5056));
#972=EDGE_LOOP('',(#5057,#5058,#5059,#5060,#5061,#5062));
#973=EDGE_LOOP('',(#5063,#5064,#5065,#5066));
#974=EDGE_LOOP('',(#5067,#5068,#5069,#5070,#5071,#5072));
#975=EDGE_LOOP('',(#5073,#5074,#5075,#5076));
#976=EDGE_LOOP('',(#5077,#5078,#5079,#5080,#5081,#5082));
#977=EDGE_LOOP('',(#5083,#5084,#5085,#5086,#5087,#5088,#5089,#5090));
#978=EDGE_LOOP('',(#5091));
#979=EDGE_LOOP('',(#5092,#5093,#5094,#5095));
#980=EDGE_LOOP('',(#5096,#5097,#5098,#5099));
#981=EDGE_LOOP('',(#5100,#5101,#5102,#5103));
#982=EDGE_LOOP('',(#5104,#5105,#5106,#5107));
#983=EDGE_LOOP('',(#5108,#5109,#5110,#5111,#5112,#5113));
#984=EDGE_LOOP('',(#5114,#5115,#5116,#5117));
#985=EDGE_LOOP('',(#5118,#5119,#5120,#5121,#5122));
#986=EDGE_LOOP('',(#5123,#5124,#5125,#5126,#5127));
#987=EDGE_LOOP('',(#5128,#5129,#5130,#5131));
#988=EDGE_LOOP('',(#5132,#5133,#5134,#5135,#5136,#5137));
#989=EDGE_LOOP('',(#5138,#5139,#5140,#5141));
#990=EDGE_LOOP('',(#5142,#5143,#5144,#5145));
#991=EDGE_LOOP('',(#5146,#5147,#5148,#5149));
#992=EDGE_LOOP('',(#5150,#5151,#5152,#5153));
#993=EDGE_LOOP('',(#5154,#5155,#5156,#5157));
#994=EDGE_LOOP('',(#5158,#5159,#5160,#5161,#5162,#5163));
#995=EDGE_LOOP('',(#5164,#5165,#5166,#5167));
#996=EDGE_LOOP('',(#5168,#5169,#5170,#5171,#5172,#5173));
#997=EDGE_LOOP('',(#5174,#5175,#5176,#5177));
#998=EDGE_LOOP('',(#5178,#5179,#5180,#5181,#5182,#5183));
#999=EDGE_LOOP('',(#5184,#5185,#5186,#5187));
#1000=EDGE_LOOP('',(#5188,#5189,#5190,#5191,#5192,#5193));
#1001=EDGE_LOOP('',(#5194,#5195,#5196,#5197,#5198,#5199,#5200,#5201));
#1002=EDGE_LOOP('',(#5202));
#1003=EDGE_LOOP('',(#5203,#5204,#5205,#5206));
#1004=EDGE_LOOP('',(#5207,#5208,#5209,#5210));
#1005=EDGE_LOOP('',(#5211,#5212,#5213,#5214));
#1006=EDGE_LOOP('',(#5215,#5216,#5217,#5218));
#1007=EDGE_LOOP('',(#5219,#5220,#5221,#5222));
#1008=EDGE_LOOP('',(#5223,#5224,#5225,#5226,#5227,#5228));
#1009=EDGE_LOOP('',(#5229,#5230,#5231,#5232));
#1010=EDGE_LOOP('',(#5233,#5234,#5235,#5236,#5237,#5238));
#1011=EDGE_LOOP('',(#5239,#5240,#5241,#5242));
#1012=EDGE_LOOP('',(#5243,#5244,#5245,#5246,#5247,#5248));
#1013=EDGE_LOOP('',(#5249,#5250,#5251,#5252));
#1014=EDGE_LOOP('',(#5253,#5254,#5255,#5256,#5257,#5258));
#1015=EDGE_LOOP('',(#5259,#5260,#5261,#5262,#5263,#5264,#5265,#5266));
#1016=EDGE_LOOP('',(#5267));
#1017=EDGE_LOOP('',(#5268,#5269,#5270,#5271));
#1018=EDGE_LOOP('',(#5272,#5273,#5274,#5275));
#1019=EDGE_LOOP('',(#5276,#5277,#5278,#5279));
#1020=EDGE_LOOP('',(#5280,#5281,#5282,#5283));
#1021=EDGE_LOOP('',(#5284,#5285,#5286,#5287));
#1022=EDGE_LOOP('',(#5288,#5289,#5290,#5291));
#1023=EDGE_LOOP('',(#5292,#5293,#5294,#5295));
#1024=EDGE_LOOP('',(#5296,#5297,#5298,#5299));
#1025=EDGE_LOOP('',(#5300,#5301,#5302,#5303));
#1026=EDGE_LOOP('',(#5304,#5305,#5306,#5307));
#1027=EDGE_LOOP('',(#5308,#5309,#5310,#5311));
#1028=EDGE_LOOP('',(#5312,#5313,#5314,#5315));
#1029=EDGE_LOOP('',(#5316,#5317,#5318,#5319));
#1030=EDGE_LOOP('',(#5320,#5321,#5322,#5323));
#1031=EDGE_LOOP('',(#5324,#5325,#5326,#5327));
#1032=EDGE_LOOP('',(#5328,#5329,#5330,#5331));
#1033=EDGE_LOOP('',(#5332,#5333,#5334,#5335));
#1034=EDGE_LOOP('',(#5336,#5337,#5338,#5339));
#1035=EDGE_LOOP('',(#5340,#5341,#5342,#5343));
#1036=EDGE_LOOP('',(#5344,#5345,#5346,#5347));
#1037=EDGE_LOOP('',(#5348,#5349,#5350,#5351));
#1038=EDGE_LOOP('',(#5352,#5353,#5354,#5355));
#1039=EDGE_LOOP('',(#5356,#5357,#5358,#5359));
#1040=EDGE_LOOP('',(#5360,#5361,#5362,#5363));
#1041=EDGE_LOOP('',(#5364,#5365,#5366,#5367));
#1042=EDGE_LOOP('',(#5368,#5369,#5370,#5371));
#1043=EDGE_LOOP('',(#5372,#5373,#5374,#5375));
#1044=EDGE_LOOP('',(#5376,#5377,#5378,#5379));
#1045=EDGE_LOOP('',(#5380,#5381,#5382,#5383,#5384,#5385));
#1046=EDGE_LOOP('',(#5386,#5387,#5388,#5389));
#1047=EDGE_LOOP('',(#5390,#5391,#5392,#5393));
#1048=EDGE_LOOP('',(#5394,#5395,#5396,#5397));
#1049=EDGE_LOOP('',(#5398,#5399,#5400,#5401));
#1050=EDGE_LOOP('',(#5402,#5403,#5404,#5405,#5406));
#1051=EDGE_LOOP('',(#5407,#5408,#5409,#5410));
#1052=EDGE_LOOP('',(#5411,#5412,#5413,#5414));
#1053=EDGE_LOOP('',(#5415,#5416,#5417,#5418));
#1054=EDGE_LOOP('',(#5419,#5420,#5421,#5422));
#1055=EDGE_LOOP('',(#5423,#5424,#5425,#5426,#5427));
#1056=EDGE_LOOP('',(#5428,#5429,#5430,#5431));
#1057=EDGE_LOOP('',(#5432,#5433,#5434,#5435));
#1058=EDGE_LOOP('',(#5436,#5437,#5438,#5439));
#1059=EDGE_LOOP('',(#5440,#5441,#5442,#5443));
#1060=EDGE_LOOP('',(#5444,#5445,#5446,#5447));
#1061=EDGE_LOOP('',(#5448,#5449,#5450,#5451));
#1062=EDGE_LOOP('',(#5452,#5453,#5454,#5455));
#1063=EDGE_LOOP('',(#5456,#5457,#5458,#5459,#5460,#5461));
#1064=EDGE_LOOP('',(#5462,#5463,#5464,#5465));
#1065=EDGE_LOOP('',(#5466,#5467,#5468,#5469));
#1066=EDGE_LOOP('',(#5470,#5471,#5472,#5473));
#1067=EDGE_LOOP('',(#5474,#5475,#5476,#5477));
#1068=EDGE_LOOP('',(#5478,#5479,#5480,#5481,#5482,#5483));
#1069=EDGE_LOOP('',(#5484,#5485,#5486,#5487));
#1070=EDGE_LOOP('',(#5488,#5489,#5490,#5491));
#1071=EDGE_LOOP('',(#5492,#5493,#5494,#5495));
#1072=EDGE_LOOP('',(#5496,#5497,#5498,#5499));
#1073=EDGE_LOOP('',(#5500,#5501,#5502,#5503,#5504,#5505));
#1074=EDGE_LOOP('',(#5506,#5507,#5508,#5509));
#1075=EDGE_LOOP('',(#5510,#5511,#5512,#5513));
#1076=EDGE_LOOP('',(#5514,#5515,#5516,#5517));
#1077=EDGE_LOOP('',(#5518,#5519,#5520,#5521));
#1078=EDGE_LOOP('',(#5522,#5523,#5524,#5525));
#1079=EDGE_LOOP('',(#5526,#5527,#5528,#5529));
#1080=EDGE_LOOP('',(#5530,#5531,#5532,#5533));
#1081=EDGE_LOOP('',(#5534,#5535,#5536,#5537,#5538,#5539));
#1082=EDGE_LOOP('',(#5540,#5541,#5542,#5543));
#1083=EDGE_LOOP('',(#5544,#5545,#5546,#5547));
#1084=EDGE_LOOP('',(#5548,#5549,#5550,#5551));
#1085=EDGE_LOOP('',(#5552,#5553,#5554,#5555));
#1086=EDGE_LOOP('',(#5556,#5557,#5558,#5559,#5560,#5561));
#1087=EDGE_LOOP('',(#5562,#5563,#5564,#5565));
#1088=EDGE_LOOP('',(#5566,#5567,#5568,#5569));
#1089=EDGE_LOOP('',(#5570,#5571,#5572,#5573));
#1090=EDGE_LOOP('',(#5574,#5575,#5576,#5577));
#1091=EDGE_LOOP('',(#5578,#5579,#5580,#5581,#5582,#5583));
#1092=EDGE_LOOP('',(#5584,#5585,#5586,#5587));
#1093=EDGE_LOOP('',(#5588,#5589,#5590,#5591));
#1094=EDGE_LOOP('',(#5592,#5593,#5594,#5595));
#1095=EDGE_LOOP('',(#5596,#5597,#5598,#5599));
#1096=EDGE_LOOP('',(#5600,#5601,#5602,#5603));
#1097=EDGE_LOOP('',(#5604,#5605,#5606,#5607));
#1098=EDGE_LOOP('',(#5608,#5609,#5610,#5611));
#1099=EDGE_LOOP('',(#5612,#5613,#5614,#5615,#5616,#5617));
#1100=EDGE_LOOP('',(#5618,#5619,#5620,#5621));
#1101=EDGE_LOOP('',(#5622,#5623,#5624,#5625));
#1102=EDGE_LOOP('',(#5626,#5627,#5628,#5629));
#1103=EDGE_LOOP('',(#5630,#5631,#5632,#5633));
#1104=EDGE_LOOP('',(#5634,#5635,#5636,#5637,#5638,#5639));
#1105=EDGE_LOOP('',(#5640,#5641,#5642,#5643));
#1106=EDGE_LOOP('',(#5644,#5645,#5646,#5647));
#1107=EDGE_LOOP('',(#5648,#5649,#5650,#5651));
#1108=EDGE_LOOP('',(#5652,#5653,#5654,#5655));
#1109=EDGE_LOOP('',(#5656,#5657,#5658,#5659,#5660,#5661));
#1110=EDGE_LOOP('',(#5662,#5663,#5664,#5665));
#1111=EDGE_LOOP('',(#5666,#5667,#5668,#5669));
#1112=EDGE_LOOP('',(#5670,#5671,#5672,#5673));
#1113=EDGE_LOOP('',(#5674,#5675,#5676,#5677));
#1114=EDGE_LOOP('',(#5678,#5679,#5680,#5681));
#1115=EDGE_LOOP('',(#5682,#5683,#5684,#5685));
#1116=EDGE_LOOP('',(#5686,#5687,#5688,#5689));
#1117=EDGE_LOOP('',(#5690,#5691,#5692,#5693));
#1118=EDGE_LOOP('',(#5694,#5695,#5696,#5697));
#1119=EDGE_LOOP('',(#5698,#5699,#5700,#5701));
#1120=EDGE_LOOP('',(#5702,#5703,#5704,#5705,#5706,#5707));
#1121=EDGE_LOOP('',(#5708,#5709,#5710,#5711));
#1122=EDGE_LOOP('',(#5712,#5713,#5714,#5715,#5716,#5717));
#1123=EDGE_LOOP('',(#5718,#5719,#5720,#5721));
#1124=EDGE_LOOP('',(#5722,#5723,#5724,#5725,#5726,#5727));
#1125=EDGE_LOOP('',(#5728,#5729,#5730,#5731));
#1126=EDGE_LOOP('',(#5732,#5733,#5734,#5735,#5736,#5737));
#1127=EDGE_LOOP('',(#5738,#5739,#5740,#5741,#5742,#5743,#5744,#5745));
#1128=EDGE_LOOP('',(#5746));
#1129=EDGE_LOOP('',(#5747,#5748,#5749,#5750));
#1130=EDGE_LOOP('',(#5751,#5752,#5753,#5754));
#1131=EDGE_LOOP('',(#5755,#5756,#5757,#5758,#5759));
#1132=EDGE_LOOP('',(#5760,#5761,#5762,#5763,#5764));
#1133=EDGE_LOOP('',(#5765,#5766,#5767,#5768));
#1134=EDGE_LOOP('',(#5769,#5770,#5771,#5772,#5773));
#1135=EDGE_LOOP('',(#5774,#5775,#5776,#5777,#5778));
#1136=EDGE_LOOP('',(#5779,#5780,#5781,#5782,#5783,#5784,#5785,#5786,#5787,
#5788,#5789,#5790,#5791,#5792,#5793,#5794,#5795,#5796));
#1137=EDGE_LOOP('',(#5797,#5798,#5799,#5800,#5801,#5802,#5803,#5804,#5805,
#5806,#5807,#5808,#5809,#5810,#5811,#5812));
#1138=EDGE_LOOP('',(#5813,#5814,#5815,#5816,#5817,#5818,#5819,#5820,#5821,
#5822,#5823,#5824,#5825,#5826,#5827,#5828,#5829,#5830));
#1139=EDGE_LOOP('',(#5831,#5832,#5833,#5834,#5835,#5836,#5837,#5838,#5839,
#5840));
#1140=EDGE_LOOP('',(#5841,#5842,#5843,#5844,#5845,#5846,#5847,#5848,#5849,
#5850,#5851,#5852,#5853,#5854,#5855,#5856));
#1141=EDGE_LOOP('',(#5857,#5858,#5859,#5860,#5861,#5862,#5863,#5864,#5865,
#5866,#5867,#5868,#5869,#5870,#5871,#5872));
#1142=EDGE_LOOP('',(#5873,#5874,#5875,#5876,#5877,#5878,#5879,#5880,#5881,
#5882));
#1143=EDGE_LOOP('',(#5883,#5884,#5885,#5886,#5887,#5888,#5889,#5890,#5891,
#5892));
#1144=EDGE_LOOP('',(#5893,#5894,#5895,#5896,#5897,#5898,#5899,#5900,#5901,
#5902,#5903,#5904,#5905,#5906,#5907,#5908));
#1145=EDGE_LOOP('',(#5909,#5910,#5911,#5912,#5913,#5914,#5915,#5916,#5917,
#5918,#5919,#5920,#5921,#5922,#5923,#5924,#5925,#5926));
#1146=EDGE_LOOP('',(#5927,#5928,#5929,#5930,#5931,#5932,#5933,#5934,#5935,
#5936,#5937,#5938,#5939,#5940,#5941,#5942));
#1147=EDGE_LOOP('',(#5943,#5944,#5945,#5946,#5947,#5948,#5949,#5950,#5951,
#5952,#5953,#5954,#5955,#5956,#5957,#5958));
#1148=EDGE_LOOP('',(#5959,#5960,#5961,#5962,#5963,#5964,#5965,#5966,#5967,
#5968));
#1149=EDGE_LOOP('',(#5969,#5970,#5971,#5972,#5973,#5974,#5975,#5976,#5977,
#5978,#5979,#5980,#5981,#5982,#5983,#5984));
#1150=EDGE_LOOP('',(#5985,#5986,#5987,#5988,#5989,#5990,#5991,#5992,#5993,
#5994,#5995,#5996,#5997,#5998,#5999,#6000,#6001,#6002));
#1151=LINE('',#9169,#1845);
#1152=LINE('',#9171,#1846);
#1153=LINE('',#9172,#1847);
#1154=LINE('',#9175,#1848);
#1155=LINE('',#9177,#1849);
#1156=LINE('',#9178,#1850);
#1157=LINE('',#9182,#1851);
#1158=LINE('',#9184,#1852);
#1159=LINE('',#9186,#1853);
#1160=LINE('',#9187,#1854);
#1161=LINE('',#9192,#1855);
#1162=LINE('',#9193,#1856);
#1163=LINE('',#9195,#1857);
#1164=LINE('',#9196,#1858);
#1165=LINE('',#9205,#1859);
#1166=LINE('',#9211,#1860);
#1167=LINE('',#9217,#1861);
#1168=LINE('',#9220,#1862);
#1169=LINE('',#9225,#1863);
#1170=LINE('',#9229,#1864);
#1171=LINE('',#9231,#1865);
#1172=LINE('',#9233,#1866);
#1173=LINE('',#9237,#1867);
#1174=LINE('',#9239,#1868);
#1175=LINE('',#9240,#1869);
#1176=LINE('',#9243,#1870);
#1177=LINE('',#9249,#1871);
#1178=LINE('',#9253,#1872);
#1179=LINE('',#9257,#1873);
#1180=LINE('',#9261,#1874);
#1181=LINE('',#9265,#1875);
#1182=LINE('',#9269,#1876);
#1183=LINE('',#9273,#1877);
#1184=LINE('',#9277,#1878);
#1185=LINE('',#9281,#1879);
#1186=LINE('',#9287,#1880);
#1187=LINE('',#9300,#1881);
#1188=LINE('',#9302,#1882);
#1189=LINE('',#9303,#1883);
#1190=LINE('',#9305,#1884);
#1191=LINE('',#9306,#1885);
#1192=LINE('',#9309,#1886);
#1193=LINE('',#9310,#1887);
#1194=LINE('',#9313,#1888);
#1195=LINE('',#9314,#1889);
#1196=LINE('',#9316,#1890);
#1197=LINE('',#9324,#1891);
#1198=LINE('',#9327,#1892);
#1199=LINE('',#9333,#1893);
#1200=LINE('',#9336,#1894);
#1201=LINE('',#9342,#1895);
#1202=LINE('',#9344,#1896);
#1203=LINE('',#9345,#1897);
#1204=LINE('',#9347,#1898);
#1205=LINE('',#9348,#1899);
#1206=LINE('',#9351,#1900);
#1207=LINE('',#9352,#1901);
#1208=LINE('',#9355,#1902);
#1209=LINE('',#9356,#1903);
#1210=LINE('',#9358,#1904);
#1211=LINE('',#9366,#1905);
#1212=LINE('',#9369,#1906);
#1213=LINE('',#9372,#1907);
#1214=LINE('',#9376,#1908);
#1215=LINE('',#9378,#1909);
#1216=LINE('',#9380,#1910);
#1217=LINE('',#9382,#1911);
#1218=LINE('',#9384,#1912);
#1219=LINE('',#9386,#1913);
#1220=LINE('',#9388,#1914);
#1221=LINE('',#9389,#1915);
#1222=LINE('',#9392,#1916);
#1223=LINE('',#9394,#1917);
#1224=LINE('',#9396,#1918);
#1225=LINE('',#9398,#1919);
#1226=LINE('',#9399,#1920);
#1227=LINE('',#9403,#1921);
#1228=LINE('',#9405,#1922);
#1229=LINE('',#9406,#1923);
#1230=LINE('',#9408,#1924);
#1231=LINE('',#9409,#1925);
#1232=LINE('',#9412,#1926);
#1233=LINE('',#9416,#1927);
#1234=LINE('',#9420,#1928);
#1235=LINE('',#9426,#1929);
#1236=LINE('',#9432,#1930);
#1237=LINE('',#9438,#1931);
#1238=LINE('',#9444,#1932);
#1239=LINE('',#9450,#1933);
#1240=LINE('',#9456,#1934);
#1241=LINE('',#9462,#1935);
#1242=LINE('',#9468,#1936);
#1243=LINE('',#9471,#1937);
#1244=LINE('',#9500,#1938);
#1245=LINE('',#9502,#1939);
#1246=LINE('',#9503,#1940);
#1247=LINE('',#9507,#1941);
#1248=LINE('',#9511,#1942);
#1249=LINE('',#9515,#1943);
#1250=LINE('',#9519,#1944);
#1251=LINE('',#9538,#1945);
#1252=LINE('',#9540,#1946);
#1253=LINE('',#9542,#1947);
#1254=LINE('',#9544,#1948);
#1255=LINE('',#9550,#1949);
#1256=LINE('',#9552,#1950);
#1257=LINE('',#9554,#1951);
#1258=LINE('',#9556,#1952);
#1259=LINE('',#9558,#1953);
#1260=LINE('',#9564,#1954);
#1261=LINE('',#9566,#1955);
#1262=LINE('',#9568,#1956);
#1263=LINE('',#9572,#1957);
#1264=LINE('',#9574,#1958);
#1265=LINE('',#9576,#1959);
#1266=LINE('',#9578,#1960);
#1267=LINE('',#9580,#1961);
#1268=LINE('',#9584,#1962);
#1269=LINE('',#9586,#1963);
#1270=LINE('',#9588,#1964);
#1271=LINE('',#9590,#1965);
#1272=LINE('',#9592,#1966);
#1273=LINE('',#9596,#1967);
#1274=LINE('',#9598,#1968);
#1275=LINE('',#9600,#1969);
#1276=LINE('',#9602,#1970);
#1277=LINE('',#9604,#1971);
#1278=LINE('',#9608,#1972);
#1279=LINE('',#9610,#1973);
#1280=LINE('',#9612,#1974);
#1281=LINE('',#9616,#1975);
#1282=LINE('',#9618,#1976);
#1283=LINE('',#9620,#1977);
#1284=LINE('',#9622,#1978);
#1285=LINE('',#9624,#1979);
#1286=LINE('',#9628,#1980);
#1287=LINE('',#9630,#1981);
#1288=LINE('',#9632,#1982);
#1289=LINE('',#9634,#1983);
#1290=LINE('',#9636,#1984);
#1291=LINE('',#9640,#1985);
#1292=LINE('',#9642,#1986);
#1293=LINE('',#9644,#1987);
#1294=LINE('',#9646,#1988);
#1295=LINE('',#9648,#1989);
#1296=LINE('',#9652,#1990);
#1297=LINE('',#9654,#1991);
#1298=LINE('',#9656,#1992);
#1299=LINE('',#9660,#1993);
#1300=LINE('',#9662,#1994);
#1301=LINE('',#9664,#1995);
#1302=LINE('',#9666,#1996);
#1303=LINE('',#9668,#1997);
#1304=LINE('',#9672,#1998);
#1305=LINE('',#9674,#1999);
#1306=LINE('',#9676,#2000);
#1307=LINE('',#9678,#2001);
#1308=LINE('',#9680,#2002);
#1309=LINE('',#9684,#2003);
#1310=LINE('',#9686,#2004);
#1311=LINE('',#9688,#2005);
#1312=LINE('',#9690,#2006);
#1313=LINE('',#9692,#2007);
#1314=LINE('',#9696,#2008);
#1315=LINE('',#9698,#2009);
#1316=LINE('',#9700,#2010);
#1317=LINE('',#9706,#2011);
#1318=LINE('',#9708,#2012);
#1319=LINE('',#9710,#2013);
#1320=LINE('',#9711,#2014);
#1321=LINE('',#9713,#2015);
#1322=LINE('',#9715,#2016);
#1323=LINE('',#9717,#2017);
#1324=LINE('',#9721,#2018);
#1325=LINE('',#9722,#2019);
#1326=LINE('',#9725,#2020);
#1327=LINE('',#9727,#2021);
#1328=LINE('',#9729,#2022);
#1329=LINE('',#9731,#2023);
#1330=LINE('',#9733,#2024);
#1331=LINE('',#9735,#2025);
#1332=LINE('',#9737,#2026);
#1333=LINE('',#9739,#2027);
#1334=LINE('',#9740,#2028);
#1335=LINE('',#9745,#2029);
#1336=LINE('',#9746,#2030);
#1337=LINE('',#9749,#2031);
#1338=LINE('',#9751,#2032);
#1339=LINE('',#9754,#2033);
#1340=LINE('',#9757,#2034);
#1341=LINE('',#9761,#2035);
#1342=LINE('',#9767,#2036);
#1343=LINE('',#9773,#2037);
#1344=LINE('',#9774,#2038);
#1345=LINE('',#9778,#2039);
#1346=LINE('',#9780,#2040);
#1347=LINE('',#9784,#2041);
#1348=LINE('',#9786,#2042);
#1349=LINE('',#9788,#2043);
#1350=LINE('',#9789,#2044);
#1351=LINE('',#9792,#2045);
#1352=LINE('',#9794,#2046);
#1353=LINE('',#9795,#2047);
#1354=LINE('',#9798,#2048);
#1355=LINE('',#9800,#2049);
#1356=LINE('',#9801,#2050);
#1357=LINE('',#9804,#2051);
#1358=LINE('',#9806,#2052);
#1359=LINE('',#9807,#2053);
#1360=LINE('',#9810,#2054);
#1361=LINE('',#9812,#2055);
#1362=LINE('',#9813,#2056);
#1363=LINE('',#9816,#2057);
#1364=LINE('',#9818,#2058);
#1365=LINE('',#9819,#2059);
#1366=LINE('',#9822,#2060);
#1367=LINE('',#9824,#2061);
#1368=LINE('',#9825,#2062);
#1369=LINE('',#9828,#2063);
#1370=LINE('',#9830,#2064);
#1371=LINE('',#9831,#2065);
#1372=LINE('',#9834,#2066);
#1373=LINE('',#9836,#2067);
#1374=LINE('',#9837,#2068);
#1375=LINE('',#9839,#2069);
#1376=LINE('',#9840,#2070);
#1377=LINE('',#9845,#2071);
#1378=LINE('',#9847,#2072);
#1379=LINE('',#9849,#2073);
#1380=LINE('',#9850,#2074);
#1381=LINE('',#9853,#2075);
#1382=LINE('',#9855,#2076);
#1383=LINE('',#9856,#2077);
#1384=LINE('',#9859,#2078);
#1385=LINE('',#9861,#2079);
#1386=LINE('',#9862,#2080);
#1387=LINE('',#9865,#2081);
#1388=LINE('',#9867,#2082);
#1389=LINE('',#9868,#2083);
#1390=LINE('',#9871,#2084);
#1391=LINE('',#9873,#2085);
#1392=LINE('',#9874,#2086);
#1393=LINE('',#9877,#2087);
#1394=LINE('',#9879,#2088);
#1395=LINE('',#9880,#2089);
#1396=LINE('',#9882,#2090);
#1397=LINE('',#9883,#2091);
#1398=LINE('',#9888,#2092);
#1399=LINE('',#9890,#2093);
#1400=LINE('',#9892,#2094);
#1401=LINE('',#9893,#2095);
#1402=LINE('',#9896,#2096);
#1403=LINE('',#9898,#2097);
#1404=LINE('',#9899,#2098);
#1405=LINE('',#9902,#2099);
#1406=LINE('',#9904,#2100);
#1407=LINE('',#9905,#2101);
#1408=LINE('',#9907,#2102);
#1409=LINE('',#9908,#2103);
#1410=LINE('',#9912,#2104);
#1411=LINE('',#9917,#2105);
#1412=LINE('',#9923,#2106);
#1413=LINE('',#9928,#2107);
#1414=LINE('',#9929,#2108);
#1415=LINE('',#9931,#2109);
#1416=LINE('',#9932,#2110);
#1417=LINE('',#9934,#2111);
#1418=LINE('',#9935,#2112);
#1419=LINE('',#9937,#2113);
#1420=LINE('',#9938,#2114);
#1421=LINE('',#9940,#2115);
#1422=LINE('',#9941,#2116);
#1423=LINE('',#9943,#2117);
#1424=LINE('',#9944,#2118);
#1425=LINE('',#9946,#2119);
#1426=LINE('',#9947,#2120);
#1427=LINE('',#9949,#2121);
#1428=LINE('',#9950,#2122);
#1429=LINE('',#9952,#2123);
#1430=LINE('',#9953,#2124);
#1431=LINE('',#9955,#2125);
#1432=LINE('',#9956,#2126);
#1433=LINE('',#9958,#2127);
#1434=LINE('',#9959,#2128);
#1435=LINE('',#9961,#2129);
#1436=LINE('',#9963,#2130);
#1437=LINE('',#9964,#2131);
#1438=LINE('',#9968,#2132);
#1439=LINE('',#9975,#2133);
#1440=LINE('',#9982,#2134);
#1441=LINE('',#9989,#2135);
#1442=LINE('',#9997,#2136);
#1443=LINE('',#9998,#2137);
#1444=LINE('',#10003,#2138);
#1445=LINE('',#10010,#2139);
#1446=LINE('',#10017,#2140);
#1447=LINE('',#10024,#2141);
#1448=LINE('',#10031,#2142);
#1449=LINE('',#10038,#2143);
#1450=LINE('',#10043,#2144);
#1451=LINE('',#10048,#2145);
#1452=LINE('',#10053,#2146);
#1453=LINE('',#10058,#2147);
#1454=LINE('',#10063,#2148);
#1455=LINE('',#10068,#2149);
#1456=LINE('',#10073,#2150);
#1457=LINE('',#10078,#2151);
#1458=LINE('',#10081,#2152);
#1459=LINE('',#10086,#2153);
#1460=LINE('',#10089,#2154);
#1461=LINE('',#10094,#2155);
#1462=LINE('',#10097,#2156);
#1463=LINE('',#10102,#2157);
#1464=LINE('',#10105,#2158);
#1465=LINE('',#10107,#2159);
#1466=LINE('',#10108,#2160);
#1467=LINE('',#10111,#2161);
#1468=LINE('',#10115,#2162);
#1469=LINE('',#10116,#2163);
#1470=LINE('',#10119,#2164);
#1471=LINE('',#10123,#2165);
#1472=LINE('',#10124,#2166);
#1473=LINE('',#10127,#2167);
#1474=LINE('',#10131,#2168);
#1475=LINE('',#10132,#2169);
#1476=LINE('',#10137,#2170);
#1477=LINE('',#10140,#2171);
#1478=LINE('',#10143,#2172);
#1479=LINE('',#10144,#2173);
#1480=LINE('',#10147,#2174);
#1481=LINE('',#10151,#2175);
#1482=LINE('',#10152,#2176);
#1483=LINE('',#10155,#2177);
#1484=LINE('',#10160,#2178);
#1485=LINE('',#10165,#2179);
#1486=LINE('',#10170,#2180);
#1487=LINE('',#10175,#2181);
#1488=LINE('',#10180,#2182);
#1489=LINE('',#10185,#2183);
#1490=LINE('',#10190,#2184);
#1491=LINE('',#10195,#2185);
#1492=LINE('',#10199,#2186);
#1493=LINE('',#10200,#2187);
#1494=LINE('',#10203,#2188);
#1495=LINE('',#10206,#2189);
#1496=LINE('',#10209,#2190);
#1497=LINE('',#10210,#2191);
#1498=LINE('',#10211,#2192);
#1499=LINE('',#10213,#2193);
#1500=LINE('',#10217,#2194);
#1501=LINE('',#10220,#2195);
#1502=LINE('',#10225,#2196);
#1503=LINE('',#10229,#2197);
#1504=LINE('',#10235,#2198);
#1505=LINE('',#10241,#2199);
#1506=LINE('',#10245,#2200);
#1507=LINE('',#10250,#2201);
#1508=LINE('',#10254,#2202);
#1509=LINE('',#10258,#2203);
#1510=LINE('',#10264,#2204);
#1511=LINE('',#10270,#2205);
#1512=LINE('',#10275,#2206);
#1513=LINE('',#10279,#2207);
#1514=LINE('',#10283,#2208);
#1515=LINE('',#10289,#2209);
#1516=LINE('',#10295,#2210);
#1517=LINE('',#10298,#2211);
#1518=LINE('',#10301,#2212);
#1519=LINE('',#10302,#2213);
#1520=LINE('',#10304,#2214);
#1521=LINE('',#10305,#2215);
#1522=LINE('',#10307,#2216);
#1523=LINE('',#10311,#2217);
#1524=LINE('',#10315,#2218);
#1525=LINE('',#10319,#2219);
#1526=LINE('',#10323,#2220);
#1527=LINE('',#10328,#2221);
#1528=LINE('',#10330,#2222);
#1529=LINE('',#10331,#2223);
#1530=LINE('',#10336,#2224);
#1531=LINE('',#10338,#2225);
#1532=LINE('',#10339,#2226);
#1533=LINE('',#10344,#2227);
#1534=LINE('',#10346,#2228);
#1535=LINE('',#10347,#2229);
#1536=LINE('',#10352,#2230);
#1537=LINE('',#10354,#2231);
#1538=LINE('',#10355,#2232);
#1539=LINE('',#10358,#2233);
#1540=LINE('',#10360,#2234);
#1541=LINE('',#10361,#2235);
#1542=LINE('',#10364,#2236);
#1543=LINE('',#10365,#2237);
#1544=LINE('',#10368,#2238);
#1545=LINE('',#10369,#2239);
#1546=LINE('',#10371,#2240);
#1547=LINE('',#10373,#2241);
#1548=LINE('',#10374,#2242);
#1549=LINE('',#10377,#2243);
#1550=LINE('',#10378,#2244);
#1551=LINE('',#10381,#2245);
#1552=LINE('',#10382,#2246);
#1553=LINE('',#10385,#2247);
#1554=LINE('',#10386,#2248);
#1555=LINE('',#10388,#2249);
#1556=LINE('',#10389,#2250);
#1557=LINE('',#10395,#2251);
#1558=LINE('',#10397,#2252);
#1559=LINE('',#10398,#2253);
#1560=LINE('',#10402,#2254);
#1561=LINE('',#10404,#2255);
#1562=LINE('',#10405,#2256);
#1563=LINE('',#10410,#2257);
#1564=LINE('',#10412,#2258);
#1565=LINE('',#10413,#2259);
#1566=LINE('',#10415,#2260);
#1567=LINE('',#10416,#2261);
#1568=LINE('',#10418,#2262);
#1569=LINE('',#10419,#2263);
#1570=LINE('',#10421,#2264);
#1571=LINE('',#10424,#2265);
#1572=LINE('',#10426,#2266);
#1573=LINE('',#10432,#2267);
#1574=LINE('',#10434,#2268);
#1575=LINE('',#10435,#2269);
#1576=LINE('',#10440,#2270);
#1577=LINE('',#10442,#2271);
#1578=LINE('',#10443,#2272);
#1579=LINE('',#10448,#2273);
#1580=LINE('',#10450,#2274);
#1581=LINE('',#10451,#2275);
#1582=LINE('',#10456,#2276);
#1583=LINE('',#10458,#2277);
#1584=LINE('',#10459,#2278);
#1585=LINE('',#10462,#2279);
#1586=LINE('',#10464,#2280);
#1587=LINE('',#10465,#2281);
#1588=LINE('',#10468,#2282);
#1589=LINE('',#10469,#2283);
#1590=LINE('',#10472,#2284);
#1591=LINE('',#10473,#2285);
#1592=LINE('',#10475,#2286);
#1593=LINE('',#10477,#2287);
#1594=LINE('',#10478,#2288);
#1595=LINE('',#10481,#2289);
#1596=LINE('',#10482,#2290);
#1597=LINE('',#10485,#2291);
#1598=LINE('',#10486,#2292);
#1599=LINE('',#10489,#2293);
#1600=LINE('',#10490,#2294);
#1601=LINE('',#10492,#2295);
#1602=LINE('',#10493,#2296);
#1603=LINE('',#10500,#2297);
#1604=LINE('',#10502,#2298);
#1605=LINE('',#10503,#2299);
#1606=LINE('',#10509,#2300);
#1607=LINE('',#10511,#2301);
#1608=LINE('',#10512,#2302);
#1609=LINE('',#10518,#2303);
#1610=LINE('',#10520,#2304);
#1611=LINE('',#10521,#2305);
#1612=LINE('',#10527,#2306);
#1613=LINE('',#10529,#2307);
#1614=LINE('',#10530,#2308);
#1615=LINE('',#10533,#2309);
#1616=LINE('',#10535,#2310);
#1617=LINE('',#10536,#2311);
#1618=LINE('',#10538,#2312);
#1619=LINE('',#10540,#2313);
#1620=LINE('',#10541,#2314);
#1621=LINE('',#10544,#2315);
#1622=LINE('',#10545,#2316);
#1623=LINE('',#10547,#2317);
#1624=LINE('',#10549,#2318);
#1625=LINE('',#10550,#2319);
#1626=LINE('',#10553,#2320);
#1627=LINE('',#10554,#2321);
#1628=LINE('',#10556,#2322);
#1629=LINE('',#10558,#2323);
#1630=LINE('',#10559,#2324);
#1631=LINE('',#10562,#2325);
#1632=LINE('',#10563,#2326);
#1633=LINE('',#10565,#2327);
#1634=LINE('',#10566,#2328);
#1635=LINE('',#10573,#2329);
#1636=LINE('',#10575,#2330);
#1637=LINE('',#10576,#2331);
#1638=LINE('',#10582,#2332);
#1639=LINE('',#10584,#2333);
#1640=LINE('',#10585,#2334);
#1641=LINE('',#10590,#2335);
#1642=LINE('',#10592,#2336);
#1643=LINE('',#10593,#2337);
#1644=LINE('',#10598,#2338);
#1645=LINE('',#10600,#2339);
#1646=LINE('',#10601,#2340);
#1647=LINE('',#10607,#2341);
#1648=LINE('',#10609,#2342);
#1649=LINE('',#10610,#2343);
#1650=LINE('',#10615,#2344);
#1651=LINE('',#10617,#2345);
#1652=LINE('',#10618,#2346);
#1653=LINE('',#10623,#2347);
#1654=LINE('',#10625,#2348);
#1655=LINE('',#10626,#2349);
#1656=LINE('',#10631,#2350);
#1657=LINE('',#10633,#2351);
#1658=LINE('',#10634,#2352);
#1659=LINE('',#10639,#2353);
#1660=LINE('',#10641,#2354);
#1661=LINE('',#10642,#2355);
#1662=LINE('',#10648,#2356);
#1663=LINE('',#10650,#2357);
#1664=LINE('',#10651,#2358);
#1665=LINE('',#10656,#2359);
#1666=LINE('',#10658,#2360);
#1667=LINE('',#10659,#2361);
#1668=LINE('',#10664,#2362);
#1669=LINE('',#10666,#2363);
#1670=LINE('',#10667,#2364);
#1671=LINE('',#10673,#2365);
#1672=LINE('',#10675,#2366);
#1673=LINE('',#10676,#2367);
#1674=LINE('',#10682,#2368);
#1675=LINE('',#10684,#2369);
#1676=LINE('',#10685,#2370);
#1677=LINE('',#10690,#2371);
#1678=LINE('',#10692,#2372);
#1679=LINE('',#10693,#2373);
#1680=LINE('',#10698,#2374);
#1681=LINE('',#10700,#2375);
#1682=LINE('',#10701,#2376);
#1683=LINE('',#10707,#2377);
#1684=LINE('',#10709,#2378);
#1685=LINE('',#10710,#2379);
#1686=LINE('',#10715,#2380);
#1687=LINE('',#10717,#2381);
#1688=LINE('',#10718,#2382);
#1689=LINE('',#10723,#2383);
#1690=LINE('',#10725,#2384);
#1691=LINE('',#10726,#2385);
#1692=LINE('',#10732,#2386);
#1693=LINE('',#10734,#2387);
#1694=LINE('',#10735,#2388);
#1695=LINE('',#10741,#2389);
#1696=LINE('',#10743,#2390);
#1697=LINE('',#10744,#2391);
#1698=LINE('',#10749,#2392);
#1699=LINE('',#10751,#2393);
#1700=LINE('',#10752,#2394);
#1701=LINE('',#10757,#2395);
#1702=LINE('',#10759,#2396);
#1703=LINE('',#10760,#2397);
#1704=LINE('',#10766,#2398);
#1705=LINE('',#10768,#2399);
#1706=LINE('',#10769,#2400);
#1707=LINE('',#10774,#2401);
#1708=LINE('',#10776,#2402);
#1709=LINE('',#10777,#2403);
#1710=LINE('',#10782,#2404);
#1711=LINE('',#10784,#2405);
#1712=LINE('',#10785,#2406);
#1713=LINE('',#10787,#2407);
#1714=LINE('',#10788,#2408);
#1715=LINE('',#10790,#2409);
#1716=LINE('',#10792,#2410);
#1717=LINE('',#10794,#2411);
#1718=LINE('',#10796,#2412);
#1719=LINE('',#10798,#2413);
#1720=LINE('',#10799,#2414);
#1721=LINE('',#10801,#2415);
#1722=LINE('',#10804,#2416);
#1723=LINE('',#10807,#2417);
#1724=LINE('',#10810,#2418);
#1725=LINE('',#10812,#2419);
#1726=LINE('',#10814,#2420);
#1727=LINE('',#10816,#2421);
#1728=LINE('',#10817,#2422);
#1729=LINE('',#10819,#2423);
#1730=LINE('',#10821,#2424);
#1731=LINE('',#10823,#2425);
#1732=LINE('',#10824,#2426);
#1733=LINE('',#10826,#2427);
#1734=LINE('',#10828,#2428);
#1735=LINE('',#10830,#2429);
#1736=LINE('',#10832,#2430);
#1737=LINE('',#10834,#2431);
#1738=LINE('',#10835,#2432);
#1739=LINE('',#10837,#2433);
#1740=LINE('',#10839,#2434);
#1741=LINE('',#10840,#2435);
#1742=LINE('',#10842,#2436);
#1743=LINE('',#10844,#2437);
#1744=LINE('',#10846,#2438);
#1745=LINE('',#10847,#2439);
#1746=LINE('',#10849,#2440);
#1747=LINE('',#10851,#2441);
#1748=LINE('',#10853,#2442);
#1749=LINE('',#10855,#2443);
#1750=LINE('',#10857,#2444);
#1751=LINE('',#10858,#2445);
#1752=LINE('',#10860,#2446);
#1753=LINE('',#10862,#2447);
#1754=LINE('',#10864,#2448);
#1755=LINE('',#10865,#2449);
#1756=LINE('',#10867,#2450);
#1757=LINE('',#10869,#2451);
#1758=LINE('',#10871,#2452);
#1759=LINE('',#10873,#2453);
#1760=LINE('',#10875,#2454);
#1761=LINE('',#10876,#2455);
#1762=LINE('',#10878,#2456);
#1763=LINE('',#10880,#2457);
#1764=LINE('',#10881,#2458);
#1765=LINE('',#10883,#2459);
#1766=LINE('',#10885,#2460);
#1767=LINE('',#10887,#2461);
#1768=LINE('',#10888,#2462);
#1769=LINE('',#10890,#2463);
#1770=LINE('',#10892,#2464);
#1771=LINE('',#10894,#2465);
#1772=LINE('',#10896,#2466);
#1773=LINE('',#10898,#2467);
#1774=LINE('',#10899,#2468);
#1775=LINE('',#10901,#2469);
#1776=LINE('',#10903,#2470);
#1777=LINE('',#10905,#2471);
#1778=LINE('',#10906,#2472);
#1779=LINE('',#10908,#2473);
#1780=LINE('',#10910,#2474);
#1781=LINE('',#10912,#2475);
#1782=LINE('',#10914,#2476);
#1783=LINE('',#10916,#2477);
#1784=LINE('',#10917,#2478);
#1785=LINE('',#10919,#2479);
#1786=LINE('',#10921,#2480);
#1787=LINE('',#10922,#2481);
#1788=LINE('',#10924,#2482);
#1789=LINE('',#10926,#2483);
#1790=LINE('',#10928,#2484);
#1791=LINE('',#10929,#2485);
#1792=LINE('',#10931,#2486);
#1793=LINE('',#10933,#2487);
#1794=LINE('',#10935,#2488);
#1795=LINE('',#10937,#2489);
#1796=LINE('',#10939,#2490);
#1797=LINE('',#10940,#2491);
#1798=LINE('',#10942,#2492);
#1799=LINE('',#10944,#2493);
#1800=LINE('',#10949,#2494);
#1801=LINE('',#10951,#2495);
#1802=LINE('',#10952,#2496);
#1803=LINE('',#10957,#2497);
#1804=LINE('',#10959,#2498);
#1805=LINE('',#10960,#2499);
#1806=LINE('',#10965,#2500);
#1807=LINE('',#10967,#2501);
#1808=LINE('',#10968,#2502);
#1809=LINE('',#10973,#2503);
#1810=LINE('',#10975,#2504);
#1811=LINE('',#10976,#2505);
#1812=LINE('',#10979,#2506);
#1813=LINE('',#10981,#2507);
#1814=LINE('',#10982,#2508);
#1815=LINE('',#10984,#2509);
#1816=LINE('',#10986,#2510);
#1817=LINE('',#10987,#2511);
#1818=LINE('',#10990,#2512);
#1819=LINE('',#10991,#2513);
#1820=LINE('',#10994,#2514);
#1821=LINE('',#10995,#2515);
#1822=LINE('',#10998,#2516);
#1823=LINE('',#10999,#2517);
#1824=LINE('',#11001,#2518);
#1825=LINE('',#11003,#2519);
#1826=LINE('',#11004,#2520);
#1827=LINE('',#11007,#2521);
#1828=LINE('',#11008,#2522);
#1829=LINE('',#11010,#2523);
#1830=LINE('',#11042,#2524);
#1831=LINE('',#11044,#2525);
#1832=LINE('',#11046,#2526);
#1833=LINE('',#11048,#2527);
#1834=LINE('',#11050,#2528);
#1835=LINE('',#11052,#2529);
#1836=LINE('',#11054,#2530);
#1837=LINE('',#11056,#2531);
#1838=LINE('',#11058,#2532);
#1839=LINE('',#11060,#2533);
#1840=LINE('',#11062,#2534);
#1841=LINE('',#11064,#2535);
#1842=LINE('',#11066,#2536);
#1843=LINE('',#11068,#2537);
#1844=LINE('',#11070,#2538);
#1845=VECTOR('',#7263,10.);
#1846=VECTOR('',#7264,10.);
#1847=VECTOR('',#7265,10.);
#1848=VECTOR('',#7268,10.);
#1849=VECTOR('',#7269,10.);
#1850=VECTOR('',#7270,10.);
#1851=VECTOR('',#7273,10.);
#1852=VECTOR('',#7274,10.);
#1853=VECTOR('',#7275,10.);
#1854=VECTOR('',#7276,10.);
#1855=VECTOR('',#7281,10.);
#1856=VECTOR('',#7282,10.);
#1857=VECTOR('',#7285,10.);
#1858=VECTOR('',#7286,10.);
#1859=VECTOR('',#7295,10.);
#1860=VECTOR('',#7302,10.);
#1861=VECTOR('',#7307,10.);
#1862=VECTOR('',#7310,10.);
#1863=VECTOR('',#7315,10.);
#1864=VECTOR('',#7318,10.);
#1865=VECTOR('',#7319,10.);
#1866=VECTOR('',#7320,10.);
#1867=VECTOR('',#7323,10.);
#1868=VECTOR('',#7324,10.);
#1869=VECTOR('',#7325,10.);
#1870=VECTOR('',#7326,10.);
#1871=VECTOR('',#7331,10.);
#1872=VECTOR('',#7334,10.);
#1873=VECTOR('',#7337,10.);
#1874=VECTOR('',#7340,10.);
#1875=VECTOR('',#7343,10.);
#1876=VECTOR('',#7346,10.);
#1877=VECTOR('',#7349,10.);
#1878=VECTOR('',#7352,10.);
#1879=VECTOR('',#7355,10.);
#1880=VECTOR('',#7360,10.);
#1881=VECTOR('',#7373,10.);
#1882=VECTOR('',#7374,10.);
#1883=VECTOR('',#7375,10.);
#1884=VECTOR('',#7378,10.);
#1885=VECTOR('',#7379,10.);
#1886=VECTOR('',#7382,10.);
#1887=VECTOR('',#7383,10.);
#1888=VECTOR('',#7386,10.);
#1889=VECTOR('',#7387,10.);
#1890=VECTOR('',#7390,10.);
#1891=VECTOR('',#7399,10.);
#1892=VECTOR('',#7402,10.);
#1893=VECTOR('',#7407,10.);
#1894=VECTOR('',#7410,10.);
#1895=VECTOR('',#7415,10.);
#1896=VECTOR('',#7416,10.);
#1897=VECTOR('',#7417,10.);
#1898=VECTOR('',#7420,10.);
#1899=VECTOR('',#7421,10.);
#1900=VECTOR('',#7424,10.);
#1901=VECTOR('',#7425,10.);
#1902=VECTOR('',#7428,10.);
#1903=VECTOR('',#7429,10.);
#1904=VECTOR('',#7432,10.);
#1905=VECTOR('',#7441,10.);
#1906=VECTOR('',#7444,10.);
#1907=VECTOR('',#7447,10.);
#1908=VECTOR('',#7450,10.);
#1909=VECTOR('',#7451,10.);
#1910=VECTOR('',#7452,10.);
#1911=VECTOR('',#7453,10.);
#1912=VECTOR('',#7454,10.);
#1913=VECTOR('',#7455,10.);
#1914=VECTOR('',#7456,10.);
#1915=VECTOR('',#7457,10.);
#1916=VECTOR('',#7460,10.);
#1917=VECTOR('',#7461,10.);
#1918=VECTOR('',#7462,10.);
#1919=VECTOR('',#7463,10.);
#1920=VECTOR('',#7464,10.);
#1921=VECTOR('',#7467,10.);
#1922=VECTOR('',#7468,10.);
#1923=VECTOR('',#7469,10.);
#1924=VECTOR('',#7470,10.);
#1925=VECTOR('',#7471,10.);
#1926=VECTOR('',#7474,10.);
#1927=VECTOR('',#7477,10.);
#1928=VECTOR('',#7480,10.);
#1929=VECTOR('',#7485,10.);
#1930=VECTOR('',#7490,10.);
#1931=VECTOR('',#7495,10.);
#1932=VECTOR('',#7500,10.);
#1933=VECTOR('',#7505,10.);
#1934=VECTOR('',#7510,10.);
#1935=VECTOR('',#7515,10.);
#1936=VECTOR('',#7520,10.);
#1937=VECTOR('',#7523,10.);
#1938=VECTOR('',#7552,10.);
#1939=VECTOR('',#7553,10.);
#1940=VECTOR('',#7554,10.);
#1941=VECTOR('',#7557,10.);
#1942=VECTOR('',#7560,10.);
#1943=VECTOR('',#7563,10.);
#1944=VECTOR('',#7566,10.);
#1945=VECTOR('',#7585,10.);
#1946=VECTOR('',#7586,10.);
#1947=VECTOR('',#7587,10.);
#1948=VECTOR('',#7588,10.);
#1949=VECTOR('',#7593,10.);
#1950=VECTOR('',#7594,10.);
#1951=VECTOR('',#7595,10.);
#1952=VECTOR('',#7596,10.);
#1953=VECTOR('',#7597,10.);
#1954=VECTOR('',#7602,10.);
#1955=VECTOR('',#7603,10.);
#1956=VECTOR('',#7604,10.);
#1957=VECTOR('',#7607,10.);
#1958=VECTOR('',#7608,10.);
#1959=VECTOR('',#7609,10.);
#1960=VECTOR('',#7610,10.);
#1961=VECTOR('',#7611,10.);
#1962=VECTOR('',#7614,10.);
#1963=VECTOR('',#7615,10.);
#1964=VECTOR('',#7616,10.);
#1965=VECTOR('',#7617,10.);
#1966=VECTOR('',#7618,10.);
#1967=VECTOR('',#7621,10.);
#1968=VECTOR('',#7622,10.);
#1969=VECTOR('',#7623,10.);
#1970=VECTOR('',#7624,10.);
#1971=VECTOR('',#7625,10.);
#1972=VECTOR('',#7628,10.);
#1973=VECTOR('',#7629,10.);
#1974=VECTOR('',#7630,10.);
#1975=VECTOR('',#7633,10.);
#1976=VECTOR('',#7634,10.);
#1977=VECTOR('',#7635,10.);
#1978=VECTOR('',#7636,10.);
#1979=VECTOR('',#7637,10.);
#1980=VECTOR('',#7640,10.);
#1981=VECTOR('',#7641,10.);
#1982=VECTOR('',#7642,10.);
#1983=VECTOR('',#7643,10.);
#1984=VECTOR('',#7644,10.);
#1985=VECTOR('',#7647,10.);
#1986=VECTOR('',#7648,10.);
#1987=VECTOR('',#7649,10.);
#1988=VECTOR('',#7650,10.);
#1989=VECTOR('',#7651,10.);
#1990=VECTOR('',#7654,10.);
#1991=VECTOR('',#7655,10.);
#1992=VECTOR('',#7656,10.);
#1993=VECTOR('',#7659,10.);
#1994=VECTOR('',#7660,10.);
#1995=VECTOR('',#7661,10.);
#1996=VECTOR('',#7662,10.);
#1997=VECTOR('',#7663,10.);
#1998=VECTOR('',#7666,10.);
#1999=VECTOR('',#7667,10.);
#2000=VECTOR('',#7668,10.);
#2001=VECTOR('',#7669,10.);
#2002=VECTOR('',#7670,10.);
#2003=VECTOR('',#7673,10.);
#2004=VECTOR('',#7674,10.);
#2005=VECTOR('',#7675,10.);
#2006=VECTOR('',#7676,10.);
#2007=VECTOR('',#7677,10.);
#2008=VECTOR('',#7680,10.);
#2009=VECTOR('',#7681,10.);
#2010=VECTOR('',#7682,10.);
#2011=VECTOR('',#7687,10.);
#2012=VECTOR('',#7688,10.);
#2013=VECTOR('',#7689,10.);
#2014=VECTOR('',#7690,10.);
#2015=VECTOR('',#7691,10.);
#2016=VECTOR('',#7692,10.);
#2017=VECTOR('',#7693,10.);
#2018=VECTOR('',#7696,10.);
#2019=VECTOR('',#7697,10.);
#2020=VECTOR('',#7700,10.);
#2021=VECTOR('',#7701,10.);
#2022=VECTOR('',#7702,10.);
#2023=VECTOR('',#7703,10.);
#2024=VECTOR('',#7704,10.);
#2025=VECTOR('',#7705,10.);
#2026=VECTOR('',#7706,10.);
#2027=VECTOR('',#7707,10.);
#2028=VECTOR('',#7708,10.);
#2029=VECTOR('',#7713,10.);
#2030=VECTOR('',#7714,10.);
#2031=VECTOR('',#7717,10.);
#2032=VECTOR('',#7718,10.);
#2033=VECTOR('',#7721,10.);
#2034=VECTOR('',#7724,10.);
#2035=VECTOR('',#7727,10.);
#2036=VECTOR('',#7732,10.);
#2037=VECTOR('',#7737,10.);
#2038=VECTOR('',#7738,10.);
#2039=VECTOR('',#7743,10.);
#2040=VECTOR('',#7746,10.);
#2041=VECTOR('',#7749,10.);
#2042=VECTOR('',#7750,10.);
#2043=VECTOR('',#7751,10.);
#2044=VECTOR('',#7752,10.);
#2045=VECTOR('',#7755,10.);
#2046=VECTOR('',#7756,10.);
#2047=VECTOR('',#7757,10.);
#2048=VECTOR('',#7760,10.);
#2049=VECTOR('',#7761,10.);
#2050=VECTOR('',#7762,10.);
#2051=VECTOR('',#7765,10.);
#2052=VECTOR('',#7766,10.);
#2053=VECTOR('',#7767,10.);
#2054=VECTOR('',#7770,10.);
#2055=VECTOR('',#7771,10.);
#2056=VECTOR('',#7772,10.);
#2057=VECTOR('',#7775,10.);
#2058=VECTOR('',#7776,10.);
#2059=VECTOR('',#7777,10.);
#2060=VECTOR('',#7780,10.);
#2061=VECTOR('',#7781,10.);
#2062=VECTOR('',#7782,10.);
#2063=VECTOR('',#7785,10.);
#2064=VECTOR('',#7786,10.);
#2065=VECTOR('',#7787,10.);
#2066=VECTOR('',#7790,10.);
#2067=VECTOR('',#7791,10.);
#2068=VECTOR('',#7792,10.);
#2069=VECTOR('',#7795,10.);
#2070=VECTOR('',#7796,10.);
#2071=VECTOR('',#7801,10.);
#2072=VECTOR('',#7802,10.);
#2073=VECTOR('',#7803,10.);
#2074=VECTOR('',#7804,10.);
#2075=VECTOR('',#7807,10.);
#2076=VECTOR('',#7808,10.);
#2077=VECTOR('',#7809,10.);
#2078=VECTOR('',#7812,10.);
#2079=VECTOR('',#7813,10.);
#2080=VECTOR('',#7814,10.);
#2081=VECTOR('',#7817,10.);
#2082=VECTOR('',#7818,10.);
#2083=VECTOR('',#7819,10.);
#2084=VECTOR('',#7822,10.);
#2085=VECTOR('',#7823,10.);
#2086=VECTOR('',#7824,10.);
#2087=VECTOR('',#7827,10.);
#2088=VECTOR('',#7828,10.);
#2089=VECTOR('',#7829,10.);
#2090=VECTOR('',#7832,10.);
#2091=VECTOR('',#7833,10.);
#2092=VECTOR('',#7838,10.);
#2093=VECTOR('',#7839,10.);
#2094=VECTOR('',#7840,10.);
#2095=VECTOR('',#7841,10.);
#2096=VECTOR('',#7844,10.);
#2097=VECTOR('',#7845,10.);
#2098=VECTOR('',#7846,10.);
#2099=VECTOR('',#7849,10.);
#2100=VECTOR('',#7850,10.);
#2101=VECTOR('',#7851,10.);
#2102=VECTOR('',#7854,10.);
#2103=VECTOR('',#7855,10.);
#2104=VECTOR('',#7860,2.15);
#2105=VECTOR('',#7867,2.15);
#2106=VECTOR('',#7876,4.14999999999999);
#2107=VECTOR('',#7883,10.);
#2108=VECTOR('',#7884,10.);
#2109=VECTOR('',#7887,10.);
#2110=VECTOR('',#7888,10.);
#2111=VECTOR('',#7891,10.);
#2112=VECTOR('',#7892,10.);
#2113=VECTOR('',#7895,10.);
#2114=VECTOR('',#7896,10.);
#2115=VECTOR('',#7899,10.);
#2116=VECTOR('',#7900,10.);
#2117=VECTOR('',#7903,10.);
#2118=VECTOR('',#7904,10.);
#2119=VECTOR('',#7907,10.);
#2120=VECTOR('',#7908,10.);
#2121=VECTOR('',#7911,10.);
#2122=VECTOR('',#7912,10.);
#2123=VECTOR('',#7915,10.);
#2124=VECTOR('',#7916,10.);
#2125=VECTOR('',#7919,10.);
#2126=VECTOR('',#7920,10.);
#2127=VECTOR('',#7923,10.);
#2128=VECTOR('',#7924,10.);
#2129=VECTOR('',#7925,10.);
#2130=VECTOR('',#7926,10.);
#2131=VECTOR('',#7927,10.);
#2132=VECTOR('',#7932,4.15000000000001);
#2133=VECTOR('',#7941,4.15);
#2134=VECTOR('',#7950,4.15);
#2135=VECTOR('',#7959,4.15);
#2136=VECTOR('',#7968,10.);
#2137=VECTOR('',#7969,10.);
#2138=VECTOR('',#7974,2.15);
#2139=VECTOR('',#7983,2.15);
#2140=VECTOR('',#7992,2.15);
#2141=VECTOR('',#8001,2.15);
#2142=VECTOR('',#8010,2.15);
#2143=VECTOR('',#8019,2.15);
#2144=VECTOR('',#8026,2.15);
#2145=VECTOR('',#8033,2.15);
#2146=VECTOR('',#8040,2.15);
#2147=VECTOR('',#8047,2.15);
#2148=VECTOR('',#8054,2.15);
#2149=VECTOR('',#8061,2.15);
#2150=VECTOR('',#8068,5.);
#2151=VECTOR('',#8075,4.);
#2152=VECTOR('',#8078,5.00000000000001);
#2153=VECTOR('',#8085,4.00000000000001);
#2154=VECTOR('',#8088,5.);
#2155=VECTOR('',#8095,4.);
#2156=VECTOR('',#8098,5.);
#2157=VECTOR('',#8105,4.);
#2158=VECTOR('',#8108,10.);
#2159=VECTOR('',#8109,10.);
#2160=VECTOR('',#8110,10.);
#2161=VECTOR('',#8113,10.);
#2162=VECTOR('',#8118,10.);
#2163=VECTOR('',#8119,10.);
#2164=VECTOR('',#8122,10.);
#2165=VECTOR('',#8127,10.);
#2166=VECTOR('',#8128,10.);
#2167=VECTOR('',#8131,10.);
#2168=VECTOR('',#8136,10.);
#2169=VECTOR('',#8137,10.);
#2170=VECTOR('',#8144,10.);
#2171=VECTOR('',#8147,10.);
#2172=VECTOR('',#8150,10.);
#2173=VECTOR('',#8151,10.);
#2174=VECTOR('',#8154,10.);
#2175=VECTOR('',#8159,10.);
#2176=VECTOR('',#8160,10.);
#2177=VECTOR('',#8163,2.15);
#2178=VECTOR('',#8170,2.15);
#2179=VECTOR('',#8177,2.15);
#2180=VECTOR('',#8184,2.15);
#2181=VECTOR('',#8191,2.15);
#2182=VECTOR('',#8198,2.15);
#2183=VECTOR('',#8205,2.15);
#2184=VECTOR('',#8212,2.15);
#2185=VECTOR('',#8219,10.);
#2186=VECTOR('',#8224,10.);
#2187=VECTOR('',#8225,10.);
#2188=VECTOR('',#8228,10.);
#2189=VECTOR('',#8233,10.);
#2190=VECTOR('',#8236,10.);
#2191=VECTOR('',#8237,10.);
#2192=VECTOR('',#8238,10.);
#2193=VECTOR('',#8239,10.);
#2194=VECTOR('',#8246,10.);
#2195=VECTOR('',#8251,10.);
#2196=VECTOR('',#8258,5.00000000000001);
#2197=VECTOR('',#8261,10.);
#2198=VECTOR('',#8266,10.);
#2199=VECTOR('',#8271,10.);
#2200=VECTOR('',#8274,10.);
#2201=VECTOR('',#8281,5.);
#2202=VECTOR('',#8284,10.);
#2203=VECTOR('',#8287,10.);
#2204=VECTOR('',#8292,10.);
#2205=VECTOR('',#8297,10.);
#2206=VECTOR('',#8304,5.);
#2207=VECTOR('',#8307,10.);
#2208=VECTOR('',#8310,10.);
#2209=VECTOR('',#8315,10.);
#2210=VECTOR('',#8320,10.);
#2211=VECTOR('',#8325,5.);
#2212=VECTOR('',#8328,10.);
#2213=VECTOR('',#8329,10.);
#2214=VECTOR('',#8330,10.);
#2215=VECTOR('',#8331,10.);
#2216=VECTOR('',#8334,2.15);
#2217=VECTOR('',#8339,2.15);
#2218=VECTOR('',#8344,2.15);
#2219=VECTOR('',#8349,2.15);
#2220=VECTOR('',#8354,2.15);
#2221=VECTOR('',#8359,10.);
#2222=VECTOR('',#8360,10.);
#2223=VECTOR('',#8361,10.);
#2224=VECTOR('',#8366,10.);
#2225=VECTOR('',#8367,10.);
#2226=VECTOR('',#8368,10.);
#2227=VECTOR('',#8373,10.);
#2228=VECTOR('',#8374,10.);
#2229=VECTOR('',#8375,10.);
#2230=VECTOR('',#8380,10.);
#2231=VECTOR('',#8381,10.);
#2232=VECTOR('',#8382,10.);
#2233=VECTOR('',#8385,10.);
#2234=VECTOR('',#8386,10.);
#2235=VECTOR('',#8387,10.);
#2236=VECTOR('',#8390,10.);
#2237=VECTOR('',#8391,10.);
#2238=VECTOR('',#8394,10.);
#2239=VECTOR('',#8395,10.);
#2240=VECTOR('',#8398,10.);
#2241=VECTOR('',#8399,10.);
#2242=VECTOR('',#8400,10.);
#2243=VECTOR('',#8403,10.);
#2244=VECTOR('',#8404,10.);
#2245=VECTOR('',#8407,10.);
#2246=VECTOR('',#8408,10.);
#2247=VECTOR('',#8411,10.);
#2248=VECTOR('',#8412,10.);
#2249=VECTOR('',#8415,10.);
#2250=VECTOR('',#8416,10.);
#2251=VECTOR('',#8423,10.);
#2252=VECTOR('',#8424,10.);
#2253=VECTOR('',#8425,10.);
#2254=VECTOR('',#8430,10.);
#2255=VECTOR('',#8431,10.);
#2256=VECTOR('',#8432,10.);
#2257=VECTOR('',#8437,10.);
#2258=VECTOR('',#8438,10.);
#2259=VECTOR('',#8439,10.);
#2260=VECTOR('',#8442,10.);
#2261=VECTOR('',#8443,10.);
#2262=VECTOR('',#8446,10.);
#2263=VECTOR('',#8447,10.);
#2264=VECTOR('',#8450,10.);
#2265=VECTOR('',#8455,10.);
#2266=VECTOR('',#8458,10.);
#2267=VECTOR('',#8465,10.);
#2268=VECTOR('',#8466,10.);
#2269=VECTOR('',#8467,10.);
#2270=VECTOR('',#8472,10.);
#2271=VECTOR('',#8473,10.);
#2272=VECTOR('',#8474,10.);
#2273=VECTOR('',#8479,10.);
#2274=VECTOR('',#8480,10.);
#2275=VECTOR('',#8481,10.);
#2276=VECTOR('',#8486,10.);
#2277=VECTOR('',#8487,10.);
#2278=VECTOR('',#8488,10.);
#2279=VECTOR('',#8491,10.);
#2280=VECTOR('',#8492,10.);
#2281=VECTOR('',#8493,10.);
#2282=VECTOR('',#8496,10.);
#2283=VECTOR('',#8497,10.);
#2284=VECTOR('',#8500,10.);
#2285=VECTOR('',#8501,10.);
#2286=VECTOR('',#8504,10.);
#2287=VECTOR('',#8505,10.);
#2288=VECTOR('',#8506,10.);
#2289=VECTOR('',#8509,10.);
#2290=VECTOR('',#8510,10.);
#2291=VECTOR('',#8513,10.);
#2292=VECTOR('',#8514,10.);
#2293=VECTOR('',#8517,10.);
#2294=VECTOR('',#8518,10.);
#2295=VECTOR('',#8521,10.);
#2296=VECTOR('',#8522,10.);
#2297=VECTOR('',#8529,10.);
#2298=VECTOR('',#8530,10.);
#2299=VECTOR('',#8531,10.);
#2300=VECTOR('',#8536,10.);
#2301=VECTOR('',#8537,10.);
#2302=VECTOR('',#8538,10.);
#2303=VECTOR('',#8543,10.);
#2304=VECTOR('',#8544,10.);
#2305=VECTOR('',#8545,10.);
#2306=VECTOR('',#8550,10.);
#2307=VECTOR('',#8551,10.);
#2308=VECTOR('',#8552,10.);
#2309=VECTOR('',#8555,10.);
#2310=VECTOR('',#8556,10.);
#2311=VECTOR('',#8557,10.);
#2312=VECTOR('',#8560,10.);
#2313=VECTOR('',#8561,10.);
#2314=VECTOR('',#8562,10.);
#2315=VECTOR('',#8565,10.);
#2316=VECTOR('',#8566,10.);
#2317=VECTOR('',#8569,10.);
#2318=VECTOR('',#8570,10.);
#2319=VECTOR('',#8571,10.);
#2320=VECTOR('',#8574,10.);
#2321=VECTOR('',#8575,10.);
#2322=VECTOR('',#8578,10.);
#2323=VECTOR('',#8579,10.);
#2324=VECTOR('',#8580,10.);
#2325=VECTOR('',#8583,10.);
#2326=VECTOR('',#8584,10.);
#2327=VECTOR('',#8587,10.);
#2328=VECTOR('',#8588,10.);
#2329=VECTOR('',#8595,10.);
#2330=VECTOR('',#8596,10.);
#2331=VECTOR('',#8597,10.);
#2332=VECTOR('',#8602,10.);
#2333=VECTOR('',#8603,10.);
#2334=VECTOR('',#8604,10.);
#2335=VECTOR('',#8609,10.);
#2336=VECTOR('',#8610,10.);
#2337=VECTOR('',#8611,10.);
#2338=VECTOR('',#8616,10.);
#2339=VECTOR('',#8617,10.);
#2340=VECTOR('',#8618,10.);
#2341=VECTOR('',#8623,10.);
#2342=VECTOR('',#8624,10.);
#2343=VECTOR('',#8625,10.);
#2344=VECTOR('',#8630,10.);
#2345=VECTOR('',#8631,10.);
#2346=VECTOR('',#8632,10.);
#2347=VECTOR('',#8637,10.);
#2348=VECTOR('',#8638,10.);
#2349=VECTOR('',#8639,10.);
#2350=VECTOR('',#8644,10.);
#2351=VECTOR('',#8645,10.);
#2352=VECTOR('',#8646,10.);
#2353=VECTOR('',#8651,10.);
#2354=VECTOR('',#8652,10.);
#2355=VECTOR('',#8653,10.);
#2356=VECTOR('',#8658,10.);
#2357=VECTOR('',#8659,10.);
#2358=VECTOR('',#8660,10.);
#2359=VECTOR('',#8665,10.);
#2360=VECTOR('',#8666,10.);
#2361=VECTOR('',#8667,10.);
#2362=VECTOR('',#8672,10.);
#2363=VECTOR('',#8673,10.);
#2364=VECTOR('',#8674,10.);
#2365=VECTOR('',#8679,10.);
#2366=VECTOR('',#8680,10.);
#2367=VECTOR('',#8681,10.);
#2368=VECTOR('',#8686,10.);
#2369=VECTOR('',#8687,10.);
#2370=VECTOR('',#8688,10.);
#2371=VECTOR('',#8693,10.);
#2372=VECTOR('',#8694,10.);
#2373=VECTOR('',#8695,10.);
#2374=VECTOR('',#8700,10.);
#2375=VECTOR('',#8701,10.);
#2376=VECTOR('',#8702,10.);
#2377=VECTOR('',#8707,10.);
#2378=VECTOR('',#8708,10.);
#2379=VECTOR('',#8709,10.);
#2380=VECTOR('',#8714,10.);
#2381=VECTOR('',#8715,10.);
#2382=VECTOR('',#8716,10.);
#2383=VECTOR('',#8721,10.);
#2384=VECTOR('',#8722,10.);
#2385=VECTOR('',#8723,10.);
#2386=VECTOR('',#8728,10.);
#2387=VECTOR('',#8729,10.);
#2388=VECTOR('',#8730,10.);
#2389=VECTOR('',#8735,10.);
#2390=VECTOR('',#8736,10.);
#2391=VECTOR('',#8737,10.);
#2392=VECTOR('',#8742,10.);
#2393=VECTOR('',#8743,10.);
#2394=VECTOR('',#8744,10.);
#2395=VECTOR('',#8749,10.);
#2396=VECTOR('',#8750,10.);
#2397=VECTOR('',#8751,10.);
#2398=VECTOR('',#8756,10.);
#2399=VECTOR('',#8757,10.);
#2400=VECTOR('',#8758,10.);
#2401=VECTOR('',#8763,10.);
#2402=VECTOR('',#8764,10.);
#2403=VECTOR('',#8765,10.);
#2404=VECTOR('',#8770,10.);
#2405=VECTOR('',#8771,10.);
#2406=VECTOR('',#8772,10.);
#2407=VECTOR('',#8775,10.);
#2408=VECTOR('',#8776,10.);
#2409=VECTOR('',#8779,10.);
#2410=VECTOR('',#8782,10.);
#2411=VECTOR('',#8785,10.);
#2412=VECTOR('',#8788,10.);
#2413=VECTOR('',#8791,10.);
#2414=VECTOR('',#8792,10.);
#2415=VECTOR('',#8795,10.);
#2416=VECTOR('',#8800,10.);
#2417=VECTOR('',#8805,10.);
#2418=VECTOR('',#8810,10.);
#2419=VECTOR('',#8813,10.);
#2420=VECTOR('',#8816,10.);
#2421=VECTOR('',#8819,10.);
#2422=VECTOR('',#8820,10.);
#2423=VECTOR('',#8823,10.);
#2424=VECTOR('',#8826,10.);
#2425=VECTOR('',#8829,10.);
#2426=VECTOR('',#8830,10.);
#2427=VECTOR('',#8833,10.);
#2428=VECTOR('',#8836,10.);
#2429=VECTOR('',#8839,10.);
#2430=VECTOR('',#8842,10.);
#2431=VECTOR('',#8845,10.);
#2432=VECTOR('',#8846,10.);
#2433=VECTOR('',#8849,10.);
#2434=VECTOR('',#8852,10.);
#2435=VECTOR('',#8853,10.);
#2436=VECTOR('',#8856,10.);
#2437=VECTOR('',#8859,10.);
#2438=VECTOR('',#8862,10.);
#2439=VECTOR('',#8863,10.);
#2440=VECTOR('',#8866,10.);
#2441=VECTOR('',#8869,10.);
#2442=VECTOR('',#8872,10.);
#2443=VECTOR('',#8875,10.);
#2444=VECTOR('',#8878,10.);
#2445=VECTOR('',#8879,10.);
#2446=VECTOR('',#8882,10.);
#2447=VECTOR('',#8885,10.);
#2448=VECTOR('',#8888,10.);
#2449=VECTOR('',#8889,10.);
#2450=VECTOR('',#8892,10.);
#2451=VECTOR('',#8895,10.);
#2452=VECTOR('',#8898,10.);
#2453=VECTOR('',#8901,10.);
#2454=VECTOR('',#8904,10.);
#2455=VECTOR('',#8905,10.);
#2456=VECTOR('',#8908,10.);
#2457=VECTOR('',#8911,10.);
#2458=VECTOR('',#8912,10.);
#2459=VECTOR('',#8915,10.);
#2460=VECTOR('',#8918,10.);
#2461=VECTOR('',#8921,10.);
#2462=VECTOR('',#8922,10.);
#2463=VECTOR('',#8925,10.);
#2464=VECTOR('',#8928,10.);
#2465=VECTOR('',#8931,10.);
#2466=VECTOR('',#8934,10.);
#2467=VECTOR('',#8937,10.);
#2468=VECTOR('',#8938,10.);
#2469=VECTOR('',#8941,10.);
#2470=VECTOR('',#8944,10.);
#2471=VECTOR('',#8947,10.);
#2472=VECTOR('',#8948,10.);
#2473=VECTOR('',#8951,10.);
#2474=VECTOR('',#8954,10.);
#2475=VECTOR('',#8957,10.);
#2476=VECTOR('',#8960,10.);
#2477=VECTOR('',#8963,10.);
#2478=VECTOR('',#8964,10.);
#2479=VECTOR('',#8967,10.);
#2480=VECTOR('',#8970,10.);
#2481=VECTOR('',#8971,10.);
#2482=VECTOR('',#8974,10.);
#2483=VECTOR('',#8977,10.);
#2484=VECTOR('',#8980,10.);
#2485=VECTOR('',#8981,10.);
#2486=VECTOR('',#8984,10.);
#2487=VECTOR('',#8987,10.);
#2488=VECTOR('',#8990,10.);
#2489=VECTOR('',#8993,10.);
#2490=VECTOR('',#8996,10.);
#2491=VECTOR('',#8997,10.);
#2492=VECTOR('',#9000,10.);
#2493=VECTOR('',#9003,10.);
#2494=VECTOR('',#9008,10.);
#2495=VECTOR('',#9009,10.);
#2496=VECTOR('',#9010,10.);
#2497=VECTOR('',#9015,10.);
#2498=VECTOR('',#9016,10.);
#2499=VECTOR('',#9017,10.);
#2500=VECTOR('',#9022,10.);
#2501=VECTOR('',#9023,10.);
#2502=VECTOR('',#9024,10.);
#2503=VECTOR('',#9029,10.);
#2504=VECTOR('',#9030,10.);
#2505=VECTOR('',#9031,10.);
#2506=VECTOR('',#9034,10.);
#2507=VECTOR('',#9035,10.);
#2508=VECTOR('',#9036,10.);
#2509=VECTOR('',#9039,10.);
#2510=VECTOR('',#9040,10.);
#2511=VECTOR('',#9041,10.);
#2512=VECTOR('',#9044,10.);
#2513=VECTOR('',#9045,10.);
#2514=VECTOR('',#9048,10.);
#2515=VECTOR('',#9049,10.);
#2516=VECTOR('',#9052,10.);
#2517=VECTOR('',#9053,10.);
#2518=VECTOR('',#9056,10.);
#2519=VECTOR('',#9057,10.);
#2520=VECTOR('',#9058,10.);
#2521=VECTOR('',#9061,10.);
#2522=VECTOR('',#9062,10.);
#2523=VECTOR('',#9065,10.);
#2524=VECTOR('',#9120,13.125);
#2525=VECTOR('',#9123,13.125);
#2526=VECTOR('',#9126,13.125);
#2527=VECTOR('',#9129,13.125);
#2528=VECTOR('',#9132,13.125);
#2529=VECTOR('',#9135,13.125);
#2530=VECTOR('',#9138,13.125);
#2531=VECTOR('',#9141,13.125);
#2532=VECTOR('',#9144,13.125);
#2533=VECTOR('',#9147,13.125);
#2534=VECTOR('',#9150,13.125);
#2535=VECTOR('',#9153,13.125);
#2536=VECTOR('',#9156,13.125);
#2537=VECTOR('',#9159,13.125);
#2538=VECTOR('',#9162,13.125);
#2539=ELLIPSE('',#6653,28.2842712474619,20.);
#2540=ELLIPSE('',#6657,28.2842712474619,20.);
#2541=ELLIPSE('',#6666,28.2842712474619,20.);
#2542=ELLIPSE('',#6690,28.2842712474619,20.);
#2543=ELLIPSE('',#6700,28.2842712474619,20.);
#2544=ELLIPSE('',#6704,28.2842712474619,20.);
#2545=VERTEX_POINT('',#9165);
#2546=VERTEX_POINT('',#9166);
#2547=VERTEX_POINT('',#9168);
#2548=VERTEX_POINT('',#9170);
#2549=VERTEX_POINT('',#9174);
#2550=VERTEX_POINT('',#9176);
#2551=VERTEX_POINT('',#9180);
#2552=VERTEX_POINT('',#9181);
#2553=VERTEX_POINT('',#9183);
#2554=VERTEX_POINT('',#9185);
#2555=VERTEX_POINT('',#9189);
#2556=VERTEX_POINT('',#9191);
#2557=VERTEX_POINT('',#9197);
#2558=VERTEX_POINT('',#9199);
#2559=VERTEX_POINT('',#9202);
#2560=VERTEX_POINT('',#9204);
#2561=VERTEX_POINT('',#9208);
#2562=VERTEX_POINT('',#9210);
#2563=VERTEX_POINT('',#9212);
#2564=VERTEX_POINT('',#9214);
#2565=VERTEX_POINT('',#9216);
#2566=VERTEX_POINT('',#9218);
#2567=VERTEX_POINT('',#9222);
#2568=VERTEX_POINT('',#9224);
#2569=VERTEX_POINT('',#9226);
#2570=VERTEX_POINT('',#9228);
#2571=VERTEX_POINT('',#9230);
#2572=VERTEX_POINT('',#9232);
#2573=VERTEX_POINT('',#9234);
#2574=VERTEX_POINT('',#9236);
#2575=VERTEX_POINT('',#9238);
#2576=VERTEX_POINT('',#9241);
#2577=VERTEX_POINT('',#9242);
#2578=VERTEX_POINT('',#9244);
#2579=VERTEX_POINT('',#9246);
#2580=VERTEX_POINT('',#9248);
#2581=VERTEX_POINT('',#9250);
#2582=VERTEX_POINT('',#9252);
#2583=VERTEX_POINT('',#9254);
#2584=VERTEX_POINT('',#9256);
#2585=VERTEX_POINT('',#9258);
#2586=VERTEX_POINT('',#9260);
#2587=VERTEX_POINT('',#9262);
#2588=VERTEX_POINT('',#9264);
#2589=VERTEX_POINT('',#9266);
#2590=VERTEX_POINT('',#9268);
#2591=VERTEX_POINT('',#9270);
#2592=VERTEX_POINT('',#9272);
#2593=VERTEX_POINT('',#9274);
#2594=VERTEX_POINT('',#9276);
#2595=VERTEX_POINT('',#9278);
#2596=VERTEX_POINT('',#9280);
#2597=VERTEX_POINT('',#9282);
#2598=VERTEX_POINT('',#9284);
#2599=VERTEX_POINT('',#9286);
#2600=VERTEX_POINT('',#9288);
#2601=VERTEX_POINT('',#9291);
#2602=VERTEX_POINT('',#9293);
#2603=VERTEX_POINT('',#9296);
#2604=VERTEX_POINT('',#9297);
#2605=VERTEX_POINT('',#9299);
#2606=VERTEX_POINT('',#9301);
#2607=VERTEX_POINT('',#9308);
#2608=VERTEX_POINT('',#9312);
#2609=VERTEX_POINT('',#9317);
#2610=VERTEX_POINT('',#9319);
#2611=VERTEX_POINT('',#9322);
#2612=VERTEX_POINT('',#9326);
#2613=VERTEX_POINT('',#9328);
#2614=VERTEX_POINT('',#9330);
#2615=VERTEX_POINT('',#9332);
#2616=VERTEX_POINT('',#9334);
#2617=VERTEX_POINT('',#9338);
#2618=VERTEX_POINT('',#9339);
#2619=VERTEX_POINT('',#9341);
#2620=VERTEX_POINT('',#9343);
#2621=VERTEX_POINT('',#9350);
#2622=VERTEX_POINT('',#9354);
#2623=VERTEX_POINT('',#9359);
#2624=VERTEX_POINT('',#9361);
#2625=VERTEX_POINT('',#9364);
#2626=VERTEX_POINT('',#9368);
#2627=VERTEX_POINT('',#9370);
#2628=VERTEX_POINT('',#9374);
#2629=VERTEX_POINT('',#9375);
#2630=VERTEX_POINT('',#9377);
#2631=VERTEX_POINT('',#9379);
#2632=VERTEX_POINT('',#9381);
#2633=VERTEX_POINT('',#9383);
#2634=VERTEX_POINT('',#9385);
#2635=VERTEX_POINT('',#9387);
#2636=VERTEX_POINT('',#9391);
#2637=VERTEX_POINT('',#9393);
#2638=VERTEX_POINT('',#9395);
#2639=VERTEX_POINT('',#9397);
#2640=VERTEX_POINT('',#9401);
#2641=VERTEX_POINT('',#9402);
#2642=VERTEX_POINT('',#9404);
#2643=VERTEX_POINT('',#9407);
#2644=VERTEX_POINT('',#9411);
#2645=VERTEX_POINT('',#9413);
#2646=VERTEX_POINT('',#9415);
#2647=VERTEX_POINT('',#9417);
#2648=VERTEX_POINT('',#9419);
#2649=VERTEX_POINT('',#9421);
#2650=VERTEX_POINT('',#9423);
#2651=VERTEX_POINT('',#9425);
#2652=VERTEX_POINT('',#9427);
#2653=VERTEX_POINT('',#9429);
#2654=VERTEX_POINT('',#9431);
#2655=VERTEX_POINT('',#9433);
#2656=VERTEX_POINT('',#9435);
#2657=VERTEX_POINT('',#9437);
#2658=VERTEX_POINT('',#9439);
#2659=VERTEX_POINT('',#9441);
#2660=VERTEX_POINT('',#9443);
#2661=VERTEX_POINT('',#9445);
#2662=VERTEX_POINT('',#9447);
#2663=VERTEX_POINT('',#9449);
#2664=VERTEX_POINT('',#9451);
#2665=VERTEX_POINT('',#9453);
#2666=VERTEX_POINT('',#9455);
#2667=VERTEX_POINT('',#9457);
#2668=VERTEX_POINT('',#9459);
#2669=VERTEX_POINT('',#9461);
#2670=VERTEX_POINT('',#9463);
#2671=VERTEX_POINT('',#9465);
#2672=VERTEX_POINT('',#9467);
#2673=VERTEX_POINT('',#9469);
#2674=VERTEX_POINT('',#9472);
#2675=VERTEX_POINT('',#9474);
#2676=VERTEX_POINT('',#9476);
#2677=VERTEX_POINT('',#9478);
#2678=VERTEX_POINT('',#9480);
#2679=VERTEX_POINT('',#9482);
#2680=VERTEX_POINT('',#9484);
#2681=VERTEX_POINT('',#9486);
#2682=VERTEX_POINT('',#9488);
#2683=VERTEX_POINT('',#9490);
#2684=VERTEX_POINT('',#9492);
#2685=VERTEX_POINT('',#9494);
#2686=VERTEX_POINT('',#9496);
#2687=VERTEX_POINT('',#9499);
#2688=VERTEX_POINT('',#9501);
#2689=VERTEX_POINT('',#9505);
#2690=VERTEX_POINT('',#9506);
#2691=VERTEX_POINT('',#9508);
#2692=VERTEX_POINT('',#9510);
#2693=VERTEX_POINT('',#9512);
#2694=VERTEX_POINT('',#9514);
#2695=VERTEX_POINT('',#9516);
#2696=VERTEX_POINT('',#9518);
#2697=VERTEX_POINT('',#9521);
#2698=VERTEX_POINT('',#9523);
#2699=VERTEX_POINT('',#9525);
#2700=VERTEX_POINT('',#9527);
#2701=VERTEX_POINT('',#9529);
#2702=VERTEX_POINT('',#9531);
#2703=VERTEX_POINT('',#9533);
#2704=VERTEX_POINT('',#9535);
#2705=VERTEX_POINT('',#9537);
#2706=VERTEX_POINT('',#9539);
#2707=VERTEX_POINT('',#9541);
#2708=VERTEX_POINT('',#9543);
#2709=VERTEX_POINT('',#9545);
#2710=VERTEX_POINT('',#9547);
#2711=VERTEX_POINT('',#9549);
#2712=VERTEX_POINT('',#9551);
#2713=VERTEX_POINT('',#9553);
#2714=VERTEX_POINT('',#9555);
#2715=VERTEX_POINT('',#9557);
#2716=VERTEX_POINT('',#9559);
#2717=VERTEX_POINT('',#9561);
#2718=VERTEX_POINT('',#9563);
#2719=VERTEX_POINT('',#9565);
#2720=VERTEX_POINT('',#9567);
#2721=VERTEX_POINT('',#9569);
#2722=VERTEX_POINT('',#9571);
#2723=VERTEX_POINT('',#9573);
#2724=VERTEX_POINT('',#9575);
#2725=VERTEX_POINT('',#9577);
#2726=VERTEX_POINT('',#9579);
#2727=VERTEX_POINT('',#9581);
#2728=VERTEX_POINT('',#9583);
#2729=VERTEX_POINT('',#9585);
#2730=VERTEX_POINT('',#9587);
#2731=VERTEX_POINT('',#9589);
#2732=VERTEX_POINT('',#9591);
#2733=VERTEX_POINT('',#9593);
#2734=VERTEX_POINT('',#9595);
#2735=VERTEX_POINT('',#9597);
#2736=VERTEX_POINT('',#9599);
#2737=VERTEX_POINT('',#9601);
#2738=VERTEX_POINT('',#9603);
#2739=VERTEX_POINT('',#9605);
#2740=VERTEX_POINT('',#9607);
#2741=VERTEX_POINT('',#9609);
#2742=VERTEX_POINT('',#9611);
#2743=VERTEX_POINT('',#9613);
#2744=VERTEX_POINT('',#9615);
#2745=VERTEX_POINT('',#9617);
#2746=VERTEX_POINT('',#9619);
#2747=VERTEX_POINT('',#9621);
#2748=VERTEX_POINT('',#9623);
#2749=VERTEX_POINT('',#9625);
#2750=VERTEX_POINT('',#9627);
#2751=VERTEX_POINT('',#9629);
#2752=VERTEX_POINT('',#9631);
#2753=VERTEX_POINT('',#9633);
#2754=VERTEX_POINT('',#9635);
#2755=VERTEX_POINT('',#9637);
#2756=VERTEX_POINT('',#9639);
#2757=VERTEX_POINT('',#9641);
#2758=VERTEX_POINT('',#9643);
#2759=VERTEX_POINT('',#9645);
#2760=VERTEX_POINT('',#9647);
#2761=VERTEX_POINT('',#9649);
#2762=VERTEX_POINT('',#9651);
#2763=VERTEX_POINT('',#9653);
#2764=VERTEX_POINT('',#9655);
#2765=VERTEX_POINT('',#9657);
#2766=VERTEX_POINT('',#9659);
#2767=VERTEX_POINT('',#9661);
#2768=VERTEX_POINT('',#9663);
#2769=VERTEX_POINT('',#9665);
#2770=VERTEX_POINT('',#9667);
#2771=VERTEX_POINT('',#9669);
#2772=VERTEX_POINT('',#9671);
#2773=VERTEX_POINT('',#9673);
#2774=VERTEX_POINT('',#9675);
#2775=VERTEX_POINT('',#9677);
#2776=VERTEX_POINT('',#9679);
#2777=VERTEX_POINT('',#9681);
#2778=VERTEX_POINT('',#9683);
#2779=VERTEX_POINT('',#9685);
#2780=VERTEX_POINT('',#9687);
#2781=VERTEX_POINT('',#9689);
#2782=VERTEX_POINT('',#9691);
#2783=VERTEX_POINT('',#9693);
#2784=VERTEX_POINT('',#9695);
#2785=VERTEX_POINT('',#9697);
#2786=VERTEX_POINT('',#9699);
#2787=VERTEX_POINT('',#9701);
#2788=VERTEX_POINT('',#9703);
#2789=VERTEX_POINT('',#9705);
#2790=VERTEX_POINT('',#9707);
#2791=VERTEX_POINT('',#9709);
#2792=VERTEX_POINT('',#9712);
#2793=VERTEX_POINT('',#9714);
#2794=VERTEX_POINT('',#9716);
#2795=VERTEX_POINT('',#9718);
#2796=VERTEX_POINT('',#9720);
#2797=VERTEX_POINT('',#9724);
#2798=VERTEX_POINT('',#9726);
#2799=VERTEX_POINT('',#9728);
#2800=VERTEX_POINT('',#9730);
#2801=VERTEX_POINT('',#9732);
#2802=VERTEX_POINT('',#9734);
#2803=VERTEX_POINT('',#9736);
#2804=VERTEX_POINT('',#9738);
#2805=VERTEX_POINT('',#9741);
#2806=VERTEX_POINT('',#9744);
#2807=VERTEX_POINT('',#9748);
#2808=VERTEX_POINT('',#9750);
#2809=VERTEX_POINT('',#9752);
#2810=VERTEX_POINT('',#9756);
#2811=VERTEX_POINT('',#9758);
#2812=VERTEX_POINT('',#9760);
#2813=VERTEX_POINT('',#9762);
#2814=VERTEX_POINT('',#9764);
#2815=VERTEX_POINT('',#9766);
#2816=VERTEX_POINT('',#9768);
#2817=VERTEX_POINT('',#9770);
#2818=VERTEX_POINT('',#9772);
#2819=VERTEX_POINT('',#9775);
#2820=VERTEX_POINT('',#9782);
#2821=VERTEX_POINT('',#9783);
#2822=VERTEX_POINT('',#9785);
#2823=VERTEX_POINT('',#9787);
#2824=VERTEX_POINT('',#9791);
#2825=VERTEX_POINT('',#9793);
#2826=VERTEX_POINT('',#9797);
#2827=VERTEX_POINT('',#9799);
#2828=VERTEX_POINT('',#9803);
#2829=VERTEX_POINT('',#9805);
#2830=VERTEX_POINT('',#9809);
#2831=VERTEX_POINT('',#9811);
#2832=VERTEX_POINT('',#9815);
#2833=VERTEX_POINT('',#9817);
#2834=VERTEX_POINT('',#9821);
#2835=VERTEX_POINT('',#9823);
#2836=VERTEX_POINT('',#9827);
#2837=VERTEX_POINT('',#9829);
#2838=VERTEX_POINT('',#9833);
#2839=VERTEX_POINT('',#9835);
#2840=VERTEX_POINT('',#9843);
#2841=VERTEX_POINT('',#9844);
#2842=VERTEX_POINT('',#9846);
#2843=VERTEX_POINT('',#9848);
#2844=VERTEX_POINT('',#9852);
#2845=VERTEX_POINT('',#9854);
#2846=VERTEX_POINT('',#9858);
#2847=VERTEX_POINT('',#9860);
#2848=VERTEX_POINT('',#9864);
#2849=VERTEX_POINT('',#9866);
#2850=VERTEX_POINT('',#9870);
#2851=VERTEX_POINT('',#9872);
#2852=VERTEX_POINT('',#9876);
#2853=VERTEX_POINT('',#9878);
#2854=VERTEX_POINT('',#9886);
#2855=VERTEX_POINT('',#9887);
#2856=VERTEX_POINT('',#9889);
#2857=VERTEX_POINT('',#9891);
#2858=VERTEX_POINT('',#9895);
#2859=VERTEX_POINT('',#9897);
#2860=VERTEX_POINT('',#9901);
#2861=VERTEX_POINT('',#9903);
#2862=VERTEX_POINT('',#9911);
#2863=VERTEX_POINT('',#9916);
#2864=VERTEX_POINT('',#9921);
#2865=VERTEX_POINT('',#9925);
#2866=VERTEX_POINT('',#9960);
#2867=VERTEX_POINT('',#9962);
#2868=VERTEX_POINT('',#9966);
#2869=VERTEX_POINT('',#9970);
#2870=VERTEX_POINT('',#9973);
#2871=VERTEX_POINT('',#9977);
#2872=VERTEX_POINT('',#9980);
#2873=VERTEX_POINT('',#9984);
#2874=VERTEX_POINT('',#9987);
#2875=VERTEX_POINT('',#9991);
#2876=VERTEX_POINT('',#9994);
#2877=VERTEX_POINT('',#9995);
#2878=VERTEX_POINT('',#10000);
#2879=VERTEX_POINT('',#10002);
#2880=VERTEX_POINT('',#10007);
#2881=VERTEX_POINT('',#10009);
#2882=VERTEX_POINT('',#10014);
#2883=VERTEX_POINT('',#10016);
#2884=VERTEX_POINT('',#10021);
#2885=VERTEX_POINT('',#10023);
#2886=VERTEX_POINT('',#10028);
#2887=VERTEX_POINT('',#10030);
#2888=VERTEX_POINT('',#10035);
#2889=VERTEX_POINT('',#10037);
#2890=VERTEX_POINT('',#10042);
#2891=VERTEX_POINT('',#10047);
#2892=VERTEX_POINT('',#10052);
#2893=VERTEX_POINT('',#10057);
#2894=VERTEX_POINT('',#10062);
#2895=VERTEX_POINT('',#10067);
#2896=VERTEX_POINT('',#10072);
#2897=VERTEX_POINT('',#10076);
#2898=VERTEX_POINT('',#10080);
#2899=VERTEX_POINT('',#10084);
#2900=VERTEX_POINT('',#10088);
#2901=VERTEX_POINT('',#10092);
#2902=VERTEX_POINT('',#10096);
#2903=VERTEX_POINT('',#10100);
#2904=VERTEX_POINT('',#10104);
#2905=VERTEX_POINT('',#10106);
#2906=VERTEX_POINT('',#10110);
#2907=VERTEX_POINT('',#10114);
#2908=VERTEX_POINT('',#10118);
#2909=VERTEX_POINT('',#10122);
#2910=VERTEX_POINT('',#10126);
#2911=VERTEX_POINT('',#10130);
#2912=VERTEX_POINT('',#10136);
#2913=VERTEX_POINT('',#10138);
#2914=VERTEX_POINT('',#10142);
#2915=VERTEX_POINT('',#10146);
#2916=VERTEX_POINT('',#10150);
#2917=VERTEX_POINT('',#10154);
#2918=VERTEX_POINT('',#10159);
#2919=VERTEX_POINT('',#10164);
#2920=VERTEX_POINT('',#10169);
#2921=VERTEX_POINT('',#10174);
#2922=VERTEX_POINT('',#10179);
#2923=VERTEX_POINT('',#10184);
#2924=VERTEX_POINT('',#10189);
#2925=VERTEX_POINT('',#10194);
#2926=VERTEX_POINT('',#10198);
#2927=VERTEX_POINT('',#10202);
#2928=VERTEX_POINT('',#10208);
#2929=VERTEX_POINT('',#10212);
#2930=VERTEX_POINT('',#10223);
#2931=VERTEX_POINT('',#10227);
#2932=VERTEX_POINT('',#10228);
#2933=VERTEX_POINT('',#10230);
#2934=VERTEX_POINT('',#10232);
#2935=VERTEX_POINT('',#10234);
#2936=VERTEX_POINT('',#10236);
#2937=VERTEX_POINT('',#10238);
#2938=VERTEX_POINT('',#10240);
#2939=VERTEX_POINT('',#10242);
#2940=VERTEX_POINT('',#10244);
#2941=VERTEX_POINT('',#10248);
#2942=VERTEX_POINT('',#10252);
#2943=VERTEX_POINT('',#10253);
#2944=VERTEX_POINT('',#10255);
#2945=VERTEX_POINT('',#10257);
#2946=VERTEX_POINT('',#10259);
#2947=VERTEX_POINT('',#10261);
#2948=VERTEX_POINT('',#10263);
#2949=VERTEX_POINT('',#10265);
#2950=VERTEX_POINT('',#10267);
#2951=VERTEX_POINT('',#10269);
#2952=VERTEX_POINT('',#10273);
#2953=VERTEX_POINT('',#10277);
#2954=VERTEX_POINT('',#10278);
#2955=VERTEX_POINT('',#10280);
#2956=VERTEX_POINT('',#10282);
#2957=VERTEX_POINT('',#10284);
#2958=VERTEX_POINT('',#10286);
#2959=VERTEX_POINT('',#10288);
#2960=VERTEX_POINT('',#10290);
#2961=VERTEX_POINT('',#10292);
#2962=VERTEX_POINT('',#10294);
#2963=VERTEX_POINT('',#10300);
#2964=VERTEX_POINT('',#10303);
#2965=VERTEX_POINT('',#10309);
#2966=VERTEX_POINT('',#10313);
#2967=VERTEX_POINT('',#10317);
#2968=VERTEX_POINT('',#10321);
#2969=VERTEX_POINT('',#10325);
#2970=VERTEX_POINT('',#10327);
#2971=VERTEX_POINT('',#10329);
#2972=VERTEX_POINT('',#10333);
#2973=VERTEX_POINT('',#10335);
#2974=VERTEX_POINT('',#10337);
#2975=VERTEX_POINT('',#10341);
#2976=VERTEX_POINT('',#10343);
#2977=VERTEX_POINT('',#10345);
#2978=VERTEX_POINT('',#10349);
#2979=VERTEX_POINT('',#10351);
#2980=VERTEX_POINT('',#10353);
#2981=VERTEX_POINT('',#10357);
#2982=VERTEX_POINT('',#10359);
#2983=VERTEX_POINT('',#10363);
#2984=VERTEX_POINT('',#10367);
#2985=VERTEX_POINT('',#10372);
#2986=VERTEX_POINT('',#10376);
#2987=VERTEX_POINT('',#10380);
#2988=VERTEX_POINT('',#10384);
#2989=VERTEX_POINT('',#10392);
#2990=VERTEX_POINT('',#10394);
#2991=VERTEX_POINT('',#10396);
#2992=VERTEX_POINT('',#10401);
#2993=VERTEX_POINT('',#10403);
#2994=VERTEX_POINT('',#10407);
#2995=VERTEX_POINT('',#10409);
#2996=VERTEX_POINT('',#10411);
#2997=VERTEX_POINT('',#10429);
#2998=VERTEX_POINT('',#10431);
#2999=VERTEX_POINT('',#10433);
#3000=VERTEX_POINT('',#10437);
#3001=VERTEX_POINT('',#10439);
#3002=VERTEX_POINT('',#10441);
#3003=VERTEX_POINT('',#10445);
#3004=VERTEX_POINT('',#10447);
#3005=VERTEX_POINT('',#10449);
#3006=VERTEX_POINT('',#10453);
#3007=VERTEX_POINT('',#10455);
#3008=VERTEX_POINT('',#10457);
#3009=VERTEX_POINT('',#10461);
#3010=VERTEX_POINT('',#10463);
#3011=VERTEX_POINT('',#10467);
#3012=VERTEX_POINT('',#10471);
#3013=VERTEX_POINT('',#10476);
#3014=VERTEX_POINT('',#10480);
#3015=VERTEX_POINT('',#10484);
#3016=VERTEX_POINT('',#10488);
#3017=VERTEX_POINT('',#10496);
#3018=VERTEX_POINT('',#10497);
#3019=VERTEX_POINT('',#10499);
#3020=VERTEX_POINT('',#10501);
#3021=VERTEX_POINT('',#10505);
#3022=VERTEX_POINT('',#10506);
#3023=VERTEX_POINT('',#10508);
#3024=VERTEX_POINT('',#10510);
#3025=VERTEX_POINT('',#10514);
#3026=VERTEX_POINT('',#10515);
#3027=VERTEX_POINT('',#10517);
#3028=VERTEX_POINT('',#10519);
#3029=VERTEX_POINT('',#10523);
#3030=VERTEX_POINT('',#10524);
#3031=VERTEX_POINT('',#10526);
#3032=VERTEX_POINT('',#10528);
#3033=VERTEX_POINT('',#10532);
#3034=VERTEX_POINT('',#10534);
#3035=VERTEX_POINT('',#10539);
#3036=VERTEX_POINT('',#10543);
#3037=VERTEX_POINT('',#10548);
#3038=VERTEX_POINT('',#10552);
#3039=VERTEX_POINT('',#10557);
#3040=VERTEX_POINT('',#10561);
#3041=VERTEX_POINT('',#10569);
#3042=VERTEX_POINT('',#10570);
#3043=VERTEX_POINT('',#10572);
#3044=VERTEX_POINT('',#10574);
#3045=VERTEX_POINT('',#10578);
#3046=VERTEX_POINT('',#10579);
#3047=VERTEX_POINT('',#10581);
#3048=VERTEX_POINT('',#10583);
#3049=VERTEX_POINT('',#10587);
#3050=VERTEX_POINT('',#10589);
#3051=VERTEX_POINT('',#10591);
#3052=VERTEX_POINT('',#10595);
#3053=VERTEX_POINT('',#10597);
#3054=VERTEX_POINT('',#10599);
#3055=VERTEX_POINT('',#10603);
#3056=VERTEX_POINT('',#10604);
#3057=VERTEX_POINT('',#10606);
#3058=VERTEX_POINT('',#10608);
#3059=VERTEX_POINT('',#10612);
#3060=VERTEX_POINT('',#10614);
#3061=VERTEX_POINT('',#10616);
#3062=VERTEX_POINT('',#10620);
#3063=VERTEX_POINT('',#10622);
#3064=VERTEX_POINT('',#10624);
#3065=VERTEX_POINT('',#10628);
#3066=VERTEX_POINT('',#10630);
#3067=VERTEX_POINT('',#10632);
#3068=VERTEX_POINT('',#10636);
#3069=VERTEX_POINT('',#10638);
#3070=VERTEX_POINT('',#10640);
#3071=VERTEX_POINT('',#10644);
#3072=VERTEX_POINT('',#10645);
#3073=VERTEX_POINT('',#10647);
#3074=VERTEX_POINT('',#10649);
#3075=VERTEX_POINT('',#10653);
#3076=VERTEX_POINT('',#10655);
#3077=VERTEX_POINT('',#10657);
#3078=VERTEX_POINT('',#10661);
#3079=VERTEX_POINT('',#10663);
#3080=VERTEX_POINT('',#10665);
#3081=VERTEX_POINT('',#10669);
#3082=VERTEX_POINT('',#10670);
#3083=VERTEX_POINT('',#10672);
#3084=VERTEX_POINT('',#10674);
#3085=VERTEX_POINT('',#10678);
#3086=VERTEX_POINT('',#10679);
#3087=VERTEX_POINT('',#10681);
#3088=VERTEX_POINT('',#10683);
#3089=VERTEX_POINT('',#10687);
#3090=VERTEX_POINT('',#10689);
#3091=VERTEX_POINT('',#10691);
#3092=VERTEX_POINT('',#10695);
#3093=VERTEX_POINT('',#10697);
#3094=VERTEX_POINT('',#10699);
#3095=VERTEX_POINT('',#10703);
#3096=VERTEX_POINT('',#10704);
#3097=VERTEX_POINT('',#10706);
#3098=VERTEX_POINT('',#10708);
#3099=VERTEX_POINT('',#10712);
#3100=VERTEX_POINT('',#10714);
#3101=VERTEX_POINT('',#10716);
#3102=VERTEX_POINT('',#10720);
#3103=VERTEX_POINT('',#10722);
#3104=VERTEX_POINT('',#10724);
#3105=VERTEX_POINT('',#10728);
#3106=VERTEX_POINT('',#10729);
#3107=VERTEX_POINT('',#10731);
#3108=VERTEX_POINT('',#10733);
#3109=VERTEX_POINT('',#10737);
#3110=VERTEX_POINT('',#10738);
#3111=VERTEX_POINT('',#10740);
#3112=VERTEX_POINT('',#10742);
#3113=VERTEX_POINT('',#10746);
#3114=VERTEX_POINT('',#10748);
#3115=VERTEX_POINT('',#10750);
#3116=VERTEX_POINT('',#10754);
#3117=VERTEX_POINT('',#10756);
#3118=VERTEX_POINT('',#10758);
#3119=VERTEX_POINT('',#10762);
#3120=VERTEX_POINT('',#10763);
#3121=VERTEX_POINT('',#10765);
#3122=VERTEX_POINT('',#10767);
#3123=VERTEX_POINT('',#10771);
#3124=VERTEX_POINT('',#10773);
#3125=VERTEX_POINT('',#10775);
#3126=VERTEX_POINT('',#10779);
#3127=VERTEX_POINT('',#10781);
#3128=VERTEX_POINT('',#10783);
#3129=VERTEX_POINT('',#10946);
#3130=VERTEX_POINT('',#10948);
#3131=VERTEX_POINT('',#10950);
#3132=VERTEX_POINT('',#10954);
#3133=VERTEX_POINT('',#10956);
#3134=VERTEX_POINT('',#10958);
#3135=VERTEX_POINT('',#10962);
#3136=VERTEX_POINT('',#10964);
#3137=VERTEX_POINT('',#10966);
#3138=VERTEX_POINT('',#10970);
#3139=VERTEX_POINT('',#10972);
#3140=VERTEX_POINT('',#10974);
#3141=VERTEX_POINT('',#10978);
#3142=VERTEX_POINT('',#10980);
#3143=VERTEX_POINT('',#10985);
#3144=VERTEX_POINT('',#10989);
#3145=VERTEX_POINT('',#10993);
#3146=VERTEX_POINT('',#10997);
#3147=VERTEX_POINT('',#11002);
#3148=VERTEX_POINT('',#11006);
#3149=VERTEX_POINT('',#11019);
#3150=VERTEX_POINT('',#11025);
#3151=VERTEX_POINT('',#11032);
#3152=VERTEX_POINT('',#11038);
#3153=EDGE_CURVE('',#2545,#2546,#2539,.T.);
#3154=EDGE_CURVE('',#2545,#2547,#1151,.T.);
#3155=EDGE_CURVE('',#2548,#2547,#1152,.T.);
#3156=EDGE_CURVE('',#2548,#2546,#1153,.F.);
#3157=EDGE_CURVE('',#2546,#2549,#1154,.T.);
#3158=EDGE_CURVE('',#2550,#2548,#1155,.T.);
#3159=EDGE_CURVE('',#2549,#2550,#1156,.T.);
#3160=EDGE_CURVE('',#2551,#2552,#1157,.T.);
#3161=EDGE_CURVE('',#2553,#2551,#1158,.T.);
#3162=EDGE_CURVE('',#2554,#2553,#1159,.F.);
#3163=EDGE_CURVE('',#2552,#2554,#1160,.F.);
#3164=EDGE_CURVE('',#2552,#2555,#2540,.T.);
#3165=EDGE_CURVE('',#2556,#2554,#1161,.T.);
#3166=EDGE_CURVE('',#2556,#2555,#1162,.T.);
#3167=EDGE_CURVE('',#2547,#2556,#1163,.T.);
#3168=EDGE_CURVE('',#2550,#2553,#1164,.T.);
#3169=EDGE_CURVE('',#2557,#2557,#148,.T.);
#3170=EDGE_CURVE('',#2558,#2558,#149,.T.);
#3171=EDGE_CURVE('',#2559,#2545,#150,.T.);
#3172=EDGE_CURVE('',#2560,#2559,#1165,.T.);
#3173=EDGE_CURVE('',#2555,#2560,#151,.T.);
#3174=EDGE_CURVE('',#2561,#2549,#152,.T.);
#3175=EDGE_CURVE('',#2561,#2562,#1166,.T.);
#3176=EDGE_CURVE('',#2562,#2563,#2541,.T.);
#3177=EDGE_CURVE('',#2563,#2564,#153,.T.);
#3178=EDGE_CURVE('',#2565,#2564,#1167,.T.);
#3179=EDGE_CURVE('',#2565,#2566,#154,.T.);
#3180=EDGE_CURVE('',#2566,#2559,#1168,.T.);
#3181=EDGE_CURVE('',#2551,#2567,#155,.T.);
#3182=EDGE_CURVE('',#2567,#2568,#1169,.T.);
#3183=EDGE_CURVE('',#2568,#2569,#156,.T.);
#3184=EDGE_CURVE('',#2569,#2570,#1170,.T.);
#3185=EDGE_CURVE('',#2570,#2571,#1171,.T.);
#3186=EDGE_CURVE('',#2571,#2572,#1172,.T.);
#3187=EDGE_CURVE('',#2572,#2573,#157,.T.);
#3188=EDGE_CURVE('',#2573,#2574,#1173,.T.);
#3189=EDGE_CURVE('',#2574,#2575,#1174,.T.);
#3190=EDGE_CURVE('',#2575,#2561,#1175,.T.);
#3191=EDGE_CURVE('',#2576,#2577,#1176,.T.);
#3192=EDGE_CURVE('',#2577,#2578,#158,.T.);
#3193=EDGE_CURVE('',#2578,#2579,#159,.T.);
#3194=EDGE_CURVE('',#2579,#2580,#1177,.T.);
#3195=EDGE_CURVE('',#2580,#2581,#160,.T.);
#3196=EDGE_CURVE('',#2581,#2582,#1178,.T.);
#3197=EDGE_CURVE('',#2582,#2583,#161,.T.);
#3198=EDGE_CURVE('',#2583,#2584,#1179,.T.);
#3199=EDGE_CURVE('',#2584,#2585,#162,.T.);
#3200=EDGE_CURVE('',#2585,#2586,#1180,.T.);
#3201=EDGE_CURVE('',#2586,#2587,#163,.T.);
#3202=EDGE_CURVE('',#2587,#2588,#1181,.T.);
#3203=EDGE_CURVE('',#2588,#2589,#164,.T.);
#3204=EDGE_CURVE('',#2589,#2590,#1182,.T.);
#3205=EDGE_CURVE('',#2590,#2591,#165,.T.);
#3206=EDGE_CURVE('',#2591,#2592,#1183,.T.);
#3207=EDGE_CURVE('',#2592,#2593,#166,.T.);
#3208=EDGE_CURVE('',#2593,#2594,#1184,.T.);
#3209=EDGE_CURVE('',#2594,#2595,#167,.T.);
#3210=EDGE_CURVE('',#2595,#2596,#1185,.T.);
#3211=EDGE_CURVE('',#2596,#2597,#168,.T.);
#3212=EDGE_CURVE('',#2597,#2598,#169,.T.);
#3213=EDGE_CURVE('',#2598,#2599,#1186,.T.);
#3214=EDGE_CURVE('',#2599,#2600,#170,.T.);
#3215=EDGE_CURVE('',#2600,#2576,#171,.T.);
#3216=EDGE_CURVE('',#2601,#2601,#172,.T.);
#3217=EDGE_CURVE('',#2602,#2602,#173,.T.);
#3218=EDGE_CURVE('',#2603,#2604,#2542,.T.);
#3219=EDGE_CURVE('',#2603,#2605,#1187,.T.);
#3220=EDGE_CURVE('',#2606,#2605,#1188,.T.);
#3221=EDGE_CURVE('',#2606,#2604,#1189,.F.);
#3222=EDGE_CURVE('',#2604,#2573,#1190,.T.);
#3223=EDGE_CURVE('',#2574,#2606,#1191,.T.);
#3224=EDGE_CURVE('',#2607,#2575,#1192,.F.);
#3225=EDGE_CURVE('',#2562,#2607,#1193,.F.);
#3226=EDGE_CURVE('',#2608,#2607,#1194,.T.);
#3227=EDGE_CURVE('',#2608,#2563,#1195,.T.);
#3228=EDGE_CURVE('',#2605,#2608,#1196,.T.);
#3229=EDGE_CURVE('',#2609,#2609,#174,.T.);
#3230=EDGE_CURVE('',#2610,#2610,#175,.T.);
#3231=EDGE_CURVE('',#2611,#2603,#176,.T.);
#3232=EDGE_CURVE('',#2564,#2611,#1197,.T.);
#3233=EDGE_CURVE('',#2572,#2612,#1198,.T.);
#3234=EDGE_CURVE('',#2612,#2613,#2543,.T.);
#3235=EDGE_CURVE('',#2613,#2614,#177,.T.);
#3236=EDGE_CURVE('',#2615,#2614,#1199,.T.);
#3237=EDGE_CURVE('',#2615,#2616,#178,.T.);
#3238=EDGE_CURVE('',#2616,#2611,#1200,.T.);
#3239=EDGE_CURVE('',#2617,#2618,#2544,.T.);
#3240=EDGE_CURVE('',#2617,#2619,#1201,.T.);
#3241=EDGE_CURVE('',#2620,#2619,#1202,.T.);
#3242=EDGE_CURVE('',#2620,#2618,#1203,.F.);
#3243=EDGE_CURVE('',#2618,#2569,#1204,.T.);
#3244=EDGE_CURVE('',#2570,#2620,#1205,.T.);
#3245=EDGE_CURVE('',#2621,#2571,#1206,.F.);
#3246=EDGE_CURVE('',#2612,#2621,#1207,.F.);
#3247=EDGE_CURVE('',#2622,#2621,#1208,.T.);
#3248=EDGE_CURVE('',#2622,#2613,#1209,.T.);
#3249=EDGE_CURVE('',#2619,#2622,#1210,.T.);
#3250=EDGE_CURVE('',#2623,#2623,#179,.T.);
#3251=EDGE_CURVE('',#2624,#2624,#180,.T.);
#3252=EDGE_CURVE('',#2625,#2617,#181,.T.);
#3253=EDGE_CURVE('',#2614,#2625,#1211,.T.);
#3254=EDGE_CURVE('',#2626,#2568,#1212,.T.);
#3255=EDGE_CURVE('',#2626,#2627,#182,.T.);
#3256=EDGE_CURVE('',#2627,#2625,#1213,.T.);
#3257=EDGE_CURVE('',#2628,#2629,#1214,.T.);
#3258=EDGE_CURVE('',#2630,#2628,#1215,.T.);
#3259=EDGE_CURVE('',#2631,#2630,#1216,.T.);
#3260=EDGE_CURVE('',#2631,#2632,#1217,.T.);
#3261=EDGE_CURVE('',#2633,#2632,#1218,.T.);
#3262=EDGE_CURVE('',#2634,#2633,#1219,.T.);
#3263=EDGE_CURVE('',#2635,#2634,#1220,.T.);
#3264=EDGE_CURVE('',#2629,#2635,#1221,.T.);
#3265=EDGE_CURVE('',#2632,#2636,#1222,.T.);
#3266=EDGE_CURVE('',#2637,#2631,#1223,.T.);
#3267=EDGE_CURVE('',#2637,#2638,#1224,.T.);
#3268=EDGE_CURVE('',#2639,#2638,#1225,.T.);
#3269=EDGE_CURVE('',#2636,#2639,#1226,.T.);
#3270=EDGE_CURVE('',#2640,#2641,#1227,.T.);
#3271=EDGE_CURVE('',#2642,#2640,#1228,.T.);
#3272=EDGE_CURVE('',#2638,#2642,#1229,.T.);
#3273=EDGE_CURVE('',#2643,#2637,#1230,.T.);
#3274=EDGE_CURVE('',#2643,#2641,#1231,.T.);
#3275=EDGE_CURVE('',#2630,#2644,#1232,.T.);
#3276=EDGE_CURVE('',#2644,#2645,#183,.T.);
#3277=EDGE_CURVE('',#2645,#2646,#1233,.T.);
#3278=EDGE_CURVE('',#2646,#2647,#184,.T.);
#3279=EDGE_CURVE('',#2647,#2648,#1234,.T.);
#3280=EDGE_CURVE('',#2648,#2649,#185,.T.);
#3281=EDGE_CURVE('',#2649,#2650,#186,.T.);
#3282=EDGE_CURVE('',#2650,#2651,#1235,.T.);
#3283=EDGE_CURVE('',#2651,#2652,#187,.T.);
#3284=EDGE_CURVE('',#2652,#2653,#188,.T.);
#3285=EDGE_CURVE('',#2653,#2654,#1236,.T.);
#3286=EDGE_CURVE('',#2654,#2655,#189,.T.);
#3287=EDGE_CURVE('',#2655,#2656,#190,.T.);
#3288=EDGE_CURVE('',#2656,#2657,#1237,.T.);
#3289=EDGE_CURVE('',#2657,#2658,#191,.T.);
#3290=EDGE_CURVE('',#2658,#2659,#192,.T.);
#3291=EDGE_CURVE('',#2659,#2660,#1238,.T.);
#3292=EDGE_CURVE('',#2660,#2661,#193,.T.);
#3293=EDGE_CURVE('',#2661,#2662,#194,.T.);
#3294=EDGE_CURVE('',#2662,#2663,#1239,.T.);
#3295=EDGE_CURVE('',#2663,#2664,#195,.T.);
#3296=EDGE_CURVE('',#2664,#2665,#196,.T.);
#3297=EDGE_CURVE('',#2665,#2666,#1240,.T.);
#3298=EDGE_CURVE('',#2666,#2667,#197,.T.);
#3299=EDGE_CURVE('',#2667,#2668,#198,.T.);
#3300=EDGE_CURVE('',#2668,#2669,#1241,.T.);
#3301=EDGE_CURVE('',#2669,#2670,#199,.T.);
#3302=EDGE_CURVE('',#2670,#2671,#200,.T.);
#3303=EDGE_CURVE('',#2671,#2672,#1242,.T.);
#3304=EDGE_CURVE('',#2672,#2673,#201,.T.);
#3305=EDGE_CURVE('',#2673,#2643,#1243,.T.);
#3306=EDGE_CURVE('',#2674,#2674,#202,.T.);
#3307=EDGE_CURVE('',#2675,#2675,#203,.T.);
#3308=EDGE_CURVE('',#2676,#2676,#204,.T.);
#3309=EDGE_CURVE('',#2677,#2677,#205,.T.);
#3310=EDGE_CURVE('',#2678,#2678,#206,.T.);
#3311=EDGE_CURVE('',#2679,#2679,#207,.T.);
#3312=EDGE_CURVE('',#2680,#2680,#208,.T.);
#3313=EDGE_CURVE('',#2681,#2681,#209,.T.);
#3314=EDGE_CURVE('',#2682,#2682,#210,.T.);
#3315=EDGE_CURVE('',#2683,#2683,#211,.T.);
#3316=EDGE_CURVE('',#2684,#2684,#212,.T.);
#3317=EDGE_CURVE('',#2685,#2685,#213,.T.);
#3318=EDGE_CURVE('',#2686,#2686,#214,.T.);
#3319=EDGE_CURVE('',#2635,#2687,#1244,.T.);
#3320=EDGE_CURVE('',#2687,#2688,#1245,.T.);
#3321=EDGE_CURVE('',#2629,#2688,#1246,.T.);
#3322=EDGE_CURVE('',#2689,#2690,#1247,.T.);
#3323=EDGE_CURVE('',#2691,#2689,#215,.T.);
#3324=EDGE_CURVE('',#2692,#2691,#1248,.T.);
#3325=EDGE_CURVE('',#2693,#2692,#216,.T.);
#3326=EDGE_CURVE('',#2694,#2693,#1249,.T.);
#3327=EDGE_CURVE('',#2695,#2694,#217,.T.);
#3328=EDGE_CURVE('',#2696,#2695,#1250,.T.);
#3329=EDGE_CURVE('',#2690,#2696,#218,.T.);
#3330=EDGE_CURVE('',#2697,#2697,#219,.T.);
#3331=EDGE_CURVE('',#2698,#2698,#220,.T.);
#3332=EDGE_CURVE('',#2699,#2699,#221,.T.);
#3333=EDGE_CURVE('',#2700,#2700,#222,.T.);
#3334=EDGE_CURVE('',#2701,#2701,#223,.T.);
#3335=EDGE_CURVE('',#2702,#2702,#224,.T.);
#3336=EDGE_CURVE('',#2703,#2703,#225,.T.);
#3337=EDGE_CURVE('',#2704,#2704,#226,.T.);
#3338=EDGE_CURVE('',#2705,#2628,#1251,.T.);
#3339=EDGE_CURVE('',#2688,#2706,#1252,.T.);
#3340=EDGE_CURVE('',#2706,#2707,#1253,.T.);
#3341=EDGE_CURVE('',#2707,#2708,#1254,.T.);
#3342=EDGE_CURVE('',#2708,#2709,#227,.T.);
#3343=EDGE_CURVE('',#2709,#2710,#228,.T.);
#3344=EDGE_CURVE('',#2710,#2711,#1255,.T.);
#3345=EDGE_CURVE('',#2711,#2712,#1256,.T.);
#3346=EDGE_CURVE('',#2712,#2713,#1257,.T.);
#3347=EDGE_CURVE('',#2713,#2714,#1258,.T.);
#3348=EDGE_CURVE('',#2714,#2715,#1259,.T.);
#3349=EDGE_CURVE('',#2715,#2716,#229,.T.);
#3350=EDGE_CURVE('',#2716,#2717,#230,.T.);
#3351=EDGE_CURVE('',#2717,#2718,#1260,.T.);
#3352=EDGE_CURVE('',#2718,#2719,#1261,.T.);
#3353=EDGE_CURVE('',#2719,#2720,#1262,.T.);
#3354=EDGE_CURVE('',#2720,#2721,#231,.T.);
#3355=EDGE_CURVE('',#2721,#2722,#1263,.T.);
#3356=EDGE_CURVE('',#2722,#2723,#1264,.T.);
#3357=EDGE_CURVE('',#2723,#2724,#1265,.T.);
#3358=EDGE_CURVE('',#2724,#2725,#1266,.T.);
#3359=EDGE_CURVE('',#2725,#2726,#1267,.T.);
#3360=EDGE_CURVE('',#2726,#2727,#232,.T.);
#3361=EDGE_CURVE('',#2727,#2728,#1268,.T.);
#3362=EDGE_CURVE('',#2728,#2729,#1269,.T.);
#3363=EDGE_CURVE('',#2729,#2730,#1270,.T.);
#3364=EDGE_CURVE('',#2730,#2731,#1271,.T.);
#3365=EDGE_CURVE('',#2731,#2732,#1272,.T.);
#3366=EDGE_CURVE('',#2732,#2733,#233,.T.);
#3367=EDGE_CURVE('',#2733,#2734,#1273,.T.);
#3368=EDGE_CURVE('',#2734,#2735,#1274,.T.);
#3369=EDGE_CURVE('',#2735,#2736,#1275,.T.);
#3370=EDGE_CURVE('',#2736,#2737,#1276,.T.);
#3371=EDGE_CURVE('',#2737,#2738,#1277,.T.);
#3372=EDGE_CURVE('',#2738,#2739,#234,.T.);
#3373=EDGE_CURVE('',#2739,#2740,#1278,.T.);
#3374=EDGE_CURVE('',#2740,#2741,#1279,.T.);
#3375=EDGE_CURVE('',#2741,#2742,#1280,.T.);
#3376=EDGE_CURVE('',#2742,#2743,#235,.T.);
#3377=EDGE_CURVE('',#2743,#2744,#1281,.T.);
#3378=EDGE_CURVE('',#2744,#2745,#1282,.T.);
#3379=EDGE_CURVE('',#2745,#2746,#1283,.T.);
#3380=EDGE_CURVE('',#2746,#2747,#1284,.T.);
#3381=EDGE_CURVE('',#2747,#2748,#1285,.T.);
#3382=EDGE_CURVE('',#2748,#2749,#236,.T.);
#3383=EDGE_CURVE('',#2749,#2750,#1286,.T.);
#3384=EDGE_CURVE('',#2750,#2751,#1287,.T.);
#3385=EDGE_CURVE('',#2751,#2752,#1288,.T.);
#3386=EDGE_CURVE('',#2752,#2753,#1289,.T.);
#3387=EDGE_CURVE('',#2753,#2754,#1290,.T.);
#3388=EDGE_CURVE('',#2754,#2755,#237,.T.);
#3389=EDGE_CURVE('',#2755,#2756,#1291,.T.);
#3390=EDGE_CURVE('',#2756,#2757,#1292,.T.);
#3391=EDGE_CURVE('',#2757,#2758,#1293,.T.);
#3392=EDGE_CURVE('',#2758,#2759,#1294,.T.);
#3393=EDGE_CURVE('',#2759,#2760,#1295,.T.);
#3394=EDGE_CURVE('',#2760,#2761,#238,.T.);
#3395=EDGE_CURVE('',#2761,#2762,#1296,.T.);
#3396=EDGE_CURVE('',#2762,#2763,#1297,.T.);
#3397=EDGE_CURVE('',#2763,#2764,#1298,.T.);
#3398=EDGE_CURVE('',#2764,#2765,#239,.T.);
#3399=EDGE_CURVE('',#2765,#2766,#1299,.T.);
#3400=EDGE_CURVE('',#2766,#2767,#1300,.T.);
#3401=EDGE_CURVE('',#2767,#2768,#1301,.T.);
#3402=EDGE_CURVE('',#2768,#2769,#1302,.T.);
#3403=EDGE_CURVE('',#2769,#2770,#1303,.T.);
#3404=EDGE_CURVE('',#2770,#2771,#240,.T.);
#3405=EDGE_CURVE('',#2771,#2772,#1304,.T.);
#3406=EDGE_CURVE('',#2772,#2773,#1305,.T.);
#3407=EDGE_CURVE('',#2773,#2774,#1306,.T.);
#3408=EDGE_CURVE('',#2774,#2775,#1307,.T.);
#3409=EDGE_CURVE('',#2775,#2776,#1308,.T.);
#3410=EDGE_CURVE('',#2776,#2777,#241,.T.);
#3411=EDGE_CURVE('',#2777,#2778,#1309,.T.);
#3412=EDGE_CURVE('',#2778,#2779,#1310,.T.);
#3413=EDGE_CURVE('',#2779,#2780,#1311,.T.);
#3414=EDGE_CURVE('',#2780,#2781,#1312,.T.);
#3415=EDGE_CURVE('',#2781,#2782,#1313,.T.);
#3416=EDGE_CURVE('',#2782,#2783,#242,.T.);
#3417=EDGE_CURVE('',#2783,#2784,#1314,.T.);
#3418=EDGE_CURVE('',#2784,#2785,#1315,.T.);
#3419=EDGE_CURVE('',#2785,#2786,#1316,.T.);
#3420=EDGE_CURVE('',#2786,#2787,#243,.T.);
#3421=EDGE_CURVE('',#2787,#2788,#244,.T.);
#3422=EDGE_CURVE('',#2788,#2789,#1317,.T.);
#3423=EDGE_CURVE('',#2789,#2790,#1318,.T.);
#3424=EDGE_CURVE('',#2790,#2791,#1319,.T.);
#3425=EDGE_CURVE('',#2791,#2640,#1320,.T.);
#3426=EDGE_CURVE('',#2641,#2792,#1321,.T.);
#3427=EDGE_CURVE('',#2792,#2793,#1322,.T.);
#3428=EDGE_CURVE('',#2793,#2794,#1323,.T.);
#3429=EDGE_CURVE('',#2794,#2795,#245,.T.);
#3430=EDGE_CURVE('',#2795,#2796,#1324,.T.);
#3431=EDGE_CURVE('',#2796,#2705,#1325,.T.);
#3432=EDGE_CURVE('',#2636,#2797,#1326,.T.);
#3433=EDGE_CURVE('',#2797,#2798,#1327,.T.);
#3434=EDGE_CURVE('',#2798,#2799,#1328,.T.);
#3435=EDGE_CURVE('',#2799,#2800,#1329,.T.);
#3436=EDGE_CURVE('',#2800,#2801,#1330,.T.);
#3437=EDGE_CURVE('',#2801,#2802,#1331,.T.);
#3438=EDGE_CURVE('',#2802,#2803,#1332,.T.);
#3439=EDGE_CURVE('',#2803,#2804,#1333,.T.);
#3440=EDGE_CURVE('',#2804,#2633,#1334,.T.);
#3441=EDGE_CURVE('',#2805,#2805,#246,.T.);
#3442=EDGE_CURVE('',#2806,#2791,#1335,.T.);
#3443=EDGE_CURVE('',#2806,#2642,#1336,.T.);
#3444=EDGE_CURVE('',#2807,#2634,#1337,.T.);
#3445=EDGE_CURVE('',#2807,#2808,#1338,.T.);
#3446=EDGE_CURVE('',#2809,#2808,#247,.T.);
#3447=EDGE_CURVE('',#2687,#2809,#1339,.T.);
#3448=EDGE_CURVE('',#2806,#2810,#1340,.T.);
#3449=EDGE_CURVE('',#2811,#2810,#248,.T.);
#3450=EDGE_CURVE('',#2811,#2812,#1341,.T.);
#3451=EDGE_CURVE('',#2813,#2812,#249,.T.);
#3452=EDGE_CURVE('',#2814,#2813,#250,.T.);
#3453=EDGE_CURVE('',#2814,#2815,#1342,.T.);
#3454=EDGE_CURVE('',#2816,#2815,#251,.T.);
#3455=EDGE_CURVE('',#2817,#2816,#252,.T.);
#3456=EDGE_CURVE('',#2818,#2817,#1343,.T.);
#3457=EDGE_CURVE('',#2639,#2818,#1344,.T.);
#3458=EDGE_CURVE('',#2819,#2819,#253,.T.);
#3459=EDGE_CURVE('',#2818,#2797,#1345,.T.);
#3460=EDGE_CURVE('',#2807,#2804,#1346,.T.);
#3461=EDGE_CURVE('',#2820,#2821,#1347,.T.);
#3462=EDGE_CURVE('',#2820,#2822,#1348,.T.);
#3463=EDGE_CURVE('',#2822,#2823,#1349,.T.);
#3464=EDGE_CURVE('',#2821,#2823,#1350,.T.);
#3465=EDGE_CURVE('',#2824,#2820,#1351,.T.);
#3466=EDGE_CURVE('',#2824,#2825,#1352,.T.);
#3467=EDGE_CURVE('',#2825,#2822,#1353,.T.);
#3468=EDGE_CURVE('',#2826,#2824,#1354,.T.);
#3469=EDGE_CURVE('',#2826,#2827,#1355,.T.);
#3470=EDGE_CURVE('',#2827,#2825,#1356,.T.);
#3471=EDGE_CURVE('',#2828,#2826,#1357,.T.);
#3472=EDGE_CURVE('',#2828,#2829,#1358,.T.);
#3473=EDGE_CURVE('',#2829,#2827,#1359,.T.);
#3474=EDGE_CURVE('',#2830,#2828,#1360,.T.);
#3475=EDGE_CURVE('',#2830,#2831,#1361,.T.);
#3476=EDGE_CURVE('',#2831,#2829,#1362,.T.);
#3477=EDGE_CURVE('',#2832,#2830,#1363,.T.);
#3478=EDGE_CURVE('',#2832,#2833,#1364,.T.);
#3479=EDGE_CURVE('',#2833,#2831,#1365,.T.);
#3480=EDGE_CURVE('',#2834,#2832,#1366,.T.);
#3481=EDGE_CURVE('',#2834,#2835,#1367,.T.);
#3482=EDGE_CURVE('',#2835,#2833,#1368,.T.);
#3483=EDGE_CURVE('',#2836,#2834,#1369,.T.);
#3484=EDGE_CURVE('',#2836,#2837,#1370,.T.);
#3485=EDGE_CURVE('',#2837,#2835,#1371,.T.);
#3486=EDGE_CURVE('',#2838,#2836,#1372,.T.);
#3487=EDGE_CURVE('',#2838,#2839,#1373,.T.);
#3488=EDGE_CURVE('',#2839,#2837,#1374,.T.);
#3489=EDGE_CURVE('',#2821,#2838,#1375,.T.);
#3490=EDGE_CURVE('',#2823,#2839,#1376,.T.);
#3491=EDGE_CURVE('',#2840,#2841,#1377,.T.);
#3492=EDGE_CURVE('',#2840,#2842,#1378,.T.);
#3493=EDGE_CURVE('',#2842,#2843,#1379,.T.);
#3494=EDGE_CURVE('',#2841,#2843,#1380,.T.);
#3495=EDGE_CURVE('',#2844,#2840,#1381,.T.);
#3496=EDGE_CURVE('',#2844,#2845,#1382,.T.);
#3497=EDGE_CURVE('',#2845,#2842,#1383,.T.);
#3498=EDGE_CURVE('',#2846,#2844,#1384,.T.);
#3499=EDGE_CURVE('',#2846,#2847,#1385,.T.);
#3500=EDGE_CURVE('',#2847,#2845,#1386,.T.);
#3501=EDGE_CURVE('',#2848,#2846,#1387,.T.);
#3502=EDGE_CURVE('',#2848,#2849,#1388,.T.);
#3503=EDGE_CURVE('',#2849,#2847,#1389,.T.);
#3504=EDGE_CURVE('',#2850,#2848,#1390,.T.);
#3505=EDGE_CURVE('',#2850,#2851,#1391,.T.);
#3506=EDGE_CURVE('',#2851,#2849,#1392,.T.);
#3507=EDGE_CURVE('',#2852,#2850,#1393,.T.);
#3508=EDGE_CURVE('',#2852,#2853,#1394,.T.);
#3509=EDGE_CURVE('',#2853,#2851,#1395,.T.);
#3510=EDGE_CURVE('',#2841,#2852,#1396,.T.);
#3511=EDGE_CURVE('',#2843,#2853,#1397,.T.);
#3512=EDGE_CURVE('',#2854,#2855,#1398,.T.);
#3513=EDGE_CURVE('',#2854,#2856,#1399,.T.);
#3514=EDGE_CURVE('',#2856,#2857,#1400,.T.);
#3515=EDGE_CURVE('',#2855,#2857,#1401,.T.);
#3516=EDGE_CURVE('',#2858,#2854,#1402,.T.);
#3517=EDGE_CURVE('',#2858,#2859,#1403,.T.);
#3518=EDGE_CURVE('',#2859,#2856,#1404,.T.);
#3519=EDGE_CURVE('',#2860,#2858,#1405,.T.);
#3520=EDGE_CURVE('',#2860,#2861,#1406,.T.);
#3521=EDGE_CURVE('',#2861,#2859,#1407,.T.);
#3522=EDGE_CURVE('',#2855,#2860,#1408,.T.);
#3523=EDGE_CURVE('',#2857,#2861,#1409,.T.);
#3524=EDGE_CURVE('',#2602,#2862,#1410,.T.);
#3525=EDGE_CURVE('',#2862,#2862,#254,.T.);
#3526=EDGE_CURVE('',#2601,#2863,#1411,.T.);
#3527=EDGE_CURVE('',#2863,#2863,#255,.T.);
#3528=EDGE_CURVE('',#2864,#2864,#256,.T.);
#3529=EDGE_CURVE('',#2864,#2674,#1412,.T.);
#3530=EDGE_CURVE('',#2865,#2865,#257,.T.);
#3531=EDGE_CURVE('',#2645,#2599,#1413,.T.);
#3532=EDGE_CURVE('',#2646,#2598,#1414,.T.);
#3533=EDGE_CURVE('',#2647,#2596,#1415,.T.);
#3534=EDGE_CURVE('',#2648,#2595,#1416,.T.);
#3535=EDGE_CURVE('',#2650,#2594,#1417,.T.);
#3536=EDGE_CURVE('',#2651,#2593,#1418,.T.);
#3537=EDGE_CURVE('',#2653,#2592,#1419,.T.);
#3538=EDGE_CURVE('',#2654,#2591,#1420,.T.);
#3539=EDGE_CURVE('',#2656,#2590,#1421,.T.);
#3540=EDGE_CURVE('',#2657,#2589,#1422,.T.);
#3541=EDGE_CURVE('',#2659,#2588,#1423,.T.);
#3542=EDGE_CURVE('',#2660,#2587,#1424,.T.);
#3543=EDGE_CURVE('',#2662,#2586,#1425,.T.);
#3544=EDGE_CURVE('',#2663,#2585,#1426,.T.);
#3545=EDGE_CURVE('',#2665,#2584,#1427,.T.);
#3546=EDGE_CURVE('',#2666,#2583,#1428,.T.);
#3547=EDGE_CURVE('',#2668,#2582,#1429,.T.);
#3548=EDGE_CURVE('',#2669,#2581,#1430,.T.);
#3549=EDGE_CURVE('',#2671,#2580,#1431,.T.);
#3550=EDGE_CURVE('',#2672,#2579,#1432,.T.);
#3551=EDGE_CURVE('',#2673,#2577,#1433,.T.);
#3552=EDGE_CURVE('',#2644,#2576,#1434,.T.);
#3553=EDGE_CURVE('',#2866,#2705,#1435,.T.);
#3554=EDGE_CURVE('',#2867,#2866,#1436,.T.);
#3555=EDGE_CURVE('',#2792,#2867,#1437,.T.);
#3556=EDGE_CURVE('',#2868,#2868,#258,.T.);
#3557=EDGE_CURVE('',#2868,#2675,#1438,.T.);
#3558=EDGE_CURVE('',#2869,#2869,#259,.T.);
#3559=EDGE_CURVE('',#2870,#2870,#260,.T.);
#3560=EDGE_CURVE('',#2870,#2676,#1439,.T.);
#3561=EDGE_CURVE('',#2871,#2871,#261,.T.);
#3562=EDGE_CURVE('',#2872,#2872,#262,.T.);
#3563=EDGE_CURVE('',#2872,#2677,#1440,.T.);
#3564=EDGE_CURVE('',#2873,#2873,#263,.T.);
#3565=EDGE_CURVE('',#2874,#2874,#264,.T.);
#3566=EDGE_CURVE('',#2874,#2678,#1441,.T.);
#3567=EDGE_CURVE('',#2875,#2875,#265,.T.);
#3568=EDGE_CURVE('',#2876,#2877,#266,.T.);
#3569=EDGE_CURVE('',#2877,#2795,#1442,.T.);
#3570=EDGE_CURVE('',#2876,#2794,#1443,.T.);
#3571=EDGE_CURVE('',#2878,#2878,#267,.T.);
#3572=EDGE_CURVE('',#2878,#2879,#1444,.T.);
#3573=EDGE_CURVE('',#2879,#2879,#268,.T.);
#3574=EDGE_CURVE('',#2880,#2880,#269,.T.);
#3575=EDGE_CURVE('',#2880,#2881,#1445,.T.);
#3576=EDGE_CURVE('',#2881,#2881,#270,.T.);
#3577=EDGE_CURVE('',#2882,#2882,#271,.T.);
#3578=EDGE_CURVE('',#2882,#2883,#1446,.T.);
#3579=EDGE_CURVE('',#2883,#2883,#272,.T.);
#3580=EDGE_CURVE('',#2884,#2884,#273,.T.);
#3581=EDGE_CURVE('',#2884,#2885,#1447,.T.);
#3582=EDGE_CURVE('',#2885,#2885,#274,.T.);
#3583=EDGE_CURVE('',#2886,#2886,#275,.T.);
#3584=EDGE_CURVE('',#2886,#2887,#1448,.T.);
#3585=EDGE_CURVE('',#2887,#2887,#276,.T.);
#3586=EDGE_CURVE('',#2888,#2888,#277,.T.);
#3587=EDGE_CURVE('',#2888,#2889,#1449,.T.);
#3588=EDGE_CURVE('',#2889,#2889,#278,.T.);
#3589=EDGE_CURVE('',#2557,#2890,#1450,.T.);
#3590=EDGE_CURVE('',#2890,#2890,#279,.T.);
#3591=EDGE_CURVE('',#2558,#2891,#1451,.T.);
#3592=EDGE_CURVE('',#2891,#2891,#280,.T.);
#3593=EDGE_CURVE('',#2609,#2892,#1452,.T.);
#3594=EDGE_CURVE('',#2892,#2892,#281,.T.);
#3595=EDGE_CURVE('',#2610,#2893,#1453,.T.);
#3596=EDGE_CURVE('',#2893,#2893,#282,.T.);
#3597=EDGE_CURVE('',#2623,#2894,#1454,.T.);
#3598=EDGE_CURVE('',#2894,#2894,#283,.T.);
#3599=EDGE_CURVE('',#2624,#2895,#1455,.T.);
#3600=EDGE_CURVE('',#2895,#2895,#284,.T.);
#3601=EDGE_CURVE('',#2686,#2896,#1456,.T.);
#3602=EDGE_CURVE('',#2896,#2896,#285,.T.);
#3603=EDGE_CURVE('',#2897,#2897,#286,.T.);
#3604=EDGE_CURVE('',#2897,#2896,#1457,.T.);
#3605=EDGE_CURVE('',#2679,#2898,#1458,.T.);
#3606=EDGE_CURVE('',#2898,#2898,#287,.T.);
#3607=EDGE_CURVE('',#2899,#2899,#288,.T.);
#3608=EDGE_CURVE('',#2899,#2898,#1459,.T.);
#3609=EDGE_CURVE('',#2685,#2900,#1460,.T.);
#3610=EDGE_CURVE('',#2900,#2900,#289,.T.);
#3611=EDGE_CURVE('',#2901,#2901,#290,.T.);
#3612=EDGE_CURVE('',#2901,#2900,#1461,.T.);
#3613=EDGE_CURVE('',#2680,#2902,#1462,.T.);
#3614=EDGE_CURVE('',#2902,#2902,#291,.T.);
#3615=EDGE_CURVE('',#2903,#2903,#292,.T.);
#3616=EDGE_CURVE('',#2903,#2902,#1463,.T.);
#3617=EDGE_CURVE('',#2904,#2689,#1464,.T.);
#3618=EDGE_CURVE('',#2690,#2905,#1465,.T.);
#3619=EDGE_CURVE('',#2905,#2904,#1466,.T.);
#3620=EDGE_CURVE('',#2906,#2691,#1467,.T.);
#3621=EDGE_CURVE('',#2904,#2906,#293,.T.);
#3622=EDGE_CURVE('',#2907,#2692,#1468,.T.);
#3623=EDGE_CURVE('',#2906,#2907,#1469,.T.);
#3624=EDGE_CURVE('',#2908,#2693,#1470,.T.);
#3625=EDGE_CURVE('',#2907,#2908,#294,.T.);
#3626=EDGE_CURVE('',#2909,#2694,#1471,.T.);
#3627=EDGE_CURVE('',#2908,#2909,#1472,.T.);
#3628=EDGE_CURVE('',#2910,#2695,#1473,.T.);
#3629=EDGE_CURVE('',#2909,#2910,#295,.T.);
#3630=EDGE_CURVE('',#2911,#2696,#1474,.T.);
#3631=EDGE_CURVE('',#2910,#2911,#1475,.T.);
#3632=EDGE_CURVE('',#2911,#2905,#296,.T.);
#3633=EDGE_CURVE('',#2907,#2912,#1476,.T.);
#3634=EDGE_CURVE('',#2912,#2913,#297,.T.);
#3635=EDGE_CURVE('',#2908,#2913,#1477,.T.);
#3636=EDGE_CURVE('',#2906,#2914,#1478,.T.);
#3637=EDGE_CURVE('',#2914,#2912,#1479,.T.);
#3638=EDGE_CURVE('',#2904,#2915,#1480,.T.);
#3639=EDGE_CURVE('',#2915,#2914,#298,.T.);
#3640=EDGE_CURVE('',#2905,#2916,#1481,.T.);
#3641=EDGE_CURVE('',#2916,#2915,#1482,.T.);
#3642=EDGE_CURVE('',#2697,#2917,#1483,.T.);
#3643=EDGE_CURVE('',#2917,#2917,#299,.T.);
#3644=EDGE_CURVE('',#2698,#2918,#1484,.T.);
#3645=EDGE_CURVE('',#2918,#2918,#300,.T.);
#3646=EDGE_CURVE('',#2699,#2919,#1485,.T.);
#3647=EDGE_CURVE('',#2919,#2919,#301,.T.);
#3648=EDGE_CURVE('',#2700,#2920,#1486,.T.);
#3649=EDGE_CURVE('',#2920,#2920,#302,.T.);
#3650=EDGE_CURVE('',#2701,#2921,#1487,.T.);
#3651=EDGE_CURVE('',#2921,#2921,#303,.T.);
#3652=EDGE_CURVE('',#2702,#2922,#1488,.T.);
#3653=EDGE_CURVE('',#2922,#2922,#304,.T.);
#3654=EDGE_CURVE('',#2703,#2923,#1489,.T.);
#3655=EDGE_CURVE('',#2923,#2923,#305,.T.);
#3656=EDGE_CURVE('',#2704,#2924,#1490,.T.);
#3657=EDGE_CURVE('',#2924,#2924,#306,.T.);
#3658=EDGE_CURVE('',#2911,#2925,#1491,.T.);
#3659=EDGE_CURVE('',#2925,#2916,#307,.T.);
#3660=EDGE_CURVE('',#2910,#2926,#1492,.T.);
#3661=EDGE_CURVE('',#2926,#2925,#1493,.T.);
#3662=EDGE_CURVE('',#2909,#2927,#1494,.T.);
#3663=EDGE_CURVE('',#2927,#2926,#308,.T.);
#3664=EDGE_CURVE('',#2913,#2927,#1495,.T.);
#3665=EDGE_CURVE('',#2566,#2928,#1496,.T.);
#3666=EDGE_CURVE('',#2616,#2565,#1497,.T.);
#3667=EDGE_CURVE('',#2627,#2615,#1498,.T.);
#3668=EDGE_CURVE('',#2929,#2626,#1499,.T.);
#3669=EDGE_CURVE('',#2928,#2929,#309,.T.);
#3670=EDGE_CURVE('',#2928,#2560,#1500,.T.);
#3671=EDGE_CURVE('',#2929,#2567,#1501,.T.);
#3672=EDGE_CURVE('',#2930,#2930,#310,.T.);
#3673=EDGE_CURVE('',#2930,#2899,#1502,.T.);
#3674=EDGE_CURVE('',#2931,#2932,#1503,.T.);
#3675=EDGE_CURVE('',#2933,#2932,#311,.T.);
#3676=EDGE_CURVE('',#2934,#2933,#312,.T.);
#3677=EDGE_CURVE('',#2934,#2935,#1504,.T.);
#3678=EDGE_CURVE('',#2936,#2935,#313,.T.);
#3679=EDGE_CURVE('',#2937,#2936,#314,.T.);
#3680=EDGE_CURVE('',#2937,#2938,#1505,.T.);
#3681=EDGE_CURVE('',#2939,#2938,#315,.T.);
#3682=EDGE_CURVE('',#2939,#2940,#1506,.T.);
#3683=EDGE_CURVE('',#2931,#2940,#316,.T.);
#3684=EDGE_CURVE('',#2941,#2941,#317,.T.);
#3685=EDGE_CURVE('',#2941,#2901,#1507,.T.);
#3686=EDGE_CURVE('',#2942,#2943,#1508,.T.);
#3687=EDGE_CURVE('',#2944,#2943,#318,.T.);
#3688=EDGE_CURVE('',#2944,#2945,#1509,.T.);
#3689=EDGE_CURVE('',#2946,#2945,#319,.T.);
#3690=EDGE_CURVE('',#2947,#2946,#320,.T.);
#3691=EDGE_CURVE('',#2947,#2948,#1510,.T.);
#3692=EDGE_CURVE('',#2949,#2948,#321,.T.);
#3693=EDGE_CURVE('',#2950,#2949,#322,.T.);
#3694=EDGE_CURVE('',#2950,#2951,#1511,.T.);
#3695=EDGE_CURVE('',#2942,#2951,#323,.T.);
#3696=EDGE_CURVE('',#2952,#2952,#324,.T.);
#3697=EDGE_CURVE('',#2952,#2903,#1512,.T.);
#3698=EDGE_CURVE('',#2953,#2954,#1513,.T.);
#3699=EDGE_CURVE('',#2955,#2954,#325,.T.);
#3700=EDGE_CURVE('',#2955,#2956,#1514,.T.);
#3701=EDGE_CURVE('',#2957,#2956,#326,.T.);
#3702=EDGE_CURVE('',#2958,#2957,#327,.T.);
#3703=EDGE_CURVE('',#2958,#2959,#1515,.T.);
#3704=EDGE_CURVE('',#2960,#2959,#328,.T.);
#3705=EDGE_CURVE('',#2961,#2960,#329,.T.);
#3706=EDGE_CURVE('',#2961,#2962,#1516,.T.);
#3707=EDGE_CURVE('',#2953,#2962,#330,.T.);
#3708=EDGE_CURVE('',#2819,#2897,#1517,.T.);
#3709=EDGE_CURVE('',#2963,#2866,#1518,.T.);
#3710=EDGE_CURVE('',#2877,#2963,#1519,.T.);
#3711=EDGE_CURVE('',#2964,#2876,#1520,.T.);
#3712=EDGE_CURVE('',#2867,#2964,#1521,.T.);
#3713=EDGE_CURVE('',#2805,#2873,#1522,.T.);
#3714=EDGE_CURVE('',#2965,#2965,#331,.T.);
#3715=EDGE_CURVE('',#2965,#2865,#1523,.T.);
#3716=EDGE_CURVE('',#2966,#2966,#332,.T.);
#3717=EDGE_CURVE('',#2966,#2871,#1524,.T.);
#3718=EDGE_CURVE('',#2967,#2967,#333,.T.);
#3719=EDGE_CURVE('',#2967,#2875,#1525,.T.);
#3720=EDGE_CURVE('',#2968,#2968,#334,.T.);
#3721=EDGE_CURVE('',#2968,#2869,#1526,.T.);
#3722=EDGE_CURVE('',#2969,#2953,#335,.T.);
#3723=EDGE_CURVE('',#2970,#2969,#1527,.T.);
#3724=EDGE_CURVE('',#2971,#2970,#1528,.T.);
#3725=EDGE_CURVE('',#2953,#2971,#1529,.T.);
#3726=EDGE_CURVE('',#2815,#2972,#336,.T.);
#3727=EDGE_CURVE('',#2973,#2815,#1530,.T.);
#3728=EDGE_CURVE('',#2974,#2973,#1531,.T.);
#3729=EDGE_CURVE('',#2972,#2974,#1532,.T.);
#3730=EDGE_CURVE('',#2975,#2814,#337,.T.);
#3731=EDGE_CURVE('',#2976,#2975,#1533,.T.);
#3732=EDGE_CURVE('',#2977,#2976,#1534,.T.);
#3733=EDGE_CURVE('',#2814,#2977,#1535,.T.);
#3734=EDGE_CURVE('',#2954,#2978,#338,.T.);
#3735=EDGE_CURVE('',#2979,#2954,#1536,.T.);
#3736=EDGE_CURVE('',#2980,#2979,#1537,.T.);
#3737=EDGE_CURVE('',#2978,#2980,#1538,.T.);
#3738=EDGE_CURVE('',#2970,#2981,#1539,.T.);
#3739=EDGE_CURVE('',#2982,#2981,#1540,.T.);
#3740=EDGE_CURVE('',#2971,#2982,#1541,.T.);
#3741=EDGE_CURVE('',#2983,#2982,#1542,.T.);
#3742=EDGE_CURVE('',#2979,#2983,#1543,.T.);
#3743=EDGE_CURVE('',#2984,#2983,#1544,.T.);
#3744=EDGE_CURVE('',#2980,#2984,#1545,.T.);
#3745=EDGE_CURVE('',#2978,#2975,#1546,.T.);
#3746=EDGE_CURVE('',#2985,#2984,#1547,.T.);
#3747=EDGE_CURVE('',#2976,#2985,#1548,.T.);
#3748=EDGE_CURVE('',#2986,#2985,#1549,.T.);
#3749=EDGE_CURVE('',#2977,#2986,#1550,.T.);
#3750=EDGE_CURVE('',#2987,#2986,#1551,.T.);
#3751=EDGE_CURVE('',#2973,#2987,#1552,.T.);
#3752=EDGE_CURVE('',#2988,#2987,#1553,.T.);
#3753=EDGE_CURVE('',#2974,#2988,#1554,.T.);
#3754=EDGE_CURVE('',#2972,#2969,#1555,.T.);
#3755=EDGE_CURVE('',#2981,#2988,#1556,.T.);
#3756=EDGE_CURVE('',#2932,#2989,#339,.T.);
#3757=EDGE_CURVE('',#2990,#2932,#1557,.T.);
#3758=EDGE_CURVE('',#2991,#2990,#1558,.T.);
#3759=EDGE_CURVE('',#2989,#2991,#1559,.T.);
#3760=EDGE_CURVE('',#2808,#2931,#340,.T.);
#3761=EDGE_CURVE('',#2992,#2808,#1560,.T.);
#3762=EDGE_CURVE('',#2993,#2992,#1561,.T.);
#3763=EDGE_CURVE('',#2931,#2993,#1562,.T.);
#3764=EDGE_CURVE('',#2994,#2817,#341,.T.);
#3765=EDGE_CURVE('',#2995,#2994,#1563,.T.);
#3766=EDGE_CURVE('',#2996,#2995,#1564,.T.);
#3767=EDGE_CURVE('',#2817,#2996,#1565,.T.);
#3768=EDGE_CURVE('',#2990,#2801,#1566,.T.);
#3769=EDGE_CURVE('',#2991,#2800,#1567,.T.);
#3770=EDGE_CURVE('',#2989,#2994,#1568,.T.);
#3771=EDGE_CURVE('',#2995,#2799,#1569,.T.);
#3772=EDGE_CURVE('',#2996,#2798,#1570,.T.);
#3773=EDGE_CURVE('',#2992,#2803,#1571,.T.);
#3774=EDGE_CURVE('',#2993,#2802,#1572,.T.);
#3775=EDGE_CURVE('',#2997,#2942,#342,.T.);
#3776=EDGE_CURVE('',#2998,#2997,#1573,.T.);
#3777=EDGE_CURVE('',#2999,#2998,#1574,.T.);
#3778=EDGE_CURVE('',#2942,#2999,#1575,.T.);
#3779=EDGE_CURVE('',#2935,#3000,#343,.T.);
#3780=EDGE_CURVE('',#3001,#2935,#1576,.T.);
#3781=EDGE_CURVE('',#3002,#3001,#1577,.T.);
#3782=EDGE_CURVE('',#3000,#3002,#1578,.T.);
#3783=EDGE_CURVE('',#3003,#2934,#344,.T.);
#3784=EDGE_CURVE('',#3004,#3003,#1579,.T.);
#3785=EDGE_CURVE('',#3005,#3004,#1580,.T.);
#3786=EDGE_CURVE('',#2934,#3005,#1581,.T.);
#3787=EDGE_CURVE('',#2943,#3006,#345,.T.);
#3788=EDGE_CURVE('',#3007,#2943,#1582,.T.);
#3789=EDGE_CURVE('',#3008,#3007,#1583,.T.);
#3790=EDGE_CURVE('',#3006,#3008,#1584,.T.);
#3791=EDGE_CURVE('',#2998,#3009,#1585,.T.);
#3792=EDGE_CURVE('',#3010,#3009,#1586,.T.);
#3793=EDGE_CURVE('',#2999,#3010,#1587,.T.);
#3794=EDGE_CURVE('',#3011,#3010,#1588,.T.);
#3795=EDGE_CURVE('',#3007,#3011,#1589,.T.);
#3796=EDGE_CURVE('',#3012,#3011,#1590,.T.);
#3797=EDGE_CURVE('',#3008,#3012,#1591,.T.);
#3798=EDGE_CURVE('',#3006,#3003,#1592,.T.);
#3799=EDGE_CURVE('',#3013,#3012,#1593,.T.);
#3800=EDGE_CURVE('',#3004,#3013,#1594,.T.);
#3801=EDGE_CURVE('',#3014,#3013,#1595,.T.);
#3802=EDGE_CURVE('',#3005,#3014,#1596,.T.);
#3803=EDGE_CURVE('',#3015,#3014,#1597,.T.);
#3804=EDGE_CURVE('',#3001,#3015,#1598,.T.);
#3805=EDGE_CURVE('',#3016,#3015,#1599,.T.);
#3806=EDGE_CURVE('',#3002,#3016,#1600,.T.);
#3807=EDGE_CURVE('',#3000,#2997,#1601,.T.);
#3808=EDGE_CURVE('',#3009,#3016,#1602,.T.);
#3809=EDGE_CURVE('',#3017,#3018,#346,.T.);
#3810=EDGE_CURVE('',#3019,#3017,#1603,.T.);
#3811=EDGE_CURVE('',#3020,#3019,#1604,.T.);
#3812=EDGE_CURVE('',#3018,#3020,#1605,.T.);
#3813=EDGE_CURVE('',#3021,#3022,#347,.T.);
#3814=EDGE_CURVE('',#3023,#3021,#1606,.T.);
#3815=EDGE_CURVE('',#3024,#3023,#1607,.T.);
#3816=EDGE_CURVE('',#3022,#3024,#1608,.T.);
#3817=EDGE_CURVE('',#3025,#3026,#348,.T.);
#3818=EDGE_CURVE('',#3027,#3025,#1609,.T.);
#3819=EDGE_CURVE('',#3028,#3027,#1610,.T.);
#3820=EDGE_CURVE('',#3026,#3028,#1611,.T.);
#3821=EDGE_CURVE('',#3029,#3030,#349,.T.);
#3822=EDGE_CURVE('',#3031,#3029,#1612,.T.);
#3823=EDGE_CURVE('',#3032,#3031,#1613,.T.);
#3824=EDGE_CURVE('',#3030,#3032,#1614,.T.);
#3825=EDGE_CURVE('',#3019,#3033,#1615,.T.);
#3826=EDGE_CURVE('',#3034,#3033,#1616,.T.);
#3827=EDGE_CURVE('',#3020,#3034,#1617,.T.);
#3828=EDGE_CURVE('',#3018,#3029,#1618,.T.);
#3829=EDGE_CURVE('',#3035,#3034,#1619,.T.);
#3830=EDGE_CURVE('',#3031,#3035,#1620,.T.);
#3831=EDGE_CURVE('',#3036,#3035,#1621,.T.);
#3832=EDGE_CURVE('',#3032,#3036,#1622,.T.);
#3833=EDGE_CURVE('',#3030,#3025,#1623,.T.);
#3834=EDGE_CURVE('',#3037,#3036,#1624,.T.);
#3835=EDGE_CURVE('',#3027,#3037,#1625,.T.);
#3836=EDGE_CURVE('',#3038,#3037,#1626,.T.);
#3837=EDGE_CURVE('',#3028,#3038,#1627,.T.);
#3838=EDGE_CURVE('',#3026,#3021,#1628,.T.);
#3839=EDGE_CURVE('',#3039,#3038,#1629,.T.);
#3840=EDGE_CURVE('',#3023,#3039,#1630,.T.);
#3841=EDGE_CURVE('',#3040,#3039,#1631,.T.);
#3842=EDGE_CURVE('',#3024,#3040,#1632,.T.);
#3843=EDGE_CURVE('',#3022,#3017,#1633,.T.);
#3844=EDGE_CURVE('',#3033,#3040,#1634,.T.);
#3845=EDGE_CURVE('',#3041,#3042,#350,.T.);
#3846=EDGE_CURVE('',#3043,#3041,#1635,.T.);
#3847=EDGE_CURVE('',#3044,#3043,#1636,.T.);
#3848=EDGE_CURVE('',#3042,#3044,#1637,.T.);
#3849=EDGE_CURVE('',#3045,#3046,#351,.T.);
#3850=EDGE_CURVE('',#3047,#3045,#1638,.T.);
#3851=EDGE_CURVE('',#3048,#3047,#1639,.T.);
#3852=EDGE_CURVE('',#3046,#3048,#1640,.T.);
#3853=EDGE_CURVE('',#2812,#3049,#352,.T.);
#3854=EDGE_CURVE('',#3050,#2812,#1641,.T.);
#3855=EDGE_CURVE('',#3051,#3050,#1642,.T.);
#3856=EDGE_CURVE('',#3049,#3051,#1643,.T.);
#3857=EDGE_CURVE('',#3052,#2811,#353,.T.);
#3858=EDGE_CURVE('',#3053,#3052,#1644,.T.);
#3859=EDGE_CURVE('',#3054,#3053,#1645,.T.);
#3860=EDGE_CURVE('',#2811,#3054,#1646,.T.);
#3861=EDGE_CURVE('',#3055,#3056,#354,.T.);
#3862=EDGE_CURVE('',#3057,#3055,#1647,.T.);
#3863=EDGE_CURVE('',#3058,#3057,#1648,.T.);
#3864=EDGE_CURVE('',#3056,#3058,#1649,.T.);
#3865=EDGE_CURVE('',#2810,#3059,#355,.T.);
#3866=EDGE_CURVE('',#3060,#2810,#1650,.T.);
#3867=EDGE_CURVE('',#3061,#3060,#1651,.T.);
#3868=EDGE_CURVE('',#3059,#3061,#1652,.T.);
#3869=EDGE_CURVE('',#3062,#2809,#356,.T.);
#3870=EDGE_CURVE('',#3063,#3062,#1653,.T.);
#3871=EDGE_CURVE('',#3064,#3063,#1654,.T.);
#3872=EDGE_CURVE('',#2809,#3064,#1655,.T.);
#3873=EDGE_CURVE('',#2940,#3065,#357,.T.);
#3874=EDGE_CURVE('',#3066,#2940,#1656,.T.);
#3875=EDGE_CURVE('',#3067,#3066,#1657,.T.);
#3876=EDGE_CURVE('',#3065,#3067,#1658,.T.);
#3877=EDGE_CURVE('',#3068,#2939,#358,.T.);
#3878=EDGE_CURVE('',#3069,#3068,#1659,.T.);
#3879=EDGE_CURVE('',#3070,#3069,#1660,.T.);
#3880=EDGE_CURVE('',#2939,#3070,#1661,.T.);
#3881=EDGE_CURVE('',#3071,#3072,#359,.T.);
#3882=EDGE_CURVE('',#3073,#3071,#1662,.T.);
#3883=EDGE_CURVE('',#3074,#3073,#1663,.T.);
#3884=EDGE_CURVE('',#3072,#3074,#1664,.T.);
#3885=EDGE_CURVE('',#2938,#3075,#360,.T.);
#3886=EDGE_CURVE('',#3076,#2938,#1665,.T.);
#3887=EDGE_CURVE('',#3077,#3076,#1666,.T.);
#3888=EDGE_CURVE('',#3075,#3077,#1667,.T.);
#3889=EDGE_CURVE('',#3078,#2937,#361,.T.);
#3890=EDGE_CURVE('',#3079,#3078,#1668,.T.);
#3891=EDGE_CURVE('',#3080,#3079,#1669,.T.);
#3892=EDGE_CURVE('',#2937,#3080,#1670,.T.);
#3893=EDGE_CURVE('',#3081,#3082,#362,.T.);
#3894=EDGE_CURVE('',#3083,#3081,#1671,.T.);
#3895=EDGE_CURVE('',#3084,#3083,#1672,.T.);
#3896=EDGE_CURVE('',#3082,#3084,#1673,.T.);
#3897=EDGE_CURVE('',#3085,#3086,#363,.T.);
#3898=EDGE_CURVE('',#3087,#3085,#1674,.T.);
#3899=EDGE_CURVE('',#3088,#3087,#1675,.T.);
#3900=EDGE_CURVE('',#3086,#3088,#1676,.T.);
#3901=EDGE_CURVE('',#2951,#3089,#364,.T.);
#3902=EDGE_CURVE('',#3090,#2951,#1677,.T.);
#3903=EDGE_CURVE('',#3091,#3090,#1678,.T.);
#3904=EDGE_CURVE('',#3089,#3091,#1679,.T.);
#3905=EDGE_CURVE('',#3092,#2950,#365,.T.);
#3906=EDGE_CURVE('',#3093,#3092,#1680,.T.);
#3907=EDGE_CURVE('',#3094,#3093,#1681,.T.);
#3908=EDGE_CURVE('',#2950,#3094,#1682,.T.);
#3909=EDGE_CURVE('',#3095,#3096,#366,.T.);
#3910=EDGE_CURVE('',#3097,#3095,#1683,.T.);
#3911=EDGE_CURVE('',#3098,#3097,#1684,.T.);
#3912=EDGE_CURVE('',#3096,#3098,#1685,.T.);
#3913=EDGE_CURVE('',#2948,#3099,#367,.T.);
#3914=EDGE_CURVE('',#3100,#2948,#1686,.T.);
#3915=EDGE_CURVE('',#3101,#3100,#1687,.T.);
#3916=EDGE_CURVE('',#3099,#3101,#1688,.T.);
#3917=EDGE_CURVE('',#3102,#2947,#368,.T.);
#3918=EDGE_CURVE('',#3103,#3102,#1689,.T.);
#3919=EDGE_CURVE('',#3104,#3103,#1690,.T.);
#3920=EDGE_CURVE('',#2947,#3104,#1691,.T.);
#3921=EDGE_CURVE('',#3105,#3106,#369,.T.);
#3922=EDGE_CURVE('',#3107,#3105,#1692,.T.);
#3923=EDGE_CURVE('',#3108,#3107,#1693,.T.);
#3924=EDGE_CURVE('',#3106,#3108,#1694,.T.);
#3925=EDGE_CURVE('',#3109,#3110,#370,.T.);
#3926=EDGE_CURVE('',#3111,#3109,#1695,.T.);
#3927=EDGE_CURVE('',#3112,#3111,#1696,.T.);
#3928=EDGE_CURVE('',#3110,#3112,#1697,.T.);
#3929=EDGE_CURVE('',#2959,#3113,#371,.T.);
#3930=EDGE_CURVE('',#3114,#2959,#1698,.T.);
#3931=EDGE_CURVE('',#3115,#3114,#1699,.T.);
#3932=EDGE_CURVE('',#3113,#3115,#1700,.T.);
#3933=EDGE_CURVE('',#3116,#2958,#372,.T.);
#3934=EDGE_CURVE('',#3117,#3116,#1701,.T.);
#3935=EDGE_CURVE('',#3118,#3117,#1702,.T.);
#3936=EDGE_CURVE('',#2958,#3118,#1703,.T.);
#3937=EDGE_CURVE('',#3119,#3120,#373,.T.);
#3938=EDGE_CURVE('',#3121,#3119,#1704,.T.);
#3939=EDGE_CURVE('',#3122,#3121,#1705,.T.);
#3940=EDGE_CURVE('',#3120,#3122,#1706,.T.);
#3941=EDGE_CURVE('',#2956,#3123,#374,.T.);
#3942=EDGE_CURVE('',#3124,#2956,#1707,.T.);
#3943=EDGE_CURVE('',#3125,#3124,#1708,.T.);
#3944=EDGE_CURVE('',#3123,#3125,#1709,.T.);
#3945=EDGE_CURVE('',#3126,#2955,#375,.T.);
#3946=EDGE_CURVE('',#3127,#3126,#1710,.T.);
#3947=EDGE_CURVE('',#3128,#3127,#1711,.T.);
#3948=EDGE_CURVE('',#2955,#3128,#1712,.T.);
#3949=EDGE_CURVE('',#3068,#2715,#1713,.T.);
#3950=EDGE_CURVE('',#3069,#2714,#1714,.T.);
#3951=EDGE_CURVE('',#3070,#2713,#1715,.T.);
#3952=EDGE_CURVE('',#3066,#2712,#1716,.T.);
#3953=EDGE_CURVE('',#3067,#2711,#1717,.T.);
#3954=EDGE_CURVE('',#3065,#2710,#1718,.T.);
#3955=EDGE_CURVE('',#3062,#2708,#1719,.T.);
#3956=EDGE_CURVE('',#3063,#2707,#1720,.T.);
#3957=EDGE_CURVE('',#3064,#2706,#1721,.T.);
#3958=EDGE_CURVE('',#2963,#2796,#1722,.T.);
#3959=EDGE_CURVE('',#2964,#2793,#1723,.T.);
#3960=EDGE_CURVE('',#3060,#2790,#1724,.T.);
#3961=EDGE_CURVE('',#3061,#2789,#1725,.T.);
#3962=EDGE_CURVE('',#3059,#2788,#1726,.T.);
#3963=EDGE_CURVE('',#3055,#2786,#1727,.T.);
#3964=EDGE_CURVE('',#3057,#2785,#1728,.T.);
#3965=EDGE_CURVE('',#3058,#2784,#1729,.T.);
#3966=EDGE_CURVE('',#3056,#2783,#1730,.T.);
#3967=EDGE_CURVE('',#3052,#2782,#1731,.T.);
#3968=EDGE_CURVE('',#3053,#2781,#1732,.T.);
#3969=EDGE_CURVE('',#3054,#2780,#1733,.T.);
#3970=EDGE_CURVE('',#3050,#2779,#1734,.T.);
#3971=EDGE_CURVE('',#3051,#2778,#1735,.T.);
#3972=EDGE_CURVE('',#3049,#2777,#1736,.T.);
#3973=EDGE_CURVE('',#3045,#2776,#1737,.T.);
#3974=EDGE_CURVE('',#3047,#2775,#1738,.T.);
#3975=EDGE_CURVE('',#3048,#2774,#1739,.T.);
#3976=EDGE_CURVE('',#3046,#3041,#1740,.T.);
#3977=EDGE_CURVE('',#3043,#2773,#1741,.T.);
#3978=EDGE_CURVE('',#3044,#2772,#1742,.T.);
#3979=EDGE_CURVE('',#3042,#2771,#1743,.T.);
#3980=EDGE_CURVE('',#3126,#2770,#1744,.T.);
#3981=EDGE_CURVE('',#3127,#2769,#1745,.T.);
#3982=EDGE_CURVE('',#3128,#2768,#1746,.T.);
#3983=EDGE_CURVE('',#3124,#2767,#1747,.T.);
#3984=EDGE_CURVE('',#3125,#2766,#1748,.T.);
#3985=EDGE_CURVE('',#3123,#2765,#1749,.T.);
#3986=EDGE_CURVE('',#3119,#2764,#1750,.T.);
#3987=EDGE_CURVE('',#3121,#2763,#1751,.T.);
#3988=EDGE_CURVE('',#3122,#2762,#1752,.T.);
#3989=EDGE_CURVE('',#3120,#2761,#1753,.T.);
#3990=EDGE_CURVE('',#3116,#2760,#1754,.T.);
#3991=EDGE_CURVE('',#3117,#2759,#1755,.T.);
#3992=EDGE_CURVE('',#3118,#2758,#1756,.T.);
#3993=EDGE_CURVE('',#3114,#2757,#1757,.T.);
#3994=EDGE_CURVE('',#3115,#2756,#1758,.T.);
#3995=EDGE_CURVE('',#3113,#2755,#1759,.T.);
#3996=EDGE_CURVE('',#3109,#2754,#1760,.T.);
#3997=EDGE_CURVE('',#3111,#2753,#1761,.T.);
#3998=EDGE_CURVE('',#3112,#2752,#1762,.T.);
#3999=EDGE_CURVE('',#3110,#3105,#1763,.T.);
#4000=EDGE_CURVE('',#3107,#2751,#1764,.T.);
#4001=EDGE_CURVE('',#3108,#2750,#1765,.T.);
#4002=EDGE_CURVE('',#3106,#2749,#1766,.T.);
#4003=EDGE_CURVE('',#3102,#2748,#1767,.T.);
#4004=EDGE_CURVE('',#3103,#2747,#1768,.T.);
#4005=EDGE_CURVE('',#3104,#2746,#1769,.T.);
#4006=EDGE_CURVE('',#3100,#2745,#1770,.T.);
#4007=EDGE_CURVE('',#3101,#2744,#1771,.T.);
#4008=EDGE_CURVE('',#3099,#2743,#1772,.T.);
#4009=EDGE_CURVE('',#3095,#2742,#1773,.T.);
#4010=EDGE_CURVE('',#3097,#2741,#1774,.T.);
#4011=EDGE_CURVE('',#3098,#2740,#1775,.T.);
#4012=EDGE_CURVE('',#3096,#2739,#1776,.T.);
#4013=EDGE_CURVE('',#3092,#2738,#1777,.T.);
#4014=EDGE_CURVE('',#3093,#2737,#1778,.T.);
#4015=EDGE_CURVE('',#3094,#2736,#1779,.T.);
#4016=EDGE_CURVE('',#3090,#2735,#1780,.T.);
#4017=EDGE_CURVE('',#3091,#2734,#1781,.T.);
#4018=EDGE_CURVE('',#3089,#2733,#1782,.T.);
#4019=EDGE_CURVE('',#3085,#2732,#1783,.T.);
#4020=EDGE_CURVE('',#3087,#2731,#1784,.T.);
#4021=EDGE_CURVE('',#3088,#2730,#1785,.T.);
#4022=EDGE_CURVE('',#3086,#3081,#1786,.T.);
#4023=EDGE_CURVE('',#3083,#2729,#1787,.T.);
#4024=EDGE_CURVE('',#3084,#2728,#1788,.T.);
#4025=EDGE_CURVE('',#3082,#2727,#1789,.T.);
#4026=EDGE_CURVE('',#3078,#2726,#1790,.T.);
#4027=EDGE_CURVE('',#3079,#2725,#1791,.T.);
#4028=EDGE_CURVE('',#3080,#2724,#1792,.T.);
#4029=EDGE_CURVE('',#3076,#2723,#1793,.T.);
#4030=EDGE_CURVE('',#3077,#2722,#1794,.T.);
#4031=EDGE_CURVE('',#3075,#2721,#1795,.T.);
#4032=EDGE_CURVE('',#3071,#2720,#1796,.T.);
#4033=EDGE_CURVE('',#3073,#2719,#1797,.T.);
#4034=EDGE_CURVE('',#3074,#2718,#1798,.T.);
#4035=EDGE_CURVE('',#3072,#2717,#1799,.T.);
#4036=EDGE_CURVE('',#2945,#3129,#376,.T.);
#4037=EDGE_CURVE('',#3130,#2945,#1800,.T.);
#4038=EDGE_CURVE('',#3131,#3130,#1801,.T.);
#4039=EDGE_CURVE('',#3129,#3131,#1802,.T.);
#4040=EDGE_CURVE('',#3132,#2944,#377,.T.);
#4041=EDGE_CURVE('',#3133,#3132,#1803,.T.);
#4042=EDGE_CURVE('',#3134,#3133,#1804,.T.);
#4043=EDGE_CURVE('',#2944,#3134,#1805,.T.);
#4044=EDGE_CURVE('',#2962,#3135,#378,.T.);
#4045=EDGE_CURVE('',#3136,#2962,#1806,.T.);
#4046=EDGE_CURVE('',#3137,#3136,#1807,.T.);
#4047=EDGE_CURVE('',#3135,#3137,#1808,.T.);
#4048=EDGE_CURVE('',#3138,#2961,#379,.T.);
#4049=EDGE_CURVE('',#3139,#3138,#1809,.T.);
#4050=EDGE_CURVE('',#3140,#3139,#1810,.T.);
#4051=EDGE_CURVE('',#2961,#3140,#1811,.T.);
#4052=EDGE_CURVE('',#3130,#3141,#1812,.T.);
#4053=EDGE_CURVE('',#3142,#3141,#1813,.T.);
#4054=EDGE_CURVE('',#3131,#3142,#1814,.T.);
#4055=EDGE_CURVE('',#3129,#3138,#1815,.T.);
#4056=EDGE_CURVE('',#3143,#3142,#1816,.T.);
#4057=EDGE_CURVE('',#3139,#3143,#1817,.T.);
#4058=EDGE_CURVE('',#3144,#3143,#1818,.T.);
#4059=EDGE_CURVE('',#3140,#3144,#1819,.T.);
#4060=EDGE_CURVE('',#3145,#3144,#1820,.T.);
#4061=EDGE_CURVE('',#3136,#3145,#1821,.T.);
#4062=EDGE_CURVE('',#3146,#3145,#1822,.T.);
#4063=EDGE_CURVE('',#3137,#3146,#1823,.T.);
#4064=EDGE_CURVE('',#3135,#3132,#1824,.T.);
#4065=EDGE_CURVE('',#3147,#3146,#1825,.T.);
#4066=EDGE_CURVE('',#3133,#3147,#1826,.T.);
#4067=EDGE_CURVE('',#3148,#3147,#1827,.T.);
#4068=EDGE_CURVE('',#3134,#3148,#1828,.T.);
#4069=EDGE_CURVE('',#3141,#3148,#1829,.T.);
#4070=EDGE_CURVE('',#3129,#3105,#380,.T.);
#4071=EDGE_CURVE('',#3110,#3138,#381,.T.);
#4072=EDGE_CURVE('',#3135,#3029,#382,.T.);
#4073=EDGE_CURVE('',#3018,#3132,#383,.T.);
#4074=EDGE_CURVE('',#3149,#2997,#384,.T.);
#4075=EDGE_CURVE('',#3086,#3149,#385,.T.);
#4076=EDGE_CURVE('',#3000,#3081,#386,.T.);
#4077=EDGE_CURVE('',#3022,#3003,#387,.T.);
#4078=EDGE_CURVE('',#3150,#3017,#388,.T.);
#4079=EDGE_CURVE('',#3006,#3150,#389,.T.);
#4080=EDGE_CURVE('',#3026,#2994,#390,.T.);
#4081=EDGE_CURVE('',#2989,#3021,#391,.T.);
#4082=EDGE_CURVE('',#3151,#2969,#392,.T.);
#4083=EDGE_CURVE('',#3030,#3151,#393,.T.);
#4084=EDGE_CURVE('',#2972,#3025,#394,.T.);
#4085=EDGE_CURVE('',#3046,#2975,#395,.T.);
#4086=EDGE_CURVE('',#3152,#3041,#396,.T.);
#4087=EDGE_CURVE('',#2978,#3152,#397,.T.);
#4088=EDGE_CURVE('',#2664,#2957,#1830,.T.);
#4089=EDGE_CURVE('',#2600,#2709,#1831,.T.);
#4090=EDGE_CURVE('',#2578,#2787,#1832,.T.);
#4091=EDGE_CURVE('',#2684,#2933,#1833,.T.);
#4092=EDGE_CURVE('',#2670,#2813,#1834,.T.);
#4093=EDGE_CURVE('',#2652,#3149,#1835,.T.);
#4094=EDGE_CURVE('',#2683,#3150,#1836,.T.);
#4095=EDGE_CURVE('',#2682,#3151,#1837,.T.);
#4096=EDGE_CURVE('',#2667,#3152,#1838,.T.);
#4097=EDGE_CURVE('',#2655,#2949,#1839,.T.);
#4098=EDGE_CURVE('',#2658,#2946,#1840,.T.);
#4099=EDGE_CURVE('',#2661,#2960,#1841,.T.);
#4100=EDGE_CURVE('',#2681,#2816,#1842,.T.);
#4101=EDGE_CURVE('',#2649,#2936,#1843,.T.);
#4102=EDGE_CURVE('',#2597,#2716,#1844,.T.);
#4103=ORIENTED_EDGE('',*,*,#3153,.F.);
#4104=ORIENTED_EDGE('',*,*,#3154,.T.);
#4105=ORIENTED_EDGE('',*,*,#3155,.F.);
#4106=ORIENTED_EDGE('',*,*,#3156,.T.);
#4107=ORIENTED_EDGE('',*,*,#3157,.F.);
#4108=ORIENTED_EDGE('',*,*,#3156,.F.);
#4109=ORIENTED_EDGE('',*,*,#3158,.F.);
#4110=ORIENTED_EDGE('',*,*,#3159,.F.);
#4111=ORIENTED_EDGE('',*,*,#3160,.F.);
#4112=ORIENTED_EDGE('',*,*,#3161,.F.);
#4113=ORIENTED_EDGE('',*,*,#3162,.F.);
#4114=ORIENTED_EDGE('',*,*,#3163,.F.);
#4115=ORIENTED_EDGE('',*,*,#3164,.F.);
#4116=ORIENTED_EDGE('',*,*,#3163,.T.);
#4117=ORIENTED_EDGE('',*,*,#3165,.F.);
#4118=ORIENTED_EDGE('',*,*,#3166,.T.);
#4119=ORIENTED_EDGE('',*,*,#3155,.T.);
#4120=ORIENTED_EDGE('',*,*,#3167,.T.);
#4121=ORIENTED_EDGE('',*,*,#3165,.T.);
#4122=ORIENTED_EDGE('',*,*,#3162,.T.);
#4123=ORIENTED_EDGE('',*,*,#3168,.F.);
#4124=ORIENTED_EDGE('',*,*,#3158,.T.);
#4125=ORIENTED_EDGE('',*,*,#3169,.F.);
#4126=ORIENTED_EDGE('',*,*,#3170,.F.);
#4127=ORIENTED_EDGE('',*,*,#3171,.F.);
#4128=ORIENTED_EDGE('',*,*,#3172,.F.);
#4129=ORIENTED_EDGE('',*,*,#3173,.F.);
#4130=ORIENTED_EDGE('',*,*,#3166,.F.);
#4131=ORIENTED_EDGE('',*,*,#3167,.F.);
#4132=ORIENTED_EDGE('',*,*,#3154,.F.);
#4133=ORIENTED_EDGE('',*,*,#3157,.T.);
#4134=ORIENTED_EDGE('',*,*,#3174,.F.);
#4135=ORIENTED_EDGE('',*,*,#3175,.T.);
#4136=ORIENTED_EDGE('',*,*,#3176,.T.);
#4137=ORIENTED_EDGE('',*,*,#3177,.T.);
#4138=ORIENTED_EDGE('',*,*,#3178,.F.);
#4139=ORIENTED_EDGE('',*,*,#3179,.T.);
#4140=ORIENTED_EDGE('',*,*,#3180,.T.);
#4141=ORIENTED_EDGE('',*,*,#3171,.T.);
#4142=ORIENTED_EDGE('',*,*,#3153,.T.);
#4143=ORIENTED_EDGE('',*,*,#3159,.T.);
#4144=ORIENTED_EDGE('',*,*,#3168,.T.);
#4145=ORIENTED_EDGE('',*,*,#3161,.T.);
#4146=ORIENTED_EDGE('',*,*,#3181,.T.);
#4147=ORIENTED_EDGE('',*,*,#3182,.T.);
#4148=ORIENTED_EDGE('',*,*,#3183,.T.);
#4149=ORIENTED_EDGE('',*,*,#3184,.T.);
#4150=ORIENTED_EDGE('',*,*,#3185,.T.);
#4151=ORIENTED_EDGE('',*,*,#3186,.T.);
#4152=ORIENTED_EDGE('',*,*,#3187,.T.);
#4153=ORIENTED_EDGE('',*,*,#3188,.T.);
#4154=ORIENTED_EDGE('',*,*,#3189,.T.);
#4155=ORIENTED_EDGE('',*,*,#3190,.T.);
#4156=ORIENTED_EDGE('',*,*,#3174,.T.);
#4157=ORIENTED_EDGE('',*,*,#3191,.T.);
#4158=ORIENTED_EDGE('',*,*,#3192,.T.);
#4159=ORIENTED_EDGE('',*,*,#3193,.T.);
#4160=ORIENTED_EDGE('',*,*,#3194,.T.);
#4161=ORIENTED_EDGE('',*,*,#3195,.T.);
#4162=ORIENTED_EDGE('',*,*,#3196,.T.);
#4163=ORIENTED_EDGE('',*,*,#3197,.T.);
#4164=ORIENTED_EDGE('',*,*,#3198,.T.);
#4165=ORIENTED_EDGE('',*,*,#3199,.T.);
#4166=ORIENTED_EDGE('',*,*,#3200,.T.);
#4167=ORIENTED_EDGE('',*,*,#3201,.T.);
#4168=ORIENTED_EDGE('',*,*,#3202,.T.);
#4169=ORIENTED_EDGE('',*,*,#3203,.T.);
#4170=ORIENTED_EDGE('',*,*,#3204,.T.);
#4171=ORIENTED_EDGE('',*,*,#3205,.T.);
#4172=ORIENTED_EDGE('',*,*,#3206,.T.);
#4173=ORIENTED_EDGE('',*,*,#3207,.T.);
#4174=ORIENTED_EDGE('',*,*,#3208,.T.);
#4175=ORIENTED_EDGE('',*,*,#3209,.T.);
#4176=ORIENTED_EDGE('',*,*,#3210,.T.);
#4177=ORIENTED_EDGE('',*,*,#3211,.T.);
#4178=ORIENTED_EDGE('',*,*,#3212,.T.);
#4179=ORIENTED_EDGE('',*,*,#3213,.T.);
#4180=ORIENTED_EDGE('',*,*,#3214,.T.);
#4181=ORIENTED_EDGE('',*,*,#3215,.T.);
#4182=ORIENTED_EDGE('',*,*,#3216,.T.);
#4183=ORIENTED_EDGE('',*,*,#3217,.T.);
#4184=ORIENTED_EDGE('',*,*,#3218,.F.);
#4185=ORIENTED_EDGE('',*,*,#3219,.T.);
#4186=ORIENTED_EDGE('',*,*,#3220,.F.);
#4187=ORIENTED_EDGE('',*,*,#3221,.T.);
#4188=ORIENTED_EDGE('',*,*,#3222,.F.);
#4189=ORIENTED_EDGE('',*,*,#3221,.F.);
#4190=ORIENTED_EDGE('',*,*,#3223,.F.);
#4191=ORIENTED_EDGE('',*,*,#3188,.F.);
#4192=ORIENTED_EDGE('',*,*,#3175,.F.);
#4193=ORIENTED_EDGE('',*,*,#3190,.F.);
#4194=ORIENTED_EDGE('',*,*,#3224,.F.);
#4195=ORIENTED_EDGE('',*,*,#3225,.F.);
#4196=ORIENTED_EDGE('',*,*,#3176,.F.);
#4197=ORIENTED_EDGE('',*,*,#3225,.T.);
#4198=ORIENTED_EDGE('',*,*,#3226,.F.);
#4199=ORIENTED_EDGE('',*,*,#3227,.T.);
#4200=ORIENTED_EDGE('',*,*,#3220,.T.);
#4201=ORIENTED_EDGE('',*,*,#3228,.T.);
#4202=ORIENTED_EDGE('',*,*,#3226,.T.);
#4203=ORIENTED_EDGE('',*,*,#3224,.T.);
#4204=ORIENTED_EDGE('',*,*,#3189,.F.);
#4205=ORIENTED_EDGE('',*,*,#3223,.T.);
#4206=ORIENTED_EDGE('',*,*,#3229,.F.);
#4207=ORIENTED_EDGE('',*,*,#3230,.F.);
#4208=ORIENTED_EDGE('',*,*,#3231,.F.);
#4209=ORIENTED_EDGE('',*,*,#3232,.F.);
#4210=ORIENTED_EDGE('',*,*,#3177,.F.);
#4211=ORIENTED_EDGE('',*,*,#3227,.F.);
#4212=ORIENTED_EDGE('',*,*,#3228,.F.);
#4213=ORIENTED_EDGE('',*,*,#3219,.F.);
#4214=ORIENTED_EDGE('',*,*,#3222,.T.);
#4215=ORIENTED_EDGE('',*,*,#3187,.F.);
#4216=ORIENTED_EDGE('',*,*,#3233,.T.);
#4217=ORIENTED_EDGE('',*,*,#3234,.T.);
#4218=ORIENTED_EDGE('',*,*,#3235,.T.);
#4219=ORIENTED_EDGE('',*,*,#3236,.F.);
#4220=ORIENTED_EDGE('',*,*,#3237,.T.);
#4221=ORIENTED_EDGE('',*,*,#3238,.T.);
#4222=ORIENTED_EDGE('',*,*,#3231,.T.);
#4223=ORIENTED_EDGE('',*,*,#3218,.T.);
#4224=ORIENTED_EDGE('',*,*,#3239,.F.);
#4225=ORIENTED_EDGE('',*,*,#3240,.T.);
#4226=ORIENTED_EDGE('',*,*,#3241,.F.);
#4227=ORIENTED_EDGE('',*,*,#3242,.T.);
#4228=ORIENTED_EDGE('',*,*,#3243,.F.);
#4229=ORIENTED_EDGE('',*,*,#3242,.F.);
#4230=ORIENTED_EDGE('',*,*,#3244,.F.);
#4231=ORIENTED_EDGE('',*,*,#3184,.F.);
#4232=ORIENTED_EDGE('',*,*,#3233,.F.);
#4233=ORIENTED_EDGE('',*,*,#3186,.F.);
#4234=ORIENTED_EDGE('',*,*,#3245,.F.);
#4235=ORIENTED_EDGE('',*,*,#3246,.F.);
#4236=ORIENTED_EDGE('',*,*,#3234,.F.);
#4237=ORIENTED_EDGE('',*,*,#3246,.T.);
#4238=ORIENTED_EDGE('',*,*,#3247,.F.);
#4239=ORIENTED_EDGE('',*,*,#3248,.T.);
#4240=ORIENTED_EDGE('',*,*,#3241,.T.);
#4241=ORIENTED_EDGE('',*,*,#3249,.T.);
#4242=ORIENTED_EDGE('',*,*,#3247,.T.);
#4243=ORIENTED_EDGE('',*,*,#3245,.T.);
#4244=ORIENTED_EDGE('',*,*,#3185,.F.);
#4245=ORIENTED_EDGE('',*,*,#3244,.T.);
#4246=ORIENTED_EDGE('',*,*,#3250,.F.);
#4247=ORIENTED_EDGE('',*,*,#3251,.F.);
#4248=ORIENTED_EDGE('',*,*,#3252,.F.);
#4249=ORIENTED_EDGE('',*,*,#3253,.F.);
#4250=ORIENTED_EDGE('',*,*,#3235,.F.);
#4251=ORIENTED_EDGE('',*,*,#3248,.F.);
#4252=ORIENTED_EDGE('',*,*,#3249,.F.);
#4253=ORIENTED_EDGE('',*,*,#3240,.F.);
#4254=ORIENTED_EDGE('',*,*,#3243,.T.);
#4255=ORIENTED_EDGE('',*,*,#3183,.F.);
#4256=ORIENTED_EDGE('',*,*,#3254,.F.);
#4257=ORIENTED_EDGE('',*,*,#3255,.T.);
#4258=ORIENTED_EDGE('',*,*,#3256,.T.);
#4259=ORIENTED_EDGE('',*,*,#3252,.T.);
#4260=ORIENTED_EDGE('',*,*,#3239,.T.);
#4261=ORIENTED_EDGE('',*,*,#3257,.F.);
#4262=ORIENTED_EDGE('',*,*,#3258,.F.);
#4263=ORIENTED_EDGE('',*,*,#3259,.F.);
#4264=ORIENTED_EDGE('',*,*,#3260,.T.);
#4265=ORIENTED_EDGE('',*,*,#3261,.F.);
#4266=ORIENTED_EDGE('',*,*,#3262,.F.);
#4267=ORIENTED_EDGE('',*,*,#3263,.F.);
#4268=ORIENTED_EDGE('',*,*,#3264,.F.);
#4269=ORIENTED_EDGE('',*,*,#3265,.F.);
#4270=ORIENTED_EDGE('',*,*,#3260,.F.);
#4271=ORIENTED_EDGE('',*,*,#3266,.F.);
#4272=ORIENTED_EDGE('',*,*,#3267,.T.);
#4273=ORIENTED_EDGE('',*,*,#3268,.F.);
#4274=ORIENTED_EDGE('',*,*,#3269,.F.);
#4275=ORIENTED_EDGE('',*,*,#3270,.F.);
#4276=ORIENTED_EDGE('',*,*,#3271,.F.);
#4277=ORIENTED_EDGE('',*,*,#3272,.F.);
#4278=ORIENTED_EDGE('',*,*,#3267,.F.);
#4279=ORIENTED_EDGE('',*,*,#3273,.F.);
#4280=ORIENTED_EDGE('',*,*,#3274,.T.);
#4281=ORIENTED_EDGE('',*,*,#3273,.T.);
#4282=ORIENTED_EDGE('',*,*,#3266,.T.);
#4283=ORIENTED_EDGE('',*,*,#3259,.T.);
#4284=ORIENTED_EDGE('',*,*,#3275,.T.);
#4285=ORIENTED_EDGE('',*,*,#3276,.T.);
#4286=ORIENTED_EDGE('',*,*,#3277,.T.);
#4287=ORIENTED_EDGE('',*,*,#3278,.T.);
#4288=ORIENTED_EDGE('',*,*,#3279,.T.);
#4289=ORIENTED_EDGE('',*,*,#3280,.T.);
#4290=ORIENTED_EDGE('',*,*,#3281,.T.);
#4291=ORIENTED_EDGE('',*,*,#3282,.T.);
#4292=ORIENTED_EDGE('',*,*,#3283,.T.);
#4293=ORIENTED_EDGE('',*,*,#3284,.T.);
#4294=ORIENTED_EDGE('',*,*,#3285,.T.);
#4295=ORIENTED_EDGE('',*,*,#3286,.T.);
#4296=ORIENTED_EDGE('',*,*,#3287,.T.);
#4297=ORIENTED_EDGE('',*,*,#3288,.T.);
#4298=ORIENTED_EDGE('',*,*,#3289,.T.);
#4299=ORIENTED_EDGE('',*,*,#3290,.T.);
#4300=ORIENTED_EDGE('',*,*,#3291,.T.);
#4301=ORIENTED_EDGE('',*,*,#3292,.T.);
#4302=ORIENTED_EDGE('',*,*,#3293,.T.);
#4303=ORIENTED_EDGE('',*,*,#3294,.T.);
#4304=ORIENTED_EDGE('',*,*,#3295,.T.);
#4305=ORIENTED_EDGE('',*,*,#3296,.T.);
#4306=ORIENTED_EDGE('',*,*,#3297,.T.);
#4307=ORIENTED_EDGE('',*,*,#3298,.T.);
#4308=ORIENTED_EDGE('',*,*,#3299,.T.);
#4309=ORIENTED_EDGE('',*,*,#3300,.T.);
#4310=ORIENTED_EDGE('',*,*,#3301,.T.);
#4311=ORIENTED_EDGE('',*,*,#3302,.T.);
#4312=ORIENTED_EDGE('',*,*,#3303,.T.);
#4313=ORIENTED_EDGE('',*,*,#3304,.T.);
#4314=ORIENTED_EDGE('',*,*,#3305,.T.);
#4315=ORIENTED_EDGE('',*,*,#3306,.T.);
#4316=ORIENTED_EDGE('',*,*,#3307,.T.);
#4317=ORIENTED_EDGE('',*,*,#3308,.T.);
#4318=ORIENTED_EDGE('',*,*,#3309,.T.);
#4319=ORIENTED_EDGE('',*,*,#3310,.T.);
#4320=ORIENTED_EDGE('',*,*,#3311,.F.);
#4321=ORIENTED_EDGE('',*,*,#3312,.F.);
#4322=ORIENTED_EDGE('',*,*,#3313,.T.);
#4323=ORIENTED_EDGE('',*,*,#3314,.T.);
#4324=ORIENTED_EDGE('',*,*,#3315,.T.);
#4325=ORIENTED_EDGE('',*,*,#3316,.T.);
#4326=ORIENTED_EDGE('',*,*,#3317,.F.);
#4327=ORIENTED_EDGE('',*,*,#3318,.F.);
#4328=ORIENTED_EDGE('',*,*,#3264,.T.);
#4329=ORIENTED_EDGE('',*,*,#3319,.T.);
#4330=ORIENTED_EDGE('',*,*,#3320,.T.);
#4331=ORIENTED_EDGE('',*,*,#3321,.F.);
#4332=ORIENTED_EDGE('',*,*,#3322,.F.);
#4333=ORIENTED_EDGE('',*,*,#3323,.F.);
#4334=ORIENTED_EDGE('',*,*,#3324,.F.);
#4335=ORIENTED_EDGE('',*,*,#3325,.F.);
#4336=ORIENTED_EDGE('',*,*,#3326,.F.);
#4337=ORIENTED_EDGE('',*,*,#3327,.F.);
#4338=ORIENTED_EDGE('',*,*,#3328,.F.);
#4339=ORIENTED_EDGE('',*,*,#3329,.F.);
#4340=ORIENTED_EDGE('',*,*,#3330,.T.);
#4341=ORIENTED_EDGE('',*,*,#3331,.T.);
#4342=ORIENTED_EDGE('',*,*,#3332,.T.);
#4343=ORIENTED_EDGE('',*,*,#3333,.T.);
#4344=ORIENTED_EDGE('',*,*,#3334,.T.);
#4345=ORIENTED_EDGE('',*,*,#3335,.T.);
#4346=ORIENTED_EDGE('',*,*,#3336,.T.);
#4347=ORIENTED_EDGE('',*,*,#3337,.T.);
#4348=ORIENTED_EDGE('',*,*,#3338,.T.);
#4349=ORIENTED_EDGE('',*,*,#3257,.T.);
#4350=ORIENTED_EDGE('',*,*,#3321,.T.);
#4351=ORIENTED_EDGE('',*,*,#3339,.T.);
#4352=ORIENTED_EDGE('',*,*,#3340,.T.);
#4353=ORIENTED_EDGE('',*,*,#3341,.T.);
#4354=ORIENTED_EDGE('',*,*,#3342,.T.);
#4355=ORIENTED_EDGE('',*,*,#3343,.T.);
#4356=ORIENTED_EDGE('',*,*,#3344,.T.);
#4357=ORIENTED_EDGE('',*,*,#3345,.T.);
#4358=ORIENTED_EDGE('',*,*,#3346,.T.);
#4359=ORIENTED_EDGE('',*,*,#3347,.T.);
#4360=ORIENTED_EDGE('',*,*,#3348,.T.);
#4361=ORIENTED_EDGE('',*,*,#3349,.T.);
#4362=ORIENTED_EDGE('',*,*,#3350,.T.);
#4363=ORIENTED_EDGE('',*,*,#3351,.T.);
#4364=ORIENTED_EDGE('',*,*,#3352,.T.);
#4365=ORIENTED_EDGE('',*,*,#3353,.T.);
#4366=ORIENTED_EDGE('',*,*,#3354,.T.);
#4367=ORIENTED_EDGE('',*,*,#3355,.T.);
#4368=ORIENTED_EDGE('',*,*,#3356,.T.);
#4369=ORIENTED_EDGE('',*,*,#3357,.T.);
#4370=ORIENTED_EDGE('',*,*,#3358,.T.);
#4371=ORIENTED_EDGE('',*,*,#3359,.T.);
#4372=ORIENTED_EDGE('',*,*,#3360,.T.);
#4373=ORIENTED_EDGE('',*,*,#3361,.T.);
#4374=ORIENTED_EDGE('',*,*,#3362,.T.);
#4375=ORIENTED_EDGE('',*,*,#3363,.T.);
#4376=ORIENTED_EDGE('',*,*,#3364,.T.);
#4377=ORIENTED_EDGE('',*,*,#3365,.T.);
#4378=ORIENTED_EDGE('',*,*,#3366,.T.);
#4379=ORIENTED_EDGE('',*,*,#3367,.T.);
#4380=ORIENTED_EDGE('',*,*,#3368,.T.);
#4381=ORIENTED_EDGE('',*,*,#3369,.T.);
#4382=ORIENTED_EDGE('',*,*,#3370,.T.);
#4383=ORIENTED_EDGE('',*,*,#3371,.T.);
#4384=ORIENTED_EDGE('',*,*,#3372,.T.);
#4385=ORIENTED_EDGE('',*,*,#3373,.T.);
#4386=ORIENTED_EDGE('',*,*,#3374,.T.);
#4387=ORIENTED_EDGE('',*,*,#3375,.T.);
#4388=ORIENTED_EDGE('',*,*,#3376,.T.);
#4389=ORIENTED_EDGE('',*,*,#3377,.T.);
#4390=ORIENTED_EDGE('',*,*,#3378,.T.);
#4391=ORIENTED_EDGE('',*,*,#3379,.T.);
#4392=ORIENTED_EDGE('',*,*,#3380,.T.);
#4393=ORIENTED_EDGE('',*,*,#3381,.T.);
#4394=ORIENTED_EDGE('',*,*,#3382,.T.);
#4395=ORIENTED_EDGE('',*,*,#3383,.T.);
#4396=ORIENTED_EDGE('',*,*,#3384,.T.);
#4397=ORIENTED_EDGE('',*,*,#3385,.T.);
#4398=ORIENTED_EDGE('',*,*,#3386,.T.);
#4399=ORIENTED_EDGE('',*,*,#3387,.T.);
#4400=ORIENTED_EDGE('',*,*,#3388,.T.);
#4401=ORIENTED_EDGE('',*,*,#3389,.T.);
#4402=ORIENTED_EDGE('',*,*,#3390,.T.);
#4403=ORIENTED_EDGE('',*,*,#3391,.T.);
#4404=ORIENTED_EDGE('',*,*,#3392,.T.);
#4405=ORIENTED_EDGE('',*,*,#3393,.T.);
#4406=ORIENTED_EDGE('',*,*,#3394,.T.);
#4407=ORIENTED_EDGE('',*,*,#3395,.T.);
#4408=ORIENTED_EDGE('',*,*,#3396,.T.);
#4409=ORIENTED_EDGE('',*,*,#3397,.T.);
#4410=ORIENTED_EDGE('',*,*,#3398,.T.);
#4411=ORIENTED_EDGE('',*,*,#3399,.T.);
#4412=ORIENTED_EDGE('',*,*,#3400,.T.);
#4413=ORIENTED_EDGE('',*,*,#3401,.T.);
#4414=ORIENTED_EDGE('',*,*,#3402,.T.);
#4415=ORIENTED_EDGE('',*,*,#3403,.T.);
#4416=ORIENTED_EDGE('',*,*,#3404,.T.);
#4417=ORIENTED_EDGE('',*,*,#3405,.T.);
#4418=ORIENTED_EDGE('',*,*,#3406,.T.);
#4419=ORIENTED_EDGE('',*,*,#3407,.T.);
#4420=ORIENTED_EDGE('',*,*,#3408,.T.);
#4421=ORIENTED_EDGE('',*,*,#3409,.T.);
#4422=ORIENTED_EDGE('',*,*,#3410,.T.);
#4423=ORIENTED_EDGE('',*,*,#3411,.T.);
#4424=ORIENTED_EDGE('',*,*,#3412,.T.);
#4425=ORIENTED_EDGE('',*,*,#3413,.T.);
#4426=ORIENTED_EDGE('',*,*,#3414,.T.);
#4427=ORIENTED_EDGE('',*,*,#3415,.T.);
#4428=ORIENTED_EDGE('',*,*,#3416,.T.);
#4429=ORIENTED_EDGE('',*,*,#3417,.T.);
#4430=ORIENTED_EDGE('',*,*,#3418,.T.);
#4431=ORIENTED_EDGE('',*,*,#3419,.T.);
#4432=ORIENTED_EDGE('',*,*,#3420,.T.);
#4433=ORIENTED_EDGE('',*,*,#3421,.T.);
#4434=ORIENTED_EDGE('',*,*,#3422,.T.);
#4435=ORIENTED_EDGE('',*,*,#3423,.T.);
#4436=ORIENTED_EDGE('',*,*,#3424,.T.);
#4437=ORIENTED_EDGE('',*,*,#3425,.T.);
#4438=ORIENTED_EDGE('',*,*,#3270,.T.);
#4439=ORIENTED_EDGE('',*,*,#3426,.T.);
#4440=ORIENTED_EDGE('',*,*,#3427,.T.);
#4441=ORIENTED_EDGE('',*,*,#3428,.T.);
#4442=ORIENTED_EDGE('',*,*,#3429,.T.);
#4443=ORIENTED_EDGE('',*,*,#3430,.T.);
#4444=ORIENTED_EDGE('',*,*,#3431,.T.);
#4445=ORIENTED_EDGE('',*,*,#3261,.T.);
#4446=ORIENTED_EDGE('',*,*,#3265,.T.);
#4447=ORIENTED_EDGE('',*,*,#3432,.T.);
#4448=ORIENTED_EDGE('',*,*,#3433,.T.);
#4449=ORIENTED_EDGE('',*,*,#3434,.T.);
#4450=ORIENTED_EDGE('',*,*,#3435,.T.);
#4451=ORIENTED_EDGE('',*,*,#3436,.T.);
#4452=ORIENTED_EDGE('',*,*,#3437,.T.);
#4453=ORIENTED_EDGE('',*,*,#3438,.T.);
#4454=ORIENTED_EDGE('',*,*,#3439,.T.);
#4455=ORIENTED_EDGE('',*,*,#3440,.T.);
#4456=ORIENTED_EDGE('',*,*,#3441,.T.);
#4457=ORIENTED_EDGE('',*,*,#3271,.T.);
#4458=ORIENTED_EDGE('',*,*,#3425,.F.);
#4459=ORIENTED_EDGE('',*,*,#3442,.F.);
#4460=ORIENTED_EDGE('',*,*,#3443,.T.);
#4461=ORIENTED_EDGE('',*,*,#3263,.T.);
#4462=ORIENTED_EDGE('',*,*,#3444,.F.);
#4463=ORIENTED_EDGE('',*,*,#3445,.T.);
#4464=ORIENTED_EDGE('',*,*,#3446,.F.);
#4465=ORIENTED_EDGE('',*,*,#3447,.F.);
#4466=ORIENTED_EDGE('',*,*,#3319,.F.);
#4467=ORIENTED_EDGE('',*,*,#3272,.T.);
#4468=ORIENTED_EDGE('',*,*,#3443,.F.);
#4469=ORIENTED_EDGE('',*,*,#3448,.T.);
#4470=ORIENTED_EDGE('',*,*,#3449,.F.);
#4471=ORIENTED_EDGE('',*,*,#3450,.T.);
#4472=ORIENTED_EDGE('',*,*,#3451,.F.);
#4473=ORIENTED_EDGE('',*,*,#3452,.F.);
#4474=ORIENTED_EDGE('',*,*,#3453,.T.);
#4475=ORIENTED_EDGE('',*,*,#3454,.F.);
#4476=ORIENTED_EDGE('',*,*,#3455,.F.);
#4477=ORIENTED_EDGE('',*,*,#3456,.F.);
#4478=ORIENTED_EDGE('',*,*,#3457,.F.);
#4479=ORIENTED_EDGE('',*,*,#3268,.T.);
#4480=ORIENTED_EDGE('',*,*,#3458,.F.);
#4481=ORIENTED_EDGE('',*,*,#3269,.T.);
#4482=ORIENTED_EDGE('',*,*,#3457,.T.);
#4483=ORIENTED_EDGE('',*,*,#3459,.T.);
#4484=ORIENTED_EDGE('',*,*,#3432,.F.);
#4485=ORIENTED_EDGE('',*,*,#3262,.T.);
#4486=ORIENTED_EDGE('',*,*,#3440,.F.);
#4487=ORIENTED_EDGE('',*,*,#3460,.F.);
#4488=ORIENTED_EDGE('',*,*,#3444,.T.);
#4489=ORIENTED_EDGE('',*,*,#3461,.F.);
#4490=ORIENTED_EDGE('',*,*,#3462,.T.);
#4491=ORIENTED_EDGE('',*,*,#3463,.T.);
#4492=ORIENTED_EDGE('',*,*,#3464,.F.);
#4493=ORIENTED_EDGE('',*,*,#3465,.F.);
#4494=ORIENTED_EDGE('',*,*,#3466,.T.);
#4495=ORIENTED_EDGE('',*,*,#3467,.T.);
#4496=ORIENTED_EDGE('',*,*,#3462,.F.);
#4497=ORIENTED_EDGE('',*,*,#3468,.F.);
#4498=ORIENTED_EDGE('',*,*,#3469,.T.);
#4499=ORIENTED_EDGE('',*,*,#3470,.T.);
#4500=ORIENTED_EDGE('',*,*,#3466,.F.);
#4501=ORIENTED_EDGE('',*,*,#3471,.F.);
#4502=ORIENTED_EDGE('',*,*,#3472,.T.);
#4503=ORIENTED_EDGE('',*,*,#3473,.T.);
#4504=ORIENTED_EDGE('',*,*,#3469,.F.);
#4505=ORIENTED_EDGE('',*,*,#3474,.F.);
#4506=ORIENTED_EDGE('',*,*,#3475,.T.);
#4507=ORIENTED_EDGE('',*,*,#3476,.T.);
#4508=ORIENTED_EDGE('',*,*,#3472,.F.);
#4509=ORIENTED_EDGE('',*,*,#3477,.F.);
#4510=ORIENTED_EDGE('',*,*,#3478,.T.);
#4511=ORIENTED_EDGE('',*,*,#3479,.T.);
#4512=ORIENTED_EDGE('',*,*,#3475,.F.);
#4513=ORIENTED_EDGE('',*,*,#3480,.F.);
#4514=ORIENTED_EDGE('',*,*,#3481,.T.);
#4515=ORIENTED_EDGE('',*,*,#3482,.T.);
#4516=ORIENTED_EDGE('',*,*,#3478,.F.);
#4517=ORIENTED_EDGE('',*,*,#3483,.F.);
#4518=ORIENTED_EDGE('',*,*,#3484,.T.);
#4519=ORIENTED_EDGE('',*,*,#3485,.T.);
#4520=ORIENTED_EDGE('',*,*,#3481,.F.);
#4521=ORIENTED_EDGE('',*,*,#3486,.F.);
#4522=ORIENTED_EDGE('',*,*,#3487,.T.);
#4523=ORIENTED_EDGE('',*,*,#3488,.T.);
#4524=ORIENTED_EDGE('',*,*,#3484,.F.);
#4525=ORIENTED_EDGE('',*,*,#3489,.F.);
#4526=ORIENTED_EDGE('',*,*,#3464,.T.);
#4527=ORIENTED_EDGE('',*,*,#3490,.T.);
#4528=ORIENTED_EDGE('',*,*,#3487,.F.);
#4529=ORIENTED_EDGE('',*,*,#3490,.F.);
#4530=ORIENTED_EDGE('',*,*,#3463,.F.);
#4531=ORIENTED_EDGE('',*,*,#3467,.F.);
#4532=ORIENTED_EDGE('',*,*,#3470,.F.);
#4533=ORIENTED_EDGE('',*,*,#3473,.F.);
#4534=ORIENTED_EDGE('',*,*,#3476,.F.);
#4535=ORIENTED_EDGE('',*,*,#3479,.F.);
#4536=ORIENTED_EDGE('',*,*,#3482,.F.);
#4537=ORIENTED_EDGE('',*,*,#3485,.F.);
#4538=ORIENTED_EDGE('',*,*,#3488,.F.);
#4539=ORIENTED_EDGE('',*,*,#3491,.F.);
#4540=ORIENTED_EDGE('',*,*,#3492,.T.);
#4541=ORIENTED_EDGE('',*,*,#3493,.T.);
#4542=ORIENTED_EDGE('',*,*,#3494,.F.);
#4543=ORIENTED_EDGE('',*,*,#3495,.F.);
#4544=ORIENTED_EDGE('',*,*,#3496,.T.);
#4545=ORIENTED_EDGE('',*,*,#3497,.T.);
#4546=ORIENTED_EDGE('',*,*,#3492,.F.);
#4547=ORIENTED_EDGE('',*,*,#3498,.F.);
#4548=ORIENTED_EDGE('',*,*,#3499,.T.);
#4549=ORIENTED_EDGE('',*,*,#3500,.T.);
#4550=ORIENTED_EDGE('',*,*,#3496,.F.);
#4551=ORIENTED_EDGE('',*,*,#3501,.F.);
#4552=ORIENTED_EDGE('',*,*,#3502,.T.);
#4553=ORIENTED_EDGE('',*,*,#3503,.T.);
#4554=ORIENTED_EDGE('',*,*,#3499,.F.);
#4555=ORIENTED_EDGE('',*,*,#3504,.F.);
#4556=ORIENTED_EDGE('',*,*,#3505,.T.);
#4557=ORIENTED_EDGE('',*,*,#3506,.T.);
#4558=ORIENTED_EDGE('',*,*,#3502,.F.);
#4559=ORIENTED_EDGE('',*,*,#3507,.F.);
#4560=ORIENTED_EDGE('',*,*,#3508,.T.);
#4561=ORIENTED_EDGE('',*,*,#3509,.T.);
#4562=ORIENTED_EDGE('',*,*,#3505,.F.);
#4563=ORIENTED_EDGE('',*,*,#3510,.F.);
#4564=ORIENTED_EDGE('',*,*,#3494,.T.);
#4565=ORIENTED_EDGE('',*,*,#3511,.T.);
#4566=ORIENTED_EDGE('',*,*,#3508,.F.);
#4567=ORIENTED_EDGE('',*,*,#3511,.F.);
#4568=ORIENTED_EDGE('',*,*,#3493,.F.);
#4569=ORIENTED_EDGE('',*,*,#3497,.F.);
#4570=ORIENTED_EDGE('',*,*,#3500,.F.);
#4571=ORIENTED_EDGE('',*,*,#3503,.F.);
#4572=ORIENTED_EDGE('',*,*,#3506,.F.);
#4573=ORIENTED_EDGE('',*,*,#3509,.F.);
#4574=ORIENTED_EDGE('',*,*,#3512,.F.);
#4575=ORIENTED_EDGE('',*,*,#3513,.T.);
#4576=ORIENTED_EDGE('',*,*,#3514,.T.);
#4577=ORIENTED_EDGE('',*,*,#3515,.F.);
#4578=ORIENTED_EDGE('',*,*,#3516,.F.);
#4579=ORIENTED_EDGE('',*,*,#3517,.T.);
#4580=ORIENTED_EDGE('',*,*,#3518,.T.);
#4581=ORIENTED_EDGE('',*,*,#3513,.F.);
#4582=ORIENTED_EDGE('',*,*,#3519,.F.);
#4583=ORIENTED_EDGE('',*,*,#3520,.T.);
#4584=ORIENTED_EDGE('',*,*,#3521,.T.);
#4585=ORIENTED_EDGE('',*,*,#3517,.F.);
#4586=ORIENTED_EDGE('',*,*,#3522,.F.);
#4587=ORIENTED_EDGE('',*,*,#3515,.T.);
#4588=ORIENTED_EDGE('',*,*,#3523,.T.);
#4589=ORIENTED_EDGE('',*,*,#3520,.F.);
#4590=ORIENTED_EDGE('',*,*,#3523,.F.);
#4591=ORIENTED_EDGE('',*,*,#3514,.F.);
#4592=ORIENTED_EDGE('',*,*,#3518,.F.);
#4593=ORIENTED_EDGE('',*,*,#3521,.F.);
#4594=ORIENTED_EDGE('',*,*,#3217,.F.);
#4595=ORIENTED_EDGE('',*,*,#3524,.T.);
#4596=ORIENTED_EDGE('',*,*,#3525,.T.);
#4597=ORIENTED_EDGE('',*,*,#3524,.F.);
#4598=ORIENTED_EDGE('',*,*,#3525,.F.);
#4599=ORIENTED_EDGE('',*,*,#3216,.F.);
#4600=ORIENTED_EDGE('',*,*,#3526,.T.);
#4601=ORIENTED_EDGE('',*,*,#3527,.T.);
#4602=ORIENTED_EDGE('',*,*,#3526,.F.);
#4603=ORIENTED_EDGE('',*,*,#3527,.F.);
#4604=ORIENTED_EDGE('',*,*,#3528,.F.);
#4605=ORIENTED_EDGE('',*,*,#3529,.T.);
#4606=ORIENTED_EDGE('',*,*,#3306,.F.);
#4607=ORIENTED_EDGE('',*,*,#3529,.F.);
#4608=ORIENTED_EDGE('',*,*,#3528,.T.);
#4609=ORIENTED_EDGE('',*,*,#3530,.T.);
#4610=ORIENTED_EDGE('',*,*,#3277,.F.);
#4611=ORIENTED_EDGE('',*,*,#3531,.T.);
#4612=ORIENTED_EDGE('',*,*,#3213,.F.);
#4613=ORIENTED_EDGE('',*,*,#3532,.F.);
#4614=ORIENTED_EDGE('',*,*,#3279,.F.);
#4615=ORIENTED_EDGE('',*,*,#3533,.T.);
#4616=ORIENTED_EDGE('',*,*,#3210,.F.);
#4617=ORIENTED_EDGE('',*,*,#3534,.F.);
#4618=ORIENTED_EDGE('',*,*,#3282,.F.);
#4619=ORIENTED_EDGE('',*,*,#3535,.T.);
#4620=ORIENTED_EDGE('',*,*,#3208,.F.);
#4621=ORIENTED_EDGE('',*,*,#3536,.F.);
#4622=ORIENTED_EDGE('',*,*,#3285,.F.);
#4623=ORIENTED_EDGE('',*,*,#3537,.T.);
#4624=ORIENTED_EDGE('',*,*,#3206,.F.);
#4625=ORIENTED_EDGE('',*,*,#3538,.F.);
#4626=ORIENTED_EDGE('',*,*,#3288,.F.);
#4627=ORIENTED_EDGE('',*,*,#3539,.T.);
#4628=ORIENTED_EDGE('',*,*,#3204,.F.);
#4629=ORIENTED_EDGE('',*,*,#3540,.F.);
#4630=ORIENTED_EDGE('',*,*,#3291,.F.);
#4631=ORIENTED_EDGE('',*,*,#3541,.T.);
#4632=ORIENTED_EDGE('',*,*,#3202,.F.);
#4633=ORIENTED_EDGE('',*,*,#3542,.F.);
#4634=ORIENTED_EDGE('',*,*,#3294,.F.);
#4635=ORIENTED_EDGE('',*,*,#3543,.T.);
#4636=ORIENTED_EDGE('',*,*,#3200,.F.);
#4637=ORIENTED_EDGE('',*,*,#3544,.F.);
#4638=ORIENTED_EDGE('',*,*,#3297,.F.);
#4639=ORIENTED_EDGE('',*,*,#3545,.T.);
#4640=ORIENTED_EDGE('',*,*,#3198,.F.);
#4641=ORIENTED_EDGE('',*,*,#3546,.F.);
#4642=ORIENTED_EDGE('',*,*,#3300,.F.);
#4643=ORIENTED_EDGE('',*,*,#3547,.T.);
#4644=ORIENTED_EDGE('',*,*,#3196,.F.);
#4645=ORIENTED_EDGE('',*,*,#3548,.F.);
#4646=ORIENTED_EDGE('',*,*,#3303,.F.);
#4647=ORIENTED_EDGE('',*,*,#3549,.T.);
#4648=ORIENTED_EDGE('',*,*,#3194,.F.);
#4649=ORIENTED_EDGE('',*,*,#3550,.F.);
#4650=ORIENTED_EDGE('',*,*,#3305,.F.);
#4651=ORIENTED_EDGE('',*,*,#3551,.T.);
#4652=ORIENTED_EDGE('',*,*,#3191,.F.);
#4653=ORIENTED_EDGE('',*,*,#3552,.F.);
#4654=ORIENTED_EDGE('',*,*,#3275,.F.);
#4655=ORIENTED_EDGE('',*,*,#3258,.T.);
#4656=ORIENTED_EDGE('',*,*,#3338,.F.);
#4657=ORIENTED_EDGE('',*,*,#3553,.F.);
#4658=ORIENTED_EDGE('',*,*,#3554,.F.);
#4659=ORIENTED_EDGE('',*,*,#3555,.F.);
#4660=ORIENTED_EDGE('',*,*,#3426,.F.);
#4661=ORIENTED_EDGE('',*,*,#3274,.F.);
#4662=ORIENTED_EDGE('',*,*,#3556,.F.);
#4663=ORIENTED_EDGE('',*,*,#3557,.T.);
#4664=ORIENTED_EDGE('',*,*,#3307,.F.);
#4665=ORIENTED_EDGE('',*,*,#3557,.F.);
#4666=ORIENTED_EDGE('',*,*,#3556,.T.);
#4667=ORIENTED_EDGE('',*,*,#3558,.T.);
#4668=ORIENTED_EDGE('',*,*,#3559,.F.);
#4669=ORIENTED_EDGE('',*,*,#3560,.T.);
#4670=ORIENTED_EDGE('',*,*,#3308,.F.);
#4671=ORIENTED_EDGE('',*,*,#3560,.F.);
#4672=ORIENTED_EDGE('',*,*,#3559,.T.);
#4673=ORIENTED_EDGE('',*,*,#3561,.T.);
#4674=ORIENTED_EDGE('',*,*,#3562,.F.);
#4675=ORIENTED_EDGE('',*,*,#3563,.T.);
#4676=ORIENTED_EDGE('',*,*,#3309,.F.);
#4677=ORIENTED_EDGE('',*,*,#3563,.F.);
#4678=ORIENTED_EDGE('',*,*,#3562,.T.);
#4679=ORIENTED_EDGE('',*,*,#3564,.T.);
#4680=ORIENTED_EDGE('',*,*,#3565,.F.);
#4681=ORIENTED_EDGE('',*,*,#3566,.T.);
#4682=ORIENTED_EDGE('',*,*,#3310,.F.);
#4683=ORIENTED_EDGE('',*,*,#3566,.F.);
#4684=ORIENTED_EDGE('',*,*,#3565,.T.);
#4685=ORIENTED_EDGE('',*,*,#3567,.T.);
#4686=ORIENTED_EDGE('',*,*,#3568,.T.);
#4687=ORIENTED_EDGE('',*,*,#3569,.T.);
#4688=ORIENTED_EDGE('',*,*,#3429,.F.);
#4689=ORIENTED_EDGE('',*,*,#3570,.F.);
#4690=ORIENTED_EDGE('',*,*,#3571,.F.);
#4691=ORIENTED_EDGE('',*,*,#3572,.T.);
#4692=ORIENTED_EDGE('',*,*,#3573,.T.);
#4693=ORIENTED_EDGE('',*,*,#3572,.F.);
#4694=ORIENTED_EDGE('',*,*,#3573,.F.);
#4695=ORIENTED_EDGE('',*,*,#3574,.F.);
#4696=ORIENTED_EDGE('',*,*,#3575,.T.);
#4697=ORIENTED_EDGE('',*,*,#3576,.T.);
#4698=ORIENTED_EDGE('',*,*,#3575,.F.);
#4699=ORIENTED_EDGE('',*,*,#3576,.F.);
#4700=ORIENTED_EDGE('',*,*,#3577,.F.);
#4701=ORIENTED_EDGE('',*,*,#3578,.T.);
#4702=ORIENTED_EDGE('',*,*,#3579,.T.);
#4703=ORIENTED_EDGE('',*,*,#3578,.F.);
#4704=ORIENTED_EDGE('',*,*,#3579,.F.);
#4705=ORIENTED_EDGE('',*,*,#3580,.F.);
#4706=ORIENTED_EDGE('',*,*,#3581,.T.);
#4707=ORIENTED_EDGE('',*,*,#3582,.T.);
#4708=ORIENTED_EDGE('',*,*,#3581,.F.);
#4709=ORIENTED_EDGE('',*,*,#3582,.F.);
#4710=ORIENTED_EDGE('',*,*,#3583,.F.);
#4711=ORIENTED_EDGE('',*,*,#3584,.T.);
#4712=ORIENTED_EDGE('',*,*,#3585,.T.);
#4713=ORIENTED_EDGE('',*,*,#3584,.F.);
#4714=ORIENTED_EDGE('',*,*,#3585,.F.);
#4715=ORIENTED_EDGE('',*,*,#3586,.F.);
#4716=ORIENTED_EDGE('',*,*,#3587,.T.);
#4717=ORIENTED_EDGE('',*,*,#3588,.T.);
#4718=ORIENTED_EDGE('',*,*,#3587,.F.);
#4719=ORIENTED_EDGE('',*,*,#3588,.F.);
#4720=ORIENTED_EDGE('',*,*,#3169,.T.);
#4721=ORIENTED_EDGE('',*,*,#3589,.T.);
#4722=ORIENTED_EDGE('',*,*,#3590,.T.);
#4723=ORIENTED_EDGE('',*,*,#3589,.F.);
#4724=ORIENTED_EDGE('',*,*,#3590,.F.);
#4725=ORIENTED_EDGE('',*,*,#3170,.T.);
#4726=ORIENTED_EDGE('',*,*,#3591,.T.);
#4727=ORIENTED_EDGE('',*,*,#3592,.T.);
#4728=ORIENTED_EDGE('',*,*,#3591,.F.);
#4729=ORIENTED_EDGE('',*,*,#3592,.F.);
#4730=ORIENTED_EDGE('',*,*,#3229,.T.);
#4731=ORIENTED_EDGE('',*,*,#3593,.T.);
#4732=ORIENTED_EDGE('',*,*,#3594,.T.);
#4733=ORIENTED_EDGE('',*,*,#3593,.F.);
#4734=ORIENTED_EDGE('',*,*,#3594,.F.);
#4735=ORIENTED_EDGE('',*,*,#3230,.T.);
#4736=ORIENTED_EDGE('',*,*,#3595,.T.);
#4737=ORIENTED_EDGE('',*,*,#3596,.T.);
#4738=ORIENTED_EDGE('',*,*,#3595,.F.);
#4739=ORIENTED_EDGE('',*,*,#3596,.F.);
#4740=ORIENTED_EDGE('',*,*,#3250,.T.);
#4741=ORIENTED_EDGE('',*,*,#3597,.T.);
#4742=ORIENTED_EDGE('',*,*,#3598,.T.);
#4743=ORIENTED_EDGE('',*,*,#3597,.F.);
#4744=ORIENTED_EDGE('',*,*,#3598,.F.);
#4745=ORIENTED_EDGE('',*,*,#3251,.T.);
#4746=ORIENTED_EDGE('',*,*,#3599,.T.);
#4747=ORIENTED_EDGE('',*,*,#3600,.T.);
#4748=ORIENTED_EDGE('',*,*,#3599,.F.);
#4749=ORIENTED_EDGE('',*,*,#3600,.F.);
#4750=ORIENTED_EDGE('',*,*,#3318,.T.);
#4751=ORIENTED_EDGE('',*,*,#3601,.T.);
#4752=ORIENTED_EDGE('',*,*,#3602,.T.);
#4753=ORIENTED_EDGE('',*,*,#3601,.F.);
#4754=ORIENTED_EDGE('',*,*,#3603,.F.);
#4755=ORIENTED_EDGE('',*,*,#3604,.T.);
#4756=ORIENTED_EDGE('',*,*,#3602,.F.);
#4757=ORIENTED_EDGE('',*,*,#3604,.F.);
#4758=ORIENTED_EDGE('',*,*,#3311,.T.);
#4759=ORIENTED_EDGE('',*,*,#3605,.T.);
#4760=ORIENTED_EDGE('',*,*,#3606,.T.);
#4761=ORIENTED_EDGE('',*,*,#3605,.F.);
#4762=ORIENTED_EDGE('',*,*,#3607,.F.);
#4763=ORIENTED_EDGE('',*,*,#3608,.T.);
#4764=ORIENTED_EDGE('',*,*,#3606,.F.);
#4765=ORIENTED_EDGE('',*,*,#3608,.F.);
#4766=ORIENTED_EDGE('',*,*,#3317,.T.);
#4767=ORIENTED_EDGE('',*,*,#3609,.T.);
#4768=ORIENTED_EDGE('',*,*,#3610,.T.);
#4769=ORIENTED_EDGE('',*,*,#3609,.F.);
#4770=ORIENTED_EDGE('',*,*,#3611,.F.);
#4771=ORIENTED_EDGE('',*,*,#3612,.T.);
#4772=ORIENTED_EDGE('',*,*,#3610,.F.);
#4773=ORIENTED_EDGE('',*,*,#3612,.F.);
#4774=ORIENTED_EDGE('',*,*,#3312,.T.);
#4775=ORIENTED_EDGE('',*,*,#3613,.T.);
#4776=ORIENTED_EDGE('',*,*,#3614,.T.);
#4777=ORIENTED_EDGE('',*,*,#3613,.F.);
#4778=ORIENTED_EDGE('',*,*,#3615,.F.);
#4779=ORIENTED_EDGE('',*,*,#3616,.T.);
#4780=ORIENTED_EDGE('',*,*,#3614,.F.);
#4781=ORIENTED_EDGE('',*,*,#3616,.F.);
#4782=ORIENTED_EDGE('',*,*,#3617,.T.);
#4783=ORIENTED_EDGE('',*,*,#3322,.T.);
#4784=ORIENTED_EDGE('',*,*,#3618,.T.);
#4785=ORIENTED_EDGE('',*,*,#3619,.T.);
#4786=ORIENTED_EDGE('',*,*,#3620,.T.);
#4787=ORIENTED_EDGE('',*,*,#3323,.T.);
#4788=ORIENTED_EDGE('',*,*,#3617,.F.);
#4789=ORIENTED_EDGE('',*,*,#3621,.T.);
#4790=ORIENTED_EDGE('',*,*,#3622,.T.);
#4791=ORIENTED_EDGE('',*,*,#3324,.T.);
#4792=ORIENTED_EDGE('',*,*,#3620,.F.);
#4793=ORIENTED_EDGE('',*,*,#3623,.T.);
#4794=ORIENTED_EDGE('',*,*,#3624,.T.);
#4795=ORIENTED_EDGE('',*,*,#3325,.T.);
#4796=ORIENTED_EDGE('',*,*,#3622,.F.);
#4797=ORIENTED_EDGE('',*,*,#3625,.T.);
#4798=ORIENTED_EDGE('',*,*,#3626,.T.);
#4799=ORIENTED_EDGE('',*,*,#3326,.T.);
#4800=ORIENTED_EDGE('',*,*,#3624,.F.);
#4801=ORIENTED_EDGE('',*,*,#3627,.T.);
#4802=ORIENTED_EDGE('',*,*,#3628,.T.);
#4803=ORIENTED_EDGE('',*,*,#3327,.T.);
#4804=ORIENTED_EDGE('',*,*,#3626,.F.);
#4805=ORIENTED_EDGE('',*,*,#3629,.T.);
#4806=ORIENTED_EDGE('',*,*,#3630,.T.);
#4807=ORIENTED_EDGE('',*,*,#3328,.T.);
#4808=ORIENTED_EDGE('',*,*,#3628,.F.);
#4809=ORIENTED_EDGE('',*,*,#3631,.T.);
#4810=ORIENTED_EDGE('',*,*,#3618,.F.);
#4811=ORIENTED_EDGE('',*,*,#3329,.T.);
#4812=ORIENTED_EDGE('',*,*,#3630,.F.);
#4813=ORIENTED_EDGE('',*,*,#3632,.T.);
#4814=ORIENTED_EDGE('',*,*,#3625,.F.);
#4815=ORIENTED_EDGE('',*,*,#3633,.T.);
#4816=ORIENTED_EDGE('',*,*,#3634,.T.);
#4817=ORIENTED_EDGE('',*,*,#3635,.F.);
#4818=ORIENTED_EDGE('',*,*,#3623,.F.);
#4819=ORIENTED_EDGE('',*,*,#3636,.T.);
#4820=ORIENTED_EDGE('',*,*,#3637,.T.);
#4821=ORIENTED_EDGE('',*,*,#3633,.F.);
#4822=ORIENTED_EDGE('',*,*,#3621,.F.);
#4823=ORIENTED_EDGE('',*,*,#3638,.T.);
#4824=ORIENTED_EDGE('',*,*,#3639,.T.);
#4825=ORIENTED_EDGE('',*,*,#3636,.F.);
#4826=ORIENTED_EDGE('',*,*,#3619,.F.);
#4827=ORIENTED_EDGE('',*,*,#3640,.T.);
#4828=ORIENTED_EDGE('',*,*,#3641,.T.);
#4829=ORIENTED_EDGE('',*,*,#3638,.F.);
#4830=ORIENTED_EDGE('',*,*,#3330,.F.);
#4831=ORIENTED_EDGE('',*,*,#3642,.T.);
#4832=ORIENTED_EDGE('',*,*,#3643,.T.);
#4833=ORIENTED_EDGE('',*,*,#3642,.F.);
#4834=ORIENTED_EDGE('',*,*,#3643,.F.);
#4835=ORIENTED_EDGE('',*,*,#3331,.F.);
#4836=ORIENTED_EDGE('',*,*,#3644,.T.);
#4837=ORIENTED_EDGE('',*,*,#3645,.T.);
#4838=ORIENTED_EDGE('',*,*,#3644,.F.);
#4839=ORIENTED_EDGE('',*,*,#3645,.F.);
#4840=ORIENTED_EDGE('',*,*,#3332,.F.);
#4841=ORIENTED_EDGE('',*,*,#3646,.T.);
#4842=ORIENTED_EDGE('',*,*,#3647,.T.);
#4843=ORIENTED_EDGE('',*,*,#3646,.F.);
#4844=ORIENTED_EDGE('',*,*,#3647,.F.);
#4845=ORIENTED_EDGE('',*,*,#3333,.F.);
#4846=ORIENTED_EDGE('',*,*,#3648,.T.);
#4847=ORIENTED_EDGE('',*,*,#3649,.T.);
#4848=ORIENTED_EDGE('',*,*,#3648,.F.);
#4849=ORIENTED_EDGE('',*,*,#3649,.F.);
#4850=ORIENTED_EDGE('',*,*,#3334,.F.);
#4851=ORIENTED_EDGE('',*,*,#3650,.T.);
#4852=ORIENTED_EDGE('',*,*,#3651,.T.);
#4853=ORIENTED_EDGE('',*,*,#3650,.F.);
#4854=ORIENTED_EDGE('',*,*,#3651,.F.);
#4855=ORIENTED_EDGE('',*,*,#3335,.F.);
#4856=ORIENTED_EDGE('',*,*,#3652,.T.);
#4857=ORIENTED_EDGE('',*,*,#3653,.T.);
#4858=ORIENTED_EDGE('',*,*,#3652,.F.);
#4859=ORIENTED_EDGE('',*,*,#3653,.F.);
#4860=ORIENTED_EDGE('',*,*,#3336,.F.);
#4861=ORIENTED_EDGE('',*,*,#3654,.T.);
#4862=ORIENTED_EDGE('',*,*,#3655,.T.);
#4863=ORIENTED_EDGE('',*,*,#3654,.F.);
#4864=ORIENTED_EDGE('',*,*,#3655,.F.);
#4865=ORIENTED_EDGE('',*,*,#3337,.F.);
#4866=ORIENTED_EDGE('',*,*,#3656,.T.);
#4867=ORIENTED_EDGE('',*,*,#3657,.T.);
#4868=ORIENTED_EDGE('',*,*,#3656,.F.);
#4869=ORIENTED_EDGE('',*,*,#3657,.F.);
#4870=ORIENTED_EDGE('',*,*,#3632,.F.);
#4871=ORIENTED_EDGE('',*,*,#3658,.T.);
#4872=ORIENTED_EDGE('',*,*,#3659,.T.);
#4873=ORIENTED_EDGE('',*,*,#3640,.F.);
#4874=ORIENTED_EDGE('',*,*,#3631,.F.);
#4875=ORIENTED_EDGE('',*,*,#3660,.T.);
#4876=ORIENTED_EDGE('',*,*,#3661,.T.);
#4877=ORIENTED_EDGE('',*,*,#3658,.F.);
#4878=ORIENTED_EDGE('',*,*,#3629,.F.);
#4879=ORIENTED_EDGE('',*,*,#3662,.T.);
#4880=ORIENTED_EDGE('',*,*,#3663,.T.);
#4881=ORIENTED_EDGE('',*,*,#3660,.F.);
#4882=ORIENTED_EDGE('',*,*,#3627,.F.);
#4883=ORIENTED_EDGE('',*,*,#3635,.T.);
#4884=ORIENTED_EDGE('',*,*,#3664,.T.);
#4885=ORIENTED_EDGE('',*,*,#3662,.F.);
#4886=ORIENTED_EDGE('',*,*,#3665,.F.);
#4887=ORIENTED_EDGE('',*,*,#3179,.F.);
#4888=ORIENTED_EDGE('',*,*,#3666,.F.);
#4889=ORIENTED_EDGE('',*,*,#3237,.F.);
#4890=ORIENTED_EDGE('',*,*,#3667,.F.);
#4891=ORIENTED_EDGE('',*,*,#3255,.F.);
#4892=ORIENTED_EDGE('',*,*,#3668,.F.);
#4893=ORIENTED_EDGE('',*,*,#3669,.F.);
#4894=ORIENTED_EDGE('',*,*,#3637,.F.);
#4895=ORIENTED_EDGE('',*,*,#3639,.F.);
#4896=ORIENTED_EDGE('',*,*,#3641,.F.);
#4897=ORIENTED_EDGE('',*,*,#3659,.F.);
#4898=ORIENTED_EDGE('',*,*,#3661,.F.);
#4899=ORIENTED_EDGE('',*,*,#3663,.F.);
#4900=ORIENTED_EDGE('',*,*,#3664,.F.);
#4901=ORIENTED_EDGE('',*,*,#3634,.F.);
#4902=ORIENTED_EDGE('',*,*,#3232,.T.);
#4903=ORIENTED_EDGE('',*,*,#3238,.F.);
#4904=ORIENTED_EDGE('',*,*,#3666,.T.);
#4905=ORIENTED_EDGE('',*,*,#3178,.T.);
#4906=ORIENTED_EDGE('',*,*,#3571,.T.);
#4907=ORIENTED_EDGE('',*,*,#3574,.T.);
#4908=ORIENTED_EDGE('',*,*,#3172,.T.);
#4909=ORIENTED_EDGE('',*,*,#3180,.F.);
#4910=ORIENTED_EDGE('',*,*,#3665,.T.);
#4911=ORIENTED_EDGE('',*,*,#3670,.T.);
#4912=ORIENTED_EDGE('',*,*,#3577,.T.);
#4913=ORIENTED_EDGE('',*,*,#3580,.T.);
#4914=ORIENTED_EDGE('',*,*,#3253,.T.);
#4915=ORIENTED_EDGE('',*,*,#3256,.F.);
#4916=ORIENTED_EDGE('',*,*,#3667,.T.);
#4917=ORIENTED_EDGE('',*,*,#3236,.T.);
#4918=ORIENTED_EDGE('',*,*,#3583,.T.);
#4919=ORIENTED_EDGE('',*,*,#3586,.T.);
#4920=ORIENTED_EDGE('',*,*,#3668,.T.);
#4921=ORIENTED_EDGE('',*,*,#3254,.T.);
#4922=ORIENTED_EDGE('',*,*,#3182,.F.);
#4923=ORIENTED_EDGE('',*,*,#3671,.F.);
#4924=ORIENTED_EDGE('',*,*,#3461,.T.);
#4925=ORIENTED_EDGE('',*,*,#3489,.T.);
#4926=ORIENTED_EDGE('',*,*,#3486,.T.);
#4927=ORIENTED_EDGE('',*,*,#3483,.T.);
#4928=ORIENTED_EDGE('',*,*,#3480,.T.);
#4929=ORIENTED_EDGE('',*,*,#3477,.T.);
#4930=ORIENTED_EDGE('',*,*,#3474,.T.);
#4931=ORIENTED_EDGE('',*,*,#3471,.T.);
#4932=ORIENTED_EDGE('',*,*,#3468,.T.);
#4933=ORIENTED_EDGE('',*,*,#3465,.T.);
#4934=ORIENTED_EDGE('',*,*,#3491,.T.);
#4935=ORIENTED_EDGE('',*,*,#3510,.T.);
#4936=ORIENTED_EDGE('',*,*,#3507,.T.);
#4937=ORIENTED_EDGE('',*,*,#3504,.T.);
#4938=ORIENTED_EDGE('',*,*,#3501,.T.);
#4939=ORIENTED_EDGE('',*,*,#3498,.T.);
#4940=ORIENTED_EDGE('',*,*,#3495,.T.);
#4941=ORIENTED_EDGE('',*,*,#3512,.T.);
#4942=ORIENTED_EDGE('',*,*,#3522,.T.);
#4943=ORIENTED_EDGE('',*,*,#3519,.T.);
#4944=ORIENTED_EDGE('',*,*,#3516,.T.);
#4945=ORIENTED_EDGE('',*,*,#3173,.T.);
#4946=ORIENTED_EDGE('',*,*,#3670,.F.);
#4947=ORIENTED_EDGE('',*,*,#3669,.T.);
#4948=ORIENTED_EDGE('',*,*,#3671,.T.);
#4949=ORIENTED_EDGE('',*,*,#3181,.F.);
#4950=ORIENTED_EDGE('',*,*,#3160,.T.);
#4951=ORIENTED_EDGE('',*,*,#3164,.T.);
#4952=ORIENTED_EDGE('',*,*,#3672,.T.);
#4953=ORIENTED_EDGE('',*,*,#3673,.T.);
#4954=ORIENTED_EDGE('',*,*,#3607,.T.);
#4955=ORIENTED_EDGE('',*,*,#3673,.F.);
#4956=ORIENTED_EDGE('',*,*,#3674,.T.);
#4957=ORIENTED_EDGE('',*,*,#3675,.F.);
#4958=ORIENTED_EDGE('',*,*,#3676,.F.);
#4959=ORIENTED_EDGE('',*,*,#3677,.T.);
#4960=ORIENTED_EDGE('',*,*,#3678,.F.);
#4961=ORIENTED_EDGE('',*,*,#3679,.F.);
#4962=ORIENTED_EDGE('',*,*,#3680,.T.);
#4963=ORIENTED_EDGE('',*,*,#3681,.F.);
#4964=ORIENTED_EDGE('',*,*,#3682,.T.);
#4965=ORIENTED_EDGE('',*,*,#3683,.F.);
#4966=ORIENTED_EDGE('',*,*,#3672,.F.);
#4967=ORIENTED_EDGE('',*,*,#3684,.T.);
#4968=ORIENTED_EDGE('',*,*,#3685,.T.);
#4969=ORIENTED_EDGE('',*,*,#3611,.T.);
#4970=ORIENTED_EDGE('',*,*,#3685,.F.);
#4971=ORIENTED_EDGE('',*,*,#3686,.T.);
#4972=ORIENTED_EDGE('',*,*,#3687,.F.);
#4973=ORIENTED_EDGE('',*,*,#3688,.T.);
#4974=ORIENTED_EDGE('',*,*,#3689,.F.);
#4975=ORIENTED_EDGE('',*,*,#3690,.F.);
#4976=ORIENTED_EDGE('',*,*,#3691,.T.);
#4977=ORIENTED_EDGE('',*,*,#3692,.F.);
#4978=ORIENTED_EDGE('',*,*,#3693,.F.);
#4979=ORIENTED_EDGE('',*,*,#3694,.T.);
#4980=ORIENTED_EDGE('',*,*,#3695,.F.);
#4981=ORIENTED_EDGE('',*,*,#3684,.F.);
#4982=ORIENTED_EDGE('',*,*,#3696,.T.);
#4983=ORIENTED_EDGE('',*,*,#3697,.T.);
#4984=ORIENTED_EDGE('',*,*,#3615,.T.);
#4985=ORIENTED_EDGE('',*,*,#3697,.F.);
#4986=ORIENTED_EDGE('',*,*,#3698,.T.);
#4987=ORIENTED_EDGE('',*,*,#3699,.F.);
#4988=ORIENTED_EDGE('',*,*,#3700,.T.);
#4989=ORIENTED_EDGE('',*,*,#3701,.F.);
#4990=ORIENTED_EDGE('',*,*,#3702,.F.);
#4991=ORIENTED_EDGE('',*,*,#3703,.T.);
#4992=ORIENTED_EDGE('',*,*,#3704,.F.);
#4993=ORIENTED_EDGE('',*,*,#3705,.F.);
#4994=ORIENTED_EDGE('',*,*,#3706,.T.);
#4995=ORIENTED_EDGE('',*,*,#3707,.F.);
#4996=ORIENTED_EDGE('',*,*,#3696,.F.);
#4997=ORIENTED_EDGE('',*,*,#3458,.T.);
#4998=ORIENTED_EDGE('',*,*,#3708,.T.);
#4999=ORIENTED_EDGE('',*,*,#3603,.T.);
#5000=ORIENTED_EDGE('',*,*,#3708,.F.);
#5001=ORIENTED_EDGE('',*,*,#3554,.T.);
#5002=ORIENTED_EDGE('',*,*,#3709,.F.);
#5003=ORIENTED_EDGE('',*,*,#3710,.F.);
#5004=ORIENTED_EDGE('',*,*,#3568,.F.);
#5005=ORIENTED_EDGE('',*,*,#3711,.F.);
#5006=ORIENTED_EDGE('',*,*,#3712,.F.);
#5007=ORIENTED_EDGE('',*,*,#3441,.F.);
#5008=ORIENTED_EDGE('',*,*,#3713,.T.);
#5009=ORIENTED_EDGE('',*,*,#3564,.F.);
#5010=ORIENTED_EDGE('',*,*,#3713,.F.);
#5011=ORIENTED_EDGE('',*,*,#3714,.F.);
#5012=ORIENTED_EDGE('',*,*,#3715,.T.);
#5013=ORIENTED_EDGE('',*,*,#3530,.F.);
#5014=ORIENTED_EDGE('',*,*,#3715,.F.);
#5015=ORIENTED_EDGE('',*,*,#3716,.F.);
#5016=ORIENTED_EDGE('',*,*,#3717,.T.);
#5017=ORIENTED_EDGE('',*,*,#3561,.F.);
#5018=ORIENTED_EDGE('',*,*,#3717,.F.);
#5019=ORIENTED_EDGE('',*,*,#3718,.F.);
#5020=ORIENTED_EDGE('',*,*,#3719,.T.);
#5021=ORIENTED_EDGE('',*,*,#3567,.F.);
#5022=ORIENTED_EDGE('',*,*,#3719,.F.);
#5023=ORIENTED_EDGE('',*,*,#3720,.F.);
#5024=ORIENTED_EDGE('',*,*,#3721,.T.);
#5025=ORIENTED_EDGE('',*,*,#3558,.F.);
#5026=ORIENTED_EDGE('',*,*,#3721,.F.);
#5027=ORIENTED_EDGE('',*,*,#3722,.F.);
#5028=ORIENTED_EDGE('',*,*,#3723,.F.);
#5029=ORIENTED_EDGE('',*,*,#3724,.F.);
#5030=ORIENTED_EDGE('',*,*,#3725,.F.);
#5031=ORIENTED_EDGE('',*,*,#3726,.F.);
#5032=ORIENTED_EDGE('',*,*,#3727,.F.);
#5033=ORIENTED_EDGE('',*,*,#3728,.F.);
#5034=ORIENTED_EDGE('',*,*,#3729,.F.);
#5035=ORIENTED_EDGE('',*,*,#3730,.F.);
#5036=ORIENTED_EDGE('',*,*,#3731,.F.);
#5037=ORIENTED_EDGE('',*,*,#3732,.F.);
#5038=ORIENTED_EDGE('',*,*,#3733,.F.);
#5039=ORIENTED_EDGE('',*,*,#3734,.F.);
#5040=ORIENTED_EDGE('',*,*,#3735,.F.);
#5041=ORIENTED_EDGE('',*,*,#3736,.F.);
#5042=ORIENTED_EDGE('',*,*,#3737,.F.);
#5043=ORIENTED_EDGE('',*,*,#3724,.T.);
#5044=ORIENTED_EDGE('',*,*,#3738,.T.);
#5045=ORIENTED_EDGE('',*,*,#3739,.F.);
#5046=ORIENTED_EDGE('',*,*,#3740,.F.);
#5047=ORIENTED_EDGE('',*,*,#3735,.T.);
#5048=ORIENTED_EDGE('',*,*,#3698,.F.);
#5049=ORIENTED_EDGE('',*,*,#3725,.T.);
#5050=ORIENTED_EDGE('',*,*,#3740,.T.);
#5051=ORIENTED_EDGE('',*,*,#3741,.F.);
#5052=ORIENTED_EDGE('',*,*,#3742,.F.);
#5053=ORIENTED_EDGE('',*,*,#3736,.T.);
#5054=ORIENTED_EDGE('',*,*,#3742,.T.);
#5055=ORIENTED_EDGE('',*,*,#3743,.F.);
#5056=ORIENTED_EDGE('',*,*,#3744,.F.);
#5057=ORIENTED_EDGE('',*,*,#3731,.T.);
#5058=ORIENTED_EDGE('',*,*,#3745,.F.);
#5059=ORIENTED_EDGE('',*,*,#3737,.T.);
#5060=ORIENTED_EDGE('',*,*,#3744,.T.);
#5061=ORIENTED_EDGE('',*,*,#3746,.F.);
#5062=ORIENTED_EDGE('',*,*,#3747,.F.);
#5063=ORIENTED_EDGE('',*,*,#3732,.T.);
#5064=ORIENTED_EDGE('',*,*,#3747,.T.);
#5065=ORIENTED_EDGE('',*,*,#3748,.F.);
#5066=ORIENTED_EDGE('',*,*,#3749,.F.);
#5067=ORIENTED_EDGE('',*,*,#3727,.T.);
#5068=ORIENTED_EDGE('',*,*,#3453,.F.);
#5069=ORIENTED_EDGE('',*,*,#3733,.T.);
#5070=ORIENTED_EDGE('',*,*,#3749,.T.);
#5071=ORIENTED_EDGE('',*,*,#3750,.F.);
#5072=ORIENTED_EDGE('',*,*,#3751,.F.);
#5073=ORIENTED_EDGE('',*,*,#3728,.T.);
#5074=ORIENTED_EDGE('',*,*,#3751,.T.);
#5075=ORIENTED_EDGE('',*,*,#3752,.F.);
#5076=ORIENTED_EDGE('',*,*,#3753,.F.);
#5077=ORIENTED_EDGE('',*,*,#3723,.T.);
#5078=ORIENTED_EDGE('',*,*,#3754,.F.);
#5079=ORIENTED_EDGE('',*,*,#3729,.T.);
#5080=ORIENTED_EDGE('',*,*,#3753,.T.);
#5081=ORIENTED_EDGE('',*,*,#3755,.F.);
#5082=ORIENTED_EDGE('',*,*,#3738,.F.);
#5083=ORIENTED_EDGE('',*,*,#3755,.T.);
#5084=ORIENTED_EDGE('',*,*,#3752,.T.);
#5085=ORIENTED_EDGE('',*,*,#3750,.T.);
#5086=ORIENTED_EDGE('',*,*,#3748,.T.);
#5087=ORIENTED_EDGE('',*,*,#3746,.T.);
#5088=ORIENTED_EDGE('',*,*,#3743,.T.);
#5089=ORIENTED_EDGE('',*,*,#3741,.T.);
#5090=ORIENTED_EDGE('',*,*,#3739,.T.);
#5091=ORIENTED_EDGE('',*,*,#3714,.T.);
#5092=ORIENTED_EDGE('',*,*,#3756,.F.);
#5093=ORIENTED_EDGE('',*,*,#3757,.F.);
#5094=ORIENTED_EDGE('',*,*,#3758,.F.);
#5095=ORIENTED_EDGE('',*,*,#3759,.F.);
#5096=ORIENTED_EDGE('',*,*,#3760,.F.);
#5097=ORIENTED_EDGE('',*,*,#3761,.F.);
#5098=ORIENTED_EDGE('',*,*,#3762,.F.);
#5099=ORIENTED_EDGE('',*,*,#3763,.F.);
#5100=ORIENTED_EDGE('',*,*,#3764,.F.);
#5101=ORIENTED_EDGE('',*,*,#3765,.F.);
#5102=ORIENTED_EDGE('',*,*,#3766,.F.);
#5103=ORIENTED_EDGE('',*,*,#3767,.F.);
#5104=ORIENTED_EDGE('',*,*,#3758,.T.);
#5105=ORIENTED_EDGE('',*,*,#3768,.T.);
#5106=ORIENTED_EDGE('',*,*,#3436,.F.);
#5107=ORIENTED_EDGE('',*,*,#3769,.F.);
#5108=ORIENTED_EDGE('',*,*,#3765,.T.);
#5109=ORIENTED_EDGE('',*,*,#3770,.F.);
#5110=ORIENTED_EDGE('',*,*,#3759,.T.);
#5111=ORIENTED_EDGE('',*,*,#3769,.T.);
#5112=ORIENTED_EDGE('',*,*,#3435,.F.);
#5113=ORIENTED_EDGE('',*,*,#3771,.F.);
#5114=ORIENTED_EDGE('',*,*,#3766,.T.);
#5115=ORIENTED_EDGE('',*,*,#3771,.T.);
#5116=ORIENTED_EDGE('',*,*,#3434,.F.);
#5117=ORIENTED_EDGE('',*,*,#3772,.F.);
#5118=ORIENTED_EDGE('',*,*,#3456,.T.);
#5119=ORIENTED_EDGE('',*,*,#3767,.T.);
#5120=ORIENTED_EDGE('',*,*,#3772,.T.);
#5121=ORIENTED_EDGE('',*,*,#3433,.F.);
#5122=ORIENTED_EDGE('',*,*,#3459,.F.);
#5123=ORIENTED_EDGE('',*,*,#3761,.T.);
#5124=ORIENTED_EDGE('',*,*,#3445,.F.);
#5125=ORIENTED_EDGE('',*,*,#3460,.T.);
#5126=ORIENTED_EDGE('',*,*,#3439,.F.);
#5127=ORIENTED_EDGE('',*,*,#3773,.F.);
#5128=ORIENTED_EDGE('',*,*,#3762,.T.);
#5129=ORIENTED_EDGE('',*,*,#3773,.T.);
#5130=ORIENTED_EDGE('',*,*,#3438,.F.);
#5131=ORIENTED_EDGE('',*,*,#3774,.F.);
#5132=ORIENTED_EDGE('',*,*,#3757,.T.);
#5133=ORIENTED_EDGE('',*,*,#3674,.F.);
#5134=ORIENTED_EDGE('',*,*,#3763,.T.);
#5135=ORIENTED_EDGE('',*,*,#3774,.T.);
#5136=ORIENTED_EDGE('',*,*,#3437,.F.);
#5137=ORIENTED_EDGE('',*,*,#3768,.F.);
#5138=ORIENTED_EDGE('',*,*,#3775,.F.);
#5139=ORIENTED_EDGE('',*,*,#3776,.F.);
#5140=ORIENTED_EDGE('',*,*,#3777,.F.);
#5141=ORIENTED_EDGE('',*,*,#3778,.F.);
#5142=ORIENTED_EDGE('',*,*,#3779,.F.);
#5143=ORIENTED_EDGE('',*,*,#3780,.F.);
#5144=ORIENTED_EDGE('',*,*,#3781,.F.);
#5145=ORIENTED_EDGE('',*,*,#3782,.F.);
#5146=ORIENTED_EDGE('',*,*,#3783,.F.);
#5147=ORIENTED_EDGE('',*,*,#3784,.F.);
#5148=ORIENTED_EDGE('',*,*,#3785,.F.);
#5149=ORIENTED_EDGE('',*,*,#3786,.F.);
#5150=ORIENTED_EDGE('',*,*,#3787,.F.);
#5151=ORIENTED_EDGE('',*,*,#3788,.F.);
#5152=ORIENTED_EDGE('',*,*,#3789,.F.);
#5153=ORIENTED_EDGE('',*,*,#3790,.F.);
#5154=ORIENTED_EDGE('',*,*,#3777,.T.);
#5155=ORIENTED_EDGE('',*,*,#3791,.T.);
#5156=ORIENTED_EDGE('',*,*,#3792,.F.);
#5157=ORIENTED_EDGE('',*,*,#3793,.F.);
#5158=ORIENTED_EDGE('',*,*,#3788,.T.);
#5159=ORIENTED_EDGE('',*,*,#3686,.F.);
#5160=ORIENTED_EDGE('',*,*,#3778,.T.);
#5161=ORIENTED_EDGE('',*,*,#3793,.T.);
#5162=ORIENTED_EDGE('',*,*,#3794,.F.);
#5163=ORIENTED_EDGE('',*,*,#3795,.F.);
#5164=ORIENTED_EDGE('',*,*,#3789,.T.);
#5165=ORIENTED_EDGE('',*,*,#3795,.T.);
#5166=ORIENTED_EDGE('',*,*,#3796,.F.);
#5167=ORIENTED_EDGE('',*,*,#3797,.F.);
#5168=ORIENTED_EDGE('',*,*,#3784,.T.);
#5169=ORIENTED_EDGE('',*,*,#3798,.F.);
#5170=ORIENTED_EDGE('',*,*,#3790,.T.);
#5171=ORIENTED_EDGE('',*,*,#3797,.T.);
#5172=ORIENTED_EDGE('',*,*,#3799,.F.);
#5173=ORIENTED_EDGE('',*,*,#3800,.F.);
#5174=ORIENTED_EDGE('',*,*,#3785,.T.);
#5175=ORIENTED_EDGE('',*,*,#3800,.T.);
#5176=ORIENTED_EDGE('',*,*,#3801,.F.);
#5177=ORIENTED_EDGE('',*,*,#3802,.F.);
#5178=ORIENTED_EDGE('',*,*,#3780,.T.);
#5179=ORIENTED_EDGE('',*,*,#3677,.F.);
#5180=ORIENTED_EDGE('',*,*,#3786,.T.);
#5181=ORIENTED_EDGE('',*,*,#3802,.T.);
#5182=ORIENTED_EDGE('',*,*,#3803,.F.);
#5183=ORIENTED_EDGE('',*,*,#3804,.F.);
#5184=ORIENTED_EDGE('',*,*,#3781,.T.);
#5185=ORIENTED_EDGE('',*,*,#3804,.T.);
#5186=ORIENTED_EDGE('',*,*,#3805,.F.);
#5187=ORIENTED_EDGE('',*,*,#3806,.F.);
#5188=ORIENTED_EDGE('',*,*,#3776,.T.);
#5189=ORIENTED_EDGE('',*,*,#3807,.F.);
#5190=ORIENTED_EDGE('',*,*,#3782,.T.);
#5191=ORIENTED_EDGE('',*,*,#3806,.T.);
#5192=ORIENTED_EDGE('',*,*,#3808,.F.);
#5193=ORIENTED_EDGE('',*,*,#3791,.F.);
#5194=ORIENTED_EDGE('',*,*,#3808,.T.);
#5195=ORIENTED_EDGE('',*,*,#3805,.T.);
#5196=ORIENTED_EDGE('',*,*,#3803,.T.);
#5197=ORIENTED_EDGE('',*,*,#3801,.T.);
#5198=ORIENTED_EDGE('',*,*,#3799,.T.);
#5199=ORIENTED_EDGE('',*,*,#3796,.T.);
#5200=ORIENTED_EDGE('',*,*,#3794,.T.);
#5201=ORIENTED_EDGE('',*,*,#3792,.T.);
#5202=ORIENTED_EDGE('',*,*,#3718,.T.);
#5203=ORIENTED_EDGE('',*,*,#3809,.F.);
#5204=ORIENTED_EDGE('',*,*,#3810,.F.);
#5205=ORIENTED_EDGE('',*,*,#3811,.F.);
#5206=ORIENTED_EDGE('',*,*,#3812,.F.);
#5207=ORIENTED_EDGE('',*,*,#3813,.F.);
#5208=ORIENTED_EDGE('',*,*,#3814,.F.);
#5209=ORIENTED_EDGE('',*,*,#3815,.F.);
#5210=ORIENTED_EDGE('',*,*,#3816,.F.);
#5211=ORIENTED_EDGE('',*,*,#3817,.F.);
#5212=ORIENTED_EDGE('',*,*,#3818,.F.);
#5213=ORIENTED_EDGE('',*,*,#3819,.F.);
#5214=ORIENTED_EDGE('',*,*,#3820,.F.);
#5215=ORIENTED_EDGE('',*,*,#3821,.F.);
#5216=ORIENTED_EDGE('',*,*,#3822,.F.);
#5217=ORIENTED_EDGE('',*,*,#3823,.F.);
#5218=ORIENTED_EDGE('',*,*,#3824,.F.);
#5219=ORIENTED_EDGE('',*,*,#3811,.T.);
#5220=ORIENTED_EDGE('',*,*,#3825,.T.);
#5221=ORIENTED_EDGE('',*,*,#3826,.F.);
#5222=ORIENTED_EDGE('',*,*,#3827,.F.);
#5223=ORIENTED_EDGE('',*,*,#3822,.T.);
#5224=ORIENTED_EDGE('',*,*,#3828,.F.);
#5225=ORIENTED_EDGE('',*,*,#3812,.T.);
#5226=ORIENTED_EDGE('',*,*,#3827,.T.);
#5227=ORIENTED_EDGE('',*,*,#3829,.F.);
#5228=ORIENTED_EDGE('',*,*,#3830,.F.);
#5229=ORIENTED_EDGE('',*,*,#3823,.T.);
#5230=ORIENTED_EDGE('',*,*,#3830,.T.);
#5231=ORIENTED_EDGE('',*,*,#3831,.F.);
#5232=ORIENTED_EDGE('',*,*,#3832,.F.);
#5233=ORIENTED_EDGE('',*,*,#3818,.T.);
#5234=ORIENTED_EDGE('',*,*,#3833,.F.);
#5235=ORIENTED_EDGE('',*,*,#3824,.T.);
#5236=ORIENTED_EDGE('',*,*,#3832,.T.);
#5237=ORIENTED_EDGE('',*,*,#3834,.F.);
#5238=ORIENTED_EDGE('',*,*,#3835,.F.);
#5239=ORIENTED_EDGE('',*,*,#3819,.T.);
#5240=ORIENTED_EDGE('',*,*,#3835,.T.);
#5241=ORIENTED_EDGE('',*,*,#3836,.F.);
#5242=ORIENTED_EDGE('',*,*,#3837,.F.);
#5243=ORIENTED_EDGE('',*,*,#3814,.T.);
#5244=ORIENTED_EDGE('',*,*,#3838,.F.);
#5245=ORIENTED_EDGE('',*,*,#3820,.T.);
#5246=ORIENTED_EDGE('',*,*,#3837,.T.);
#5247=ORIENTED_EDGE('',*,*,#3839,.F.);
#5248=ORIENTED_EDGE('',*,*,#3840,.F.);
#5249=ORIENTED_EDGE('',*,*,#3815,.T.);
#5250=ORIENTED_EDGE('',*,*,#3840,.T.);
#5251=ORIENTED_EDGE('',*,*,#3841,.F.);
#5252=ORIENTED_EDGE('',*,*,#3842,.F.);
#5253=ORIENTED_EDGE('',*,*,#3810,.T.);
#5254=ORIENTED_EDGE('',*,*,#3843,.F.);
#5255=ORIENTED_EDGE('',*,*,#3816,.T.);
#5256=ORIENTED_EDGE('',*,*,#3842,.T.);
#5257=ORIENTED_EDGE('',*,*,#3844,.F.);
#5258=ORIENTED_EDGE('',*,*,#3825,.F.);
#5259=ORIENTED_EDGE('',*,*,#3844,.T.);
#5260=ORIENTED_EDGE('',*,*,#3841,.T.);
#5261=ORIENTED_EDGE('',*,*,#3839,.T.);
#5262=ORIENTED_EDGE('',*,*,#3836,.T.);
#5263=ORIENTED_EDGE('',*,*,#3834,.T.);
#5264=ORIENTED_EDGE('',*,*,#3831,.T.);
#5265=ORIENTED_EDGE('',*,*,#3829,.T.);
#5266=ORIENTED_EDGE('',*,*,#3826,.T.);
#5267=ORIENTED_EDGE('',*,*,#3720,.T.);
#5268=ORIENTED_EDGE('',*,*,#3845,.F.);
#5269=ORIENTED_EDGE('',*,*,#3846,.F.);
#5270=ORIENTED_EDGE('',*,*,#3847,.F.);
#5271=ORIENTED_EDGE('',*,*,#3848,.F.);
#5272=ORIENTED_EDGE('',*,*,#3849,.F.);
#5273=ORIENTED_EDGE('',*,*,#3850,.F.);
#5274=ORIENTED_EDGE('',*,*,#3851,.F.);
#5275=ORIENTED_EDGE('',*,*,#3852,.F.);
#5276=ORIENTED_EDGE('',*,*,#3853,.F.);
#5277=ORIENTED_EDGE('',*,*,#3854,.F.);
#5278=ORIENTED_EDGE('',*,*,#3855,.F.);
#5279=ORIENTED_EDGE('',*,*,#3856,.F.);
#5280=ORIENTED_EDGE('',*,*,#3857,.F.);
#5281=ORIENTED_EDGE('',*,*,#3858,.F.);
#5282=ORIENTED_EDGE('',*,*,#3859,.F.);
#5283=ORIENTED_EDGE('',*,*,#3860,.F.);
#5284=ORIENTED_EDGE('',*,*,#3861,.F.);
#5285=ORIENTED_EDGE('',*,*,#3862,.F.);
#5286=ORIENTED_EDGE('',*,*,#3863,.F.);
#5287=ORIENTED_EDGE('',*,*,#3864,.F.);
#5288=ORIENTED_EDGE('',*,*,#3865,.F.);
#5289=ORIENTED_EDGE('',*,*,#3866,.F.);
#5290=ORIENTED_EDGE('',*,*,#3867,.F.);
#5291=ORIENTED_EDGE('',*,*,#3868,.F.);
#5292=ORIENTED_EDGE('',*,*,#3869,.F.);
#5293=ORIENTED_EDGE('',*,*,#3870,.F.);
#5294=ORIENTED_EDGE('',*,*,#3871,.F.);
#5295=ORIENTED_EDGE('',*,*,#3872,.F.);
#5296=ORIENTED_EDGE('',*,*,#3873,.F.);
#5297=ORIENTED_EDGE('',*,*,#3874,.F.);
#5298=ORIENTED_EDGE('',*,*,#3875,.F.);
#5299=ORIENTED_EDGE('',*,*,#3876,.F.);
#5300=ORIENTED_EDGE('',*,*,#3877,.F.);
#5301=ORIENTED_EDGE('',*,*,#3878,.F.);
#5302=ORIENTED_EDGE('',*,*,#3879,.F.);
#5303=ORIENTED_EDGE('',*,*,#3880,.F.);
#5304=ORIENTED_EDGE('',*,*,#3881,.F.);
#5305=ORIENTED_EDGE('',*,*,#3882,.F.);
#5306=ORIENTED_EDGE('',*,*,#3883,.F.);
#5307=ORIENTED_EDGE('',*,*,#3884,.F.);
#5308=ORIENTED_EDGE('',*,*,#3885,.F.);
#5309=ORIENTED_EDGE('',*,*,#3886,.F.);
#5310=ORIENTED_EDGE('',*,*,#3887,.F.);
#5311=ORIENTED_EDGE('',*,*,#3888,.F.);
#5312=ORIENTED_EDGE('',*,*,#3889,.F.);
#5313=ORIENTED_EDGE('',*,*,#3890,.F.);
#5314=ORIENTED_EDGE('',*,*,#3891,.F.);
#5315=ORIENTED_EDGE('',*,*,#3892,.F.);
#5316=ORIENTED_EDGE('',*,*,#3893,.F.);
#5317=ORIENTED_EDGE('',*,*,#3894,.F.);
#5318=ORIENTED_EDGE('',*,*,#3895,.F.);
#5319=ORIENTED_EDGE('',*,*,#3896,.F.);
#5320=ORIENTED_EDGE('',*,*,#3897,.F.);
#5321=ORIENTED_EDGE('',*,*,#3898,.F.);
#5322=ORIENTED_EDGE('',*,*,#3899,.F.);
#5323=ORIENTED_EDGE('',*,*,#3900,.F.);
#5324=ORIENTED_EDGE('',*,*,#3901,.F.);
#5325=ORIENTED_EDGE('',*,*,#3902,.F.);
#5326=ORIENTED_EDGE('',*,*,#3903,.F.);
#5327=ORIENTED_EDGE('',*,*,#3904,.F.);
#5328=ORIENTED_EDGE('',*,*,#3905,.F.);
#5329=ORIENTED_EDGE('',*,*,#3906,.F.);
#5330=ORIENTED_EDGE('',*,*,#3907,.F.);
#5331=ORIENTED_EDGE('',*,*,#3908,.F.);
#5332=ORIENTED_EDGE('',*,*,#3909,.F.);
#5333=ORIENTED_EDGE('',*,*,#3910,.F.);
#5334=ORIENTED_EDGE('',*,*,#3911,.F.);
#5335=ORIENTED_EDGE('',*,*,#3912,.F.);
#5336=ORIENTED_EDGE('',*,*,#3913,.F.);
#5337=ORIENTED_EDGE('',*,*,#3914,.F.);
#5338=ORIENTED_EDGE('',*,*,#3915,.F.);
#5339=ORIENTED_EDGE('',*,*,#3916,.F.);
#5340=ORIENTED_EDGE('',*,*,#3917,.F.);
#5341=ORIENTED_EDGE('',*,*,#3918,.F.);
#5342=ORIENTED_EDGE('',*,*,#3919,.F.);
#5343=ORIENTED_EDGE('',*,*,#3920,.F.);
#5344=ORIENTED_EDGE('',*,*,#3921,.F.);
#5345=ORIENTED_EDGE('',*,*,#3922,.F.);
#5346=ORIENTED_EDGE('',*,*,#3923,.F.);
#5347=ORIENTED_EDGE('',*,*,#3924,.F.);
#5348=ORIENTED_EDGE('',*,*,#3925,.F.);
#5349=ORIENTED_EDGE('',*,*,#3926,.F.);
#5350=ORIENTED_EDGE('',*,*,#3927,.F.);
#5351=ORIENTED_EDGE('',*,*,#3928,.F.);
#5352=ORIENTED_EDGE('',*,*,#3929,.F.);
#5353=ORIENTED_EDGE('',*,*,#3930,.F.);
#5354=ORIENTED_EDGE('',*,*,#3931,.F.);
#5355=ORIENTED_EDGE('',*,*,#3932,.F.);
#5356=ORIENTED_EDGE('',*,*,#3933,.F.);
#5357=ORIENTED_EDGE('',*,*,#3934,.F.);
#5358=ORIENTED_EDGE('',*,*,#3935,.F.);
#5359=ORIENTED_EDGE('',*,*,#3936,.F.);
#5360=ORIENTED_EDGE('',*,*,#3937,.F.);
#5361=ORIENTED_EDGE('',*,*,#3938,.F.);
#5362=ORIENTED_EDGE('',*,*,#3939,.F.);
#5363=ORIENTED_EDGE('',*,*,#3940,.F.);
#5364=ORIENTED_EDGE('',*,*,#3941,.F.);
#5365=ORIENTED_EDGE('',*,*,#3942,.F.);
#5366=ORIENTED_EDGE('',*,*,#3943,.F.);
#5367=ORIENTED_EDGE('',*,*,#3944,.F.);
#5368=ORIENTED_EDGE('',*,*,#3945,.F.);
#5369=ORIENTED_EDGE('',*,*,#3946,.F.);
#5370=ORIENTED_EDGE('',*,*,#3947,.F.);
#5371=ORIENTED_EDGE('',*,*,#3948,.F.);
#5372=ORIENTED_EDGE('',*,*,#3878,.T.);
#5373=ORIENTED_EDGE('',*,*,#3949,.T.);
#5374=ORIENTED_EDGE('',*,*,#3348,.F.);
#5375=ORIENTED_EDGE('',*,*,#3950,.F.);
#5376=ORIENTED_EDGE('',*,*,#3879,.T.);
#5377=ORIENTED_EDGE('',*,*,#3950,.T.);
#5378=ORIENTED_EDGE('',*,*,#3347,.F.);
#5379=ORIENTED_EDGE('',*,*,#3951,.F.);
#5380=ORIENTED_EDGE('',*,*,#3874,.T.);
#5381=ORIENTED_EDGE('',*,*,#3682,.F.);
#5382=ORIENTED_EDGE('',*,*,#3880,.T.);
#5383=ORIENTED_EDGE('',*,*,#3951,.T.);
#5384=ORIENTED_EDGE('',*,*,#3346,.F.);
#5385=ORIENTED_EDGE('',*,*,#3952,.F.);
#5386=ORIENTED_EDGE('',*,*,#3875,.T.);
#5387=ORIENTED_EDGE('',*,*,#3952,.T.);
#5388=ORIENTED_EDGE('',*,*,#3345,.F.);
#5389=ORIENTED_EDGE('',*,*,#3953,.F.);
#5390=ORIENTED_EDGE('',*,*,#3876,.T.);
#5391=ORIENTED_EDGE('',*,*,#3953,.T.);
#5392=ORIENTED_EDGE('',*,*,#3344,.F.);
#5393=ORIENTED_EDGE('',*,*,#3954,.F.);
#5394=ORIENTED_EDGE('',*,*,#3870,.T.);
#5395=ORIENTED_EDGE('',*,*,#3955,.T.);
#5396=ORIENTED_EDGE('',*,*,#3341,.F.);
#5397=ORIENTED_EDGE('',*,*,#3956,.F.);
#5398=ORIENTED_EDGE('',*,*,#3871,.T.);
#5399=ORIENTED_EDGE('',*,*,#3956,.T.);
#5400=ORIENTED_EDGE('',*,*,#3340,.F.);
#5401=ORIENTED_EDGE('',*,*,#3957,.F.);
#5402=ORIENTED_EDGE('',*,*,#3447,.T.);
#5403=ORIENTED_EDGE('',*,*,#3872,.T.);
#5404=ORIENTED_EDGE('',*,*,#3957,.T.);
#5405=ORIENTED_EDGE('',*,*,#3339,.F.);
#5406=ORIENTED_EDGE('',*,*,#3320,.F.);
#5407=ORIENTED_EDGE('',*,*,#3553,.T.);
#5408=ORIENTED_EDGE('',*,*,#3431,.F.);
#5409=ORIENTED_EDGE('',*,*,#3958,.F.);
#5410=ORIENTED_EDGE('',*,*,#3709,.T.);
#5411=ORIENTED_EDGE('',*,*,#3710,.T.);
#5412=ORIENTED_EDGE('',*,*,#3958,.T.);
#5413=ORIENTED_EDGE('',*,*,#3430,.F.);
#5414=ORIENTED_EDGE('',*,*,#3569,.F.);
#5415=ORIENTED_EDGE('',*,*,#3711,.T.);
#5416=ORIENTED_EDGE('',*,*,#3570,.T.);
#5417=ORIENTED_EDGE('',*,*,#3428,.F.);
#5418=ORIENTED_EDGE('',*,*,#3959,.F.);
#5419=ORIENTED_EDGE('',*,*,#3555,.T.);
#5420=ORIENTED_EDGE('',*,*,#3712,.T.);
#5421=ORIENTED_EDGE('',*,*,#3959,.T.);
#5422=ORIENTED_EDGE('',*,*,#3427,.F.);
#5423=ORIENTED_EDGE('',*,*,#3866,.T.);
#5424=ORIENTED_EDGE('',*,*,#3448,.F.);
#5425=ORIENTED_EDGE('',*,*,#3442,.T.);
#5426=ORIENTED_EDGE('',*,*,#3424,.F.);
#5427=ORIENTED_EDGE('',*,*,#3960,.F.);
#5428=ORIENTED_EDGE('',*,*,#3867,.T.);
#5429=ORIENTED_EDGE('',*,*,#3960,.T.);
#5430=ORIENTED_EDGE('',*,*,#3423,.F.);
#5431=ORIENTED_EDGE('',*,*,#3961,.F.);
#5432=ORIENTED_EDGE('',*,*,#3868,.T.);
#5433=ORIENTED_EDGE('',*,*,#3961,.T.);
#5434=ORIENTED_EDGE('',*,*,#3422,.F.);
#5435=ORIENTED_EDGE('',*,*,#3962,.F.);
#5436=ORIENTED_EDGE('',*,*,#3862,.T.);
#5437=ORIENTED_EDGE('',*,*,#3963,.T.);
#5438=ORIENTED_EDGE('',*,*,#3419,.F.);
#5439=ORIENTED_EDGE('',*,*,#3964,.F.);
#5440=ORIENTED_EDGE('',*,*,#3863,.T.);
#5441=ORIENTED_EDGE('',*,*,#3964,.T.);
#5442=ORIENTED_EDGE('',*,*,#3418,.F.);
#5443=ORIENTED_EDGE('',*,*,#3965,.F.);
#5444=ORIENTED_EDGE('',*,*,#3864,.T.);
#5445=ORIENTED_EDGE('',*,*,#3965,.T.);
#5446=ORIENTED_EDGE('',*,*,#3417,.F.);
#5447=ORIENTED_EDGE('',*,*,#3966,.F.);
#5448=ORIENTED_EDGE('',*,*,#3858,.T.);
#5449=ORIENTED_EDGE('',*,*,#3967,.T.);
#5450=ORIENTED_EDGE('',*,*,#3415,.F.);
#5451=ORIENTED_EDGE('',*,*,#3968,.F.);
#5452=ORIENTED_EDGE('',*,*,#3859,.T.);
#5453=ORIENTED_EDGE('',*,*,#3968,.T.);
#5454=ORIENTED_EDGE('',*,*,#3414,.F.);
#5455=ORIENTED_EDGE('',*,*,#3969,.F.);
#5456=ORIENTED_EDGE('',*,*,#3854,.T.);
#5457=ORIENTED_EDGE('',*,*,#3450,.F.);
#5458=ORIENTED_EDGE('',*,*,#3860,.T.);
#5459=ORIENTED_EDGE('',*,*,#3969,.T.);
#5460=ORIENTED_EDGE('',*,*,#3413,.F.);
#5461=ORIENTED_EDGE('',*,*,#3970,.F.);
#5462=ORIENTED_EDGE('',*,*,#3855,.T.);
#5463=ORIENTED_EDGE('',*,*,#3970,.T.);
#5464=ORIENTED_EDGE('',*,*,#3412,.F.);
#5465=ORIENTED_EDGE('',*,*,#3971,.F.);
#5466=ORIENTED_EDGE('',*,*,#3856,.T.);
#5467=ORIENTED_EDGE('',*,*,#3971,.T.);
#5468=ORIENTED_EDGE('',*,*,#3411,.F.);
#5469=ORIENTED_EDGE('',*,*,#3972,.F.);
#5470=ORIENTED_EDGE('',*,*,#3850,.T.);
#5471=ORIENTED_EDGE('',*,*,#3973,.T.);
#5472=ORIENTED_EDGE('',*,*,#3409,.F.);
#5473=ORIENTED_EDGE('',*,*,#3974,.F.);
#5474=ORIENTED_EDGE('',*,*,#3851,.T.);
#5475=ORIENTED_EDGE('',*,*,#3974,.T.);
#5476=ORIENTED_EDGE('',*,*,#3408,.F.);
#5477=ORIENTED_EDGE('',*,*,#3975,.F.);
#5478=ORIENTED_EDGE('',*,*,#3846,.T.);
#5479=ORIENTED_EDGE('',*,*,#3976,.F.);
#5480=ORIENTED_EDGE('',*,*,#3852,.T.);
#5481=ORIENTED_EDGE('',*,*,#3975,.T.);
#5482=ORIENTED_EDGE('',*,*,#3407,.F.);
#5483=ORIENTED_EDGE('',*,*,#3977,.F.);
#5484=ORIENTED_EDGE('',*,*,#3847,.T.);
#5485=ORIENTED_EDGE('',*,*,#3977,.T.);
#5486=ORIENTED_EDGE('',*,*,#3406,.F.);
#5487=ORIENTED_EDGE('',*,*,#3978,.F.);
#5488=ORIENTED_EDGE('',*,*,#3848,.T.);
#5489=ORIENTED_EDGE('',*,*,#3978,.T.);
#5490=ORIENTED_EDGE('',*,*,#3405,.F.);
#5491=ORIENTED_EDGE('',*,*,#3979,.F.);
#5492=ORIENTED_EDGE('',*,*,#3946,.T.);
#5493=ORIENTED_EDGE('',*,*,#3980,.T.);
#5494=ORIENTED_EDGE('',*,*,#3403,.F.);
#5495=ORIENTED_EDGE('',*,*,#3981,.F.);
#5496=ORIENTED_EDGE('',*,*,#3947,.T.);
#5497=ORIENTED_EDGE('',*,*,#3981,.T.);
#5498=ORIENTED_EDGE('',*,*,#3402,.F.);
#5499=ORIENTED_EDGE('',*,*,#3982,.F.);
#5500=ORIENTED_EDGE('',*,*,#3942,.T.);
#5501=ORIENTED_EDGE('',*,*,#3700,.F.);
#5502=ORIENTED_EDGE('',*,*,#3948,.T.);
#5503=ORIENTED_EDGE('',*,*,#3982,.T.);
#5504=ORIENTED_EDGE('',*,*,#3401,.F.);
#5505=ORIENTED_EDGE('',*,*,#3983,.F.);
#5506=ORIENTED_EDGE('',*,*,#3943,.T.);
#5507=ORIENTED_EDGE('',*,*,#3983,.T.);
#5508=ORIENTED_EDGE('',*,*,#3400,.F.);
#5509=ORIENTED_EDGE('',*,*,#3984,.F.);
#5510=ORIENTED_EDGE('',*,*,#3944,.T.);
#5511=ORIENTED_EDGE('',*,*,#3984,.T.);
#5512=ORIENTED_EDGE('',*,*,#3399,.F.);
#5513=ORIENTED_EDGE('',*,*,#3985,.F.);
#5514=ORIENTED_EDGE('',*,*,#3938,.T.);
#5515=ORIENTED_EDGE('',*,*,#3986,.T.);
#5516=ORIENTED_EDGE('',*,*,#3397,.F.);
#5517=ORIENTED_EDGE('',*,*,#3987,.F.);
#5518=ORIENTED_EDGE('',*,*,#3939,.T.);
#5519=ORIENTED_EDGE('',*,*,#3987,.T.);
#5520=ORIENTED_EDGE('',*,*,#3396,.F.);
#5521=ORIENTED_EDGE('',*,*,#3988,.F.);
#5522=ORIENTED_EDGE('',*,*,#3940,.T.);
#5523=ORIENTED_EDGE('',*,*,#3988,.T.);
#5524=ORIENTED_EDGE('',*,*,#3395,.F.);
#5525=ORIENTED_EDGE('',*,*,#3989,.F.);
#5526=ORIENTED_EDGE('',*,*,#3934,.T.);
#5527=ORIENTED_EDGE('',*,*,#3990,.T.);
#5528=ORIENTED_EDGE('',*,*,#3393,.F.);
#5529=ORIENTED_EDGE('',*,*,#3991,.F.);
#5530=ORIENTED_EDGE('',*,*,#3935,.T.);
#5531=ORIENTED_EDGE('',*,*,#3991,.T.);
#5532=ORIENTED_EDGE('',*,*,#3392,.F.);
#5533=ORIENTED_EDGE('',*,*,#3992,.F.);
#5534=ORIENTED_EDGE('',*,*,#3930,.T.);
#5535=ORIENTED_EDGE('',*,*,#3703,.F.);
#5536=ORIENTED_EDGE('',*,*,#3936,.T.);
#5537=ORIENTED_EDGE('',*,*,#3992,.T.);
#5538=ORIENTED_EDGE('',*,*,#3391,.F.);
#5539=ORIENTED_EDGE('',*,*,#3993,.F.);
#5540=ORIENTED_EDGE('',*,*,#3931,.T.);
#5541=ORIENTED_EDGE('',*,*,#3993,.T.);
#5542=ORIENTED_EDGE('',*,*,#3390,.F.);
#5543=ORIENTED_EDGE('',*,*,#3994,.F.);
#5544=ORIENTED_EDGE('',*,*,#3932,.T.);
#5545=ORIENTED_EDGE('',*,*,#3994,.T.);
#5546=ORIENTED_EDGE('',*,*,#3389,.F.);
#5547=ORIENTED_EDGE('',*,*,#3995,.F.);
#5548=ORIENTED_EDGE('',*,*,#3926,.T.);
#5549=ORIENTED_EDGE('',*,*,#3996,.T.);
#5550=ORIENTED_EDGE('',*,*,#3387,.F.);
#5551=ORIENTED_EDGE('',*,*,#3997,.F.);
#5552=ORIENTED_EDGE('',*,*,#3927,.T.);
#5553=ORIENTED_EDGE('',*,*,#3997,.T.);
#5554=ORIENTED_EDGE('',*,*,#3386,.F.);
#5555=ORIENTED_EDGE('',*,*,#3998,.F.);
#5556=ORIENTED_EDGE('',*,*,#3922,.T.);
#5557=ORIENTED_EDGE('',*,*,#3999,.F.);
#5558=ORIENTED_EDGE('',*,*,#3928,.T.);
#5559=ORIENTED_EDGE('',*,*,#3998,.T.);
#5560=ORIENTED_EDGE('',*,*,#3385,.F.);
#5561=ORIENTED_EDGE('',*,*,#4000,.F.);
#5562=ORIENTED_EDGE('',*,*,#3923,.T.);
#5563=ORIENTED_EDGE('',*,*,#4000,.T.);
#5564=ORIENTED_EDGE('',*,*,#3384,.F.);
#5565=ORIENTED_EDGE('',*,*,#4001,.F.);
#5566=ORIENTED_EDGE('',*,*,#3924,.T.);
#5567=ORIENTED_EDGE('',*,*,#4001,.T.);
#5568=ORIENTED_EDGE('',*,*,#3383,.F.);
#5569=ORIENTED_EDGE('',*,*,#4002,.F.);
#5570=ORIENTED_EDGE('',*,*,#3918,.T.);
#5571=ORIENTED_EDGE('',*,*,#4003,.T.);
#5572=ORIENTED_EDGE('',*,*,#3381,.F.);
#5573=ORIENTED_EDGE('',*,*,#4004,.F.);
#5574=ORIENTED_EDGE('',*,*,#3919,.T.);
#5575=ORIENTED_EDGE('',*,*,#4004,.T.);
#5576=ORIENTED_EDGE('',*,*,#3380,.F.);
#5577=ORIENTED_EDGE('',*,*,#4005,.F.);
#5578=ORIENTED_EDGE('',*,*,#3914,.T.);
#5579=ORIENTED_EDGE('',*,*,#3691,.F.);
#5580=ORIENTED_EDGE('',*,*,#3920,.T.);
#5581=ORIENTED_EDGE('',*,*,#4005,.T.);
#5582=ORIENTED_EDGE('',*,*,#3379,.F.);
#5583=ORIENTED_EDGE('',*,*,#4006,.F.);
#5584=ORIENTED_EDGE('',*,*,#3915,.T.);
#5585=ORIENTED_EDGE('',*,*,#4006,.T.);
#5586=ORIENTED_EDGE('',*,*,#3378,.F.);
#5587=ORIENTED_EDGE('',*,*,#4007,.F.);
#5588=ORIENTED_EDGE('',*,*,#3916,.T.);
#5589=ORIENTED_EDGE('',*,*,#4007,.T.);
#5590=ORIENTED_EDGE('',*,*,#3377,.F.);
#5591=ORIENTED_EDGE('',*,*,#4008,.F.);
#5592=ORIENTED_EDGE('',*,*,#3910,.T.);
#5593=ORIENTED_EDGE('',*,*,#4009,.T.);
#5594=ORIENTED_EDGE('',*,*,#3375,.F.);
#5595=ORIENTED_EDGE('',*,*,#4010,.F.);
#5596=ORIENTED_EDGE('',*,*,#3911,.T.);
#5597=ORIENTED_EDGE('',*,*,#4010,.T.);
#5598=ORIENTED_EDGE('',*,*,#3374,.F.);
#5599=ORIENTED_EDGE('',*,*,#4011,.F.);
#5600=ORIENTED_EDGE('',*,*,#3912,.T.);
#5601=ORIENTED_EDGE('',*,*,#4011,.T.);
#5602=ORIENTED_EDGE('',*,*,#3373,.F.);
#5603=ORIENTED_EDGE('',*,*,#4012,.F.);
#5604=ORIENTED_EDGE('',*,*,#3906,.T.);
#5605=ORIENTED_EDGE('',*,*,#4013,.T.);
#5606=ORIENTED_EDGE('',*,*,#3371,.F.);
#5607=ORIENTED_EDGE('',*,*,#4014,.F.);
#5608=ORIENTED_EDGE('',*,*,#3907,.T.);
#5609=ORIENTED_EDGE('',*,*,#4014,.T.);
#5610=ORIENTED_EDGE('',*,*,#3370,.F.);
#5611=ORIENTED_EDGE('',*,*,#4015,.F.);
#5612=ORIENTED_EDGE('',*,*,#3902,.T.);
#5613=ORIENTED_EDGE('',*,*,#3694,.F.);
#5614=ORIENTED_EDGE('',*,*,#3908,.T.);
#5615=ORIENTED_EDGE('',*,*,#4015,.T.);
#5616=ORIENTED_EDGE('',*,*,#3369,.F.);
#5617=ORIENTED_EDGE('',*,*,#4016,.F.);
#5618=ORIENTED_EDGE('',*,*,#3903,.T.);
#5619=ORIENTED_EDGE('',*,*,#4016,.T.);
#5620=ORIENTED_EDGE('',*,*,#3368,.F.);
#5621=ORIENTED_EDGE('',*,*,#4017,.F.);
#5622=ORIENTED_EDGE('',*,*,#3904,.T.);
#5623=ORIENTED_EDGE('',*,*,#4017,.T.);
#5624=ORIENTED_EDGE('',*,*,#3367,.F.);
#5625=ORIENTED_EDGE('',*,*,#4018,.F.);
#5626=ORIENTED_EDGE('',*,*,#3898,.T.);
#5627=ORIENTED_EDGE('',*,*,#4019,.T.);
#5628=ORIENTED_EDGE('',*,*,#3365,.F.);
#5629=ORIENTED_EDGE('',*,*,#4020,.F.);
#5630=ORIENTED_EDGE('',*,*,#3899,.T.);
#5631=ORIENTED_EDGE('',*,*,#4020,.T.);
#5632=ORIENTED_EDGE('',*,*,#3364,.F.);
#5633=ORIENTED_EDGE('',*,*,#4021,.F.);
#5634=ORIENTED_EDGE('',*,*,#3894,.T.);
#5635=ORIENTED_EDGE('',*,*,#4022,.F.);
#5636=ORIENTED_EDGE('',*,*,#3900,.T.);
#5637=ORIENTED_EDGE('',*,*,#4021,.T.);
#5638=ORIENTED_EDGE('',*,*,#3363,.F.);
#5639=ORIENTED_EDGE('',*,*,#4023,.F.);
#5640=ORIENTED_EDGE('',*,*,#3895,.T.);
#5641=ORIENTED_EDGE('',*,*,#4023,.T.);
#5642=ORIENTED_EDGE('',*,*,#3362,.F.);
#5643=ORIENTED_EDGE('',*,*,#4024,.F.);
#5644=ORIENTED_EDGE('',*,*,#3896,.T.);
#5645=ORIENTED_EDGE('',*,*,#4024,.T.);
#5646=ORIENTED_EDGE('',*,*,#3361,.F.);
#5647=ORIENTED_EDGE('',*,*,#4025,.F.);
#5648=ORIENTED_EDGE('',*,*,#3890,.T.);
#5649=ORIENTED_EDGE('',*,*,#4026,.T.);
#5650=ORIENTED_EDGE('',*,*,#3359,.F.);
#5651=ORIENTED_EDGE('',*,*,#4027,.F.);
#5652=ORIENTED_EDGE('',*,*,#3891,.T.);
#5653=ORIENTED_EDGE('',*,*,#4027,.T.);
#5654=ORIENTED_EDGE('',*,*,#3358,.F.);
#5655=ORIENTED_EDGE('',*,*,#4028,.F.);
#5656=ORIENTED_EDGE('',*,*,#3886,.T.);
#5657=ORIENTED_EDGE('',*,*,#3680,.F.);
#5658=ORIENTED_EDGE('',*,*,#3892,.T.);
#5659=ORIENTED_EDGE('',*,*,#4028,.T.);
#5660=ORIENTED_EDGE('',*,*,#3357,.F.);
#5661=ORIENTED_EDGE('',*,*,#4029,.F.);
#5662=ORIENTED_EDGE('',*,*,#3887,.T.);
#5663=ORIENTED_EDGE('',*,*,#4029,.T.);
#5664=ORIENTED_EDGE('',*,*,#3356,.F.);
#5665=ORIENTED_EDGE('',*,*,#4030,.F.);
#5666=ORIENTED_EDGE('',*,*,#3888,.T.);
#5667=ORIENTED_EDGE('',*,*,#4030,.T.);
#5668=ORIENTED_EDGE('',*,*,#3355,.F.);
#5669=ORIENTED_EDGE('',*,*,#4031,.F.);
#5670=ORIENTED_EDGE('',*,*,#3882,.T.);
#5671=ORIENTED_EDGE('',*,*,#4032,.T.);
#5672=ORIENTED_EDGE('',*,*,#3353,.F.);
#5673=ORIENTED_EDGE('',*,*,#4033,.F.);
#5674=ORIENTED_EDGE('',*,*,#3883,.T.);
#5675=ORIENTED_EDGE('',*,*,#4033,.T.);
#5676=ORIENTED_EDGE('',*,*,#3352,.F.);
#5677=ORIENTED_EDGE('',*,*,#4034,.F.);
#5678=ORIENTED_EDGE('',*,*,#3884,.T.);
#5679=ORIENTED_EDGE('',*,*,#4034,.T.);
#5680=ORIENTED_EDGE('',*,*,#3351,.F.);
#5681=ORIENTED_EDGE('',*,*,#4035,.F.);
#5682=ORIENTED_EDGE('',*,*,#4036,.F.);
#5683=ORIENTED_EDGE('',*,*,#4037,.F.);
#5684=ORIENTED_EDGE('',*,*,#4038,.F.);
#5685=ORIENTED_EDGE('',*,*,#4039,.F.);
#5686=ORIENTED_EDGE('',*,*,#4040,.F.);
#5687=ORIENTED_EDGE('',*,*,#4041,.F.);
#5688=ORIENTED_EDGE('',*,*,#4042,.F.);
#5689=ORIENTED_EDGE('',*,*,#4043,.F.);
#5690=ORIENTED_EDGE('',*,*,#4044,.F.);
#5691=ORIENTED_EDGE('',*,*,#4045,.F.);
#5692=ORIENTED_EDGE('',*,*,#4046,.F.);
#5693=ORIENTED_EDGE('',*,*,#4047,.F.);
#5694=ORIENTED_EDGE('',*,*,#4048,.F.);
#5695=ORIENTED_EDGE('',*,*,#4049,.F.);
#5696=ORIENTED_EDGE('',*,*,#4050,.F.);
#5697=ORIENTED_EDGE('',*,*,#4051,.F.);
#5698=ORIENTED_EDGE('',*,*,#4038,.T.);
#5699=ORIENTED_EDGE('',*,*,#4052,.T.);
#5700=ORIENTED_EDGE('',*,*,#4053,.F.);
#5701=ORIENTED_EDGE('',*,*,#4054,.F.);
#5702=ORIENTED_EDGE('',*,*,#4049,.T.);
#5703=ORIENTED_EDGE('',*,*,#4055,.F.);
#5704=ORIENTED_EDGE('',*,*,#4039,.T.);
#5705=ORIENTED_EDGE('',*,*,#4054,.T.);
#5706=ORIENTED_EDGE('',*,*,#4056,.F.);
#5707=ORIENTED_EDGE('',*,*,#4057,.F.);
#5708=ORIENTED_EDGE('',*,*,#4050,.T.);
#5709=ORIENTED_EDGE('',*,*,#4057,.T.);
#5710=ORIENTED_EDGE('',*,*,#4058,.F.);
#5711=ORIENTED_EDGE('',*,*,#4059,.F.);
#5712=ORIENTED_EDGE('',*,*,#4045,.T.);
#5713=ORIENTED_EDGE('',*,*,#3706,.F.);
#5714=ORIENTED_EDGE('',*,*,#4051,.T.);
#5715=ORIENTED_EDGE('',*,*,#4059,.T.);
#5716=ORIENTED_EDGE('',*,*,#4060,.F.);
#5717=ORIENTED_EDGE('',*,*,#4061,.F.);
#5718=ORIENTED_EDGE('',*,*,#4046,.T.);
#5719=ORIENTED_EDGE('',*,*,#4061,.T.);
#5720=ORIENTED_EDGE('',*,*,#4062,.F.);
#5721=ORIENTED_EDGE('',*,*,#4063,.F.);
#5722=ORIENTED_EDGE('',*,*,#4041,.T.);
#5723=ORIENTED_EDGE('',*,*,#4064,.F.);
#5724=ORIENTED_EDGE('',*,*,#4047,.T.);
#5725=ORIENTED_EDGE('',*,*,#4063,.T.);
#5726=ORIENTED_EDGE('',*,*,#4065,.F.);
#5727=ORIENTED_EDGE('',*,*,#4066,.F.);
#5728=ORIENTED_EDGE('',*,*,#4042,.T.);
#5729=ORIENTED_EDGE('',*,*,#4066,.T.);
#5730=ORIENTED_EDGE('',*,*,#4067,.F.);
#5731=ORIENTED_EDGE('',*,*,#4068,.F.);
#5732=ORIENTED_EDGE('',*,*,#4037,.T.);
#5733=ORIENTED_EDGE('',*,*,#3688,.F.);
#5734=ORIENTED_EDGE('',*,*,#4043,.T.);
#5735=ORIENTED_EDGE('',*,*,#4068,.T.);
#5736=ORIENTED_EDGE('',*,*,#4069,.F.);
#5737=ORIENTED_EDGE('',*,*,#4052,.F.);
#5738=ORIENTED_EDGE('',*,*,#4069,.T.);
#5739=ORIENTED_EDGE('',*,*,#4067,.T.);
#5740=ORIENTED_EDGE('',*,*,#4065,.T.);
#5741=ORIENTED_EDGE('',*,*,#4062,.T.);
#5742=ORIENTED_EDGE('',*,*,#4060,.T.);
#5743=ORIENTED_EDGE('',*,*,#4058,.T.);
#5744=ORIENTED_EDGE('',*,*,#4056,.T.);
#5745=ORIENTED_EDGE('',*,*,#4053,.T.);
#5746=ORIENTED_EDGE('',*,*,#3716,.T.);
#5747=ORIENTED_EDGE('',*,*,#3999,.T.);
#5748=ORIENTED_EDGE('',*,*,#4070,.F.);
#5749=ORIENTED_EDGE('',*,*,#4055,.T.);
#5750=ORIENTED_EDGE('',*,*,#4071,.F.);
#5751=ORIENTED_EDGE('',*,*,#3828,.T.);
#5752=ORIENTED_EDGE('',*,*,#4072,.F.);
#5753=ORIENTED_EDGE('',*,*,#4064,.T.);
#5754=ORIENTED_EDGE('',*,*,#4073,.F.);
#5755=ORIENTED_EDGE('',*,*,#3807,.T.);
#5756=ORIENTED_EDGE('',*,*,#4074,.F.);
#5757=ORIENTED_EDGE('',*,*,#4075,.F.);
#5758=ORIENTED_EDGE('',*,*,#4022,.T.);
#5759=ORIENTED_EDGE('',*,*,#4076,.F.);
#5760=ORIENTED_EDGE('',*,*,#3798,.T.);
#5761=ORIENTED_EDGE('',*,*,#4077,.F.);
#5762=ORIENTED_EDGE('',*,*,#3843,.T.);
#5763=ORIENTED_EDGE('',*,*,#4078,.F.);
#5764=ORIENTED_EDGE('',*,*,#4079,.F.);
#5765=ORIENTED_EDGE('',*,*,#3770,.T.);
#5766=ORIENTED_EDGE('',*,*,#4080,.F.);
#5767=ORIENTED_EDGE('',*,*,#3838,.T.);
#5768=ORIENTED_EDGE('',*,*,#4081,.F.);
#5769=ORIENTED_EDGE('',*,*,#3754,.T.);
#5770=ORIENTED_EDGE('',*,*,#4082,.F.);
#5771=ORIENTED_EDGE('',*,*,#4083,.F.);
#5772=ORIENTED_EDGE('',*,*,#3833,.T.);
#5773=ORIENTED_EDGE('',*,*,#4084,.F.);
#5774=ORIENTED_EDGE('',*,*,#3745,.T.);
#5775=ORIENTED_EDGE('',*,*,#4085,.F.);
#5776=ORIENTED_EDGE('',*,*,#3976,.T.);
#5777=ORIENTED_EDGE('',*,*,#4086,.F.);
#5778=ORIENTED_EDGE('',*,*,#4087,.F.);
#5779=ORIENTED_EDGE('',*,*,#3295,.F.);
#5780=ORIENTED_EDGE('',*,*,#3544,.T.);
#5781=ORIENTED_EDGE('',*,*,#3199,.F.);
#5782=ORIENTED_EDGE('',*,*,#3545,.F.);
#5783=ORIENTED_EDGE('',*,*,#3296,.F.);
#5784=ORIENTED_EDGE('',*,*,#4088,.T.);
#5785=ORIENTED_EDGE('',*,*,#3701,.T.);
#5786=ORIENTED_EDGE('',*,*,#3941,.T.);
#5787=ORIENTED_EDGE('',*,*,#3985,.T.);
#5788=ORIENTED_EDGE('',*,*,#3398,.F.);
#5789=ORIENTED_EDGE('',*,*,#3986,.F.);
#5790=ORIENTED_EDGE('',*,*,#3937,.T.);
#5791=ORIENTED_EDGE('',*,*,#3989,.T.);
#5792=ORIENTED_EDGE('',*,*,#3394,.F.);
#5793=ORIENTED_EDGE('',*,*,#3990,.F.);
#5794=ORIENTED_EDGE('',*,*,#3933,.T.);
#5795=ORIENTED_EDGE('',*,*,#3702,.T.);
#5796=ORIENTED_EDGE('',*,*,#4088,.F.);
#5797=ORIENTED_EDGE('',*,*,#3276,.F.);
#5798=ORIENTED_EDGE('',*,*,#3552,.T.);
#5799=ORIENTED_EDGE('',*,*,#3215,.F.);
#5800=ORIENTED_EDGE('',*,*,#4089,.T.);
#5801=ORIENTED_EDGE('',*,*,#3342,.F.);
#5802=ORIENTED_EDGE('',*,*,#3955,.F.);
#5803=ORIENTED_EDGE('',*,*,#3869,.T.);
#5804=ORIENTED_EDGE('',*,*,#3446,.T.);
#5805=ORIENTED_EDGE('',*,*,#3760,.T.);
#5806=ORIENTED_EDGE('',*,*,#3683,.T.);
#5807=ORIENTED_EDGE('',*,*,#3873,.T.);
#5808=ORIENTED_EDGE('',*,*,#3954,.T.);
#5809=ORIENTED_EDGE('',*,*,#3343,.F.);
#5810=ORIENTED_EDGE('',*,*,#4089,.F.);
#5811=ORIENTED_EDGE('',*,*,#3214,.F.);
#5812=ORIENTED_EDGE('',*,*,#3531,.F.);
#5813=ORIENTED_EDGE('',*,*,#3550,.T.);
#5814=ORIENTED_EDGE('',*,*,#3193,.F.);
#5815=ORIENTED_EDGE('',*,*,#4090,.T.);
#5816=ORIENTED_EDGE('',*,*,#3420,.F.);
#5817=ORIENTED_EDGE('',*,*,#3963,.F.);
#5818=ORIENTED_EDGE('',*,*,#3861,.T.);
#5819=ORIENTED_EDGE('',*,*,#3966,.T.);
#5820=ORIENTED_EDGE('',*,*,#3416,.F.);
#5821=ORIENTED_EDGE('',*,*,#3967,.F.);
#5822=ORIENTED_EDGE('',*,*,#3857,.T.);
#5823=ORIENTED_EDGE('',*,*,#3449,.T.);
#5824=ORIENTED_EDGE('',*,*,#3865,.T.);
#5825=ORIENTED_EDGE('',*,*,#3962,.T.);
#5826=ORIENTED_EDGE('',*,*,#3421,.F.);
#5827=ORIENTED_EDGE('',*,*,#4090,.F.);
#5828=ORIENTED_EDGE('',*,*,#3192,.F.);
#5829=ORIENTED_EDGE('',*,*,#3551,.F.);
#5830=ORIENTED_EDGE('',*,*,#3304,.F.);
#5831=ORIENTED_EDGE('',*,*,#3316,.F.);
#5832=ORIENTED_EDGE('',*,*,#4091,.T.);
#5833=ORIENTED_EDGE('',*,*,#3675,.T.);
#5834=ORIENTED_EDGE('',*,*,#3756,.T.);
#5835=ORIENTED_EDGE('',*,*,#4081,.T.);
#5836=ORIENTED_EDGE('',*,*,#3813,.T.);
#5837=ORIENTED_EDGE('',*,*,#4077,.T.);
#5838=ORIENTED_EDGE('',*,*,#3783,.T.);
#5839=ORIENTED_EDGE('',*,*,#3676,.T.);
#5840=ORIENTED_EDGE('',*,*,#4091,.F.);
#5841=ORIENTED_EDGE('',*,*,#3301,.F.);
#5842=ORIENTED_EDGE('',*,*,#3548,.T.);
#5843=ORIENTED_EDGE('',*,*,#3195,.F.);
#5844=ORIENTED_EDGE('',*,*,#3549,.F.);
#5845=ORIENTED_EDGE('',*,*,#3302,.F.);
#5846=ORIENTED_EDGE('',*,*,#4092,.T.);
#5847=ORIENTED_EDGE('',*,*,#3451,.T.);
#5848=ORIENTED_EDGE('',*,*,#3853,.T.);
#5849=ORIENTED_EDGE('',*,*,#3972,.T.);
#5850=ORIENTED_EDGE('',*,*,#3410,.F.);
#5851=ORIENTED_EDGE('',*,*,#3973,.F.);
#5852=ORIENTED_EDGE('',*,*,#3849,.T.);
#5853=ORIENTED_EDGE('',*,*,#4085,.T.);
#5854=ORIENTED_EDGE('',*,*,#3730,.T.);
#5855=ORIENTED_EDGE('',*,*,#3452,.T.);
#5856=ORIENTED_EDGE('',*,*,#4092,.F.);
#5857=ORIENTED_EDGE('',*,*,#3283,.F.);
#5858=ORIENTED_EDGE('',*,*,#3536,.T.);
#5859=ORIENTED_EDGE('',*,*,#3207,.F.);
#5860=ORIENTED_EDGE('',*,*,#3537,.F.);
#5861=ORIENTED_EDGE('',*,*,#3284,.F.);
#5862=ORIENTED_EDGE('',*,*,#4093,.T.);
#5863=ORIENTED_EDGE('',*,*,#4074,.T.);
#5864=ORIENTED_EDGE('',*,*,#3775,.T.);
#5865=ORIENTED_EDGE('',*,*,#3695,.T.);
#5866=ORIENTED_EDGE('',*,*,#3901,.T.);
#5867=ORIENTED_EDGE('',*,*,#4018,.T.);
#5868=ORIENTED_EDGE('',*,*,#3366,.F.);
#5869=ORIENTED_EDGE('',*,*,#4019,.F.);
#5870=ORIENTED_EDGE('',*,*,#3897,.T.);
#5871=ORIENTED_EDGE('',*,*,#4075,.T.);
#5872=ORIENTED_EDGE('',*,*,#4093,.F.);
#5873=ORIENTED_EDGE('',*,*,#3315,.F.);
#5874=ORIENTED_EDGE('',*,*,#4094,.T.);
#5875=ORIENTED_EDGE('',*,*,#4078,.T.);
#5876=ORIENTED_EDGE('',*,*,#3809,.T.);
#5877=ORIENTED_EDGE('',*,*,#4073,.T.);
#5878=ORIENTED_EDGE('',*,*,#4040,.T.);
#5879=ORIENTED_EDGE('',*,*,#3687,.T.);
#5880=ORIENTED_EDGE('',*,*,#3787,.T.);
#5881=ORIENTED_EDGE('',*,*,#4079,.T.);
#5882=ORIENTED_EDGE('',*,*,#4094,.F.);
#5883=ORIENTED_EDGE('',*,*,#3314,.F.);
#5884=ORIENTED_EDGE('',*,*,#4095,.T.);
#5885=ORIENTED_EDGE('',*,*,#4082,.T.);
#5886=ORIENTED_EDGE('',*,*,#3722,.T.);
#5887=ORIENTED_EDGE('',*,*,#3707,.T.);
#5888=ORIENTED_EDGE('',*,*,#4044,.T.);
#5889=ORIENTED_EDGE('',*,*,#4072,.T.);
#5890=ORIENTED_EDGE('',*,*,#3821,.T.);
#5891=ORIENTED_EDGE('',*,*,#4083,.T.);
#5892=ORIENTED_EDGE('',*,*,#4095,.F.);
#5893=ORIENTED_EDGE('',*,*,#3298,.F.);
#5894=ORIENTED_EDGE('',*,*,#3546,.T.);
#5895=ORIENTED_EDGE('',*,*,#3197,.F.);
#5896=ORIENTED_EDGE('',*,*,#3547,.F.);
#5897=ORIENTED_EDGE('',*,*,#3299,.F.);
#5898=ORIENTED_EDGE('',*,*,#4096,.T.);
#5899=ORIENTED_EDGE('',*,*,#4086,.T.);
#5900=ORIENTED_EDGE('',*,*,#3845,.T.);
#5901=ORIENTED_EDGE('',*,*,#3979,.T.);
#5902=ORIENTED_EDGE('',*,*,#3404,.F.);
#5903=ORIENTED_EDGE('',*,*,#3980,.F.);
#5904=ORIENTED_EDGE('',*,*,#3945,.T.);
#5905=ORIENTED_EDGE('',*,*,#3699,.T.);
#5906=ORIENTED_EDGE('',*,*,#3734,.T.);
#5907=ORIENTED_EDGE('',*,*,#4087,.T.);
#5908=ORIENTED_EDGE('',*,*,#4096,.F.);
#5909=ORIENTED_EDGE('',*,*,#3286,.F.);
#5910=ORIENTED_EDGE('',*,*,#3538,.T.);
#5911=ORIENTED_EDGE('',*,*,#3205,.F.);
#5912=ORIENTED_EDGE('',*,*,#3539,.F.);
#5913=ORIENTED_EDGE('',*,*,#3287,.F.);
#5914=ORIENTED_EDGE('',*,*,#4097,.T.);
#5915=ORIENTED_EDGE('',*,*,#3692,.T.);
#5916=ORIENTED_EDGE('',*,*,#3913,.T.);
#5917=ORIENTED_EDGE('',*,*,#4008,.T.);
#5918=ORIENTED_EDGE('',*,*,#3376,.F.);
#5919=ORIENTED_EDGE('',*,*,#4009,.F.);
#5920=ORIENTED_EDGE('',*,*,#3909,.T.);
#5921=ORIENTED_EDGE('',*,*,#4012,.T.);
#5922=ORIENTED_EDGE('',*,*,#3372,.F.);
#5923=ORIENTED_EDGE('',*,*,#4013,.F.);
#5924=ORIENTED_EDGE('',*,*,#3905,.T.);
#5925=ORIENTED_EDGE('',*,*,#3693,.T.);
#5926=ORIENTED_EDGE('',*,*,#4097,.F.);
#5927=ORIENTED_EDGE('',*,*,#3289,.F.);
#5928=ORIENTED_EDGE('',*,*,#3540,.T.);
#5929=ORIENTED_EDGE('',*,*,#3203,.F.);
#5930=ORIENTED_EDGE('',*,*,#3541,.F.);
#5931=ORIENTED_EDGE('',*,*,#3290,.F.);
#5932=ORIENTED_EDGE('',*,*,#4098,.T.);
#5933=ORIENTED_EDGE('',*,*,#3689,.T.);
#5934=ORIENTED_EDGE('',*,*,#4036,.T.);
#5935=ORIENTED_EDGE('',*,*,#4070,.T.);
#5936=ORIENTED_EDGE('',*,*,#3921,.T.);
#5937=ORIENTED_EDGE('',*,*,#4002,.T.);
#5938=ORIENTED_EDGE('',*,*,#3382,.F.);
#5939=ORIENTED_EDGE('',*,*,#4003,.F.);
#5940=ORIENTED_EDGE('',*,*,#3917,.T.);
#5941=ORIENTED_EDGE('',*,*,#3690,.T.);
#5942=ORIENTED_EDGE('',*,*,#4098,.F.);
#5943=ORIENTED_EDGE('',*,*,#3292,.F.);
#5944=ORIENTED_EDGE('',*,*,#3542,.T.);
#5945=ORIENTED_EDGE('',*,*,#3201,.F.);
#5946=ORIENTED_EDGE('',*,*,#3543,.F.);
#5947=ORIENTED_EDGE('',*,*,#3293,.F.);
#5948=ORIENTED_EDGE('',*,*,#4099,.T.);
#5949=ORIENTED_EDGE('',*,*,#3704,.T.);
#5950=ORIENTED_EDGE('',*,*,#3929,.T.);
#5951=ORIENTED_EDGE('',*,*,#3995,.T.);
#5952=ORIENTED_EDGE('',*,*,#3388,.F.);
#5953=ORIENTED_EDGE('',*,*,#3996,.F.);
#5954=ORIENTED_EDGE('',*,*,#3925,.T.);
#5955=ORIENTED_EDGE('',*,*,#4071,.T.);
#5956=ORIENTED_EDGE('',*,*,#4048,.T.);
#5957=ORIENTED_EDGE('',*,*,#3705,.T.);
#5958=ORIENTED_EDGE('',*,*,#4099,.F.);
#5959=ORIENTED_EDGE('',*,*,#3313,.F.);
#5960=ORIENTED_EDGE('',*,*,#4100,.T.);
#5961=ORIENTED_EDGE('',*,*,#3454,.T.);
#5962=ORIENTED_EDGE('',*,*,#3726,.T.);
#5963=ORIENTED_EDGE('',*,*,#4084,.T.);
#5964=ORIENTED_EDGE('',*,*,#3817,.T.);
#5965=ORIENTED_EDGE('',*,*,#4080,.T.);
#5966=ORIENTED_EDGE('',*,*,#3764,.T.);
#5967=ORIENTED_EDGE('',*,*,#3455,.T.);
#5968=ORIENTED_EDGE('',*,*,#4100,.F.);
#5969=ORIENTED_EDGE('',*,*,#3280,.F.);
#5970=ORIENTED_EDGE('',*,*,#3534,.T.);
#5971=ORIENTED_EDGE('',*,*,#3209,.F.);
#5972=ORIENTED_EDGE('',*,*,#3535,.F.);
#5973=ORIENTED_EDGE('',*,*,#3281,.F.);
#5974=ORIENTED_EDGE('',*,*,#4101,.T.);
#5975=ORIENTED_EDGE('',*,*,#3678,.T.);
#5976=ORIENTED_EDGE('',*,*,#3779,.T.);
#5977=ORIENTED_EDGE('',*,*,#4076,.T.);
#5978=ORIENTED_EDGE('',*,*,#3893,.T.);
#5979=ORIENTED_EDGE('',*,*,#4025,.T.);
#5980=ORIENTED_EDGE('',*,*,#3360,.F.);
#5981=ORIENTED_EDGE('',*,*,#4026,.F.);
#5982=ORIENTED_EDGE('',*,*,#3889,.T.);
#5983=ORIENTED_EDGE('',*,*,#3679,.T.);
#5984=ORIENTED_EDGE('',*,*,#4101,.F.);
#5985=ORIENTED_EDGE('',*,*,#3278,.F.);
#5986=ORIENTED_EDGE('',*,*,#3532,.T.);
#5987=ORIENTED_EDGE('',*,*,#3212,.F.);
#5988=ORIENTED_EDGE('',*,*,#4102,.T.);
#5989=ORIENTED_EDGE('',*,*,#3349,.F.);
#5990=ORIENTED_EDGE('',*,*,#3949,.F.);
#5991=ORIENTED_EDGE('',*,*,#3877,.T.);
#5992=ORIENTED_EDGE('',*,*,#3681,.T.);
#5993=ORIENTED_EDGE('',*,*,#3885,.T.);
#5994=ORIENTED_EDGE('',*,*,#4031,.T.);
#5995=ORIENTED_EDGE('',*,*,#3354,.F.);
#5996=ORIENTED_EDGE('',*,*,#4032,.F.);
#5997=ORIENTED_EDGE('',*,*,#3881,.T.);
#5998=ORIENTED_EDGE('',*,*,#4035,.T.);
#5999=ORIENTED_EDGE('',*,*,#3350,.F.);
#6000=ORIENTED_EDGE('',*,*,#4102,.F.);
#6001=ORIENTED_EDGE('',*,*,#3211,.F.);
#6002=ORIENTED_EDGE('',*,*,#3533,.F.);
#6003=PLANE('',#6652);
#6004=PLANE('',#6654);
#6005=PLANE('',#6655);
#6006=PLANE('',#6656);
#6007=PLANE('',#6658);
#6008=PLANE('',#6661);
#6009=PLANE('',#6669);
#6010=PLANE('',#6689);
#6011=PLANE('',#6691);
#6012=PLANE('',#6692);
#6013=PLANE('',#6693);
#6014=PLANE('',#6694);
#6015=PLANE('',#6697);
#6016=PLANE('',#6703);
#6017=PLANE('',#6705);
#6018=PLANE('',#6706);
#6019=PLANE('',#6707);
#6020=PLANE('',#6708);
#6021=PLANE('',#6711);
#6022=PLANE('',#6715);
#6023=PLANE('',#6716);
#6024=PLANE('',#6717);
#6025=PLANE('',#6718);
#6026=PLANE('',#6751);
#6027=PLANE('',#6752);
#6028=PLANE('',#6784);
#6029=PLANE('',#6786);
#6030=PLANE('',#6787);
#6031=PLANE('',#6789);
#6032=PLANE('',#6796);
#6033=PLANE('',#6797);
#6034=PLANE('',#6798);
#6035=PLANE('',#6799);
#6036=PLANE('',#6800);
#6037=PLANE('',#6801);
#6038=PLANE('',#6802);
#6039=PLANE('',#6803);
#6040=PLANE('',#6804);
#6041=PLANE('',#6805);
#6042=PLANE('',#6806);
#6043=PLANE('',#6807);
#6044=PLANE('',#6808);
#6045=PLANE('',#6809);
#6046=PLANE('',#6810);
#6047=PLANE('',#6811);
#6048=PLANE('',#6812);
#6049=PLANE('',#6813);
#6050=PLANE('',#6814);
#6051=PLANE('',#6815);
#6052=PLANE('',#6816);
#6053=PLANE('',#6817);
#6054=PLANE('',#6818);
#6055=PLANE('',#6819);
#6056=PLANE('',#6820);
#6057=PLANE('',#6821);
#6058=PLANE('',#6824);
#6059=PLANE('',#6827);
#6060=PLANE('',#6830);
#6061=PLANE('',#6832);
#6062=PLANE('',#6833);
#6063=PLANE('',#6834);
#6064=PLANE('',#6835);
#6065=PLANE('',#6836);
#6066=PLANE('',#6837);
#6067=PLANE('',#6838);
#6068=PLANE('',#6839);
#6069=PLANE('',#6840);
#6070=PLANE('',#6841);
#6071=PLANE('',#6842);
#6072=PLANE('',#6845);
#6073=PLANE('',#6849);
#6074=PLANE('',#6853);
#6075=PLANE('',#6857);
#6076=PLANE('',#6864);
#6077=PLANE('',#6868);
#6078=PLANE('',#6872);
#6079=PLANE('',#6876);
#6080=PLANE('',#6880);
#6081=PLANE('',#6884);
#6082=PLANE('',#6887);
#6083=PLANE('',#6890);
#6084=PLANE('',#6893);
#6085=PLANE('',#6896);
#6086=PLANE('',#6899);
#6087=PLANE('',#6902);
#6088=PLANE('',#6919);
#6089=PLANE('',#6922);
#6090=PLANE('',#6925);
#6091=PLANE('',#6928);
#6092=PLANE('',#6933);
#6093=PLANE('',#6936);
#6094=PLANE('',#6939);
#6095=PLANE('',#6942);
#6096=PLANE('',#6945);
#6097=PLANE('',#6948);
#6098=PLANE('',#6951);
#6099=PLANE('',#6954);
#6100=PLANE('',#6957);
#6101=PLANE('',#6960);
#6102=PLANE('',#6963);
#6103=PLANE('',#6966);
#6104=PLANE('',#6967);
#6105=PLANE('',#6969);
#6106=PLANE('',#6970);
#6107=PLANE('',#6971);
#6108=PLANE('',#6972);
#6109=PLANE('',#6976);
#6110=PLANE('',#6985);
#6111=PLANE('',#6994);
#6112=PLANE('',#7002);
#6113=PLANE('',#7012);
#6114=PLANE('',#7014);
#6115=PLANE('',#7016);
#6116=PLANE('',#7018);
#6117=PLANE('',#7020);
#6118=PLANE('',#7021);
#6119=PLANE('',#7022);
#6120=PLANE('',#7023);
#6121=PLANE('',#7024);
#6122=PLANE('',#7025);
#6123=PLANE('',#7026);
#6124=PLANE('',#7027);
#6125=PLANE('',#7028);
#6126=PLANE('',#7029);
#6127=PLANE('',#7031);
#6128=PLANE('',#7033);
#6129=PLANE('',#7035);
#6130=PLANE('',#7036);
#6131=PLANE('',#7037);
#6132=PLANE('',#7038);
#6133=PLANE('',#7039);
#6134=PLANE('',#7040);
#6135=PLANE('',#7041);
#6136=PLANE('',#7042);
#6137=PLANE('',#7044);
#6138=PLANE('',#7046);
#6139=PLANE('',#7048);
#6140=PLANE('',#7050);
#6141=PLANE('',#7051);
#6142=PLANE('',#7052);
#6143=PLANE('',#7053);
#6144=PLANE('',#7054);
#6145=PLANE('',#7055);
#6146=PLANE('',#7056);
#6147=PLANE('',#7057);
#6148=PLANE('',#7058);
#6149=PLANE('',#7059);
#6150=PLANE('',#7061);
#6151=PLANE('',#7063);
#6152=PLANE('',#7065);
#6153=PLANE('',#7067);
#6154=PLANE('',#7068);
#6155=PLANE('',#7069);
#6156=PLANE('',#7070);
#6157=PLANE('',#7071);
#6158=PLANE('',#7072);
#6159=PLANE('',#7073);
#6160=PLANE('',#7074);
#6161=PLANE('',#7075);
#6162=PLANE('',#7076);
#6163=PLANE('',#7078);
#6164=PLANE('',#7080);
#6165=PLANE('',#7082);
#6166=PLANE('',#7084);
#6167=PLANE('',#7086);
#6168=PLANE('',#7088);
#6169=PLANE('',#7090);
#6170=PLANE('',#7092);
#6171=PLANE('',#7094);
#6172=PLANE('',#7096);
#6173=PLANE('',#7098);
#6174=PLANE('',#7100);
#6175=PLANE('',#7102);
#6176=PLANE('',#7104);
#6177=PLANE('',#7106);
#6178=PLANE('',#7108);
#6179=PLANE('',#7110);
#6180=PLANE('',#7112);
#6181=PLANE('',#7114);
#6182=PLANE('',#7116);
#6183=PLANE('',#7118);
#6184=PLANE('',#7120);
#6185=PLANE('',#7122);
#6186=PLANE('',#7124);
#6187=PLANE('',#7126);
#6188=PLANE('',#7128);
#6189=PLANE('',#7129);
#6190=PLANE('',#7130);
#6191=PLANE('',#7131);
#6192=PLANE('',#7132);
#6193=PLANE('',#7133);
#6194=PLANE('',#7134);
#6195=PLANE('',#7135);
#6196=PLANE('',#7136);
#6197=PLANE('',#7137);
#6198=PLANE('',#7138);
#6199=PLANE('',#7139);
#6200=PLANE('',#7140);
#6201=PLANE('',#7141);
#6202=PLANE('',#7142);
#6203=PLANE('',#7143);
#6204=PLANE('',#7144);
#6205=PLANE('',#7145);
#6206=PLANE('',#7146);
#6207=PLANE('',#7147);
#6208=PLANE('',#7148);
#6209=PLANE('',#7149);
#6210=PLANE('',#7150);
#6211=PLANE('',#7151);
#6212=PLANE('',#7152);
#6213=PLANE('',#7153);
#6214=PLANE('',#7154);
#6215=PLANE('',#7155);
#6216=PLANE('',#7156);
#6217=PLANE('',#7157);
#6218=PLANE('',#7158);
#6219=PLANE('',#7159);
#6220=PLANE('',#7160);
#6221=PLANE('',#7161);
#6222=PLANE('',#7162);
#6223=PLANE('',#7163);
#6224=PLANE('',#7164);
#6225=PLANE('',#7165);
#6226=PLANE('',#7166);
#6227=PLANE('',#7167);
#6228=PLANE('',#7168);
#6229=PLANE('',#7169);
#6230=PLANE('',#7170);
#6231=PLANE('',#7171);
#6232=PLANE('',#7172);
#6233=PLANE('',#7173);
#6234=PLANE('',#7174);
#6235=PLANE('',#7175);
#6236=PLANE('',#7176);
#6237=PLANE('',#7177);
#6238=PLANE('',#7178);
#6239=PLANE('',#7179);
#6240=PLANE('',#7180);
#6241=PLANE('',#7181);
#6242=PLANE('',#7182);
#6243=PLANE('',#7183);
#6244=PLANE('',#7184);
#6245=PLANE('',#7185);
#6246=PLANE('',#7186);
#6247=PLANE('',#7187);
#6248=PLANE('',#7188);
#6249=PLANE('',#7189);
#6250=PLANE('',#7190);
#6251=PLANE('',#7191);
#6252=PLANE('',#7192);
#6253=PLANE('',#7193);
#6254=PLANE('',#7194);
#6255=PLANE('',#7195);
#6256=PLANE('',#7196);
#6257=PLANE('',#7197);
#6258=PLANE('',#7198);
#6259=PLANE('',#7199);
#6260=PLANE('',#7200);
#6261=PLANE('',#7202);
#6262=PLANE('',#7204);
#6263=PLANE('',#7206);
#6264=PLANE('',#7208);
#6265=PLANE('',#7209);
#6266=PLANE('',#7210);
#6267=PLANE('',#7211);
#6268=PLANE('',#7212);
#6269=PLANE('',#7213);
#6270=PLANE('',#7214);
#6271=PLANE('',#7215);
#6272=PLANE('',#7216);
#6273=PLANE('',#7217);
#6274=PLANE('',#7220);
#6275=PLANE('',#7223);
#6276=PLANE('',#7227);
#6277=PLANE('',#7231);
#6278=PLANE('',#7234);
#6279=PLANE('',#7238);
#6280=ADVANCED_FACE('',(#398),#6003,.T.);
#6281=ADVANCED_FACE('',(#399),#6004,.T.);
#6282=ADVANCED_FACE('',(#400),#6005,.T.);
#6283=ADVANCED_FACE('',(#401),#6006,.T.);
#6284=ADVANCED_FACE('',(#402,#93,#94),#6007,.T.);
#6285=ADVANCED_FACE('',(#403),#6008,.F.);
#6286=ADVANCED_FACE('',(#404),#33,.T.);
#6287=ADVANCED_FACE('',(#405,#95,#96,#97),#6009,.T.);
#6288=ADVANCED_FACE('',(#406),#6010,.T.);
#6289=ADVANCED_FACE('',(#407),#6011,.T.);
#6290=ADVANCED_FACE('',(#408),#6012,.T.);
#6291=ADVANCED_FACE('',(#409),#6013,.T.);
#6292=ADVANCED_FACE('',(#410,#98,#99),#6014,.T.);
#6293=ADVANCED_FACE('',(#411),#6015,.F.);
#6294=ADVANCED_FACE('',(#412),#34,.T.);
#6295=ADVANCED_FACE('',(#413),#6016,.T.);
#6296=ADVANCED_FACE('',(#414),#6017,.T.);
#6297=ADVANCED_FACE('',(#415),#6018,.T.);
#6298=ADVANCED_FACE('',(#416),#6019,.T.);
#6299=ADVANCED_FACE('',(#417,#100,#101),#6020,.T.);
#6300=ADVANCED_FACE('',(#418),#6021,.F.);
#6301=ADVANCED_FACE('',(#419),#35,.T.);
#6302=ADVANCED_FACE('',(#420),#6022,.F.);
#6303=ADVANCED_FACE('',(#421),#6023,.F.);
#6304=ADVANCED_FACE('',(#422),#6024,.F.);
#6305=ADVANCED_FACE('',(#423,#102,#103,#104,#105,#106,#107,#108,#109,#110,
#111,#112,#113,#114),#6025,.T.);
#6306=ADVANCED_FACE('',(#424),#6026,.T.);
#6307=ADVANCED_FACE('',(#425,#115,#116,#117,#118,#119,#120,#121,#122,#123),
#6027,.T.);
#6308=ADVANCED_FACE('',(#426,#124),#6028,.T.);
#6309=ADVANCED_FACE('',(#427),#6029,.T.);
#6310=ADVANCED_FACE('',(#428),#6030,.F.);
#6311=ADVANCED_FACE('',(#429,#125),#6031,.F.);
#6312=ADVANCED_FACE('',(#430),#6032,.T.);
#6313=ADVANCED_FACE('',(#431),#6033,.T.);
#6314=ADVANCED_FACE('',(#432),#6034,.F.);
#6315=ADVANCED_FACE('',(#433),#6035,.F.);
#6316=ADVANCED_FACE('',(#434),#6036,.F.);
#6317=ADVANCED_FACE('',(#435),#6037,.F.);
#6318=ADVANCED_FACE('',(#436),#6038,.F.);
#6319=ADVANCED_FACE('',(#437),#6039,.F.);
#6320=ADVANCED_FACE('',(#438),#6040,.F.);
#6321=ADVANCED_FACE('',(#439),#6041,.F.);
#6322=ADVANCED_FACE('',(#440),#6042,.F.);
#6323=ADVANCED_FACE('',(#441),#6043,.F.);
#6324=ADVANCED_FACE('',(#442),#6044,.F.);
#6325=ADVANCED_FACE('',(#443),#6045,.F.);
#6326=ADVANCED_FACE('',(#444),#6046,.F.);
#6327=ADVANCED_FACE('',(#445),#6047,.F.);
#6328=ADVANCED_FACE('',(#446),#6048,.F.);
#6329=ADVANCED_FACE('',(#447),#6049,.F.);
#6330=ADVANCED_FACE('',(#448),#6050,.F.);
#6331=ADVANCED_FACE('',(#449),#6051,.F.);
#6332=ADVANCED_FACE('',(#450),#6052,.F.);
#6333=ADVANCED_FACE('',(#451),#6053,.F.);
#6334=ADVANCED_FACE('',(#452),#6054,.F.);
#6335=ADVANCED_FACE('',(#453),#6055,.F.);
#6336=ADVANCED_FACE('',(#454),#6056,.F.);
#6337=ADVANCED_FACE('',(#455),#6057,.F.);
#6338=ADVANCED_FACE('',(#456),#36,.F.);
#6339=ADVANCED_FACE('',(#457),#6058,.T.);
#6340=ADVANCED_FACE('',(#458),#37,.F.);
#6341=ADVANCED_FACE('',(#459),#6059,.T.);
#6342=ADVANCED_FACE('',(#460),#38,.T.);
#6343=ADVANCED_FACE('',(#461,#126),#6060,.T.);
#6344=ADVANCED_FACE('',(#462),#6061,.T.);
#6345=ADVANCED_FACE('',(#463),#6062,.T.);
#6346=ADVANCED_FACE('',(#464),#6063,.T.);
#6347=ADVANCED_FACE('',(#465),#6064,.T.);
#6348=ADVANCED_FACE('',(#466),#6065,.T.);
#6349=ADVANCED_FACE('',(#467),#6066,.T.);
#6350=ADVANCED_FACE('',(#468),#6067,.T.);
#6351=ADVANCED_FACE('',(#469),#6068,.T.);
#6352=ADVANCED_FACE('',(#470),#6069,.T.);
#6353=ADVANCED_FACE('',(#471),#6070,.T.);
#6354=ADVANCED_FACE('',(#472),#6071,.T.);
#6355=ADVANCED_FACE('',(#473),#39,.T.);
#6356=ADVANCED_FACE('',(#474,#127),#6072,.T.);
#6357=ADVANCED_FACE('',(#475),#40,.T.);
#6358=ADVANCED_FACE('',(#476,#128),#6073,.T.);
#6359=ADVANCED_FACE('',(#477),#41,.T.);
#6360=ADVANCED_FACE('',(#478,#129),#6074,.T.);
#6361=ADVANCED_FACE('',(#479),#42,.T.);
#6362=ADVANCED_FACE('',(#480,#130),#6075,.T.);
#6363=ADVANCED_FACE('',(#481),#43,.F.);
#6364=ADVANCED_FACE('',(#482),#44,.F.);
#6365=ADVANCED_FACE('',(#483),#6076,.T.);
#6366=ADVANCED_FACE('',(#484),#45,.F.);
#6367=ADVANCED_FACE('',(#485),#6077,.T.);
#6368=ADVANCED_FACE('',(#486),#46,.F.);
#6369=ADVANCED_FACE('',(#487),#6078,.T.);
#6370=ADVANCED_FACE('',(#488),#47,.F.);
#6371=ADVANCED_FACE('',(#489),#6079,.T.);
#6372=ADVANCED_FACE('',(#490),#48,.F.);
#6373=ADVANCED_FACE('',(#491),#6080,.T.);
#6374=ADVANCED_FACE('',(#492),#49,.F.);
#6375=ADVANCED_FACE('',(#493),#6081,.T.);
#6376=ADVANCED_FACE('',(#494),#50,.F.);
#6377=ADVANCED_FACE('',(#495),#6082,.T.);
#6378=ADVANCED_FACE('',(#496),#51,.F.);
#6379=ADVANCED_FACE('',(#497),#6083,.T.);
#6380=ADVANCED_FACE('',(#498),#52,.F.);
#6381=ADVANCED_FACE('',(#499),#6084,.T.);
#6382=ADVANCED_FACE('',(#500),#53,.F.);
#6383=ADVANCED_FACE('',(#501),#6085,.T.);
#6384=ADVANCED_FACE('',(#502),#54,.F.);
#6385=ADVANCED_FACE('',(#503),#6086,.T.);
#6386=ADVANCED_FACE('',(#504),#55,.F.);
#6387=ADVANCED_FACE('',(#505),#6087,.T.);
#6388=ADVANCED_FACE('',(#506),#17,.F.);
#6389=ADVANCED_FACE('',(#507),#56,.F.);
#6390=ADVANCED_FACE('',(#508),#18,.F.);
#6391=ADVANCED_FACE('',(#509),#57,.F.);
#6392=ADVANCED_FACE('',(#510),#19,.F.);
#6393=ADVANCED_FACE('',(#511),#58,.F.);
#6394=ADVANCED_FACE('',(#512),#20,.F.);
#6395=ADVANCED_FACE('',(#513),#59,.F.);
#6396=ADVANCED_FACE('',(#514),#6088,.T.);
#6397=ADVANCED_FACE('',(#515),#21,.T.);
#6398=ADVANCED_FACE('',(#516),#6089,.T.);
#6399=ADVANCED_FACE('',(#517),#22,.T.);
#6400=ADVANCED_FACE('',(#518),#6090,.T.);
#6401=ADVANCED_FACE('',(#519),#23,.T.);
#6402=ADVANCED_FACE('',(#520),#6091,.T.);
#6403=ADVANCED_FACE('',(#521),#24,.T.);
#6404=ADVANCED_FACE('',(#522),#60,.T.);
#6405=ADVANCED_FACE('',(#523),#6092,.F.);
#6406=ADVANCED_FACE('',(#524),#61,.T.);
#6407=ADVANCED_FACE('',(#525),#6093,.F.);
#6408=ADVANCED_FACE('',(#526),#62,.F.);
#6409=ADVANCED_FACE('',(#527),#6094,.T.);
#6410=ADVANCED_FACE('',(#528),#63,.F.);
#6411=ADVANCED_FACE('',(#529),#6095,.T.);
#6412=ADVANCED_FACE('',(#530),#64,.F.);
#6413=ADVANCED_FACE('',(#531),#6096,.T.);
#6414=ADVANCED_FACE('',(#532),#65,.F.);
#6415=ADVANCED_FACE('',(#533),#6097,.T.);
#6416=ADVANCED_FACE('',(#534),#66,.F.);
#6417=ADVANCED_FACE('',(#535),#6098,.T.);
#6418=ADVANCED_FACE('',(#536),#67,.F.);
#6419=ADVANCED_FACE('',(#537),#6099,.T.);
#6420=ADVANCED_FACE('',(#538),#68,.F.);
#6421=ADVANCED_FACE('',(#539),#6100,.T.);
#6422=ADVANCED_FACE('',(#540),#69,.F.);
#6423=ADVANCED_FACE('',(#541),#6101,.T.);
#6424=ADVANCED_FACE('',(#542),#70,.T.);
#6425=ADVANCED_FACE('',(#543),#6102,.F.);
#6426=ADVANCED_FACE('',(#544),#71,.T.);
#6427=ADVANCED_FACE('',(#545),#6103,.F.);
#6428=ADVANCED_FACE('',(#546,#131),#6104,.T.);
#6429=ADVANCED_FACE('',(#547,#132,#133),#6105,.T.);
#6430=ADVANCED_FACE('',(#548,#134,#135),#6106,.T.);
#6431=ADVANCED_FACE('',(#549,#136,#137),#6107,.T.);
#6432=ADVANCED_FACE('',(#550,#138,#139,#140),#6108,.T.);
#6433=ADVANCED_FACE('',(#551),#72,.T.);
#6434=ADVANCED_FACE('',(#552),#25,.F.);
#6435=ADVANCED_FACE('',(#553,#141),#6109,.F.);
#6436=ADVANCED_FACE('',(#554),#26,.F.);
#6437=ADVANCED_FACE('',(#555,#142),#6110,.F.);
#6438=ADVANCED_FACE('',(#556),#27,.F.);
#6439=ADVANCED_FACE('',(#557,#143),#6111,.F.);
#6440=ADVANCED_FACE('',(#558),#28,.F.);
#6441=ADVANCED_FACE('',(#559),#6112,.F.);
#6442=ADVANCED_FACE('',(#560),#73,.F.);
#6443=ADVANCED_FACE('',(#561),#74,.F.);
#6444=ADVANCED_FACE('',(#562),#75,.F.);
#6445=ADVANCED_FACE('',(#563),#76,.F.);
#6446=ADVANCED_FACE('',(#564),#77,.F.);
#6447=ADVANCED_FACE('',(#565),#6113,.F.);
#6448=ADVANCED_FACE('',(#566),#6114,.F.);
#6449=ADVANCED_FACE('',(#567),#6115,.F.);
#6450=ADVANCED_FACE('',(#568),#6116,.F.);
#6451=ADVANCED_FACE('',(#569),#6117,.T.);
#6452=ADVANCED_FACE('',(#570),#6118,.T.);
#6453=ADVANCED_FACE('',(#571),#6119,.T.);
#6454=ADVANCED_FACE('',(#572),#6120,.T.);
#6455=ADVANCED_FACE('',(#573),#6121,.T.);
#6456=ADVANCED_FACE('',(#574),#6122,.T.);
#6457=ADVANCED_FACE('',(#575),#6123,.T.);
#6458=ADVANCED_FACE('',(#576),#6124,.T.);
#6459=ADVANCED_FACE('',(#577,#144),#6125,.T.);
#6460=ADVANCED_FACE('',(#578),#6126,.F.);
#6461=ADVANCED_FACE('',(#579),#6127,.F.);
#6462=ADVANCED_FACE('',(#580),#6128,.F.);
#6463=ADVANCED_FACE('',(#581),#6129,.T.);
#6464=ADVANCED_FACE('',(#582),#6130,.T.);
#6465=ADVANCED_FACE('',(#583),#6131,.T.);
#6466=ADVANCED_FACE('',(#584),#6132,.T.);
#6467=ADVANCED_FACE('',(#585),#6133,.T.);
#6468=ADVANCED_FACE('',(#586),#6134,.T.);
#6469=ADVANCED_FACE('',(#587),#6135,.T.);
#6470=ADVANCED_FACE('',(#588),#6136,.F.);
#6471=ADVANCED_FACE('',(#589),#6137,.F.);
#6472=ADVANCED_FACE('',(#590),#6138,.F.);
#6473=ADVANCED_FACE('',(#591),#6139,.F.);
#6474=ADVANCED_FACE('',(#592),#6140,.T.);
#6475=ADVANCED_FACE('',(#593),#6141,.T.);
#6476=ADVANCED_FACE('',(#594),#6142,.T.);
#6477=ADVANCED_FACE('',(#595),#6143,.T.);
#6478=ADVANCED_FACE('',(#596),#6144,.T.);
#6479=ADVANCED_FACE('',(#597),#6145,.T.);
#6480=ADVANCED_FACE('',(#598),#6146,.T.);
#6481=ADVANCED_FACE('',(#599),#6147,.T.);
#6482=ADVANCED_FACE('',(#600,#145),#6148,.T.);
#6483=ADVANCED_FACE('',(#601),#6149,.F.);
#6484=ADVANCED_FACE('',(#602),#6150,.F.);
#6485=ADVANCED_FACE('',(#603),#6151,.F.);
#6486=ADVANCED_FACE('',(#604),#6152,.F.);
#6487=ADVANCED_FACE('',(#605),#6153,.T.);
#6488=ADVANCED_FACE('',(#606),#6154,.T.);
#6489=ADVANCED_FACE('',(#607),#6155,.T.);
#6490=ADVANCED_FACE('',(#608),#6156,.T.);
#6491=ADVANCED_FACE('',(#609),#6157,.T.);
#6492=ADVANCED_FACE('',(#610),#6158,.T.);
#6493=ADVANCED_FACE('',(#611),#6159,.T.);
#6494=ADVANCED_FACE('',(#612),#6160,.T.);
#6495=ADVANCED_FACE('',(#613,#146),#6161,.T.);
#6496=ADVANCED_FACE('',(#614),#6162,.F.);
#6497=ADVANCED_FACE('',(#615),#6163,.F.);
#6498=ADVANCED_FACE('',(#616),#6164,.F.);
#6499=ADVANCED_FACE('',(#617),#6165,.F.);
#6500=ADVANCED_FACE('',(#618),#6166,.F.);
#6501=ADVANCED_FACE('',(#619),#6167,.F.);
#6502=ADVANCED_FACE('',(#620),#6168,.F.);
#6503=ADVANCED_FACE('',(#621),#6169,.F.);
#6504=ADVANCED_FACE('',(#622),#6170,.F.);
#6505=ADVANCED_FACE('',(#623),#6171,.F.);
#6506=ADVANCED_FACE('',(#624),#6172,.F.);
#6507=ADVANCED_FACE('',(#625),#6173,.F.);
#6508=ADVANCED_FACE('',(#626),#6174,.F.);
#6509=ADVANCED_FACE('',(#627),#6175,.F.);
#6510=ADVANCED_FACE('',(#628),#6176,.F.);
#6511=ADVANCED_FACE('',(#629),#6177,.F.);
#6512=ADVANCED_FACE('',(#630),#6178,.F.);
#6513=ADVANCED_FACE('',(#631),#6179,.F.);
#6514=ADVANCED_FACE('',(#632),#6180,.F.);
#6515=ADVANCED_FACE('',(#633),#6181,.F.);
#6516=ADVANCED_FACE('',(#634),#6182,.F.);
#6517=ADVANCED_FACE('',(#635),#6183,.F.);
#6518=ADVANCED_FACE('',(#636),#6184,.F.);
#6519=ADVANCED_FACE('',(#637),#6185,.F.);
#6520=ADVANCED_FACE('',(#638),#6186,.F.);
#6521=ADVANCED_FACE('',(#639),#6187,.F.);
#6522=ADVANCED_FACE('',(#640),#6188,.T.);
#6523=ADVANCED_FACE('',(#641),#6189,.T.);
#6524=ADVANCED_FACE('',(#642),#6190,.T.);
#6525=ADVANCED_FACE('',(#643),#6191,.T.);
#6526=ADVANCED_FACE('',(#644),#6192,.T.);
#6527=ADVANCED_FACE('',(#645),#6193,.T.);
#6528=ADVANCED_FACE('',(#646),#6194,.T.);
#6529=ADVANCED_FACE('',(#647),#6195,.T.);
#6530=ADVANCED_FACE('',(#648),#6196,.T.);
#6531=ADVANCED_FACE('',(#649),#6197,.T.);
#6532=ADVANCED_FACE('',(#650),#6198,.T.);
#6533=ADVANCED_FACE('',(#651),#6199,.T.);
#6534=ADVANCED_FACE('',(#652),#6200,.T.);
#6535=ADVANCED_FACE('',(#653),#6201,.T.);
#6536=ADVANCED_FACE('',(#654),#6202,.T.);
#6537=ADVANCED_FACE('',(#655),#6203,.T.);
#6538=ADVANCED_FACE('',(#656),#6204,.T.);
#6539=ADVANCED_FACE('',(#657),#6205,.T.);
#6540=ADVANCED_FACE('',(#658),#6206,.T.);
#6541=ADVANCED_FACE('',(#659),#6207,.T.);
#6542=ADVANCED_FACE('',(#660),#6208,.T.);
#6543=ADVANCED_FACE('',(#661),#6209,.T.);
#6544=ADVANCED_FACE('',(#662),#6210,.T.);
#6545=ADVANCED_FACE('',(#663),#6211,.T.);
#6546=ADVANCED_FACE('',(#664),#6212,.T.);
#6547=ADVANCED_FACE('',(#665),#6213,.T.);
#6548=ADVANCED_FACE('',(#666),#6214,.T.);
#6549=ADVANCED_FACE('',(#667),#6215,.T.);
#6550=ADVANCED_FACE('',(#668),#6216,.T.);
#6551=ADVANCED_FACE('',(#669),#6217,.T.);
#6552=ADVANCED_FACE('',(#670),#6218,.T.);
#6553=ADVANCED_FACE('',(#671),#6219,.T.);
#6554=ADVANCED_FACE('',(#672),#6220,.T.);
#6555=ADVANCED_FACE('',(#673),#6221,.T.);
#6556=ADVANCED_FACE('',(#674),#6222,.T.);
#6557=ADVANCED_FACE('',(#675),#6223,.T.);
#6558=ADVANCED_FACE('',(#676),#6224,.T.);
#6559=ADVANCED_FACE('',(#677),#6225,.T.);
#6560=ADVANCED_FACE('',(#678),#6226,.T.);
#6561=ADVANCED_FACE('',(#679),#6227,.T.);
#6562=ADVANCED_FACE('',(#680),#6228,.T.);
#6563=ADVANCED_FACE('',(#681),#6229,.T.);
#6564=ADVANCED_FACE('',(#682),#6230,.T.);
#6565=ADVANCED_FACE('',(#683),#6231,.T.);
#6566=ADVANCED_FACE('',(#684),#6232,.T.);
#6567=ADVANCED_FACE('',(#685),#6233,.T.);
#6568=ADVANCED_FACE('',(#686),#6234,.T.);
#6569=ADVANCED_FACE('',(#687),#6235,.T.);
#6570=ADVANCED_FACE('',(#688),#6236,.T.);
#6571=ADVANCED_FACE('',(#689),#6237,.T.);
#6572=ADVANCED_FACE('',(#690),#6238,.T.);
#6573=ADVANCED_FACE('',(#691),#6239,.T.);
#6574=ADVANCED_FACE('',(#692),#6240,.T.);
#6575=ADVANCED_FACE('',(#693),#6241,.T.);
#6576=ADVANCED_FACE('',(#694),#6242,.T.);
#6577=ADVANCED_FACE('',(#695),#6243,.T.);
#6578=ADVANCED_FACE('',(#696),#6244,.T.);
#6579=ADVANCED_FACE('',(#697),#6245,.T.);
#6580=ADVANCED_FACE('',(#698),#6246,.T.);
#6581=ADVANCED_FACE('',(#699),#6247,.T.);
#6582=ADVANCED_FACE('',(#700),#6248,.T.);
#6583=ADVANCED_FACE('',(#701),#6249,.T.);
#6584=ADVANCED_FACE('',(#702),#6250,.T.);
#6585=ADVANCED_FACE('',(#703),#6251,.T.);
#6586=ADVANCED_FACE('',(#704),#6252,.T.);
#6587=ADVANCED_FACE('',(#705),#6253,.T.);
#6588=ADVANCED_FACE('',(#706),#6254,.T.);
#6589=ADVANCED_FACE('',(#707),#6255,.T.);
#6590=ADVANCED_FACE('',(#708),#6256,.T.);
#6591=ADVANCED_FACE('',(#709),#6257,.T.);
#6592=ADVANCED_FACE('',(#710),#6258,.T.);
#6593=ADVANCED_FACE('',(#711),#6259,.T.);
#6594=ADVANCED_FACE('',(#712),#6260,.F.);
#6595=ADVANCED_FACE('',(#713),#6261,.F.);
#6596=ADVANCED_FACE('',(#714),#6262,.F.);
#6597=ADVANCED_FACE('',(#715),#6263,.F.);
#6598=ADVANCED_FACE('',(#716),#6264,.T.);
#6599=ADVANCED_FACE('',(#717),#6265,.T.);
#6600=ADVANCED_FACE('',(#718),#6266,.T.);
#6601=ADVANCED_FACE('',(#719),#6267,.T.);
#6602=ADVANCED_FACE('',(#720),#6268,.T.);
#6603=ADVANCED_FACE('',(#721),#6269,.T.);
#6604=ADVANCED_FACE('',(#722),#6270,.T.);
#6605=ADVANCED_FACE('',(#723),#6271,.T.);
#6606=ADVANCED_FACE('',(#724,#147),#6272,.T.);
#6607=ADVANCED_FACE('',(#725),#6273,.F.);
#6608=ADVANCED_FACE('',(#726),#6274,.F.);
#6609=ADVANCED_FACE('',(#727),#6275,.F.);
#6610=ADVANCED_FACE('',(#728),#6276,.F.);
#6611=ADVANCED_FACE('',(#729),#6277,.F.);
#6612=ADVANCED_FACE('',(#730),#6278,.F.);
#6613=ADVANCED_FACE('',(#731),#6279,.F.);
#6614=ADVANCED_FACE('',(#732),#78,.F.);
#6615=ADVANCED_FACE('',(#733),#79,.F.);
#6616=ADVANCED_FACE('',(#734),#80,.F.);
#6617=ADVANCED_FACE('',(#735),#81,.F.);
#6618=ADVANCED_FACE('',(#736),#82,.F.);
#6619=ADVANCED_FACE('',(#737),#83,.F.);
#6620=ADVANCED_FACE('',(#738),#84,.F.);
#6621=ADVANCED_FACE('',(#739),#85,.F.);
#6622=ADVANCED_FACE('',(#740),#86,.F.);
#6623=ADVANCED_FACE('',(#741),#87,.F.);
#6624=ADVANCED_FACE('',(#742),#88,.F.);
#6625=ADVANCED_FACE('',(#743),#89,.F.);
#6626=ADVANCED_FACE('',(#744),#90,.F.);
#6627=ADVANCED_FACE('',(#745),#91,.F.);
#6628=ADVANCED_FACE('',(#746),#92,.F.);
#6629=CLOSED_SHELL('',(#6280,#6281,#6282,#6283,#6284,#6285,#6286,#6287,
#6288,#6289,#6290,#6291,#6292,#6293,#6294,#6295,#6296,#6297,#6298,#6299,
#6300,#6301,#6302,#6303,#6304,#6305,#6306,#6307,#6308,#6309,#6310,#6311,
#6312,#6313,#6314,#6315,#6316,#6317,#6318,#6319,#6320,#6321,#6322,#6323,
#6324,#6325,#6326,#6327,#6328,#6329,#6330,#6331,#6332,#6333,#6334,#6335,
#6336,#6337,#6338,#6339,#6340,#6341,#6342,#6343,#6344,#6345,#6346,#6347,
#6348,#6349,#6350,#6351,#6352,#6353,#6354,#6355,#6356,#6357,#6358,#6359,
#6360,#6361,#6362,#6363,#6364,#6365,#6366,#6367,#6368,#6369,#6370,#6371,
#6372,#6373,#6374,#6375,#6376,#6377,#6378,#6379,#6380,#6381,#6382,#6383,
#6384,#6385,#6386,#6387,#6388,#6389,#6390,#6391,#6392,#6393,#6394,#6395,
#6396,#6397,#6398,#6399,#6400,#6401,#6402,#6403,#6404,#6405,#6406,#6407,
#6408,#6409,#6410,#6411,#6412,#6413,#6414,#6415,#6416,#6417,#6418,#6419,
#6420,#6421,#6422,#6423,#6424,#6425,#6426,#6427,#6428,#6429,#6430,#6431,
#6432,#6433,#6434,#6435,#6436,#6437,#6438,#6439,#6440,#6441,#6442,#6443,
#6444,#6445,#6446,#6447,#6448,#6449,#6450,#6451,#6452,#6453,#6454,#6455,
#6456,#6457,#6458,#6459,#6460,#6461,#6462,#6463,#6464,#6465,#6466,#6467,
#6468,#6469,#6470,#6471,#6472,#6473,#6474,#6475,#6476,#6477,#6478,#6479,
#6480,#6481,#6482,#6483,#6484,#6485,#6486,#6487,#6488,#6489,#6490,#6491,
#6492,#6493,#6494,#6495,#6496,#6497,#6498,#6499,#6500,#6501,#6502,#6503,
#6504,#6505,#6506,#6507,#6508,#6509,#6510,#6511,#6512,#6513,#6514,#6515,
#6516,#6517,#6518,#6519,#6520,#6521,#6522,#6523,#6524,#6525,#6526,#6527,
#6528,#6529,#6530,#6531,#6532,#6533,#6534,#6535,#6536,#6537,#6538,#6539,
#6540,#6541,#6542,#6543,#6544,#6545,#6546,#6547,#6548,#6549,#6550,#6551,
#6552,#6553,#6554,#6555,#6556,#6557,#6558,#6559,#6560,#6561,#6562,#6563,
#6564,#6565,#6566,#6567,#6568,#6569,#6570,#6571,#6572,#6573,#6574,#6575,
#6576,#6577,#6578,#6579,#6580,#6581,#6582,#6583,#6584,#6585,#6586,#6587,
#6588,#6589,#6590,#6591,#6592,#6593,#6594,#6595,#6596,#6597,#6598,#6599,
#6600,#6601,#6602,#6603,#6604,#6605,#6606,#6607,#6608,#6609,#6610,#6611,
#6612,#6613,#6614,#6615,#6616,#6617,#6618,#6619,#6620,#6621,#6622,#6623,
#6624,#6625,#6626,#6627,#6628));
#6630=DERIVED_UNIT_ELEMENT(#6633,1.);
#6631=DERIVED_UNIT_ELEMENT(#11077,-3.);
#6632=DIMENSIONAL_EXPONENTS(0.,1.,0.,0.,0.,0.,0.);
#6633=(
CONVERSION_BASED_UNIT('gram',#6635)
MASS_UNIT()
NAMED_UNIT(#6632)
);
#6634=(
MASS_UNIT()
NAMED_UNIT(*)
SI_UNIT(.KILO.,.GRAM.)
);
#6635=MASS_MEASURE_WITH_UNIT(MASS_MEASURE(0.001),#6634);
#6636=DERIVED_UNIT((#6630,#6631));
#6637=MEASURE_REPRESENTATION_ITEM('density measure',
POSITIVE_RATIO_MEASURE(1.06),#6636);
#6638=PROPERTY_DEFINITION_REPRESENTATION(#6643,#6640);
#6639=PROPERTY_DEFINITION_REPRESENTATION(#6644,#6641);
#6640=REPRESENTATION('material name',(#6642),#11074);
#6641=REPRESENTATION('density',(#6637),#11074);
#6642=DESCRIPTIVE_REPRESENTATION_ITEM('ABS Plastic','ABS Plastic');
#6643=PROPERTY_DEFINITION('material property','material name',#11084);
#6644=PROPERTY_DEFINITION('material property','density of part',#11084);
#6645=DATE_TIME_ROLE('creation_date');
#6646=APPLIED_DATE_AND_TIME_ASSIGNMENT(#6647,#6645,(#11084));
#6647=DATE_AND_TIME(#6648,#6649);
#6648=CALENDAR_DATE(2026,8,3);
#6649=LOCAL_TIME(0,0,0.,#6650);
#6650=COORDINATED_UNIVERSAL_TIME_OFFSET(0,0,.BEHIND.);
#6651=AXIS2_PLACEMENT_3D('',#9163,#7257,#7258);
#6652=AXIS2_PLACEMENT_3D('',#9164,#7259,#7260);
#6653=AXIS2_PLACEMENT_3D('',#9167,#7261,#7262);
#6654=AXIS2_PLACEMENT_3D('',#9173,#7266,#7267);
#6655=AXIS2_PLACEMENT_3D('',#9179,#7271,#7272);
#6656=AXIS2_PLACEMENT_3D('',#9188,#7277,#7278);
#6657=AXIS2_PLACEMENT_3D('',#9190,#7279,#7280);
#6658=AXIS2_PLACEMENT_3D('',#9194,#7283,#7284);
#6659=AXIS2_PLACEMENT_3D('',#9198,#7287,#7288);
#6660=AXIS2_PLACEMENT_3D('',#9200,#7289,#7290);
#6661=AXIS2_PLACEMENT_3D('',#9201,#7291,#7292);
#6662=AXIS2_PLACEMENT_3D('',#9203,#7293,#7294);
#6663=AXIS2_PLACEMENT_3D('',#9206,#7296,#7297);
#6664=AXIS2_PLACEMENT_3D('',#9207,#7298,#7299);
#6665=AXIS2_PLACEMENT_3D('',#9209,#7300,#7301);
#6666=AXIS2_PLACEMENT_3D('',#9213,#7303,#7304);
#6667=AXIS2_PLACEMENT_3D('',#9215,#7305,#7306);
#6668=AXIS2_PLACEMENT_3D('',#9219,#7308,#7309);
#6669=AXIS2_PLACEMENT_3D('',#9221,#7311,#7312);
#6670=AXIS2_PLACEMENT_3D('',#9223,#7313,#7314);
#6671=AXIS2_PLACEMENT_3D('',#9227,#7316,#7317);
#6672=AXIS2_PLACEMENT_3D('',#9235,#7321,#7322);
#6673=AXIS2_PLACEMENT_3D('',#9245,#7327,#7328);
#6674=AXIS2_PLACEMENT_3D('',#9247,#7329,#7330);
#6675=AXIS2_PLACEMENT_3D('',#9251,#7332,#7333);
#6676=AXIS2_PLACEMENT_3D('',#9255,#7335,#7336);
#6677=AXIS2_PLACEMENT_3D('',#9259,#7338,#7339);
#6678=AXIS2_PLACEMENT_3D('',#9263,#7341,#7342);
#6679=AXIS2_PLACEMENT_3D('',#9267,#7344,#7345);
#6680=AXIS2_PLACEMENT_3D('',#9271,#7347,#7348);
#6681=AXIS2_PLACEMENT_3D('',#9275,#7350,#7351);
#6682=AXIS2_PLACEMENT_3D('',#9279,#7353,#7354);
#6683=AXIS2_PLACEMENT_3D('',#9283,#7356,#7357);
#6684=AXIS2_PLACEMENT_3D('',#9285,#7358,#7359);
#6685=AXIS2_PLACEMENT_3D('',#9289,#7361,#7362);
#6686=AXIS2_PLACEMENT_3D('',#9290,#7363,#7364);
#6687=AXIS2_PLACEMENT_3D('',#9292,#7365,#7366);
#6688=AXIS2_PLACEMENT_3D('',#9294,#7367,#7368);
#6689=AXIS2_PLACEMENT_3D('',#9295,#7369,#7370);
#6690=AXIS2_PLACEMENT_3D('',#9298,#7371,#7372);
#6691=AXIS2_PLACEMENT_3D('',#9304,#7376,#7377);
#6692=AXIS2_PLACEMENT_3D('',#9307,#7380,#7381);
#6693=AXIS2_PLACEMENT_3D('',#9311,#7384,#7385);
#6694=AXIS2_PLACEMENT_3D('',#9315,#7388,#7389);
#6695=AXIS2_PLACEMENT_3D('',#9318,#7391,#7392);
#6696=AXIS2_PLACEMENT_3D('',#9320,#7393,#7394);
#6697=AXIS2_PLACEMENT_3D('',#9321,#7395,#7396);
#6698=AXIS2_PLACEMENT_3D('',#9323,#7397,#7398);
#6699=AXIS2_PLACEMENT_3D('',#9325,#7400,#7401);
#6700=AXIS2_PLACEMENT_3D('',#9329,#7403,#7404);
#6701=AXIS2_PLACEMENT_3D('',#9331,#7405,#7406);
#6702=AXIS2_PLACEMENT_3D('',#9335,#7408,#7409);
#6703=AXIS2_PLACEMENT_3D('',#9337,#7411,#7412);
#6704=AXIS2_PLACEMENT_3D('',#9340,#7413,#7414);
#6705=AXIS2_PLACEMENT_3D('',#9346,#7418,#7419);
#6706=AXIS2_PLACEMENT_3D('',#9349,#7422,#7423);
#6707=AXIS2_PLACEMENT_3D('',#9353,#7426,#7427);
#6708=AXIS2_PLACEMENT_3D('',#9357,#7430,#7431);
#6709=AXIS2_PLACEMENT_3D('',#9360,#7433,#7434);
#6710=AXIS2_PLACEMENT_3D('',#9362,#7435,#7436);
#6711=AXIS2_PLACEMENT_3D('',#9363,#7437,#7438);
#6712=AXIS2_PLACEMENT_3D('',#9365,#7439,#7440);
#6713=AXIS2_PLACEMENT_3D('',#9367,#7442,#7443);
#6714=AXIS2_PLACEMENT_3D('',#9371,#7445,#7446);
#6715=AXIS2_PLACEMENT_3D('',#9373,#7448,#7449);
#6716=AXIS2_PLACEMENT_3D('',#9390,#7458,#7459);
#6717=AXIS2_PLACEMENT_3D('',#9400,#7465,#7466);
#6718=AXIS2_PLACEMENT_3D('',#9410,#7472,#7473);
#6719=AXIS2_PLACEMENT_3D('',#9414,#7475,#7476);
#6720=AXIS2_PLACEMENT_3D('',#9418,#7478,#7479);
#6721=AXIS2_PLACEMENT_3D('',#9422,#7481,#7482);
#6722=AXIS2_PLACEMENT_3D('',#9424,#7483,#7484);
#6723=AXIS2_PLACEMENT_3D('',#9428,#7486,#7487);
#6724=AXIS2_PLACEMENT_3D('',#9430,#7488,#7489);
#6725=AXIS2_PLACEMENT_3D('',#9434,#7491,#7492);
#6726=AXIS2_PLACEMENT_3D('',#9436,#7493,#7494);
#6727=AXIS2_PLACEMENT_3D('',#9440,#7496,#7497);
#6728=AXIS2_PLACEMENT_3D('',#9442,#7498,#7499);
#6729=AXIS2_PLACEMENT_3D('',#9446,#7501,#7502);
#6730=AXIS2_PLACEMENT_3D('',#9448,#7503,#7504);
#6731=AXIS2_PLACEMENT_3D('',#9452,#7506,#7507);
#6732=AXIS2_PLACEMENT_3D('',#9454,#7508,#7509);
#6733=AXIS2_PLACEMENT_3D('',#9458,#7511,#7512);
#6734=AXIS2_PLACEMENT_3D('',#9460,#7513,#7514);
#6735=AXIS2_PLACEMENT_3D('',#9464,#7516,#7517);
#6736=AXIS2_PLACEMENT_3D('',#9466,#7518,#7519);
#6737=AXIS2_PLACEMENT_3D('',#9470,#7521,#7522);
#6738=AXIS2_PLACEMENT_3D('',#9473,#7524,#7525);
#6739=AXIS2_PLACEMENT_3D('',#9475,#7526,#7527);
#6740=AXIS2_PLACEMENT_3D('',#9477,#7528,#7529);
#6741=AXIS2_PLACEMENT_3D('',#9479,#7530,#7531);
#6742=AXIS2_PLACEMENT_3D('',#9481,#7532,#7533);
#6743=AXIS2_PLACEMENT_3D('',#9483,#7534,#7535);
#6744=AXIS2_PLACEMENT_3D('',#9485,#7536,#7537);
#6745=AXIS2_PLACEMENT_3D('',#9487,#7538,#7539);
#6746=AXIS2_PLACEMENT_3D('',#9489,#7540,#7541);
#6747=AXIS2_PLACEMENT_3D('',#9491,#7542,#7543);
#6748=AXIS2_PLACEMENT_3D('',#9493,#7544,#7545);
#6749=AXIS2_PLACEMENT_3D('',#9495,#7546,#7547);
#6750=AXIS2_PLACEMENT_3D('',#9497,#7548,#7549);
#6751=AXIS2_PLACEMENT_3D('',#9498,#7550,#7551);
#6752=AXIS2_PLACEMENT_3D('',#9504,#7555,#7556);
#6753=AXIS2_PLACEMENT_3D('',#9509,#7558,#7559);
#6754=AXIS2_PLACEMENT_3D('',#9513,#7561,#7562);
#6755=AXIS2_PLACEMENT_3D('',#9517,#7564,#7565);
#6756=AXIS2_PLACEMENT_3D('',#9520,#7567,#7568);
#6757=AXIS2_PLACEMENT_3D('',#9522,#7569,#7570);
#6758=AXIS2_PLACEMENT_3D('',#9524,#7571,#7572);
#6759=AXIS2_PLACEMENT_3D('',#9526,#7573,#7574);
#6760=AXIS2_PLACEMENT_3D('',#9528,#7575,#7576);
#6761=AXIS2_PLACEMENT_3D('',#9530,#7577,#7578);
#6762=AXIS2_PLACEMENT_3D('',#9532,#7579,#7580);
#6763=AXIS2_PLACEMENT_3D('',#9534,#7581,#7582);
#6764=AXIS2_PLACEMENT_3D('',#9536,#7583,#7584);
#6765=AXIS2_PLACEMENT_3D('',#9546,#7589,#7590);
#6766=AXIS2_PLACEMENT_3D('',#9548,#7591,#7592);
#6767=AXIS2_PLACEMENT_3D('',#9560,#7598,#7599);
#6768=AXIS2_PLACEMENT_3D('',#9562,#7600,#7601);
#6769=AXIS2_PLACEMENT_3D('',#9570,#7605,#7606);
#6770=AXIS2_PLACEMENT_3D('',#9582,#7612,#7613);
#6771=AXIS2_PLACEMENT_3D('',#9594,#7619,#7620);
#6772=AXIS2_PLACEMENT_3D('',#9606,#7626,#7627);
#6773=AXIS2_PLACEMENT_3D('',#9614,#7631,#7632);
#6774=AXIS2_PLACEMENT_3D('',#9626,#7638,#7639);
#6775=AXIS2_PLACEMENT_3D('',#9638,#7645,#7646);
#6776=AXIS2_PLACEMENT_3D('',#9650,#7652,#7653);
#6777=AXIS2_PLACEMENT_3D('',#9658,#7657,#7658);
#6778=AXIS2_PLACEMENT_3D('',#9670,#7664,#7665);
#6779=AXIS2_PLACEMENT_3D('',#9682,#7671,#7672);
#6780=AXIS2_PLACEMENT_3D('',#9694,#7678,#7679);
#6781=AXIS2_PLACEMENT_3D('',#9702,#7683,#7684);
#6782=AXIS2_PLACEMENT_3D('',#9704,#7685,#7686);
#6783=AXIS2_PLACEMENT_3D('',#9719,#7694,#7695);
#6784=AXIS2_PLACEMENT_3D('',#9723,#7698,#7699);
#6785=AXIS2_PLACEMENT_3D('',#9742,#7709,#7710);
#6786=AXIS2_PLACEMENT_3D('',#9743,#7711,#7712);
#6787=AXIS2_PLACEMENT_3D('',#9747,#7715,#7716);
#6788=AXIS2_PLACEMENT_3D('',#9753,#7719,#7720);
#6789=AXIS2_PLACEMENT_3D('',#9755,#7722,#7723);
#6790=AXIS2_PLACEMENT_3D('',#9759,#7725,#7726);
#6791=AXIS2_PLACEMENT_3D('',#9763,#7728,#7729);
#6792=AXIS2_PLACEMENT_3D('',#9765,#7730,#7731);
#6793=AXIS2_PLACEMENT_3D('',#9769,#7733,#7734);
#6794=AXIS2_PLACEMENT_3D('',#9771,#7735,#7736);
#6795=AXIS2_PLACEMENT_3D('',#9776,#7739,#7740);
#6796=AXIS2_PLACEMENT_3D('',#9777,#7741,#7742);
#6797=AXIS2_PLACEMENT_3D('',#9779,#7744,#7745);
#6798=AXIS2_PLACEMENT_3D('',#9781,#7747,#7748);
#6799=AXIS2_PLACEMENT_3D('',#9790,#7753,#7754);
#6800=AXIS2_PLACEMENT_3D('',#9796,#7758,#7759);
#6801=AXIS2_PLACEMENT_3D('',#9802,#7763,#7764);
#6802=AXIS2_PLACEMENT_3D('',#9808,#7768,#7769);
#6803=AXIS2_PLACEMENT_3D('',#9814,#7773,#7774);
#6804=AXIS2_PLACEMENT_3D('',#9820,#7778,#7779);
#6805=AXIS2_PLACEMENT_3D('',#9826,#7783,#7784);
#6806=AXIS2_PLACEMENT_3D('',#9832,#7788,#7789);
#6807=AXIS2_PLACEMENT_3D('',#9838,#7793,#7794);
#6808=AXIS2_PLACEMENT_3D('',#9841,#7797,#7798);
#6809=AXIS2_PLACEMENT_3D('',#9842,#7799,#7800);
#6810=AXIS2_PLACEMENT_3D('',#9851,#7805,#7806);
#6811=AXIS2_PLACEMENT_3D('',#9857,#7810,#7811);
#6812=AXIS2_PLACEMENT_3D('',#9863,#7815,#7816);
#6813=AXIS2_PLACEMENT_3D('',#9869,#7820,#7821);
#6814=AXIS2_PLACEMENT_3D('',#9875,#7825,#7826);
#6815=AXIS2_PLACEMENT_3D('',#9881,#7830,#7831);
#6816=AXIS2_PLACEMENT_3D('',#9884,#7834,#7835);
#6817=AXIS2_PLACEMENT_3D('',#9885,#7836,#7837);
#6818=AXIS2_PLACEMENT_3D('',#9894,#7842,#7843);
#6819=AXIS2_PLACEMENT_3D('',#9900,#7847,#7848);
#6820=AXIS2_PLACEMENT_3D('',#9906,#7852,#7853);
#6821=AXIS2_PLACEMENT_3D('',#9909,#7856,#7857);
#6822=AXIS2_PLACEMENT_3D('',#9910,#7858,#7859);
#6823=AXIS2_PLACEMENT_3D('',#9913,#7861,#7862);
#6824=AXIS2_PLACEMENT_3D('',#9914,#7863,#7864);
#6825=AXIS2_PLACEMENT_3D('',#9915,#7865,#7866);
#6826=AXIS2_PLACEMENT_3D('',#9918,#7868,#7869);
#6827=AXIS2_PLACEMENT_3D('',#9919,#7870,#7871);
#6828=AXIS2_PLACEMENT_3D('',#9920,#7872,#7873);
#6829=AXIS2_PLACEMENT_3D('',#9922,#7874,#7875);
#6830=AXIS2_PLACEMENT_3D('',#9924,#7877,#7878);
#6831=AXIS2_PLACEMENT_3D('',#9926,#7879,#7880);
#6832=AXIS2_PLACEMENT_3D('',#9927,#7881,#7882);
#6833=AXIS2_PLACEMENT_3D('',#9930,#7885,#7886);
#6834=AXIS2_PLACEMENT_3D('',#9933,#7889,#7890);
#6835=AXIS2_PLACEMENT_3D('',#9936,#7893,#7894);
#6836=AXIS2_PLACEMENT_3D('',#9939,#7897,#7898);
#6837=AXIS2_PLACEMENT_3D('',#9942,#7901,#7902);
#6838=AXIS2_PLACEMENT_3D('',#9945,#7905,#7906);
#6839=AXIS2_PLACEMENT_3D('',#9948,#7909,#7910);
#6840=AXIS2_PLACEMENT_3D('',#9951,#7913,#7914);
#6841=AXIS2_PLACEMENT_3D('',#9954,#7917,#7918);
#6842=AXIS2_PLACEMENT_3D('',#9957,#7921,#7922);
#6843=AXIS2_PLACEMENT_3D('',#9965,#7928,#7929);
#6844=AXIS2_PLACEMENT_3D('',#9967,#7930,#7931);
#6845=AXIS2_PLACEMENT_3D('',#9969,#7933,#7934);
#6846=AXIS2_PLACEMENT_3D('',#9971,#7935,#7936);
#6847=AXIS2_PLACEMENT_3D('',#9972,#7937,#7938);
#6848=AXIS2_PLACEMENT_3D('',#9974,#7939,#7940);
#6849=AXIS2_PLACEMENT_3D('',#9976,#7942,#7943);
#6850=AXIS2_PLACEMENT_3D('',#9978,#7944,#7945);
#6851=AXIS2_PLACEMENT_3D('',#9979,#7946,#7947);
#6852=AXIS2_PLACEMENT_3D('',#9981,#7948,#7949);
#6853=AXIS2_PLACEMENT_3D('',#9983,#7951,#7952);
#6854=AXIS2_PLACEMENT_3D('',#9985,#7953,#7954);
#6855=AXIS2_PLACEMENT_3D('',#9986,#7955,#7956);
#6856=AXIS2_PLACEMENT_3D('',#9988,#7957,#7958);
#6857=AXIS2_PLACEMENT_3D('',#9990,#7960,#7961);
#6858=AXIS2_PLACEMENT_3D('',#9992,#7962,#7963);
#6859=AXIS2_PLACEMENT_3D('',#9993,#7964,#7965);
#6860=AXIS2_PLACEMENT_3D('',#9996,#7966,#7967);
#6861=AXIS2_PLACEMENT_3D('',#9999,#7970,#7971);
#6862=AXIS2_PLACEMENT_3D('',#10001,#7972,#7973);
#6863=AXIS2_PLACEMENT_3D('',#10004,#7975,#7976);
#6864=AXIS2_PLACEMENT_3D('',#10005,#7977,#7978);
#6865=AXIS2_PLACEMENT_3D('',#10006,#7979,#7980);
#6866=AXIS2_PLACEMENT_3D('',#10008,#7981,#7982);
#6867=AXIS2_PLACEMENT_3D('',#10011,#7984,#7985);
#6868=AXIS2_PLACEMENT_3D('',#10012,#7986,#7987);
#6869=AXIS2_PLACEMENT_3D('',#10013,#7988,#7989);
#6870=AXIS2_PLACEMENT_3D('',#10015,#7990,#7991);
#6871=AXIS2_PLACEMENT_3D('',#10018,#7993,#7994);
#6872=AXIS2_PLACEMENT_3D('',#10019,#7995,#7996);
#6873=AXIS2_PLACEMENT_3D('',#10020,#7997,#7998);
#6874=AXIS2_PLACEMENT_3D('',#10022,#7999,#8000);
#6875=AXIS2_PLACEMENT_3D('',#10025,#8002,#8003);
#6876=AXIS2_PLACEMENT_3D('',#10026,#8004,#8005);
#6877=AXIS2_PLACEMENT_3D('',#10027,#8006,#8007);
#6878=AXIS2_PLACEMENT_3D('',#10029,#8008,#8009);
#6879=AXIS2_PLACEMENT_3D('',#10032,#8011,#8012);
#6880=AXIS2_PLACEMENT_3D('',#10033,#8013,#8014);
#6881=AXIS2_PLACEMENT_3D('',#10034,#8015,#8016);
#6882=AXIS2_PLACEMENT_3D('',#10036,#8017,#8018);
#6883=AXIS2_PLACEMENT_3D('',#10039,#8020,#8021);
#6884=AXIS2_PLACEMENT_3D('',#10040,#8022,#8023);
#6885=AXIS2_PLACEMENT_3D('',#10041,#8024,#8025);
#6886=AXIS2_PLACEMENT_3D('',#10044,#8027,#8028);
#6887=AXIS2_PLACEMENT_3D('',#10045,#8029,#8030);
#6888=AXIS2_PLACEMENT_3D('',#10046,#8031,#8032);
#6889=AXIS2_PLACEMENT_3D('',#10049,#8034,#8035);
#6890=AXIS2_PLACEMENT_3D('',#10050,#8036,#8037);
#6891=AXIS2_PLACEMENT_3D('',#10051,#8038,#8039);
#6892=AXIS2_PLACEMENT_3D('',#10054,#8041,#8042);
#6893=AXIS2_PLACEMENT_3D('',#10055,#8043,#8044);
#6894=AXIS2_PLACEMENT_3D('',#10056,#8045,#8046);
#6895=AXIS2_PLACEMENT_3D('',#10059,#8048,#8049);
#6896=AXIS2_PLACEMENT_3D('',#10060,#8050,#8051);
#6897=AXIS2_PLACEMENT_3D('',#10061,#8052,#8053);
#6898=AXIS2_PLACEMENT_3D('',#10064,#8055,#8056);
#6899=AXIS2_PLACEMENT_3D('',#10065,#8057,#8058);
#6900=AXIS2_PLACEMENT_3D('',#10066,#8059,#8060);
#6901=AXIS2_PLACEMENT_3D('',#10069,#8062,#8063);
#6902=AXIS2_PLACEMENT_3D('',#10070,#8064,#8065);
#6903=AXIS2_PLACEMENT_3D('',#10071,#8066,#8067);
#6904=AXIS2_PLACEMENT_3D('',#10074,#8069,#8070);
#6905=AXIS2_PLACEMENT_3D('',#10075,#8071,#8072);
#6906=AXIS2_PLACEMENT_3D('',#10077,#8073,#8074);
#6907=AXIS2_PLACEMENT_3D('',#10079,#8076,#8077);
#6908=AXIS2_PLACEMENT_3D('',#10082,#8079,#8080);
#6909=AXIS2_PLACEMENT_3D('',#10083,#8081,#8082);
#6910=AXIS2_PLACEMENT_3D('',#10085,#8083,#8084);
#6911=AXIS2_PLACEMENT_3D('',#10087,#8086,#8087);
#6912=AXIS2_PLACEMENT_3D('',#10090,#8089,#8090);
#6913=AXIS2_PLACEMENT_3D('',#10091,#8091,#8092);
#6914=AXIS2_PLACEMENT_3D('',#10093,#8093,#8094);
#6915=AXIS2_PLACEMENT_3D('',#10095,#8096,#8097);
#6916=AXIS2_PLACEMENT_3D('',#10098,#8099,#8100);
#6917=AXIS2_PLACEMENT_3D('',#10099,#8101,#8102);
#6918=AXIS2_PLACEMENT_3D('',#10101,#8103,#8104);
#6919=AXIS2_PLACEMENT_3D('',#10103,#8106,#8107);
#6920=AXIS2_PLACEMENT_3D('',#10109,#8111,#8112);
#6921=AXIS2_PLACEMENT_3D('',#10112,#8114,#8115);
#6922=AXIS2_PLACEMENT_3D('',#10113,#8116,#8117);
#6923=AXIS2_PLACEMENT_3D('',#10117,#8120,#8121);
#6924=AXIS2_PLACEMENT_3D('',#10120,#8123,#8124);
#6925=AXIS2_PLACEMENT_3D('',#10121,#8125,#8126);
#6926=AXIS2_PLACEMENT_3D('',#10125,#8129,#8130);
#6927=AXIS2_PLACEMENT_3D('',#10128,#8132,#8133);
#6928=AXIS2_PLACEMENT_3D('',#10129,#8134,#8135);
#6929=AXIS2_PLACEMENT_3D('',#10133,#8138,#8139);
#6930=AXIS2_PLACEMENT_3D('',#10134,#8140,#8141);
#6931=AXIS2_PLACEMENT_3D('',#10135,#8142,#8143);
#6932=AXIS2_PLACEMENT_3D('',#10139,#8145,#8146);
#6933=AXIS2_PLACEMENT_3D('',#10141,#8148,#8149);
#6934=AXIS2_PLACEMENT_3D('',#10145,#8152,#8153);
#6935=AXIS2_PLACEMENT_3D('',#10148,#8155,#8156);
#6936=AXIS2_PLACEMENT_3D('',#10149,#8157,#8158);
#6937=AXIS2_PLACEMENT_3D('',#10153,#8161,#8162);
#6938=AXIS2_PLACEMENT_3D('',#10156,#8164,#8165);
#6939=AXIS2_PLACEMENT_3D('',#10157,#8166,#8167);
#6940=AXIS2_PLACEMENT_3D('',#10158,#8168,#8169);
#6941=AXIS2_PLACEMENT_3D('',#10161,#8171,#8172);
#6942=AXIS2_PLACEMENT_3D('',#10162,#8173,#8174);
#6943=AXIS2_PLACEMENT_3D('',#10163,#8175,#8176);
#6944=AXIS2_PLACEMENT_3D('',#10166,#8178,#8179);
#6945=AXIS2_PLACEMENT_3D('',#10167,#8180,#8181);
#6946=AXIS2_PLACEMENT_3D('',#10168,#8182,#8183);
#6947=AXIS2_PLACEMENT_3D('',#10171,#8185,#8186);
#6948=AXIS2_PLACEMENT_3D('',#10172,#8187,#8188);
#6949=AXIS2_PLACEMENT_3D('',#10173,#8189,#8190);
#6950=AXIS2_PLACEMENT_3D('',#10176,#8192,#8193);
#6951=AXIS2_PLACEMENT_3D('',#10177,#8194,#8195);
#6952=AXIS2_PLACEMENT_3D('',#10178,#8196,#8197);
#6953=AXIS2_PLACEMENT_3D('',#10181,#8199,#8200);
#6954=AXIS2_PLACEMENT_3D('',#10182,#8201,#8202);
#6955=AXIS2_PLACEMENT_3D('',#10183,#8203,#8204);
#6956=AXIS2_PLACEMENT_3D('',#10186,#8206,#8207);
#6957=AXIS2_PLACEMENT_3D('',#10187,#8208,#8209);
#6958=AXIS2_PLACEMENT_3D('',#10188,#8210,#8211);
#6959=AXIS2_PLACEMENT_3D('',#10191,#8213,#8214);
#6960=AXIS2_PLACEMENT_3D('',#10192,#8215,#8216);
#6961=AXIS2_PLACEMENT_3D('',#10193,#8217,#8218);
#6962=AXIS2_PLACEMENT_3D('',#10196,#8220,#8221);
#6963=AXIS2_PLACEMENT_3D('',#10197,#8222,#8223);
#6964=AXIS2_PLACEMENT_3D('',#10201,#8226,#8227);
#6965=AXIS2_PLACEMENT_3D('',#10204,#8229,#8230);
#6966=AXIS2_PLACEMENT_3D('',#10205,#8231,#8232);
#6967=AXIS2_PLACEMENT_3D('',#10207,#8234,#8235);
#6968=AXIS2_PLACEMENT_3D('',#10214,#8240,#8241);
#6969=AXIS2_PLACEMENT_3D('',#10215,#8242,#8243);
#6970=AXIS2_PLACEMENT_3D('',#10216,#8244,#8245);
#6971=AXIS2_PLACEMENT_3D('',#10218,#8247,#8248);
#6972=AXIS2_PLACEMENT_3D('',#10219,#8249,#8250);
#6973=AXIS2_PLACEMENT_3D('',#10221,#8252,#8253);
#6974=AXIS2_PLACEMENT_3D('',#10222,#8254,#8255);
#6975=AXIS2_PLACEMENT_3D('',#10224,#8256,#8257);
#6976=AXIS2_PLACEMENT_3D('',#10226,#8259,#8260);
#6977=AXIS2_PLACEMENT_3D('',#10231,#8262,#8263);
#6978=AXIS2_PLACEMENT_3D('',#10233,#8264,#8265);
#6979=AXIS2_PLACEMENT_3D('',#10237,#8267,#8268);
#6980=AXIS2_PLACEMENT_3D('',#10239,#8269,#8270);
#6981=AXIS2_PLACEMENT_3D('',#10243,#8272,#8273);
#6982=AXIS2_PLACEMENT_3D('',#10246,#8275,#8276);
#6983=AXIS2_PLACEMENT_3D('',#10247,#8277,#8278);
#6984=AXIS2_PLACEMENT_3D('',#10249,#8279,#8280);
#6985=AXIS2_PLACEMENT_3D('',#10251,#8282,#8283);
#6986=AXIS2_PLACEMENT_3D('',#10256,#8285,#8286);
#6987=AXIS2_PLACEMENT_3D('',#10260,#8288,#8289);
#6988=AXIS2_PLACEMENT_3D('',#10262,#8290,#8291);
#6989=AXIS2_PLACEMENT_3D('',#10266,#8293,#8294);
#6990=AXIS2_PLACEMENT_3D('',#10268,#8295,#8296);
#6991=AXIS2_PLACEMENT_3D('',#10271,#8298,#8299);
#6992=AXIS2_PLACEMENT_3D('',#10272,#8300,#8301);
#6993=AXIS2_PLACEMENT_3D('',#10274,#8302,#8303);
#6994=AXIS2_PLACEMENT_3D('',#10276,#8305,#8306);
#6995=AXIS2_PLACEMENT_3D('',#10281,#8308,#8309);
#6996=AXIS2_PLACEMENT_3D('',#10285,#8311,#8312);
#6997=AXIS2_PLACEMENT_3D('',#10287,#8313,#8314);
#6998=AXIS2_PLACEMENT_3D('',#10291,#8316,#8317);
#6999=AXIS2_PLACEMENT_3D('',#10293,#8318,#8319);
#7000=AXIS2_PLACEMENT_3D('',#10296,#8321,#8322);
#7001=AXIS2_PLACEMENT_3D('',#10297,#8323,#8324);
#7002=AXIS2_PLACEMENT_3D('',#10299,#8326,#8327);
#7003=AXIS2_PLACEMENT_3D('',#10306,#8332,#8333);
#7004=AXIS2_PLACEMENT_3D('',#10308,#8335,#8336);
#7005=AXIS2_PLACEMENT_3D('',#10310,#8337,#8338);
#7006=AXIS2_PLACEMENT_3D('',#10312,#8340,#8341);
#7007=AXIS2_PLACEMENT_3D('',#10314,#8342,#8343);
#7008=AXIS2_PLACEMENT_3D('',#10316,#8345,#8346);
#7009=AXIS2_PLACEMENT_3D('',#10318,#8347,#8348);
#7010=AXIS2_PLACEMENT_3D('',#10320,#8350,#8351);
#7011=AXIS2_PLACEMENT_3D('',#10322,#8352,#8353);
#7012=AXIS2_PLACEMENT_3D('',#10324,#8355,#8356);
#7013=AXIS2_PLACEMENT_3D('',#10326,#8357,#8358);
#7014=AXIS2_PLACEMENT_3D('',#10332,#8362,#8363);
#7015=AXIS2_PLACEMENT_3D('',#10334,#8364,#8365);
#7016=AXIS2_PLACEMENT_3D('',#10340,#8369,#8370);
#7017=AXIS2_PLACEMENT_3D('',#10342,#8371,#8372);
#7018=AXIS2_PLACEMENT_3D('',#10348,#8376,#8377);
#7019=AXIS2_PLACEMENT_3D('',#10350,#8378,#8379);
#7020=AXIS2_PLACEMENT_3D('',#10356,#8383,#8384);
#7021=AXIS2_PLACEMENT_3D('',#10362,#8388,#8389);
#7022=AXIS2_PLACEMENT_3D('',#10366,#8392,#8393);
#7023=AXIS2_PLACEMENT_3D('',#10370,#8396,#8397);
#7024=AXIS2_PLACEMENT_3D('',#10375,#8401,#8402);
#7025=AXIS2_PLACEMENT_3D('',#10379,#8405,#8406);
#7026=AXIS2_PLACEMENT_3D('',#10383,#8409,#8410);
#7027=AXIS2_PLACEMENT_3D('',#10387,#8413,#8414);
#7028=AXIS2_PLACEMENT_3D('',#10390,#8417,#8418);
#7029=AXIS2_PLACEMENT_3D('',#10391,#8419,#8420);
#7030=AXIS2_PLACEMENT_3D('',#10393,#8421,#8422);
#7031=AXIS2_PLACEMENT_3D('',#10399,#8426,#8427);
#7032=AXIS2_PLACEMENT_3D('',#10400,#8428,#8429);
#7033=AXIS2_PLACEMENT_3D('',#10406,#8433,#8434);
#7034=AXIS2_PLACEMENT_3D('',#10408,#8435,#8436);
#7035=AXIS2_PLACEMENT_3D('',#10414,#8440,#8441);
#7036=AXIS2_PLACEMENT_3D('',#10417,#8444,#8445);
#7037=AXIS2_PLACEMENT_3D('',#10420,#8448,#8449);
#7038=AXIS2_PLACEMENT_3D('',#10422,#8451,#8452);
#7039=AXIS2_PLACEMENT_3D('',#10423,#8453,#8454);
#7040=AXIS2_PLACEMENT_3D('',#10425,#8456,#8457);
#7041=AXIS2_PLACEMENT_3D('',#10427,#8459,#8460);
#7042=AXIS2_PLACEMENT_3D('',#10428,#8461,#8462);
#7043=AXIS2_PLACEMENT_3D('',#10430,#8463,#8464);
#7044=AXIS2_PLACEMENT_3D('',#10436,#8468,#8469);
#7045=AXIS2_PLACEMENT_3D('',#10438,#8470,#8471);
#7046=AXIS2_PLACEMENT_3D('',#10444,#8475,#8476);
#7047=AXIS2_PLACEMENT_3D('',#10446,#8477,#8478);
#7048=AXIS2_PLACEMENT_3D('',#10452,#8482,#8483);
#7049=AXIS2_PLACEMENT_3D('',#10454,#8484,#8485);
#7050=AXIS2_PLACEMENT_3D('',#10460,#8489,#8490);
#7051=AXIS2_PLACEMENT_3D('',#10466,#8494,#8495);
#7052=AXIS2_PLACEMENT_3D('',#10470,#8498,#8499);
#7053=AXIS2_PLACEMENT_3D('',#10474,#8502,#8503);
#7054=AXIS2_PLACEMENT_3D('',#10479,#8507,#8508);
#7055=AXIS2_PLACEMENT_3D('',#10483,#8511,#8512);
#7056=AXIS2_PLACEMENT_3D('',#10487,#8515,#8516);
#7057=AXIS2_PLACEMENT_3D('',#10491,#8519,#8520);
#7058=AXIS2_PLACEMENT_3D('',#10494,#8523,#8524);
#7059=AXIS2_PLACEMENT_3D('',#10495,#8525,#8526);
#7060=AXIS2_PLACEMENT_3D('',#10498,#8527,#8528);
#7061=AXIS2_PLACEMENT_3D('',#10504,#8532,#8533);
#7062=AXIS2_PLACEMENT_3D('',#10507,#8534,#8535);
#7063=AXIS2_PLACEMENT_3D('',#10513,#8539,#8540);
#7064=AXIS2_PLACEMENT_3D('',#10516,#8541,#8542);
#7065=AXIS2_PLACEMENT_3D('',#10522,#8546,#8547);
#7066=AXIS2_PLACEMENT_3D('',#10525,#8548,#8549);
#7067=AXIS2_PLACEMENT_3D('',#10531,#8553,#8554);
#7068=AXIS2_PLACEMENT_3D('',#10537,#8558,#8559);
#7069=AXIS2_PLACEMENT_3D('',#10542,#8563,#8564);
#7070=AXIS2_PLACEMENT_3D('',#10546,#8567,#8568);
#7071=AXIS2_PLACEMENT_3D('',#10551,#8572,#8573);
#7072=AXIS2_PLACEMENT_3D('',#10555,#8576,#8577);
#7073=AXIS2_PLACEMENT_3D('',#10560,#8581,#8582);
#7074=AXIS2_PLACEMENT_3D('',#10564,#8585,#8586);
#7075=AXIS2_PLACEMENT_3D('',#10567,#8589,#8590);
#7076=AXIS2_PLACEMENT_3D('',#10568,#8591,#8592);
#7077=AXIS2_PLACEMENT_3D('',#10571,#8593,#8594);
#7078=AXIS2_PLACEMENT_3D('',#10577,#8598,#8599);
#7079=AXIS2_PLACEMENT_3D('',#10580,#8600,#8601);
#7080=AXIS2_PLACEMENT_3D('',#10586,#8605,#8606);
#7081=AXIS2_PLACEMENT_3D('',#10588,#8607,#8608);
#7082=AXIS2_PLACEMENT_3D('',#10594,#8612,#8613);
#7083=AXIS2_PLACEMENT_3D('',#10596,#8614,#8615);
#7084=AXIS2_PLACEMENT_3D('',#10602,#8619,#8620);
#7085=AXIS2_PLACEMENT_3D('',#10605,#8621,#8622);
#7086=AXIS2_PLACEMENT_3D('',#10611,#8626,#8627);
#7087=AXIS2_PLACEMENT_3D('',#10613,#8628,#8629);
#7088=AXIS2_PLACEMENT_3D('',#10619,#8633,#8634);
#7089=AXIS2_PLACEMENT_3D('',#10621,#8635,#8636);
#7090=AXIS2_PLACEMENT_3D('',#10627,#8640,#8641);
#7091=AXIS2_PLACEMENT_3D('',#10629,#8642,#8643);
#7092=AXIS2_PLACEMENT_3D('',#10635,#8647,#8648);
#7093=AXIS2_PLACEMENT_3D('',#10637,#8649,#8650);
#7094=AXIS2_PLACEMENT_3D('',#10643,#8654,#8655);
#7095=AXIS2_PLACEMENT_3D('',#10646,#8656,#8657);
#7096=AXIS2_PLACEMENT_3D('',#10652,#8661,#8662);
#7097=AXIS2_PLACEMENT_3D('',#10654,#8663,#8664);
#7098=AXIS2_PLACEMENT_3D('',#10660,#8668,#8669);
#7099=AXIS2_PLACEMENT_3D('',#10662,#8670,#8671);
#7100=AXIS2_PLACEMENT_3D('',#10668,#8675,#8676);
#7101=AXIS2_PLACEMENT_3D('',#10671,#8677,#8678);
#7102=AXIS2_PLACEMENT_3D('',#10677,#8682,#8683);
#7103=AXIS2_PLACEMENT_3D('',#10680,#8684,#8685);
#7104=AXIS2_PLACEMENT_3D('',#10686,#8689,#8690);
#7105=AXIS2_PLACEMENT_3D('',#10688,#8691,#8692);
#7106=AXIS2_PLACEMENT_3D('',#10694,#8696,#8697);
#7107=AXIS2_PLACEMENT_3D('',#10696,#8698,#8699);
#7108=AXIS2_PLACEMENT_3D('',#10702,#8703,#8704);
#7109=AXIS2_PLACEMENT_3D('',#10705,#8705,#8706);
#7110=AXIS2_PLACEMENT_3D('',#10711,#8710,#8711);
#7111=AXIS2_PLACEMENT_3D('',#10713,#8712,#8713);
#7112=AXIS2_PLACEMENT_3D('',#10719,#8717,#8718);
#7113=AXIS2_PLACEMENT_3D('',#10721,#8719,#8720);
#7114=AXIS2_PLACEMENT_3D('',#10727,#8724,#8725);
#7115=AXIS2_PLACEMENT_3D('',#10730,#8726,#8727);
#7116=AXIS2_PLACEMENT_3D('',#10736,#8731,#8732);
#7117=AXIS2_PLACEMENT_3D('',#10739,#8733,#8734);
#7118=AXIS2_PLACEMENT_3D('',#10745,#8738,#8739);
#7119=AXIS2_PLACEMENT_3D('',#10747,#8740,#8741);
#7120=AXIS2_PLACEMENT_3D('',#10753,#8745,#8746);
#7121=AXIS2_PLACEMENT_3D('',#10755,#8747,#8748);
#7122=AXIS2_PLACEMENT_3D('',#10761,#8752,#8753);
#7123=AXIS2_PLACEMENT_3D('',#10764,#8754,#8755);
#7124=AXIS2_PLACEMENT_3D('',#10770,#8759,#8760);
#7125=AXIS2_PLACEMENT_3D('',#10772,#8761,#8762);
#7126=AXIS2_PLACEMENT_3D('',#10778,#8766,#8767);
#7127=AXIS2_PLACEMENT_3D('',#10780,#8768,#8769);
#7128=AXIS2_PLACEMENT_3D('',#10786,#8773,#8774);
#7129=AXIS2_PLACEMENT_3D('',#10789,#8777,#8778);
#7130=AXIS2_PLACEMENT_3D('',#10791,#8780,#8781);
#7131=AXIS2_PLACEMENT_3D('',#10793,#8783,#8784);
#7132=AXIS2_PLACEMENT_3D('',#10795,#8786,#8787);
#7133=AXIS2_PLACEMENT_3D('',#10797,#8789,#8790);
#7134=AXIS2_PLACEMENT_3D('',#10800,#8793,#8794);
#7135=AXIS2_PLACEMENT_3D('',#10802,#8796,#8797);
#7136=AXIS2_PLACEMENT_3D('',#10803,#8798,#8799);
#7137=AXIS2_PLACEMENT_3D('',#10805,#8801,#8802);
#7138=AXIS2_PLACEMENT_3D('',#10806,#8803,#8804);
#7139=AXIS2_PLACEMENT_3D('',#10808,#8806,#8807);
#7140=AXIS2_PLACEMENT_3D('',#10809,#8808,#8809);
#7141=AXIS2_PLACEMENT_3D('',#10811,#8811,#8812);
#7142=AXIS2_PLACEMENT_3D('',#10813,#8814,#8815);
#7143=AXIS2_PLACEMENT_3D('',#10815,#8817,#8818);
#7144=AXIS2_PLACEMENT_3D('',#10818,#8821,#8822);
#7145=AXIS2_PLACEMENT_3D('',#10820,#8824,#8825);
#7146=AXIS2_PLACEMENT_3D('',#10822,#8827,#8828);
#7147=AXIS2_PLACEMENT_3D('',#10825,#8831,#8832);
#7148=AXIS2_PLACEMENT_3D('',#10827,#8834,#8835);
#7149=AXIS2_PLACEMENT_3D('',#10829,#8837,#8838);
#7150=AXIS2_PLACEMENT_3D('',#10831,#8840,#8841);
#7151=AXIS2_PLACEMENT_3D('',#10833,#8843,#8844);
#7152=AXIS2_PLACEMENT_3D('',#10836,#8847,#8848);
#7153=AXIS2_PLACEMENT_3D('',#10838,#8850,#8851);
#7154=AXIS2_PLACEMENT_3D('',#10841,#8854,#8855);
#7155=AXIS2_PLACEMENT_3D('',#10843,#8857,#8858);
#7156=AXIS2_PLACEMENT_3D('',#10845,#8860,#8861);
#7157=AXIS2_PLACEMENT_3D('',#10848,#8864,#8865);
#7158=AXIS2_PLACEMENT_3D('',#10850,#8867,#8868);
#7159=AXIS2_PLACEMENT_3D('',#10852,#8870,#8871);
#7160=AXIS2_PLACEMENT_3D('',#10854,#8873,#8874);
#7161=AXIS2_PLACEMENT_3D('',#10856,#8876,#8877);
#7162=AXIS2_PLACEMENT_3D('',#10859,#8880,#8881);
#7163=AXIS2_PLACEMENT_3D('',#10861,#8883,#8884);
#7164=AXIS2_PLACEMENT_3D('',#10863,#8886,#8887);
#7165=AXIS2_PLACEMENT_3D('',#10866,#8890,#8891);
#7166=AXIS2_PLACEMENT_3D('',#10868,#8893,#8894);
#7167=AXIS2_PLACEMENT_3D('',#10870,#8896,#8897);
#7168=AXIS2_PLACEMENT_3D('',#10872,#8899,#8900);
#7169=AXIS2_PLACEMENT_3D('',#10874,#8902,#8903);
#7170=AXIS2_PLACEMENT_3D('',#10877,#8906,#8907);
#7171=AXIS2_PLACEMENT_3D('',#10879,#8909,#8910);
#7172=AXIS2_PLACEMENT_3D('',#10882,#8913,#8914);
#7173=AXIS2_PLACEMENT_3D('',#10884,#8916,#8917);
#7174=AXIS2_PLACEMENT_3D('',#10886,#8919,#8920);
#7175=AXIS2_PLACEMENT_3D('',#10889,#8923,#8924);
#7176=AXIS2_PLACEMENT_3D('',#10891,#8926,#8927);
#7177=AXIS2_PLACEMENT_3D('',#10893,#8929,#8930);
#7178=AXIS2_PLACEMENT_3D('',#10895,#8932,#8933);
#7179=AXIS2_PLACEMENT_3D('',#10897,#8935,#8936);
#7180=AXIS2_PLACEMENT_3D('',#10900,#8939,#8940);
#7181=AXIS2_PLACEMENT_3D('',#10902,#8942,#8943);
#7182=AXIS2_PLACEMENT_3D('',#10904,#8945,#8946);
#7183=AXIS2_PLACEMENT_3D('',#10907,#8949,#8950);
#7184=AXIS2_PLACEMENT_3D('',#10909,#8952,#8953);
#7185=AXIS2_PLACEMENT_3D('',#10911,#8955,#8956);
#7186=AXIS2_PLACEMENT_3D('',#10913,#8958,#8959);
#7187=AXIS2_PLACEMENT_3D('',#10915,#8961,#8962);
#7188=AXIS2_PLACEMENT_3D('',#10918,#8965,#8966);
#7189=AXIS2_PLACEMENT_3D('',#10920,#8968,#8969);
#7190=AXIS2_PLACEMENT_3D('',#10923,#8972,#8973);
#7191=AXIS2_PLACEMENT_3D('',#10925,#8975,#8976);
#7192=AXIS2_PLACEMENT_3D('',#10927,#8978,#8979);
#7193=AXIS2_PLACEMENT_3D('',#10930,#8982,#8983);
#7194=AXIS2_PLACEMENT_3D('',#10932,#8985,#8986);
#7195=AXIS2_PLACEMENT_3D('',#10934,#8988,#8989);
#7196=AXIS2_PLACEMENT_3D('',#10936,#8991,#8992);
#7197=AXIS2_PLACEMENT_3D('',#10938,#8994,#8995);
#7198=AXIS2_PLACEMENT_3D('',#10941,#8998,#8999);
#7199=AXIS2_PLACEMENT_3D('',#10943,#9001,#9002);
#7200=AXIS2_PLACEMENT_3D('',#10945,#9004,#9005);
#7201=AXIS2_PLACEMENT_3D('',#10947,#9006,#9007);
#7202=AXIS2_PLACEMENT_3D('',#10953,#9011,#9012);
#7203=AXIS2_PLACEMENT_3D('',#10955,#9013,#9014);
#7204=AXIS2_PLACEMENT_3D('',#10961,#9018,#9019);
#7205=AXIS2_PLACEMENT_3D('',#10963,#9020,#9021);
#7206=AXIS2_PLACEMENT_3D('',#10969,#9025,#9026);
#7207=AXIS2_PLACEMENT_3D('',#10971,#9027,#9028);
#7208=AXIS2_PLACEMENT_3D('',#10977,#9032,#9033);
#7209=AXIS2_PLACEMENT_3D('',#10983,#9037,#9038);
#7210=AXIS2_PLACEMENT_3D('',#10988,#9042,#9043);
#7211=AXIS2_PLACEMENT_3D('',#10992,#9046,#9047);
#7212=AXIS2_PLACEMENT_3D('',#10996,#9050,#9051);
#7213=AXIS2_PLACEMENT_3D('',#11000,#9054,#9055);
#7214=AXIS2_PLACEMENT_3D('',#11005,#9059,#9060);
#7215=AXIS2_PLACEMENT_3D('',#11009,#9063,#9064);
#7216=AXIS2_PLACEMENT_3D('',#11011,#9066,#9067);
#7217=AXIS2_PLACEMENT_3D('',#11012,#9068,#9069);
#7218=AXIS2_PLACEMENT_3D('',#11013,#9070,#9071);
#7219=AXIS2_PLACEMENT_3D('',#11014,#9072,#9073);
#7220=AXIS2_PLACEMENT_3D('',#11015,#9074,#9075);
#7221=AXIS2_PLACEMENT_3D('',#11016,#9076,#9077);
#7222=AXIS2_PLACEMENT_3D('',#11017,#9078,#9079);
#7223=AXIS2_PLACEMENT_3D('',#11018,#9080,#9081);
#7224=AXIS2_PLACEMENT_3D('',#11020,#9082,#9083);
#7225=AXIS2_PLACEMENT_3D('',#11021,#9084,#9085);
#7226=AXIS2_PLACEMENT_3D('',#11022,#9086,#9087);
#7227=AXIS2_PLACEMENT_3D('',#11023,#9088,#9089);
#7228=AXIS2_PLACEMENT_3D('',#11024,#9090,#9091);
#7229=AXIS2_PLACEMENT_3D('',#11026,#9092,#9093);
#7230=AXIS2_PLACEMENT_3D('',#11027,#9094,#9095);
#7231=AXIS2_PLACEMENT_3D('',#11028,#9096,#9097);
#7232=AXIS2_PLACEMENT_3D('',#11029,#9098,#9099);
#7233=AXIS2_PLACEMENT_3D('',#11030,#9100,#9101);
#7234=AXIS2_PLACEMENT_3D('',#11031,#9102,#9103);
#7235=AXIS2_PLACEMENT_3D('',#11033,#9104,#9105);
#7236=AXIS2_PLACEMENT_3D('',#11034,#9106,#9107);
#7237=AXIS2_PLACEMENT_3D('',#11035,#9108,#9109);
#7238=AXIS2_PLACEMENT_3D('',#11036,#9110,#9111);
#7239=AXIS2_PLACEMENT_3D('',#11037,#9112,#9113);
#7240=AXIS2_PLACEMENT_3D('',#11039,#9114,#9115);
#7241=AXIS2_PLACEMENT_3D('',#11040,#9116,#9117);
#7242=AXIS2_PLACEMENT_3D('',#11041,#9118,#9119);
#7243=AXIS2_PLACEMENT_3D('',#11043,#9121,#9122);
#7244=AXIS2_PLACEMENT_3D('',#11045,#9124,#9125);
#7245=AXIS2_PLACEMENT_3D('',#11047,#9127,#9128);
#7246=AXIS2_PLACEMENT_3D('',#11049,#9130,#9131);
#7247=AXIS2_PLACEMENT_3D('',#11051,#9133,#9134);
#7248=AXIS2_PLACEMENT_3D('',#11053,#9136,#9137);
#7249=AXIS2_PLACEMENT_3D('',#11055,#9139,#9140);
#7250=AXIS2_PLACEMENT_3D('',#11057,#9142,#9143);
#7251=AXIS2_PLACEMENT_3D('',#11059,#9145,#9146);
#7252=AXIS2_PLACEMENT_3D('',#11061,#9148,#9149);
#7253=AXIS2_PLACEMENT_3D('',#11063,#9151,#9152);
#7254=AXIS2_PLACEMENT_3D('',#11065,#9154,#9155);
#7255=AXIS2_PLACEMENT_3D('',#11067,#9157,#9158);
#7256=AXIS2_PLACEMENT_3D('',#11069,#9160,#9161);
#7257=DIRECTION('axis',(0.,0.,1.));
#7258=DIRECTION('refdir',(1.,0.,0.));
#7259=DIRECTION('center_axis',(-0.707106781186548,0.707106781186547,3.4858027541848E-13));
#7260=DIRECTION('ref_axis',(4.92966953072563E-13,0.,1.));
#7261=DIRECTION('center_axis',(0.707106781186548,-0.707106781186547,-3.4858027541848E-13));
#7262=DIRECTION('ref_axis',(-0.707106781186547,-0.707106781186548,0.));
#7263=DIRECTION('',(4.92966953072563E-13,0.,1.));
#7264=DIRECTION('',(-0.707106781186547,-0.707106781186548,1.71257903434094E-16));
#7265=DIRECTION('',(4.92966953072563E-13,-7.13995386233263E-29,1.));
#7266=DIRECTION('center_axis',(-1.,0.,4.92966953072563E-13));
#7267=DIRECTION('ref_axis',(4.92966953072563E-13,0.,1.));
#7268=DIRECTION('',(0.,1.,0.));
#7269=DIRECTION('',(0.,-1.,0.));
#7270=DIRECTION('',(4.92966953072563E-13,0.,1.));
#7271=DIRECTION('center_axis',(1.,0.,0.));
#7272=DIRECTION('ref_axis',(0.,0.,-1.));
#7273=DIRECTION('',(0.,-1.,0.));
#7274=DIRECTION('',(0.,0.,-1.));
#7275=DIRECTION('',(0.,-1.,0.));
#7276=DIRECTION('',(0.,0.,-1.));
#7277=DIRECTION('center_axis',(0.707106781186548,0.707106781186548,0.));
#7278=DIRECTION('ref_axis',(0.,0.,-1.));
#7279=DIRECTION('center_axis',(-0.707106781186548,-0.707106781186548,0.));
#7280=DIRECTION('ref_axis',(-0.707106781186547,0.707106781186547,0.));
#7281=DIRECTION('',(-0.707106781186548,0.707106781186548,1.71257903434094E-16));
#7282=DIRECTION('',(0.,0.,-1.));
#7283=DIRECTION('center_axis',(-2.42195249700078E-16,0.,-1.));
#7284=DIRECTION('ref_axis',(-1.,0.,2.42195249700078E-16));
#7285=DIRECTION('',(-1.,0.,2.42195249700078E-16));
#7286=DIRECTION('',(-1.,0.,2.42195249700078E-16));
#7287=DIRECTION('center_axis',(-2.42195249700078E-16,0.,-1.));
#7288=DIRECTION('ref_axis',(-1.,0.,0.));
#7289=DIRECTION('center_axis',(-2.42195249700078E-16,0.,-1.));
#7290=DIRECTION('ref_axis',(-1.,0.,0.));
#7291=DIRECTION('center_axis',(0.,-1.,0.));
#7292=DIRECTION('ref_axis',(0.,0.,-1.));
#7293=DIRECTION('center_axis',(0.,-1.,0.));
#7294=DIRECTION('ref_axis',(0.,0.,-1.));
#7295=DIRECTION('',(1.,0.,2.74129141882755E-17));
#7296=DIRECTION('center_axis',(0.,-1.,0.));
#7297=DIRECTION('ref_axis',(-1.,0.,0.));
#7298=DIRECTION('center_axis',(0.,1.,0.));
#7299=DIRECTION('ref_axis',(0.,0.,-1.));
#7300=DIRECTION('center_axis',(0.,1.,0.));
#7301=DIRECTION('ref_axis',(0.972805526386899,0.,-0.231623418140543));
#7302=DIRECTION('',(0.,-1.,0.));
#7303=DIRECTION('center_axis',(0.,-0.707106781186547,-0.707106781186548));
#7304=DIRECTION('ref_axis',(0.,0.707106781186548,-0.707106781186547));
#7305=DIRECTION('center_axis',(0.,-1.,0.));
#7306=DIRECTION('ref_axis',(0.,0.,-1.));
#7307=DIRECTION('',(0.,1.,0.));
#7308=DIRECTION('center_axis',(0.,1.,0.));
#7309=DIRECTION('ref_axis',(0.,0.,-1.));
#7310=DIRECTION('',(0.,1.,0.));
#7311=DIRECTION('center_axis',(0.,1.,0.));
#7312=DIRECTION('ref_axis',(0.,0.,1.));
#7313=DIRECTION('center_axis',(0.,1.,0.));
#7314=DIRECTION('ref_axis',(-0.231623418140352,0.,-0.972805526386944));
#7315=DIRECTION('',(0.,0.,1.));
#7316=DIRECTION('center_axis',(0.,1.,0.));
#7317=DIRECTION('ref_axis',(-1.,0.,0.));
#7318=DIRECTION('',(-4.80398390529633E-13,0.,-1.));
#7319=DIRECTION('',(1.,0.,0.));
#7320=DIRECTION('',(0.,0.,1.));
#7321=DIRECTION('center_axis',(0.,1.,0.));
#7322=DIRECTION('ref_axis',(0.231623418142272,0.,0.972805526386487));
#7323=DIRECTION('',(-1.,0.,5.86532918669884E-13));
#7324=DIRECTION('',(0.,0.,-1.));
#7325=DIRECTION('',(1.,0.,0.));
#7326=DIRECTION('',(-5.98771968337163E-16,0.,-1.));
#7327=DIRECTION('center_axis',(0.,-1.,0.));
#7328=DIRECTION('ref_axis',(-1.,0.,0.));
#7329=DIRECTION('center_axis',(0.,-1.,0.));
#7330=DIRECTION('ref_axis',(-1.,0.,0.));
#7331=DIRECTION('',(1.,0.,-1.24744160070242E-16));
#7332=DIRECTION('center_axis',(0.,-1.,0.));
#7333=DIRECTION('ref_axis',(-1.,0.,0.));
#7334=DIRECTION('',(1.,0.,-1.24744160070242E-16));
#7335=DIRECTION('center_axis',(0.,-1.,0.));
#7336=DIRECTION('ref_axis',(-1.,0.,0.));
#7337=DIRECTION('',(1.,0.,-1.24744160070242E-16));
#7338=DIRECTION('center_axis',(0.,-1.,0.));
#7339=DIRECTION('ref_axis',(-1.,0.,0.));
#7340=DIRECTION('',(1.74641824098339E-16,0.,1.));
#7341=DIRECTION('center_axis',(0.,-1.,0.));
#7342=DIRECTION('ref_axis',(-1.,0.,0.));
#7343=DIRECTION('',(1.74641824098339E-16,0.,1.));
#7344=DIRECTION('center_axis',(0.,-1.,0.));
#7345=DIRECTION('ref_axis',(-1.,0.,0.));
#7346=DIRECTION('',(1.74641824098339E-16,0.,1.));
#7347=DIRECTION('center_axis',(0.,-1.,0.));
#7348=DIRECTION('ref_axis',(-1.,0.,0.));
#7349=DIRECTION('',(-1.,0.,1.99590656112388E-16));
#7350=DIRECTION('center_axis',(0.,-1.,0.));
#7351=DIRECTION('ref_axis',(-1.,0.,0.));
#7352=DIRECTION('',(-1.,0.,1.99590656112388E-16));
#7353=DIRECTION('center_axis',(0.,-1.,0.));
#7354=DIRECTION('ref_axis',(-1.,0.,0.));
#7355=DIRECTION('',(-1.,0.,1.99590656112388E-16));
#7356=DIRECTION('center_axis',(0.,-1.,0.));
#7357=DIRECTION('ref_axis',(-1.,0.,0.));
#7358=DIRECTION('center_axis',(0.,-1.,0.));
#7359=DIRECTION('ref_axis',(-1.,0.,0.));
#7360=DIRECTION('',(-5.98771968337163E-16,0.,-1.));
#7361=DIRECTION('center_axis',(0.,-1.,0.));
#7362=DIRECTION('ref_axis',(-1.,0.,0.));
#7363=DIRECTION('center_axis',(0.,-1.,0.));
#7364=DIRECTION('ref_axis',(-1.,0.,0.));
#7365=DIRECTION('center_axis',(0.,-1.,0.));
#7366=DIRECTION('ref_axis',(1.,0.,0.));
#7367=DIRECTION('center_axis',(0.,-1.,0.));
#7368=DIRECTION('ref_axis',(1.,0.,0.));
#7369=DIRECTION('center_axis',(-4.14741404180613E-13,0.707106781186548,
-0.707106781186548));
#7370=DIRECTION('ref_axis',(-1.,0.,5.86532918669884E-13));
#7371=DIRECTION('center_axis',(4.14741404180613E-13,-0.707106781186548,
0.707106781186548));
#7372=DIRECTION('ref_axis',(0.,-0.707106781186547,-0.707106781186547));
#7373=DIRECTION('',(-1.,0.,5.86532918669884E-13));
#7374=DIRECTION('',(0.,-0.707106781186548,-0.707106781186548));
#7375=DIRECTION('',(-1.,0.,5.86532918669884E-13));
#7376=DIRECTION('center_axis',(-5.86532918669884E-13,0.,-1.));
#7377=DIRECTION('ref_axis',(-1.,0.,5.86532918669884E-13));
#7378=DIRECTION('',(0.,1.,0.));
#7379=DIRECTION('',(0.,-1.,0.));
#7380=DIRECTION('center_axis',(0.,0.,1.));
#7381=DIRECTION('ref_axis',(1.,0.,0.));
#7382=DIRECTION('',(0.,-1.,0.));
#7383=DIRECTION('',(1.,0.,0.));
#7384=DIRECTION('center_axis',(0.,0.707106781186547,0.707106781186548));
#7385=DIRECTION('ref_axis',(1.,0.,0.));
#7386=DIRECTION('',(0.,0.707106781186548,-0.707106781186547));
#7387=DIRECTION('',(1.,0.,0.));
#7388=DIRECTION('center_axis',(1.,0.,0.));
#7389=DIRECTION('ref_axis',(0.,0.,-1.));
#7390=DIRECTION('',(0.,0.,-1.));
#7391=DIRECTION('center_axis',(1.,0.,0.));
#7392=DIRECTION('ref_axis',(0.,0.,-1.));
#7393=DIRECTION('center_axis',(1.,0.,0.));
#7394=DIRECTION('ref_axis',(0.,0.,-1.));
#7395=DIRECTION('center_axis',(0.,-1.,0.));
#7396=DIRECTION('ref_axis',(0.,0.,-1.));
#7397=DIRECTION('center_axis',(0.,-1.,0.));
#7398=DIRECTION('ref_axis',(1.,0.,0.));
#7399=DIRECTION('',(-8.22387425648264E-17,0.,1.));
#7400=DIRECTION('center_axis',(0.,1.,0.));
#7401=DIRECTION('ref_axis',(1.,0.,0.));
#7402=DIRECTION('',(0.,-1.,0.));
#7403=DIRECTION('center_axis',(0.707106781186548,-0.707106781186547,0.));
#7404=DIRECTION('ref_axis',(0.707106781186547,0.707106781186548,0.));
#7405=DIRECTION('center_axis',(0.,-1.,0.));
#7406=DIRECTION('ref_axis',(1.,0.,0.));
#7407=DIRECTION('',(0.,1.,0.));
#7408=DIRECTION('center_axis',(0.,1.,0.));
#7409=DIRECTION('ref_axis',(1.,0.,0.));
#7410=DIRECTION('',(0.,1.,0.));
#7411=DIRECTION('center_axis',(0.707106781186548,0.707106781186548,-3.39692959614607E-13));
#7412=DIRECTION('ref_axis',(-4.80398390529633E-13,0.,-1.));
#7413=DIRECTION('center_axis',(-0.707106781186548,-0.707106781186548,3.39692959614607E-13));
#7414=DIRECTION('ref_axis',(0.707106781186547,-0.707106781186547,-6.2803698347351E-16));
#7415=DIRECTION('',(-4.80398390529633E-13,0.,-1.));
#7416=DIRECTION('',(0.707106781186548,-0.707106781186548,0.));
#7417=DIRECTION('',(-4.80398390529633E-13,0.,-1.));
#7418=DIRECTION('center_axis',(1.,0.,-4.80398390529633E-13));
#7419=DIRECTION('ref_axis',(-4.80398390529633E-13,0.,-1.));
#7420=DIRECTION('',(0.,1.,0.));
#7421=DIRECTION('',(0.,-1.,0.));
#7422=DIRECTION('center_axis',(-1.,0.,0.));
#7423=DIRECTION('ref_axis',(0.,0.,1.));
#7424=DIRECTION('',(0.,-1.,0.));
#7425=DIRECTION('',(0.,0.,1.));
#7426=DIRECTION('center_axis',(-0.707106781186548,0.707106781186547,0.));
#7427=DIRECTION('ref_axis',(0.,0.,1.));
#7428=DIRECTION('',(0.707106781186547,0.707106781186548,0.));
#7429=DIRECTION('',(0.,0.,1.));
#7430=DIRECTION('center_axis',(0.,0.,1.));
#7431=DIRECTION('ref_axis',(1.,0.,0.));
#7432=DIRECTION('',(1.,0.,0.));
#7433=DIRECTION('center_axis',(0.,0.,1.));
#7434=DIRECTION('ref_axis',(1.,0.,0.));
#7435=DIRECTION('center_axis',(0.,0.,1.));
#7436=DIRECTION('ref_axis',(1.,0.,0.));
#7437=DIRECTION('center_axis',(0.,-1.,0.));
#7438=DIRECTION('ref_axis',(0.,0.,-1.));
#7439=DIRECTION('center_axis',(0.,-1.,0.));
#7440=DIRECTION('ref_axis',(8.88178419700125E-16,0.,1.));
#7441=DIRECTION('',(-1.,0.,0.));
#7442=DIRECTION('center_axis',(0.,1.,0.));
#7443=DIRECTION('ref_axis',(8.88178419700125E-16,0.,1.));
#7444=DIRECTION('',(0.,1.,0.));
#7445=DIRECTION('center_axis',(0.,1.,0.));
#7446=DIRECTION('ref_axis',(8.88178419700125E-16,0.,1.));
#7447=DIRECTION('',(0.,1.,0.));
#7448=DIRECTION('center_axis',(0.,0.,1.));
#7449=DIRECTION('ref_axis',(-1.,0.,0.));
#7450=DIRECTION('',(1.,0.,0.));
#7451=DIRECTION('',(0.,-1.,0.));
#7452=DIRECTION('',(-1.,0.,0.));
#7453=DIRECTION('',(0.,-1.,0.));
#7454=DIRECTION('',(1.,0.,0.));
#7455=DIRECTION('',(0.,-1.,0.));
#7456=DIRECTION('',(1.,0.,0.));
#7457=DIRECTION('',(0.,1.,0.));
#7458=DIRECTION('center_axis',(1.,0.,0.));
#7459=DIRECTION('ref_axis',(0.,0.,1.));
#7460=DIRECTION('',(0.,0.,-1.));
#7461=DIRECTION('',(0.,0.,1.));
#7462=DIRECTION('',(0.,-1.,0.));
#7463=DIRECTION('',(0.,0.,-1.));
#7464=DIRECTION('',(0.,1.,0.));
#7465=DIRECTION('center_axis',(0.,0.,-1.));
#7466=DIRECTION('ref_axis',(1.,0.,0.));
#7467=DIRECTION('',(-1.,0.,0.));
#7468=DIRECTION('',(0.,-1.,0.));
#7469=DIRECTION('',(-1.,0.,0.));
#7470=DIRECTION('',(1.,0.,0.));
#7471=DIRECTION('',(0.,-1.,0.));
#7472=DIRECTION('center_axis',(0.,1.,0.));
#7473=DIRECTION('ref_axis',(0.,0.,1.));
#7474=DIRECTION('',(5.98771968337163E-16,0.,1.));
#7475=DIRECTION('center_axis',(0.,-1.,0.));
#7476=DIRECTION('ref_axis',(1.,0.,0.));
#7477=DIRECTION('',(5.98771968337163E-16,0.,1.));
#7478=DIRECTION('center_axis',(0.,-1.,0.));
#7479=DIRECTION('ref_axis',(1.,0.,0.));
#7480=DIRECTION('',(1.,0.,-1.99590656112388E-16));
#7481=DIRECTION('center_axis',(0.,-1.,0.));
#7482=DIRECTION('ref_axis',(1.,0.,0.));
#7483=DIRECTION('center_axis',(0.,-1.,0.));
#7484=DIRECTION('ref_axis',(1.,0.,0.));
#7485=DIRECTION('',(1.,0.,-1.99590656112388E-16));
#7486=DIRECTION('center_axis',(0.,-1.,0.));
#7487=DIRECTION('ref_axis',(1.,0.,0.));
#7488=DIRECTION('center_axis',(0.,-1.,0.));
#7489=DIRECTION('ref_axis',(1.,0.,0.));
#7490=DIRECTION('',(1.,0.,-1.99590656112388E-16));
#7491=DIRECTION('center_axis',(0.,-1.,0.));
#7492=DIRECTION('ref_axis',(1.,0.,0.));
#7493=DIRECTION('center_axis',(0.,-1.,0.));
#7494=DIRECTION('ref_axis',(1.,0.,0.));
#7495=DIRECTION('',(-1.74641824098339E-16,0.,-1.));
#7496=DIRECTION('center_axis',(0.,-1.,0.));
#7497=DIRECTION('ref_axis',(1.,0.,0.));
#7498=DIRECTION('center_axis',(0.,-1.,0.));
#7499=DIRECTION('ref_axis',(1.,0.,0.));
#7500=DIRECTION('',(-1.74641824098339E-16,0.,-1.));
#7501=DIRECTION('center_axis',(0.,-1.,0.));
#7502=DIRECTION('ref_axis',(1.,0.,0.));
#7503=DIRECTION('center_axis',(0.,-1.,0.));
#7504=DIRECTION('ref_axis',(1.,0.,0.));
#7505=DIRECTION('',(-1.74641824098339E-16,0.,-1.));
#7506=DIRECTION('center_axis',(0.,-1.,0.));
#7507=DIRECTION('ref_axis',(1.,0.,0.));
#7508=DIRECTION('center_axis',(0.,-1.,0.));
#7509=DIRECTION('ref_axis',(1.,0.,0.));
#7510=DIRECTION('',(-1.,0.,1.24744160070242E-16));
#7511=DIRECTION('center_axis',(0.,-1.,0.));
#7512=DIRECTION('ref_axis',(1.,0.,0.));
#7513=DIRECTION('center_axis',(0.,-1.,0.));
#7514=DIRECTION('ref_axis',(1.,0.,0.));
#7515=DIRECTION('',(-1.,0.,1.24744160070242E-16));
#7516=DIRECTION('center_axis',(0.,-1.,0.));
#7517=DIRECTION('ref_axis',(1.,0.,0.));
#7518=DIRECTION('center_axis',(0.,-1.,0.));
#7519=DIRECTION('ref_axis',(1.,0.,0.));
#7520=DIRECTION('',(-1.,0.,1.24744160070242E-16));
#7521=DIRECTION('center_axis',(0.,-1.,0.));
#7522=DIRECTION('ref_axis',(1.,0.,0.));
#7523=DIRECTION('',(5.98771968337163E-16,0.,1.));
#7524=DIRECTION('center_axis',(0.,-1.,0.));
#7525=DIRECTION('ref_axis',(1.,0.,0.));
#7526=DIRECTION('center_axis',(0.,-1.,0.));
#7527=DIRECTION('ref_axis',(1.,0.,0.));
#7528=DIRECTION('center_axis',(0.,-1.,0.));
#7529=DIRECTION('ref_axis',(1.,0.,0.));
#7530=DIRECTION('center_axis',(0.,-1.,0.));
#7531=DIRECTION('ref_axis',(1.,0.,0.));
#7532=DIRECTION('center_axis',(0.,-1.,0.));
#7533=DIRECTION('ref_axis',(1.,0.,0.));
#7534=DIRECTION('center_axis',(0.,1.,0.));
#7535=DIRECTION('ref_axis',(1.,0.,0.));
#7536=DIRECTION('center_axis',(0.,1.,0.));
#7537=DIRECTION('ref_axis',(1.,0.,0.));
#7538=DIRECTION('center_axis',(0.,-1.,0.));
#7539=DIRECTION('ref_axis',(1.,0.,0.));
#7540=DIRECTION('center_axis',(0.,-1.,0.));
#7541=DIRECTION('ref_axis',(1.,0.,0.));
#7542=DIRECTION('center_axis',(0.,-1.,0.));
#7543=DIRECTION('ref_axis',(1.,0.,0.));
#7544=DIRECTION('center_axis',(0.,-1.,0.));
#7545=DIRECTION('ref_axis',(1.,0.,0.));
#7546=DIRECTION('center_axis',(0.,1.,0.));
#7547=DIRECTION('ref_axis',(1.,0.,0.));
#7548=DIRECTION('center_axis',(0.,1.,0.));
#7549=DIRECTION('ref_axis',(1.,0.,0.));
#7550=DIRECTION('center_axis',(0.707106781186548,0.,-0.707106781186548));
#7551=DIRECTION('ref_axis',(0.707106781186548,0.,0.707106781186548));
#7552=DIRECTION('',(0.707106781186548,0.,0.707106781186548));
#7553=DIRECTION('',(0.,-1.,0.));
#7554=DIRECTION('',(0.707106781186548,0.,0.707106781186548));
#7555=DIRECTION('center_axis',(0.,-1.,0.));
#7556=DIRECTION('ref_axis',(0.,0.,-1.));
#7557=DIRECTION('',(1.91890399317928E-16,0.,-1.));
#7558=DIRECTION('center_axis',(0.,1.,0.));
#7559=DIRECTION('ref_axis',(1.,0.,0.));
#7560=DIRECTION('',(1.,0.,0.));
#7561=DIRECTION('center_axis',(0.,1.,0.));
#7562=DIRECTION('ref_axis',(0.,0.,1.));
#7563=DIRECTION('',(0.,0.,1.));
#7564=DIRECTION('center_axis',(0.,1.,0.));
#7565=DIRECTION('ref_axis',(-1.,0.,-1.30614473485312E-16));
#7566=DIRECTION('',(-1.,0.,-1.37064570941377E-16));
#7567=DIRECTION('center_axis',(0.,1.,0.));
#7568=DIRECTION('ref_axis',(1.30614473485313E-16,0.,-1.));
#7569=DIRECTION('center_axis',(0.,1.,0.));
#7570=DIRECTION('ref_axis',(1.,0.,0.));
#7571=DIRECTION('center_axis',(0.,1.,0.));
#7572=DIRECTION('ref_axis',(1.,0.,0.));
#7573=DIRECTION('center_axis',(0.,1.,0.));
#7574=DIRECTION('ref_axis',(1.,0.,0.));
#7575=DIRECTION('center_axis',(0.,1.,0.));
#7576=DIRECTION('ref_axis',(1.,0.,0.));
#7577=DIRECTION('center_axis',(0.,1.,0.));
#7578=DIRECTION('ref_axis',(1.,0.,0.));
#7579=DIRECTION('center_axis',(0.,1.,0.));
#7580=DIRECTION('ref_axis',(1.,0.,0.));
#7581=DIRECTION('center_axis',(0.,1.,0.));
#7582=DIRECTION('ref_axis',(1.,0.,0.));
#7583=DIRECTION('center_axis',(0.,1.,0.));
#7584=DIRECTION('ref_axis',(1.,0.,0.));
#7585=DIRECTION('',(0.,0.,1.));
#7586=DIRECTION('',(0.,0.,1.));
#7587=DIRECTION('',(-0.707106781186548,0.,0.707106781186548));
#7588=DIRECTION('',(-1.,0.,0.));
#7589=DIRECTION('center_axis',(0.,1.,0.));
#7590=DIRECTION('ref_axis',(-1.,0.,0.));
#7591=DIRECTION('center_axis',(0.,1.,0.));
#7592=DIRECTION('ref_axis',(-1.,0.,0.));
#7593=DIRECTION('',(1.,0.,0.));
#7594=DIRECTION('',(0.707106781186548,0.,0.707106781186548));
#7595=DIRECTION('',(-1.97372982155583E-15,0.,1.));
#7596=DIRECTION('',(-0.707106781186548,0.,0.707106781186548));
#7597=DIRECTION('',(-1.,0.,0.));
#7598=DIRECTION('center_axis',(0.,1.,0.));
#7599=DIRECTION('ref_axis',(-1.,0.,0.));
#7600=DIRECTION('center_axis',(0.,1.,0.));
#7601=DIRECTION('ref_axis',(-1.,0.,0.));
#7602=DIRECTION('',(1.,0.,0.));
#7603=DIRECTION('',(0.707106781186548,0.,0.707106781186548));
#7604=DIRECTION('',(-1.97372982155583E-15,0.,1.));
#7605=DIRECTION('center_axis',(0.,1.,0.));
#7606=DIRECTION('ref_axis',(-1.,0.,0.));
#7607=DIRECTION('',(0.,0.,-1.));
#7608=DIRECTION('',(0.707106781186548,0.,-0.707106781186548));
#7609=DIRECTION('',(1.,0.,0.));
#7610=DIRECTION('',(0.707106781186548,0.,0.707106781186548));
#7611=DIRECTION('',(-1.97372982155583E-15,0.,1.));
#7612=DIRECTION('center_axis',(0.,1.,0.));
#7613=DIRECTION('ref_axis',(-1.,0.,0.));
#7614=DIRECTION('',(0.,0.,-1.));
#7615=DIRECTION('',(0.707106781186548,0.,-0.707106781186548));
#7616=DIRECTION('',(1.,0.,0.));
#7617=DIRECTION('',(0.707106781186548,0.,0.707106781186548));
#7618=DIRECTION('',(-9.86864910777917E-16,0.,1.));
#7619=DIRECTION('center_axis',(0.,1.,0.));
#7620=DIRECTION('ref_axis',(-1.,0.,0.));
#7621=DIRECTION('',(0.,0.,-1.));
#7622=DIRECTION('',(0.707106781186548,0.,-0.707106781186548));
#7623=DIRECTION('',(1.,0.,0.));
#7624=DIRECTION('',(0.707106781186548,0.,0.707106781186548));
#7625=DIRECTION('',(-1.2335811384724E-15,0.,1.));
#7626=DIRECTION('center_axis',(0.,1.,0.));
#7627=DIRECTION('ref_axis',(-1.,0.,0.));
#7628=DIRECTION('',(2.46716227694479E-16,0.,-1.));
#7629=DIRECTION('',(0.707106781186547,0.,-0.707106781186548));
#7630=DIRECTION('',(1.,0.,0.));
#7631=DIRECTION('center_axis',(0.,1.,0.));
#7632=DIRECTION('ref_axis',(-1.,0.,0.));
#7633=DIRECTION('',(-1.,0.,0.));
#7634=DIRECTION('',(-0.707106781186547,0.,-0.707106781186548));
#7635=DIRECTION('',(2.46716227694479E-16,0.,-1.));
#7636=DIRECTION('',(0.707106781186547,0.,-0.707106781186548));
#7637=DIRECTION('',(1.,0.,0.));
#7638=DIRECTION('center_axis',(0.,1.,0.));
#7639=DIRECTION('ref_axis',(-1.,0.,0.));
#7640=DIRECTION('',(-1.,0.,0.));
#7641=DIRECTION('',(-0.707106781186547,0.,-0.707106781186548));
#7642=DIRECTION('',(2.46716227694479E-16,0.,-1.));
#7643=DIRECTION('',(0.707106781186547,0.,-0.707106781186548));
#7644=DIRECTION('',(1.,0.,0.));
#7645=DIRECTION('center_axis',(0.,1.,0.));
#7646=DIRECTION('ref_axis',(-1.,0.,0.));
#7647=DIRECTION('',(-1.,0.,0.));
#7648=DIRECTION('',(-0.707106781186547,0.,-0.707106781186548));
#7649=DIRECTION('',(2.46716227694479E-16,0.,-1.));
#7650=DIRECTION('',(0.707106781186547,0.,-0.707106781186548));
#7651=DIRECTION('',(1.,0.,0.));
#7652=DIRECTION('center_axis',(0.,1.,0.));
#7653=DIRECTION('ref_axis',(-1.,0.,0.));
#7654=DIRECTION('',(-1.,0.,0.));
#7655=DIRECTION('',(-0.707106781186547,0.,-0.707106781186548));
#7656=DIRECTION('',(2.46716227694479E-16,0.,-1.));
#7657=DIRECTION('center_axis',(0.,1.,0.));
#7658=DIRECTION('ref_axis',(-1.,0.,0.));
#7659=DIRECTION('',(-1.2335811384724E-15,0.,1.));
#7660=DIRECTION('',(-0.707106781186548,0.,0.707106781186547));
#7661=DIRECTION('',(-1.,0.,0.));
#7662=DIRECTION('',(-0.707106781186547,0.,-0.707106781186548));
#7663=DIRECTION('',(0.,0.,-1.));
#7664=DIRECTION('center_axis',(0.,1.,0.));
#7665=DIRECTION('ref_axis',(-1.,0.,0.));
#7666=DIRECTION('',(-9.86864910777916E-16,0.,1.));
#7667=DIRECTION('',(-0.707106781186548,0.,0.707106781186548));
#7668=DIRECTION('',(-1.,0.,0.));
#7669=DIRECTION('',(-0.707106781186548,0.,-0.707106781186548));
#7670=DIRECTION('',(0.,0.,-1.));
#7671=DIRECTION('center_axis',(0.,1.,0.));
#7672=DIRECTION('ref_axis',(-1.,0.,0.));
#7673=DIRECTION('',(-1.97372982155583E-15,0.,1.));
#7674=DIRECTION('',(-0.707106781186547,0.,0.707106781186548));
#7675=DIRECTION('',(-1.,0.,0.));
#7676=DIRECTION('',(-0.707106781186547,0.,-0.707106781186548));
#7677=DIRECTION('',(0.,0.,-1.));
#7678=DIRECTION('center_axis',(0.,1.,0.));
#7679=DIRECTION('ref_axis',(-1.,0.,0.));
#7680=DIRECTION('',(-1.97372982155583E-15,0.,1.));
#7681=DIRECTION('',(-0.707106781186547,0.,0.707106781186548));
#7682=DIRECTION('',(-1.,0.,0.));
#7683=DIRECTION('center_axis',(0.,1.,0.));
#7684=DIRECTION('ref_axis',(-1.,0.,0.));
#7685=DIRECTION('center_axis',(0.,1.,0.));
#7686=DIRECTION('ref_axis',(-1.,0.,0.));
#7687=DIRECTION('',(1.,0.,0.));
#7688=DIRECTION('',(0.707106781186548,0.,0.707106781186548));
#7689=DIRECTION('',(0.,0.,1.));
#7690=DIRECTION('',(-0.707106781186548,0.,0.707106781186548));
#7691=DIRECTION('',(0.,0.,1.));
#7692=DIRECTION('',(-0.707106781186548,0.,0.707106781186548));
#7693=DIRECTION('',(-1.,0.,0.));
#7694=DIRECTION('center_axis',(0.,1.,0.));
#7695=DIRECTION('ref_axis',(-1.,0.,0.));
#7696=DIRECTION('',(1.,0.,0.));
#7697=DIRECTION('',(0.707106781186548,0.,0.707106781186548));
#7698=DIRECTION('center_axis',(0.,-1.,0.));
#7699=DIRECTION('ref_axis',(0.,0.,-1.));
#7700=DIRECTION('',(0.707106781186548,0.,-0.707106781186548));
#7701=DIRECTION('',(1.,0.,0.));
#7702=DIRECTION('',(0.707106781186548,0.,0.707106781186548));
#7703=DIRECTION('',(0.,0.,1.));
#7704=DIRECTION('',(-0.707106781186548,0.,0.707106781186548));
#7705=DIRECTION('',(-1.,0.,0.));
#7706=DIRECTION('',(-0.707106781186548,0.,-0.707106781186548));
#7707=DIRECTION('',(0.,0.,-1.));
#7708=DIRECTION('',(0.707106781186548,0.,-0.707106781186548));
#7709=DIRECTION('center_axis',(0.,1.,0.));
#7710=DIRECTION('ref_axis',(1.,0.,0.));
#7711=DIRECTION('center_axis',(0.707106781186548,0.,0.707106781186548));
#7712=DIRECTION('ref_axis',(-0.707106781186548,0.,0.707106781186548));
#7713=DIRECTION('',(0.,-1.,0.));
#7714=DIRECTION('',(-0.707106781186548,0.,0.707106781186548));
#7715=DIRECTION('center_axis',(0.,1.,0.));
#7716=DIRECTION('ref_axis',(0.,0.,1.));
#7717=DIRECTION('',(0.707106781186548,0.,-0.707106781186548));
#7718=DIRECTION('',(0.,0.,1.));
#7719=DIRECTION('center_axis',(0.,-1.,0.));
#7720=DIRECTION('ref_axis',(1.,0.,0.));
#7721=DIRECTION('',(0.,0.,1.));
#7722=DIRECTION('center_axis',(0.,1.,0.));
#7723=DIRECTION('ref_axis',(0.,0.,1.));
#7724=DIRECTION('',(0.,0.,-1.));
#7725=DIRECTION('center_axis',(0.,-1.,0.));
#7726=DIRECTION('ref_axis',(1.,0.,0.));
#7727=DIRECTION('',(1.,0.,0.));
#7728=DIRECTION('center_axis',(0.,-1.,0.));
#7729=DIRECTION('ref_axis',(1.,0.,0.));
#7730=DIRECTION('center_axis',(0.,-1.,0.));
#7731=DIRECTION('ref_axis',(1.,0.,0.));
#7732=DIRECTION('',(0.,0.,1.));
#7733=DIRECTION('center_axis',(0.,-1.,0.));
#7734=DIRECTION('ref_axis',(1.,0.,0.));
#7735=DIRECTION('center_axis',(0.,-1.,0.));
#7736=DIRECTION('ref_axis',(1.,0.,0.));
#7737=DIRECTION('',(1.,0.,0.));
#7738=DIRECTION('',(0.707106781186548,0.,-0.707106781186548));
#7739=DIRECTION('center_axis',(0.,-1.,0.));
#7740=DIRECTION('ref_axis',(1.,0.,0.));
#7741=DIRECTION('center_axis',(-0.707106781186548,0.,-0.707106781186548));
#7742=DIRECTION('ref_axis',(0.707106781186548,0.,-0.707106781186548));
#7743=DIRECTION('',(0.,-1.,0.));
#7744=DIRECTION('center_axis',(-0.707106781186548,0.,-0.707106781186548));
#7745=DIRECTION('ref_axis',(0.707106781186548,0.,-0.707106781186548));
#7746=DIRECTION('',(0.,-1.,0.));
#7747=DIRECTION('center_axis',(0.,0.92326884041797,-0.38415445892669));
#7748=DIRECTION('ref_axis',(0.,0.38415445892669,0.92326884041797));
#7749=DIRECTION('',(0.,0.38415445892669,0.92326884041797));
#7750=DIRECTION('',(1.,0.,0.));
#7751=DIRECTION('',(0.,0.38415445892669,0.92326884041797));
#7752=DIRECTION('',(1.,0.,0.));
#7753=DIRECTION('center_axis',(0.,0.906706638936456,0.421761865166298));
#7754=DIRECTION('ref_axis',(0.,-0.421761865166298,0.906706638936456));
#7755=DIRECTION('',(0.,-0.421761865166298,0.906706638936456));
#7756=DIRECTION('',(1.,0.,0.));
#7757=DIRECTION('',(0.,-0.421761865166298,0.906706638936456));
#7758=DIRECTION('center_axis',(0.,0.,-1.));
#7759=DIRECTION('ref_axis',(0.,1.,0.));
#7760=DIRECTION('',(0.,1.,0.));
#7761=DIRECTION('',(1.,0.,0.));
#7762=DIRECTION('',(0.,1.,0.));
#7763=DIRECTION('center_axis',(0.,-0.903655716458545,-0.428259671358154));
#7764=DIRECTION('ref_axis',(0.,0.428259671358154,-0.903655716458545));
#7765=DIRECTION('',(0.,0.428259671358154,-0.903655716458545));
#7766=DIRECTION('',(1.,0.,0.));
#7767=DIRECTION('',(0.,0.428259671358154,-0.903655716458545));
#7768=DIRECTION('center_axis',(0.,-0.923721014589702,0.383065904519539));
#7769=DIRECTION('ref_axis',(0.,-0.383065904519539,-0.923721014589702));
#7770=DIRECTION('',(0.,-0.383065904519539,-0.923721014589702));
#7771=DIRECTION('',(1.,0.,0.));
#7772=DIRECTION('',(0.,-0.383065904519539,-0.923721014589702));
#7773=DIRECTION('center_axis',(0.,0.,1.));
#7774=DIRECTION('ref_axis',(0.,-1.,0.));
#7775=DIRECTION('',(0.,-1.,0.));
#7776=DIRECTION('',(1.,0.,0.));
#7777=DIRECTION('',(0.,-1.,0.));
#7778=DIRECTION('center_axis',(0.,0.923721014589701,-0.383065904519541));
#7779=DIRECTION('ref_axis',(0.,0.383065904519541,0.923721014589701));
#7780=DIRECTION('',(0.,0.383065904519541,0.923721014589701));
#7781=DIRECTION('',(1.,0.,0.));
#7782=DIRECTION('',(0.,0.383065904519541,0.923721014589701));
#7783=DIRECTION('center_axis',(0.,0.,1.));
#7784=DIRECTION('ref_axis',(0.,-1.,0.));
#7785=DIRECTION('',(0.,-1.,0.));
#7786=DIRECTION('',(1.,0.,0.));
#7787=DIRECTION('',(0.,-1.,0.));
#7788=DIRECTION('center_axis',(0.,-0.923721014589684,0.383065904519582));
#7789=DIRECTION('ref_axis',(0.,-0.383065904519582,-0.923721014589683));
#7790=DIRECTION('',(0.,-0.383065904519582,-0.923721014589684));
#7791=DIRECTION('',(1.,0.,0.));
#7792=DIRECTION('',(0.,-0.383065904519582,-0.923721014589683));
#7793=DIRECTION('center_axis',(0.,0.,1.));
#7794=DIRECTION('ref_axis',(0.,-1.,0.));
#7795=DIRECTION('',(0.,-1.,0.));
#7796=DIRECTION('',(0.,-1.,0.));
#7797=DIRECTION('center_axis',(1.,0.,0.));
#7798=DIRECTION('ref_axis',(0.,0.,-1.));
#7799=DIRECTION('center_axis',(0.,0.923134441424654,-0.38447731149652));
#7800=DIRECTION('ref_axis',(0.,0.38447731149652,0.923134441424654));
#7801=DIRECTION('',(0.,0.38447731149652,0.923134441424654));
#7802=DIRECTION('',(1.,0.,0.));
#7803=DIRECTION('',(0.,0.38447731149652,0.923134441424654));
#7804=DIRECTION('',(1.,0.,0.));
#7805=DIRECTION('center_axis',(0.,0.906161671665478,0.422931465848104));
#7806=DIRECTION('ref_axis',(0.,-0.422931465848104,0.906161671665478));
#7807=DIRECTION('',(0.,-0.422931465848104,0.906161671665478));
#7808=DIRECTION('',(1.,0.,0.));
#7809=DIRECTION('',(0.,-0.422931465848104,0.906161671665478));
#7810=DIRECTION('center_axis',(0.,0.,-1.));
#7811=DIRECTION('ref_axis',(0.,1.,0.));
#7812=DIRECTION('',(0.,1.,0.));
#7813=DIRECTION('',(1.,0.,0.));
#7814=DIRECTION('',(0.,1.,0.));
#7815=DIRECTION('center_axis',(0.,-0.906161671665471,-0.42293146584812));
#7816=DIRECTION('ref_axis',(0.,0.42293146584812,-0.906161671665471));
#7817=DIRECTION('',(0.,0.42293146584812,-0.906161671665471));
#7818=DIRECTION('',(1.,0.,0.));
#7819=DIRECTION('',(0.,0.42293146584812,-0.906161671665471));
#7820=DIRECTION('center_axis',(0.,0.,1.));
#7821=DIRECTION('ref_axis',(0.,-1.,0.));
#7822=DIRECTION('',(0.,-1.,0.));
#7823=DIRECTION('',(1.,0.,0.));
#7824=DIRECTION('',(0.,-1.,0.));
#7825=DIRECTION('center_axis',(0.,-0.923134441424654,0.384477311496521));
#7826=DIRECTION('ref_axis',(0.,-0.384477311496521,-0.923134441424654));
#7827=DIRECTION('',(0.,-0.384477311496521,-0.923134441424654));
#7828=DIRECTION('',(1.,0.,0.));
#7829=DIRECTION('',(0.,-0.384477311496521,-0.923134441424654));
#7830=DIRECTION('center_axis',(0.,0.,1.));
#7831=DIRECTION('ref_axis',(0.,-1.,0.));
#7832=DIRECTION('',(0.,-1.,0.));
#7833=DIRECTION('',(0.,-1.,0.));
#7834=DIRECTION('center_axis',(1.,0.,0.));
#7835=DIRECTION('ref_axis',(0.,0.,-1.));
#7836=DIRECTION('center_axis',(0.,0.923134441424654,-0.38447731149652));
#7837=DIRECTION('ref_axis',(0.,0.38447731149652,0.923134441424654));
#7838=DIRECTION('',(0.,0.38447731149652,0.923134441424654));
#7839=DIRECTION('',(1.,0.,0.));
#7840=DIRECTION('',(0.,0.38447731149652,0.923134441424654));
#7841=DIRECTION('',(1.,0.,0.));
#7842=DIRECTION('center_axis',(0.,-0.906161671665485,-0.422931465848091));
#7843=DIRECTION('ref_axis',(0.,0.422931465848091,-0.906161671665484));
#7844=DIRECTION('',(0.,0.422931465848091,-0.906161671665484));
#7845=DIRECTION('',(1.,0.,0.));
#7846=DIRECTION('',(0.,0.422931465848091,-0.906161671665484));
#7847=DIRECTION('center_axis',(0.,-0.923134441424654,0.38447731149652));
#7848=DIRECTION('ref_axis',(0.,-0.38447731149652,-0.923134441424654));
#7849=DIRECTION('',(0.,-0.38447731149652,-0.923134441424654));
#7850=DIRECTION('',(1.,0.,0.));
#7851=DIRECTION('',(0.,-0.38447731149652,-0.923134441424654));
#7852=DIRECTION('center_axis',(0.,0.906161671665488,0.422931465848083));
#7853=DIRECTION('ref_axis',(0.,-0.422931465848083,0.906161671665488));
#7854=DIRECTION('',(0.,-0.422931465848083,0.906161671665488));
#7855=DIRECTION('',(0.,-0.422931465848083,0.906161671665488));
#7856=DIRECTION('center_axis',(1.,0.,0.));
#7857=DIRECTION('ref_axis',(0.,0.,-1.));
#7858=DIRECTION('center_axis',(0.,-1.,0.));
#7859=DIRECTION('ref_axis',(1.,0.,0.));
#7860=DIRECTION('',(0.,-1.,0.));
#7861=DIRECTION('center_axis',(0.,-1.,0.));
#7862=DIRECTION('ref_axis',(1.,0.,0.));
#7863=DIRECTION('center_axis',(0.,1.,0.));
#7864=DIRECTION('ref_axis',(0.,0.,1.));
#7865=DIRECTION('center_axis',(0.,-1.,0.));
#7866=DIRECTION('ref_axis',(1.,0.,0.));
#7867=DIRECTION('',(0.,-1.,0.));
#7868=DIRECTION('center_axis',(0.,-1.,0.));
#7869=DIRECTION('ref_axis',(1.,0.,0.));
#7870=DIRECTION('center_axis',(0.,1.,0.));
#7871=DIRECTION('ref_axis',(0.,0.,1.));
#7872=DIRECTION('center_axis',(0.,1.,0.));
#7873=DIRECTION('ref_axis',(1.,0.,0.));
#7874=DIRECTION('center_axis',(0.,1.,0.));
#7875=DIRECTION('ref_axis',(1.,0.,0.));
#7876=DIRECTION('',(0.,-1.,0.));
#7877=DIRECTION('center_axis',(0.,1.,0.));
#7878=DIRECTION('ref_axis',(0.,0.,1.));
#7879=DIRECTION('center_axis',(0.,-1.,0.));
#7880=DIRECTION('ref_axis',(-1.,0.,0.));
#7881=DIRECTION('center_axis',(1.,0.,-5.98771968337163E-16));
#7882=DIRECTION('ref_axis',(-5.98771968337163E-16,0.,-1.));
#7883=DIRECTION('',(0.,1.,0.));
#7884=DIRECTION('',(0.,1.,0.));
#7885=DIRECTION('center_axis',(-1.99590656112388E-16,0.,-1.));
#7886=DIRECTION('ref_axis',(-1.,0.,1.99590656112388E-16));
#7887=DIRECTION('',(0.,1.,0.));
#7888=DIRECTION('',(0.,1.,0.));
#7889=DIRECTION('center_axis',(-1.99590656112388E-16,0.,-1.));
#7890=DIRECTION('ref_axis',(-1.,0.,1.99590656112388E-16));
#7891=DIRECTION('',(0.,1.,0.));
#7892=DIRECTION('',(0.,1.,0.));
#7893=DIRECTION('center_axis',(-1.99590656112388E-16,0.,-1.));
#7894=DIRECTION('ref_axis',(-1.,0.,1.99590656112388E-16));
#7895=DIRECTION('',(0.,1.,0.));
#7896=DIRECTION('',(0.,1.,0.));
#7897=DIRECTION('center_axis',(-1.,0.,1.74641824098339E-16));
#7898=DIRECTION('ref_axis',(1.74641824098339E-16,0.,1.));
#7899=DIRECTION('',(0.,1.,0.));
#7900=DIRECTION('',(0.,1.,0.));
#7901=DIRECTION('center_axis',(-1.,0.,1.74641824098339E-16));
#7902=DIRECTION('ref_axis',(1.74641824098339E-16,0.,1.));
#7903=DIRECTION('',(0.,1.,0.));
#7904=DIRECTION('',(0.,1.,0.));
#7905=DIRECTION('center_axis',(-1.,0.,1.74641824098339E-16));
#7906=DIRECTION('ref_axis',(1.74641824098339E-16,0.,1.));
#7907=DIRECTION('',(0.,1.,0.));
#7908=DIRECTION('',(0.,1.,0.));
#7909=DIRECTION('center_axis',(1.24744160070242E-16,0.,1.));
#7910=DIRECTION('ref_axis',(1.,0.,-1.24744160070242E-16));
#7911=DIRECTION('',(0.,1.,0.));
#7912=DIRECTION('',(0.,1.,0.));
#7913=DIRECTION('center_axis',(1.24744160070242E-16,0.,1.));
#7914=DIRECTION('ref_axis',(1.,0.,-1.24744160070242E-16));
#7915=DIRECTION('',(0.,1.,0.));
#7916=DIRECTION('',(0.,1.,0.));
#7917=DIRECTION('center_axis',(1.24744160070242E-16,0.,1.));
#7918=DIRECTION('ref_axis',(1.,0.,-1.24744160070242E-16));
#7919=DIRECTION('',(0.,1.,0.));
#7920=DIRECTION('',(0.,1.,0.));
#7921=DIRECTION('center_axis',(1.,0.,-5.98771968337163E-16));
#7922=DIRECTION('ref_axis',(-5.98771968337163E-16,0.,-1.));
#7923=DIRECTION('',(0.,1.,0.));
#7924=DIRECTION('',(0.,1.,0.));
#7925=DIRECTION('',(0.,-1.,0.));
#7926=DIRECTION('',(0.,0.,1.));
#7927=DIRECTION('',(0.,1.,0.));
#7928=DIRECTION('center_axis',(0.,1.,0.));
#7929=DIRECTION('ref_axis',(1.,0.,0.));
#7930=DIRECTION('center_axis',(0.,1.,0.));
#7931=DIRECTION('ref_axis',(1.,0.,0.));
#7932=DIRECTION('',(0.,-1.,0.));
#7933=DIRECTION('center_axis',(0.,1.,0.));
#7934=DIRECTION('ref_axis',(0.,0.,1.));
#7935=DIRECTION('center_axis',(0.,-1.,0.));
#7936=DIRECTION('ref_axis',(-1.,0.,0.));
#7937=DIRECTION('center_axis',(0.,1.,0.));
#7938=DIRECTION('ref_axis',(1.,0.,0.));
#7939=DIRECTION('center_axis',(0.,1.,0.));
#7940=DIRECTION('ref_axis',(1.,0.,0.));
#7941=DIRECTION('',(0.,-1.,0.));
#7942=DIRECTION('center_axis',(0.,1.,0.));
#7943=DIRECTION('ref_axis',(0.,0.,1.));
#7944=DIRECTION('center_axis',(0.,-1.,0.));
#7945=DIRECTION('ref_axis',(-1.,0.,0.));
#7946=DIRECTION('center_axis',(0.,1.,0.));
#7947=DIRECTION('ref_axis',(1.,0.,0.));
#7948=DIRECTION('center_axis',(0.,1.,0.));
#7949=DIRECTION('ref_axis',(1.,0.,0.));
#7950=DIRECTION('',(0.,-1.,0.));
#7951=DIRECTION('center_axis',(0.,1.,0.));
#7952=DIRECTION('ref_axis',(0.,0.,1.));
#7953=DIRECTION('center_axis',(0.,-1.,0.));
#7954=DIRECTION('ref_axis',(-1.,0.,0.));
#7955=DIRECTION('center_axis',(0.,1.,0.));
#7956=DIRECTION('ref_axis',(1.,0.,0.));
#7957=DIRECTION('center_axis',(0.,1.,0.));
#7958=DIRECTION('ref_axis',(1.,0.,0.));
#7959=DIRECTION('',(0.,-1.,0.));
#7960=DIRECTION('center_axis',(0.,1.,0.));
#7961=DIRECTION('ref_axis',(0.,0.,1.));
#7962=DIRECTION('center_axis',(0.,-1.,0.));
#7963=DIRECTION('ref_axis',(-1.,0.,0.));
#7964=DIRECTION('center_axis',(0.,1.,0.));
#7965=DIRECTION('ref_axis',(-1.,0.,-1.89882151931499E-15));
#7966=DIRECTION('center_axis',(0.,1.,0.));
#7967=DIRECTION('ref_axis',(1.,0.,0.));
#7968=DIRECTION('',(0.,-1.,0.));
#7969=DIRECTION('',(0.,-1.,0.));
#7970=DIRECTION('center_axis',(-1.,0.,0.));
#7971=DIRECTION('ref_axis',(0.,0.,-1.));
#7972=DIRECTION('center_axis',(-1.,0.,-8.22387425648264E-17));
#7973=DIRECTION('ref_axis',(0.,0.,-1.));
#7974=DIRECTION('',(-1.,0.,0.));
#7975=DIRECTION('center_axis',(-1.,0.,-8.22387425648264E-17));
#7976=DIRECTION('ref_axis',(8.22387425648264E-17,0.,-1.));
#7977=DIRECTION('center_axis',(1.,0.,8.22387425648264E-17));
#7978=DIRECTION('ref_axis',(8.22387425648264E-17,0.,-1.));
#7979=DIRECTION('center_axis',(-1.,0.,0.));
#7980=DIRECTION('ref_axis',(0.,0.,-1.));
#7981=DIRECTION('center_axis',(-1.,0.,-8.22387425648264E-17));
#7982=DIRECTION('ref_axis',(0.,0.,-1.));
#7983=DIRECTION('',(-1.,0.,0.));
#7984=DIRECTION('center_axis',(-1.,0.,-8.22387425648264E-17));
#7985=DIRECTION('ref_axis',(8.22387425648264E-17,0.,-1.));
#7986=DIRECTION('center_axis',(1.,0.,8.22387425648264E-17));
#7987=DIRECTION('ref_axis',(8.22387425648264E-17,0.,-1.));
#7988=DIRECTION('center_axis',(0.,0.,1.));
#7989=DIRECTION('ref_axis',(-1.,0.,0.));
#7990=DIRECTION('center_axis',(-2.74129141882755E-17,0.,1.));
#7991=DIRECTION('ref_axis',(-1.,0.,0.));
#7992=DIRECTION('',(0.,0.,1.));
#7993=DIRECTION('center_axis',(-2.74129141882755E-17,0.,1.));
#7994=DIRECTION('ref_axis',(-1.,0.,-2.74129141882755E-17));
#7995=DIRECTION('center_axis',(2.74129141882755E-17,0.,-1.));
#7996=DIRECTION('ref_axis',(-1.,0.,-2.74129141882755E-17));
#7997=DIRECTION('center_axis',(0.,0.,1.));
#7998=DIRECTION('ref_axis',(-1.,0.,0.));
#7999=DIRECTION('center_axis',(-2.74129141882755E-17,0.,1.));
#8000=DIRECTION('ref_axis',(-1.,0.,0.));
#8001=DIRECTION('',(0.,0.,1.));
#8002=DIRECTION('center_axis',(-2.74129141882755E-17,0.,1.));
#8003=DIRECTION('ref_axis',(-1.,0.,-2.74129141882755E-17));
#8004=DIRECTION('center_axis',(2.74129141882755E-17,0.,-1.));
#8005=DIRECTION('ref_axis',(-1.,0.,-2.74129141882755E-17));
#8006=DIRECTION('center_axis',(0.,0.,-1.));
#8007=DIRECTION('ref_axis',(1.,0.,0.));
#8008=DIRECTION('center_axis',(0.,0.,-1.));
#8009=DIRECTION('ref_axis',(1.,0.,0.));
#8010=DIRECTION('',(0.,0.,-1.));
#8011=DIRECTION('center_axis',(0.,0.,-1.));
#8012=DIRECTION('ref_axis',(1.,0.,0.));
#8013=DIRECTION('center_axis',(0.,0.,1.));
#8014=DIRECTION('ref_axis',(1.,0.,0.));
#8015=DIRECTION('center_axis',(0.,0.,-1.));
#8016=DIRECTION('ref_axis',(1.,0.,0.));
#8017=DIRECTION('center_axis',(0.,0.,-1.));
#8018=DIRECTION('ref_axis',(1.,0.,0.));
#8019=DIRECTION('',(0.,0.,-1.));
#8020=DIRECTION('center_axis',(0.,0.,-1.));
#8021=DIRECTION('ref_axis',(1.,0.,0.));
#8022=DIRECTION('center_axis',(0.,0.,1.));
#8023=DIRECTION('ref_axis',(1.,0.,0.));
#8024=DIRECTION('center_axis',(0.,0.,1.));
#8025=DIRECTION('ref_axis',(-1.,0.,0.));
#8026=DIRECTION('',(0.,0.,1.));
#8027=DIRECTION('center_axis',(2.42195249700078E-16,0.,1.));
#8028=DIRECTION('ref_axis',(-1.,0.,2.42195249700078E-16));
#8029=DIRECTION('center_axis',(-2.42195249700078E-16,0.,-1.));
#8030=DIRECTION('ref_axis',(-1.,0.,2.42195249700078E-16));
#8031=DIRECTION('center_axis',(0.,0.,1.));
#8032=DIRECTION('ref_axis',(-1.,0.,0.));
#8033=DIRECTION('',(0.,0.,1.));
#8034=DIRECTION('center_axis',(2.42195249700078E-16,0.,1.));
#8035=DIRECTION('ref_axis',(-1.,0.,2.42195249700078E-16));
#8036=DIRECTION('center_axis',(-2.42195249700078E-16,0.,-1.));
#8037=DIRECTION('ref_axis',(-1.,0.,2.42195249700078E-16));
#8038=DIRECTION('center_axis',(-1.,0.,0.));
#8039=DIRECTION('ref_axis',(0.,0.,-1.));
#8040=DIRECTION('',(-1.,0.,0.));
#8041=DIRECTION('center_axis',(-1.,0.,0.));
#8042=DIRECTION('ref_axis',(0.,0.,-1.));
#8043=DIRECTION('center_axis',(1.,0.,0.));
#8044=DIRECTION('ref_axis',(0.,0.,-1.));
#8045=DIRECTION('center_axis',(-1.,0.,0.));
#8046=DIRECTION('ref_axis',(0.,0.,-1.));
#8047=DIRECTION('',(-1.,0.,0.));
#8048=DIRECTION('center_axis',(-1.,0.,0.));
#8049=DIRECTION('ref_axis',(0.,0.,-1.));
#8050=DIRECTION('center_axis',(1.,0.,0.));
#8051=DIRECTION('ref_axis',(0.,0.,-1.));
#8052=DIRECTION('center_axis',(0.,0.,-1.));
#8053=DIRECTION('ref_axis',(1.,0.,0.));
#8054=DIRECTION('',(0.,0.,-1.));
#8055=DIRECTION('center_axis',(0.,0.,-1.));
#8056=DIRECTION('ref_axis',(1.,0.,0.));
#8057=DIRECTION('center_axis',(0.,0.,1.));
#8058=DIRECTION('ref_axis',(1.,0.,0.));
#8059=DIRECTION('center_axis',(0.,0.,-1.));
#8060=DIRECTION('ref_axis',(1.,0.,0.));
#8061=DIRECTION('',(0.,0.,-1.));
#8062=DIRECTION('center_axis',(0.,0.,-1.));
#8063=DIRECTION('ref_axis',(1.,0.,0.));
#8064=DIRECTION('center_axis',(0.,0.,1.));
#8065=DIRECTION('ref_axis',(1.,0.,0.));
#8066=DIRECTION('center_axis',(0.,1.,0.));
#8067=DIRECTION('ref_axis',(1.,0.,0.));
#8068=DIRECTION('',(0.707106781186548,-0.707106781186548,-8.65956056235493E-17));
#8069=DIRECTION('center_axis',(0.,-1.,0.));
#8070=DIRECTION('ref_axis',(1.,0.,0.));
#8071=DIRECTION('center_axis',(0.,1.,0.));
#8072=DIRECTION('ref_axis',(1.,0.,0.));
#8073=DIRECTION('center_axis',(0.,1.,0.));
#8074=DIRECTION('ref_axis',(1.,0.,0.));
#8075=DIRECTION('',(0.,1.,0.));
#8076=DIRECTION('center_axis',(0.,1.,0.));
#8077=DIRECTION('ref_axis',(1.,0.,0.));
#8078=DIRECTION('',(0.707106781186548,-0.707106781186547,-8.65956056235494E-17));
#8079=DIRECTION('center_axis',(0.,-1.,0.));
#8080=DIRECTION('ref_axis',(1.,0.,0.));
#8081=DIRECTION('center_axis',(0.,1.,0.));
#8082=DIRECTION('ref_axis',(1.,0.,0.));
#8083=DIRECTION('center_axis',(0.,1.,0.));
#8084=DIRECTION('ref_axis',(1.,0.,0.));
#8085=DIRECTION('',(0.,1.,0.));
#8086=DIRECTION('center_axis',(0.,1.,0.));
#8087=DIRECTION('ref_axis',(1.,0.,0.));
#8088=DIRECTION('',(0.707106781186547,-0.707106781186548,-8.65956056235493E-17));
#8089=DIRECTION('center_axis',(0.,-1.,0.));
#8090=DIRECTION('ref_axis',(1.,0.,0.));
#8091=DIRECTION('center_axis',(0.,1.,0.));
#8092=DIRECTION('ref_axis',(1.,0.,0.));
#8093=DIRECTION('center_axis',(0.,1.,0.));
#8094=DIRECTION('ref_axis',(1.,0.,0.));
#8095=DIRECTION('',(0.,1.,0.));
#8096=DIRECTION('center_axis',(0.,1.,0.));
#8097=DIRECTION('ref_axis',(1.,0.,0.));
#8098=DIRECTION('',(0.707106781186547,-0.707106781186548,-8.65956056235493E-17));
#8099=DIRECTION('center_axis',(0.,-1.,0.));
#8100=DIRECTION('ref_axis',(1.,0.,0.));
#8101=DIRECTION('center_axis',(0.,1.,0.));
#8102=DIRECTION('ref_axis',(1.,0.,0.));
#8103=DIRECTION('center_axis',(0.,1.,0.));
#8104=DIRECTION('ref_axis',(1.,0.,0.));
#8105=DIRECTION('',(0.,1.,0.));
#8106=DIRECTION('center_axis',(0.70710678118655,-0.707106781186545,1.35687002602302E-16));
#8107=DIRECTION('ref_axis',(1.91890399317928E-16,0.,-1.));
#8108=DIRECTION('',(-0.707106781186546,-0.707106781186549,0.));
#8109=DIRECTION('',(0.707106781186546,0.707106781186549,0.));
#8110=DIRECTION('',(-1.91890399317928E-16,0.,1.));
#8111=DIRECTION('center_axis',(0.,1.,0.));
#8112=DIRECTION('ref_axis',(1.,0.,0.));
#8113=DIRECTION('',(0.,-0.707106781186549,-0.707106781186546));
#8114=DIRECTION('center_axis',(0.,-1.,0.));
#8115=DIRECTION('ref_axis',(1.,0.,0.));
#8116=DIRECTION('center_axis',(0.,-0.707106781186546,0.707106781186549));
#8117=DIRECTION('ref_axis',(1.,0.,0.));
#8118=DIRECTION('',(0.,-0.707106781186549,-0.707106781186546));
#8119=DIRECTION('',(-1.,0.,0.));
#8120=DIRECTION('center_axis',(0.,1.,0.));
#8121=DIRECTION('ref_axis',(0.,0.,1.));
#8122=DIRECTION('',(0.707106781186552,-0.707106781186542,0.));
#8123=DIRECTION('center_axis',(0.,-1.,0.));
#8124=DIRECTION('ref_axis',(0.,0.,1.));
#8125=DIRECTION('center_axis',(-0.707106781186549,-0.707106781186546,0.));
#8126=DIRECTION('ref_axis',(0.,0.,1.));
#8127=DIRECTION('',(0.707106781186546,-0.707106781186549,3.14018491736756E-15));
#8128=DIRECTION('',(0.,0.,-1.));
#8129=DIRECTION('center_axis',(0.,1.,0.));
#8130=DIRECTION('ref_axis',(-1.,0.,-1.30614473485312E-16));
#8131=DIRECTION('',(0.,-0.707106781186548,0.707106781186547));
#8132=DIRECTION('center_axis',(0.,-1.,0.));
#8133=DIRECTION('ref_axis',(-1.,0.,-1.30614473485312E-16));
#8134=DIRECTION('center_axis',(9.69192875730724E-17,-0.707106781186548,
-0.707106781186547));
#8135=DIRECTION('ref_axis',(-1.,0.,-1.37064570941377E-16));
#8136=DIRECTION('',(1.57009245868377E-15,-0.707106781186547,0.707106781186548));
#8137=DIRECTION('',(1.,0.,1.37064570941377E-16));
#8138=DIRECTION('center_axis',(0.,1.,0.));
#8139=DIRECTION('ref_axis',(1.30614473485313E-16,0.,-1.));
#8140=DIRECTION('center_axis',(0.,-1.,0.));
#8141=DIRECTION('ref_axis',(1.30614473485313E-16,0.,-1.));
#8142=DIRECTION('center_axis',(0.,1.,0.));
#8143=DIRECTION('ref_axis',(0.,0.,-1.));
#8144=DIRECTION('',(0.,1.,0.));
#8145=DIRECTION('center_axis',(0.,-1.,0.));
#8146=DIRECTION('ref_axis',(0.,0.,-1.));
#8147=DIRECTION('',(0.,1.,0.));
#8148=DIRECTION('center_axis',(0.,0.,-1.));
#8149=DIRECTION('ref_axis',(-1.,0.,0.));
#8150=DIRECTION('',(0.,1.,0.));
#8151=DIRECTION('',(-1.,0.,0.));
#8152=DIRECTION('center_axis',(0.,1.,0.));
#8153=DIRECTION('ref_axis',(-1.,0.,0.));
#8154=DIRECTION('',(0.,1.,0.));
#8155=DIRECTION('center_axis',(0.,-1.,0.));
#8156=DIRECTION('ref_axis',(-1.,0.,0.));
#8157=DIRECTION('center_axis',(-1.,0.,-1.91890399317928E-16));
#8158=DIRECTION('ref_axis',(-1.91890399317928E-16,0.,1.));
#8159=DIRECTION('',(0.,1.,0.));
#8160=DIRECTION('',(-1.91890399317928E-16,0.,1.));
#8161=DIRECTION('center_axis',(0.,1.,0.));
#8162=DIRECTION('ref_axis',(1.,0.,0.));
#8163=DIRECTION('',(0.,1.,0.));
#8164=DIRECTION('center_axis',(0.,1.,0.));
#8165=DIRECTION('ref_axis',(1.,0.,0.));
#8166=DIRECTION('center_axis',(0.,-1.,0.));
#8167=DIRECTION('ref_axis',(0.,0.,-1.));
#8168=DIRECTION('center_axis',(0.,1.,0.));
#8169=DIRECTION('ref_axis',(1.,0.,0.));
#8170=DIRECTION('',(0.,1.,0.));
#8171=DIRECTION('center_axis',(0.,1.,0.));
#8172=DIRECTION('ref_axis',(1.,0.,0.));
#8173=DIRECTION('center_axis',(0.,-1.,0.));
#8174=DIRECTION('ref_axis',(0.,0.,-1.));
#8175=DIRECTION('center_axis',(0.,1.,0.));
#8176=DIRECTION('ref_axis',(1.,0.,0.));
#8177=DIRECTION('',(0.,1.,0.));
#8178=DIRECTION('center_axis',(0.,1.,0.));
#8179=DIRECTION('ref_axis',(1.,0.,0.));
#8180=DIRECTION('center_axis',(0.,-1.,0.));
#8181=DIRECTION('ref_axis',(0.,0.,-1.));
#8182=DIRECTION('center_axis',(0.,1.,0.));
#8183=DIRECTION('ref_axis',(1.,0.,0.));
#8184=DIRECTION('',(0.,1.,0.));
#8185=DIRECTION('center_axis',(0.,1.,0.));
#8186=DIRECTION('ref_axis',(1.,0.,0.));
#8187=DIRECTION('center_axis',(0.,-1.,0.));
#8188=DIRECTION('ref_axis',(0.,0.,-1.));
#8189=DIRECTION('center_axis',(0.,1.,0.));
#8190=DIRECTION('ref_axis',(1.,0.,0.));
#8191=DIRECTION('',(0.,1.,0.));
#8192=DIRECTION('center_axis',(0.,1.,0.));
#8193=DIRECTION('ref_axis',(1.,0.,0.));
#8194=DIRECTION('center_axis',(0.,-1.,0.));
#8195=DIRECTION('ref_axis',(0.,0.,-1.));
#8196=DIRECTION('center_axis',(0.,1.,0.));
#8197=DIRECTION('ref_axis',(1.,0.,0.));
#8198=DIRECTION('',(0.,1.,0.));
#8199=DIRECTION('center_axis',(0.,1.,0.));
#8200=DIRECTION('ref_axis',(1.,0.,0.));
#8201=DIRECTION('center_axis',(0.,-1.,0.));
#8202=DIRECTION('ref_axis',(0.,0.,-1.));
#8203=DIRECTION('center_axis',(0.,1.,0.));
#8204=DIRECTION('ref_axis',(1.,0.,0.));
#8205=DIRECTION('',(0.,1.,0.));
#8206=DIRECTION('center_axis',(0.,1.,0.));
#8207=DIRECTION('ref_axis',(1.,0.,0.));
#8208=DIRECTION('center_axis',(0.,-1.,0.));
#8209=DIRECTION('ref_axis',(0.,0.,-1.));
#8210=DIRECTION('center_axis',(0.,1.,0.));
#8211=DIRECTION('ref_axis',(1.,0.,0.));
#8212=DIRECTION('',(0.,1.,0.));
#8213=DIRECTION('center_axis',(0.,1.,0.));
#8214=DIRECTION('ref_axis',(1.,0.,0.));
#8215=DIRECTION('center_axis',(0.,-1.,0.));
#8216=DIRECTION('ref_axis',(0.,0.,-1.));
#8217=DIRECTION('center_axis',(0.,1.,0.));
#8218=DIRECTION('ref_axis',(-1.30614473485313E-16,0.,1.));
#8219=DIRECTION('',(0.,1.,0.));
#8220=DIRECTION('center_axis',(0.,-1.,0.));
#8221=DIRECTION('ref_axis',(-1.30614473485313E-16,0.,1.));
#8222=DIRECTION('center_axis',(-1.37064570941377E-16,0.,1.));
#8223=DIRECTION('ref_axis',(1.,0.,1.37064570941377E-16));
#8224=DIRECTION('',(0.,1.,0.));
#8225=DIRECTION('',(1.,0.,1.37064570941377E-16));
#8226=DIRECTION('center_axis',(0.,1.,0.));
#8227=DIRECTION('ref_axis',(1.,0.,1.30614473485312E-16));
#8228=DIRECTION('',(0.,1.,0.));
#8229=DIRECTION('center_axis',(0.,-1.,0.));
#8230=DIRECTION('ref_axis',(1.,0.,1.30614473485312E-16));
#8231=DIRECTION('center_axis',(1.,0.,0.));
#8232=DIRECTION('ref_axis',(0.,0.,-1.));
#8233=DIRECTION('',(0.,0.,-1.));
#8234=DIRECTION('center_axis',(0.,-1.,0.));
#8235=DIRECTION('ref_axis',(0.,0.,-1.));
#8236=DIRECTION('',(-1.,0.,-2.74129141882755E-17));
#8237=DIRECTION('',(8.22387425648264E-17,0.,-1.));
#8238=DIRECTION('',(1.,0.,0.));
#8239=DIRECTION('',(0.,0.,1.));
#8240=DIRECTION('center_axis',(0.,1.,0.));
#8241=DIRECTION('ref_axis',(-1.,0.,0.));
#8242=DIRECTION('center_axis',(1.,0.,8.22387425648264E-17));
#8243=DIRECTION('ref_axis',(8.22387425648264E-17,0.,-1.));
#8244=DIRECTION('center_axis',(2.74129141882755E-17,0.,-1.));
#8245=DIRECTION('ref_axis',(-1.,0.,-2.74129141882755E-17));
#8246=DIRECTION('',(0.,1.,0.));
#8247=DIRECTION('center_axis',(0.,0.,1.));
#8248=DIRECTION('ref_axis',(1.,0.,0.));
#8249=DIRECTION('center_axis',(-1.,0.,0.));
#8250=DIRECTION('ref_axis',(0.,0.,1.));
#8251=DIRECTION('',(0.,1.,0.));
#8252=DIRECTION('center_axis',(0.,1.,0.));
#8253=DIRECTION('ref_axis',(-1.,0.,0.));
#8254=DIRECTION('center_axis',(0.,-1.,0.));
#8255=DIRECTION('ref_axis',(1.,0.,0.));
#8256=DIRECTION('center_axis',(0.,-1.,0.));
#8257=DIRECTION('ref_axis',(1.,0.,0.));
#8258=DIRECTION('',(0.707106781186548,0.707106781186547,8.65956056235494E-17));
#8259=DIRECTION('center_axis',(0.,1.,0.));
#8260=DIRECTION('ref_axis',(0.,0.,1.));
#8261=DIRECTION('',(1.,0.,0.));
#8262=DIRECTION('center_axis',(0.,-1.,0.));
#8263=DIRECTION('ref_axis',(1.,0.,0.));
#8264=DIRECTION('center_axis',(0.,-1.,0.));
#8265=DIRECTION('ref_axis',(1.,0.,0.));
#8266=DIRECTION('',(0.,0.,1.));
#8267=DIRECTION('center_axis',(0.,-1.,0.));
#8268=DIRECTION('ref_axis',(1.,0.,0.));
#8269=DIRECTION('center_axis',(0.,-1.,0.));
#8270=DIRECTION('ref_axis',(1.,0.,0.));
#8271=DIRECTION('',(-1.,0.,0.));
#8272=DIRECTION('center_axis',(0.,-1.,0.));
#8273=DIRECTION('ref_axis',(1.,0.,0.));
#8274=DIRECTION('',(1.97372982155583E-15,0.,-1.));
#8275=DIRECTION('center_axis',(0.,-1.,0.));
#8276=DIRECTION('ref_axis',(1.,0.,0.));
#8277=DIRECTION('center_axis',(0.,-1.,0.));
#8278=DIRECTION('ref_axis',(1.,0.,0.));
#8279=DIRECTION('center_axis',(0.,-1.,0.));
#8280=DIRECTION('ref_axis',(1.,0.,0.));
#8281=DIRECTION('',(0.707106781186547,0.707106781186548,8.65956056235493E-17));
#8282=DIRECTION('center_axis',(0.,1.,0.));
#8283=DIRECTION('ref_axis',(0.,0.,1.));
#8284=DIRECTION('',(1.97372982155583E-15,0.,-1.));
#8285=DIRECTION('center_axis',(0.,-1.,0.));
#8286=DIRECTION('ref_axis',(1.,0.,0.));
#8287=DIRECTION('',(1.,0.,0.));
#8288=DIRECTION('center_axis',(0.,-1.,0.));
#8289=DIRECTION('ref_axis',(1.,0.,0.));
#8290=DIRECTION('center_axis',(0.,-1.,0.));
#8291=DIRECTION('ref_axis',(1.,0.,0.));
#8292=DIRECTION('',(-2.46716227694479E-16,0.,1.));
#8293=DIRECTION('center_axis',(0.,-1.,0.));
#8294=DIRECTION('ref_axis',(1.,0.,0.));
#8295=DIRECTION('center_axis',(0.,-1.,0.));
#8296=DIRECTION('ref_axis',(1.,0.,0.));
#8297=DIRECTION('',(-1.,0.,0.));
#8298=DIRECTION('center_axis',(0.,-1.,0.));
#8299=DIRECTION('ref_axis',(1.,0.,0.));
#8300=DIRECTION('center_axis',(0.,-1.,0.));
#8301=DIRECTION('ref_axis',(1.,0.,0.));
#8302=DIRECTION('center_axis',(0.,-1.,0.));
#8303=DIRECTION('ref_axis',(1.,0.,0.));
#8304=DIRECTION('',(0.707106781186547,0.707106781186548,8.65956056235493E-17));
#8305=DIRECTION('center_axis',(0.,1.,0.));
#8306=DIRECTION('ref_axis',(0.,0.,1.));
#8307=DIRECTION('',(9.86864910777917E-16,0.,-1.));
#8308=DIRECTION('center_axis',(0.,-1.,0.));
#8309=DIRECTION('ref_axis',(1.,0.,0.));
#8310=DIRECTION('',(1.,0.,0.));
#8311=DIRECTION('center_axis',(0.,-1.,0.));
#8312=DIRECTION('ref_axis',(1.,0.,0.));
#8313=DIRECTION('center_axis',(0.,-1.,0.));
#8314=DIRECTION('ref_axis',(1.,0.,0.));
#8315=DIRECTION('',(-2.46716227694479E-16,0.,1.));
#8316=DIRECTION('center_axis',(0.,-1.,0.));
#8317=DIRECTION('ref_axis',(1.,0.,0.));
#8318=DIRECTION('center_axis',(0.,-1.,0.));
#8319=DIRECTION('ref_axis',(1.,0.,0.));
#8320=DIRECTION('',(-1.,0.,0.));
#8321=DIRECTION('center_axis',(0.,-1.,0.));
#8322=DIRECTION('ref_axis',(1.,0.,0.));
#8323=DIRECTION('center_axis',(0.,-1.,0.));
#8324=DIRECTION('ref_axis',(1.,0.,0.));
#8325=DIRECTION('',(0.707106781186548,0.707106781186547,8.65956056235494E-17));
#8326=DIRECTION('center_axis',(0.,1.,0.));
#8327=DIRECTION('ref_axis',(0.,0.,1.));
#8328=DIRECTION('',(0.707106781186548,0.,0.707106781186548));
#8329=DIRECTION('',(1.,0.,0.));
#8330=DIRECTION('',(-1.,0.,0.));
#8331=DIRECTION('',(-0.707106781186548,0.,0.707106781186548));
#8332=DIRECTION('center_axis',(0.,1.,0.));
#8333=DIRECTION('ref_axis',(1.,0.,0.));
#8334=DIRECTION('',(0.,1.,0.));
#8335=DIRECTION('center_axis',(0.,1.,0.));
#8336=DIRECTION('ref_axis',(1.,0.,0.));
#8337=DIRECTION('center_axis',(0.,1.,0.));
#8338=DIRECTION('ref_axis',(1.,0.,0.));
#8339=DIRECTION('',(0.,1.,0.));
#8340=DIRECTION('center_axis',(0.,1.,0.));
#8341=DIRECTION('ref_axis',(1.,0.,0.));
#8342=DIRECTION('center_axis',(0.,1.,0.));
#8343=DIRECTION('ref_axis',(1.,0.,0.));
#8344=DIRECTION('',(0.,1.,0.));
#8345=DIRECTION('center_axis',(0.,1.,0.));
#8346=DIRECTION('ref_axis',(1.,0.,0.));
#8347=DIRECTION('center_axis',(0.,1.,0.));
#8348=DIRECTION('ref_axis',(1.,0.,0.));
#8349=DIRECTION('',(0.,1.,0.));
#8350=DIRECTION('center_axis',(0.,1.,0.));
#8351=DIRECTION('ref_axis',(1.,0.,0.));
#8352=DIRECTION('center_axis',(0.,1.,0.));
#8353=DIRECTION('ref_axis',(1.,0.,0.));
#8354=DIRECTION('',(0.,1.,0.));
#8355=DIRECTION('center_axis',(0.,-1.,0.));
#8356=DIRECTION('ref_axis',(0.,0.,-1.));
#8357=DIRECTION('center_axis',(0.,-1.,0.));
#8358=DIRECTION('ref_axis',(1.,0.,0.));
#8359=DIRECTION('',(-1.,0.,0.));
#8360=DIRECTION('',(-0.707106781186548,0.,0.707106781186548));
#8361=DIRECTION('',(-9.86864910777917E-16,0.,1.));
#8362=DIRECTION('center_axis',(0.,-1.,0.));
#8363=DIRECTION('ref_axis',(0.,0.,-1.));
#8364=DIRECTION('center_axis',(0.,-1.,0.));
#8365=DIRECTION('ref_axis',(1.,0.,0.));
#8366=DIRECTION('',(0.,0.,-1.));
#8367=DIRECTION('',(-0.707106781186548,0.,-0.707106781186548));
#8368=DIRECTION('',(-1.,0.,0.));
#8369=DIRECTION('center_axis',(0.,-1.,0.));
#8370=DIRECTION('ref_axis',(0.,0.,-1.));
#8371=DIRECTION('center_axis',(0.,-1.,0.));
#8372=DIRECTION('ref_axis',(1.,0.,0.));
#8373=DIRECTION('',(1.,0.,0.));
#8374=DIRECTION('',(0.707106781186548,0.,-0.707106781186548));
#8375=DIRECTION('',(0.,0.,-1.));
#8376=DIRECTION('center_axis',(0.,-1.,0.));
#8377=DIRECTION('ref_axis',(0.,0.,-1.));
#8378=DIRECTION('center_axis',(0.,-1.,0.));
#8379=DIRECTION('ref_axis',(1.,0.,0.));
#8380=DIRECTION('',(-9.86864910777917E-16,0.,1.));
#8381=DIRECTION('',(0.707106781186548,0.,0.707106781186548));
#8382=DIRECTION('',(1.,0.,0.));
#8383=DIRECTION('center_axis',(0.707106781186548,0.,0.707106781186548));
#8384=DIRECTION('ref_axis',(-0.707106781186548,0.,0.707106781186548));
#8385=DIRECTION('',(0.,-1.,0.));
#8386=DIRECTION('',(-0.707106781186548,0.,0.707106781186548));
#8387=DIRECTION('',(0.,-1.,0.));
#8388=DIRECTION('center_axis',(1.,0.,9.86864910777917E-16));
#8389=DIRECTION('ref_axis',(-9.86864910777917E-16,0.,1.));
#8390=DIRECTION('',(-9.86864910777917E-16,0.,1.));
#8391=DIRECTION('',(0.,-1.,0.));
#8392=DIRECTION('center_axis',(0.707106781186548,0.,-0.707106781186548));
#8393=DIRECTION('ref_axis',(0.707106781186548,0.,0.707106781186548));
#8394=DIRECTION('',(0.707106781186548,0.,0.707106781186548));
#8395=DIRECTION('',(0.,-1.,0.));
#8396=DIRECTION('center_axis',(0.,0.,-1.));
#8397=DIRECTION('ref_axis',(1.,0.,0.));
#8398=DIRECTION('',(-1.,0.,0.));
#8399=DIRECTION('',(1.,0.,0.));
#8400=DIRECTION('',(0.,-1.,0.));
#8401=DIRECTION('center_axis',(-0.707106781186548,0.,-0.707106781186548));
#8402=DIRECTION('ref_axis',(0.707106781186548,0.,-0.707106781186548));
#8403=DIRECTION('',(0.707106781186548,0.,-0.707106781186548));
#8404=DIRECTION('',(0.,-1.,0.));
#8405=DIRECTION('center_axis',(-1.,0.,0.));
#8406=DIRECTION('ref_axis',(0.,0.,-1.));
#8407=DIRECTION('',(0.,0.,-1.));
#8408=DIRECTION('',(0.,-1.,0.));
#8409=DIRECTION('center_axis',(-0.707106781186548,0.,0.707106781186548));
#8410=DIRECTION('ref_axis',(-0.707106781186548,0.,-0.707106781186548));
#8411=DIRECTION('',(-0.707106781186548,0.,-0.707106781186548));
#8412=DIRECTION('',(0.,-1.,0.));
#8413=DIRECTION('center_axis',(0.,0.,1.));
#8414=DIRECTION('ref_axis',(-1.,0.,0.));
#8415=DIRECTION('',(1.,0.,0.));
#8416=DIRECTION('',(-1.,0.,0.));
#8417=DIRECTION('center_axis',(0.,-1.,0.));
#8418=DIRECTION('ref_axis',(0.,0.,-1.));
#8419=DIRECTION('center_axis',(0.,-1.,0.));
#8420=DIRECTION('ref_axis',(0.,0.,-1.));
#8421=DIRECTION('center_axis',(0.,-1.,0.));
#8422=DIRECTION('ref_axis',(1.,0.,0.));
#8423=DIRECTION('',(-1.,0.,0.));
#8424=DIRECTION('',(-0.707106781186548,0.,0.707106781186548));
#8425=DIRECTION('',(0.,0.,1.));
#8426=DIRECTION('center_axis',(0.,-1.,0.));
#8427=DIRECTION('ref_axis',(0.,0.,-1.));
#8428=DIRECTION('center_axis',(0.,-1.,0.));
#8429=DIRECTION('ref_axis',(1.,0.,0.));
#8430=DIRECTION('',(0.,0.,-1.));
#8431=DIRECTION('',(-0.707106781186548,0.,-0.707106781186548));
#8432=DIRECTION('',(-1.,0.,0.));
#8433=DIRECTION('center_axis',(0.,-1.,0.));
#8434=DIRECTION('ref_axis',(0.,0.,-1.));
#8435=DIRECTION('center_axis',(0.,-1.,0.));
#8436=DIRECTION('ref_axis',(1.,0.,0.));
#8437=DIRECTION('',(0.,0.,1.));
#8438=DIRECTION('',(0.707106781186548,0.,0.707106781186548));
#8439=DIRECTION('',(1.,0.,0.));
#8440=DIRECTION('center_axis',(0.707106781186548,0.,0.707106781186548));
#8441=DIRECTION('ref_axis',(-0.707106781186548,0.,0.707106781186548));
#8442=DIRECTION('',(0.,-1.,0.));
#8443=DIRECTION('',(0.,-1.,0.));
#8444=DIRECTION('center_axis',(1.,0.,0.));
#8445=DIRECTION('ref_axis',(0.,0.,1.));
#8446=DIRECTION('',(0.,0.,-1.));
#8447=DIRECTION('',(0.,-1.,0.));
#8448=DIRECTION('center_axis',(0.707106781186548,0.,-0.707106781186548));
#8449=DIRECTION('ref_axis',(0.707106781186548,0.,0.707106781186548));
#8450=DIRECTION('',(0.,-1.,0.));
#8451=DIRECTION('center_axis',(0.,0.,-1.));
#8452=DIRECTION('ref_axis',(1.,0.,0.));
#8453=DIRECTION('center_axis',(-1.,0.,0.));
#8454=DIRECTION('ref_axis',(0.,0.,-1.));
#8455=DIRECTION('',(0.,-1.,0.));
#8456=DIRECTION('center_axis',(-0.707106781186548,0.,0.707106781186548));
#8457=DIRECTION('ref_axis',(-0.707106781186548,0.,-0.707106781186548));
#8458=DIRECTION('',(0.,-1.,0.));
#8459=DIRECTION('center_axis',(0.,0.,1.));
#8460=DIRECTION('ref_axis',(-1.,0.,0.));
#8461=DIRECTION('center_axis',(0.,-1.,0.));
#8462=DIRECTION('ref_axis',(0.,0.,-1.));
#8463=DIRECTION('center_axis',(0.,-1.,0.));
#8464=DIRECTION('ref_axis',(1.,0.,0.));
#8465=DIRECTION('',(-1.,0.,0.));
#8466=DIRECTION('',(-0.707106781186548,0.,0.707106781186548));
#8467=DIRECTION('',(-1.97372982155583E-15,0.,1.));
#8468=DIRECTION('center_axis',(0.,-1.,0.));
#8469=DIRECTION('ref_axis',(0.,0.,-1.));
#8470=DIRECTION('center_axis',(0.,-1.,0.));
#8471=DIRECTION('ref_axis',(1.,0.,0.));
#8472=DIRECTION('',(0.,0.,-1.));
#8473=DIRECTION('',(-0.707106781186546,0.,-0.707106781186549));
#8474=DIRECTION('',(-1.,0.,0.));
#8475=DIRECTION('center_axis',(0.,-1.,0.));
#8476=DIRECTION('ref_axis',(0.,0.,-1.));
#8477=DIRECTION('center_axis',(0.,-1.,0.));
#8478=DIRECTION('ref_axis',(1.,0.,0.));
#8479=DIRECTION('',(1.,0.,0.));
#8480=DIRECTION('',(0.707106781186548,0.,-0.707106781186548));
#8481=DIRECTION('',(0.,0.,-1.));
#8482=DIRECTION('center_axis',(0.,-1.,0.));
#8483=DIRECTION('ref_axis',(0.,0.,-1.));
#8484=DIRECTION('center_axis',(0.,-1.,0.));
#8485=DIRECTION('ref_axis',(1.,0.,0.));
#8486=DIRECTION('',(-1.97372982155583E-15,0.,1.));
#8487=DIRECTION('',(0.707106781186548,0.,0.707106781186548));
#8488=DIRECTION('',(1.,0.,0.));
#8489=DIRECTION('center_axis',(0.707106781186548,0.,0.707106781186548));
#8490=DIRECTION('ref_axis',(-0.707106781186548,0.,0.707106781186548));
#8491=DIRECTION('',(0.,-1.,0.));
#8492=DIRECTION('',(-0.707106781186548,0.,0.707106781186548));
#8493=DIRECTION('',(0.,-1.,0.));
#8494=DIRECTION('center_axis',(1.,0.,1.97372982155583E-15));
#8495=DIRECTION('ref_axis',(-1.97372982155583E-15,0.,1.));
#8496=DIRECTION('',(-1.97372982155583E-15,0.,1.));
#8497=DIRECTION('',(0.,-1.,0.));
#8498=DIRECTION('center_axis',(0.707106781186548,0.,-0.707106781186548));
#8499=DIRECTION('ref_axis',(0.707106781186548,0.,0.707106781186548));
#8500=DIRECTION('',(0.707106781186548,0.,0.707106781186548));
#8501=DIRECTION('',(0.,-1.,0.));
#8502=DIRECTION('center_axis',(0.,0.,-1.));
#8503=DIRECTION('ref_axis',(1.,0.,0.));
#8504=DIRECTION('',(-1.,0.,0.));
#8505=DIRECTION('',(1.,0.,0.));
#8506=DIRECTION('',(0.,-1.,0.));
#8507=DIRECTION('center_axis',(-0.707106781186548,0.,-0.707106781186548));
#8508=DIRECTION('ref_axis',(0.707106781186548,0.,-0.707106781186548));
#8509=DIRECTION('',(0.707106781186548,0.,-0.707106781186548));
#8510=DIRECTION('',(0.,-1.,0.));
#8511=DIRECTION('center_axis',(-1.,0.,0.));
#8512=DIRECTION('ref_axis',(0.,0.,-1.));
#8513=DIRECTION('',(0.,0.,-1.));
#8514=DIRECTION('',(0.,-1.,0.));
#8515=DIRECTION('center_axis',(-0.707106781186549,0.,0.707106781186546));
#8516=DIRECTION('ref_axis',(-0.707106781186546,0.,-0.707106781186549));
#8517=DIRECTION('',(-0.707106781186546,0.,-0.707106781186549));
#8518=DIRECTION('',(0.,-1.,0.));
#8519=DIRECTION('center_axis',(0.,0.,1.));
#8520=DIRECTION('ref_axis',(-1.,0.,0.));
#8521=DIRECTION('',(1.,0.,0.));
#8522=DIRECTION('',(-1.,0.,0.));
#8523=DIRECTION('center_axis',(0.,-1.,0.));
#8524=DIRECTION('ref_axis',(0.,0.,-1.));
#8525=DIRECTION('center_axis',(0.,-1.,0.));
#8526=DIRECTION('ref_axis',(0.,0.,-1.));
#8527=DIRECTION('center_axis',(0.,-1.,0.));
#8528=DIRECTION('ref_axis',(1.,0.,0.));
#8529=DIRECTION('',(-1.,0.,0.));
#8530=DIRECTION('',(-0.707106781186548,0.,0.707106781186548));
#8531=DIRECTION('',(-9.86864910777917E-16,0.,1.));
#8532=DIRECTION('center_axis',(0.,-1.,0.));
#8533=DIRECTION('ref_axis',(0.,0.,-1.));
#8534=DIRECTION('center_axis',(0.,-1.,0.));
#8535=DIRECTION('ref_axis',(1.,0.,0.));
#8536=DIRECTION('',(0.,0.,-1.));
#8537=DIRECTION('',(-0.707106781186547,0.,-0.707106781186548));
#8538=DIRECTION('',(-1.,0.,0.));
#8539=DIRECTION('center_axis',(0.,-1.,0.));
#8540=DIRECTION('ref_axis',(0.,0.,-1.));
#8541=DIRECTION('center_axis',(0.,-1.,0.));
#8542=DIRECTION('ref_axis',(1.,0.,0.));
#8543=DIRECTION('',(1.,0.,0.));
#8544=DIRECTION('',(0.707106781186548,0.,-0.707106781186548));
#8545=DIRECTION('',(0.,0.,-1.));
#8546=DIRECTION('center_axis',(0.,-1.,0.));
#8547=DIRECTION('ref_axis',(0.,0.,-1.));
#8548=DIRECTION('center_axis',(0.,-1.,0.));
#8549=DIRECTION('ref_axis',(1.,0.,0.));
#8550=DIRECTION('',(-9.86864910777917E-16,0.,1.));
#8551=DIRECTION('',(0.707106781186548,0.,0.707106781186548));
#8552=DIRECTION('',(1.,0.,0.));
#8553=DIRECTION('center_axis',(0.707106781186548,0.,0.707106781186548));
#8554=DIRECTION('ref_axis',(-0.707106781186548,0.,0.707106781186548));
#8555=DIRECTION('',(0.,-1.,0.));
#8556=DIRECTION('',(-0.707106781186548,0.,0.707106781186548));
#8557=DIRECTION('',(0.,-1.,0.));
#8558=DIRECTION('center_axis',(1.,0.,9.86864910777917E-16));
#8559=DIRECTION('ref_axis',(-9.86864910777917E-16,0.,1.));
#8560=DIRECTION('',(9.86864910777917E-16,0.,-1.));
#8561=DIRECTION('',(-9.86864910777917E-16,0.,1.));
#8562=DIRECTION('',(0.,-1.,0.));
#8563=DIRECTION('center_axis',(0.707106781186548,0.,-0.707106781186548));
#8564=DIRECTION('ref_axis',(0.707106781186548,0.,0.707106781186548));
#8565=DIRECTION('',(0.707106781186548,0.,0.707106781186548));
#8566=DIRECTION('',(0.,-1.,0.));
#8567=DIRECTION('center_axis',(0.,0.,-1.));
#8568=DIRECTION('ref_axis',(1.,0.,0.));
#8569=DIRECTION('',(-1.,0.,0.));
#8570=DIRECTION('',(1.,0.,0.));
#8571=DIRECTION('',(0.,-1.,0.));
#8572=DIRECTION('center_axis',(-0.707106781186548,0.,-0.707106781186548));
#8573=DIRECTION('ref_axis',(0.707106781186548,0.,-0.707106781186548));
#8574=DIRECTION('',(0.707106781186548,0.,-0.707106781186548));
#8575=DIRECTION('',(0.,-1.,0.));
#8576=DIRECTION('center_axis',(-1.,0.,0.));
#8577=DIRECTION('ref_axis',(0.,0.,-1.));
#8578=DIRECTION('',(0.,0.,1.));
#8579=DIRECTION('',(0.,0.,-1.));
#8580=DIRECTION('',(0.,-1.,0.));
#8581=DIRECTION('center_axis',(-0.707106781186548,0.,0.707106781186547));
#8582=DIRECTION('ref_axis',(-0.707106781186547,0.,-0.707106781186548));
#8583=DIRECTION('',(-0.707106781186547,0.,-0.707106781186548));
#8584=DIRECTION('',(0.,-1.,0.));
#8585=DIRECTION('center_axis',(0.,0.,1.));
#8586=DIRECTION('ref_axis',(-1.,0.,0.));
#8587=DIRECTION('',(1.,0.,0.));
#8588=DIRECTION('',(-1.,0.,0.));
#8589=DIRECTION('center_axis',(0.,-1.,0.));
#8590=DIRECTION('ref_axis',(0.,0.,-1.));
#8591=DIRECTION('center_axis',(0.,-1.,0.));
#8592=DIRECTION('ref_axis',(0.,0.,-1.));
#8593=DIRECTION('center_axis',(0.,-1.,0.));
#8594=DIRECTION('ref_axis',(1.,0.,0.));
#8595=DIRECTION('',(-1.,0.,0.));
#8596=DIRECTION('',(-0.707106781186548,0.,0.707106781186548));
#8597=DIRECTION('',(-9.86864910777916E-16,0.,1.));
#8598=DIRECTION('center_axis',(0.,-1.,0.));
#8599=DIRECTION('ref_axis',(0.,0.,-1.));
#8600=DIRECTION('center_axis',(0.,-1.,0.));
#8601=DIRECTION('ref_axis',(1.,0.,0.));
#8602=DIRECTION('',(0.,0.,-1.));
#8603=DIRECTION('',(-0.707106781186548,0.,-0.707106781186548));
#8604=DIRECTION('',(-1.,0.,0.));
#8605=DIRECTION('center_axis',(0.,-1.,0.));
#8606=DIRECTION('ref_axis',(0.,0.,-1.));
#8607=DIRECTION('center_axis',(0.,-1.,0.));
#8608=DIRECTION('ref_axis',(1.,0.,0.));
#8609=DIRECTION('',(-1.,0.,0.));
#8610=DIRECTION('',(-0.707106781186547,0.,0.707106781186548));
#8611=DIRECTION('',(-1.97372982155583E-15,0.,1.));
#8612=DIRECTION('center_axis',(0.,-1.,0.));
#8613=DIRECTION('ref_axis',(0.,0.,-1.));
#8614=DIRECTION('center_axis',(0.,-1.,0.));
#8615=DIRECTION('ref_axis',(1.,0.,0.));
#8616=DIRECTION('',(0.,0.,-1.));
#8617=DIRECTION('',(-0.707106781186547,0.,-0.707106781186548));
#8618=DIRECTION('',(-1.,0.,0.));
#8619=DIRECTION('center_axis',(0.,-1.,0.));
#8620=DIRECTION('ref_axis',(0.,0.,-1.));
#8621=DIRECTION('center_axis',(0.,-1.,0.));
#8622=DIRECTION('ref_axis',(1.,0.,0.));
#8623=DIRECTION('',(-1.,0.,0.));
#8624=DIRECTION('',(-0.707106781186547,0.,0.707106781186548));
#8625=DIRECTION('',(-1.97372982155583E-15,0.,1.));
#8626=DIRECTION('center_axis',(0.,-1.,0.));
#8627=DIRECTION('ref_axis',(0.,0.,-1.));
#8628=DIRECTION('center_axis',(0.,-1.,0.));
#8629=DIRECTION('ref_axis',(1.,0.,0.));
#8630=DIRECTION('',(0.,0.,1.));
#8631=DIRECTION('',(0.707106781186548,0.,0.707106781186548));
#8632=DIRECTION('',(1.,0.,0.));
#8633=DIRECTION('center_axis',(0.,-1.,0.));
#8634=DIRECTION('ref_axis',(0.,0.,-1.));
#8635=DIRECTION('center_axis',(0.,-1.,0.));
#8636=DIRECTION('ref_axis',(1.,0.,0.));
#8637=DIRECTION('',(-1.,0.,0.));
#8638=DIRECTION('',(-0.707106781186548,0.,0.707106781186548));
#8639=DIRECTION('',(0.,0.,1.));
#8640=DIRECTION('center_axis',(0.,-1.,0.));
#8641=DIRECTION('ref_axis',(0.,0.,-1.));
#8642=DIRECTION('center_axis',(0.,-1.,0.));
#8643=DIRECTION('ref_axis',(1.,0.,0.));
#8644=DIRECTION('',(-1.97372982155583E-15,0.,1.));
#8645=DIRECTION('',(0.707106781186548,0.,0.707106781186548));
#8646=DIRECTION('',(1.,0.,0.));
#8647=DIRECTION('center_axis',(0.,-1.,0.));
#8648=DIRECTION('ref_axis',(0.,0.,-1.));
#8649=DIRECTION('center_axis',(0.,-1.,0.));
#8650=DIRECTION('ref_axis',(1.,0.,0.));
#8651=DIRECTION('',(-1.,0.,0.));
#8652=DIRECTION('',(-0.707106781186548,0.,0.707106781186548));
#8653=DIRECTION('',(-1.97372982155583E-15,0.,1.));
#8654=DIRECTION('center_axis',(0.,-1.,0.));
#8655=DIRECTION('ref_axis',(0.,0.,-1.));
#8656=DIRECTION('center_axis',(0.,-1.,0.));
#8657=DIRECTION('ref_axis',(1.,0.,0.));
#8658=DIRECTION('',(-1.97372982155583E-15,0.,1.));
#8659=DIRECTION('',(0.707106781186548,0.,0.707106781186548));
#8660=DIRECTION('',(1.,0.,0.));
#8661=DIRECTION('center_axis',(0.,-1.,0.));
#8662=DIRECTION('ref_axis',(0.,0.,-1.));
#8663=DIRECTION('center_axis',(0.,-1.,0.));
#8664=DIRECTION('ref_axis',(1.,0.,0.));
#8665=DIRECTION('',(1.,0.,0.));
#8666=DIRECTION('',(0.707106781186548,0.,-0.707106781186548));
#8667=DIRECTION('',(0.,0.,-1.));
#8668=DIRECTION('center_axis',(0.,-1.,0.));
#8669=DIRECTION('ref_axis',(0.,0.,-1.));
#8670=DIRECTION('center_axis',(0.,-1.,0.));
#8671=DIRECTION('ref_axis',(1.,0.,0.));
#8672=DIRECTION('',(-1.97372982155583E-15,0.,1.));
#8673=DIRECTION('',(0.707106781186548,0.,0.707106781186548));
#8674=DIRECTION('',(1.,0.,0.));
#8675=DIRECTION('center_axis',(0.,-1.,0.));
#8676=DIRECTION('ref_axis',(0.,0.,-1.));
#8677=DIRECTION('center_axis',(0.,-1.,0.));
#8678=DIRECTION('ref_axis',(1.,0.,0.));
#8679=DIRECTION('',(1.,0.,0.));
#8680=DIRECTION('',(0.707106781186548,0.,-0.707106781186548));
#8681=DIRECTION('',(0.,0.,-1.));
#8682=DIRECTION('center_axis',(0.,-1.,0.));
#8683=DIRECTION('ref_axis',(0.,0.,-1.));
#8684=DIRECTION('center_axis',(0.,-1.,0.));
#8685=DIRECTION('ref_axis',(1.,0.,0.));
#8686=DIRECTION('',(-9.86864910777917E-16,0.,1.));
#8687=DIRECTION('',(0.707106781186548,0.,0.707106781186548));
#8688=DIRECTION('',(1.,0.,0.));
#8689=DIRECTION('center_axis',(0.,-1.,0.));
#8690=DIRECTION('ref_axis',(0.,0.,-1.));
#8691=DIRECTION('center_axis',(0.,-1.,0.));
#8692=DIRECTION('ref_axis',(1.,0.,0.));
#8693=DIRECTION('',(1.,0.,0.));
#8694=DIRECTION('',(0.707106781186548,0.,-0.707106781186548));
#8695=DIRECTION('',(0.,0.,-1.));
#8696=DIRECTION('center_axis',(0.,-1.,0.));
#8697=DIRECTION('ref_axis',(0.,0.,-1.));
#8698=DIRECTION('center_axis',(0.,-1.,0.));
#8699=DIRECTION('ref_axis',(1.,0.,0.));
#8700=DIRECTION('',(-1.2335811384724E-15,0.,1.));
#8701=DIRECTION('',(0.707106781186548,0.,0.707106781186548));
#8702=DIRECTION('',(1.,0.,0.));
#8703=DIRECTION('center_axis',(0.,-1.,0.));
#8704=DIRECTION('ref_axis',(0.,0.,-1.));
#8705=DIRECTION('center_axis',(0.,-1.,0.));
#8706=DIRECTION('ref_axis',(1.,0.,0.));
#8707=DIRECTION('',(1.,0.,0.));
#8708=DIRECTION('',(0.707106781186547,0.,-0.707106781186548));
#8709=DIRECTION('',(2.46716227694479E-16,0.,-1.));
#8710=DIRECTION('center_axis',(0.,-1.,0.));
#8711=DIRECTION('ref_axis',(0.,0.,-1.));
#8712=DIRECTION('center_axis',(0.,-1.,0.));
#8713=DIRECTION('ref_axis',(1.,0.,0.));
#8714=DIRECTION('',(2.46716227694479E-16,0.,-1.));
#8715=DIRECTION('',(-0.707106781186547,0.,-0.707106781186548));
#8716=DIRECTION('',(-1.,0.,0.));
#8717=DIRECTION('center_axis',(0.,-1.,0.));
#8718=DIRECTION('ref_axis',(0.,0.,-1.));
#8719=DIRECTION('center_axis',(0.,-1.,0.));
#8720=DIRECTION('ref_axis',(1.,0.,0.));
#8721=DIRECTION('',(1.,0.,0.));
#8722=DIRECTION('',(0.707106781186547,0.,-0.707106781186548));
#8723=DIRECTION('',(2.46716227694479E-16,0.,-1.));
#8724=DIRECTION('center_axis',(0.,-1.,0.));
#8725=DIRECTION('ref_axis',(0.,0.,-1.));
#8726=DIRECTION('center_axis',(0.,-1.,0.));
#8727=DIRECTION('ref_axis',(1.,0.,0.));
#8728=DIRECTION('',(2.46716227694479E-16,0.,-1.));
#8729=DIRECTION('',(-0.707106781186547,0.,-0.707106781186548));
#8730=DIRECTION('',(-1.,0.,0.));
#8731=DIRECTION('center_axis',(0.,-1.,0.));
#8732=DIRECTION('ref_axis',(0.,0.,-1.));
#8733=DIRECTION('center_axis',(0.,-1.,0.));
#8734=DIRECTION('ref_axis',(1.,0.,0.));
#8735=DIRECTION('',(1.,0.,0.));
#8736=DIRECTION('',(0.707106781186547,0.,-0.707106781186548));
#8737=DIRECTION('',(2.46716227694479E-16,0.,-1.));
#8738=DIRECTION('center_axis',(0.,-1.,0.));
#8739=DIRECTION('ref_axis',(0.,0.,-1.));
#8740=DIRECTION('center_axis',(0.,-1.,0.));
#8741=DIRECTION('ref_axis',(1.,0.,0.));
#8742=DIRECTION('',(2.46716227694479E-16,0.,-1.));
#8743=DIRECTION('',(-0.707106781186547,0.,-0.707106781186548));
#8744=DIRECTION('',(-1.,0.,0.));
#8745=DIRECTION('center_axis',(0.,-1.,0.));
#8746=DIRECTION('ref_axis',(0.,0.,-1.));
#8747=DIRECTION('center_axis',(0.,-1.,0.));
#8748=DIRECTION('ref_axis',(1.,0.,0.));
#8749=DIRECTION('',(1.,0.,0.));
#8750=DIRECTION('',(0.707106781186547,0.,-0.707106781186548));
#8751=DIRECTION('',(2.46716227694479E-16,0.,-1.));
#8752=DIRECTION('center_axis',(0.,-1.,0.));
#8753=DIRECTION('ref_axis',(0.,0.,-1.));
#8754=DIRECTION('center_axis',(0.,-1.,0.));
#8755=DIRECTION('ref_axis',(1.,0.,0.));
#8756=DIRECTION('',(2.46716227694479E-16,0.,-1.));
#8757=DIRECTION('',(-0.707106781186547,0.,-0.707106781186548));
#8758=DIRECTION('',(-1.,0.,0.));
#8759=DIRECTION('center_axis',(0.,-1.,0.));
#8760=DIRECTION('ref_axis',(0.,0.,-1.));
#8761=DIRECTION('center_axis',(0.,-1.,0.));
#8762=DIRECTION('ref_axis',(1.,0.,0.));
#8763=DIRECTION('',(-1.,0.,0.));
#8764=DIRECTION('',(-0.707106781186548,0.,0.707106781186547));
#8765=DIRECTION('',(-1.2335811384724E-15,0.,1.));
#8766=DIRECTION('center_axis',(0.,-1.,0.));
#8767=DIRECTION('ref_axis',(0.,0.,-1.));
#8768=DIRECTION('center_axis',(0.,-1.,0.));
#8769=DIRECTION('ref_axis',(1.,0.,0.));
#8770=DIRECTION('',(0.,0.,-1.));
#8771=DIRECTION('',(-0.707106781186547,0.,-0.707106781186548));
#8772=DIRECTION('',(-1.,0.,0.));
#8773=DIRECTION('center_axis',(0.,0.,1.));
#8774=DIRECTION('ref_axis',(-1.,0.,0.));
#8775=DIRECTION('',(0.,-1.,0.));
#8776=DIRECTION('',(0.,-1.,0.));
#8777=DIRECTION('center_axis',(0.707106781186548,0.,0.707106781186548));
#8778=DIRECTION('ref_axis',(-0.707106781186548,0.,0.707106781186548));
#8779=DIRECTION('',(0.,-1.,0.));
#8780=DIRECTION('center_axis',(1.,0.,1.97372982155583E-15));
#8781=DIRECTION('ref_axis',(-1.97372982155583E-15,0.,1.));
#8782=DIRECTION('',(0.,-1.,0.));
#8783=DIRECTION('center_axis',(0.707106781186548,0.,-0.707106781186548));
#8784=DIRECTION('ref_axis',(0.707106781186548,0.,0.707106781186548));
#8785=DIRECTION('',(0.,-1.,0.));
#8786=DIRECTION('center_axis',(0.,0.,-1.));
#8787=DIRECTION('ref_axis',(1.,0.,0.));
#8788=DIRECTION('',(0.,-1.,0.));
#8789=DIRECTION('center_axis',(0.,0.,1.));
#8790=DIRECTION('ref_axis',(-1.,0.,0.));
#8791=DIRECTION('',(0.,-1.,0.));
#8792=DIRECTION('',(0.,-1.,0.));
#8793=DIRECTION('center_axis',(0.707106781186548,0.,0.707106781186548));
#8794=DIRECTION('ref_axis',(-0.707106781186548,0.,0.707106781186548));
#8795=DIRECTION('',(0.,-1.,0.));
#8796=DIRECTION('center_axis',(1.,0.,0.));
#8797=DIRECTION('ref_axis',(0.,0.,1.));
#8798=DIRECTION('center_axis',(0.707106781186548,0.,-0.707106781186548));
#8799=DIRECTION('ref_axis',(0.707106781186548,0.,0.707106781186548));
#8800=DIRECTION('',(0.,-1.,0.));
#8801=DIRECTION('center_axis',(0.,0.,-1.));
#8802=DIRECTION('ref_axis',(1.,0.,0.));
#8803=DIRECTION('center_axis',(0.,0.,1.));
#8804=DIRECTION('ref_axis',(-1.,0.,0.));
#8805=DIRECTION('',(0.,-1.,0.));
#8806=DIRECTION('center_axis',(0.707106781186548,0.,0.707106781186548));
#8807=DIRECTION('ref_axis',(-0.707106781186548,0.,0.707106781186548));
#8808=DIRECTION('center_axis',(1.,0.,0.));
#8809=DIRECTION('ref_axis',(0.,0.,1.));
#8810=DIRECTION('',(0.,-1.,0.));
#8811=DIRECTION('center_axis',(0.707106781186548,0.,-0.707106781186548));
#8812=DIRECTION('ref_axis',(0.707106781186548,0.,0.707106781186548));
#8813=DIRECTION('',(0.,-1.,0.));
#8814=DIRECTION('center_axis',(0.,0.,-1.));
#8815=DIRECTION('ref_axis',(1.,0.,0.));
#8816=DIRECTION('',(0.,-1.,0.));
#8817=DIRECTION('center_axis',(0.,0.,1.));
#8818=DIRECTION('ref_axis',(-1.,0.,0.));
#8819=DIRECTION('',(0.,-1.,0.));
#8820=DIRECTION('',(0.,-1.,0.));
#8821=DIRECTION('center_axis',(0.707106781186548,0.,0.707106781186547));
#8822=DIRECTION('ref_axis',(-0.707106781186547,0.,0.707106781186548));
#8823=DIRECTION('',(0.,-1.,0.));
#8824=DIRECTION('center_axis',(1.,0.,1.97372982155583E-15));
#8825=DIRECTION('ref_axis',(-1.97372982155583E-15,0.,1.));
#8826=DIRECTION('',(0.,-1.,0.));
#8827=DIRECTION('center_axis',(-1.,0.,0.));
#8828=DIRECTION('ref_axis',(0.,0.,-1.));
#8829=DIRECTION('',(0.,-1.,0.));
#8830=DIRECTION('',(0.,-1.,0.));
#8831=DIRECTION('center_axis',(-0.707106781186548,0.,0.707106781186547));
#8832=DIRECTION('ref_axis',(-0.707106781186547,0.,-0.707106781186548));
#8833=DIRECTION('',(0.,-1.,0.));
#8834=DIRECTION('center_axis',(0.,0.,1.));
#8835=DIRECTION('ref_axis',(-1.,0.,0.));
#8836=DIRECTION('',(0.,-1.,0.));
#8837=DIRECTION('center_axis',(0.707106781186548,0.,0.707106781186547));
#8838=DIRECTION('ref_axis',(-0.707106781186547,0.,0.707106781186548));
#8839=DIRECTION('',(0.,-1.,0.));
#8840=DIRECTION('center_axis',(1.,0.,1.97372982155583E-15));
#8841=DIRECTION('ref_axis',(-1.97372982155583E-15,0.,1.));
#8842=DIRECTION('',(0.,-1.,0.));
#8843=DIRECTION('center_axis',(-1.,0.,0.));
#8844=DIRECTION('ref_axis',(0.,0.,-1.));
#8845=DIRECTION('',(0.,-1.,0.));
#8846=DIRECTION('',(0.,-1.,0.));
#8847=DIRECTION('center_axis',(-0.707106781186548,0.,0.707106781186548));
#8848=DIRECTION('ref_axis',(-0.707106781186548,0.,-0.707106781186548));
#8849=DIRECTION('',(0.,-1.,0.));
#8850=DIRECTION('center_axis',(0.,0.,1.));
#8851=DIRECTION('ref_axis',(-1.,0.,0.));
#8852=DIRECTION('',(1.,0.,0.));
#8853=DIRECTION('',(0.,-1.,0.));
#8854=DIRECTION('center_axis',(0.707106781186548,0.,0.707106781186548));
#8855=DIRECTION('ref_axis',(-0.707106781186548,0.,0.707106781186548));
#8856=DIRECTION('',(0.,-1.,0.));
#8857=DIRECTION('center_axis',(1.,0.,9.86864910777916E-16));
#8858=DIRECTION('ref_axis',(-9.86864910777916E-16,0.,1.));
#8859=DIRECTION('',(0.,-1.,0.));
#8860=DIRECTION('center_axis',(-1.,0.,0.));
#8861=DIRECTION('ref_axis',(0.,0.,-1.));
#8862=DIRECTION('',(0.,-1.,0.));
#8863=DIRECTION('',(0.,-1.,0.));
#8864=DIRECTION('center_axis',(-0.707106781186548,0.,0.707106781186547));
#8865=DIRECTION('ref_axis',(-0.707106781186547,0.,-0.707106781186548));
#8866=DIRECTION('',(0.,-1.,0.));
#8867=DIRECTION('center_axis',(0.,0.,1.));
#8868=DIRECTION('ref_axis',(-1.,0.,0.));
#8869=DIRECTION('',(0.,-1.,0.));
#8870=DIRECTION('center_axis',(0.707106781186547,0.,0.707106781186548));
#8871=DIRECTION('ref_axis',(-0.707106781186548,0.,0.707106781186547));
#8872=DIRECTION('',(0.,-1.,0.));
#8873=DIRECTION('center_axis',(1.,0.,1.2335811384724E-15));
#8874=DIRECTION('ref_axis',(-1.2335811384724E-15,0.,1.));
#8875=DIRECTION('',(0.,-1.,0.));
#8876=DIRECTION('center_axis',(-1.,0.,-2.46716227694479E-16));
#8877=DIRECTION('ref_axis',(2.46716227694479E-16,0.,-1.));
#8878=DIRECTION('',(0.,-1.,0.));
#8879=DIRECTION('',(0.,-1.,0.));
#8880=DIRECTION('center_axis',(-0.707106781186548,0.,0.707106781186547));
#8881=DIRECTION('ref_axis',(-0.707106781186547,0.,-0.707106781186548));
#8882=DIRECTION('',(0.,-1.,0.));
#8883=DIRECTION('center_axis',(0.,0.,1.));
#8884=DIRECTION('ref_axis',(-1.,0.,0.));
#8885=DIRECTION('',(0.,-1.,0.));
#8886=DIRECTION('center_axis',(0.,0.,-1.));
#8887=DIRECTION('ref_axis',(1.,0.,0.));
#8888=DIRECTION('',(0.,-1.,0.));
#8889=DIRECTION('',(0.,-1.,0.));
#8890=DIRECTION('center_axis',(-0.707106781186548,0.,-0.707106781186547));
#8891=DIRECTION('ref_axis',(0.707106781186547,0.,-0.707106781186548));
#8892=DIRECTION('',(0.,-1.,0.));
#8893=DIRECTION('center_axis',(-1.,0.,-2.46716227694479E-16));
#8894=DIRECTION('ref_axis',(2.46716227694479E-16,0.,-1.));
#8895=DIRECTION('',(0.,-1.,0.));
#8896=DIRECTION('center_axis',(-0.707106781186548,0.,0.707106781186547));
#8897=DIRECTION('ref_axis',(-0.707106781186547,0.,-0.707106781186548));
#8898=DIRECTION('',(0.,-1.,0.));
#8899=DIRECTION('center_axis',(0.,0.,1.));
#8900=DIRECTION('ref_axis',(-1.,0.,0.));
#8901=DIRECTION('',(0.,-1.,0.));
#8902=DIRECTION('center_axis',(0.,0.,-1.));
#8903=DIRECTION('ref_axis',(1.,0.,0.));
#8904=DIRECTION('',(0.,-1.,0.));
#8905=DIRECTION('',(0.,-1.,0.));
#8906=DIRECTION('center_axis',(-0.707106781186548,0.,-0.707106781186547));
#8907=DIRECTION('ref_axis',(0.707106781186547,0.,-0.707106781186548));
#8908=DIRECTION('',(0.,-1.,0.));
#8909=DIRECTION('center_axis',(-1.,0.,-2.46716227694479E-16));
#8910=DIRECTION('ref_axis',(2.46716227694479E-16,0.,-1.));
#8911=DIRECTION('',(-2.46716227694479E-16,0.,1.));
#8912=DIRECTION('',(0.,-1.,0.));
#8913=DIRECTION('center_axis',(-0.707106781186548,0.,0.707106781186547));
#8914=DIRECTION('ref_axis',(-0.707106781186547,0.,-0.707106781186548));
#8915=DIRECTION('',(0.,-1.,0.));
#8916=DIRECTION('center_axis',(0.,0.,1.));
#8917=DIRECTION('ref_axis',(-1.,0.,0.));
#8918=DIRECTION('',(0.,-1.,0.));
#8919=DIRECTION('center_axis',(0.,0.,-1.));
#8920=DIRECTION('ref_axis',(1.,0.,0.));
#8921=DIRECTION('',(0.,-1.,0.));
#8922=DIRECTION('',(0.,-1.,0.));
#8923=DIRECTION('center_axis',(-0.707106781186548,0.,-0.707106781186547));
#8924=DIRECTION('ref_axis',(0.707106781186547,0.,-0.707106781186548));
#8925=DIRECTION('',(0.,-1.,0.));
#8926=DIRECTION('center_axis',(-1.,0.,-2.46716227694479E-16));
#8927=DIRECTION('ref_axis',(2.46716227694479E-16,0.,-1.));
#8928=DIRECTION('',(0.,-1.,0.));
#8929=DIRECTION('center_axis',(-0.707106781186548,0.,0.707106781186547));
#8930=DIRECTION('ref_axis',(-0.707106781186547,0.,-0.707106781186548));
#8931=DIRECTION('',(0.,-1.,0.));
#8932=DIRECTION('center_axis',(0.,0.,1.));
#8933=DIRECTION('ref_axis',(-1.,0.,0.));
#8934=DIRECTION('',(0.,-1.,0.));
#8935=DIRECTION('center_axis',(0.,0.,-1.));
#8936=DIRECTION('ref_axis',(1.,0.,0.));
#8937=DIRECTION('',(0.,-1.,0.));
#8938=DIRECTION('',(0.,-1.,0.));
#8939=DIRECTION('center_axis',(-0.707106781186548,0.,-0.707106781186547));
#8940=DIRECTION('ref_axis',(0.707106781186547,0.,-0.707106781186548));
#8941=DIRECTION('',(0.,-1.,0.));
#8942=DIRECTION('center_axis',(-1.,0.,-2.46716227694479E-16));
#8943=DIRECTION('ref_axis',(2.46716227694479E-16,0.,-1.));
#8944=DIRECTION('',(0.,-1.,0.));
#8945=DIRECTION('center_axis',(1.,0.,1.2335811384724E-15));
#8946=DIRECTION('ref_axis',(-1.2335811384724E-15,0.,1.));
#8947=DIRECTION('',(0.,-1.,0.));
#8948=DIRECTION('',(0.,-1.,0.));
#8949=DIRECTION('center_axis',(0.707106781186548,0.,-0.707106781186548));
#8950=DIRECTION('ref_axis',(0.707106781186548,0.,0.707106781186548));
#8951=DIRECTION('',(0.,-1.,0.));
#8952=DIRECTION('center_axis',(0.,0.,-1.));
#8953=DIRECTION('ref_axis',(1.,0.,0.));
#8954=DIRECTION('',(0.,-1.,0.));
#8955=DIRECTION('center_axis',(-0.707106781186548,0.,-0.707106781186548));
#8956=DIRECTION('ref_axis',(0.707106781186548,0.,-0.707106781186548));
#8957=DIRECTION('',(0.,-1.,0.));
#8958=DIRECTION('center_axis',(-1.,0.,0.));
#8959=DIRECTION('ref_axis',(0.,0.,-1.));
#8960=DIRECTION('',(0.,-1.,0.));
#8961=DIRECTION('center_axis',(1.,0.,9.86864910777917E-16));
#8962=DIRECTION('ref_axis',(-9.86864910777917E-16,0.,1.));
#8963=DIRECTION('',(0.,-1.,0.));
#8964=DIRECTION('',(0.,-1.,0.));
#8965=DIRECTION('center_axis',(0.707106781186548,0.,-0.707106781186548));
#8966=DIRECTION('ref_axis',(0.707106781186548,0.,0.707106781186548));
#8967=DIRECTION('',(0.,-1.,0.));
#8968=DIRECTION('center_axis',(0.,0.,-1.));
#8969=DIRECTION('ref_axis',(1.,0.,0.));
#8970=DIRECTION('',(-1.,0.,0.));
#8971=DIRECTION('',(0.,-1.,0.));
#8972=DIRECTION('center_axis',(-0.707106781186548,0.,-0.707106781186548));
#8973=DIRECTION('ref_axis',(0.707106781186548,0.,-0.707106781186548));
#8974=DIRECTION('',(0.,-1.,0.));
#8975=DIRECTION('center_axis',(-1.,0.,0.));
#8976=DIRECTION('ref_axis',(0.,0.,-1.));
#8977=DIRECTION('',(0.,-1.,0.));
#8978=DIRECTION('center_axis',(1.,0.,1.97372982155583E-15));
#8979=DIRECTION('ref_axis',(-1.97372982155583E-15,0.,1.));
#8980=DIRECTION('',(0.,-1.,0.));
#8981=DIRECTION('',(0.,-1.,0.));
#8982=DIRECTION('center_axis',(0.707106781186548,0.,-0.707106781186548));
#8983=DIRECTION('ref_axis',(0.707106781186548,0.,0.707106781186548));
#8984=DIRECTION('',(0.,-1.,0.));
#8985=DIRECTION('center_axis',(0.,0.,-1.));
#8986=DIRECTION('ref_axis',(1.,0.,0.));
#8987=DIRECTION('',(0.,-1.,0.));
#8988=DIRECTION('center_axis',(-0.707106781186548,0.,-0.707106781186548));
#8989=DIRECTION('ref_axis',(0.707106781186548,0.,-0.707106781186548));
#8990=DIRECTION('',(0.,-1.,0.));
#8991=DIRECTION('center_axis',(-1.,0.,0.));
#8992=DIRECTION('ref_axis',(0.,0.,-1.));
#8993=DIRECTION('',(0.,-1.,0.));
#8994=DIRECTION('center_axis',(1.,0.,1.97372982155583E-15));
#8995=DIRECTION('ref_axis',(-1.97372982155583E-15,0.,1.));
#8996=DIRECTION('',(0.,-1.,0.));
#8997=DIRECTION('',(0.,-1.,0.));
#8998=DIRECTION('center_axis',(0.707106781186548,0.,-0.707106781186548));
#8999=DIRECTION('ref_axis',(0.707106781186548,0.,0.707106781186548));
#9000=DIRECTION('',(0.,-1.,0.));
#9001=DIRECTION('center_axis',(0.,0.,-1.));
#9002=DIRECTION('ref_axis',(1.,0.,0.));
#9003=DIRECTION('',(0.,-1.,0.));
#9004=DIRECTION('center_axis',(0.,-1.,0.));
#9005=DIRECTION('ref_axis',(0.,0.,-1.));
#9006=DIRECTION('center_axis',(0.,-1.,0.));
#9007=DIRECTION('ref_axis',(1.,0.,0.));
#9008=DIRECTION('',(-1.,0.,0.));
#9009=DIRECTION('',(-0.707106781186547,0.,0.707106781186548));
#9010=DIRECTION('',(-1.2335811384724E-15,0.,1.));
#9011=DIRECTION('center_axis',(0.,-1.,0.));
#9012=DIRECTION('ref_axis',(0.,0.,-1.));
#9013=DIRECTION('center_axis',(0.,-1.,0.));
#9014=DIRECTION('ref_axis',(1.,0.,0.));
#9015=DIRECTION('',(4.93432455388958E-16,0.,-1.));
#9016=DIRECTION('',(-0.707106781186547,0.,-0.707106781186548));
#9017=DIRECTION('',(-1.,0.,0.));
#9018=DIRECTION('center_axis',(0.,-1.,0.));
#9019=DIRECTION('ref_axis',(0.,0.,-1.));
#9020=DIRECTION('center_axis',(0.,-1.,0.));
#9021=DIRECTION('ref_axis',(1.,0.,0.));
#9022=DIRECTION('',(1.,0.,0.));
#9023=DIRECTION('',(0.707106781186547,0.,-0.707106781186548));
#9024=DIRECTION('',(4.93432455388958E-16,0.,-1.));
#9025=DIRECTION('center_axis',(0.,-1.,0.));
#9026=DIRECTION('ref_axis',(0.,0.,-1.));
#9027=DIRECTION('center_axis',(0.,-1.,0.));
#9028=DIRECTION('ref_axis',(1.,0.,0.));
#9029=DIRECTION('',(-1.2335811384724E-15,0.,1.));
#9030=DIRECTION('',(0.707106781186548,0.,0.707106781186548));
#9031=DIRECTION('',(1.,0.,0.));
#9032=DIRECTION('center_axis',(0.707106781186548,0.,0.707106781186547));
#9033=DIRECTION('ref_axis',(-0.707106781186547,0.,0.707106781186548));
#9034=DIRECTION('',(0.,-1.,0.));
#9035=DIRECTION('',(-0.707106781186547,0.,0.707106781186548));
#9036=DIRECTION('',(0.,-1.,0.));
#9037=DIRECTION('center_axis',(1.,0.,1.2335811384724E-15));
#9038=DIRECTION('ref_axis',(-1.2335811384724E-15,0.,1.));
#9039=DIRECTION('',(1.2335811384724E-15,0.,-1.));
#9040=DIRECTION('',(-1.2335811384724E-15,0.,1.));
#9041=DIRECTION('',(0.,-1.,0.));
#9042=DIRECTION('center_axis',(0.707106781186548,0.,-0.707106781186548));
#9043=DIRECTION('ref_axis',(0.707106781186548,0.,0.707106781186548));
#9044=DIRECTION('',(0.707106781186548,0.,0.707106781186548));
#9045=DIRECTION('',(0.,-1.,0.));
#9046=DIRECTION('center_axis',(0.,0.,-1.));
#9047=DIRECTION('ref_axis',(1.,0.,0.));
#9048=DIRECTION('',(1.,0.,0.));
#9049=DIRECTION('',(0.,-1.,0.));
#9050=DIRECTION('center_axis',(-0.707106781186548,0.,-0.707106781186547));
#9051=DIRECTION('ref_axis',(0.707106781186547,0.,-0.707106781186548));
#9052=DIRECTION('',(0.707106781186547,0.,-0.707106781186548));
#9053=DIRECTION('',(0.,-1.,0.));
#9054=DIRECTION('center_axis',(-1.,0.,-4.93432455388958E-16));
#9055=DIRECTION('ref_axis',(4.93432455388958E-16,0.,-1.));
#9056=DIRECTION('',(-4.93432455388958E-16,0.,1.));
#9057=DIRECTION('',(4.93432455388958E-16,0.,-1.));
#9058=DIRECTION('',(0.,-1.,0.));
#9059=DIRECTION('center_axis',(-0.707106781186548,0.,0.707106781186547));
#9060=DIRECTION('ref_axis',(-0.707106781186547,0.,-0.707106781186548));
#9061=DIRECTION('',(-0.707106781186547,0.,-0.707106781186548));
#9062=DIRECTION('',(0.,-1.,0.));
#9063=DIRECTION('center_axis',(0.,0.,1.));
#9064=DIRECTION('ref_axis',(-1.,0.,0.));
#9065=DIRECTION('',(-1.,0.,0.));
#9066=DIRECTION('center_axis',(0.,-1.,0.));
#9067=DIRECTION('ref_axis',(0.,0.,-1.));
#9068=DIRECTION('center_axis',(0.,1.,0.));
#9069=DIRECTION('ref_axis',(0.,0.,1.));
#9070=DIRECTION('center_axis',(0.,-1.,0.));
#9071=DIRECTION('ref_axis',(1.,0.,0.));
#9072=DIRECTION('center_axis',(0.,-1.,0.));
#9073=DIRECTION('ref_axis',(1.,0.,0.));
#9074=DIRECTION('center_axis',(0.,1.,0.));
#9075=DIRECTION('ref_axis',(0.,0.,1.));
#9076=DIRECTION('center_axis',(0.,-1.,0.));
#9077=DIRECTION('ref_axis',(1.,0.,0.));
#9078=DIRECTION('center_axis',(0.,-1.,0.));
#9079=DIRECTION('ref_axis',(1.,0.,0.));
#9080=DIRECTION('center_axis',(0.,1.,0.));
#9081=DIRECTION('ref_axis',(0.,0.,1.));
#9082=DIRECTION('center_axis',(0.,-1.,0.));
#9083=DIRECTION('ref_axis',(1.,0.,0.));
#9084=DIRECTION('center_axis',(0.,-1.,0.));
#9085=DIRECTION('ref_axis',(1.,0.,0.));
#9086=DIRECTION('center_axis',(0.,-1.,0.));
#9087=DIRECTION('ref_axis',(1.,0.,0.));
#9088=DIRECTION('center_axis',(0.,1.,0.));
#9089=DIRECTION('ref_axis',(0.,0.,1.));
#9090=DIRECTION('center_axis',(0.,-1.,0.));
#9091=DIRECTION('ref_axis',(1.,0.,0.));
#9092=DIRECTION('center_axis',(0.,-1.,0.));
#9093=DIRECTION('ref_axis',(1.,0.,0.));
#9094=DIRECTION('center_axis',(0.,-1.,0.));
#9095=DIRECTION('ref_axis',(1.,0.,0.));
#9096=DIRECTION('center_axis',(0.,1.,0.));
#9097=DIRECTION('ref_axis',(0.,0.,1.));
#9098=DIRECTION('center_axis',(0.,-1.,0.));
#9099=DIRECTION('ref_axis',(1.,0.,0.));
#9100=DIRECTION('center_axis',(0.,-1.,0.));
#9101=DIRECTION('ref_axis',(1.,0.,0.));
#9102=DIRECTION('center_axis',(0.,1.,0.));
#9103=DIRECTION('ref_axis',(0.,0.,1.));
#9104=DIRECTION('center_axis',(0.,-1.,0.));
#9105=DIRECTION('ref_axis',(1.,0.,0.));
#9106=DIRECTION('center_axis',(0.,-1.,0.));
#9107=DIRECTION('ref_axis',(1.,0.,0.));
#9108=DIRECTION('center_axis',(0.,-1.,0.));
#9109=DIRECTION('ref_axis',(1.,0.,0.));
#9110=DIRECTION('center_axis',(0.,1.,0.));
#9111=DIRECTION('ref_axis',(0.,0.,1.));
#9112=DIRECTION('center_axis',(0.,-1.,0.));
#9113=DIRECTION('ref_axis',(1.,0.,0.));
#9114=DIRECTION('center_axis',(0.,-1.,0.));
#9115=DIRECTION('ref_axis',(1.,0.,0.));
#9116=DIRECTION('center_axis',(0.,-1.,0.));
#9117=DIRECTION('ref_axis',(1.,0.,0.));
#9118=DIRECTION('center_axis',(0.,1.,0.));
#9119=DIRECTION('ref_axis',(1.,0.,0.));
#9120=DIRECTION('',(0.,-1.,0.));
#9121=DIRECTION('center_axis',(0.,1.,0.));
#9122=DIRECTION('ref_axis',(1.,0.,0.));
#9123=DIRECTION('',(0.,-1.,0.));
#9124=DIRECTION('center_axis',(0.,1.,0.));
#9125=DIRECTION('ref_axis',(1.,0.,0.));
#9126=DIRECTION('',(0.,-1.,0.));
#9127=DIRECTION('center_axis',(0.,1.,0.));
#9128=DIRECTION('ref_axis',(1.,0.,0.));
#9129=DIRECTION('',(0.,-1.,0.));
#9130=DIRECTION('center_axis',(0.,1.,0.));
#9131=DIRECTION('ref_axis',(1.,0.,0.));
#9132=DIRECTION('',(0.,-1.,0.));
#9133=DIRECTION('center_axis',(0.,1.,0.));
#9134=DIRECTION('ref_axis',(1.,0.,0.));
#9135=DIRECTION('',(0.,-1.,0.));
#9136=DIRECTION('center_axis',(0.,1.,0.));
#9137=DIRECTION('ref_axis',(1.,0.,0.));
#9138=DIRECTION('',(0.,-1.,0.));
#9139=DIRECTION('center_axis',(0.,1.,0.));
#9140=DIRECTION('ref_axis',(1.,0.,0.));
#9141=DIRECTION('',(0.,-1.,0.));
#9142=DIRECTION('center_axis',(0.,1.,0.));
#9143=DIRECTION('ref_axis',(1.,0.,0.));
#9144=DIRECTION('',(0.,-1.,0.));
#9145=DIRECTION('center_axis',(0.,1.,0.));
#9146=DIRECTION('ref_axis',(1.,0.,0.));
#9147=DIRECTION('',(0.,-1.,0.));
#9148=DIRECTION('center_axis',(0.,1.,0.));
#9149=DIRECTION('ref_axis',(1.,0.,0.));
#9150=DIRECTION('',(0.,-1.,0.));
#9151=DIRECTION('center_axis',(0.,1.,0.));
#9152=DIRECTION('ref_axis',(1.,0.,0.));
#9153=DIRECTION('',(0.,-1.,0.));
#9154=DIRECTION('center_axis',(0.,1.,0.));
#9155=DIRECTION('ref_axis',(1.,0.,0.));
#9156=DIRECTION('',(0.,-1.,0.));
#9157=DIRECTION('center_axis',(0.,1.,0.));
#9158=DIRECTION('ref_axis',(1.,0.,0.));
#9159=DIRECTION('',(0.,-1.,0.));
#9160=DIRECTION('center_axis',(0.,1.,0.));
#9161=DIRECTION('ref_axis',(1.,0.,0.));
#9162=DIRECTION('',(0.,-1.,0.));
#9163=CARTESIAN_POINT('',(0.,0.,0.));
#9164=CARTESIAN_POINT('Origin',(-8.84675109765473,41.9292893218813,21.6972457160479));
#9165=CARTESIAN_POINT('',(-10.8760404195511,39.9,-8.81334261203491));
#9166=CARTESIAN_POINT('',(-6.81746177578815,43.9585786437627,-8.25672781778494));
#9167=CARTESIAN_POINT('Origin',(-11.5499301385756,39.2261102809657,11.1753009799298));
#9168=CARTESIAN_POINT('',(-10.8760404195495,39.9,-5.52469902007019));
#9169=CARTESIAN_POINT('',(-10.8760404195287,39.9,36.6862733479792));
#9170=CARTESIAN_POINT('',(-6.8174617757868,43.9585786437627,-5.52469902007019));
#9171=CARTESIAN_POINT('',(-15.804868188362,34.9711722311875,-5.52469902007019));
#9172=CARTESIAN_POINT('',(-6.81746177578077,43.9585786437627,6.70821808411655));
#9173=CARTESIAN_POINT('Origin',(-6.81746177578816,40.,-8.28080954781378));
#9174=CARTESIAN_POINT('',(-6.81746177578815,67.,-8.25672781778494));
#9175=CARTESIAN_POINT('',(-6.81746177578815,-2.,-8.25672781778494));
#9176=CARTESIAN_POINT('',(-6.8174617757868,67.,-5.52469902007019));
#9177=CARTESIAN_POINT('',(-6.8174617757868,20.,-5.52469902007019));
#9178=CARTESIAN_POINT('',(-6.81746177577338,67.,21.6972457160491));
#9179=CARTESIAN_POINT('Origin',(-97.2823985013829,40.,-5.62469902007017));
#9180=CARTESIAN_POINT('',(-97.2823985013829,67.,-8.2567278177801));
#9181=CARTESIAN_POINT('',(-97.2823985013829,43.9585786437627,-8.2567278177801));
#9182=CARTESIAN_POINT('',(-97.2823985013829,-2.,-8.2567278177801));
#9183=CARTESIAN_POINT('',(-97.2823985013829,67.,-5.52469902007017));
#9184=CARTESIAN_POINT('',(-97.2823985013829,67.,23.0253009799321));
#9185=CARTESIAN_POINT('',(-97.2823985013829,43.9585786437627,-5.52469902007017));
#9186=CARTESIAN_POINT('',(-97.2823985013829,20.,-5.52469902007017));
#9187=CARTESIAN_POINT('',(-97.2823985013829,43.9585786437627,8.70030097992983));
#9188=CARTESIAN_POINT('Origin',(-95.2531091795016,41.9292893218813,23.0253009799298));
#9189=CARTESIAN_POINT('',(-93.2238198576202,39.9,-8.81334261203423));
#9190=CARTESIAN_POINT('Origin',(-92.5499301385756,39.2261102809554,11.1753009799298));
#9191=CARTESIAN_POINT('',(-93.2238198576202,39.9,-5.52469902007017));
#9192=CARTESIAN_POINT('',(-59.6449920887997,6.32117223117952,-5.52469902007018));
#9193=CARTESIAN_POINT('',(-93.2238198576202,39.9,37.3503009799298));
#9194=CARTESIAN_POINT('Origin',(5.25006986142442,0.,-5.52469902007019));
#9195=CARTESIAN_POINT('',(-23.3999301385756,39.9,-5.52469902007018));
#9196=CARTESIAN_POINT('',(-23.5359025066411,67.,-5.52469902007018));
#9197=CARTESIAN_POINT('',(-77.7592056200669,44.9999999999998,-5.52469902007019));
#9198=CARTESIAN_POINT('Origin',(-79.9092056200669,44.9999999999998,-5.52469902007019));
#9199=CARTESIAN_POINT('',(-21.7592061414726,44.9999999999999,-5.52469902007019));
#9200=CARTESIAN_POINT('Origin',(-23.9092061414726,44.9999999999999,-5.52469902007019));
#9201=CARTESIAN_POINT('Origin',(-52.0499301385756,39.9,51.6753009799298));
#9202=CARTESIAN_POINT('',(-11.5499301385756,39.9,-8.82469902007017));
#9203=CARTESIAN_POINT('Origin',(-11.5499301385756,39.9,11.1753009799298));
#9204=CARTESIAN_POINT('',(-92.5499301385756,39.9,-8.82469902007017));
#9205=CARTESIAN_POINT('',(-31.7999301385756,39.9,-8.82469902007017));
#9206=CARTESIAN_POINT('Origin',(-92.5499301385756,39.9,11.1753009799298));
#9207=CARTESIAN_POINT('Origin',(-11.5499301385756,-2.,11.1753009799298));
#9208=CARTESIAN_POINT('',(7.88209865913342,67.,6.44283261711866));
#9209=CARTESIAN_POINT('Origin',(-11.5499301385756,67.,11.1753009799298));
#9210=CARTESIAN_POINT('',(7.88209865913342,43.9585786437627,6.44283261711866));
#9211=CARTESIAN_POINT('',(7.88209865913342,-2.,6.44283261711866));
#9212=CARTESIAN_POINT('',(8.43871345338836,39.9,10.5014112608813));
#9213=CARTESIAN_POINT('Origin',(-11.5499301385756,39.2261102809515,11.1753009799298));
#9214=CARTESIAN_POINT('',(8.45006986142444,39.9,11.1753009799298));
#9215=CARTESIAN_POINT('Origin',(-11.5499301385756,39.9,11.1753009799298));
#9216=CARTESIAN_POINT('',(8.45006986142444,2.77555756156289E-16,11.1753009799298));
#9217=CARTESIAN_POINT('',(8.45006986142443,-2.,11.1753009799298));
#9218=CARTESIAN_POINT('',(-11.5499301385756,2.77555756156289E-16,-8.82469902007017));
#9219=CARTESIAN_POINT('Origin',(-11.5499301385756,2.77555756156289E-16,
11.1753009799298));
#9220=CARTESIAN_POINT('',(-11.5499301385756,-2.,-8.82469902007017));
#9221=CARTESIAN_POINT('Origin',(-52.3218748747066,67.,51.6753009799344));
#9222=CARTESIAN_POINT('',(-112.549930138576,67.,11.1753009799298));
#9223=CARTESIAN_POINT('Origin',(-92.5499301385756,67.,11.1753009799298));
#9224=CARTESIAN_POINT('',(-112.549930138576,67.,92.1753009799298));
#9225=CARTESIAN_POINT('',(-112.549930138576,67.,11.1753009799298));
#9226=CARTESIAN_POINT('',(-97.2823985013246,67.,111.607329777654));
#9227=CARTESIAN_POINT('Origin',(-92.5499301385756,67.,92.1753009799298));
#9228=CARTESIAN_POINT('',(-97.2823985013259,67.,108.87530097993));
#9229=CARTESIAN_POINT('',(-97.282398501339,67.,81.6533562438193));
#9230=CARTESIAN_POINT('',(-6.81746177572986,67.,108.87530097993));
#9231=CARTESIAN_POINT('',(-80.8359025066411,67.,108.87530097993));
#9232=CARTESIAN_POINT('',(-6.81746177572986,67.,111.60732977763));
#9233=CARTESIAN_POINT('',(-6.81746177572986,67.,80.3253009799321));
#9234=CARTESIAN_POINT('',(7.88209865912893,67.,96.9077693427594));
#9235=CARTESIAN_POINT('Origin',(-11.5499301385756,67.,92.1753009799298));
#9236=CARTESIAN_POINT('',(5.15006986142442,67.,96.907769342761));
#9237=CARTESIAN_POINT('',(-22.207847242761,67.,96.9077693427771));
#9238=CARTESIAN_POINT('',(5.15006986142442,67.,6.44283261711866));
#9239=CARTESIAN_POINT('',(5.15006986142442,67.,80.3253009799321));
#9240=CARTESIAN_POINT('',(-23.5359025066411,67.,6.44283261711866));
#9241=CARTESIAN_POINT('',(-102.549930138576,67.,55.674519760445));
#9242=CARTESIAN_POINT('',(-102.549930138576,67.,19.6760821994146));
#9243=CARTESIAN_POINT('',(-102.549930138576,67.,96.1753009799298));
#9244=CARTESIAN_POINT('',(-107.174930138576,67.,9.67530097992984));
#9245=CARTESIAN_POINT('Origin',(-94.0499301385756,67.,9.67530097992984));
#9246=CARTESIAN_POINT('',(-84.0491489190908,67.,1.17530097992983));
#9247=CARTESIAN_POINT('Origin',(-94.0499301385756,67.,9.67530097992984));
#9248=CARTESIAN_POINT('',(-76.0507113580604,67.,1.17530097992983));
#9249=CARTESIAN_POINT('',(-96.5499301385756,67.,1.17530097992983));
#9250=CARTESIAN_POINT('',(-56.0491489190908,67.,1.17530097992983));
#9251=CARTESIAN_POINT('Origin',(-66.0499301385756,67.,9.67530097992984));
#9252=CARTESIAN_POINT('',(-48.0507113580604,67.,1.17530097992983));
#9253=CARTESIAN_POINT('',(-96.5499301385756,67.,1.17530097992983));
#9254=CARTESIAN_POINT('',(-28.0491489190908,67.,1.17530097992983));
#9255=CARTESIAN_POINT('Origin',(-38.0499301385756,67.,9.67530097992984));
#9256=CARTESIAN_POINT('',(-20.0507113580604,67.,1.17530097992983));
#9257=CARTESIAN_POINT('',(-96.5499301385756,67.,1.17530097992983));
#9258=CARTESIAN_POINT('',(-1.54993013857558,67.,19.6760821994146));
#9259=CARTESIAN_POINT('Origin',(-10.0499301385756,67.,9.67530097992984));
#9260=CARTESIAN_POINT('',(-1.54993013857557,67.,27.674519760445));
#9261=CARTESIAN_POINT('',(-1.54993013857558,67.,7.17530097992983));
#9262=CARTESIAN_POINT('',(-1.54993013857557,67.,47.6760821994146));
#9263=CARTESIAN_POINT('Origin',(-10.0499301385756,67.,37.6753009799298));
#9264=CARTESIAN_POINT('',(-1.54993013857557,67.,55.6745197604451));
#9265=CARTESIAN_POINT('',(-1.54993013857558,67.,7.17530097992983));
#9266=CARTESIAN_POINT('',(-1.54993013857556,67.,75.6760821994146));
#9267=CARTESIAN_POINT('Origin',(-10.0499301385756,67.,65.6753009799298));
#9268=CARTESIAN_POINT('',(-1.54993013857556,67.,83.6745197604451));
#9269=CARTESIAN_POINT('',(-1.54993013857558,67.,7.17530097992983));
#9270=CARTESIAN_POINT('',(-20.0507113580604,67.,102.17530097993));
#9271=CARTESIAN_POINT('Origin',(-10.0499301385756,67.,93.6753009799298));
#9272=CARTESIAN_POINT('',(-28.0491489190908,67.,102.17530097993));
#9273=CARTESIAN_POINT('',(-7.54993013857556,67.,102.17530097993));
#9274=CARTESIAN_POINT('',(-48.0507113580604,67.,102.17530097993));
#9275=CARTESIAN_POINT('Origin',(-38.0499301385756,67.,93.6753009799298));
#9276=CARTESIAN_POINT('',(-56.0491489190908,67.,102.17530097993));
#9277=CARTESIAN_POINT('',(-7.54993013857556,67.,102.17530097993));
#9278=CARTESIAN_POINT('',(-76.0507113580604,67.,102.17530097993));
#9279=CARTESIAN_POINT('Origin',(-66.0499301385756,67.,93.6753009799298));
#9280=CARTESIAN_POINT('',(-84.0491489190908,67.,102.17530097993));
#9281=CARTESIAN_POINT('',(-7.54993013857556,67.,102.17530097993));
#9282=CARTESIAN_POINT('',(-107.174930138576,67.,93.6753009799298));
#9283=CARTESIAN_POINT('Origin',(-94.0499301385756,67.,93.6753009799298));
#9284=CARTESIAN_POINT('',(-102.549930138576,67.,83.674519760445));
#9285=CARTESIAN_POINT('Origin',(-94.0499301385756,67.,93.6753009799298));
#9286=CARTESIAN_POINT('',(-102.549930138576,67.,75.6760821994146));
#9287=CARTESIAN_POINT('',(-102.549930138576,67.,96.1753009799298));
#9288=CARTESIAN_POINT('',(-107.174930138576,67.,65.6753009799298));
#9289=CARTESIAN_POINT('Origin',(-94.0499301385756,67.,65.6753009799298));
#9290=CARTESIAN_POINT('Origin',(-94.0499301385756,67.,65.6753009799298));
#9291=CARTESIAN_POINT('',(-108.199930138576,67.,79.6753009799298));
#9292=CARTESIAN_POINT('Origin',(-106.049930138576,67.,79.6753009799298));
#9293=CARTESIAN_POINT('',(-108.199930138576,67.,23.6753009799298));
#9294=CARTESIAN_POINT('Origin',(-106.049930138576,67.,23.6753009799298));
#9295=CARTESIAN_POINT('Origin',(-22.0718748746967,41.9292893218813,94.8784800208957));
#9296=CARTESIAN_POINT('',(8.43871345338775,39.9,92.8491906989964));
#9297=CARTESIAN_POINT('',(7.88209865912893,43.9585786437627,96.9077693427594));
#9298=CARTESIAN_POINT('Origin',(-11.5499301385756,39.2261102809217,92.1753009799298));
#9299=CARTESIAN_POINT('',(5.15006986142442,39.9,92.8491906989983));
#9300=CARTESIAN_POINT('',(-37.0609025066247,39.9,92.8491906990231));
#9301=CARTESIAN_POINT('',(5.15006986142442,43.9585786437627,96.907769342761));
#9302=CARTESIAN_POINT('',(5.15006986142442,34.9711722311775,87.9203629301759));
#9303=CARTESIAN_POINT('',(-7.08284724276876,43.9585786437627,96.9077693427682));
#9304=CARTESIAN_POINT('Origin',(7.90618038915801,40.,96.9077693427594));
#9305=CARTESIAN_POINT('',(7.88209865912893,-2.,96.9077693427594));
#9306=CARTESIAN_POINT('',(5.15006986142442,20.,96.907769342761));
#9307=CARTESIAN_POINT('Origin',(5.25006986142442,40.,6.44283261711866));
#9308=CARTESIAN_POINT('',(5.15006986142442,43.9585786437627,6.44283261711866));
#9309=CARTESIAN_POINT('',(5.15006986142442,20.,6.44283261711866));
#9310=CARTESIAN_POINT('',(-9.07493013857558,43.9585786437627,6.44283261711866));
#9311=CARTESIAN_POINT('Origin',(-23.3999301385756,41.9292893218813,8.472121939));
#9312=CARTESIAN_POINT('',(5.15006986142442,39.9,10.5014112608813));
#9313=CARTESIAN_POINT('',(5.15006986142442,6.32117223117854,44.0802390297028));
#9314=CARTESIAN_POINT('',(-37.7249301385756,39.9,10.5014112608813));
#9315=CARTESIAN_POINT('Origin',(5.15006986142442,0.,108.97530097993));
#9316=CARTESIAN_POINT('',(5.15006986142442,39.9,80.3253009799298));
#9317=CARTESIAN_POINT('',(5.15006986142442,45.,25.96602549844));
#9318=CARTESIAN_POINT('Origin',(5.15006986142442,45.,23.81602549844));
#9319=CARTESIAN_POINT('',(5.15006986142442,45.0000000000003,81.9660249770329));
#9320=CARTESIAN_POINT('Origin',(5.15006986142442,45.0000000000003,79.8160249770329));
#9321=CARTESIAN_POINT('Origin',(-52.0499301385756,39.9,51.6753009799298));
#9322=CARTESIAN_POINT('',(8.45006986142442,39.9,92.1753009799298));
#9323=CARTESIAN_POINT('Origin',(-11.5499301385756,39.9,92.1753009799298));
#9324=CARTESIAN_POINT('',(8.45006986142442,39.9,71.9253009799298));
#9325=CARTESIAN_POINT('Origin',(-11.5499301385756,-2.,92.1753009799298));
#9326=CARTESIAN_POINT('',(-6.81746177572986,43.9585786437627,111.60732977763));
#9327=CARTESIAN_POINT('',(-6.81746177572986,-2.,111.60732977763));
#9328=CARTESIAN_POINT('',(-10.8760404194926,39.9,112.163944571893));
#9329=CARTESIAN_POINT('Origin',(-11.5499301385756,39.226110280917,92.1753009799298));
#9330=CARTESIAN_POINT('',(-11.5499301385756,39.9,112.17530097993));
#9331=CARTESIAN_POINT('Origin',(-11.5499301385756,39.9,92.1753009799298));
#9332=CARTESIAN_POINT('',(-11.5499301385756,2.77555756156289E-16,112.17530097993));
#9333=CARTESIAN_POINT('',(-11.5499301385756,-2.,112.17530097993));
#9334=CARTESIAN_POINT('',(8.45006986142442,2.77555756156289E-16,92.1753009799298));
#9335=CARTESIAN_POINT('Origin',(-11.5499301385756,2.77555756156289E-16,
92.1753009799298));
#9336=CARTESIAN_POINT('',(8.45006986142443,-2.,92.1753009799298));
#9337=CARTESIAN_POINT('Origin',(-95.2531091794577,41.9292893218813,81.6533562438161));
#9338=CARTESIAN_POINT('',(-93.2238198575617,39.9,112.163944571896));
#9339=CARTESIAN_POINT('',(-97.2823985013246,43.9585786437627,111.607329777654));
#9340=CARTESIAN_POINT('Origin',(-92.5499301385756,39.2261102810043,92.1753009799298));
#9341=CARTESIAN_POINT('',(-93.2238198575633,39.9,108.87530097993));
#9342=CARTESIAN_POINT('',(-93.2238198575835,39.9,66.6643286118824));
#9343=CARTESIAN_POINT('',(-97.2823985013259,43.9585786437627,108.87530097993));
#9344=CARTESIAN_POINT('',(-88.2949920887603,34.971172231197,108.87530097993));
#9345=CARTESIAN_POINT('',(-97.2823985013318,43.9585786437627,96.6423838757498));
#9346=CARTESIAN_POINT('Origin',(-97.2823985013246,40.,111.631411507683));
#9347=CARTESIAN_POINT('',(-97.2823985013246,-2.,111.607329777654));
#9348=CARTESIAN_POINT('',(-97.2823985013259,20.,108.87530097993));
#9349=CARTESIAN_POINT('Origin',(-6.81746177572986,40.,108.97530097993));
#9350=CARTESIAN_POINT('',(-6.81746177572986,43.9585786437627,108.87530097993));
#9351=CARTESIAN_POINT('',(-6.81746177572986,20.,108.87530097993));
#9352=CARTESIAN_POINT('',(-6.81746177572986,43.9585786437627,94.6503009799298));
#9353=CARTESIAN_POINT('Origin',(-8.84675109761121,41.9292893218813,80.3253009799298));
#9354=CARTESIAN_POINT('',(-10.8760404194926,39.9,108.87530097993));
#9355=CARTESIAN_POINT('',(-44.4548681883226,6.32117223116992,108.87530097993));
#9356=CARTESIAN_POINT('',(-10.8760404194926,39.9,66.0003009799298));
#9357=CARTESIAN_POINT('Origin',(-109.349930138576,0.,108.87530097993));
#9358=CARTESIAN_POINT('',(-80.6999301385756,39.9,108.87530097993));
#9359=CARTESIAN_POINT('',(-26.0757179338976,45.0000000000006,108.87530097993));
#9360=CARTESIAN_POINT('Origin',(-23.9257179338976,45.0000000000006,108.87530097993));
#9361=CARTESIAN_POINT('',(-82.0757174124919,45.0000000000005,108.87530097993));
#9362=CARTESIAN_POINT('Origin',(-79.9257174124919,45.0000000000005,108.87530097993));
#9363=CARTESIAN_POINT('Origin',(-52.0499301385756,39.9,51.6753009799298));
#9364=CARTESIAN_POINT('',(-92.5499301385756,39.9,112.17530097993));
#9365=CARTESIAN_POINT('Origin',(-92.5499301385756,39.9,92.1753009799298));
#9366=CARTESIAN_POINT('',(-72.2999301385756,39.9,112.17530097993));
#9367=CARTESIAN_POINT('Origin',(-92.5499301385756,-2.,92.1753009799298));
#9368=CARTESIAN_POINT('',(-112.549930138576,2.77555756156289E-16,92.1753009799298));
#9369=CARTESIAN_POINT('',(-112.549930138576,65.,92.1753009799298));
#9370=CARTESIAN_POINT('',(-92.5499301385756,2.77555756156289E-16,112.17530097993));
#9371=CARTESIAN_POINT('Origin',(-92.5499301385756,2.77555756156289E-16,
92.1753009799298));
#9372=CARTESIAN_POINT('',(-92.5499301385756,-2.,112.17530097993));
#9373=CARTESIAN_POINT('Origin',(-86.0499301385756,65.,46.6753009799298));
#9374=CARTESIAN_POINT('',(-102.549930138576,-2.,46.6753009799298));
#9375=CARTESIAN_POINT('',(-100.049930138576,-2.,46.6753009799298));
#9376=CARTESIAN_POINT('',(-95.2499301385756,-2.,46.6753009799298));
#9377=CARTESIAN_POINT('',(-102.549930138576,65.,46.6753009799298));
#9378=CARTESIAN_POINT('',(-102.549930138576,65.,46.6753009799298));
#9379=CARTESIAN_POINT('',(-86.0499301385756,65.,46.6753009799298));
#9380=CARTESIAN_POINT('',(-69.0499301385756,65.,46.6753009799298));
#9381=CARTESIAN_POINT('',(-86.0499301385756,-2.,46.6753009799298));
#9382=CARTESIAN_POINT('',(-86.0499301385756,65.,46.6753009799298));
#9383=CARTESIAN_POINT('',(-88.0499301385756,-2.,46.6753009799298));
#9384=CARTESIAN_POINT('',(-83.0499301385756,-2.,46.6753009799298));
#9385=CARTESIAN_POINT('',(-88.0499301385756,0.,46.6753009799298));
#9386=CARTESIAN_POINT('',(-88.0499301385756,32.5,46.6753009799298));
#9387=CARTESIAN_POINT('',(-100.049930138576,0.,46.6753009799298));
#9388=CARTESIAN_POINT('',(-69.0499301385756,0.,46.6753009799298));
#9389=CARTESIAN_POINT('',(-100.049930138576,32.5,46.6753009799298));
#9390=CARTESIAN_POINT('Origin',(-86.0499301385756,65.,28.6753009799298));
#9391=CARTESIAN_POINT('',(-86.0499301385756,-2.,44.6753009799298));
#9392=CARTESIAN_POINT('',(-86.0499301385756,-2.,40.1753009799298));
#9393=CARTESIAN_POINT('',(-86.0499301385756,65.,28.6753009799298));
#9394=CARTESIAN_POINT('',(-86.0499301385756,65.,40.1753009799298));
#9395=CARTESIAN_POINT('',(-86.0499301385756,0.,28.6753009799298));
#9396=CARTESIAN_POINT('',(-86.0499301385756,65.,28.6753009799298));
#9397=CARTESIAN_POINT('',(-86.0499301385756,0.,44.6753009799298));
#9398=CARTESIAN_POINT('',(-86.0499301385756,0.,40.1753009799298));
#9399=CARTESIAN_POINT('',(-86.0499301385756,32.5,44.6753009799298));
#9400=CARTESIAN_POINT('Origin',(-102.549930138576,65.,28.6753009799298));
#9401=CARTESIAN_POINT('',(-100.049930138576,-2.,28.6753009799298));
#9402=CARTESIAN_POINT('',(-102.549930138576,-2.,28.6753009799298));
#9403=CARTESIAN_POINT('',(-103.499930138576,-2.,28.6753009799298));
#9404=CARTESIAN_POINT('',(-100.049930138576,0.,28.6753009799298));
#9405=CARTESIAN_POINT('',(-100.049930138576,32.5,28.6753009799298));
#9406=CARTESIAN_POINT('',(-77.2999301385756,0.,28.6753009799298));
#9407=CARTESIAN_POINT('',(-102.549930138576,65.,28.6753009799298));
#9408=CARTESIAN_POINT('',(-77.2999301385756,65.,28.6753009799298));
#9409=CARTESIAN_POINT('',(-102.549930138576,65.,28.6753009799298));
#9410=CARTESIAN_POINT('Origin',(-52.0499301385756,65.,51.6753009799298));
#9411=CARTESIAN_POINT('',(-102.549930138576,65.,55.674519760445));
#9412=CARTESIAN_POINT('',(-102.549930138576,65.,53.6749103701874));
#9413=CARTESIAN_POINT('',(-102.549930138576,65.,75.6760821994146));
#9414=CARTESIAN_POINT('Origin',(-94.0499301385756,65.,65.6753009799298));
#9415=CARTESIAN_POINT('',(-102.549930138576,65.,83.674519760445));
#9416=CARTESIAN_POINT('',(-102.549930138576,65.,67.6749103701874));
#9417=CARTESIAN_POINT('',(-84.0491489190908,65.,102.17530097993));
#9418=CARTESIAN_POINT('Origin',(-94.0499301385756,65.,93.6753009799298));
#9419=CARTESIAN_POINT('',(-76.0507113580604,65.,102.17530097993));
#9420=CARTESIAN_POINT('',(-64.050320748318,65.,102.17530097993));
#9421=CARTESIAN_POINT('',(-79.1749301385756,65.,93.6753009799298));
#9422=CARTESIAN_POINT('Origin',(-66.0499301385756,65.,93.6753009799298));
#9423=CARTESIAN_POINT('',(-56.0491489190908,65.,102.17530097993));
#9424=CARTESIAN_POINT('Origin',(-66.0499301385756,65.,93.6753009799298));
#9425=CARTESIAN_POINT('',(-48.0507113580604,65.,102.17530097993));
#9426=CARTESIAN_POINT('',(-50.050320748318,65.,102.17530097993));
#9427=CARTESIAN_POINT('',(-51.1749301385756,65.,93.6753009799298));
#9428=CARTESIAN_POINT('Origin',(-38.0499301385756,65.,93.6753009799298));
#9429=CARTESIAN_POINT('',(-28.0491489190908,65.,102.17530097993));
#9430=CARTESIAN_POINT('Origin',(-38.0499301385756,65.,93.6753009799298));
#9431=CARTESIAN_POINT('',(-20.0507113580604,65.,102.17530097993));
#9432=CARTESIAN_POINT('',(-36.050320748318,65.,102.17530097993));
#9433=CARTESIAN_POINT('',(-23.1749301385756,65.,93.6753009799298));
#9434=CARTESIAN_POINT('Origin',(-10.0499301385756,65.,93.6753009799298));
#9435=CARTESIAN_POINT('',(-1.54993013857556,65.,83.6745197604451));
#9436=CARTESIAN_POINT('Origin',(-10.0499301385756,65.,93.6753009799298));
#9437=CARTESIAN_POINT('',(-1.54993013857556,65.,75.6760821994146));
#9438=CARTESIAN_POINT('',(-1.54993013857557,65.,63.6756915896722));
#9439=CARTESIAN_POINT('',(-23.1749301385756,65.,65.6753009799298));
#9440=CARTESIAN_POINT('Origin',(-10.0499301385756,65.,65.6753009799298));
#9441=CARTESIAN_POINT('',(-1.54993013857557,65.,55.6745197604451));
#9442=CARTESIAN_POINT('Origin',(-10.0499301385756,65.,65.6753009799298));
#9443=CARTESIAN_POINT('',(-1.54993013857557,65.,47.6760821994146));
#9444=CARTESIAN_POINT('',(-1.54993013857557,65.,49.6756915896722));
#9445=CARTESIAN_POINT('',(-23.1749301385756,65.,37.6753009799298));
#9446=CARTESIAN_POINT('Origin',(-10.0499301385756,65.,37.6753009799298));
#9447=CARTESIAN_POINT('',(-1.54993013857557,65.,27.674519760445));
#9448=CARTESIAN_POINT('Origin',(-10.0499301385756,65.,37.6753009799298));
#9449=CARTESIAN_POINT('',(-1.54993013857558,65.,19.6760821994146));
#9450=CARTESIAN_POINT('',(-1.54993013857557,65.,35.6756915896722));
#9451=CARTESIAN_POINT('',(-23.1749301385756,65.,9.67530097992984));
#9452=CARTESIAN_POINT('Origin',(-10.0499301385756,65.,9.67530097992984));
#9453=CARTESIAN_POINT('',(-20.0507113580604,65.,1.17530097992983));
#9454=CARTESIAN_POINT('Origin',(-10.0499301385756,65.,9.67530097992984));
#9455=CARTESIAN_POINT('',(-28.0491489190908,65.,1.17530097992983));
#9456=CARTESIAN_POINT('',(-40.0495395288332,65.,1.17530097992983));
#9457=CARTESIAN_POINT('',(-51.1749301385756,65.,9.67530097992984));
#9458=CARTESIAN_POINT('Origin',(-38.0499301385756,65.,9.67530097992984));
#9459=CARTESIAN_POINT('',(-48.0507113580604,65.,1.17530097992983));
#9460=CARTESIAN_POINT('Origin',(-38.0499301385756,65.,9.67530097992984));
#9461=CARTESIAN_POINT('',(-56.0491489190908,65.,1.17530097992983));
#9462=CARTESIAN_POINT('',(-54.0495395288332,65.,1.17530097992983));
#9463=CARTESIAN_POINT('',(-79.1749301385756,65.,9.67530097992984));
#9464=CARTESIAN_POINT('Origin',(-66.0499301385756,65.,9.67530097992984));
#9465=CARTESIAN_POINT('',(-76.0507113580604,65.,1.17530097992983));
#9466=CARTESIAN_POINT('Origin',(-66.0499301385756,65.,9.67530097992984));
#9467=CARTESIAN_POINT('',(-84.0491489190908,65.,1.17530097992983));
#9468=CARTESIAN_POINT('',(-68.0495395288332,65.,1.17530097992983));
#9469=CARTESIAN_POINT('',(-102.549930138576,65.,19.6760821994146));
#9470=CARTESIAN_POINT('Origin',(-94.0499301385756,65.,9.67530097992984));
#9471=CARTESIAN_POINT('',(-102.549930138576,65.,53.6749103701874));
#9472=CARTESIAN_POINT('',(-56.1999301385755,65.,23.6753009799298));
#9473=CARTESIAN_POINT('Origin',(-52.0499301385755,65.,23.6753009799298));
#9474=CARTESIAN_POINT('',(-56.1999301385756,65.,51.6753009799298));
#9475=CARTESIAN_POINT('Origin',(-52.0499301385755,65.,51.6753009799298));
#9476=CARTESIAN_POINT('',(-28.1999301385756,65.,51.6753009799298));
#9477=CARTESIAN_POINT('Origin',(-24.0499301385756,65.,51.6753009799298));
#9478=CARTESIAN_POINT('',(-84.1999301385756,65.,51.6753009799298));
#9479=CARTESIAN_POINT('Origin',(-80.0499301385756,65.,51.6753009799298));
#9480=CARTESIAN_POINT('',(-56.1999301385756,65.,79.6753009799298));
#9481=CARTESIAN_POINT('Origin',(-52.0499301385756,65.,79.6753009799298));
#9482=CARTESIAN_POINT('',(-86.0499301385756,65.,79.6753009799298));
#9483=CARTESIAN_POINT('Origin',(-80.0499301385756,65.,79.6753009799298));
#9484=CARTESIAN_POINT('',(-30.0499301385756,65.,23.6753009799298));
#9485=CARTESIAN_POINT('Origin',(-24.0499301385756,65.,23.6753009799298));
#9486=CARTESIAN_POINT('',(-79.1749301385756,65.,37.6753009799298));
#9487=CARTESIAN_POINT('Origin',(-66.0499301385756,65.,37.6753009799298));
#9488=CARTESIAN_POINT('',(-51.1749301385756,65.,37.6753009799298));
#9489=CARTESIAN_POINT('Origin',(-38.0499301385756,65.,37.6753009799298));
#9490=CARTESIAN_POINT('',(-51.1749301385756,65.,65.6753009799298));
#9491=CARTESIAN_POINT('Origin',(-38.0499301385756,65.,65.6753009799298));
#9492=CARTESIAN_POINT('',(-79.1749301385756,65.,65.6753009799298));
#9493=CARTESIAN_POINT('Origin',(-66.0499301385756,65.,65.6753009799298));
#9494=CARTESIAN_POINT('',(-30.0499301385756,65.,79.6753009799298));
#9495=CARTESIAN_POINT('Origin',(-24.0499301385756,65.,79.6753009799298));
#9496=CARTESIAN_POINT('',(-86.0499301385756,65.,23.6753009799298));
#9497=CARTESIAN_POINT('Origin',(-80.0499301385756,65.,23.6753009799298));
#9498=CARTESIAN_POINT('Origin',(-103.549930138576,0.,43.1753009799298));
#9499=CARTESIAN_POINT('',(-99.5499301385756,0.,47.1753009799298));
#9500=CARTESIAN_POINT('',(-103.549930138576,0.,43.1753009799298));
#9501=CARTESIAN_POINT('',(-99.5499301385756,-2.,47.1753009799298));
#9502=CARTESIAN_POINT('',(-99.5499301385756,0.,47.1753009799298));
#9503=CARTESIAN_POINT('',(-103.549930138576,-2.,43.1753009799298));
#9504=CARTESIAN_POINT('Origin',(-104.449930138576,-2.,51.6753009799298));
#9505=CARTESIAN_POINT('',(4.45006986142442,-2.,92.1753009799298));
#9506=CARTESIAN_POINT('',(4.45006986142444,-2.,11.1753009799298));
#9507=CARTESIAN_POINT('',(4.45006986142443,-2.,31.4253009799298));
#9508=CARTESIAN_POINT('',(-11.5499301385756,-2.,108.17530097993));
#9509=CARTESIAN_POINT('Origin',(-11.5499301385756,-2.,92.1753009799298));
#9510=CARTESIAN_POINT('',(-92.5499301385756,-2.,108.17530097993));
#9511=CARTESIAN_POINT('',(-57.9999301385756,-2.,108.17530097993));
#9512=CARTESIAN_POINT('',(-108.549930138576,-2.,92.1753009799298));
#9513=CARTESIAN_POINT('Origin',(-92.5499301385756,-2.,92.1753009799298));
#9514=CARTESIAN_POINT('',(-108.549930138576,-2.,11.1753009799298));
#9515=CARTESIAN_POINT('',(-108.549930138576,-2.,71.9253009799298));
#9516=CARTESIAN_POINT('',(-92.5499301385756,-2.,-4.82469902007017));
#9517=CARTESIAN_POINT('Origin',(-92.5499301385756,-2.,11.1753009799298));
#9518=CARTESIAN_POINT('',(-11.5499301385756,-2.,-4.82469902007016));
#9519=CARTESIAN_POINT('',(-98.4999301385756,-2.,-4.82469902007017));
#9520=CARTESIAN_POINT('Origin',(-11.5499301385756,-2.,11.1753009799298));
#9521=CARTESIAN_POINT('',(-0.199930138575568,-2.,23.6753009799298));
#9522=CARTESIAN_POINT('Origin',(1.95006986142443,-2.,23.6753009799298));
#9523=CARTESIAN_POINT('',(-108.199930138576,-2.,79.6753009799298));
#9524=CARTESIAN_POINT('Origin',(-106.049930138576,-2.,79.6753009799298));
#9525=CARTESIAN_POINT('',(-108.199930138576,-2.,23.6753009799298));
#9526=CARTESIAN_POINT('Origin',(-106.049930138576,-2.,23.6753009799298));
#9527=CARTESIAN_POINT('',(-0.199930138575593,-2.,79.6753009799298));
#9528=CARTESIAN_POINT('Origin',(1.95006986142441,-2.,79.6753009799298));
#9529=CARTESIAN_POINT('',(-26.1999301385756,-2.,-2.32469902007018));
#9530=CARTESIAN_POINT('Origin',(-24.0499301385756,-2.,-2.32469902007018));
#9531=CARTESIAN_POINT('',(-82.1999301385756,-2.,105.67530097993));
#9532=CARTESIAN_POINT('Origin',(-80.0499301385756,-2.,105.67530097993));
#9533=CARTESIAN_POINT('',(-82.1999301385756,-2.,-2.32469902007019));
#9534=CARTESIAN_POINT('Origin',(-80.0499301385756,-2.,-2.32469902007019));
#9535=CARTESIAN_POINT('',(-26.1999301385756,-2.,105.67530097993));
#9536=CARTESIAN_POINT('Origin',(-24.0499301385756,-2.,105.67530097993));
#9537=CARTESIAN_POINT('',(-102.549930138576,-2.,44.1753009799298));
#9538=CARTESIAN_POINT('',(-102.549930138576,-2.,49.1753009799298));
#9539=CARTESIAN_POINT('',(-99.5499301385756,-2.,56.1753009799298));
#9540=CARTESIAN_POINT('',(-99.5499301385756,-2.,47.1753009799298));
#9541=CARTESIAN_POINT('',(-103.549930138576,-2.,60.1753009799298));
#9542=CARTESIAN_POINT('',(-99.5499301385756,-2.,56.1753009799298));
#9543=CARTESIAN_POINT('',(-105.966961018791,-2.,60.1753009799298));
#9544=CARTESIAN_POINT('',(-103.549930138576,-2.,60.1753009799298));
#9545=CARTESIAN_POINT('',(-107.174930138576,-2.,65.6753009799298));
#9546=CARTESIAN_POINT('Origin',(-94.0499301385756,-2.,65.6753009799298));
#9547=CARTESIAN_POINT('',(-105.966961018791,-2.,71.1753009799298));
#9548=CARTESIAN_POINT('Origin',(-94.0499301385756,-2.,65.6753009799298));
#9549=CARTESIAN_POINT('',(-103.549930138576,-2.,71.1753009799298));
#9550=CARTESIAN_POINT('',(-112.549930138576,-2.,71.1753009799298));
#9551=CARTESIAN_POINT('',(-99.5499301385756,-2.,75.1753009799298));
#9552=CARTESIAN_POINT('',(-103.549930138576,-2.,71.1753009799298));
#9553=CARTESIAN_POINT('',(-99.5499301385756,-2.,84.1753009799299));
#9554=CARTESIAN_POINT('',(-99.5499301385756,-2.,75.1753009799298));
#9555=CARTESIAN_POINT('',(-103.549930138576,-2.,88.1753009799299));
#9556=CARTESIAN_POINT('',(-99.5499301385756,-2.,84.1753009799299));
#9557=CARTESIAN_POINT('',(-105.966961018791,-2.,88.1753009799299));
#9558=CARTESIAN_POINT('',(-103.549930138576,-2.,88.1753009799299));
#9559=CARTESIAN_POINT('',(-107.174930138576,-2.,93.6753009799298));
#9560=CARTESIAN_POINT('Origin',(-94.0499301385756,-2.,93.6753009799298));
#9561=CARTESIAN_POINT('',(-105.966961018791,-2.,99.1753009799299));
#9562=CARTESIAN_POINT('Origin',(-94.0499301385756,-2.,93.6753009799298));
#9563=CARTESIAN_POINT('',(-103.549930138576,-2.,99.1753009799299));
#9564=CARTESIAN_POINT('',(-112.549930138576,-2.,99.1753009799299));
#9565=CARTESIAN_POINT('',(-99.5499301385756,-2.,103.17530097993));
#9566=CARTESIAN_POINT('',(-103.549930138576,-2.,99.1753009799299));
#9567=CARTESIAN_POINT('',(-99.5499301385756,-2.,105.592331860145));
#9568=CARTESIAN_POINT('',(-99.5499301385756,-2.,103.17530097993));
#9569=CARTESIAN_POINT('',(-88.5499301385756,-2.,105.592331860145));
#9570=CARTESIAN_POINT('Origin',(-94.0499301385756,-2.,93.6753009799298));
#9571=CARTESIAN_POINT('',(-88.5499301385756,-2.,103.17530097993));
#9572=CARTESIAN_POINT('',(-88.5499301385756,-2.,112.17530097993));
#9573=CARTESIAN_POINT('',(-84.5499301385756,-2.,99.1753009799299));
#9574=CARTESIAN_POINT('',(-88.5499301385756,-2.,103.17530097993));
#9575=CARTESIAN_POINT('',(-75.5499301385756,-2.,99.1753009799299));
#9576=CARTESIAN_POINT('',(-84.5499301385756,-2.,99.1753009799299));
#9577=CARTESIAN_POINT('',(-71.5499301385756,-2.,103.17530097993));
#9578=CARTESIAN_POINT('',(-75.5499301385756,-2.,99.1753009799299));
#9579=CARTESIAN_POINT('',(-71.5499301385756,-2.,105.592331860145));
#9580=CARTESIAN_POINT('',(-71.5499301385756,-2.,103.17530097993));
#9581=CARTESIAN_POINT('',(-60.5499301385756,-2.,105.592331860145));
#9582=CARTESIAN_POINT('Origin',(-66.0499301385756,-2.,93.6753009799298));
#9583=CARTESIAN_POINT('',(-60.5499301385756,-2.,103.17530097993));
#9584=CARTESIAN_POINT('',(-60.5499301385756,-2.,112.17530097993));
#9585=CARTESIAN_POINT('',(-56.5499301385756,-2.,99.1753009799299));
#9586=CARTESIAN_POINT('',(-60.5499301385756,-2.,103.17530097993));
#9587=CARTESIAN_POINT('',(-47.5499301385756,-2.,99.1753009799299));
#9588=CARTESIAN_POINT('',(-56.5499301385756,-2.,99.1753009799299));
#9589=CARTESIAN_POINT('',(-43.5499301385756,-2.,103.17530097993));
#9590=CARTESIAN_POINT('',(-47.5499301385756,-2.,99.1753009799299));
#9591=CARTESIAN_POINT('',(-43.5499301385756,-2.,105.592331860145));
#9592=CARTESIAN_POINT('',(-43.5499301385756,-2.,103.17530097993));
#9593=CARTESIAN_POINT('',(-32.5499301385756,-2.,105.592331860145));
#9594=CARTESIAN_POINT('Origin',(-38.0499301385756,-2.,93.6753009799298));
#9595=CARTESIAN_POINT('',(-32.5499301385756,-2.,103.17530097993));
#9596=CARTESIAN_POINT('',(-32.5499301385756,-2.,112.17530097993));
#9597=CARTESIAN_POINT('',(-28.5499301385756,-2.,99.1753009799299));
#9598=CARTESIAN_POINT('',(-32.5499301385756,-2.,103.17530097993));
#9599=CARTESIAN_POINT('',(-19.5499301385756,-2.,99.1753009799299));
#9600=CARTESIAN_POINT('',(-28.5499301385756,-2.,99.1753009799299));
#9601=CARTESIAN_POINT('',(-15.5499301385756,-2.,103.17530097993));
#9602=CARTESIAN_POINT('',(-19.5499301385756,-2.,99.1753009799299));
#9603=CARTESIAN_POINT('',(-15.5499301385756,-2.,105.592331860145));
#9604=CARTESIAN_POINT('',(-15.5499301385756,-2.,103.17530097993));
#9605=CARTESIAN_POINT('',(-4.54993013857559,-2.,105.592331860145));
#9606=CARTESIAN_POINT('Origin',(-10.0499301385756,-2.,93.6753009799298));
#9607=CARTESIAN_POINT('',(-4.54993013857559,-2.,103.17530097993));
#9608=CARTESIAN_POINT('',(-4.54993013857559,-2.,112.17530097993));
#9609=CARTESIAN_POINT('',(-0.549930138575583,-2.,99.1753009799299));
#9610=CARTESIAN_POINT('',(-4.54993013857559,-2.,103.17530097993));
#9611=CARTESIAN_POINT('',(1.86710074163949,-2.,99.1753009799299));
#9612=CARTESIAN_POINT('',(-0.549930138575584,-2.,99.1753009799299));
#9613=CARTESIAN_POINT('',(1.86710074163951,-2.,88.1753009799299));
#9614=CARTESIAN_POINT('Origin',(-10.0499301385756,-2.,93.6753009799298));
#9615=CARTESIAN_POINT('',(-0.549930138575583,-2.,88.1753009799299));
#9616=CARTESIAN_POINT('',(8.45006986142442,-2.,88.1753009799299));
#9617=CARTESIAN_POINT('',(-4.54993013857559,-2.,84.1753009799299));
#9618=CARTESIAN_POINT('',(-0.549930138575586,-2.,88.1753009799299));
#9619=CARTESIAN_POINT('',(-4.54993013857559,-2.,75.1753009799299));
#9620=CARTESIAN_POINT('',(-4.54993013857558,-2.,84.1753009799299));
#9621=CARTESIAN_POINT('',(-0.549930138575583,-2.,71.1753009799298));
#9622=CARTESIAN_POINT('',(-4.54993013857558,-2.,75.1753009799299));
#9623=CARTESIAN_POINT('',(1.86710074163949,-2.,71.1753009799298));
#9624=CARTESIAN_POINT('',(-0.549930138575581,-2.,71.1753009799298));
#9625=CARTESIAN_POINT('',(1.86710074163951,-2.,60.1753009799299));
#9626=CARTESIAN_POINT('Origin',(-10.0499301385756,-2.,65.6753009799298));
#9627=CARTESIAN_POINT('',(-0.549930138575583,-2.,60.1753009799299));
#9628=CARTESIAN_POINT('',(8.45006986142442,-2.,60.1753009799299));
#9629=CARTESIAN_POINT('',(-4.54993013857559,-2.,56.1753009799298));
#9630=CARTESIAN_POINT('',(-0.549930138575582,-2.,60.1753009799299));
#9631=CARTESIAN_POINT('',(-4.54993013857559,-2.,47.1753009799298));
#9632=CARTESIAN_POINT('',(-4.54993013857558,-2.,56.1753009799298));
#9633=CARTESIAN_POINT('',(-0.549930138575583,-2.,43.1753009799298));
#9634=CARTESIAN_POINT('',(-4.54993013857558,-2.,47.1753009799298));
#9635=CARTESIAN_POINT('',(1.86710074163949,-2.,43.1753009799298));
#9636=CARTESIAN_POINT('',(-0.549930138575577,-2.,43.1753009799298));
#9637=CARTESIAN_POINT('',(1.86710074163951,-2.,32.1753009799298));
#9638=CARTESIAN_POINT('Origin',(-10.0499301385756,-2.,37.6753009799298));
#9639=CARTESIAN_POINT('',(-0.549930138575583,-2.,32.1753009799298));
#9640=CARTESIAN_POINT('',(8.45006986142442,-2.,32.1753009799299));
#9641=CARTESIAN_POINT('',(-4.54993013857557,-2.,28.1753009799298));
#9642=CARTESIAN_POINT('',(-0.549930138575579,-2.,32.1753009799299));
#9643=CARTESIAN_POINT('',(-4.54993013857557,-2.,19.1753009799298));
#9644=CARTESIAN_POINT('',(-4.54993013857558,-2.,28.1753009799298));
#9645=CARTESIAN_POINT('',(-0.549930138575583,-2.,15.1753009799298));
#9646=CARTESIAN_POINT('',(-4.54993013857558,-2.,19.1753009799298));
#9647=CARTESIAN_POINT('',(1.86710074163949,-2.,15.1753009799298));
#9648=CARTESIAN_POINT('',(-0.549930138575574,-2.,15.1753009799298));
#9649=CARTESIAN_POINT('',(1.86710074163951,-2.,4.17530097992984));
#9650=CARTESIAN_POINT('Origin',(-10.0499301385756,-2.,9.67530097992984));
#9651=CARTESIAN_POINT('',(-0.549930138575583,-2.,4.17530097992984));
#9652=CARTESIAN_POINT('',(8.45006986142443,-2.,4.17530097992985));
#9653=CARTESIAN_POINT('',(-4.54993013857557,-2.,0.175300979929851));
#9654=CARTESIAN_POINT('',(-0.549930138575576,-2.,4.17530097992985));
#9655=CARTESIAN_POINT('',(-4.54993013857557,-2.,-2.24172990028524));
#9656=CARTESIAN_POINT('',(-4.54993013857557,-2.,0.175300979929842));
#9657=CARTESIAN_POINT('',(-15.5499301385756,-2.,-2.24172990028526));
#9658=CARTESIAN_POINT('Origin',(-10.0499301385756,-2.,9.67530097992984));
#9659=CARTESIAN_POINT('',(-15.5499301385756,-2.,0.175300979929833));
#9660=CARTESIAN_POINT('',(-15.5499301385756,-2.,-8.82469902007017));
#9661=CARTESIAN_POINT('',(-19.5499301385756,-2.,4.17530097992984));
#9662=CARTESIAN_POINT('',(-15.5499301385756,-2.,0.175300979929837));
#9663=CARTESIAN_POINT('',(-28.5499301385756,-2.,4.17530097992984));
#9664=CARTESIAN_POINT('',(-19.5499301385756,-2.,4.17530097992984));
#9665=CARTESIAN_POINT('',(-32.5499301385756,-2.,0.175300979929833));
#9666=CARTESIAN_POINT('',(-28.5499301385756,-2.,4.17530097992984));
#9667=CARTESIAN_POINT('',(-32.5499301385756,-2.,-2.24172990028524));
#9668=CARTESIAN_POINT('',(-32.5499301385756,-2.,0.175300979929837));
#9669=CARTESIAN_POINT('',(-43.5499301385756,-2.,-2.24172990028526));
#9670=CARTESIAN_POINT('Origin',(-38.0499301385756,-2.,9.67530097992984));
#9671=CARTESIAN_POINT('',(-43.5499301385756,-2.,0.175300979929833));
#9672=CARTESIAN_POINT('',(-43.5499301385756,-2.,-8.82469902007017));
#9673=CARTESIAN_POINT('',(-47.5499301385756,-2.,4.17530097992984));
#9674=CARTESIAN_POINT('',(-43.5499301385756,-2.,0.175300979929832));
#9675=CARTESIAN_POINT('',(-56.5499301385756,-2.,4.17530097992984));
#9676=CARTESIAN_POINT('',(-47.5499301385756,-2.,4.17530097992984));
#9677=CARTESIAN_POINT('',(-60.5499301385756,-2.,0.175300979929833));
#9678=CARTESIAN_POINT('',(-56.5499301385756,-2.,4.17530097992984));
#9679=CARTESIAN_POINT('',(-60.5499301385756,-2.,-2.24172990028524));
#9680=CARTESIAN_POINT('',(-60.5499301385756,-2.,0.175300979929832));
#9681=CARTESIAN_POINT('',(-71.5499301385756,-2.,-2.24172990028526));
#9682=CARTESIAN_POINT('Origin',(-66.0499301385756,-2.,9.67530097992984));
#9683=CARTESIAN_POINT('',(-71.5499301385756,-2.,0.175300979929833));
#9684=CARTESIAN_POINT('',(-71.5499301385756,-2.,-8.82469902007018));
#9685=CARTESIAN_POINT('',(-75.5499301385756,-2.,4.17530097992984));
#9686=CARTESIAN_POINT('',(-71.5499301385756,-2.,0.175300979929827));
#9687=CARTESIAN_POINT('',(-84.5499301385756,-2.,4.17530097992984));
#9688=CARTESIAN_POINT('',(-75.5499301385756,-2.,4.17530097992983));
#9689=CARTESIAN_POINT('',(-88.5499301385756,-2.,0.175300979929833));
#9690=CARTESIAN_POINT('',(-84.5499301385756,-2.,4.17530097992983));
#9691=CARTESIAN_POINT('',(-88.5499301385756,-2.,-2.24172990028524));
#9692=CARTESIAN_POINT('',(-88.5499301385756,-2.,0.175300979929827));
#9693=CARTESIAN_POINT('',(-99.5499301385756,-2.,-2.24172990028526));
#9694=CARTESIAN_POINT('Origin',(-94.0499301385756,-2.,9.67530097992984));
#9695=CARTESIAN_POINT('',(-99.5499301385756,-2.,0.175300979929816));
#9696=CARTESIAN_POINT('',(-99.5499301385756,-2.,-8.82469902007018));
#9697=CARTESIAN_POINT('',(-103.549930138576,-2.,4.17530097992982));
#9698=CARTESIAN_POINT('',(-99.5499301385756,-2.,0.175300979929822));
#9699=CARTESIAN_POINT('',(-105.966961018791,-2.,4.17530097992982));
#9700=CARTESIAN_POINT('',(-103.549930138576,-2.,4.17530097992983));
#9701=CARTESIAN_POINT('',(-107.174930138576,-2.,9.67530097992984));
#9702=CARTESIAN_POINT('Origin',(-94.0499301385756,-2.,9.67530097992984));
#9703=CARTESIAN_POINT('',(-105.966961018791,-2.,15.1753009799298));
#9704=CARTESIAN_POINT('Origin',(-94.0499301385756,-2.,9.67530097992984));
#9705=CARTESIAN_POINT('',(-103.549930138576,-2.,15.1753009799298));
#9706=CARTESIAN_POINT('',(-112.549930138576,-2.,15.1753009799298));
#9707=CARTESIAN_POINT('',(-99.5499301385756,-2.,19.1753009799298));
#9708=CARTESIAN_POINT('',(-103.549930138576,-2.,15.1753009799298));
#9709=CARTESIAN_POINT('',(-99.5499301385756,-2.,28.1753009799298));
#9710=CARTESIAN_POINT('',(-99.5499301385756,-2.,19.1753009799298));
#9711=CARTESIAN_POINT('',(-99.5499301385756,-2.,28.1753009799298));
#9712=CARTESIAN_POINT('',(-102.549930138576,-2.,31.1753009799299));
#9713=CARTESIAN_POINT('',(-102.549930138576,-2.,49.1753009799298));
#9714=CARTESIAN_POINT('',(-103.549930138576,-2.,32.1753009799298));
#9715=CARTESIAN_POINT('',(-99.5499301385756,-2.,28.1753009799298));
#9716=CARTESIAN_POINT('',(-105.966961018791,-2.,32.1753009799298));
#9717=CARTESIAN_POINT('',(-103.549930138576,-2.,32.1753009799298));
#9718=CARTESIAN_POINT('',(-105.966961018791,-2.,43.1753009799298));
#9719=CARTESIAN_POINT('Origin',(-94.0499301385756,-2.,37.6753009799298));
#9720=CARTESIAN_POINT('',(-103.549930138576,-2.,43.1753009799298));
#9721=CARTESIAN_POINT('',(-112.549930138576,-2.,43.1753009799298));
#9722=CARTESIAN_POINT('',(-103.549930138576,-2.,43.1753009799298));
#9723=CARTESIAN_POINT('Origin',(-80.0499301385756,-2.,51.6753009799298));
#9724=CARTESIAN_POINT('',(-84.5499301385756,-2.,43.1753009799298));
#9725=CARTESIAN_POINT('',(-88.5499301385756,-2.,47.1753009799298));
#9726=CARTESIAN_POINT('',(-75.5499301385756,-2.,43.1753009799298));
#9727=CARTESIAN_POINT('',(-84.5499301385756,-2.,43.1753009799298));
#9728=CARTESIAN_POINT('',(-71.5499301385756,-2.,47.1753009799298));
#9729=CARTESIAN_POINT('',(-75.5499301385756,-2.,43.1753009799298));
#9730=CARTESIAN_POINT('',(-71.5499301385756,-2.,56.1753009799298));
#9731=CARTESIAN_POINT('',(-71.5499301385756,-2.,47.1753009799298));
#9732=CARTESIAN_POINT('',(-75.5499301385756,-2.,60.1753009799298));
#9733=CARTESIAN_POINT('',(-71.5499301385756,-2.,56.1753009799298));
#9734=CARTESIAN_POINT('',(-84.5499301385756,-2.,60.1753009799298));
#9735=CARTESIAN_POINT('',(-75.5499301385756,-2.,60.1753009799298));
#9736=CARTESIAN_POINT('',(-88.5499301385756,-2.,56.1753009799298));
#9737=CARTESIAN_POINT('',(-84.5499301385756,-2.,60.1753009799298));
#9738=CARTESIAN_POINT('',(-88.5499301385756,-2.,47.1753009799298));
#9739=CARTESIAN_POINT('',(-88.5499301385756,-2.,56.1753009799298));
#9740=CARTESIAN_POINT('',(-88.5499301385756,-2.,47.1753009799298));
#9741=CARTESIAN_POINT('',(-82.1999301385756,-2.,51.6753009799298));
#9742=CARTESIAN_POINT('Origin',(-80.0499301385756,-2.,51.6753009799298));
#9743=CARTESIAN_POINT('Origin',(-99.5499301385756,0.,28.1753009799298));
#9744=CARTESIAN_POINT('',(-99.5499301385756,0.,28.1753009799298));
#9745=CARTESIAN_POINT('',(-99.5499301385756,0.,28.1753009799298));
#9746=CARTESIAN_POINT('',(-99.5499301385756,0.,28.1753009799298));
#9747=CARTESIAN_POINT('Origin',(-52.0499301385756,0.,51.6753009799298));
#9748=CARTESIAN_POINT('',(-88.5499301385756,0.,47.1753009799298));
#9749=CARTESIAN_POINT('',(-88.5499301385756,0.,47.1753009799298));
#9750=CARTESIAN_POINT('',(-88.5499301385756,0.,53.7582700997147));
#9751=CARTESIAN_POINT('',(-88.5499301385756,0.,53.9253009799298));
#9752=CARTESIAN_POINT('',(-99.5499301385756,0.,53.7582700997147));
#9753=CARTESIAN_POINT('Origin',(-94.0499301385756,0.,65.6753009799298));
#9754=CARTESIAN_POINT('',(-99.5499301385756,0.,47.1753009799298));
#9755=CARTESIAN_POINT('Origin',(-52.0499301385756,0.,51.6753009799298));
#9756=CARTESIAN_POINT('',(-99.5499301385756,0.,21.5923318601449));
#9757=CARTESIAN_POINT('',(-99.5499301385756,0.,35.4253009799298));
#9758=CARTESIAN_POINT('',(-82.1328992583605,0.,4.17530097992983));
#9759=CARTESIAN_POINT('Origin',(-94.0499301385756,0.,9.67530097992984));
#9760=CARTESIAN_POINT('',(-77.9669610187907,0.,4.17530097992983));
#9761=CARTESIAN_POINT('',(-63.7999301385756,0.,4.17530097992983));
#9762=CARTESIAN_POINT('',(-79.1749301385756,0.,9.67530097992984));
#9763=CARTESIAN_POINT('Origin',(-66.0499301385756,0.,9.67530097992984));
#9764=CARTESIAN_POINT('',(-60.5499301385756,0.,21.5923318601449));
#9765=CARTESIAN_POINT('Origin',(-66.0499301385756,0.,9.67530097992984));
#9766=CARTESIAN_POINT('',(-60.5499301385756,0.,25.7582700997148));
#9767=CARTESIAN_POINT('',(-60.5499301385756,0.,39.9253009799298));
#9768=CARTESIAN_POINT('',(-79.1749301385756,0.,37.6753009799298));
#9769=CARTESIAN_POINT('Origin',(-66.0499301385756,0.,37.6753009799298));
#9770=CARTESIAN_POINT('',(-77.9669610187907,0.,43.1753009799298));
#9771=CARTESIAN_POINT('Origin',(-66.0499301385756,0.,37.6753009799298));
#9772=CARTESIAN_POINT('',(-84.5499301385756,0.,43.1753009799298));
#9773=CARTESIAN_POINT('',(-84.5499301385756,0.,43.1753009799298));
#9774=CARTESIAN_POINT('',(-88.5499301385756,0.,47.1753009799298));
#9775=CARTESIAN_POINT('',(-86.0499301385756,0.,23.6753009799298));
#9776=CARTESIAN_POINT('Origin',(-80.0499301385756,0.,23.6753009799298));
#9777=CARTESIAN_POINT('Origin',(-88.5499301385756,0.,47.1753009799298));
#9778=CARTESIAN_POINT('',(-84.5499301385756,0.,43.1753009799298));
#9779=CARTESIAN_POINT('Origin',(-88.5499301385756,0.,47.1753009799298));
#9780=CARTESIAN_POINT('',(-88.5499301385756,0.,47.1753009799298));
#9781=CARTESIAN_POINT('Origin',(-112.549930138576,25.3670791823772,51.6845266844676));
#9782=CARTESIAN_POINT('',(-112.549930138576,25.3670791823772,51.6845266844676));
#9783=CARTESIAN_POINT('',(-112.549930138576,28.8360605574667,60.0218044048901));
#9784=CARTESIAN_POINT('',(-112.549930138576,16.1638732658881,29.5657329097319));
#9785=CARTESIAN_POINT('',(-112.539930138576,25.3670791823772,51.6845266844676));
#9786=CARTESIAN_POINT('',(-112.549930138576,25.3670791823772,51.6845266844676));
#9787=CARTESIAN_POINT('',(-112.539930138576,28.8360605574667,60.0218044048901));
#9788=CARTESIAN_POINT('',(-112.539930138576,28.8360605574667,60.0218044048901));
#9789=CARTESIAN_POINT('',(-112.549930138576,28.8360605574667,60.0218044048901));
#9790=CARTESIAN_POINT('Origin',(-112.549930138576,29.2083435964448,43.426549295326));
#9791=CARTESIAN_POINT('',(-112.549930138576,29.2083435964448,43.426549295326));
#9792=CARTESIAN_POINT('',(-112.549930138576,32.5992946013547,36.1366588562087));
#9793=CARTESIAN_POINT('',(-112.539930138576,29.2083435964448,43.426549295326));
#9794=CARTESIAN_POINT('',(-112.549930138576,29.2083435964448,43.426549295326));
#9795=CARTESIAN_POINT('',(-112.539930138576,25.3670791823772,51.6845266844676));
#9796=CARTESIAN_POINT('Origin',(-112.549930138576,23.8199717674665,43.426549295326));
#9797=CARTESIAN_POINT('',(-112.549930138576,23.8199717674665,43.426549295326));
#9798=CARTESIAN_POINT('',(-112.549930138576,10.9099858837333,43.426549295326));
#9799=CARTESIAN_POINT('',(-112.539930138576,23.8199717674665,43.426549295326));
#9800=CARTESIAN_POINT('',(-112.549930138576,23.8199717674665,43.426549295326));
#9801=CARTESIAN_POINT('',(-112.539930138576,29.2083435964448,43.426549295326));
#9802=CARTESIAN_POINT('Origin',(-112.549930138576,19.9195275323773,51.656739914462));
#9803=CARTESIAN_POINT('',(-112.549930138576,19.9195275323773,51.656739914462));
#9804=CARTESIAN_POINT('',(-112.549930138576,25.7425815741661,39.3697177547013));
#9805=CARTESIAN_POINT('',(-112.539930138576,19.9195275323773,51.656739914462));
#9806=CARTESIAN_POINT('',(-112.549930138576,19.9195275323773,51.656739914462));
#9807=CARTESIAN_POINT('',(-112.539930138576,23.8199717674665,43.426549295326));
#9808=CARTESIAN_POINT('Origin',(-112.549930138576,23.3885089074665,60.0218044048901));
#9809=CARTESIAN_POINT('',(-112.549930138576,23.3885089074665,60.0218044048901));
#9810=CARTESIAN_POINT('',(-112.549930138576,12.8836899585616,34.6905966333862));
#9811=CARTESIAN_POINT('',(-112.539930138576,23.3885089074665,60.0218044048901));
#9812=CARTESIAN_POINT('',(-112.549930138576,23.3885089074665,60.0218044048901));
#9813=CARTESIAN_POINT('',(-112.539930138576,19.9195275323773,51.656739914462));
#9814=CARTESIAN_POINT('Origin',(-112.549930138576,24.3538978074665,60.0218044048901));
#9815=CARTESIAN_POINT('',(-112.549930138576,24.3538978074665,60.0218044048901));
#9816=CARTESIAN_POINT('',(-112.549930138576,11.1769489037332,60.0218044048901));
#9817=CARTESIAN_POINT('',(-112.539930138576,24.3538978074665,60.0218044048901));
#9818=CARTESIAN_POINT('',(-112.549930138576,24.3538978074665,60.0218044048901));
#9819=CARTESIAN_POINT('',(-112.539930138576,23.3885089074665,60.0218044048901));
#9820=CARTESIAN_POINT('Origin',(-112.549930138576,20.8849164323773,51.656739914462));
#9821=CARTESIAN_POINT('',(-112.549930138576,20.8849164323773,51.656739914462));
#9822=CARTESIAN_POINT('',(-112.549930138576,12.0437578349471,30.3372648752783));
#9823=CARTESIAN_POINT('',(-112.539930138576,20.8849164323773,51.656739914462));
#9824=CARTESIAN_POINT('',(-112.549930138576,20.8849164323773,51.656739914462));
#9825=CARTESIAN_POINT('',(-112.539930138576,24.3538978074665,60.0218044048901));
#9826=CARTESIAN_POINT('Origin',(-112.549930138576,24.4016902823771,51.656739914462));
#9827=CARTESIAN_POINT('',(-112.549930138576,24.4016902823771,51.656739914462));
#9828=CARTESIAN_POINT('',(-112.549930138576,11.2008451411885,51.656739914462));
#9829=CARTESIAN_POINT('',(-112.539930138576,24.4016902823771,51.656739914462));
#9830=CARTESIAN_POINT('',(-112.549930138576,24.4016902823771,51.656739914462));
#9831=CARTESIAN_POINT('',(-112.539930138576,20.8849164323773,51.656739914462));
#9832=CARTESIAN_POINT('Origin',(-112.549930138576,27.8706716574667,60.0218044048901));
#9833=CARTESIAN_POINT('',(-112.549930138576,27.8706716574667,60.0218044048901));
#9834=CARTESIAN_POINT('',(-112.549930138576,17.0369975768075,33.8975988949506));
#9835=CARTESIAN_POINT('',(-112.539930138576,27.8706716574667,60.0218044048901));
#9836=CARTESIAN_POINT('',(-112.549930138576,27.8706716574667,60.0218044048901));
#9837=CARTESIAN_POINT('',(-112.539930138576,24.4016902823771,51.656739914462));
#9838=CARTESIAN_POINT('Origin',(-112.549930138576,28.8360605574667,60.0218044048901));
#9839=CARTESIAN_POINT('',(-112.549930138576,13.4180302787334,60.0218044048901));
#9840=CARTESIAN_POINT('',(-112.539930138576,27.8706716574667,60.0218044048901));
#9841=CARTESIAN_POINT('Origin',(-112.539930138576,24.5639355644111,51.7241768501081));
#9842=CARTESIAN_POINT('Origin',(-112.549930138576,30.8146308323772,51.656739914462));
#9843=CARTESIAN_POINT('',(-112.549930138576,30.8146308323772,51.656739914462));
#9844=CARTESIAN_POINT('',(-112.549930138576,34.2836122074666,59.985804044517));
#9845=CARTESIAN_POINT('',(-112.549930138576,21.2053333372193,28.5847062458219));
#9846=CARTESIAN_POINT('',(-112.539930138576,30.8146308323772,51.656739914462));
#9847=CARTESIAN_POINT('',(-112.549930138576,30.8146308323772,51.656739914462));
#9848=CARTESIAN_POINT('',(-112.539930138576,34.2836122074666,59.985804044517));
#9849=CARTESIAN_POINT('',(-112.539930138576,34.2836122074666,59.985804044517));
#9850=CARTESIAN_POINT('',(-112.549930138576,34.2836122074666,59.985804044517));
#9851=CARTESIAN_POINT('Origin',(-112.549930138576,34.6558952464447,43.426549295326));
#9852=CARTESIAN_POINT('',(-112.549930138576,34.6558952464447,43.426549295326));
#9853=CARTESIAN_POINT('',(-112.549930138576,37.5576097583844,37.2094132220794));
#9854=CARTESIAN_POINT('',(-112.539930138576,34.6558952464447,43.426549295326));
#9855=CARTESIAN_POINT('',(-112.549930138576,34.6558952464447,43.426549295326));
#9856=CARTESIAN_POINT('',(-112.539930138576,30.8146308323772,51.656739914462));
#9857=CARTESIAN_POINT('Origin',(-112.549930138576,30.1737324964448,43.426549295326));
#9858=CARTESIAN_POINT('',(-112.549930138576,30.1737324964448,43.426549295326));
#9859=CARTESIAN_POINT('',(-112.549930138576,14.0868662482224,43.426549295326));
#9860=CARTESIAN_POINT('',(-112.539930138576,30.1737324964448,43.426549295326));
#9861=CARTESIAN_POINT('',(-112.549930138576,30.1737324964448,43.426549295326));
#9862=CARTESIAN_POINT('',(-112.539930138576,34.6558952464447,43.426549295326));
#9863=CARTESIAN_POINT('Origin',(-112.549930138576,26.3324680823771,51.656739914462));
#9864=CARTESIAN_POINT('',(-112.549930138576,26.3324680823771,51.656739914462));
#9865=CARTESIAN_POINT('',(-112.549930138576,31.555679323567,40.4656269044922));
#9866=CARTESIAN_POINT('',(-112.539930138576,26.3324680823771,51.656739914462));
#9867=CARTESIAN_POINT('',(-112.549930138576,26.3324680823771,51.656739914462));
#9868=CARTESIAN_POINT('',(-112.539930138576,30.1737324964448,43.426549295326));
#9869=CARTESIAN_POINT('Origin',(-112.549930138576,29.8492419323772,51.656739914462));
#9870=CARTESIAN_POINT('',(-112.549930138576,29.8492419323772,51.656739914462));
#9871=CARTESIAN_POINT('',(-112.549930138576,13.9246209661886,51.656739914462));
#9872=CARTESIAN_POINT('',(-112.539930138576,29.8492419323772,51.656739914462));
#9873=CARTESIAN_POINT('',(-112.549930138576,29.8492419323772,51.656739914462));
#9874=CARTESIAN_POINT('',(-112.539930138576,26.3324680823771,51.656739914462));
#9875=CARTESIAN_POINT('Origin',(-112.549930138576,33.3182233074666,59.985804044517));
#9876=CARTESIAN_POINT('',(-112.549930138576,33.3182233074666,59.985804044517));
#9877=CARTESIAN_POINT('',(-112.549930138576,22.0457883713824,32.9205582756206));
#9878=CARTESIAN_POINT('',(-112.539930138576,33.3182233074666,59.985804044517));
#9879=CARTESIAN_POINT('',(-112.549930138576,33.3182233074666,59.985804044517));
#9880=CARTESIAN_POINT('',(-112.539930138576,29.8492419323772,51.656739914462));
#9881=CARTESIAN_POINT('Origin',(-112.549930138576,34.2836122074666,59.985804044517));
#9882=CARTESIAN_POINT('',(-112.549930138576,16.1418061037333,59.985804044517));
#9883=CARTESIAN_POINT('',(-112.539930138576,33.3182233074666,59.985804044517));
#9884=CARTESIAN_POINT('Origin',(-112.539930138576,30.4941816644109,51.7061766699215));
#9885=CARTESIAN_POINT('Origin',(-112.549930138576,39.1380579964446,43.426549295326));
#9886=CARTESIAN_POINT('',(-112.549930138576,39.1380579964446,43.426549295326));
#9887=CARTESIAN_POINT('',(-112.549930138576,42.6070393715339,51.7556134253809));
#9888=CARTESIAN_POINT('',(-112.549930138576,30.3741114430496,22.3842129484723));
#9889=CARTESIAN_POINT('',(-112.539930138576,39.1380579964446,43.426549295326));
#9890=CARTESIAN_POINT('',(-112.549930138576,39.1380579964446,43.426549295326));
#9891=CARTESIAN_POINT('',(-112.539930138576,42.6070393715339,51.7556134253809));
#9892=CARTESIAN_POINT('',(-112.539930138576,42.6070393715339,51.7556134253809));
#9893=CARTESIAN_POINT('',(-112.549930138576,42.6070393715339,51.7556134253809));
#9894=CARTESIAN_POINT('Origin',(-112.549930138576,35.2967935823772,51.656739914462));
#9895=CARTESIAN_POINT('',(-112.549930138576,35.2967935823772,51.656739914462));
#9896=CARTESIAN_POINT('',(-112.549930138576,39.7182757791344,42.1833901588028));
#9897=CARTESIAN_POINT('',(-112.539930138576,35.2967935823772,51.656739914462));
#9898=CARTESIAN_POINT('',(-112.549930138576,35.2967935823772,51.656739914462));
#9899=CARTESIAN_POINT('',(-112.539930138576,39.1380579964446,43.426549295326));
#9900=CARTESIAN_POINT('Origin',(-112.549930138576,38.7657749574666,59.985804044517));
#9901=CARTESIAN_POINT('',(-112.549930138576,38.7657749574666,59.985804044517));
#9902=CARTESIAN_POINT('',(-112.549930138576,27.0907038440358,31.9538241886977));
#9903=CARTESIAN_POINT('',(-112.539930138576,38.7657749574666,59.985804044517));
#9904=CARTESIAN_POINT('',(-112.549930138576,38.7657749574666,59.985804044517));
#9905=CARTESIAN_POINT('',(-112.539930138576,35.2967935823772,51.656739914462));
#9906=CARTESIAN_POINT('Origin',(-112.549930138576,42.6070393715339,51.7556134253809));
#9907=CARTESIAN_POINT('',(-112.549930138576,46.3936723443057,43.642474674378));
#9908=CARTESIAN_POINT('',(-112.539930138576,38.7657749574666,59.985804044517));
#9909=CARTESIAN_POINT('Origin',(-112.539930138576,38.9519164769556,51.7061766699215));
#9910=CARTESIAN_POINT('Origin',(-106.049930138576,67.,23.6753009799298));
#9911=CARTESIAN_POINT('',(-108.199930138576,55.,23.6753009799298));
#9912=CARTESIAN_POINT('',(-108.199930138576,67.,23.6753009799298));
#9913=CARTESIAN_POINT('Origin',(-106.049930138576,55.,23.6753009799298));
#9914=CARTESIAN_POINT('Origin',(-106.049930138576,55.,23.6753009799298));
#9915=CARTESIAN_POINT('Origin',(-106.049930138576,67.,79.6753009799298));
#9916=CARTESIAN_POINT('',(-108.199930138576,55.,79.6753009799298));
#9917=CARTESIAN_POINT('',(-108.199930138576,67.,79.6753009799298));
#9918=CARTESIAN_POINT('Origin',(-106.049930138576,55.,79.6753009799298));
#9919=CARTESIAN_POINT('Origin',(-106.049930138576,55.,79.6753009799298));
#9920=CARTESIAN_POINT('Origin',(-52.0499301385755,65.,23.6753009799298));
#9921=CARTESIAN_POINT('',(-56.1999301385755,67.,23.6753009799298));
#9922=CARTESIAN_POINT('Origin',(-52.0499301385755,67.,23.6753009799298));
#9923=CARTESIAN_POINT('',(-56.1999301385755,65.,23.6753009799298));
#9924=CARTESIAN_POINT('Origin',(-52.0499301385755,67.,23.6753009799298));
#9925=CARTESIAN_POINT('',(-54.1999301385755,67.,23.6753009799298));
#9926=CARTESIAN_POINT('Origin',(-52.0499301385755,67.,23.6753009799298));
#9927=CARTESIAN_POINT('Origin',(-102.549930138576,65.,83.674519760445));
#9928=CARTESIAN_POINT('',(-102.549930138576,65.,75.6760821994146));
#9929=CARTESIAN_POINT('',(-102.549930138576,65.,83.674519760445));
#9930=CARTESIAN_POINT('Origin',(-76.0507113580604,65.,102.17530097993));
#9931=CARTESIAN_POINT('',(-84.0491489190908,65.,102.17530097993));
#9932=CARTESIAN_POINT('',(-76.0507113580604,65.,102.17530097993));
#9933=CARTESIAN_POINT('Origin',(-48.0507113580604,65.,102.17530097993));
#9934=CARTESIAN_POINT('',(-56.0491489190908,65.,102.17530097993));
#9935=CARTESIAN_POINT('',(-48.0507113580604,65.,102.17530097993));
#9936=CARTESIAN_POINT('Origin',(-20.0507113580604,65.,102.17530097993));
#9937=CARTESIAN_POINT('',(-28.0491489190908,65.,102.17530097993));
#9938=CARTESIAN_POINT('',(-20.0507113580604,65.,102.17530097993));
#9939=CARTESIAN_POINT('Origin',(-1.54993013857557,65.,75.6760821994146));
#9940=CARTESIAN_POINT('',(-1.54993013857556,65.,83.6745197604451));
#9941=CARTESIAN_POINT('',(-1.54993013857556,65.,75.6760821994146));
#9942=CARTESIAN_POINT('Origin',(-1.54993013857557,65.,47.6760821994146));
#9943=CARTESIAN_POINT('',(-1.54993013857557,65.,55.6745197604451));
#9944=CARTESIAN_POINT('',(-1.54993013857557,65.,47.6760821994146));
#9945=CARTESIAN_POINT('Origin',(-1.54993013857558,65.,19.6760821994146));
#9946=CARTESIAN_POINT('',(-1.54993013857557,65.,27.674519760445));
#9947=CARTESIAN_POINT('',(-1.54993013857558,65.,19.6760821994146));
#9948=CARTESIAN_POINT('Origin',(-28.0491489190908,65.,1.17530097992983));
#9949=CARTESIAN_POINT('',(-20.0507113580604,65.,1.17530097992983));
#9950=CARTESIAN_POINT('',(-28.0491489190908,65.,1.17530097992983));
#9951=CARTESIAN_POINT('Origin',(-56.0491489190908,65.,1.17530097992983));
#9952=CARTESIAN_POINT('',(-48.0507113580604,65.,1.17530097992983));
#9953=CARTESIAN_POINT('',(-56.0491489190908,65.,1.17530097992983));
#9954=CARTESIAN_POINT('Origin',(-84.0491489190908,65.,1.17530097992983));
#9955=CARTESIAN_POINT('',(-76.0507113580604,65.,1.17530097992983));
#9956=CARTESIAN_POINT('',(-84.0491489190908,65.,1.17530097992983));
#9957=CARTESIAN_POINT('Origin',(-102.549930138576,65.,55.674519760445));
#9958=CARTESIAN_POINT('',(-102.549930138576,65.,19.6760821994146));
#9959=CARTESIAN_POINT('',(-102.549930138576,65.,55.674519760445));
#9960=CARTESIAN_POINT('',(-102.549930138576,0.,44.1753009799298));
#9961=CARTESIAN_POINT('',(-102.549930138576,32.5,44.1753009799297));
#9962=CARTESIAN_POINT('',(-102.549930138576,0.,31.1753009799299));
#9963=CARTESIAN_POINT('',(-102.549930138576,0.,49.1753009799298));
#9964=CARTESIAN_POINT('',(-102.549930138576,32.5,31.1753009799299));
#9965=CARTESIAN_POINT('Origin',(-52.0499301385755,65.,51.6753009799298));
#9966=CARTESIAN_POINT('',(-56.1999301385756,67.,51.6753009799298));
#9967=CARTESIAN_POINT('Origin',(-52.0499301385755,67.,51.6753009799298));
#9968=CARTESIAN_POINT('',(-56.1999301385756,65.,51.6753009799298));
#9969=CARTESIAN_POINT('Origin',(-52.0499301385755,67.,51.6753009799298));
#9970=CARTESIAN_POINT('',(-54.1999301385756,67.,51.6753009799298));
#9971=CARTESIAN_POINT('Origin',(-52.0499301385755,67.,51.6753009799298));
#9972=CARTESIAN_POINT('Origin',(-24.0499301385756,65.,51.6753009799298));
#9973=CARTESIAN_POINT('',(-28.1999301385756,67.,51.6753009799298));
#9974=CARTESIAN_POINT('Origin',(-24.0499301385756,67.,51.6753009799298));
#9975=CARTESIAN_POINT('',(-28.1999301385756,65.,51.6753009799298));
#9976=CARTESIAN_POINT('Origin',(-24.0499301385756,67.,51.6753009799298));
#9977=CARTESIAN_POINT('',(-26.1999301385756,67.,51.6753009799298));
#9978=CARTESIAN_POINT('Origin',(-24.0499301385756,67.,51.6753009799298));
#9979=CARTESIAN_POINT('Origin',(-80.0499301385756,65.,51.6753009799298));
#9980=CARTESIAN_POINT('',(-84.1999301385756,67.,51.6753009799298));
#9981=CARTESIAN_POINT('Origin',(-80.0499301385756,67.,51.6753009799298));
#9982=CARTESIAN_POINT('',(-84.1999301385756,65.,51.6753009799298));
#9983=CARTESIAN_POINT('Origin',(-80.0499301385756,67.,51.6753009799298));
#9984=CARTESIAN_POINT('',(-82.1999301385756,67.,51.6753009799298));
#9985=CARTESIAN_POINT('Origin',(-80.0499301385756,67.,51.6753009799298));
#9986=CARTESIAN_POINT('Origin',(-52.0499301385756,65.,79.6753009799298));
#9987=CARTESIAN_POINT('',(-56.1999301385756,67.,79.6753009799298));
#9988=CARTESIAN_POINT('Origin',(-52.0499301385756,67.,79.6753009799298));
#9989=CARTESIAN_POINT('',(-56.1999301385756,65.,79.6753009799298));
#9990=CARTESIAN_POINT('Origin',(-52.0499301385756,67.,79.6753009799298));
#9991=CARTESIAN_POINT('',(-54.1999301385756,67.,79.6753009799298));
#9992=CARTESIAN_POINT('Origin',(-52.0499301385756,67.,79.6753009799298));
#9993=CARTESIAN_POINT('Origin',(-94.0499301385756,0.,37.6753009799298));
#9994=CARTESIAN_POINT('',(-105.966961018791,0.,32.1753009799298));
#9995=CARTESIAN_POINT('',(-105.966961018791,0.,43.1753009799298));
#9996=CARTESIAN_POINT('Origin',(-94.0499301385756,0.,37.6753009799298));
#9997=CARTESIAN_POINT('',(-105.966961018791,0.,43.1753009799298));
#9998=CARTESIAN_POINT('',(-105.966961018791,0.,32.1753009799298));
#9999=CARTESIAN_POINT('Origin',(8.45006986142443,15.,23.81602549844));
#10000=CARTESIAN_POINT('',(8.45006986142443,15.,25.96602549844));
#10001=CARTESIAN_POINT('Origin',(8.45006986142443,15.,23.81602549844));
#10002=CARTESIAN_POINT('',(1.45006986142443,15.,25.96602549844));
#10003=CARTESIAN_POINT('',(8.45006986142443,15.,25.96602549844));
#10004=CARTESIAN_POINT('Origin',(1.45006986142443,15.,23.81602549844));
#10005=CARTESIAN_POINT('Origin',(1.45006986142443,15.,23.81602549844));
#10006=CARTESIAN_POINT('Origin',(8.45006986142443,15.,79.8160249770329));
#10007=CARTESIAN_POINT('',(8.45006986142443,15.,81.9660249770329));
#10008=CARTESIAN_POINT('Origin',(8.45006986142443,15.,79.8160249770329));
#10009=CARTESIAN_POINT('',(1.45006986142443,15.,81.9660249770329));
#10010=CARTESIAN_POINT('',(8.45006986142443,15.,81.9660249770329));
#10011=CARTESIAN_POINT('Origin',(1.45006986142443,15.,79.8160249770329));
#10012=CARTESIAN_POINT('Origin',(1.45006986142443,15.,79.8160249770329));
#10013=CARTESIAN_POINT('Origin',(-79.9257174124919,15.,-8.82469902007017));
#10014=CARTESIAN_POINT('',(-77.7757174124919,15.,-8.82469902007017));
#10015=CARTESIAN_POINT('Origin',(-79.9257174124919,15.,-8.82469902007017));
#10016=CARTESIAN_POINT('',(-77.7757174124919,15.,-1.82469902007017));
#10017=CARTESIAN_POINT('',(-77.7757174124919,15.,-8.82469902007017));
#10018=CARTESIAN_POINT('Origin',(-79.9257174124919,15.,-1.82469902007017));
#10019=CARTESIAN_POINT('Origin',(-79.9257174124919,15.,-1.82469902007017));
#10020=CARTESIAN_POINT('Origin',(-23.9092061414726,15.,-8.82469902007017));
#10021=CARTESIAN_POINT('',(-21.7592061414726,15.,-8.82469902007017));
#10022=CARTESIAN_POINT('Origin',(-23.9092061414726,15.,-8.82469902007017));
#10023=CARTESIAN_POINT('',(-21.7592061414726,15.,-1.82469902007017));
#10024=CARTESIAN_POINT('',(-21.7592061414726,15.,-8.82469902007017));
#10025=CARTESIAN_POINT('Origin',(-23.9092061414726,15.,-1.82469902007017));
#10026=CARTESIAN_POINT('Origin',(-23.9092061414726,15.,-1.82469902007017));
#10027=CARTESIAN_POINT('Origin',(-79.9257174124919,15.,112.17530097993));
#10028=CARTESIAN_POINT('',(-82.0757174124919,15.,112.17530097993));
#10029=CARTESIAN_POINT('Origin',(-79.9257174124919,15.,112.17530097993));
#10030=CARTESIAN_POINT('',(-82.0757174124919,15.,105.17530097993));
#10031=CARTESIAN_POINT('',(-82.0757174124919,15.,112.17530097993));
#10032=CARTESIAN_POINT('Origin',(-79.9257174124919,15.,105.17530097993));
#10033=CARTESIAN_POINT('Origin',(-79.9257174124919,15.,105.17530097993));
#10034=CARTESIAN_POINT('Origin',(-23.9092061414726,15.,112.17530097993));
#10035=CARTESIAN_POINT('',(-26.0592061414726,15.,112.17530097993));
#10036=CARTESIAN_POINT('Origin',(-23.9092061414726,15.,112.17530097993));
#10037=CARTESIAN_POINT('',(-26.0592061414726,15.,105.17530097993));
#10038=CARTESIAN_POINT('',(-26.0592061414726,15.,112.17530097993));
#10039=CARTESIAN_POINT('Origin',(-23.9092061414726,15.,105.17530097993));
#10040=CARTESIAN_POINT('Origin',(-23.9092061414726,15.,105.17530097993));
#10041=CARTESIAN_POINT('Origin',(-79.9092056200669,44.9999999999998,-5.62469902007017));
#10042=CARTESIAN_POINT('',(-77.7592056200669,44.9999999999998,1.37530097992983));
#10043=CARTESIAN_POINT('',(-77.7592056200669,44.9999999999998,-5.62469902007017));
#10044=CARTESIAN_POINT('Origin',(-79.9092056200669,44.9999999999998,1.37530097992983));
#10045=CARTESIAN_POINT('Origin',(-79.9092056200669,44.9999999999998,1.37530097992983));
#10046=CARTESIAN_POINT('Origin',(-23.9092061414726,44.9999999999999,-5.62469902007018));
#10047=CARTESIAN_POINT('',(-21.7592061414726,44.9999999999999,1.37530097992982));
#10048=CARTESIAN_POINT('',(-21.7592061414726,44.9999999999999,-5.62469902007018));
#10049=CARTESIAN_POINT('Origin',(-23.9092061414726,44.9999999999999,1.37530097992982));
#10050=CARTESIAN_POINT('Origin',(-23.9092061414726,44.9999999999999,1.37530097992982));
#10051=CARTESIAN_POINT('Origin',(5.25006986142442,45.,23.81602549844));
#10052=CARTESIAN_POINT('',(-1.74993013857558,45.,25.96602549844));
#10053=CARTESIAN_POINT('',(5.25006986142442,45.,25.96602549844));
#10054=CARTESIAN_POINT('Origin',(-1.74993013857558,45.,23.81602549844));
#10055=CARTESIAN_POINT('Origin',(-1.74993013857558,45.,23.81602549844));
#10056=CARTESIAN_POINT('Origin',(5.25006986142442,45.0000000000003,79.8160249770329));
#10057=CARTESIAN_POINT('',(-1.74993013857558,45.0000000000003,81.9660249770329));
#10058=CARTESIAN_POINT('',(5.25006986142442,45.0000000000003,81.9660249770329));
#10059=CARTESIAN_POINT('Origin',(-1.74993013857558,45.0000000000003,79.8160249770329));
#10060=CARTESIAN_POINT('Origin',(-1.74993013857558,45.0000000000003,79.8160249770329));
#10061=CARTESIAN_POINT('Origin',(-23.9257179338976,45.0000000000006,108.97530097993));
#10062=CARTESIAN_POINT('',(-26.0757179338976,45.0000000000006,101.97530097993));
#10063=CARTESIAN_POINT('',(-26.0757179338976,45.0000000000006,108.97530097993));
#10064=CARTESIAN_POINT('Origin',(-23.9257179338976,45.0000000000006,101.97530097993));
#10065=CARTESIAN_POINT('Origin',(-23.9257179338976,45.0000000000006,101.97530097993));
#10066=CARTESIAN_POINT('Origin',(-79.9257174124919,45.0000000000005,108.97530097993));
#10067=CARTESIAN_POINT('',(-82.0757174124919,45.0000000000005,101.97530097993));
#10068=CARTESIAN_POINT('',(-82.0757174124919,45.0000000000005,108.97530097993));
#10069=CARTESIAN_POINT('Origin',(-79.9257174124919,45.0000000000005,101.97530097993));
#10070=CARTESIAN_POINT('Origin',(-79.9257174124919,45.0000000000005,101.97530097993));
#10071=CARTESIAN_POINT('Origin',(-80.0499301385756,64.,23.6753009799298));
#10072=CARTESIAN_POINT('',(-84.0499301385756,63.,23.6753009799298));
#10073=CARTESIAN_POINT('',(-85.0499301385756,64.,23.6753009799298));
#10074=CARTESIAN_POINT('Origin',(-80.0499301385756,63.,23.6753009799298));
#10075=CARTESIAN_POINT('Origin',(-80.0499301385756,-2.,23.6753009799298));
#10076=CARTESIAN_POINT('',(-84.0499301385756,2.,23.6753009799298));
#10077=CARTESIAN_POINT('Origin',(-80.0499301385756,2.,23.6753009799298));
#10078=CARTESIAN_POINT('',(-84.0499301385756,-2.,23.6753009799298));
#10079=CARTESIAN_POINT('Origin',(-80.0499301385756,64.,79.6753009799298));
#10080=CARTESIAN_POINT('',(-84.0499301385756,63.,79.6753009799298));
#10081=CARTESIAN_POINT('',(-85.0499301385756,64.,79.6753009799298));
#10082=CARTESIAN_POINT('Origin',(-80.0499301385756,63.,79.6753009799298));
#10083=CARTESIAN_POINT('Origin',(-80.0499301385756,-2.,79.6753009799298));
#10084=CARTESIAN_POINT('',(-84.0499301385756,2.,79.6753009799298));
#10085=CARTESIAN_POINT('Origin',(-80.0499301385756,2.,79.6753009799298));
#10086=CARTESIAN_POINT('',(-84.0499301385756,-2.,79.6753009799298));
#10087=CARTESIAN_POINT('Origin',(-24.0499301385756,64.,79.6753009799298));
#10088=CARTESIAN_POINT('',(-28.0499301385756,63.,79.6753009799298));
#10089=CARTESIAN_POINT('',(-29.0499301385756,64.,79.6753009799298));
#10090=CARTESIAN_POINT('Origin',(-24.0499301385756,63.,79.6753009799298));
#10091=CARTESIAN_POINT('Origin',(-24.0499301385756,-2.,79.6753009799298));
#10092=CARTESIAN_POINT('',(-28.0499301385756,2.,79.6753009799298));
#10093=CARTESIAN_POINT('Origin',(-24.0499301385756,2.,79.6753009799298));
#10094=CARTESIAN_POINT('',(-28.0499301385756,-2.,79.6753009799298));
#10095=CARTESIAN_POINT('Origin',(-24.0499301385756,64.,23.6753009799298));
#10096=CARTESIAN_POINT('',(-28.0499301385756,63.,23.6753009799298));
#10097=CARTESIAN_POINT('',(-29.0499301385756,64.,23.6753009799298));
#10098=CARTESIAN_POINT('Origin',(-24.0499301385756,63.,23.6753009799298));
#10099=CARTESIAN_POINT('Origin',(-24.0499301385756,-2.,23.6753009799298));
#10100=CARTESIAN_POINT('',(-28.0499301385756,2.,23.6753009799298));
#10101=CARTESIAN_POINT('Origin',(-24.0499301385756,2.,23.6753009799298));
#10102=CARTESIAN_POINT('',(-28.0499301385756,-2.,23.6753009799298));
#10103=CARTESIAN_POINT('Origin',(4.95006986142443,-1.5,31.4253009799298));
#10104=CARTESIAN_POINT('',(5.45006986142442,-1.,92.1753009799298));
#10105=CARTESIAN_POINT('',(5.45006986142442,-1.,92.1753009799298));
#10106=CARTESIAN_POINT('',(5.45006986142443,-1.,11.1753009799298));
#10107=CARTESIAN_POINT('',(4.45006986142444,-2.,11.1753009799298));
#10108=CARTESIAN_POINT('',(5.45006986142443,-1.,31.4253009799298));
#10109=CARTESIAN_POINT('Origin',(-11.5499301385756,-1.5,92.1753009799298));
#10110=CARTESIAN_POINT('',(-11.5499301385756,-1.,109.17530097993));
#10111=CARTESIAN_POINT('',(-11.5499301385756,-1.,109.17530097993));
#10112=CARTESIAN_POINT('Origin',(-11.5499301385756,-1.,92.1753009799298));
#10113=CARTESIAN_POINT('Origin',(-57.9999301385756,-1.5,108.67530097993));
#10114=CARTESIAN_POINT('',(-92.5499301385756,-1.,109.17530097993));
#10115=CARTESIAN_POINT('',(-92.5499301385756,-1.,109.17530097993));
#10116=CARTESIAN_POINT('',(-57.9999301385756,-1.,109.17530097993));
#10117=CARTESIAN_POINT('Origin',(-92.5499301385756,-1.5,92.1753009799298));
#10118=CARTESIAN_POINT('',(-109.549930138576,-1.,92.1753009799298));
#10119=CARTESIAN_POINT('',(-109.549930138576,-1.,92.1753009799298));
#10120=CARTESIAN_POINT('Origin',(-92.5499301385756,-1.,92.1753009799298));
#10121=CARTESIAN_POINT('Origin',(-109.049930138576,-1.5,71.9253009799298));
#10122=CARTESIAN_POINT('',(-109.549930138576,-1.,11.1753009799298));
#10123=CARTESIAN_POINT('',(-109.549930138576,-1.,11.1753009799298));
#10124=CARTESIAN_POINT('',(-109.549930138576,-1.,71.9253009799298));
#10125=CARTESIAN_POINT('Origin',(-92.5499301385756,-1.5,11.1753009799298));
#10126=CARTESIAN_POINT('',(-92.5499301385756,-1.,-5.82469902007017));
#10127=CARTESIAN_POINT('',(-92.5499301385756,-1.,-5.82469902007017));
#10128=CARTESIAN_POINT('Origin',(-92.5499301385756,-1.,11.1753009799298));
#10129=CARTESIAN_POINT('Origin',(-98.4999301385756,-1.5,-5.32469902007017));
#10130=CARTESIAN_POINT('',(-11.5499301385756,-1.,-5.82469902007016));
#10131=CARTESIAN_POINT('',(-11.5499301385756,-1.,-5.82469902007016));
#10132=CARTESIAN_POINT('',(-98.4999301385756,-1.,-5.82469902007017));
#10133=CARTESIAN_POINT('Origin',(-11.5499301385756,-1.5,11.1753009799298));
#10134=CARTESIAN_POINT('Origin',(-11.5499301385756,-1.,11.1753009799298));
#10135=CARTESIAN_POINT('Origin',(-92.5499301385756,-2.,92.1753009799298));
#10136=CARTESIAN_POINT('',(-92.5499301385756,2.77555756156289E-16,109.17530097993));
#10137=CARTESIAN_POINT('',(-92.5499301385756,-2.,109.17530097993));
#10138=CARTESIAN_POINT('',(-109.549930138576,2.77555756156289E-16,92.1753009799298));
#10139=CARTESIAN_POINT('Origin',(-92.5499301385756,2.77555756156289E-16,
92.1753009799298));
#10140=CARTESIAN_POINT('',(-109.549930138576,-2.,92.1753009799298));
#10141=CARTESIAN_POINT('Origin',(-11.5499301385756,-2.,109.17530097993));
#10142=CARTESIAN_POINT('',(-11.5499301385756,2.77555756156289E-16,109.17530097993));
#10143=CARTESIAN_POINT('',(-11.5499301385756,-2.,109.17530097993));
#10144=CARTESIAN_POINT('',(-92.5499301385756,2.77555756156289E-16,109.17530097993));
#10145=CARTESIAN_POINT('Origin',(-11.5499301385756,-2.,92.1753009799298));
#10146=CARTESIAN_POINT('',(5.45006986142441,2.77555756156289E-16,92.1753009799298));
#10147=CARTESIAN_POINT('',(5.45006986142442,-2.,92.1753009799298));
#10148=CARTESIAN_POINT('Origin',(-11.5499301385756,2.77555756156289E-16,
92.1753009799298));
#10149=CARTESIAN_POINT('Origin',(5.45006986142443,-2.,11.1753009799298));
#10150=CARTESIAN_POINT('',(5.45006986142443,2.77555756156289E-16,11.1753009799298));
#10151=CARTESIAN_POINT('',(5.45006986142443,-2.,11.1753009799298));
#10152=CARTESIAN_POINT('',(5.45006986142442,2.77555756156289E-16,92.1753009799298));
#10153=CARTESIAN_POINT('Origin',(1.95006986142443,-2.,23.6753009799298));
#10154=CARTESIAN_POINT('',(-0.199930138575568,10.,23.6753009799298));
#10155=CARTESIAN_POINT('',(-0.199930138575568,-2.,23.6753009799298));
#10156=CARTESIAN_POINT('Origin',(1.95006986142443,10.,23.6753009799298));
#10157=CARTESIAN_POINT('Origin',(1.95006986142443,10.,23.6753009799298));
#10158=CARTESIAN_POINT('Origin',(-106.049930138576,-2.,79.6753009799298));
#10159=CARTESIAN_POINT('',(-108.199930138576,10.,79.6753009799298));
#10160=CARTESIAN_POINT('',(-108.199930138576,-2.,79.6753009799298));
#10161=CARTESIAN_POINT('Origin',(-106.049930138576,10.,79.6753009799298));
#10162=CARTESIAN_POINT('Origin',(-106.049930138576,10.,79.6753009799298));
#10163=CARTESIAN_POINT('Origin',(-106.049930138576,-2.,23.6753009799298));
#10164=CARTESIAN_POINT('',(-108.199930138576,10.,23.6753009799298));
#10165=CARTESIAN_POINT('',(-108.199930138576,-2.,23.6753009799298));
#10166=CARTESIAN_POINT('Origin',(-106.049930138576,10.,23.6753009799298));
#10167=CARTESIAN_POINT('Origin',(-106.049930138576,10.,23.6753009799298));
#10168=CARTESIAN_POINT('Origin',(1.95006986142441,-2.,79.6753009799298));
#10169=CARTESIAN_POINT('',(-0.199930138575593,10.,79.6753009799298));
#10170=CARTESIAN_POINT('',(-0.199930138575593,-2.,79.6753009799298));
#10171=CARTESIAN_POINT('Origin',(1.95006986142441,10.,79.6753009799298));
#10172=CARTESIAN_POINT('Origin',(1.95006986142441,10.,79.6753009799298));
#10173=CARTESIAN_POINT('Origin',(-24.0499301385756,-2.,-2.32469902007018));
#10174=CARTESIAN_POINT('',(-26.1999301385756,10.,-2.32469902007018));
#10175=CARTESIAN_POINT('',(-26.1999301385756,-2.,-2.32469902007018));
#10176=CARTESIAN_POINT('Origin',(-24.0499301385756,10.,-2.32469902007018));
#10177=CARTESIAN_POINT('Origin',(-24.0499301385756,10.,-2.32469902007018));
#10178=CARTESIAN_POINT('Origin',(-80.0499301385756,-2.,105.67530097993));
#10179=CARTESIAN_POINT('',(-82.1999301385756,10.,105.67530097993));
#10180=CARTESIAN_POINT('',(-82.1999301385756,-2.,105.67530097993));
#10181=CARTESIAN_POINT('Origin',(-80.0499301385756,10.,105.67530097993));
#10182=CARTESIAN_POINT('Origin',(-80.0499301385756,10.,105.67530097993));
#10183=CARTESIAN_POINT('Origin',(-80.0499301385756,-2.,-2.32469902007019));
#10184=CARTESIAN_POINT('',(-82.1999301385756,10.,-2.32469902007019));
#10185=CARTESIAN_POINT('',(-82.1999301385756,-2.,-2.32469902007019));
#10186=CARTESIAN_POINT('Origin',(-80.0499301385756,10.,-2.32469902007019));
#10187=CARTESIAN_POINT('Origin',(-80.0499301385756,10.,-2.32469902007019));
#10188=CARTESIAN_POINT('Origin',(-24.0499301385756,-2.,105.67530097993));
#10189=CARTESIAN_POINT('',(-26.1999301385756,10.,105.67530097993));
#10190=CARTESIAN_POINT('',(-26.1999301385756,-2.,105.67530097993));
#10191=CARTESIAN_POINT('Origin',(-24.0499301385756,10.,105.67530097993));
#10192=CARTESIAN_POINT('Origin',(-24.0499301385756,10.,105.67530097993));
#10193=CARTESIAN_POINT('Origin',(-11.5499301385756,-2.,11.1753009799298));
#10194=CARTESIAN_POINT('',(-11.5499301385756,2.77555756156289E-16,-5.82469902007016));
#10195=CARTESIAN_POINT('',(-11.5499301385756,-2.,-5.82469902007016));
#10196=CARTESIAN_POINT('Origin',(-11.5499301385756,2.77555756156289E-16,
11.1753009799298));
#10197=CARTESIAN_POINT('Origin',(-92.5499301385756,-2.,-5.82469902007017));
#10198=CARTESIAN_POINT('',(-92.5499301385756,2.77555756156289E-16,-5.82469902007017));
#10199=CARTESIAN_POINT('',(-92.5499301385756,-2.,-5.82469902007017));
#10200=CARTESIAN_POINT('',(-11.5499301385756,2.77555756156289E-16,-5.82469902007016));
#10201=CARTESIAN_POINT('Origin',(-92.5499301385756,-2.,11.1753009799298));
#10202=CARTESIAN_POINT('',(-109.549930138576,2.77555756156289E-16,11.1753009799298));
#10203=CARTESIAN_POINT('',(-109.549930138576,-2.,11.1753009799298));
#10204=CARTESIAN_POINT('Origin',(-92.5499301385756,2.77555756156289E-16,
11.1753009799298));
#10205=CARTESIAN_POINT('Origin',(-109.549930138576,-2.,92.1753009799298));
#10206=CARTESIAN_POINT('',(-109.549930138576,2.77555756156289E-16,11.1753009799298));
#10207=CARTESIAN_POINT('Origin',(-52.0499301385756,2.77555756156289E-16,
51.6753009799298));
#10208=CARTESIAN_POINT('',(-92.5499301385756,2.77555756156289E-16,-8.82469902007017));
#10209=CARTESIAN_POINT('',(-31.7999301385756,2.77555756156289E-16,-8.82469902007017));
#10210=CARTESIAN_POINT('',(8.45006986142442,2.77555756156289E-16,71.9253009799298));
#10211=CARTESIAN_POINT('',(-72.2999301385756,2.77555756156289E-16,112.17530097993));
#10212=CARTESIAN_POINT('',(-112.549930138576,2.77555756156289E-16,11.1753009799298));
#10213=CARTESIAN_POINT('',(-112.549930138576,2.77555756156289E-16,31.4253009799298));
#10214=CARTESIAN_POINT('Origin',(-92.5499301385756,2.77555756156289E-16,
11.1753009799298));
#10215=CARTESIAN_POINT('Origin',(8.45006986142443,-2.,92.1753009799298));
#10216=CARTESIAN_POINT('Origin',(-11.5499301385756,-2.,-8.82469902007017));
#10217=CARTESIAN_POINT('',(-92.5499301385756,-2.,-8.82469902007017));
#10218=CARTESIAN_POINT('Origin',(-92.5499301385756,-2.,112.17530097993));
#10219=CARTESIAN_POINT('Origin',(-112.549930138576,-2.,11.1753009799298));
#10220=CARTESIAN_POINT('',(-112.549930138576,-2.,11.1753009799298));
#10221=CARTESIAN_POINT('Origin',(-92.5499301385756,-2.,11.1753009799298));
#10222=CARTESIAN_POINT('Origin',(-80.0499301385756,1.,79.6753009799298));
#10223=CARTESIAN_POINT('',(-86.0499301385756,0.,79.6753009799298));
#10224=CARTESIAN_POINT('Origin',(-80.0499301385756,0.,79.6753009799298));
#10225=CARTESIAN_POINT('',(-85.0499301385756,1.,79.6753009799298));
#10226=CARTESIAN_POINT('Origin',(-52.0499301385756,0.,51.6753009799298));
#10227=CARTESIAN_POINT('',(-82.1328992583605,0.,60.1753009799298));
#10228=CARTESIAN_POINT('',(-77.9669610187907,0.,60.1753009799298));
#10229=CARTESIAN_POINT('',(-63.7999301385756,0.,60.1753009799298));
#10230=CARTESIAN_POINT('',(-79.1749301385756,0.,65.6753009799298));
#10231=CARTESIAN_POINT('Origin',(-66.0499301385756,0.,65.6753009799298));
#10232=CARTESIAN_POINT('',(-60.5499301385756,0.,77.5923318601449));
#10233=CARTESIAN_POINT('Origin',(-66.0499301385756,0.,65.6753009799298));
#10234=CARTESIAN_POINT('',(-60.5499301385756,0.,81.7582700997148));
#10235=CARTESIAN_POINT('',(-60.5499301385756,0.,67.9253009799298));
#10236=CARTESIAN_POINT('',(-79.1749301385756,0.,93.6753009799298));
#10237=CARTESIAN_POINT('Origin',(-66.0499301385756,0.,93.6753009799298));
#10238=CARTESIAN_POINT('',(-77.9669610187907,0.,99.1753009799299));
#10239=CARTESIAN_POINT('Origin',(-66.0499301385756,0.,93.6753009799298));
#10240=CARTESIAN_POINT('',(-82.1328992583605,0.,99.1753009799299));
#10241=CARTESIAN_POINT('',(-68.2999301385756,0.,99.1753009799299));
#10242=CARTESIAN_POINT('',(-99.5499301385756,0.,81.7582700997147));
#10243=CARTESIAN_POINT('Origin',(-94.0499301385756,0.,93.6753009799298));
#10244=CARTESIAN_POINT('',(-99.5499301385756,0.,77.5923318601449));
#10245=CARTESIAN_POINT('',(-99.5499301385756,0.,63.4253009799298));
#10246=CARTESIAN_POINT('Origin',(-94.0499301385756,0.,65.6753009799298));
#10247=CARTESIAN_POINT('Origin',(-24.0499301385756,1.,79.6753009799298));
#10248=CARTESIAN_POINT('',(-30.0499301385756,0.,79.6753009799298));
#10249=CARTESIAN_POINT('Origin',(-24.0499301385756,0.,79.6753009799298));
#10250=CARTESIAN_POINT('',(-29.0499301385756,1.,79.6753009799298));
#10251=CARTESIAN_POINT('Origin',(-52.0499301385756,0.,51.6753009799298));
#10252=CARTESIAN_POINT('',(-43.5499301385756,0.,81.7582700997147));
#10253=CARTESIAN_POINT('',(-43.5499301385756,0.,77.5923318601449));
#10254=CARTESIAN_POINT('',(-43.5499301385756,0.,63.4253009799298));
#10255=CARTESIAN_POINT('',(-26.1328992583605,0.,60.1753009799298));
#10256=CARTESIAN_POINT('Origin',(-38.0499301385756,0.,65.6753009799298));
#10257=CARTESIAN_POINT('',(-21.9669610187907,0.,60.1753009799298));
#10258=CARTESIAN_POINT('',(-35.7999301385756,0.,60.1753009799298));
#10259=CARTESIAN_POINT('',(-23.1749301385756,0.,65.6753009799298));
#10260=CARTESIAN_POINT('Origin',(-10.0499301385756,0.,65.6753009799298));
#10261=CARTESIAN_POINT('',(-4.54993013857558,0.,77.5923318601449));
#10262=CARTESIAN_POINT('Origin',(-10.0499301385756,0.,65.6753009799298));
#10263=CARTESIAN_POINT('',(-4.54993013857558,0.,81.7582700997148));
#10264=CARTESIAN_POINT('',(-4.54993013857558,0.,67.9253009799298));
#10265=CARTESIAN_POINT('',(-23.1749301385756,0.,93.6753009799298));
#10266=CARTESIAN_POINT('Origin',(-10.0499301385756,0.,93.6753009799298));
#10267=CARTESIAN_POINT('',(-21.9669610187907,0.,99.1753009799299));
#10268=CARTESIAN_POINT('Origin',(-10.0499301385756,0.,93.6753009799298));
#10269=CARTESIAN_POINT('',(-26.1328992583605,0.,99.1753009799299));
#10270=CARTESIAN_POINT('',(-40.2999301385756,0.,99.1753009799299));
#10271=CARTESIAN_POINT('Origin',(-38.0499301385756,0.,93.6753009799298));
#10272=CARTESIAN_POINT('Origin',(-24.0499301385756,1.,23.6753009799298));
#10273=CARTESIAN_POINT('',(-30.0499301385756,0.,23.6753009799298));
#10274=CARTESIAN_POINT('Origin',(-24.0499301385756,0.,23.6753009799298));
#10275=CARTESIAN_POINT('',(-29.0499301385756,1.,23.6753009799298));
#10276=CARTESIAN_POINT('Origin',(-52.0499301385756,0.,51.6753009799298));
#10277=CARTESIAN_POINT('',(-43.5499301385756,0.,25.7582700997147));
#10278=CARTESIAN_POINT('',(-43.5499301385756,0.,21.5923318601449));
#10279=CARTESIAN_POINT('',(-43.5499301385756,0.,35.4253009799298));
#10280=CARTESIAN_POINT('',(-26.1328992583605,0.,4.17530097992984));
#10281=CARTESIAN_POINT('Origin',(-38.0499301385756,0.,9.67530097992984));
#10282=CARTESIAN_POINT('',(-21.9669610187907,0.,4.17530097992984));
#10283=CARTESIAN_POINT('',(-35.7999301385756,0.,4.17530097992984));
#10284=CARTESIAN_POINT('',(-23.1749301385756,0.,9.67530097992984));
#10285=CARTESIAN_POINT('Origin',(-10.0499301385756,0.,9.67530097992984));
#10286=CARTESIAN_POINT('',(-4.54993013857558,0.,21.5923318601449));
#10287=CARTESIAN_POINT('Origin',(-10.0499301385756,0.,9.67530097992984));
#10288=CARTESIAN_POINT('',(-4.54993013857558,0.,25.7582700997148));
#10289=CARTESIAN_POINT('',(-4.54993013857558,0.,39.9253009799298));
#10290=CARTESIAN_POINT('',(-23.1749301385756,0.,37.6753009799298));
#10291=CARTESIAN_POINT('Origin',(-10.0499301385756,0.,37.6753009799298));
#10292=CARTESIAN_POINT('',(-21.9669610187907,0.,43.1753009799298));
#10293=CARTESIAN_POINT('Origin',(-10.0499301385756,0.,37.6753009799298));
#10294=CARTESIAN_POINT('',(-26.1328992583605,0.,43.1753009799298));
#10295=CARTESIAN_POINT('',(-40.2999301385756,0.,43.1753009799298));
#10296=CARTESIAN_POINT('Origin',(-38.0499301385756,0.,37.6753009799298));
#10297=CARTESIAN_POINT('Origin',(-80.0499301385756,1.,23.6753009799298));
#10298=CARTESIAN_POINT('',(-85.0499301385756,1.,23.6753009799298));
#10299=CARTESIAN_POINT('Origin',(-52.0499301385756,0.,51.6753009799298));
#10300=CARTESIAN_POINT('',(-103.549930138576,0.,43.1753009799298));
#10301=CARTESIAN_POINT('',(-103.549930138576,0.,43.1753009799298));
#10302=CARTESIAN_POINT('',(-112.549930138576,0.,43.1753009799298));
#10303=CARTESIAN_POINT('',(-103.549930138576,0.,32.1753009799298));
#10304=CARTESIAN_POINT('',(-103.549930138576,0.,32.1753009799298));
#10305=CARTESIAN_POINT('',(-99.5499301385756,0.,28.1753009799298));
#10306=CARTESIAN_POINT('Origin',(-80.0499301385756,-2.,51.6753009799298));
#10307=CARTESIAN_POINT('',(-82.1999301385756,-2.,51.6753009799298));
#10308=CARTESIAN_POINT('Origin',(-52.0499301385755,-2.,23.6753009799298));
#10309=CARTESIAN_POINT('',(-54.1999301385755,-2.,23.6753009799298));
#10310=CARTESIAN_POINT('Origin',(-52.0499301385755,-2.,23.6753009799298));
#10311=CARTESIAN_POINT('',(-54.1999301385755,-2.,23.6753009799298));
#10312=CARTESIAN_POINT('Origin',(-24.0499301385756,-2.,51.6753009799298));
#10313=CARTESIAN_POINT('',(-26.1999301385756,-2.,51.6753009799298));
#10314=CARTESIAN_POINT('Origin',(-24.0499301385756,-2.,51.6753009799298));
#10315=CARTESIAN_POINT('',(-26.1999301385756,-2.,51.6753009799298));
#10316=CARTESIAN_POINT('Origin',(-52.0499301385756,-2.,79.6753009799298));
#10317=CARTESIAN_POINT('',(-54.1999301385756,-2.,79.6753009799298));
#10318=CARTESIAN_POINT('Origin',(-52.0499301385756,-2.,79.6753009799298));
#10319=CARTESIAN_POINT('',(-54.1999301385756,-2.,79.6753009799298));
#10320=CARTESIAN_POINT('Origin',(-52.0499301385755,-2.,51.6753009799298));
#10321=CARTESIAN_POINT('',(-54.1999301385756,-2.,51.6753009799298));
#10322=CARTESIAN_POINT('Origin',(-52.0499301385755,-2.,51.6753009799298));
#10323=CARTESIAN_POINT('',(-54.1999301385756,-2.,51.6753009799298));
#10324=CARTESIAN_POINT('Origin',(-52.0499301385756,0.,23.6753009799298));
#10325=CARTESIAN_POINT('',(-49.9669610187907,0.,32.1753009799298));
#10326=CARTESIAN_POINT('Origin',(-38.0499301385756,0.,37.6753009799298));
#10327=CARTESIAN_POINT('',(-47.5499301385756,0.,32.1753009799298));
#10328=CARTESIAN_POINT('',(-47.5499301385756,0.,32.1753009799298));
#10329=CARTESIAN_POINT('',(-43.5499301385756,0.,28.1753009799298));
#10330=CARTESIAN_POINT('',(-43.5499301385756,0.,28.1753009799298));
#10331=CARTESIAN_POINT('',(-43.5499301385756,0.,19.1753009799298));
#10332=CARTESIAN_POINT('Origin',(-52.0499301385756,0.,23.6753009799298));
#10333=CARTESIAN_POINT('',(-54.1328992583605,0.,32.1753009799298));
#10334=CARTESIAN_POINT('Origin',(-66.0499301385756,0.,37.6753009799298));
#10335=CARTESIAN_POINT('',(-60.5499301385756,0.,28.1753009799298));
#10336=CARTESIAN_POINT('',(-60.5499301385756,0.,28.1753009799298));
#10337=CARTESIAN_POINT('',(-56.5499301385756,0.,32.1753009799298));
#10338=CARTESIAN_POINT('',(-56.5499301385756,0.,32.1753009799298));
#10339=CARTESIAN_POINT('',(-47.5499301385756,0.,32.1753009799298));
#10340=CARTESIAN_POINT('Origin',(-52.0499301385756,0.,23.6753009799298));
#10341=CARTESIAN_POINT('',(-54.1328992583605,0.,15.1753009799298));
#10342=CARTESIAN_POINT('Origin',(-66.0499301385756,0.,9.67530097992984));
#10343=CARTESIAN_POINT('',(-56.5499301385756,0.,15.1753009799298));
#10344=CARTESIAN_POINT('',(-56.5499301385756,0.,15.1753009799298));
#10345=CARTESIAN_POINT('',(-60.5499301385756,0.,19.1753009799298));
#10346=CARTESIAN_POINT('',(-60.5499301385756,0.,19.1753009799298));
#10347=CARTESIAN_POINT('',(-60.5499301385756,0.,28.1753009799298));
#10348=CARTESIAN_POINT('Origin',(-52.0499301385756,0.,23.6753009799298));
#10349=CARTESIAN_POINT('',(-49.9669610187907,0.,15.1753009799298));
#10350=CARTESIAN_POINT('Origin',(-38.0499301385756,0.,9.67530097992984));
#10351=CARTESIAN_POINT('',(-43.5499301385756,0.,19.1753009799298));
#10352=CARTESIAN_POINT('',(-43.5499301385756,0.,19.1753009799298));
#10353=CARTESIAN_POINT('',(-47.5499301385756,0.,15.1753009799298));
#10354=CARTESIAN_POINT('',(-47.5499301385756,0.,15.1753009799298));
#10355=CARTESIAN_POINT('',(-56.5499301385756,0.,15.1753009799298));
#10356=CARTESIAN_POINT('Origin',(-43.5499301385756,0.,28.1753009799298));
#10357=CARTESIAN_POINT('',(-47.5499301385756,-2.,32.1753009799298));
#10358=CARTESIAN_POINT('',(-47.5499301385756,0.,32.1753009799298));
#10359=CARTESIAN_POINT('',(-43.5499301385756,-2.,28.1753009799298));
#10360=CARTESIAN_POINT('',(-43.5499301385756,-2.,28.1753009799298));
#10361=CARTESIAN_POINT('',(-43.5499301385756,0.,28.1753009799298));
#10362=CARTESIAN_POINT('Origin',(-43.5499301385756,0.,19.1753009799298));
#10363=CARTESIAN_POINT('',(-43.5499301385756,-2.,19.1753009799298));
#10364=CARTESIAN_POINT('',(-43.5499301385756,-2.,19.1753009799298));
#10365=CARTESIAN_POINT('',(-43.5499301385756,0.,19.1753009799298));
#10366=CARTESIAN_POINT('Origin',(-47.5499301385756,0.,15.1753009799298));
#10367=CARTESIAN_POINT('',(-47.5499301385756,-2.,15.1753009799298));
#10368=CARTESIAN_POINT('',(-47.5499301385756,-2.,15.1753009799298));
#10369=CARTESIAN_POINT('',(-47.5499301385756,0.,15.1753009799298));
#10370=CARTESIAN_POINT('Origin',(-56.5499301385756,0.,15.1753009799298));
#10371=CARTESIAN_POINT('',(-54.2999301385756,0.,15.1753009799298));
#10372=CARTESIAN_POINT('',(-56.5499301385756,-2.,15.1753009799298));
#10373=CARTESIAN_POINT('',(-56.5499301385756,-2.,15.1753009799298));
#10374=CARTESIAN_POINT('',(-56.5499301385756,0.,15.1753009799298));
#10375=CARTESIAN_POINT('Origin',(-60.5499301385756,0.,19.1753009799298));
#10376=CARTESIAN_POINT('',(-60.5499301385756,-2.,19.1753009799298));
#10377=CARTESIAN_POINT('',(-60.5499301385756,-2.,19.1753009799298));
#10378=CARTESIAN_POINT('',(-60.5499301385756,0.,19.1753009799298));
#10379=CARTESIAN_POINT('Origin',(-60.5499301385756,0.,28.1753009799298));
#10380=CARTESIAN_POINT('',(-60.5499301385756,-2.,28.1753009799298));
#10381=CARTESIAN_POINT('',(-60.5499301385756,-2.,28.1753009799298));
#10382=CARTESIAN_POINT('',(-60.5499301385756,0.,28.1753009799298));
#10383=CARTESIAN_POINT('Origin',(-56.5499301385756,0.,32.1753009799298));
#10384=CARTESIAN_POINT('',(-56.5499301385756,-2.,32.1753009799298));
#10385=CARTESIAN_POINT('',(-56.5499301385756,-2.,32.1753009799298));
#10386=CARTESIAN_POINT('',(-56.5499301385756,0.,32.1753009799298));
#10387=CARTESIAN_POINT('Origin',(-47.5499301385756,0.,32.1753009799298));
#10388=CARTESIAN_POINT('',(-49.7999301385756,0.,32.1753009799298));
#10389=CARTESIAN_POINT('',(-47.5499301385756,-2.,32.1753009799298));
#10390=CARTESIAN_POINT('Origin',(-52.0499301385756,-2.,23.6753009799298));
#10391=CARTESIAN_POINT('Origin',(-80.0499301385756,0.,51.6753009799298));
#10392=CARTESIAN_POINT('',(-71.5499301385756,0.,53.7582700997147));
#10393=CARTESIAN_POINT('Origin',(-66.0499301385756,0.,65.6753009799298));
#10394=CARTESIAN_POINT('',(-75.5499301385756,0.,60.1753009799298));
#10395=CARTESIAN_POINT('',(-75.5499301385756,0.,60.1753009799298));
#10396=CARTESIAN_POINT('',(-71.5499301385756,0.,56.1753009799298));
#10397=CARTESIAN_POINT('',(-71.5499301385756,0.,56.1753009799298));
#10398=CARTESIAN_POINT('',(-71.5499301385756,0.,47.1753009799298));
#10399=CARTESIAN_POINT('Origin',(-80.0499301385756,0.,51.6753009799298));
#10400=CARTESIAN_POINT('Origin',(-94.0499301385756,0.,65.6753009799298));
#10401=CARTESIAN_POINT('',(-88.5499301385756,0.,56.1753009799298));
#10402=CARTESIAN_POINT('',(-88.5499301385756,0.,56.1753009799298));
#10403=CARTESIAN_POINT('',(-84.5499301385756,0.,60.1753009799298));
#10404=CARTESIAN_POINT('',(-84.5499301385756,0.,60.1753009799298));
#10405=CARTESIAN_POINT('',(-75.5499301385756,0.,60.1753009799298));
#10406=CARTESIAN_POINT('Origin',(-80.0499301385756,0.,51.6753009799298));
#10407=CARTESIAN_POINT('',(-71.5499301385756,0.,49.5923318601449));
#10408=CARTESIAN_POINT('Origin',(-66.0499301385756,0.,37.6753009799298));
#10409=CARTESIAN_POINT('',(-71.5499301385756,0.,47.1753009799298));
#10410=CARTESIAN_POINT('',(-71.5499301385756,0.,47.1753009799298));
#10411=CARTESIAN_POINT('',(-75.5499301385756,0.,43.1753009799298));
#10412=CARTESIAN_POINT('',(-75.5499301385756,0.,43.1753009799298));
#10413=CARTESIAN_POINT('',(-84.5499301385756,0.,43.1753009799298));
#10414=CARTESIAN_POINT('Origin',(-71.5499301385756,0.,56.1753009799298));
#10415=CARTESIAN_POINT('',(-75.5499301385756,0.,60.1753009799298));
#10416=CARTESIAN_POINT('',(-71.5499301385756,0.,56.1753009799298));
#10417=CARTESIAN_POINT('Origin',(-71.5499301385756,0.,47.1753009799298));
#10418=CARTESIAN_POINT('',(-71.5499301385756,0.,49.4253009799298));
#10419=CARTESIAN_POINT('',(-71.5499301385756,0.,47.1753009799298));
#10420=CARTESIAN_POINT('Origin',(-75.5499301385756,0.,43.1753009799298));
#10421=CARTESIAN_POINT('',(-75.5499301385756,0.,43.1753009799298));
#10422=CARTESIAN_POINT('Origin',(-84.5499301385756,0.,43.1753009799298));
#10423=CARTESIAN_POINT('Origin',(-88.5499301385756,0.,56.1753009799298));
#10424=CARTESIAN_POINT('',(-88.5499301385756,0.,56.1753009799298));
#10425=CARTESIAN_POINT('Origin',(-84.5499301385756,0.,60.1753009799298));
#10426=CARTESIAN_POINT('',(-84.5499301385756,0.,60.1753009799298));
#10427=CARTESIAN_POINT('Origin',(-75.5499301385756,0.,60.1753009799298));
#10428=CARTESIAN_POINT('Origin',(-52.0499301385756,0.,79.6753009799298));
#10429=CARTESIAN_POINT('',(-49.9669610187907,0.,88.1753009799299));
#10430=CARTESIAN_POINT('Origin',(-38.0499301385756,0.,93.6753009799298));
#10431=CARTESIAN_POINT('',(-47.5499301385756,0.,88.1753009799299));
#10432=CARTESIAN_POINT('',(-47.5499301385756,0.,88.1753009799299));
#10433=CARTESIAN_POINT('',(-43.5499301385756,0.,84.1753009799299));
#10434=CARTESIAN_POINT('',(-43.5499301385756,0.,84.1753009799299));
#10435=CARTESIAN_POINT('',(-43.5499301385756,0.,75.1753009799298));
#10436=CARTESIAN_POINT('Origin',(-52.0499301385756,0.,79.6753009799298));
#10437=CARTESIAN_POINT('',(-54.1328992583605,0.,88.1753009799299));
#10438=CARTESIAN_POINT('Origin',(-66.0499301385756,0.,93.6753009799298));
#10439=CARTESIAN_POINT('',(-60.5499301385756,0.,84.1753009799299));
#10440=CARTESIAN_POINT('',(-60.5499301385756,0.,84.1753009799299));
#10441=CARTESIAN_POINT('',(-56.5499301385756,0.,88.1753009799299));
#10442=CARTESIAN_POINT('',(-56.5499301385756,0.,88.1753009799299));
#10443=CARTESIAN_POINT('',(-47.5499301385756,0.,88.1753009799299));
#10444=CARTESIAN_POINT('Origin',(-52.0499301385756,0.,79.6753009799298));
#10445=CARTESIAN_POINT('',(-54.1328992583605,0.,71.1753009799298));
#10446=CARTESIAN_POINT('Origin',(-66.0499301385756,0.,65.6753009799298));
#10447=CARTESIAN_POINT('',(-56.5499301385756,0.,71.1753009799298));
#10448=CARTESIAN_POINT('',(-56.5499301385756,0.,71.1753009799298));
#10449=CARTESIAN_POINT('',(-60.5499301385756,0.,75.1753009799298));
#10450=CARTESIAN_POINT('',(-60.5499301385756,0.,75.1753009799298));
#10451=CARTESIAN_POINT('',(-60.5499301385756,0.,84.1753009799299));
#10452=CARTESIAN_POINT('Origin',(-52.0499301385756,0.,79.6753009799298));
#10453=CARTESIAN_POINT('',(-49.9669610187907,0.,71.1753009799298));
#10454=CARTESIAN_POINT('Origin',(-38.0499301385756,0.,65.6753009799298));
#10455=CARTESIAN_POINT('',(-43.5499301385756,0.,75.1753009799298));
#10456=CARTESIAN_POINT('',(-43.5499301385756,0.,75.1753009799298));
#10457=CARTESIAN_POINT('',(-47.5499301385756,0.,71.1753009799298));
#10458=CARTESIAN_POINT('',(-47.5499301385756,0.,71.1753009799298));
#10459=CARTESIAN_POINT('',(-56.5499301385756,0.,71.1753009799298));
#10460=CARTESIAN_POINT('Origin',(-43.5499301385756,0.,84.1753009799299));
#10461=CARTESIAN_POINT('',(-47.5499301385756,-2.,88.1753009799299));
#10462=CARTESIAN_POINT('',(-47.5499301385756,0.,88.1753009799299));
#10463=CARTESIAN_POINT('',(-43.5499301385756,-2.,84.1753009799299));
#10464=CARTESIAN_POINT('',(-43.5499301385756,-2.,84.1753009799299));
#10465=CARTESIAN_POINT('',(-43.5499301385756,0.,84.1753009799299));
#10466=CARTESIAN_POINT('Origin',(-43.5499301385756,0.,75.1753009799298));
#10467=CARTESIAN_POINT('',(-43.5499301385756,-2.,75.1753009799298));
#10468=CARTESIAN_POINT('',(-43.5499301385756,-2.,75.1753009799298));
#10469=CARTESIAN_POINT('',(-43.5499301385756,0.,75.1753009799298));
#10470=CARTESIAN_POINT('Origin',(-47.5499301385756,0.,71.1753009799298));
#10471=CARTESIAN_POINT('',(-47.5499301385756,-2.,71.1753009799298));
#10472=CARTESIAN_POINT('',(-47.5499301385756,-2.,71.1753009799298));
#10473=CARTESIAN_POINT('',(-47.5499301385756,0.,71.1753009799298));
#10474=CARTESIAN_POINT('Origin',(-56.5499301385756,0.,71.1753009799298));
#10475=CARTESIAN_POINT('',(-54.2999301385756,0.,71.1753009799298));
#10476=CARTESIAN_POINT('',(-56.5499301385756,-2.,71.1753009799298));
#10477=CARTESIAN_POINT('',(-56.5499301385756,-2.,71.1753009799298));
#10478=CARTESIAN_POINT('',(-56.5499301385756,0.,71.1753009799298));
#10479=CARTESIAN_POINT('Origin',(-60.5499301385756,0.,75.1753009799298));
#10480=CARTESIAN_POINT('',(-60.5499301385756,-2.,75.1753009799298));
#10481=CARTESIAN_POINT('',(-60.5499301385756,-2.,75.1753009799298));
#10482=CARTESIAN_POINT('',(-60.5499301385756,0.,75.1753009799298));
#10483=CARTESIAN_POINT('Origin',(-60.5499301385756,0.,84.1753009799299));
#10484=CARTESIAN_POINT('',(-60.5499301385756,-2.,84.1753009799299));
#10485=CARTESIAN_POINT('',(-60.5499301385756,-2.,84.1753009799299));
#10486=CARTESIAN_POINT('',(-60.5499301385756,0.,84.1753009799299));
#10487=CARTESIAN_POINT('Origin',(-56.5499301385756,0.,88.1753009799299));
#10488=CARTESIAN_POINT('',(-56.5499301385756,-2.,88.1753009799299));
#10489=CARTESIAN_POINT('',(-56.5499301385756,-2.,88.1753009799299));
#10490=CARTESIAN_POINT('',(-56.5499301385756,0.,88.1753009799299));
#10491=CARTESIAN_POINT('Origin',(-47.5499301385756,0.,88.1753009799299));
#10492=CARTESIAN_POINT('',(-49.7999301385756,0.,88.1753009799299));
#10493=CARTESIAN_POINT('',(-47.5499301385756,-2.,88.1753009799299));
#10494=CARTESIAN_POINT('Origin',(-52.0499301385756,-2.,79.6753009799298));
#10495=CARTESIAN_POINT('Origin',(-52.0499301385756,0.,51.6753009799298));
#10496=CARTESIAN_POINT('',(-49.9669610187907,0.,60.1753009799298));
#10497=CARTESIAN_POINT('',(-43.5499301385756,0.,53.7582700997147));
#10498=CARTESIAN_POINT('Origin',(-38.0499301385756,0.,65.6753009799298));
#10499=CARTESIAN_POINT('',(-47.5499301385756,0.,60.1753009799298));
#10500=CARTESIAN_POINT('',(-47.5499301385756,0.,60.1753009799298));
#10501=CARTESIAN_POINT('',(-43.5499301385756,0.,56.1753009799298));
#10502=CARTESIAN_POINT('',(-43.5499301385756,0.,56.1753009799298));
#10503=CARTESIAN_POINT('',(-43.5499301385756,0.,47.1753009799298));
#10504=CARTESIAN_POINT('Origin',(-52.0499301385756,0.,51.6753009799298));
#10505=CARTESIAN_POINT('',(-60.5499301385756,0.,53.7582700997147));
#10506=CARTESIAN_POINT('',(-54.1328992583605,0.,60.1753009799298));
#10507=CARTESIAN_POINT('Origin',(-66.0499301385756,0.,65.6753009799298));
#10508=CARTESIAN_POINT('',(-60.5499301385756,0.,56.1753009799298));
#10509=CARTESIAN_POINT('',(-60.5499301385756,0.,56.1753009799298));
#10510=CARTESIAN_POINT('',(-56.5499301385756,0.,60.1753009799298));
#10511=CARTESIAN_POINT('',(-56.5499301385756,0.,60.1753009799298));
#10512=CARTESIAN_POINT('',(-47.5499301385756,0.,60.1753009799298));
#10513=CARTESIAN_POINT('Origin',(-52.0499301385756,0.,51.6753009799298));
#10514=CARTESIAN_POINT('',(-54.1328992583605,0.,43.1753009799298));
#10515=CARTESIAN_POINT('',(-60.5499301385756,0.,49.5923318601449));
#10516=CARTESIAN_POINT('Origin',(-66.0499301385756,0.,37.6753009799298));
#10517=CARTESIAN_POINT('',(-56.5499301385756,0.,43.1753009799298));
#10518=CARTESIAN_POINT('',(-56.5499301385756,0.,43.1753009799298));
#10519=CARTESIAN_POINT('',(-60.5499301385756,0.,47.1753009799298));
#10520=CARTESIAN_POINT('',(-60.5499301385756,0.,47.1753009799298));
#10521=CARTESIAN_POINT('',(-60.5499301385756,0.,56.1753009799298));
#10522=CARTESIAN_POINT('Origin',(-52.0499301385756,0.,51.6753009799298));
#10523=CARTESIAN_POINT('',(-43.5499301385756,0.,49.5923318601449));
#10524=CARTESIAN_POINT('',(-49.9669610187907,0.,43.1753009799298));
#10525=CARTESIAN_POINT('Origin',(-38.0499301385756,0.,37.6753009799298));
#10526=CARTESIAN_POINT('',(-43.5499301385756,0.,47.1753009799298));
#10527=CARTESIAN_POINT('',(-43.5499301385756,0.,47.1753009799298));
#10528=CARTESIAN_POINT('',(-47.5499301385756,0.,43.1753009799298));
#10529=CARTESIAN_POINT('',(-47.5499301385756,0.,43.1753009799298));
#10530=CARTESIAN_POINT('',(-56.5499301385756,0.,43.1753009799298));
#10531=CARTESIAN_POINT('Origin',(-43.5499301385756,0.,56.1753009799298));
#10532=CARTESIAN_POINT('',(-47.5499301385756,-2.,60.1753009799298));
#10533=CARTESIAN_POINT('',(-47.5499301385756,0.,60.1753009799298));
#10534=CARTESIAN_POINT('',(-43.5499301385756,-2.,56.1753009799298));
#10535=CARTESIAN_POINT('',(-43.5499301385756,-2.,56.1753009799298));
#10536=CARTESIAN_POINT('',(-43.5499301385756,0.,56.1753009799298));
#10537=CARTESIAN_POINT('Origin',(-43.5499301385756,0.,47.1753009799298));
#10538=CARTESIAN_POINT('',(-43.5499301385756,0.,49.4253009799298));
#10539=CARTESIAN_POINT('',(-43.5499301385756,-2.,47.1753009799298));
#10540=CARTESIAN_POINT('',(-43.5499301385756,-2.,47.1753009799298));
#10541=CARTESIAN_POINT('',(-43.5499301385756,0.,47.1753009799298));
#10542=CARTESIAN_POINT('Origin',(-47.5499301385756,0.,43.1753009799298));
#10543=CARTESIAN_POINT('',(-47.5499301385756,-2.,43.1753009799298));
#10544=CARTESIAN_POINT('',(-47.5499301385756,-2.,43.1753009799298));
#10545=CARTESIAN_POINT('',(-47.5499301385756,0.,43.1753009799298));
#10546=CARTESIAN_POINT('Origin',(-56.5499301385756,0.,43.1753009799298));
#10547=CARTESIAN_POINT('',(-54.2999301385756,0.,43.1753009799298));
#10548=CARTESIAN_POINT('',(-56.5499301385756,-2.,43.1753009799298));
#10549=CARTESIAN_POINT('',(-56.5499301385756,-2.,43.1753009799298));
#10550=CARTESIAN_POINT('',(-56.5499301385756,0.,43.1753009799298));
#10551=CARTESIAN_POINT('Origin',(-60.5499301385756,0.,47.1753009799298));
#10552=CARTESIAN_POINT('',(-60.5499301385756,-2.,47.1753009799298));
#10553=CARTESIAN_POINT('',(-60.5499301385756,-2.,47.1753009799298));
#10554=CARTESIAN_POINT('',(-60.5499301385756,0.,47.1753009799298));
#10555=CARTESIAN_POINT('Origin',(-60.5499301385756,0.,56.1753009799298));
#10556=CARTESIAN_POINT('',(-60.5499301385756,0.,53.9253009799298));
#10557=CARTESIAN_POINT('',(-60.5499301385756,-2.,56.1753009799298));
#10558=CARTESIAN_POINT('',(-60.5499301385756,-2.,56.1753009799298));
#10559=CARTESIAN_POINT('',(-60.5499301385756,0.,56.1753009799298));
#10560=CARTESIAN_POINT('Origin',(-56.5499301385756,0.,60.1753009799298));
#10561=CARTESIAN_POINT('',(-56.5499301385756,-2.,60.1753009799298));
#10562=CARTESIAN_POINT('',(-56.5499301385756,-2.,60.1753009799298));
#10563=CARTESIAN_POINT('',(-56.5499301385756,0.,60.1753009799298));
#10564=CARTESIAN_POINT('Origin',(-47.5499301385756,0.,60.1753009799298));
#10565=CARTESIAN_POINT('',(-49.7999301385756,0.,60.1753009799298));
#10566=CARTESIAN_POINT('',(-47.5499301385756,-2.,60.1753009799298));
#10567=CARTESIAN_POINT('Origin',(-52.0499301385756,-2.,51.6753009799298));
#10568=CARTESIAN_POINT('Origin',(-104.449930138576,0.,51.6753009799298));
#10569=CARTESIAN_POINT('',(-49.9669610187907,0.,4.17530097992984));
#10570=CARTESIAN_POINT('',(-43.5499301385756,0.,-2.24172990028527));
#10571=CARTESIAN_POINT('Origin',(-38.0499301385756,0.,9.67530097992984));
#10572=CARTESIAN_POINT('',(-47.5499301385756,0.,4.17530097992984));
#10573=CARTESIAN_POINT('',(-47.5499301385756,0.,4.17530097992984));
#10574=CARTESIAN_POINT('',(-43.5499301385756,0.,0.175300979929832));
#10575=CARTESIAN_POINT('',(-43.5499301385756,0.,0.175300979929832));
#10576=CARTESIAN_POINT('',(-43.5499301385756,0.,-8.82469902007017));
#10577=CARTESIAN_POINT('Origin',(-104.449930138576,0.,51.6753009799298));
#10578=CARTESIAN_POINT('',(-60.5499301385756,0.,-2.24172990028525));
#10579=CARTESIAN_POINT('',(-54.1328992583605,0.,4.17530097992984));
#10580=CARTESIAN_POINT('Origin',(-66.0499301385756,0.,9.67530097992984));
#10581=CARTESIAN_POINT('',(-60.5499301385756,0.,0.175300979929832));
#10582=CARTESIAN_POINT('',(-60.5499301385756,0.,0.175300979929832));
#10583=CARTESIAN_POINT('',(-56.5499301385756,0.,4.17530097992984));
#10584=CARTESIAN_POINT('',(-56.5499301385756,0.,4.17530097992984));
#10585=CARTESIAN_POINT('',(-47.5499301385756,0.,4.17530097992984));
#10586=CARTESIAN_POINT('Origin',(-104.449930138576,0.,51.6753009799298));
#10587=CARTESIAN_POINT('',(-71.5499301385756,0.,-2.24172990028526));
#10588=CARTESIAN_POINT('Origin',(-66.0499301385756,0.,9.67530097992984));
#10589=CARTESIAN_POINT('',(-75.5499301385756,0.,4.17530097992983));
#10590=CARTESIAN_POINT('',(-75.5499301385756,0.,4.17530097992983));
#10591=CARTESIAN_POINT('',(-71.5499301385756,0.,0.175300979929827));
#10592=CARTESIAN_POINT('',(-71.5499301385756,0.,0.175300979929827));
#10593=CARTESIAN_POINT('',(-71.5499301385756,0.,-8.82469902007018));
#10594=CARTESIAN_POINT('Origin',(-104.449930138576,0.,51.6753009799298));
#10595=CARTESIAN_POINT('',(-88.5499301385756,0.,-2.24172990028525));
#10596=CARTESIAN_POINT('Origin',(-94.0499301385756,0.,9.67530097992984));
#10597=CARTESIAN_POINT('',(-88.5499301385756,0.,0.175300979929827));
#10598=CARTESIAN_POINT('',(-88.5499301385756,0.,0.175300979929827));
#10599=CARTESIAN_POINT('',(-84.5499301385756,0.,4.17530097992983));
#10600=CARTESIAN_POINT('',(-84.5499301385756,0.,4.17530097992983));
#10601=CARTESIAN_POINT('',(-75.5499301385756,0.,4.17530097992983));
#10602=CARTESIAN_POINT('Origin',(-104.449930138576,0.,51.6753009799298));
#10603=CARTESIAN_POINT('',(-105.966961018791,0.,4.17530097992983));
#10604=CARTESIAN_POINT('',(-99.5499301385756,0.,-2.24172990028526));
#10605=CARTESIAN_POINT('Origin',(-94.0499301385756,0.,9.67530097992984));
#10606=CARTESIAN_POINT('',(-103.549930138576,0.,4.17530097992983));
#10607=CARTESIAN_POINT('',(-103.549930138576,0.,4.17530097992983));
#10608=CARTESIAN_POINT('',(-99.5499301385756,0.,0.175300979929822));
#10609=CARTESIAN_POINT('',(-99.5499301385756,0.,0.175300979929822));
#10610=CARTESIAN_POINT('',(-99.5499301385756,0.,-8.82469902007018));
#10611=CARTESIAN_POINT('Origin',(-104.449930138576,0.,51.6753009799298));
#10612=CARTESIAN_POINT('',(-105.966961018791,0.,15.1753009799298));
#10613=CARTESIAN_POINT('Origin',(-94.0499301385756,0.,9.67530097992984));
#10614=CARTESIAN_POINT('',(-99.5499301385756,0.,19.1753009799298));
#10615=CARTESIAN_POINT('',(-99.5499301385756,0.,19.1753009799298));
#10616=CARTESIAN_POINT('',(-103.549930138576,0.,15.1753009799298));
#10617=CARTESIAN_POINT('',(-103.549930138576,0.,15.1753009799298));
#10618=CARTESIAN_POINT('',(-112.549930138576,0.,15.1753009799298));
#10619=CARTESIAN_POINT('Origin',(-104.449930138576,0.,51.6753009799298));
#10620=CARTESIAN_POINT('',(-105.966961018791,0.,60.1753009799298));
#10621=CARTESIAN_POINT('Origin',(-94.0499301385756,0.,65.6753009799298));
#10622=CARTESIAN_POINT('',(-103.549930138576,0.,60.1753009799298));
#10623=CARTESIAN_POINT('',(-103.549930138576,0.,60.1753009799298));
#10624=CARTESIAN_POINT('',(-99.5499301385756,0.,56.1753009799298));
#10625=CARTESIAN_POINT('',(-99.5499301385756,0.,56.1753009799298));
#10626=CARTESIAN_POINT('',(-99.5499301385756,0.,47.1753009799298));
#10627=CARTESIAN_POINT('Origin',(-104.449930138576,0.,51.6753009799298));
#10628=CARTESIAN_POINT('',(-105.966961018791,0.,71.1753009799298));
#10629=CARTESIAN_POINT('Origin',(-94.0499301385756,0.,65.6753009799298));
#10630=CARTESIAN_POINT('',(-99.5499301385756,0.,75.1753009799298));
#10631=CARTESIAN_POINT('',(-99.5499301385756,0.,75.1753009799298));
#10632=CARTESIAN_POINT('',(-103.549930138576,0.,71.1753009799298));
#10633=CARTESIAN_POINT('',(-103.549930138576,0.,71.1753009799298));
#10634=CARTESIAN_POINT('',(-112.549930138576,0.,71.1753009799298));
#10635=CARTESIAN_POINT('Origin',(-104.449930138576,0.,51.6753009799298));
#10636=CARTESIAN_POINT('',(-105.966961018791,0.,88.1753009799299));
#10637=CARTESIAN_POINT('Origin',(-94.0499301385756,0.,93.6753009799298));
#10638=CARTESIAN_POINT('',(-103.549930138576,0.,88.1753009799299));
#10639=CARTESIAN_POINT('',(-103.549930138576,0.,88.1753009799299));
#10640=CARTESIAN_POINT('',(-99.5499301385756,0.,84.1753009799299));
#10641=CARTESIAN_POINT('',(-99.5499301385756,0.,84.1753009799299));
#10642=CARTESIAN_POINT('',(-99.5499301385756,0.,75.1753009799298));
#10643=CARTESIAN_POINT('Origin',(-104.449930138576,0.,51.6753009799298));
#10644=CARTESIAN_POINT('',(-99.5499301385756,0.,105.592331860145));
#10645=CARTESIAN_POINT('',(-105.966961018791,0.,99.1753009799299));
#10646=CARTESIAN_POINT('Origin',(-94.0499301385756,0.,93.6753009799298));
#10647=CARTESIAN_POINT('',(-99.5499301385756,0.,103.17530097993));
#10648=CARTESIAN_POINT('',(-99.5499301385756,0.,103.17530097993));
#10649=CARTESIAN_POINT('',(-103.549930138576,0.,99.1753009799299));
#10650=CARTESIAN_POINT('',(-103.549930138576,0.,99.1753009799299));
#10651=CARTESIAN_POINT('',(-112.549930138576,0.,99.1753009799299));
#10652=CARTESIAN_POINT('Origin',(-104.449930138576,0.,51.6753009799298));
#10653=CARTESIAN_POINT('',(-88.5499301385756,0.,105.592331860145));
#10654=CARTESIAN_POINT('Origin',(-94.0499301385756,0.,93.6753009799298));
#10655=CARTESIAN_POINT('',(-84.5499301385756,0.,99.1753009799299));
#10656=CARTESIAN_POINT('',(-84.5499301385756,0.,99.1753009799299));
#10657=CARTESIAN_POINT('',(-88.5499301385756,0.,103.17530097993));
#10658=CARTESIAN_POINT('',(-88.5499301385756,0.,103.17530097993));
#10659=CARTESIAN_POINT('',(-88.5499301385756,0.,112.17530097993));
#10660=CARTESIAN_POINT('Origin',(-104.449930138576,0.,51.6753009799298));
#10661=CARTESIAN_POINT('',(-71.5499301385756,0.,105.592331860145));
#10662=CARTESIAN_POINT('Origin',(-66.0499301385756,0.,93.6753009799298));
#10663=CARTESIAN_POINT('',(-71.5499301385756,0.,103.17530097993));
#10664=CARTESIAN_POINT('',(-71.5499301385756,0.,103.17530097993));
#10665=CARTESIAN_POINT('',(-75.5499301385756,0.,99.1753009799299));
#10666=CARTESIAN_POINT('',(-75.5499301385756,0.,99.1753009799299));
#10667=CARTESIAN_POINT('',(-84.5499301385756,0.,99.1753009799299));
#10668=CARTESIAN_POINT('Origin',(-104.449930138576,0.,51.6753009799298));
#10669=CARTESIAN_POINT('',(-54.1328992583605,0.,99.1753009799299));
#10670=CARTESIAN_POINT('',(-60.5499301385756,0.,105.592331860145));
#10671=CARTESIAN_POINT('Origin',(-66.0499301385756,0.,93.6753009799298));
#10672=CARTESIAN_POINT('',(-56.5499301385756,0.,99.1753009799299));
#10673=CARTESIAN_POINT('',(-56.5499301385756,0.,99.1753009799299));
#10674=CARTESIAN_POINT('',(-60.5499301385756,0.,103.17530097993));
#10675=CARTESIAN_POINT('',(-60.5499301385756,0.,103.17530097993));
#10676=CARTESIAN_POINT('',(-60.5499301385756,0.,112.17530097993));
#10677=CARTESIAN_POINT('Origin',(-104.449930138576,0.,51.6753009799298));
#10678=CARTESIAN_POINT('',(-43.5499301385756,0.,105.592331860145));
#10679=CARTESIAN_POINT('',(-49.9669610187907,0.,99.1753009799299));
#10680=CARTESIAN_POINT('Origin',(-38.0499301385756,0.,93.6753009799298));
#10681=CARTESIAN_POINT('',(-43.5499301385756,0.,103.17530097993));
#10682=CARTESIAN_POINT('',(-43.5499301385756,0.,103.17530097993));
#10683=CARTESIAN_POINT('',(-47.5499301385756,0.,99.1753009799299));
#10684=CARTESIAN_POINT('',(-47.5499301385756,0.,99.1753009799299));
#10685=CARTESIAN_POINT('',(-56.5499301385756,0.,99.1753009799299));
#10686=CARTESIAN_POINT('Origin',(-104.449930138576,0.,51.6753009799298));
#10687=CARTESIAN_POINT('',(-32.5499301385756,0.,105.592331860145));
#10688=CARTESIAN_POINT('Origin',(-38.0499301385756,0.,93.6753009799298));
#10689=CARTESIAN_POINT('',(-28.5499301385756,0.,99.1753009799299));
#10690=CARTESIAN_POINT('',(-28.5499301385756,0.,99.1753009799299));
#10691=CARTESIAN_POINT('',(-32.5499301385756,0.,103.17530097993));
#10692=CARTESIAN_POINT('',(-32.5499301385756,0.,103.17530097993));
#10693=CARTESIAN_POINT('',(-32.5499301385756,0.,112.17530097993));
#10694=CARTESIAN_POINT('Origin',(-104.449930138576,0.,51.6753009799298));
#10695=CARTESIAN_POINT('',(-15.5499301385756,0.,105.592331860145));
#10696=CARTESIAN_POINT('Origin',(-10.0499301385756,0.,93.6753009799298));
#10697=CARTESIAN_POINT('',(-15.5499301385756,0.,103.17530097993));
#10698=CARTESIAN_POINT('',(-15.5499301385756,0.,103.17530097993));
#10699=CARTESIAN_POINT('',(-19.5499301385756,0.,99.1753009799299));
#10700=CARTESIAN_POINT('',(-19.5499301385756,0.,99.1753009799299));
#10701=CARTESIAN_POINT('',(-28.5499301385756,0.,99.1753009799299));
#10702=CARTESIAN_POINT('Origin',(-104.449930138576,0.,51.6753009799298));
#10703=CARTESIAN_POINT('',(1.8671007416395,0.,99.1753009799299));
#10704=CARTESIAN_POINT('',(-4.54993013857559,0.,105.592331860145));
#10705=CARTESIAN_POINT('Origin',(-10.0499301385756,0.,93.6753009799298));
#10706=CARTESIAN_POINT('',(-0.549930138575584,0.,99.1753009799299));
#10707=CARTESIAN_POINT('',(-0.549930138575584,0.,99.1753009799299));
#10708=CARTESIAN_POINT('',(-4.54993013857559,0.,103.17530097993));
#10709=CARTESIAN_POINT('',(-4.54993013857559,0.,103.17530097993));
#10710=CARTESIAN_POINT('',(-4.54993013857559,0.,112.17530097993));
#10711=CARTESIAN_POINT('Origin',(-104.449930138576,0.,51.6753009799298));
#10712=CARTESIAN_POINT('',(1.8671007416395,0.,88.1753009799299));
#10713=CARTESIAN_POINT('Origin',(-10.0499301385756,0.,93.6753009799298));
#10714=CARTESIAN_POINT('',(-4.54993013857558,0.,84.1753009799299));
#10715=CARTESIAN_POINT('',(-4.54993013857558,0.,84.1753009799299));
#10716=CARTESIAN_POINT('',(-0.549930138575586,0.,88.1753009799299));
#10717=CARTESIAN_POINT('',(-0.549930138575586,0.,88.1753009799299));
#10718=CARTESIAN_POINT('',(8.45006986142442,0.,88.1753009799299));
#10719=CARTESIAN_POINT('Origin',(-104.449930138576,0.,51.6753009799298));
#10720=CARTESIAN_POINT('',(1.8671007416395,0.,71.1753009799298));
#10721=CARTESIAN_POINT('Origin',(-10.0499301385756,0.,65.6753009799298));
#10722=CARTESIAN_POINT('',(-0.549930138575581,0.,71.1753009799298));
#10723=CARTESIAN_POINT('',(-0.549930138575581,0.,71.1753009799298));
#10724=CARTESIAN_POINT('',(-4.54993013857558,0.,75.1753009799299));
#10725=CARTESIAN_POINT('',(-4.54993013857558,0.,75.1753009799299));
#10726=CARTESIAN_POINT('',(-4.54993013857558,0.,84.1753009799299));
#10727=CARTESIAN_POINT('Origin',(-104.449930138576,0.,51.6753009799298));
#10728=CARTESIAN_POINT('',(-4.54993013857558,0.,53.7582700997147));
#10729=CARTESIAN_POINT('',(1.8671007416395,0.,60.1753009799299));
#10730=CARTESIAN_POINT('Origin',(-10.0499301385756,0.,65.6753009799298));
#10731=CARTESIAN_POINT('',(-4.54993013857558,0.,56.1753009799298));
#10732=CARTESIAN_POINT('',(-4.54993013857558,0.,56.1753009799298));
#10733=CARTESIAN_POINT('',(-0.549930138575582,0.,60.1753009799299));
#10734=CARTESIAN_POINT('',(-0.549930138575582,0.,60.1753009799299));
#10735=CARTESIAN_POINT('',(8.45006986142442,0.,60.1753009799299));
#10736=CARTESIAN_POINT('Origin',(-104.449930138576,0.,51.6753009799298));
#10737=CARTESIAN_POINT('',(1.8671007416395,0.,43.1753009799298));
#10738=CARTESIAN_POINT('',(-4.54993013857558,0.,49.5923318601449));
#10739=CARTESIAN_POINT('Origin',(-10.0499301385756,0.,37.6753009799298));
#10740=CARTESIAN_POINT('',(-0.549930138575577,0.,43.1753009799298));
#10741=CARTESIAN_POINT('',(-0.549930138575577,0.,43.1753009799298));
#10742=CARTESIAN_POINT('',(-4.54993013857558,0.,47.1753009799298));
#10743=CARTESIAN_POINT('',(-4.54993013857558,0.,47.1753009799298));
#10744=CARTESIAN_POINT('',(-4.54993013857558,0.,56.1753009799298));
#10745=CARTESIAN_POINT('Origin',(-104.449930138576,0.,51.6753009799298));
#10746=CARTESIAN_POINT('',(1.8671007416395,0.,32.1753009799299));
#10747=CARTESIAN_POINT('Origin',(-10.0499301385756,0.,37.6753009799298));
#10748=CARTESIAN_POINT('',(-4.54993013857558,0.,28.1753009799298));
#10749=CARTESIAN_POINT('',(-4.54993013857558,0.,28.1753009799298));
#10750=CARTESIAN_POINT('',(-0.549930138575579,0.,32.1753009799299));
#10751=CARTESIAN_POINT('',(-0.549930138575579,0.,32.1753009799299));
#10752=CARTESIAN_POINT('',(8.45006986142442,0.,32.1753009799299));
#10753=CARTESIAN_POINT('Origin',(-104.449930138576,0.,51.6753009799298));
#10754=CARTESIAN_POINT('',(1.8671007416395,0.,15.1753009799298));
#10755=CARTESIAN_POINT('Origin',(-10.0499301385756,0.,9.67530097992984));
#10756=CARTESIAN_POINT('',(-0.549930138575574,0.,15.1753009799298));
#10757=CARTESIAN_POINT('',(-0.549930138575574,0.,15.1753009799298));
#10758=CARTESIAN_POINT('',(-4.54993013857558,0.,19.1753009799298));
#10759=CARTESIAN_POINT('',(-4.54993013857558,0.,19.1753009799298));
#10760=CARTESIAN_POINT('',(-4.54993013857558,0.,28.1753009799298));
#10761=CARTESIAN_POINT('Origin',(-104.449930138576,0.,51.6753009799298));
#10762=CARTESIAN_POINT('',(-4.54993013857557,0.,-2.24172990028525));
#10763=CARTESIAN_POINT('',(1.8671007416395,0.,4.17530097992985));
#10764=CARTESIAN_POINT('Origin',(-10.0499301385756,0.,9.67530097992984));
#10765=CARTESIAN_POINT('',(-4.54993013857557,0.,0.175300979929842));
#10766=CARTESIAN_POINT('',(-4.54993013857557,0.,0.175300979929842));
#10767=CARTESIAN_POINT('',(-0.549930138575576,0.,4.17530097992985));
#10768=CARTESIAN_POINT('',(-0.549930138575576,0.,4.17530097992985));
#10769=CARTESIAN_POINT('',(8.45006986142443,0.,4.17530097992985));
#10770=CARTESIAN_POINT('Origin',(-104.449930138576,0.,51.6753009799298));
#10771=CARTESIAN_POINT('',(-15.5499301385756,0.,-2.24172990028526));
#10772=CARTESIAN_POINT('Origin',(-10.0499301385756,0.,9.67530097992984));
#10773=CARTESIAN_POINT('',(-19.5499301385756,0.,4.17530097992984));
#10774=CARTESIAN_POINT('',(-19.5499301385756,0.,4.17530097992984));
#10775=CARTESIAN_POINT('',(-15.5499301385756,0.,0.175300979929837));
#10776=CARTESIAN_POINT('',(-15.5499301385756,0.,0.175300979929837));
#10777=CARTESIAN_POINT('',(-15.5499301385756,0.,-8.82469902007017));
#10778=CARTESIAN_POINT('Origin',(-104.449930138576,0.,51.6753009799298));
#10779=CARTESIAN_POINT('',(-32.5499301385756,0.,-2.24172990028525));
#10780=CARTESIAN_POINT('Origin',(-38.0499301385756,0.,9.67530097992984));
#10781=CARTESIAN_POINT('',(-32.5499301385756,0.,0.175300979929837));
#10782=CARTESIAN_POINT('',(-32.5499301385756,0.,0.175300979929837));
#10783=CARTESIAN_POINT('',(-28.5499301385756,0.,4.17530097992984));
#10784=CARTESIAN_POINT('',(-28.5499301385756,0.,4.17530097992984));
#10785=CARTESIAN_POINT('',(-19.5499301385756,0.,4.17530097992984));
#10786=CARTESIAN_POINT('Origin',(-103.549930138576,0.,88.1753009799299));
#10787=CARTESIAN_POINT('',(-105.966961018791,0.,88.1753009799299));
#10788=CARTESIAN_POINT('',(-103.549930138576,0.,88.1753009799299));
#10789=CARTESIAN_POINT('Origin',(-99.5499301385756,0.,84.1753009799299));
#10790=CARTESIAN_POINT('',(-99.5499301385756,0.,84.1753009799299));
#10791=CARTESIAN_POINT('Origin',(-99.5499301385756,0.,75.1753009799298));
#10792=CARTESIAN_POINT('',(-99.5499301385756,0.,75.1753009799298));
#10793=CARTESIAN_POINT('Origin',(-103.549930138576,0.,71.1753009799298));
#10794=CARTESIAN_POINT('',(-103.549930138576,0.,71.1753009799298));
#10795=CARTESIAN_POINT('Origin',(-105.966961018791,0.,71.1753009799298));
#10796=CARTESIAN_POINT('',(-105.966961018791,0.,71.1753009799298));
#10797=CARTESIAN_POINT('Origin',(-103.549930138576,0.,60.1753009799298));
#10798=CARTESIAN_POINT('',(-105.966961018791,0.,60.1753009799298));
#10799=CARTESIAN_POINT('',(-103.549930138576,0.,60.1753009799298));
#10800=CARTESIAN_POINT('Origin',(-99.5499301385756,0.,56.1753009799298));
#10801=CARTESIAN_POINT('',(-99.5499301385756,0.,56.1753009799298));
#10802=CARTESIAN_POINT('Origin',(-99.5499301385756,0.,47.1753009799298));
#10803=CARTESIAN_POINT('Origin',(-103.549930138576,0.,43.1753009799298));
#10804=CARTESIAN_POINT('',(-103.549930138576,0.,43.1753009799298));
#10805=CARTESIAN_POINT('Origin',(-105.966961018791,0.,43.1753009799298));
#10806=CARTESIAN_POINT('Origin',(-103.549930138576,0.,32.1753009799298));
#10807=CARTESIAN_POINT('',(-103.549930138576,0.,32.1753009799298));
#10808=CARTESIAN_POINT('Origin',(-99.5499301385756,0.,28.1753009799298));
#10809=CARTESIAN_POINT('Origin',(-99.5499301385756,0.,19.1753009799298));
#10810=CARTESIAN_POINT('',(-99.5499301385756,0.,19.1753009799298));
#10811=CARTESIAN_POINT('Origin',(-103.549930138576,0.,15.1753009799298));
#10812=CARTESIAN_POINT('',(-103.549930138576,0.,15.1753009799298));
#10813=CARTESIAN_POINT('Origin',(-105.966961018791,0.,15.1753009799298));
#10814=CARTESIAN_POINT('',(-105.966961018791,0.,15.1753009799298));
#10815=CARTESIAN_POINT('Origin',(-103.549930138576,0.,4.17530097992983));
#10816=CARTESIAN_POINT('',(-105.966961018791,0.,4.17530097992983));
#10817=CARTESIAN_POINT('',(-103.549930138576,0.,4.17530097992983));
#10818=CARTESIAN_POINT('Origin',(-99.5499301385756,0.,0.175300979929822));
#10819=CARTESIAN_POINT('',(-99.5499301385756,0.,0.175300979929822));
#10820=CARTESIAN_POINT('Origin',(-99.5499301385756,0.,-2.24172990028526));
#10821=CARTESIAN_POINT('',(-99.5499301385756,0.,-2.24172990028526));
#10822=CARTESIAN_POINT('Origin',(-88.5499301385756,0.,0.175300979929827));
#10823=CARTESIAN_POINT('',(-88.5499301385756,0.,-2.24172990028525));
#10824=CARTESIAN_POINT('',(-88.5499301385756,0.,0.175300979929827));
#10825=CARTESIAN_POINT('Origin',(-84.5499301385756,0.,4.17530097992983));
#10826=CARTESIAN_POINT('',(-84.5499301385756,0.,4.17530097992983));
#10827=CARTESIAN_POINT('Origin',(-75.5499301385756,0.,4.17530097992983));
#10828=CARTESIAN_POINT('',(-75.5499301385756,0.,4.17530097992983));
#10829=CARTESIAN_POINT('Origin',(-71.5499301385756,0.,0.175300979929827));
#10830=CARTESIAN_POINT('',(-71.5499301385756,0.,0.175300979929827));
#10831=CARTESIAN_POINT('Origin',(-71.5499301385756,0.,-2.24172990028526));
#10832=CARTESIAN_POINT('',(-71.5499301385756,0.,-2.24172990028526));
#10833=CARTESIAN_POINT('Origin',(-60.5499301385756,0.,0.175300979929832));
#10834=CARTESIAN_POINT('',(-60.5499301385756,0.,-2.24172990028525));
#10835=CARTESIAN_POINT('',(-60.5499301385756,0.,0.175300979929832));
#10836=CARTESIAN_POINT('Origin',(-56.5499301385756,0.,4.17530097992984));
#10837=CARTESIAN_POINT('',(-56.5499301385756,0.,4.17530097992984));
#10838=CARTESIAN_POINT('Origin',(-47.5499301385756,0.,4.17530097992984));
#10839=CARTESIAN_POINT('',(-49.7999301385756,0.,4.17530097992984));
#10840=CARTESIAN_POINT('',(-47.5499301385756,0.,4.17530097992984));
#10841=CARTESIAN_POINT('Origin',(-43.5499301385756,0.,0.175300979929832));
#10842=CARTESIAN_POINT('',(-43.5499301385756,0.,0.175300979929832));
#10843=CARTESIAN_POINT('Origin',(-43.5499301385756,0.,-2.24172990028527));
#10844=CARTESIAN_POINT('',(-43.5499301385756,0.,-2.24172990028527));
#10845=CARTESIAN_POINT('Origin',(-32.5499301385756,0.,0.175300979929837));
#10846=CARTESIAN_POINT('',(-32.5499301385756,0.,-2.24172990028525));
#10847=CARTESIAN_POINT('',(-32.5499301385756,0.,0.175300979929837));
#10848=CARTESIAN_POINT('Origin',(-28.5499301385756,0.,4.17530097992984));
#10849=CARTESIAN_POINT('',(-28.5499301385756,0.,4.17530097992984));
#10850=CARTESIAN_POINT('Origin',(-19.5499301385756,0.,4.17530097992984));
#10851=CARTESIAN_POINT('',(-19.5499301385756,0.,4.17530097992984));
#10852=CARTESIAN_POINT('Origin',(-15.5499301385756,0.,0.175300979929837));
#10853=CARTESIAN_POINT('',(-15.5499301385756,0.,0.175300979929837));
#10854=CARTESIAN_POINT('Origin',(-15.5499301385756,0.,-2.24172990028526));
#10855=CARTESIAN_POINT('',(-15.5499301385756,0.,-2.24172990028526));
#10856=CARTESIAN_POINT('Origin',(-4.54993013857557,0.,0.175300979929842));
#10857=CARTESIAN_POINT('',(-4.54993013857557,0.,-2.24172990028525));
#10858=CARTESIAN_POINT('',(-4.54993013857557,0.,0.175300979929842));
#10859=CARTESIAN_POINT('Origin',(-0.549930138575576,0.,4.17530097992985));
#10860=CARTESIAN_POINT('',(-0.549930138575576,0.,4.17530097992985));
#10861=CARTESIAN_POINT('Origin',(1.8671007416395,0.,4.17530097992985));
#10862=CARTESIAN_POINT('',(1.8671007416395,0.,4.17530097992985));
#10863=CARTESIAN_POINT('Origin',(-0.549930138575574,0.,15.1753009799298));
#10864=CARTESIAN_POINT('',(1.8671007416395,0.,15.1753009799298));
#10865=CARTESIAN_POINT('',(-0.549930138575574,0.,15.1753009799298));
#10866=CARTESIAN_POINT('Origin',(-4.54993013857558,0.,19.1753009799298));
#10867=CARTESIAN_POINT('',(-4.54993013857558,0.,19.1753009799298));
#10868=CARTESIAN_POINT('Origin',(-4.54993013857558,0.,28.1753009799298));
#10869=CARTESIAN_POINT('',(-4.54993013857558,0.,28.1753009799298));
#10870=CARTESIAN_POINT('Origin',(-0.549930138575579,0.,32.1753009799299));
#10871=CARTESIAN_POINT('',(-0.549930138575579,0.,32.1753009799299));
#10872=CARTESIAN_POINT('Origin',(1.8671007416395,0.,32.1753009799299));
#10873=CARTESIAN_POINT('',(1.8671007416395,0.,32.1753009799299));
#10874=CARTESIAN_POINT('Origin',(-0.549930138575577,0.,43.1753009799298));
#10875=CARTESIAN_POINT('',(1.8671007416395,0.,43.1753009799298));
#10876=CARTESIAN_POINT('',(-0.549930138575577,0.,43.1753009799298));
#10877=CARTESIAN_POINT('Origin',(-4.54993013857558,0.,47.1753009799298));
#10878=CARTESIAN_POINT('',(-4.54993013857558,0.,47.1753009799298));
#10879=CARTESIAN_POINT('Origin',(-4.54993013857558,0.,56.1753009799298));
#10880=CARTESIAN_POINT('',(-4.54993013857558,0.,53.9253009799298));
#10881=CARTESIAN_POINT('',(-4.54993013857558,0.,56.1753009799298));
#10882=CARTESIAN_POINT('Origin',(-0.549930138575582,0.,60.1753009799299));
#10883=CARTESIAN_POINT('',(-0.549930138575582,0.,60.1753009799299));
#10884=CARTESIAN_POINT('Origin',(1.8671007416395,0.,60.1753009799299));
#10885=CARTESIAN_POINT('',(1.8671007416395,0.,60.1753009799299));
#10886=CARTESIAN_POINT('Origin',(-0.549930138575581,0.,71.1753009799298));
#10887=CARTESIAN_POINT('',(1.8671007416395,0.,71.1753009799298));
#10888=CARTESIAN_POINT('',(-0.549930138575581,0.,71.1753009799298));
#10889=CARTESIAN_POINT('Origin',(-4.54993013857558,0.,75.1753009799299));
#10890=CARTESIAN_POINT('',(-4.54993013857558,0.,75.1753009799299));
#10891=CARTESIAN_POINT('Origin',(-4.54993013857558,0.,84.1753009799299));
#10892=CARTESIAN_POINT('',(-4.54993013857558,0.,84.1753009799299));
#10893=CARTESIAN_POINT('Origin',(-0.549930138575586,0.,88.1753009799299));
#10894=CARTESIAN_POINT('',(-0.549930138575586,0.,88.1753009799299));
#10895=CARTESIAN_POINT('Origin',(1.8671007416395,0.,88.1753009799299));
#10896=CARTESIAN_POINT('',(1.8671007416395,0.,88.1753009799299));
#10897=CARTESIAN_POINT('Origin',(-0.549930138575584,0.,99.1753009799299));
#10898=CARTESIAN_POINT('',(1.8671007416395,0.,99.1753009799299));
#10899=CARTESIAN_POINT('',(-0.549930138575584,0.,99.1753009799299));
#10900=CARTESIAN_POINT('Origin',(-4.54993013857559,0.,103.17530097993));
#10901=CARTESIAN_POINT('',(-4.54993013857559,0.,103.17530097993));
#10902=CARTESIAN_POINT('Origin',(-4.54993013857559,0.,105.592331860145));
#10903=CARTESIAN_POINT('',(-4.54993013857559,0.,105.592331860145));
#10904=CARTESIAN_POINT('Origin',(-15.5499301385756,0.,103.17530097993));
#10905=CARTESIAN_POINT('',(-15.5499301385756,0.,105.592331860145));
#10906=CARTESIAN_POINT('',(-15.5499301385756,0.,103.17530097993));
#10907=CARTESIAN_POINT('Origin',(-19.5499301385756,0.,99.1753009799299));
#10908=CARTESIAN_POINT('',(-19.5499301385756,0.,99.1753009799299));
#10909=CARTESIAN_POINT('Origin',(-28.5499301385756,0.,99.1753009799299));
#10910=CARTESIAN_POINT('',(-28.5499301385756,0.,99.1753009799299));
#10911=CARTESIAN_POINT('Origin',(-32.5499301385756,0.,103.17530097993));
#10912=CARTESIAN_POINT('',(-32.5499301385756,0.,103.17530097993));
#10913=CARTESIAN_POINT('Origin',(-32.5499301385756,0.,105.592331860145));
#10914=CARTESIAN_POINT('',(-32.5499301385756,0.,105.592331860145));
#10915=CARTESIAN_POINT('Origin',(-43.5499301385756,0.,103.17530097993));
#10916=CARTESIAN_POINT('',(-43.5499301385756,0.,105.592331860145));
#10917=CARTESIAN_POINT('',(-43.5499301385756,0.,103.17530097993));
#10918=CARTESIAN_POINT('Origin',(-47.5499301385756,0.,99.1753009799299));
#10919=CARTESIAN_POINT('',(-47.5499301385756,0.,99.1753009799299));
#10920=CARTESIAN_POINT('Origin',(-56.5499301385756,0.,99.1753009799299));
#10921=CARTESIAN_POINT('',(-54.2999301385756,0.,99.1753009799299));
#10922=CARTESIAN_POINT('',(-56.5499301385756,0.,99.1753009799299));
#10923=CARTESIAN_POINT('Origin',(-60.5499301385756,0.,103.17530097993));
#10924=CARTESIAN_POINT('',(-60.5499301385756,0.,103.17530097993));
#10925=CARTESIAN_POINT('Origin',(-60.5499301385756,0.,105.592331860145));
#10926=CARTESIAN_POINT('',(-60.5499301385756,0.,105.592331860145));
#10927=CARTESIAN_POINT('Origin',(-71.5499301385756,0.,103.17530097993));
#10928=CARTESIAN_POINT('',(-71.5499301385756,0.,105.592331860145));
#10929=CARTESIAN_POINT('',(-71.5499301385756,0.,103.17530097993));
#10930=CARTESIAN_POINT('Origin',(-75.5499301385756,0.,99.1753009799299));
#10931=CARTESIAN_POINT('',(-75.5499301385756,0.,99.1753009799299));
#10932=CARTESIAN_POINT('Origin',(-84.5499301385756,0.,99.1753009799299));
#10933=CARTESIAN_POINT('',(-84.5499301385756,0.,99.1753009799299));
#10934=CARTESIAN_POINT('Origin',(-88.5499301385756,0.,103.17530097993));
#10935=CARTESIAN_POINT('',(-88.5499301385756,0.,103.17530097993));
#10936=CARTESIAN_POINT('Origin',(-88.5499301385756,0.,105.592331860145));
#10937=CARTESIAN_POINT('',(-88.5499301385756,0.,105.592331860145));
#10938=CARTESIAN_POINT('Origin',(-99.5499301385756,0.,103.17530097993));
#10939=CARTESIAN_POINT('',(-99.5499301385756,0.,105.592331860145));
#10940=CARTESIAN_POINT('',(-99.5499301385756,0.,103.17530097993));
#10941=CARTESIAN_POINT('Origin',(-103.549930138576,0.,99.1753009799299));
#10942=CARTESIAN_POINT('',(-103.549930138576,0.,99.1753009799299));
#10943=CARTESIAN_POINT('Origin',(-105.966961018791,0.,99.1753009799299));
#10944=CARTESIAN_POINT('',(-105.966961018791,0.,99.1753009799299));
#10945=CARTESIAN_POINT('Origin',(-24.0499301385756,0.,51.6753009799298));
#10946=CARTESIAN_POINT('',(-15.5499301385756,0.,53.7582700997147));
#10947=CARTESIAN_POINT('Origin',(-10.0499301385756,0.,65.6753009799298));
#10948=CARTESIAN_POINT('',(-19.5499301385756,0.,60.1753009799298));
#10949=CARTESIAN_POINT('',(-19.5499301385756,0.,60.1753009799298));
#10950=CARTESIAN_POINT('',(-15.5499301385756,0.,56.1753009799298));
#10951=CARTESIAN_POINT('',(-15.5499301385756,0.,56.1753009799298));
#10952=CARTESIAN_POINT('',(-15.5499301385756,0.,47.1753009799298));
#10953=CARTESIAN_POINT('Origin',(-24.0499301385756,0.,51.6753009799298));
#10954=CARTESIAN_POINT('',(-32.5499301385756,0.,53.7582700997147));
#10955=CARTESIAN_POINT('Origin',(-38.0499301385756,0.,65.6753009799298));
#10956=CARTESIAN_POINT('',(-32.5499301385756,0.,56.1753009799298));
#10957=CARTESIAN_POINT('',(-32.5499301385756,0.,56.1753009799298));
#10958=CARTESIAN_POINT('',(-28.5499301385756,0.,60.1753009799298));
#10959=CARTESIAN_POINT('',(-28.5499301385756,0.,60.1753009799298));
#10960=CARTESIAN_POINT('',(-19.5499301385756,0.,60.1753009799298));
#10961=CARTESIAN_POINT('Origin',(-24.0499301385756,0.,51.6753009799298));
#10962=CARTESIAN_POINT('',(-32.5499301385756,0.,49.5923318601449));
#10963=CARTESIAN_POINT('Origin',(-38.0499301385756,0.,37.6753009799298));
#10964=CARTESIAN_POINT('',(-28.5499301385756,0.,43.1753009799298));
#10965=CARTESIAN_POINT('',(-28.5499301385756,0.,43.1753009799298));
#10966=CARTESIAN_POINT('',(-32.5499301385756,0.,47.1753009799298));
#10967=CARTESIAN_POINT('',(-32.5499301385756,0.,47.1753009799298));
#10968=CARTESIAN_POINT('',(-32.5499301385756,0.,56.1753009799298));
#10969=CARTESIAN_POINT('Origin',(-24.0499301385756,0.,51.6753009799298));
#10970=CARTESIAN_POINT('',(-15.5499301385756,0.,49.5923318601449));
#10971=CARTESIAN_POINT('Origin',(-10.0499301385756,0.,37.6753009799298));
#10972=CARTESIAN_POINT('',(-15.5499301385756,0.,47.1753009799298));
#10973=CARTESIAN_POINT('',(-15.5499301385756,0.,47.1753009799298));
#10974=CARTESIAN_POINT('',(-19.5499301385756,0.,43.1753009799298));
#10975=CARTESIAN_POINT('',(-19.5499301385756,0.,43.1753009799298));
#10976=CARTESIAN_POINT('',(-28.5499301385756,0.,43.1753009799298));
#10977=CARTESIAN_POINT('Origin',(-15.5499301385756,0.,56.1753009799298));
#10978=CARTESIAN_POINT('',(-19.5499301385756,-2.,60.1753009799298));
#10979=CARTESIAN_POINT('',(-19.5499301385756,0.,60.1753009799298));
#10980=CARTESIAN_POINT('',(-15.5499301385756,-2.,56.1753009799298));
#10981=CARTESIAN_POINT('',(-15.5499301385756,-2.,56.1753009799298));
#10982=CARTESIAN_POINT('',(-15.5499301385756,0.,56.1753009799298));
#10983=CARTESIAN_POINT('Origin',(-15.5499301385756,0.,47.1753009799298));
#10984=CARTESIAN_POINT('',(-15.5499301385756,0.,49.4253009799299));
#10985=CARTESIAN_POINT('',(-15.5499301385756,-2.,47.1753009799298));
#10986=CARTESIAN_POINT('',(-15.5499301385756,-2.,47.1753009799298));
#10987=CARTESIAN_POINT('',(-15.5499301385756,0.,47.1753009799298));
#10988=CARTESIAN_POINT('Origin',(-19.5499301385756,0.,43.1753009799298));
#10989=CARTESIAN_POINT('',(-19.5499301385756,-2.,43.1753009799298));
#10990=CARTESIAN_POINT('',(-19.5499301385756,-2.,43.1753009799298));
#10991=CARTESIAN_POINT('',(-19.5499301385756,0.,43.1753009799298));
#10992=CARTESIAN_POINT('Origin',(-28.5499301385756,0.,43.1753009799298));
#10993=CARTESIAN_POINT('',(-28.5499301385756,-2.,43.1753009799298));
#10994=CARTESIAN_POINT('',(-28.5499301385756,-2.,43.1753009799298));
#10995=CARTESIAN_POINT('',(-28.5499301385756,0.,43.1753009799298));
#10996=CARTESIAN_POINT('Origin',(-32.5499301385756,0.,47.1753009799298));
#10997=CARTESIAN_POINT('',(-32.5499301385756,-2.,47.1753009799298));
#10998=CARTESIAN_POINT('',(-32.5499301385756,-2.,47.1753009799298));
#10999=CARTESIAN_POINT('',(-32.5499301385756,0.,47.1753009799298));
#11000=CARTESIAN_POINT('Origin',(-32.5499301385756,0.,56.1753009799298));
#11001=CARTESIAN_POINT('',(-32.5499301385756,0.,53.9253009799298));
#11002=CARTESIAN_POINT('',(-32.5499301385756,-2.,56.1753009799298));
#11003=CARTESIAN_POINT('',(-32.5499301385756,-2.,56.1753009799298));
#11004=CARTESIAN_POINT('',(-32.5499301385756,0.,56.1753009799298));
#11005=CARTESIAN_POINT('Origin',(-28.5499301385756,0.,60.1753009799298));
#11006=CARTESIAN_POINT('',(-28.5499301385756,-2.,60.1753009799298));
#11007=CARTESIAN_POINT('',(-28.5499301385756,-2.,60.1753009799298));
#11008=CARTESIAN_POINT('',(-28.5499301385756,0.,60.1753009799298));
#11009=CARTESIAN_POINT('Origin',(-19.5499301385756,0.,60.1753009799298));
#11010=CARTESIAN_POINT('',(-19.5499301385756,-2.,60.1753009799298));
#11011=CARTESIAN_POINT('Origin',(-24.0499301385756,-2.,51.6753009799298));
#11012=CARTESIAN_POINT('Origin',(-52.0499301385756,0.,51.6753009799298));
#11013=CARTESIAN_POINT('Origin',(-10.0499301385756,0.,65.6753009799298));
#11014=CARTESIAN_POINT('Origin',(-10.0499301385756,0.,37.6753009799298));
#11015=CARTESIAN_POINT('Origin',(-52.0499301385756,0.,51.6753009799298));
#11016=CARTESIAN_POINT('Origin',(-38.0499301385756,0.,37.6753009799298));
#11017=CARTESIAN_POINT('Origin',(-38.0499301385756,0.,65.6753009799298));
#11018=CARTESIAN_POINT('Origin',(-52.0499301385756,0.,51.6753009799298));
#11019=CARTESIAN_POINT('',(-51.1749301385756,0.,93.6753009799298));
#11020=CARTESIAN_POINT('Origin',(-38.0499301385756,0.,93.6753009799298));
#11021=CARTESIAN_POINT('Origin',(-38.0499301385756,0.,93.6753009799298));
#11022=CARTESIAN_POINT('Origin',(-66.0499301385756,0.,93.6753009799298));
#11023=CARTESIAN_POINT('Origin',(-52.0499301385756,0.,51.6753009799298));
#11024=CARTESIAN_POINT('Origin',(-66.0499301385756,0.,65.6753009799298));
#11025=CARTESIAN_POINT('',(-51.1749301385756,0.,65.6753009799298));
#11026=CARTESIAN_POINT('Origin',(-38.0499301385756,0.,65.6753009799298));
#11027=CARTESIAN_POINT('Origin',(-38.0499301385756,0.,65.6753009799298));
#11028=CARTESIAN_POINT('Origin',(-52.0499301385756,0.,51.6753009799298));
#11029=CARTESIAN_POINT('Origin',(-66.0499301385756,0.,37.6753009799298));
#11030=CARTESIAN_POINT('Origin',(-66.0499301385756,0.,65.6753009799298));
#11031=CARTESIAN_POINT('Origin',(-52.0499301385756,0.,51.6753009799298));
#11032=CARTESIAN_POINT('',(-51.1749301385756,0.,37.6753009799298));
#11033=CARTESIAN_POINT('Origin',(-38.0499301385756,0.,37.6753009799298));
#11034=CARTESIAN_POINT('Origin',(-38.0499301385756,0.,37.6753009799298));
#11035=CARTESIAN_POINT('Origin',(-66.0499301385756,0.,37.6753009799298));
#11036=CARTESIAN_POINT('Origin',(-52.0499301385756,0.,51.6753009799298));
#11037=CARTESIAN_POINT('Origin',(-66.0499301385756,0.,9.67530097992984));
#11038=CARTESIAN_POINT('',(-51.1749301385756,0.,9.67530097992984));
#11039=CARTESIAN_POINT('Origin',(-38.0499301385756,0.,9.67530097992984));
#11040=CARTESIAN_POINT('Origin',(-38.0499301385756,0.,9.67530097992984));
#11041=CARTESIAN_POINT('Origin',(-10.0499301385756,0.,9.67530097992984));
#11042=CARTESIAN_POINT('',(-23.1749301385756,0.,9.67530097992984));
#11043=CARTESIAN_POINT('Origin',(-94.0499301385756,0.,65.6753009799298));
#11044=CARTESIAN_POINT('',(-107.174930138576,0.,65.6753009799298));
#11045=CARTESIAN_POINT('Origin',(-94.0499301385756,0.,9.67530097992984));
#11046=CARTESIAN_POINT('',(-107.174930138576,0.,9.67530097992984));
#11047=CARTESIAN_POINT('Origin',(-66.0499301385756,0.,65.6753009799298));
#11048=CARTESIAN_POINT('',(-79.1749301385756,0.,65.6753009799298));
#11049=CARTESIAN_POINT('Origin',(-66.0499301385756,0.,9.67530097992984));
#11050=CARTESIAN_POINT('',(-79.1749301385756,0.,9.67530097992984));
#11051=CARTESIAN_POINT('Origin',(-38.0499301385756,0.,93.6753009799298));
#11052=CARTESIAN_POINT('',(-51.1749301385756,0.,93.6753009799298));
#11053=CARTESIAN_POINT('Origin',(-38.0499301385756,0.,65.6753009799298));
#11054=CARTESIAN_POINT('',(-51.1749301385756,0.,65.6753009799298));
#11055=CARTESIAN_POINT('Origin',(-38.0499301385756,0.,37.6753009799298));
#11056=CARTESIAN_POINT('',(-51.1749301385756,0.,37.6753009799298));
#11057=CARTESIAN_POINT('Origin',(-38.0499301385756,0.,9.67530097992984));
#11058=CARTESIAN_POINT('',(-51.1749301385756,0.,9.67530097992984));
#11059=CARTESIAN_POINT('Origin',(-10.0499301385756,0.,93.6753009799298));
#11060=CARTESIAN_POINT('',(-23.1749301385756,0.,93.6753009799298));
#11061=CARTESIAN_POINT('Origin',(-10.0499301385756,0.,65.6753009799298));
#11062=CARTESIAN_POINT('',(-23.1749301385756,0.,65.6753009799298));
#11063=CARTESIAN_POINT('Origin',(-10.0499301385756,0.,37.6753009799298));
#11064=CARTESIAN_POINT('',(-23.1749301385756,0.,37.6753009799298));
#11065=CARTESIAN_POINT('Origin',(-66.0499301385756,0.,37.6753009799298));
#11066=CARTESIAN_POINT('',(-79.1749301385756,0.,37.6753009799298));
#11067=CARTESIAN_POINT('Origin',(-66.0499301385756,0.,93.6753009799298));
#11068=CARTESIAN_POINT('',(-79.1749301385756,0.,93.6753009799298));
#11069=CARTESIAN_POINT('Origin',(-94.0499301385756,0.,93.6753009799298));
#11070=CARTESIAN_POINT('',(-107.174930138576,0.,93.6753009799298));
#11071=CARTESIAN_POINT('',(0.,-2.,0.));
#11072=UNCERTAINTY_MEASURE_WITH_UNIT(LENGTH_MEASURE(0.01),#11076,
'DISTANCE_ACCURACY_VALUE',
'Maximum model space distance between geometric entities at asserted c
onnectivities');
#11073=UNCERTAINTY_MEASURE_WITH_UNIT(LENGTH_MEASURE(0.01),#11076,
'DISTANCE_ACCURACY_VALUE',
'Maximum model space distance between geometric entities at asserted c
onnectivities');
#11074=(
GEOMETRIC_REPRESENTATION_CONTEXT(3)
GLOBAL_UNCERTAINTY_ASSIGNED_CONTEXT((#11072))
GLOBAL_UNIT_ASSIGNED_CONTEXT((#11076,#11078,#11079))
REPRESENTATION_CONTEXT('','3D')
);
#11075=(
GEOMETRIC_REPRESENTATION_CONTEXT(3)
GLOBAL_UNCERTAINTY_ASSIGNED_CONTEXT((#11073))
GLOBAL_UNIT_ASSIGNED_CONTEXT((#11076,#11078,#11079))
REPRESENTATION_CONTEXT('','3D')
);
#11076=(
LENGTH_UNIT()
NAMED_UNIT(*)
SI_UNIT(.MILLI.,.METRE.)
);
#11077=(
LENGTH_UNIT()
NAMED_UNIT(*)
SI_UNIT(.CENTI.,.METRE.)
);
#11078=(
NAMED_UNIT(*)
PLANE_ANGLE_UNIT()
SI_UNIT($,.RADIAN.)
);
#11079=(
NAMED_UNIT(*)
SI_UNIT($,.STERADIAN.)
SOLID_ANGLE_UNIT()
);
#11080=SHAPE_DEFINITION_REPRESENTATION(#11081,#11082);
#11081=PRODUCT_DEFINITION_SHAPE('',$,#11084);
#11082=SHAPE_REPRESENTATION('',(#6651),#11074);
#11083=PRODUCT_DEFINITION_CONTEXT('part definition',#11088,'design');
#11084=PRODUCT_DEFINITION('battery_pack_16s_front',
'battery_pack_16s_front',#11085,#11083);
#11085=PRODUCT_DEFINITION_FORMATION('',$,#11090);
#11086=PRODUCT_RELATED_PRODUCT_CATEGORY('battery_pack_16s_front',
'battery_pack_16s_front',(#11090));
#11087=APPLICATION_PROTOCOL_DEFINITION('international standard',
'automotive_design',2009,#11088);
#11088=APPLICATION_CONTEXT(
'Core Data for Automotive Mechanical Design Process');
#11089=PRODUCT_CONTEXT('part definition',#11088,'mechanical');
#11090=PRODUCT('battery_pack_16s_front','battery_pack_16s_front',$,(#11089));
#11091=PRESENTATION_STYLE_ASSIGNMENT((#11094));
#11092=PRESENTATION_STYLE_ASSIGNMENT((#11095));
#11093=PRESENTATION_STYLE_ASSIGNMENT((#11096));
#11094=SURFACE_STYLE_USAGE(.BOTH.,#11101);
#11095=SURFACE_STYLE_USAGE(.BOTH.,#11102);
#11096=SURFACE_STYLE_USAGE(.BOTH.,#11103);
#11097=SURFACE_STYLE_RENDERING_WITH_PROPERTIES($,#11113,(#11099));
#11098=SURFACE_STYLE_RENDERING_WITH_PROPERTIES($,#11114,(#11100));
#11099=SURFACE_STYLE_TRANSPARENT(0.);
#11100=SURFACE_STYLE_TRANSPARENT(0.);
#11101=SURFACE_SIDE_STYLE('',(#11104,#11097));
#11102=SURFACE_SIDE_STYLE('',(#11105,#11098));
#11103=SURFACE_SIDE_STYLE('',(#11106));
#11104=SURFACE_STYLE_FILL_AREA(#11107);
#11105=SURFACE_STYLE_FILL_AREA(#11108);
#11106=SURFACE_STYLE_FILL_AREA(#11109);
#11107=FILL_AREA_STYLE('',(#11110));
#11108=FILL_AREA_STYLE('',(#11111));
#11109=FILL_AREA_STYLE('',(#11112));
#11110=FILL_AREA_STYLE_COLOUR('',#11113);
#11111=FILL_AREA_STYLE_COLOUR('',#11114);
#11112=FILL_AREA_STYLE_COLOUR('',#11115);
#11113=COLOUR_RGB('',0.0470588235294118,0.0470588235294118,0.0470588235294118);
#11114=COLOUR_RGB('',0.905882352941176,0.83921568627451,0.674509803921569);
#11115=COLOUR_RGB('',0.913725490196078,0.913725490196078,0.);
ENDSEC;
END-ISO-10303-21;
