ISO-10303-21;
HEADER;
/* Generated by software containing ST-Developer
 * from STEP Tools, Inc. (www.steptools.com) 
 */

FILE_DESCRIPTION(
/* description */ (''),
/* implementation_level */ '2;1');

FILE_NAME(
/* name */ 'screen_top.stp',
/* time_stamp */ '2026-07-12T21:44:17-07:00',
/* author */ ('aaron'),
/* organization */ (''),
/* preprocessor_version */ 'ST-DEVELOPER v20.1',
/* originating_system */ 'Autodesk Inventor 2026',
/* authorisation */ '');

FILE_SCHEMA (('AUTOMOTIVE_DESIGN { 1 0 10303 214 3 1 1 }'));
ENDSEC;

DATA;
#10=MECHANICAL_DESIGN_GEOMETRIC_PRESENTATION_REPRESENTATION('',(#13),#2478);
#11=SHAPE_REPRESENTATION_RELATIONSHIP('SRR','None',#2485,#12);
#12=ADVANCED_BREP_SHAPE_REPRESENTATION('',(#14),#2477);
#13=STYLED_ITEM('',(#2494),#14);
#14=MANIFOLD_SOLID_BREP('Solid1',#1519);
#15=(
BOUNDED_SURFACE()
B_SPLINE_SURFACE(1,2,((#2405,#2406,#2407,#2408,#2409),(#2410,#2411,#2412,
#2413,#2414)),.UNSPECIFIED.,.F.,.F.,.F.)
B_SPLINE_SURFACE_WITH_KNOTS((2,2),(3,2,3),(0.,1.79775280898854),(0.66229516123845,
1.54930816002189,2.43632115880532),.UNSPECIFIED.)
GEOMETRIC_REPRESENTATION_ITEM()
RATIONAL_B_SPLINE_SURFACE(((1.,0.903252547606958,1.,0.903252547606958,1.),
(1.,0.903252547606958,1.,0.903252547606958,1.)))
REPRESENTATION_ITEM('')
SURFACE()
);
#16=CYLINDRICAL_SURFACE('',#1553,1.65);
#17=CYLINDRICAL_SURFACE('',#1595,1.65);
#18=CYLINDRICAL_SURFACE('',#1625,1.65);
#19=CYLINDRICAL_SURFACE('',#1626,1.15);
#20=CYLINDRICAL_SURFACE('',#1627,1.15);
#21=CYLINDRICAL_SURFACE('',#1628,2.);
#22=CYLINDRICAL_SURFACE('',#1630,2.);
#23=CYLINDRICAL_SURFACE('',#1636,2.);
#24=CYLINDRICAL_SURFACE('',#1638,2.00000000000001);
#25=CYLINDRICAL_SURFACE('',#1640,2.);
#26=CYLINDRICAL_SURFACE('',#1642,2.00000000000001);
#27=FACE_BOUND('',#147,.T.);
#28=FACE_BOUND('',#148,.T.);
#29=FACE_BOUND('',#151,.T.);
#30=FACE_BOUND('',#156,.T.);
#31=FACE_BOUND('',#163,.T.);
#32=FACE_BOUND('',#164,.T.);
#33=FACE_BOUND('',#165,.T.);
#34=FACE_BOUND('',#166,.T.);
#35=FACE_BOUND('',#167,.T.);
#36=FACE_BOUND('',#176,.T.);
#37=FACE_BOUND('',#178,.T.);
#38=FACE_BOUND('',#180,.T.);
#39=FACE_BOUND('',#205,.T.);
#40=FACE_BOUND('',#233,.T.);
#41=CIRCLE('',#1544,1.65);
#42=CIRCLE('',#1545,1.65);
#43=CIRCLE('',#1552,1.65);
#44=CIRCLE('',#1554,1.65);
#45=CIRCLE('',#1560,8.90000000000112);
#46=CIRCLE('',#1561,2.);
#47=CIRCLE('',#1562,2.);
#48=CIRCLE('',#1563,1.15);
#49=CIRCLE('',#1564,1.15);
#50=CIRCLE('',#1565,1.65);
#51=CIRCLE('',#1566,1.65);
#52=CIRCLE('',#1575,8.90000000000112);
#53=CIRCLE('',#1576,2.00000000000001);
#54=CIRCLE('',#1577,2.);
#55=CIRCLE('',#1578,2.00000000000001);
#56=CIRCLE('',#1579,2.);
#57=CIRCLE('',#1581,2.);
#58=CIRCLE('',#1582,2.);
#59=CIRCLE('',#1583,8.90000000000112);
#60=CIRCLE('',#1584,1.15);
#61=CIRCLE('',#1586,1.15);
#62=CIRCLE('',#1599,8.90000000000112);
#63=CIRCLE('',#1612,8.90000000000112);
#64=CIRCLE('',#1613,2.00000000000001);
#65=CIRCLE('',#1614,2.);
#66=CIRCLE('',#1615,2.00000000000001);
#67=CIRCLE('',#1616,2.);
#68=CIRCLE('',#1619,8.90000000000112);
#69=CIRCLE('',#1620,8.90000000000112);
#70=FACE_OUTER_BOUND('',#145,.T.);
#71=FACE_OUTER_BOUND('',#146,.T.);
#72=FACE_OUTER_BOUND('',#149,.T.);
#73=FACE_OUTER_BOUND('',#150,.T.);
#74=FACE_OUTER_BOUND('',#152,.T.);
#75=FACE_OUTER_BOUND('',#153,.T.);
#76=FACE_OUTER_BOUND('',#154,.T.);
#77=FACE_OUTER_BOUND('',#155,.T.);
#78=FACE_OUTER_BOUND('',#157,.T.);
#79=FACE_OUTER_BOUND('',#158,.T.);
#80=FACE_OUTER_BOUND('',#159,.T.);
#81=FACE_OUTER_BOUND('',#160,.T.);
#82=FACE_OUTER_BOUND('',#161,.T.);
#83=FACE_OUTER_BOUND('',#162,.T.);
#84=FACE_OUTER_BOUND('',#168,.T.);
#85=FACE_OUTER_BOUND('',#169,.T.);
#86=FACE_OUTER_BOUND('',#170,.T.);
#87=FACE_OUTER_BOUND('',#171,.T.);
#88=FACE_OUTER_BOUND('',#172,.T.);
#89=FACE_OUTER_BOUND('',#173,.T.);
#90=FACE_OUTER_BOUND('',#174,.T.);
#91=FACE_OUTER_BOUND('',#175,.T.);
#92=FACE_OUTER_BOUND('',#177,.T.);
#93=FACE_OUTER_BOUND('',#179,.T.);
#94=FACE_OUTER_BOUND('',#181,.T.);
#95=FACE_OUTER_BOUND('',#182,.T.);
#96=FACE_OUTER_BOUND('',#183,.T.);
#97=FACE_OUTER_BOUND('',#184,.T.);
#98=FACE_OUTER_BOUND('',#185,.T.);
#99=FACE_OUTER_BOUND('',#186,.T.);
#100=FACE_OUTER_BOUND('',#187,.T.);
#101=FACE_OUTER_BOUND('',#188,.T.);
#102=FACE_OUTER_BOUND('',#189,.T.);
#103=FACE_OUTER_BOUND('',#190,.T.);
#104=FACE_OUTER_BOUND('',#191,.T.);
#105=FACE_OUTER_BOUND('',#192,.T.);
#106=FACE_OUTER_BOUND('',#193,.T.);
#107=FACE_OUTER_BOUND('',#194,.T.);
#108=FACE_OUTER_BOUND('',#195,.T.);
#109=FACE_OUTER_BOUND('',#196,.T.);
#110=FACE_OUTER_BOUND('',#197,.T.);
#111=FACE_OUTER_BOUND('',#198,.T.);
#112=FACE_OUTER_BOUND('',#199,.T.);
#113=FACE_OUTER_BOUND('',#200,.T.);
#114=FACE_OUTER_BOUND('',#201,.T.);
#115=FACE_OUTER_BOUND('',#202,.T.);
#116=FACE_OUTER_BOUND('',#203,.T.);
#117=FACE_OUTER_BOUND('',#204,.T.);
#118=FACE_OUTER_BOUND('',#206,.T.);
#119=FACE_OUTER_BOUND('',#207,.T.);
#120=FACE_OUTER_BOUND('',#208,.T.);
#121=FACE_OUTER_BOUND('',#209,.T.);
#122=FACE_OUTER_BOUND('',#210,.T.);
#123=FACE_OUTER_BOUND('',#211,.T.);
#124=FACE_OUTER_BOUND('',#212,.T.);
#125=FACE_OUTER_BOUND('',#213,.T.);
#126=FACE_OUTER_BOUND('',#214,.T.);
#127=FACE_OUTER_BOUND('',#215,.T.);
#128=FACE_OUTER_BOUND('',#216,.T.);
#129=FACE_OUTER_BOUND('',#217,.T.);
#130=FACE_OUTER_BOUND('',#218,.T.);
#131=FACE_OUTER_BOUND('',#219,.T.);
#132=FACE_OUTER_BOUND('',#220,.T.);
#133=FACE_OUTER_BOUND('',#221,.T.);
#134=FACE_OUTER_BOUND('',#222,.T.);
#135=FACE_OUTER_BOUND('',#223,.T.);
#136=FACE_OUTER_BOUND('',#224,.T.);
#137=FACE_OUTER_BOUND('',#225,.T.);
#138=FACE_OUTER_BOUND('',#226,.T.);
#139=FACE_OUTER_BOUND('',#227,.T.);
#140=FACE_OUTER_BOUND('',#228,.T.);
#141=FACE_OUTER_BOUND('',#229,.T.);
#142=FACE_OUTER_BOUND('',#230,.T.);
#143=FACE_OUTER_BOUND('',#231,.T.);
#144=FACE_OUTER_BOUND('',#232,.T.);
#145=EDGE_LOOP('',(#955,#956,#957,#958));
#146=EDGE_LOOP('',(#959,#960,#961,#962,#963,#964,#965,#966));
#147=EDGE_LOOP('',(#967));
#148=EDGE_LOOP('',(#968));
#149=EDGE_LOOP('',(#969,#970,#971,#972,#973));
#150=EDGE_LOOP('',(#974,#975,#976,#977,#978,#979,#980,#981,#982,#983));
#151=EDGE_LOOP('',(#984,#985,#986,#987));
#152=EDGE_LOOP('',(#988,#989,#990,#991));
#153=EDGE_LOOP('',(#992,#993,#994,#995));
#154=EDGE_LOOP('',(#996,#997,#998,#999));
#155=EDGE_LOOP('',(#1000,#1001,#1002,#1003,#1004,#1005));
#156=EDGE_LOOP('',(#1006));
#157=EDGE_LOOP('',(#1007,#1008,#1009,#1010));
#158=EDGE_LOOP('',(#1011,#1012,#1013,#1014,#1015));
#159=EDGE_LOOP('',(#1016,#1017,#1018,#1019));
#160=EDGE_LOOP('',(#1020,#1021,#1022,#1023));
#161=EDGE_LOOP('',(#1024,#1025,#1026,#1027));
#162=EDGE_LOOP('',(#1028,#1029,#1030,#1031,#1032,#1033,#1034,#1035,#1036,
#1037,#1038,#1039,#1040,#1041,#1042,#1043,#1044,#1045,#1046,#1047,#1048,
#1049,#1050,#1051,#1052,#1053));
#163=EDGE_LOOP('',(#1054));
#164=EDGE_LOOP('',(#1055));
#165=EDGE_LOOP('',(#1056));
#166=EDGE_LOOP('',(#1057));
#167=EDGE_LOOP('',(#1058));
#168=EDGE_LOOP('',(#1059,#1060,#1061,#1062));
#169=EDGE_LOOP('',(#1063,#1064,#1065,#1066));
#170=EDGE_LOOP('',(#1067,#1068,#1069,#1070));
#171=EDGE_LOOP('',(#1071,#1072,#1073,#1074));
#172=EDGE_LOOP('',(#1075,#1076,#1077,#1078,#1079));
#173=EDGE_LOOP('',(#1080,#1081,#1082,#1083));
#174=EDGE_LOOP('',(#1084,#1085,#1086,#1087,#1088));
#175=EDGE_LOOP('',(#1089,#1090,#1091,#1092,#1093,#1094,#1095,#1096,#1097,
#1098,#1099,#1100));
#176=EDGE_LOOP('',(#1101,#1102,#1103,#1104,#1105,#1106,#1107,#1108));
#177=EDGE_LOOP('',(#1109,#1110,#1111,#1112,#1113,#1114,#1115,#1116));
#178=EDGE_LOOP('',(#1117));
#179=EDGE_LOOP('',(#1118,#1119,#1120,#1121,#1122,#1123,#1124));
#180=EDGE_LOOP('',(#1125));
#181=EDGE_LOOP('',(#1126,#1127,#1128,#1129));
#182=EDGE_LOOP('',(#1130,#1131,#1132,#1133));
#183=EDGE_LOOP('',(#1134,#1135,#1136,#1137));
#184=EDGE_LOOP('',(#1138,#1139,#1140,#1141));
#185=EDGE_LOOP('',(#1142,#1143,#1144,#1145));
#186=EDGE_LOOP('',(#1146,#1147,#1148,#1149));
#187=EDGE_LOOP('',(#1150,#1151,#1152,#1153));
#188=EDGE_LOOP('',(#1154,#1155,#1156,#1157));
#189=EDGE_LOOP('',(#1158,#1159,#1160,#1161));
#190=EDGE_LOOP('',(#1162,#1163,#1164,#1165,#1166,#1167,#1168,#1169,#1170));
#191=EDGE_LOOP('',(#1171,#1172,#1173,#1174));
#192=EDGE_LOOP('',(#1175,#1176,#1177,#1178,#1179,#1180,#1181,#1182,#1183,
#1184,#1185));
#193=EDGE_LOOP('',(#1186,#1187,#1188,#1189));
#194=EDGE_LOOP('',(#1190,#1191,#1192,#1193));
#195=EDGE_LOOP('',(#1194,#1195,#1196,#1197,#1198,#1199));
#196=EDGE_LOOP('',(#1200,#1201,#1202,#1203));
#197=EDGE_LOOP('',(#1204,#1205,#1206,#1207));
#198=EDGE_LOOP('',(#1208,#1209,#1210,#1211));
#199=EDGE_LOOP('',(#1212,#1213,#1214,#1215));
#200=EDGE_LOOP('',(#1216,#1217,#1218,#1219));
#201=EDGE_LOOP('',(#1220,#1221,#1222,#1223,#1224,#1225,#1226,#1227));
#202=EDGE_LOOP('',(#1228,#1229,#1230,#1231));
#203=EDGE_LOOP('',(#1232,#1233,#1234,#1235));
#204=EDGE_LOOP('',(#1236,#1237,#1238,#1239,#1240,#1241));
#205=EDGE_LOOP('',(#1242,#1243,#1244,#1245,#1246,#1247,#1248,#1249));
#206=EDGE_LOOP('',(#1250,#1251,#1252,#1253));
#207=EDGE_LOOP('',(#1254,#1255,#1256,#1257,#1258));
#208=EDGE_LOOP('',(#1259,#1260,#1261,#1262,#1263,#1264,#1265,#1266,#1267,
#1268,#1269,#1270,#1271,#1272));
#209=EDGE_LOOP('',(#1273,#1274,#1275,#1276));
#210=EDGE_LOOP('',(#1277,#1278,#1279,#1280));
#211=EDGE_LOOP('',(#1281,#1282,#1283,#1284));
#212=EDGE_LOOP('',(#1285,#1286,#1287,#1288));
#213=EDGE_LOOP('',(#1289,#1290,#1291,#1292));
#214=EDGE_LOOP('',(#1293,#1294,#1295,#1296));
#215=EDGE_LOOP('',(#1297,#1298,#1299,#1300));
#216=EDGE_LOOP('',(#1301,#1302,#1303,#1304));
#217=EDGE_LOOP('',(#1305,#1306,#1307,#1308));
#218=EDGE_LOOP('',(#1309,#1310,#1311,#1312));
#219=EDGE_LOOP('',(#1313,#1314,#1315,#1316));
#220=EDGE_LOOP('',(#1317,#1318,#1319,#1320));
#221=EDGE_LOOP('',(#1321,#1322,#1323,#1324));
#222=EDGE_LOOP('',(#1325,#1326,#1327,#1328));
#223=EDGE_LOOP('',(#1329,#1330,#1331,#1332));
#224=EDGE_LOOP('',(#1333,#1334,#1335,#1336));
#225=EDGE_LOOP('',(#1337,#1338,#1339,#1340));
#226=EDGE_LOOP('',(#1341,#1342,#1343,#1344));
#227=EDGE_LOOP('',(#1345,#1346,#1347,#1348));
#228=EDGE_LOOP('',(#1349,#1350,#1351,#1352));
#229=EDGE_LOOP('',(#1353,#1354,#1355,#1356));
#230=EDGE_LOOP('',(#1357,#1358,#1359,#1360));
#231=EDGE_LOOP('',(#1361,#1362,#1363,#1364));
#232=EDGE_LOOP('',(#1365,#1366,#1367,#1368,#1369,#1370,#1371,#1372,#1373,
#1374,#1375,#1376));
#233=EDGE_LOOP('',(#1377,#1378,#1379,#1380));
#234=LINE('',#2041,#418);
#235=LINE('',#2043,#419);
#236=LINE('',#2045,#420);
#237=LINE('',#2046,#421);
#238=LINE('',#2049,#422);
#239=LINE('',#2051,#423);
#240=LINE('',#2053,#424);
#241=LINE('',#2055,#425);
#242=LINE('',#2057,#426);
#243=LINE('',#2059,#427);
#244=LINE('',#2060,#428);
#245=LINE('',#2068,#429);
#246=LINE('',#2069,#430);
#247=LINE('',#2070,#431);
#248=LINE('',#2073,#432);
#249=LINE('',#2075,#433);
#250=LINE('',#2077,#434);
#251=LINE('',#2079,#435);
#252=LINE('',#2081,#436);
#253=LINE('',#2083,#437);
#254=LINE('',#2085,#438);
#255=LINE('',#2086,#439);
#256=LINE('',#2089,#440);
#257=LINE('',#2091,#441);
#258=LINE('',#2093,#442);
#259=LINE('',#2094,#443);
#260=LINE('',#2097,#444);
#261=LINE('',#2098,#445);
#262=LINE('',#2101,#446);
#263=LINE('',#2103,#447);
#264=LINE('',#2104,#448);
#265=LINE('',#2106,#449);
#266=LINE('',#2109,#450);
#267=LINE('',#2110,#451);
#268=LINE('',#2116,#452);
#269=LINE('',#2119,#453);
#270=LINE('',#2121,#454);
#271=LINE('',#2122,#455);
#272=LINE('',#2125,#456);
#273=LINE('',#2126,#457);
#274=LINE('',#2130,#458);
#275=LINE('',#2132,#459);
#276=LINE('',#2134,#460);
#277=LINE('',#2135,#461);
#278=LINE('',#2138,#462);
#279=LINE('',#2140,#463);
#280=LINE('',#2141,#464);
#281=LINE('',#2144,#465);
#282=LINE('',#2146,#466);
#283=LINE('',#2148,#467);
#284=LINE('',#2150,#468);
#285=LINE('',#2152,#469);
#286=LINE('',#2154,#470);
#287=LINE('',#2156,#471);
#288=LINE('',#2157,#472);
#289=LINE('',#2159,#473);
#290=LINE('',#2160,#474);
#291=LINE('',#2162,#475);
#292=LINE('',#2164,#476);
#293=LINE('',#2166,#477);
#294=LINE('',#2168,#478);
#295=LINE('',#2170,#479);
#296=LINE('',#2172,#480);
#297=LINE('',#2174,#481);
#298=LINE('',#2180,#482);
#299=LINE('',#2193,#483);
#300=LINE('',#2194,#484);
#301=LINE('',#2195,#485);
#302=LINE('',#2198,#486);
#303=LINE('',#2199,#487);
#304=LINE('',#2202,#488);
#305=LINE('',#2203,#489);
#306=LINE('',#2206,#490);
#307=LINE('',#2207,#491);
#308=LINE('',#2210,#492);
#309=LINE('',#2212,#493);
#310=LINE('',#2213,#494);
#311=LINE('',#2216,#495);
#312=LINE('',#2217,#496);
#313=LINE('',#2220,#497);
#314=LINE('',#2221,#498);
#315=LINE('',#2224,#499);
#316=LINE('',#2228,#500);
#317=LINE('',#2230,#501);
#318=LINE('',#2232,#502);
#319=LINE('',#2233,#503);
#320=LINE('',#2235,#504);
#321=LINE('',#2236,#505);
#322=LINE('',#2241,#506);
#323=LINE('',#2245,#507);
#324=LINE('',#2249,#508);
#325=LINE('',#2252,#509);
#326=LINE('',#2257,#510);
#327=LINE('',#2262,#511);
#328=LINE('',#2267,#512);
#329=LINE('',#2268,#513);
#330=LINE('',#2269,#514);
#331=LINE('',#2273,#515);
#332=LINE('',#2275,#516);
#333=LINE('',#2278,#517);
#334=LINE('',#2280,#518);
#335=LINE('',#2281,#519);
#336=LINE('',#2284,#520);
#337=LINE('',#2285,#521);
#338=LINE('',#2288,#522);
#339=LINE('',#2289,#523);
#340=LINE('',#2291,#524);
#341=LINE('',#2293,#525);
#342=LINE('',#2296,#526);
#343=LINE('',#2299,#527);
#344=LINE('',#2301,#528);
#345=LINE('',#2303,#529);
#346=LINE('',#2305,#530);
#347=LINE('',#2307,#531);
#348=LINE('',#2308,#532);
#349=LINE('',#2311,#533);
#350=LINE('',#2313,#534);
#351=LINE('',#2314,#535);
#352=LINE('',#2317,#536);
#353=LINE('',#2319,#537);
#354=LINE('',#2321,#538);
#355=LINE('',#2325,#539);
#356=LINE('',#2327,#540);
#357=LINE('',#2329,#541);
#358=LINE('',#2331,#542);
#359=LINE('',#2333,#543);
#360=LINE('',#2334,#544);
#361=LINE('',#2337,#545);
#362=LINE('',#2338,#546);
#363=LINE('',#2341,#547);
#364=LINE('',#2342,#548);
#365=LINE('',#2345,#549);
#366=LINE('',#2347,#550);
#367=LINE('',#2348,#551);
#368=LINE('',#2350,#552);
#369=LINE('',#2351,#553);
#370=LINE('',#2353,#554);
#371=LINE('',#2355,#555);
#372=LINE('',#2357,#556);
#373=LINE('',#2359,#557);
#374=LINE('',#2361,#558);
#375=LINE('',#2363,#559);
#376=LINE('',#2365,#560);
#377=LINE('',#2367,#561);
#378=LINE('',#2368,#562);
#379=LINE('',#2371,#563);
#380=LINE('',#2372,#564);
#381=LINE('',#2375,#565);
#382=LINE('',#2376,#566);
#383=LINE('',#2379,#567);
#384=LINE('',#2383,#568);
#385=LINE('',#2384,#569);
#386=LINE('',#2389,#570);
#387=LINE('',#2393,#571);
#388=LINE('',#2397,#572);
#389=LINE('',#2400,#573);
#390=LINE('',#2402,#574);
#391=LINE('',#2404,#575);
#392=LINE('',#2416,#576);
#393=LINE('',#2420,#577);
#394=LINE('',#2423,#578);
#395=LINE('',#2424,#579);
#396=LINE('',#2430,#580);
#397=LINE('',#2432,#581);
#398=LINE('',#2434,#582);
#399=LINE('',#2436,#583);
#400=LINE('',#2438,#584);
#401=LINE('',#2442,#585);
#402=LINE('',#2444,#586);
#403=LINE('',#2445,#587);
#404=LINE('',#2448,#588);
#405=LINE('',#2449,#589);
#406=LINE('',#2452,#590);
#407=LINE('',#2453,#591);
#408=LINE('',#2455,#592);
#409=LINE('',#2457,#593);
#410=LINE('',#2458,#594);
#411=LINE('',#2460,#595);
#412=LINE('',#2462,#596);
#413=LINE('',#2464,#597);
#414=LINE('',#2466,#598);
#415=LINE('',#2468,#599);
#416=LINE('',#2470,#600);
#417=LINE('',#2473,#601);
#418=VECTOR('',#1649,10.);
#419=VECTOR('',#1650,10.);
#420=VECTOR('',#1651,10.);
#421=VECTOR('',#1652,10.);
#422=VECTOR('',#1655,10.);
#423=VECTOR('',#1656,10.);
#424=VECTOR('',#1657,10.);
#425=VECTOR('',#1658,10.);
#426=VECTOR('',#1659,10.);
#427=VECTOR('',#1660,10.);
#428=VECTOR('',#1661,10.);
#429=VECTOR('',#1668,10.);
#430=VECTOR('',#1669,10.);
#431=VECTOR('',#1670,10.);
#432=VECTOR('',#1673,10.);
#433=VECTOR('',#1674,10.);
#434=VECTOR('',#1675,10.);
#435=VECTOR('',#1676,10.);
#436=VECTOR('',#1677,10.);
#437=VECTOR('',#1678,10.);
#438=VECTOR('',#1679,10.);
#439=VECTOR('',#1680,10.);
#440=VECTOR('',#1681,10.);
#441=VECTOR('',#1682,10.);
#442=VECTOR('',#1683,10.);
#443=VECTOR('',#1684,10.);
#444=VECTOR('',#1687,10.);
#445=VECTOR('',#1688,10.);
#446=VECTOR('',#1691,10.);
#447=VECTOR('',#1692,10.);
#448=VECTOR('',#1693,10.);
#449=VECTOR('',#1696,10.);
#450=VECTOR('',#1699,10.);
#451=VECTOR('',#1700,10.);
#452=VECTOR('',#1707,1.65);
#453=VECTOR('',#1710,10.);
#454=VECTOR('',#1711,10.);
#455=VECTOR('',#1712,10.);
#456=VECTOR('',#1715,10.);
#457=VECTOR('',#1716,10.);
#458=VECTOR('',#1719,10.);
#459=VECTOR('',#1720,10.);
#460=VECTOR('',#1721,10.);
#461=VECTOR('',#1722,10.);
#462=VECTOR('',#1725,10.);
#463=VECTOR('',#1726,10.);
#464=VECTOR('',#1727,10.);
#465=VECTOR('',#1730,10.);
#466=VECTOR('',#1731,10.);
#467=VECTOR('',#1732,10.);
#468=VECTOR('',#1733,10.);
#469=VECTOR('',#1734,10.);
#470=VECTOR('',#1735,10.);
#471=VECTOR('',#1736,10.);
#472=VECTOR('',#1737,10.);
#473=VECTOR('',#1738,10.);
#474=VECTOR('',#1739,10.);
#475=VECTOR('',#1740,10.);
#476=VECTOR('',#1741,10.);
#477=VECTOR('',#1742,10.);
#478=VECTOR('',#1743,10.);
#479=VECTOR('',#1744,10.);
#480=VECTOR('',#1745,10.);
#481=VECTOR('',#1746,10.);
#482=VECTOR('',#1751,10.);
#483=VECTOR('',#1764,10.);
#484=VECTOR('',#1765,10.);
#485=VECTOR('',#1766,10.);
#486=VECTOR('',#1769,10.);
#487=VECTOR('',#1770,10.);
#488=VECTOR('',#1773,10.);
#489=VECTOR('',#1774,10.);
#490=VECTOR('',#1777,10.);
#491=VECTOR('',#1778,10.);
#492=VECTOR('',#1781,10.);
#493=VECTOR('',#1782,10.);
#494=VECTOR('',#1783,10.);
#495=VECTOR('',#1786,10.);
#496=VECTOR('',#1787,10.);
#497=VECTOR('',#1790,10.);
#498=VECTOR('',#1791,10.);
#499=VECTOR('',#1794,10.);
#500=VECTOR('',#1797,10.);
#501=VECTOR('',#1798,10.);
#502=VECTOR('',#1799,10.);
#503=VECTOR('',#1800,10.);
#504=VECTOR('',#1801,10.);
#505=VECTOR('',#1802,10.);
#506=VECTOR('',#1805,10.);
#507=VECTOR('',#1808,10.);
#508=VECTOR('',#1811,10.);
#509=VECTOR('',#1814,10.);
#510=VECTOR('',#1819,10.);
#511=VECTOR('',#1824,10.);
#512=VECTOR('',#1829,10.);
#513=VECTOR('',#1830,10.);
#514=VECTOR('',#1831,10.);
#515=VECTOR('',#1836,10.);
#516=VECTOR('',#1839,10.);
#517=VECTOR('',#1842,10.);
#518=VECTOR('',#1843,10.);
#519=VECTOR('',#1844,10.);
#520=VECTOR('',#1847,10.);
#521=VECTOR('',#1848,10.);
#522=VECTOR('',#1851,10.);
#523=VECTOR('',#1852,10.);
#524=VECTOR('',#1855,10.);
#525=VECTOR('',#1858,10.);
#526=VECTOR('',#1863,1.65);
#527=VECTOR('',#1866,10.);
#528=VECTOR('',#1867,10.);
#529=VECTOR('',#1868,10.);
#530=VECTOR('',#1869,10.);
#531=VECTOR('',#1870,10.);
#532=VECTOR('',#1871,10.);
#533=VECTOR('',#1874,10.);
#534=VECTOR('',#1875,10.);
#535=VECTOR('',#1876,10.);
#536=VECTOR('',#1879,10.);
#537=VECTOR('',#1880,10.);
#538=VECTOR('',#1881,10.);
#539=VECTOR('',#1884,10.);
#540=VECTOR('',#1885,10.);
#541=VECTOR('',#1886,10.);
#542=VECTOR('',#1887,10.);
#543=VECTOR('',#1888,10.);
#544=VECTOR('',#1889,10.);
#545=VECTOR('',#1892,10.);
#546=VECTOR('',#1893,10.);
#547=VECTOR('',#1896,10.);
#548=VECTOR('',#1897,10.);
#549=VECTOR('',#1900,10.);
#550=VECTOR('',#1901,10.);
#551=VECTOR('',#1902,10.);
#552=VECTOR('',#1905,10.);
#553=VECTOR('',#1906,10.);
#554=VECTOR('',#1909,10.);
#555=VECTOR('',#1912,10.);
#556=VECTOR('',#1915,10.);
#557=VECTOR('',#1918,10.);
#558=VECTOR('',#1921,10.);
#559=VECTOR('',#1922,10.);
#560=VECTOR('',#1923,10.);
#561=VECTOR('',#1924,10.);
#562=VECTOR('',#1925,10.);
#563=VECTOR('',#1928,10.);
#564=VECTOR('',#1929,10.);
#565=VECTOR('',#1932,10.);
#566=VECTOR('',#1933,10.);
#567=VECTOR('',#1936,10.);
#568=VECTOR('',#1939,10.);
#569=VECTOR('',#1940,10.);
#570=VECTOR('',#1943,10.);
#571=VECTOR('',#1946,10.);
#572=VECTOR('',#1949,10.);
#573=VECTOR('',#1952,10.);
#574=VECTOR('',#1955,10.);
#575=VECTOR('',#1958,10.);
#576=VECTOR('',#1959,10.);
#577=VECTOR('',#1962,10.);
#578=VECTOR('',#1965,10.);
#579=VECTOR('',#1966,10.);
#580=VECTOR('',#1977,1.65);
#581=VECTOR('',#1980,1.15);
#582=VECTOR('',#1983,1.15);
#583=VECTOR('',#1986,10.);
#584=VECTOR('',#1989,10.);
#585=VECTOR('',#1994,10.);
#586=VECTOR('',#1995,10.);
#587=VECTOR('',#1996,10.);
#588=VECTOR('',#1999,10.);
#589=VECTOR('',#2000,10.);
#590=VECTOR('',#2003,10.);
#591=VECTOR('',#2004,10.);
#592=VECTOR('',#2007,10.);
#593=VECTOR('',#2010,10.);
#594=VECTOR('',#2011,10.);
#595=VECTOR('',#2014,10.);
#596=VECTOR('',#2017,10.);
#597=VECTOR('',#2020,10.);
#598=VECTOR('',#2023,10.);
#599=VECTOR('',#2026,10.);
#600=VECTOR('',#2029,10.);
#601=VECTOR('',#2034,10.);
#602=VERTEX_POINT('',#2039);
#603=VERTEX_POINT('',#2040);
#604=VERTEX_POINT('',#2042);
#605=VERTEX_POINT('',#2044);
#606=VERTEX_POINT('',#2048);
#607=VERTEX_POINT('',#2050);
#608=VERTEX_POINT('',#2052);
#609=VERTEX_POINT('',#2054);
#610=VERTEX_POINT('',#2056);
#611=VERTEX_POINT('',#2058);
#612=VERTEX_POINT('',#2061);
#613=VERTEX_POINT('',#2063);
#614=VERTEX_POINT('',#2066);
#615=VERTEX_POINT('',#2067);
#616=VERTEX_POINT('',#2072);
#617=VERTEX_POINT('',#2074);
#618=VERTEX_POINT('',#2076);
#619=VERTEX_POINT('',#2078);
#620=VERTEX_POINT('',#2080);
#621=VERTEX_POINT('',#2082);
#622=VERTEX_POINT('',#2084);
#623=VERTEX_POINT('',#2087);
#624=VERTEX_POINT('',#2088);
#625=VERTEX_POINT('',#2090);
#626=VERTEX_POINT('',#2092);
#627=VERTEX_POINT('',#2096);
#628=VERTEX_POINT('',#2100);
#629=VERTEX_POINT('',#2102);
#630=VERTEX_POINT('',#2108);
#631=VERTEX_POINT('',#2111);
#632=VERTEX_POINT('',#2114);
#633=VERTEX_POINT('',#2118);
#634=VERTEX_POINT('',#2120);
#635=VERTEX_POINT('',#2124);
#636=VERTEX_POINT('',#2128);
#637=VERTEX_POINT('',#2129);
#638=VERTEX_POINT('',#2131);
#639=VERTEX_POINT('',#2133);
#640=VERTEX_POINT('',#2137);
#641=VERTEX_POINT('',#2139);
#642=VERTEX_POINT('',#2143);
#643=VERTEX_POINT('',#2145);
#644=VERTEX_POINT('',#2147);
#645=VERTEX_POINT('',#2149);
#646=VERTEX_POINT('',#2151);
#647=VERTEX_POINT('',#2153);
#648=VERTEX_POINT('',#2155);
#649=VERTEX_POINT('',#2158);
#650=VERTEX_POINT('',#2161);
#651=VERTEX_POINT('',#2163);
#652=VERTEX_POINT('',#2165);
#653=VERTEX_POINT('',#2167);
#654=VERTEX_POINT('',#2169);
#655=VERTEX_POINT('',#2171);
#656=VERTEX_POINT('',#2173);
#657=VERTEX_POINT('',#2175);
#658=VERTEX_POINT('',#2177);
#659=VERTEX_POINT('',#2179);
#660=VERTEX_POINT('',#2182);
#661=VERTEX_POINT('',#2184);
#662=VERTEX_POINT('',#2186);
#663=VERTEX_POINT('',#2188);
#664=VERTEX_POINT('',#2191);
#665=VERTEX_POINT('',#2192);
#666=VERTEX_POINT('',#2197);
#667=VERTEX_POINT('',#2201);
#668=VERTEX_POINT('',#2205);
#669=VERTEX_POINT('',#2209);
#670=VERTEX_POINT('',#2211);
#671=VERTEX_POINT('',#2215);
#672=VERTEX_POINT('',#2219);
#673=VERTEX_POINT('',#2223);
#674=VERTEX_POINT('',#2225);
#675=VERTEX_POINT('',#2227);
#676=VERTEX_POINT('',#2229);
#677=VERTEX_POINT('',#2231);
#678=VERTEX_POINT('',#2234);
#679=VERTEX_POINT('',#2237);
#680=VERTEX_POINT('',#2238);
#681=VERTEX_POINT('',#2240);
#682=VERTEX_POINT('',#2242);
#683=VERTEX_POINT('',#2244);
#684=VERTEX_POINT('',#2246);
#685=VERTEX_POINT('',#2248);
#686=VERTEX_POINT('',#2250);
#687=VERTEX_POINT('',#2254);
#688=VERTEX_POINT('',#2256);
#689=VERTEX_POINT('',#2258);
#690=VERTEX_POINT('',#2260);
#691=VERTEX_POINT('',#2263);
#692=VERTEX_POINT('',#2266);
#693=VERTEX_POINT('',#2270);
#694=VERTEX_POINT('',#2277);
#695=VERTEX_POINT('',#2279);
#696=VERTEX_POINT('',#2283);
#697=VERTEX_POINT('',#2287);
#698=VERTEX_POINT('',#2298);
#699=VERTEX_POINT('',#2300);
#700=VERTEX_POINT('',#2302);
#701=VERTEX_POINT('',#2304);
#702=VERTEX_POINT('',#2306);
#703=VERTEX_POINT('',#2310);
#704=VERTEX_POINT('',#2312);
#705=VERTEX_POINT('',#2316);
#706=VERTEX_POINT('',#2318);
#707=VERTEX_POINT('',#2320);
#708=VERTEX_POINT('',#2322);
#709=VERTEX_POINT('',#2324);
#710=VERTEX_POINT('',#2326);
#711=VERTEX_POINT('',#2328);
#712=VERTEX_POINT('',#2330);
#713=VERTEX_POINT('',#2332);
#714=VERTEX_POINT('',#2336);
#715=VERTEX_POINT('',#2340);
#716=VERTEX_POINT('',#2344);
#717=VERTEX_POINT('',#2346);
#718=VERTEX_POINT('',#2362);
#719=VERTEX_POINT('',#2364);
#720=VERTEX_POINT('',#2366);
#721=VERTEX_POINT('',#2370);
#722=VERTEX_POINT('',#2374);
#723=VERTEX_POINT('',#2378);
#724=VERTEX_POINT('',#2380);
#725=VERTEX_POINT('',#2382);
#726=VERTEX_POINT('',#2385);
#727=VERTEX_POINT('',#2386);
#728=VERTEX_POINT('',#2388);
#729=VERTEX_POINT('',#2390);
#730=VERTEX_POINT('',#2392);
#731=VERTEX_POINT('',#2394);
#732=VERTEX_POINT('',#2396);
#733=VERTEX_POINT('',#2398);
#734=VERTEX_POINT('',#2415);
#735=VERTEX_POINT('',#2417);
#736=VERTEX_POINT('',#2419);
#737=VERTEX_POINT('',#2421);
#738=VERTEX_POINT('',#2441);
#739=VERTEX_POINT('',#2443);
#740=VERTEX_POINT('',#2447);
#741=VERTEX_POINT('',#2451);
#742=EDGE_CURVE('',#602,#603,#234,.T.);
#743=EDGE_CURVE('',#603,#604,#235,.T.);
#744=EDGE_CURVE('',#604,#605,#236,.T.);
#745=EDGE_CURVE('',#605,#602,#237,.T.);
#746=EDGE_CURVE('',#604,#606,#238,.T.);
#747=EDGE_CURVE('',#607,#603,#239,.T.);
#748=EDGE_CURVE('',#608,#607,#240,.T.);
#749=EDGE_CURVE('',#609,#608,#241,.T.);
#750=EDGE_CURVE('',#610,#609,#242,.T.);
#751=EDGE_CURVE('',#611,#610,#243,.T.);
#752=EDGE_CURVE('',#606,#611,#244,.T.);
#753=EDGE_CURVE('',#612,#612,#41,.T.);
#754=EDGE_CURVE('',#613,#613,#42,.T.);
#755=EDGE_CURVE('',#614,#615,#245,.T.);
#756=EDGE_CURVE('',#615,#605,#246,.T.);
#757=EDGE_CURVE('',#606,#614,#247,.T.);
#758=EDGE_CURVE('',#616,#611,#248,.T.);
#759=EDGE_CURVE('',#617,#616,#249,.T.);
#760=EDGE_CURVE('',#618,#617,#250,.T.);
#761=EDGE_CURVE('',#618,#619,#251,.T.);
#762=EDGE_CURVE('',#620,#619,#252,.T.);
#763=EDGE_CURVE('',#621,#620,#253,.T.);
#764=EDGE_CURVE('',#622,#621,#254,.T.);
#765=EDGE_CURVE('',#622,#614,#255,.T.);
#766=EDGE_CURVE('',#623,#624,#256,.T.);
#767=EDGE_CURVE('',#624,#625,#257,.T.);
#768=EDGE_CURVE('',#625,#626,#258,.T.);
#769=EDGE_CURVE('',#626,#623,#259,.T.);
#770=EDGE_CURVE('',#607,#627,#260,.F.);
#771=EDGE_CURVE('',#602,#627,#261,.T.);
#772=EDGE_CURVE('',#628,#602,#262,.T.);
#773=EDGE_CURVE('',#629,#628,#263,.T.);
#774=EDGE_CURVE('',#627,#629,#264,.T.);
#775=EDGE_CURVE('',#628,#615,#265,.T.);
#776=EDGE_CURVE('',#630,#622,#266,.F.);
#777=EDGE_CURVE('',#629,#630,#267,.T.);
#778=EDGE_CURVE('',#631,#631,#43,.T.);
#779=EDGE_CURVE('',#632,#632,#44,.T.);
#780=EDGE_CURVE('',#632,#612,#268,.T.);
#781=EDGE_CURVE('',#633,#627,#269,.T.);
#782=EDGE_CURVE('',#634,#633,#270,.T.);
#783=EDGE_CURVE('',#608,#634,#271,.T.);
#784=EDGE_CURVE('',#635,#634,#272,.T.);
#785=EDGE_CURVE('',#609,#635,#273,.T.);
#786=EDGE_CURVE('',#636,#637,#274,.T.);
#787=EDGE_CURVE('',#637,#638,#275,.T.);
#788=EDGE_CURVE('',#638,#639,#276,.T.);
#789=EDGE_CURVE('',#639,#636,#277,.T.);
#790=EDGE_CURVE('',#637,#640,#278,.T.);
#791=EDGE_CURVE('',#641,#640,#279,.T.);
#792=EDGE_CURVE('',#641,#638,#280,.T.);
#793=EDGE_CURVE('',#636,#642,#281,.T.);
#794=EDGE_CURVE('',#642,#643,#282,.T.);
#795=EDGE_CURVE('',#643,#644,#283,.T.);
#796=EDGE_CURVE('',#644,#645,#284,.T.);
#797=EDGE_CURVE('',#645,#646,#285,.T.);
#798=EDGE_CURVE('',#647,#646,#286,.T.);
#799=EDGE_CURVE('',#648,#647,#287,.T.);
#800=EDGE_CURVE('',#617,#648,#288,.T.);
#801=EDGE_CURVE('',#649,#616,#289,.T.);
#802=EDGE_CURVE('',#649,#635,#290,.T.);
#803=EDGE_CURVE('',#633,#650,#291,.T.);
#804=EDGE_CURVE('',#651,#650,#292,.T.);
#805=EDGE_CURVE('',#651,#652,#293,.T.);
#806=EDGE_CURVE('',#653,#652,#294,.T.);
#807=EDGE_CURVE('',#654,#653,#295,.T.);
#808=EDGE_CURVE('',#654,#655,#296,.T.);
#809=EDGE_CURVE('',#655,#656,#297,.T.);
#810=EDGE_CURVE('',#656,#657,#45,.T.);
#811=EDGE_CURVE('',#658,#657,#46,.T.);
#812=EDGE_CURVE('',#658,#659,#298,.T.);
#813=EDGE_CURVE('',#640,#659,#47,.T.);
#814=EDGE_CURVE('',#660,#660,#48,.T.);
#815=EDGE_CURVE('',#661,#661,#49,.T.);
#816=EDGE_CURVE('',#662,#662,#50,.T.);
#817=EDGE_CURVE('',#663,#663,#51,.T.);
#818=EDGE_CURVE('',#664,#665,#299,.T.);
#819=EDGE_CURVE('',#665,#647,#300,.T.);
#820=EDGE_CURVE('',#646,#664,#301,.T.);
#821=EDGE_CURVE('',#665,#666,#302,.T.);
#822=EDGE_CURVE('',#648,#666,#303,.T.);
#823=EDGE_CURVE('',#667,#645,#304,.T.);
#824=EDGE_CURVE('',#664,#667,#305,.T.);
#825=EDGE_CURVE('',#668,#639,#306,.T.);
#826=EDGE_CURVE('',#668,#642,#307,.T.);
#827=EDGE_CURVE('',#669,#668,#308,.T.);
#828=EDGE_CURVE('',#670,#669,#309,.T.);
#829=EDGE_CURVE('',#670,#643,#310,.T.);
#830=EDGE_CURVE('',#671,#670,#311,.T.);
#831=EDGE_CURVE('',#671,#644,#312,.T.);
#832=EDGE_CURVE('',#672,#671,#313,.T.);
#833=EDGE_CURVE('',#667,#672,#314,.T.);
#834=EDGE_CURVE('',#669,#673,#315,.T.);
#835=EDGE_CURVE('',#673,#674,#52,.T.);
#836=EDGE_CURVE('',#674,#675,#316,.T.);
#837=EDGE_CURVE('',#675,#676,#317,.T.);
#838=EDGE_CURVE('',#676,#677,#318,.T.);
#839=EDGE_CURVE('',#621,#677,#319,.T.);
#840=EDGE_CURVE('',#678,#620,#320,.T.);
#841=EDGE_CURVE('',#678,#672,#321,.T.);
#842=EDGE_CURVE('',#679,#680,#53,.T.);
#843=EDGE_CURVE('',#680,#681,#322,.T.);
#844=EDGE_CURVE('',#681,#682,#54,.T.);
#845=EDGE_CURVE('',#682,#683,#323,.T.);
#846=EDGE_CURVE('',#683,#684,#55,.T.);
#847=EDGE_CURVE('',#684,#685,#324,.T.);
#848=EDGE_CURVE('',#685,#686,#56,.T.);
#849=EDGE_CURVE('',#686,#679,#325,.T.);
#850=EDGE_CURVE('',#687,#641,#57,.T.);
#851=EDGE_CURVE('',#688,#687,#326,.T.);
#852=EDGE_CURVE('',#689,#688,#58,.T.);
#853=EDGE_CURVE('',#690,#689,#59,.T.);
#854=EDGE_CURVE('',#668,#690,#327,.T.);
#855=EDGE_CURVE('',#691,#691,#60,.T.);
#856=EDGE_CURVE('',#692,#667,#328,.T.);
#857=EDGE_CURVE('',#619,#692,#329,.F.);
#858=EDGE_CURVE('',#666,#618,#330,.T.);
#859=EDGE_CURVE('',#693,#693,#61,.T.);
#860=EDGE_CURVE('',#673,#690,#331,.T.);
#861=EDGE_CURVE('',#692,#678,#332,.T.);
#862=EDGE_CURVE('',#694,#625,#333,.T.);
#863=EDGE_CURVE('',#695,#694,#334,.T.);
#864=EDGE_CURVE('',#695,#626,#335,.T.);
#865=EDGE_CURVE('',#696,#695,#336,.T.);
#866=EDGE_CURVE('',#696,#623,#337,.T.);
#867=EDGE_CURVE('',#697,#696,#338,.T.);
#868=EDGE_CURVE('',#697,#624,#339,.T.);
#869=EDGE_CURVE('',#694,#697,#340,.T.);
#870=EDGE_CURVE('',#610,#649,#341,.T.);
#871=EDGE_CURVE('',#613,#663,#342,.T.);
#872=EDGE_CURVE('',#629,#698,#343,.T.);
#873=EDGE_CURVE('',#699,#698,#344,.T.);
#874=EDGE_CURVE('',#700,#699,#345,.T.);
#875=EDGE_CURVE('',#701,#700,#346,.T.);
#876=EDGE_CURVE('',#702,#701,#347,.T.);
#877=EDGE_CURVE('',#650,#702,#348,.T.);
#878=EDGE_CURVE('',#703,#629,#349,.T.);
#879=EDGE_CURVE('',#704,#703,#350,.T.);
#880=EDGE_CURVE('',#698,#704,#351,.T.);
#881=EDGE_CURVE('',#701,#705,#352,.T.);
#882=EDGE_CURVE('',#705,#706,#353,.T.);
#883=EDGE_CURVE('',#707,#706,#354,.T.);
#884=EDGE_CURVE('',#707,#708,#62,.T.);
#885=EDGE_CURVE('',#708,#709,#355,.T.);
#886=EDGE_CURVE('',#709,#710,#356,.T.);
#887=EDGE_CURVE('',#711,#710,#357,.T.);
#888=EDGE_CURVE('',#712,#711,#358,.T.);
#889=EDGE_CURVE('',#712,#713,#359,.T.);
#890=EDGE_CURVE('',#702,#713,#360,.T.);
#891=EDGE_CURVE('',#700,#714,#361,.T.);
#892=EDGE_CURVE('',#714,#705,#362,.T.);
#893=EDGE_CURVE('',#699,#715,#363,.T.);
#894=EDGE_CURVE('',#715,#714,#364,.T.);
#895=EDGE_CURVE('',#704,#716,#365,.T.);
#896=EDGE_CURVE('',#716,#717,#366,.T.);
#897=EDGE_CURVE('',#717,#715,#367,.T.);
#898=EDGE_CURVE('',#654,#710,#368,.T.);
#899=EDGE_CURVE('',#653,#711,#369,.T.);
#900=EDGE_CURVE('',#655,#709,#370,.T.);
#901=EDGE_CURVE('',#656,#708,#371,.T.);
#902=EDGE_CURVE('',#652,#712,#372,.T.);
#903=EDGE_CURVE('',#713,#651,#373,.T.);
#904=EDGE_CURVE('',#676,#703,#374,.T.);
#905=EDGE_CURVE('',#718,#675,#375,.T.);
#906=EDGE_CURVE('',#719,#718,#376,.T.);
#907=EDGE_CURVE('',#720,#719,#377,.T.);
#908=EDGE_CURVE('',#716,#720,#378,.T.);
#909=EDGE_CURVE('',#720,#721,#379,.T.);
#910=EDGE_CURVE('',#721,#717,#380,.T.);
#911=EDGE_CURVE('',#719,#722,#381,.T.);
#912=EDGE_CURVE('',#722,#721,#382,.T.);
#913=EDGE_CURVE('',#718,#723,#383,.T.);
#914=EDGE_CURVE('',#723,#724,#63,.T.);
#915=EDGE_CURVE('',#724,#725,#384,.T.);
#916=EDGE_CURVE('',#722,#725,#385,.T.);
#917=EDGE_CURVE('',#726,#727,#64,.T.);
#918=EDGE_CURVE('',#727,#728,#386,.T.);
#919=EDGE_CURVE('',#728,#729,#65,.T.);
#920=EDGE_CURVE('',#729,#730,#387,.T.);
#921=EDGE_CURVE('',#730,#731,#66,.T.);
#922=EDGE_CURVE('',#731,#732,#388,.T.);
#923=EDGE_CURVE('',#732,#733,#67,.T.);
#924=EDGE_CURVE('',#733,#726,#389,.T.);
#925=EDGE_CURVE('',#674,#723,#390,.T.);
#926=EDGE_CURVE('',#677,#630,#391,.T.);
#927=EDGE_CURVE('',#734,#707,#392,.T.);
#928=EDGE_CURVE('',#735,#734,#68,.T.);
#929=EDGE_CURVE('',#736,#735,#393,.T.);
#930=EDGE_CURVE('',#737,#736,#69,.T.);
#931=EDGE_CURVE('',#724,#737,#394,.T.);
#932=EDGE_CURVE('',#657,#689,#395,.T.);
#933=EDGE_CURVE('',#631,#662,#396,.T.);
#934=EDGE_CURVE('',#691,#661,#397,.T.);
#935=EDGE_CURVE('',#693,#660,#398,.T.);
#936=EDGE_CURVE('',#688,#658,#399,.T.);
#937=EDGE_CURVE('',#659,#687,#400,.T.);
#938=EDGE_CURVE('',#736,#738,#401,.T.);
#939=EDGE_CURVE('',#738,#739,#402,.T.);
#940=EDGE_CURVE('',#737,#739,#403,.T.);
#941=EDGE_CURVE('',#735,#740,#404,.T.);
#942=EDGE_CURVE('',#740,#738,#405,.T.);
#943=EDGE_CURVE('',#734,#741,#406,.T.);
#944=EDGE_CURVE('',#741,#740,#407,.T.);
#945=EDGE_CURVE('',#706,#741,#408,.T.);
#946=EDGE_CURVE('',#680,#726,#409,.T.);
#947=EDGE_CURVE('',#681,#733,#410,.T.);
#948=EDGE_CURVE('',#682,#732,#411,.T.);
#949=EDGE_CURVE('',#683,#731,#412,.T.);
#950=EDGE_CURVE('',#684,#730,#413,.T.);
#951=EDGE_CURVE('',#685,#729,#414,.T.);
#952=EDGE_CURVE('',#686,#728,#415,.T.);
#953=EDGE_CURVE('',#679,#727,#416,.T.);
#954=EDGE_CURVE('',#739,#725,#417,.T.);
#955=ORIENTED_EDGE('',*,*,#742,.T.);
#956=ORIENTED_EDGE('',*,*,#743,.T.);
#957=ORIENTED_EDGE('',*,*,#744,.T.);
#958=ORIENTED_EDGE('',*,*,#745,.T.);
#959=ORIENTED_EDGE('',*,*,#746,.F.);
#960=ORIENTED_EDGE('',*,*,#743,.F.);
#961=ORIENTED_EDGE('',*,*,#747,.F.);
#962=ORIENTED_EDGE('',*,*,#748,.F.);
#963=ORIENTED_EDGE('',*,*,#749,.F.);
#964=ORIENTED_EDGE('',*,*,#750,.F.);
#965=ORIENTED_EDGE('',*,*,#751,.F.);
#966=ORIENTED_EDGE('',*,*,#752,.F.);
#967=ORIENTED_EDGE('',*,*,#753,.F.);
#968=ORIENTED_EDGE('',*,*,#754,.F.);
#969=ORIENTED_EDGE('',*,*,#755,.T.);
#970=ORIENTED_EDGE('',*,*,#756,.T.);
#971=ORIENTED_EDGE('',*,*,#744,.F.);
#972=ORIENTED_EDGE('',*,*,#746,.T.);
#973=ORIENTED_EDGE('',*,*,#757,.T.);
#974=ORIENTED_EDGE('',*,*,#757,.F.);
#975=ORIENTED_EDGE('',*,*,#752,.T.);
#976=ORIENTED_EDGE('',*,*,#758,.F.);
#977=ORIENTED_EDGE('',*,*,#759,.F.);
#978=ORIENTED_EDGE('',*,*,#760,.F.);
#979=ORIENTED_EDGE('',*,*,#761,.T.);
#980=ORIENTED_EDGE('',*,*,#762,.F.);
#981=ORIENTED_EDGE('',*,*,#763,.F.);
#982=ORIENTED_EDGE('',*,*,#764,.F.);
#983=ORIENTED_EDGE('',*,*,#765,.T.);
#984=ORIENTED_EDGE('',*,*,#766,.T.);
#985=ORIENTED_EDGE('',*,*,#767,.T.);
#986=ORIENTED_EDGE('',*,*,#768,.T.);
#987=ORIENTED_EDGE('',*,*,#769,.T.);
#988=ORIENTED_EDGE('',*,*,#770,.F.);
#989=ORIENTED_EDGE('',*,*,#747,.T.);
#990=ORIENTED_EDGE('',*,*,#742,.F.);
#991=ORIENTED_EDGE('',*,*,#771,.T.);
#992=ORIENTED_EDGE('',*,*,#771,.F.);
#993=ORIENTED_EDGE('',*,*,#772,.F.);
#994=ORIENTED_EDGE('',*,*,#773,.F.);
#995=ORIENTED_EDGE('',*,*,#774,.F.);
#996=ORIENTED_EDGE('',*,*,#745,.F.);
#997=ORIENTED_EDGE('',*,*,#756,.F.);
#998=ORIENTED_EDGE('',*,*,#775,.F.);
#999=ORIENTED_EDGE('',*,*,#772,.T.);
#1000=ORIENTED_EDGE('',*,*,#755,.F.);
#1001=ORIENTED_EDGE('',*,*,#765,.F.);
#1002=ORIENTED_EDGE('',*,*,#776,.F.);
#1003=ORIENTED_EDGE('',*,*,#777,.F.);
#1004=ORIENTED_EDGE('',*,*,#773,.T.);
#1005=ORIENTED_EDGE('',*,*,#775,.T.);
#1006=ORIENTED_EDGE('',*,*,#778,.F.);
#1007=ORIENTED_EDGE('',*,*,#779,.F.);
#1008=ORIENTED_EDGE('',*,*,#780,.T.);
#1009=ORIENTED_EDGE('',*,*,#753,.T.);
#1010=ORIENTED_EDGE('',*,*,#780,.F.);
#1011=ORIENTED_EDGE('',*,*,#748,.T.);
#1012=ORIENTED_EDGE('',*,*,#770,.T.);
#1013=ORIENTED_EDGE('',*,*,#781,.F.);
#1014=ORIENTED_EDGE('',*,*,#782,.F.);
#1015=ORIENTED_EDGE('',*,*,#783,.F.);
#1016=ORIENTED_EDGE('',*,*,#749,.T.);
#1017=ORIENTED_EDGE('',*,*,#783,.T.);
#1018=ORIENTED_EDGE('',*,*,#784,.F.);
#1019=ORIENTED_EDGE('',*,*,#785,.F.);
#1020=ORIENTED_EDGE('',*,*,#786,.T.);
#1021=ORIENTED_EDGE('',*,*,#787,.T.);
#1022=ORIENTED_EDGE('',*,*,#788,.T.);
#1023=ORIENTED_EDGE('',*,*,#789,.T.);
#1024=ORIENTED_EDGE('',*,*,#787,.F.);
#1025=ORIENTED_EDGE('',*,*,#790,.T.);
#1026=ORIENTED_EDGE('',*,*,#791,.F.);
#1027=ORIENTED_EDGE('',*,*,#792,.T.);
#1028=ORIENTED_EDGE('',*,*,#786,.F.);
#1029=ORIENTED_EDGE('',*,*,#793,.T.);
#1030=ORIENTED_EDGE('',*,*,#794,.T.);
#1031=ORIENTED_EDGE('',*,*,#795,.T.);
#1032=ORIENTED_EDGE('',*,*,#796,.T.);
#1033=ORIENTED_EDGE('',*,*,#797,.T.);
#1034=ORIENTED_EDGE('',*,*,#798,.F.);
#1035=ORIENTED_EDGE('',*,*,#799,.F.);
#1036=ORIENTED_EDGE('',*,*,#800,.F.);
#1037=ORIENTED_EDGE('',*,*,#759,.T.);
#1038=ORIENTED_EDGE('',*,*,#801,.F.);
#1039=ORIENTED_EDGE('',*,*,#802,.T.);
#1040=ORIENTED_EDGE('',*,*,#784,.T.);
#1041=ORIENTED_EDGE('',*,*,#782,.T.);
#1042=ORIENTED_EDGE('',*,*,#803,.T.);
#1043=ORIENTED_EDGE('',*,*,#804,.F.);
#1044=ORIENTED_EDGE('',*,*,#805,.T.);
#1045=ORIENTED_EDGE('',*,*,#806,.F.);
#1046=ORIENTED_EDGE('',*,*,#807,.F.);
#1047=ORIENTED_EDGE('',*,*,#808,.T.);
#1048=ORIENTED_EDGE('',*,*,#809,.T.);
#1049=ORIENTED_EDGE('',*,*,#810,.T.);
#1050=ORIENTED_EDGE('',*,*,#811,.F.);
#1051=ORIENTED_EDGE('',*,*,#812,.T.);
#1052=ORIENTED_EDGE('',*,*,#813,.F.);
#1053=ORIENTED_EDGE('',*,*,#790,.F.);
#1054=ORIENTED_EDGE('',*,*,#779,.T.);
#1055=ORIENTED_EDGE('',*,*,#814,.T.);
#1056=ORIENTED_EDGE('',*,*,#815,.T.);
#1057=ORIENTED_EDGE('',*,*,#816,.T.);
#1058=ORIENTED_EDGE('',*,*,#817,.T.);
#1059=ORIENTED_EDGE('',*,*,#818,.T.);
#1060=ORIENTED_EDGE('',*,*,#819,.T.);
#1061=ORIENTED_EDGE('',*,*,#798,.T.);
#1062=ORIENTED_EDGE('',*,*,#820,.T.);
#1063=ORIENTED_EDGE('',*,*,#819,.F.);
#1064=ORIENTED_EDGE('',*,*,#821,.T.);
#1065=ORIENTED_EDGE('',*,*,#822,.F.);
#1066=ORIENTED_EDGE('',*,*,#799,.T.);
#1067=ORIENTED_EDGE('',*,*,#820,.F.);
#1068=ORIENTED_EDGE('',*,*,#797,.F.);
#1069=ORIENTED_EDGE('',*,*,#823,.F.);
#1070=ORIENTED_EDGE('',*,*,#824,.F.);
#1071=ORIENTED_EDGE('',*,*,#789,.F.);
#1072=ORIENTED_EDGE('',*,*,#825,.F.);
#1073=ORIENTED_EDGE('',*,*,#826,.T.);
#1074=ORIENTED_EDGE('',*,*,#793,.F.);
#1075=ORIENTED_EDGE('',*,*,#794,.F.);
#1076=ORIENTED_EDGE('',*,*,#826,.F.);
#1077=ORIENTED_EDGE('',*,*,#827,.F.);
#1078=ORIENTED_EDGE('',*,*,#828,.F.);
#1079=ORIENTED_EDGE('',*,*,#829,.T.);
#1080=ORIENTED_EDGE('',*,*,#795,.F.);
#1081=ORIENTED_EDGE('',*,*,#829,.F.);
#1082=ORIENTED_EDGE('',*,*,#830,.F.);
#1083=ORIENTED_EDGE('',*,*,#831,.T.);
#1084=ORIENTED_EDGE('',*,*,#796,.F.);
#1085=ORIENTED_EDGE('',*,*,#831,.F.);
#1086=ORIENTED_EDGE('',*,*,#832,.F.);
#1087=ORIENTED_EDGE('',*,*,#833,.F.);
#1088=ORIENTED_EDGE('',*,*,#823,.T.);
#1089=ORIENTED_EDGE('',*,*,#832,.T.);
#1090=ORIENTED_EDGE('',*,*,#830,.T.);
#1091=ORIENTED_EDGE('',*,*,#828,.T.);
#1092=ORIENTED_EDGE('',*,*,#834,.T.);
#1093=ORIENTED_EDGE('',*,*,#835,.T.);
#1094=ORIENTED_EDGE('',*,*,#836,.T.);
#1095=ORIENTED_EDGE('',*,*,#837,.T.);
#1096=ORIENTED_EDGE('',*,*,#838,.T.);
#1097=ORIENTED_EDGE('',*,*,#839,.F.);
#1098=ORIENTED_EDGE('',*,*,#763,.T.);
#1099=ORIENTED_EDGE('',*,*,#840,.F.);
#1100=ORIENTED_EDGE('',*,*,#841,.T.);
#1101=ORIENTED_EDGE('',*,*,#842,.T.);
#1102=ORIENTED_EDGE('',*,*,#843,.T.);
#1103=ORIENTED_EDGE('',*,*,#844,.T.);
#1104=ORIENTED_EDGE('',*,*,#845,.T.);
#1105=ORIENTED_EDGE('',*,*,#846,.T.);
#1106=ORIENTED_EDGE('',*,*,#847,.T.);
#1107=ORIENTED_EDGE('',*,*,#848,.T.);
#1108=ORIENTED_EDGE('',*,*,#849,.T.);
#1109=ORIENTED_EDGE('',*,*,#788,.F.);
#1110=ORIENTED_EDGE('',*,*,#792,.F.);
#1111=ORIENTED_EDGE('',*,*,#850,.F.);
#1112=ORIENTED_EDGE('',*,*,#851,.F.);
#1113=ORIENTED_EDGE('',*,*,#852,.F.);
#1114=ORIENTED_EDGE('',*,*,#853,.F.);
#1115=ORIENTED_EDGE('',*,*,#854,.F.);
#1116=ORIENTED_EDGE('',*,*,#825,.T.);
#1117=ORIENTED_EDGE('',*,*,#855,.F.);
#1118=ORIENTED_EDGE('',*,*,#818,.F.);
#1119=ORIENTED_EDGE('',*,*,#824,.T.);
#1120=ORIENTED_EDGE('',*,*,#856,.F.);
#1121=ORIENTED_EDGE('',*,*,#857,.F.);
#1122=ORIENTED_EDGE('',*,*,#761,.F.);
#1123=ORIENTED_EDGE('',*,*,#858,.F.);
#1124=ORIENTED_EDGE('',*,*,#821,.F.);
#1125=ORIENTED_EDGE('',*,*,#859,.F.);
#1126=ORIENTED_EDGE('',*,*,#827,.T.);
#1127=ORIENTED_EDGE('',*,*,#854,.T.);
#1128=ORIENTED_EDGE('',*,*,#860,.F.);
#1129=ORIENTED_EDGE('',*,*,#834,.F.);
#1130=ORIENTED_EDGE('',*,*,#833,.T.);
#1131=ORIENTED_EDGE('',*,*,#841,.F.);
#1132=ORIENTED_EDGE('',*,*,#861,.F.);
#1133=ORIENTED_EDGE('',*,*,#856,.T.);
#1134=ORIENTED_EDGE('',*,*,#768,.F.);
#1135=ORIENTED_EDGE('',*,*,#862,.F.);
#1136=ORIENTED_EDGE('',*,*,#863,.F.);
#1137=ORIENTED_EDGE('',*,*,#864,.T.);
#1138=ORIENTED_EDGE('',*,*,#769,.F.);
#1139=ORIENTED_EDGE('',*,*,#864,.F.);
#1140=ORIENTED_EDGE('',*,*,#865,.F.);
#1141=ORIENTED_EDGE('',*,*,#866,.T.);
#1142=ORIENTED_EDGE('',*,*,#766,.F.);
#1143=ORIENTED_EDGE('',*,*,#866,.F.);
#1144=ORIENTED_EDGE('',*,*,#867,.F.);
#1145=ORIENTED_EDGE('',*,*,#868,.T.);
#1146=ORIENTED_EDGE('',*,*,#767,.F.);
#1147=ORIENTED_EDGE('',*,*,#868,.F.);
#1148=ORIENTED_EDGE('',*,*,#869,.F.);
#1149=ORIENTED_EDGE('',*,*,#862,.T.);
#1150=ORIENTED_EDGE('',*,*,#751,.T.);
#1151=ORIENTED_EDGE('',*,*,#870,.T.);
#1152=ORIENTED_EDGE('',*,*,#801,.T.);
#1153=ORIENTED_EDGE('',*,*,#758,.T.);
#1154=ORIENTED_EDGE('',*,*,#750,.T.);
#1155=ORIENTED_EDGE('',*,*,#785,.T.);
#1156=ORIENTED_EDGE('',*,*,#802,.F.);
#1157=ORIENTED_EDGE('',*,*,#870,.F.);
#1158=ORIENTED_EDGE('',*,*,#754,.T.);
#1159=ORIENTED_EDGE('',*,*,#871,.T.);
#1160=ORIENTED_EDGE('',*,*,#817,.F.);
#1161=ORIENTED_EDGE('',*,*,#871,.F.);
#1162=ORIENTED_EDGE('',*,*,#781,.T.);
#1163=ORIENTED_EDGE('',*,*,#774,.T.);
#1164=ORIENTED_EDGE('',*,*,#872,.T.);
#1165=ORIENTED_EDGE('',*,*,#873,.F.);
#1166=ORIENTED_EDGE('',*,*,#874,.F.);
#1167=ORIENTED_EDGE('',*,*,#875,.F.);
#1168=ORIENTED_EDGE('',*,*,#876,.F.);
#1169=ORIENTED_EDGE('',*,*,#877,.F.);
#1170=ORIENTED_EDGE('',*,*,#803,.F.);
#1171=ORIENTED_EDGE('',*,*,#878,.F.);
#1172=ORIENTED_EDGE('',*,*,#879,.F.);
#1173=ORIENTED_EDGE('',*,*,#880,.F.);
#1174=ORIENTED_EDGE('',*,*,#872,.F.);
#1175=ORIENTED_EDGE('',*,*,#876,.T.);
#1176=ORIENTED_EDGE('',*,*,#881,.T.);
#1177=ORIENTED_EDGE('',*,*,#882,.T.);
#1178=ORIENTED_EDGE('',*,*,#883,.F.);
#1179=ORIENTED_EDGE('',*,*,#884,.T.);
#1180=ORIENTED_EDGE('',*,*,#885,.T.);
#1181=ORIENTED_EDGE('',*,*,#886,.T.);
#1182=ORIENTED_EDGE('',*,*,#887,.F.);
#1183=ORIENTED_EDGE('',*,*,#888,.F.);
#1184=ORIENTED_EDGE('',*,*,#889,.T.);
#1185=ORIENTED_EDGE('',*,*,#890,.F.);
#1186=ORIENTED_EDGE('',*,*,#875,.T.);
#1187=ORIENTED_EDGE('',*,*,#891,.T.);
#1188=ORIENTED_EDGE('',*,*,#892,.T.);
#1189=ORIENTED_EDGE('',*,*,#881,.F.);
#1190=ORIENTED_EDGE('',*,*,#874,.T.);
#1191=ORIENTED_EDGE('',*,*,#893,.T.);
#1192=ORIENTED_EDGE('',*,*,#894,.T.);
#1193=ORIENTED_EDGE('',*,*,#891,.F.);
#1194=ORIENTED_EDGE('',*,*,#873,.T.);
#1195=ORIENTED_EDGE('',*,*,#880,.T.);
#1196=ORIENTED_EDGE('',*,*,#895,.T.);
#1197=ORIENTED_EDGE('',*,*,#896,.T.);
#1198=ORIENTED_EDGE('',*,*,#897,.T.);
#1199=ORIENTED_EDGE('',*,*,#893,.F.);
#1200=ORIENTED_EDGE('',*,*,#887,.T.);
#1201=ORIENTED_EDGE('',*,*,#898,.F.);
#1202=ORIENTED_EDGE('',*,*,#807,.T.);
#1203=ORIENTED_EDGE('',*,*,#899,.T.);
#1204=ORIENTED_EDGE('',*,*,#886,.F.);
#1205=ORIENTED_EDGE('',*,*,#900,.F.);
#1206=ORIENTED_EDGE('',*,*,#808,.F.);
#1207=ORIENTED_EDGE('',*,*,#898,.T.);
#1208=ORIENTED_EDGE('',*,*,#885,.F.);
#1209=ORIENTED_EDGE('',*,*,#901,.F.);
#1210=ORIENTED_EDGE('',*,*,#809,.F.);
#1211=ORIENTED_EDGE('',*,*,#900,.T.);
#1212=ORIENTED_EDGE('',*,*,#899,.F.);
#1213=ORIENTED_EDGE('',*,*,#806,.T.);
#1214=ORIENTED_EDGE('',*,*,#902,.T.);
#1215=ORIENTED_EDGE('',*,*,#888,.T.);
#1216=ORIENTED_EDGE('',*,*,#877,.T.);
#1217=ORIENTED_EDGE('',*,*,#890,.T.);
#1218=ORIENTED_EDGE('',*,*,#903,.T.);
#1219=ORIENTED_EDGE('',*,*,#804,.T.);
#1220=ORIENTED_EDGE('',*,*,#879,.T.);
#1221=ORIENTED_EDGE('',*,*,#904,.F.);
#1222=ORIENTED_EDGE('',*,*,#837,.F.);
#1223=ORIENTED_EDGE('',*,*,#905,.F.);
#1224=ORIENTED_EDGE('',*,*,#906,.F.);
#1225=ORIENTED_EDGE('',*,*,#907,.F.);
#1226=ORIENTED_EDGE('',*,*,#908,.F.);
#1227=ORIENTED_EDGE('',*,*,#895,.F.);
#1228=ORIENTED_EDGE('',*,*,#908,.T.);
#1229=ORIENTED_EDGE('',*,*,#909,.T.);
#1230=ORIENTED_EDGE('',*,*,#910,.T.);
#1231=ORIENTED_EDGE('',*,*,#896,.F.);
#1232=ORIENTED_EDGE('',*,*,#907,.T.);
#1233=ORIENTED_EDGE('',*,*,#911,.T.);
#1234=ORIENTED_EDGE('',*,*,#912,.T.);
#1235=ORIENTED_EDGE('',*,*,#909,.F.);
#1236=ORIENTED_EDGE('',*,*,#906,.T.);
#1237=ORIENTED_EDGE('',*,*,#913,.T.);
#1238=ORIENTED_EDGE('',*,*,#914,.T.);
#1239=ORIENTED_EDGE('',*,*,#915,.T.);
#1240=ORIENTED_EDGE('',*,*,#916,.F.);
#1241=ORIENTED_EDGE('',*,*,#911,.F.);
#1242=ORIENTED_EDGE('',*,*,#917,.T.);
#1243=ORIENTED_EDGE('',*,*,#918,.T.);
#1244=ORIENTED_EDGE('',*,*,#919,.T.);
#1245=ORIENTED_EDGE('',*,*,#920,.T.);
#1246=ORIENTED_EDGE('',*,*,#921,.T.);
#1247=ORIENTED_EDGE('',*,*,#922,.T.);
#1248=ORIENTED_EDGE('',*,*,#923,.T.);
#1249=ORIENTED_EDGE('',*,*,#924,.T.);
#1250=ORIENTED_EDGE('',*,*,#905,.T.);
#1251=ORIENTED_EDGE('',*,*,#836,.F.);
#1252=ORIENTED_EDGE('',*,*,#925,.T.);
#1253=ORIENTED_EDGE('',*,*,#913,.F.);
#1254=ORIENTED_EDGE('',*,*,#904,.T.);
#1255=ORIENTED_EDGE('',*,*,#878,.T.);
#1256=ORIENTED_EDGE('',*,*,#777,.T.);
#1257=ORIENTED_EDGE('',*,*,#926,.F.);
#1258=ORIENTED_EDGE('',*,*,#838,.F.);
#1259=ORIENTED_EDGE('',*,*,#901,.T.);
#1260=ORIENTED_EDGE('',*,*,#884,.F.);
#1261=ORIENTED_EDGE('',*,*,#927,.F.);
#1262=ORIENTED_EDGE('',*,*,#928,.F.);
#1263=ORIENTED_EDGE('',*,*,#929,.F.);
#1264=ORIENTED_EDGE('',*,*,#930,.F.);
#1265=ORIENTED_EDGE('',*,*,#931,.F.);
#1266=ORIENTED_EDGE('',*,*,#914,.F.);
#1267=ORIENTED_EDGE('',*,*,#925,.F.);
#1268=ORIENTED_EDGE('',*,*,#835,.F.);
#1269=ORIENTED_EDGE('',*,*,#860,.T.);
#1270=ORIENTED_EDGE('',*,*,#853,.T.);
#1271=ORIENTED_EDGE('',*,*,#932,.F.);
#1272=ORIENTED_EDGE('',*,*,#810,.F.);
#1273=ORIENTED_EDGE('',*,*,#889,.F.);
#1274=ORIENTED_EDGE('',*,*,#902,.F.);
#1275=ORIENTED_EDGE('',*,*,#805,.F.);
#1276=ORIENTED_EDGE('',*,*,#903,.F.);
#1277=ORIENTED_EDGE('',*,*,#840,.T.);
#1278=ORIENTED_EDGE('',*,*,#762,.T.);
#1279=ORIENTED_EDGE('',*,*,#857,.T.);
#1280=ORIENTED_EDGE('',*,*,#861,.T.);
#1281=ORIENTED_EDGE('',*,*,#839,.T.);
#1282=ORIENTED_EDGE('',*,*,#926,.T.);
#1283=ORIENTED_EDGE('',*,*,#776,.T.);
#1284=ORIENTED_EDGE('',*,*,#764,.T.);
#1285=ORIENTED_EDGE('',*,*,#858,.T.);
#1286=ORIENTED_EDGE('',*,*,#760,.T.);
#1287=ORIENTED_EDGE('',*,*,#800,.T.);
#1288=ORIENTED_EDGE('',*,*,#822,.T.);
#1289=ORIENTED_EDGE('',*,*,#778,.T.);
#1290=ORIENTED_EDGE('',*,*,#933,.T.);
#1291=ORIENTED_EDGE('',*,*,#816,.F.);
#1292=ORIENTED_EDGE('',*,*,#933,.F.);
#1293=ORIENTED_EDGE('',*,*,#855,.T.);
#1294=ORIENTED_EDGE('',*,*,#934,.T.);
#1295=ORIENTED_EDGE('',*,*,#815,.F.);
#1296=ORIENTED_EDGE('',*,*,#934,.F.);
#1297=ORIENTED_EDGE('',*,*,#859,.T.);
#1298=ORIENTED_EDGE('',*,*,#935,.T.);
#1299=ORIENTED_EDGE('',*,*,#814,.F.);
#1300=ORIENTED_EDGE('',*,*,#935,.F.);
#1301=ORIENTED_EDGE('',*,*,#852,.T.);
#1302=ORIENTED_EDGE('',*,*,#936,.T.);
#1303=ORIENTED_EDGE('',*,*,#811,.T.);
#1304=ORIENTED_EDGE('',*,*,#932,.T.);
#1305=ORIENTED_EDGE('',*,*,#851,.T.);
#1306=ORIENTED_EDGE('',*,*,#937,.F.);
#1307=ORIENTED_EDGE('',*,*,#812,.F.);
#1308=ORIENTED_EDGE('',*,*,#936,.F.);
#1309=ORIENTED_EDGE('',*,*,#850,.T.);
#1310=ORIENTED_EDGE('',*,*,#791,.T.);
#1311=ORIENTED_EDGE('',*,*,#813,.T.);
#1312=ORIENTED_EDGE('',*,*,#937,.T.);
#1313=ORIENTED_EDGE('',*,*,#930,.T.);
#1314=ORIENTED_EDGE('',*,*,#938,.T.);
#1315=ORIENTED_EDGE('',*,*,#939,.T.);
#1316=ORIENTED_EDGE('',*,*,#940,.F.);
#1317=ORIENTED_EDGE('',*,*,#929,.T.);
#1318=ORIENTED_EDGE('',*,*,#941,.T.);
#1319=ORIENTED_EDGE('',*,*,#942,.T.);
#1320=ORIENTED_EDGE('',*,*,#938,.F.);
#1321=ORIENTED_EDGE('',*,*,#928,.T.);
#1322=ORIENTED_EDGE('',*,*,#943,.T.);
#1323=ORIENTED_EDGE('',*,*,#944,.T.);
#1324=ORIENTED_EDGE('',*,*,#941,.F.);
#1325=ORIENTED_EDGE('',*,*,#927,.T.);
#1326=ORIENTED_EDGE('',*,*,#883,.T.);
#1327=ORIENTED_EDGE('',*,*,#945,.T.);
#1328=ORIENTED_EDGE('',*,*,#943,.F.);
#1329=ORIENTED_EDGE('',*,*,#843,.F.);
#1330=ORIENTED_EDGE('',*,*,#946,.T.);
#1331=ORIENTED_EDGE('',*,*,#924,.F.);
#1332=ORIENTED_EDGE('',*,*,#947,.F.);
#1333=ORIENTED_EDGE('',*,*,#844,.F.);
#1334=ORIENTED_EDGE('',*,*,#947,.T.);
#1335=ORIENTED_EDGE('',*,*,#923,.F.);
#1336=ORIENTED_EDGE('',*,*,#948,.F.);
#1337=ORIENTED_EDGE('',*,*,#845,.F.);
#1338=ORIENTED_EDGE('',*,*,#948,.T.);
#1339=ORIENTED_EDGE('',*,*,#922,.F.);
#1340=ORIENTED_EDGE('',*,*,#949,.F.);
#1341=ORIENTED_EDGE('',*,*,#846,.F.);
#1342=ORIENTED_EDGE('',*,*,#949,.T.);
#1343=ORIENTED_EDGE('',*,*,#921,.F.);
#1344=ORIENTED_EDGE('',*,*,#950,.F.);
#1345=ORIENTED_EDGE('',*,*,#847,.F.);
#1346=ORIENTED_EDGE('',*,*,#950,.T.);
#1347=ORIENTED_EDGE('',*,*,#920,.F.);
#1348=ORIENTED_EDGE('',*,*,#951,.F.);
#1349=ORIENTED_EDGE('',*,*,#848,.F.);
#1350=ORIENTED_EDGE('',*,*,#951,.T.);
#1351=ORIENTED_EDGE('',*,*,#919,.F.);
#1352=ORIENTED_EDGE('',*,*,#952,.F.);
#1353=ORIENTED_EDGE('',*,*,#849,.F.);
#1354=ORIENTED_EDGE('',*,*,#952,.T.);
#1355=ORIENTED_EDGE('',*,*,#918,.F.);
#1356=ORIENTED_EDGE('',*,*,#953,.F.);
#1357=ORIENTED_EDGE('',*,*,#842,.F.);
#1358=ORIENTED_EDGE('',*,*,#953,.T.);
#1359=ORIENTED_EDGE('',*,*,#917,.F.);
#1360=ORIENTED_EDGE('',*,*,#946,.F.);
#1361=ORIENTED_EDGE('',*,*,#931,.T.);
#1362=ORIENTED_EDGE('',*,*,#940,.T.);
#1363=ORIENTED_EDGE('',*,*,#954,.T.);
#1364=ORIENTED_EDGE('',*,*,#915,.F.);
#1365=ORIENTED_EDGE('',*,*,#882,.F.);
#1366=ORIENTED_EDGE('',*,*,#892,.F.);
#1367=ORIENTED_EDGE('',*,*,#894,.F.);
#1368=ORIENTED_EDGE('',*,*,#897,.F.);
#1369=ORIENTED_EDGE('',*,*,#910,.F.);
#1370=ORIENTED_EDGE('',*,*,#912,.F.);
#1371=ORIENTED_EDGE('',*,*,#916,.T.);
#1372=ORIENTED_EDGE('',*,*,#954,.F.);
#1373=ORIENTED_EDGE('',*,*,#939,.F.);
#1374=ORIENTED_EDGE('',*,*,#942,.F.);
#1375=ORIENTED_EDGE('',*,*,#944,.F.);
#1376=ORIENTED_EDGE('',*,*,#945,.F.);
#1377=ORIENTED_EDGE('',*,*,#867,.T.);
#1378=ORIENTED_EDGE('',*,*,#865,.T.);
#1379=ORIENTED_EDGE('',*,*,#863,.T.);
#1380=ORIENTED_EDGE('',*,*,#869,.T.);
#1381=PLANE('',#1542);
#1382=PLANE('',#1543);
#1383=PLANE('',#1546);
#1384=PLANE('',#1547);
#1385=PLANE('',#1548);
#1386=PLANE('',#1549);
#1387=PLANE('',#1550);
#1388=PLANE('',#1551);
#1389=PLANE('',#1555);
#1390=PLANE('',#1556);
#1391=PLANE('',#1557);
#1392=PLANE('',#1558);
#1393=PLANE('',#1559);
#1394=PLANE('',#1567);
#1395=PLANE('',#1568);
#1396=PLANE('',#1569);
#1397=PLANE('',#1570);
#1398=PLANE('',#1571);
#1399=PLANE('',#1572);
#1400=PLANE('',#1573);
#1401=PLANE('',#1574);
#1402=PLANE('',#1580);
#1403=PLANE('',#1585);
#1404=PLANE('',#1587);
#1405=PLANE('',#1588);
#1406=PLANE('',#1589);
#1407=PLANE('',#1590);
#1408=PLANE('',#1591);
#1409=PLANE('',#1592);
#1410=PLANE('',#1593);
#1411=PLANE('',#1594);
#1412=PLANE('',#1596);
#1413=PLANE('',#1597);
#1414=PLANE('',#1598);
#1415=PLANE('',#1600);
#1416=PLANE('',#1601);
#1417=PLANE('',#1602);
#1418=PLANE('',#1603);
#1419=PLANE('',#1604);
#1420=PLANE('',#1605);
#1421=PLANE('',#1606);
#1422=PLANE('',#1607);
#1423=PLANE('',#1608);
#1424=PLANE('',#1609);
#1425=PLANE('',#1610);
#1426=PLANE('',#1611);
#1427=PLANE('',#1617);
#1428=PLANE('',#1618);
#1429=PLANE('',#1621);
#1430=PLANE('',#1622);
#1431=PLANE('',#1623);
#1432=PLANE('',#1624);
#1433=PLANE('',#1629);
#1434=PLANE('',#1631);
#1435=PLANE('',#1632);
#1436=PLANE('',#1633);
#1437=PLANE('',#1634);
#1438=PLANE('',#1635);
#1439=PLANE('',#1637);
#1440=PLANE('',#1639);
#1441=PLANE('',#1641);
#1442=PLANE('',#1643);
#1443=PLANE('',#1644);
#1444=ADVANCED_FACE('',(#70),#1381,.T.);
#1445=ADVANCED_FACE('',(#71,#27,#28),#1382,.T.);
#1446=ADVANCED_FACE('',(#72),#1383,.T.);
#1447=ADVANCED_FACE('',(#73,#29),#1384,.T.);
#1448=ADVANCED_FACE('',(#74),#1385,.T.);
#1449=ADVANCED_FACE('',(#75),#1386,.F.);
#1450=ADVANCED_FACE('',(#76),#1387,.F.);
#1451=ADVANCED_FACE('',(#77,#30),#1388,.F.);
#1452=ADVANCED_FACE('',(#78),#16,.F.);
#1453=ADVANCED_FACE('',(#79),#1389,.T.);
#1454=ADVANCED_FACE('',(#80),#1390,.T.);
#1455=ADVANCED_FACE('',(#81),#1391,.T.);
#1456=ADVANCED_FACE('',(#82),#1392,.T.);
#1457=ADVANCED_FACE('',(#83,#31,#32,#33,#34,#35),#1393,.F.);
#1458=ADVANCED_FACE('',(#84),#1394,.T.);
#1459=ADVANCED_FACE('',(#85),#1395,.T.);
#1460=ADVANCED_FACE('',(#86),#1396,.F.);
#1461=ADVANCED_FACE('',(#87),#1397,.F.);
#1462=ADVANCED_FACE('',(#88),#1398,.F.);
#1463=ADVANCED_FACE('',(#89),#1399,.F.);
#1464=ADVANCED_FACE('',(#90),#1400,.F.);
#1465=ADVANCED_FACE('',(#91,#36),#1401,.T.);
#1466=ADVANCED_FACE('',(#92,#37),#1402,.F.);
#1467=ADVANCED_FACE('',(#93,#38),#1403,.F.);
#1468=ADVANCED_FACE('',(#94),#1404,.F.);
#1469=ADVANCED_FACE('',(#95),#1405,.F.);
#1470=ADVANCED_FACE('',(#96),#1406,.F.);
#1471=ADVANCED_FACE('',(#97),#1407,.F.);
#1472=ADVANCED_FACE('',(#98),#1408,.F.);
#1473=ADVANCED_FACE('',(#99),#1409,.F.);
#1474=ADVANCED_FACE('',(#100),#1410,.T.);
#1475=ADVANCED_FACE('',(#101),#1411,.T.);
#1476=ADVANCED_FACE('',(#102),#17,.F.);
#1477=ADVANCED_FACE('',(#103),#1412,.F.);
#1478=ADVANCED_FACE('',(#104),#1413,.T.);
#1479=ADVANCED_FACE('',(#105),#1414,.F.);
#1480=ADVANCED_FACE('',(#106),#1415,.F.);
#1481=ADVANCED_FACE('',(#107),#1416,.F.);
#1482=ADVANCED_FACE('',(#108),#1417,.F.);
#1483=ADVANCED_FACE('',(#109),#1418,.T.);
#1484=ADVANCED_FACE('',(#110),#1419,.T.);
#1485=ADVANCED_FACE('',(#111),#1420,.T.);
#1486=ADVANCED_FACE('',(#112),#1421,.T.);
#1487=ADVANCED_FACE('',(#113),#1422,.T.);
#1488=ADVANCED_FACE('',(#114),#1423,.F.);
#1489=ADVANCED_FACE('',(#115),#1424,.F.);
#1490=ADVANCED_FACE('',(#116),#1425,.F.);
#1491=ADVANCED_FACE('',(#117,#39),#1426,.F.);
#1492=ADVANCED_FACE('',(#118),#1427,.F.);
#1493=ADVANCED_FACE('',(#119),#1428,.F.);
#1494=ADVANCED_FACE('',(#120),#15,.T.);
#1495=ADVANCED_FACE('',(#121),#1429,.T.);
#1496=ADVANCED_FACE('',(#122),#1430,.T.);
#1497=ADVANCED_FACE('',(#123),#1431,.T.);
#1498=ADVANCED_FACE('',(#124),#1432,.T.);
#1499=ADVANCED_FACE('',(#125),#18,.F.);
#1500=ADVANCED_FACE('',(#126),#19,.F.);
#1501=ADVANCED_FACE('',(#127),#20,.F.);
#1502=ADVANCED_FACE('',(#128),#21,.T.);
#1503=ADVANCED_FACE('',(#129),#1433,.F.);
#1504=ADVANCED_FACE('',(#130),#22,.T.);
#1505=ADVANCED_FACE('',(#131),#1434,.F.);
#1506=ADVANCED_FACE('',(#132),#1435,.F.);
#1507=ADVANCED_FACE('',(#133),#1436,.F.);
#1508=ADVANCED_FACE('',(#134),#1437,.F.);
#1509=ADVANCED_FACE('',(#135),#1438,.T.);
#1510=ADVANCED_FACE('',(#136),#23,.F.);
#1511=ADVANCED_FACE('',(#137),#1439,.T.);
#1512=ADVANCED_FACE('',(#138),#24,.F.);
#1513=ADVANCED_FACE('',(#139),#1440,.T.);
#1514=ADVANCED_FACE('',(#140),#25,.F.);
#1515=ADVANCED_FACE('',(#141),#1441,.T.);
#1516=ADVANCED_FACE('',(#142),#26,.F.);
#1517=ADVANCED_FACE('',(#143),#1442,.F.);
#1518=ADVANCED_FACE('',(#144,#40),#1443,.T.);
#1519=CLOSED_SHELL('',(#1444,#1445,#1446,#1447,#1448,#1449,#1450,#1451,
#1452,#1453,#1454,#1455,#1456,#1457,#1458,#1459,#1460,#1461,#1462,#1463,
#1464,#1465,#1466,#1467,#1468,#1469,#1470,#1471,#1472,#1473,#1474,#1475,
#1476,#1477,#1478,#1479,#1480,#1481,#1482,#1483,#1484,#1485,#1486,#1487,
#1488,#1489,#1490,#1491,#1492,#1493,#1494,#1495,#1496,#1497,#1498,#1499,
#1500,#1501,#1502,#1503,#1504,#1505,#1506,#1507,#1508,#1509,#1510,#1511,
#1512,#1513,#1514,#1515,#1516,#1517,#1518));
#1520=DERIVED_UNIT_ELEMENT(#1523,1.);
#1521=DERIVED_UNIT_ELEMENT(#2480,-3.);
#1522=DIMENSIONAL_EXPONENTS(0.,1.,0.,0.,0.,0.,0.);
#1523=(
CONVERSION_BASED_UNIT('gram',#1525)
MASS_UNIT()
NAMED_UNIT(#1522)
);
#1524=(
MASS_UNIT()
NAMED_UNIT(*)
SI_UNIT(.KILO.,.GRAM.)
);
#1525=MASS_MEASURE_WITH_UNIT(MASS_MEASURE(0.001),#1524);
#1526=DERIVED_UNIT((#1520,#1521));
#1527=MEASURE_REPRESENTATION_ITEM('density measure',
POSITIVE_RATIO_MEASURE(1.),#1526);
#1528=PROPERTY_DEFINITION_REPRESENTATION(#1533,#1530);
#1529=PROPERTY_DEFINITION_REPRESENTATION(#1534,#1531);
#1530=REPRESENTATION('material name',(#1532),#2477);
#1531=REPRESENTATION('density',(#1527),#2477);
#1532=DESCRIPTIVE_REPRESENTATION_ITEM('Generic','Generic');
#1533=PROPERTY_DEFINITION('material property','material name',#2487);
#1534=PROPERTY_DEFINITION('material property','density of part',#2487);
#1535=DATE_TIME_ROLE('creation_date');
#1536=APPLIED_DATE_AND_TIME_ASSIGNMENT(#1537,#1535,(#2487));
#1537=DATE_AND_TIME(#1538,#1539);
#1538=CALENDAR_DATE(2026,3,7);
#1539=LOCAL_TIME(0,0,0.,#1540);
#1540=COORDINATED_UNIVERSAL_TIME_OFFSET(0,0,.BEHIND.);
#1541=AXIS2_PLACEMENT_3D('',#2037,#1645,#1646);
#1542=AXIS2_PLACEMENT_3D('',#2038,#1647,#1648);
#1543=AXIS2_PLACEMENT_3D('',#2047,#1653,#1654);
#1544=AXIS2_PLACEMENT_3D('',#2062,#1662,#1663);
#1545=AXIS2_PLACEMENT_3D('',#2064,#1664,#1665);
#1546=AXIS2_PLACEMENT_3D('',#2065,#1666,#1667);
#1547=AXIS2_PLACEMENT_3D('',#2071,#1671,#1672);
#1548=AXIS2_PLACEMENT_3D('',#2095,#1685,#1686);
#1549=AXIS2_PLACEMENT_3D('',#2099,#1689,#1690);
#1550=AXIS2_PLACEMENT_3D('',#2105,#1694,#1695);
#1551=AXIS2_PLACEMENT_3D('',#2107,#1697,#1698);
#1552=AXIS2_PLACEMENT_3D('',#2112,#1701,#1702);
#1553=AXIS2_PLACEMENT_3D('',#2113,#1703,#1704);
#1554=AXIS2_PLACEMENT_3D('',#2115,#1705,#1706);
#1555=AXIS2_PLACEMENT_3D('',#2117,#1708,#1709);
#1556=AXIS2_PLACEMENT_3D('',#2123,#1713,#1714);
#1557=AXIS2_PLACEMENT_3D('',#2127,#1717,#1718);
#1558=AXIS2_PLACEMENT_3D('',#2136,#1723,#1724);
#1559=AXIS2_PLACEMENT_3D('',#2142,#1728,#1729);
#1560=AXIS2_PLACEMENT_3D('',#2176,#1747,#1748);
#1561=AXIS2_PLACEMENT_3D('',#2178,#1749,#1750);
#1562=AXIS2_PLACEMENT_3D('',#2181,#1752,#1753);
#1563=AXIS2_PLACEMENT_3D('',#2183,#1754,#1755);
#1564=AXIS2_PLACEMENT_3D('',#2185,#1756,#1757);
#1565=AXIS2_PLACEMENT_3D('',#2187,#1758,#1759);
#1566=AXIS2_PLACEMENT_3D('',#2189,#1760,#1761);
#1567=AXIS2_PLACEMENT_3D('',#2190,#1762,#1763);
#1568=AXIS2_PLACEMENT_3D('',#2196,#1767,#1768);
#1569=AXIS2_PLACEMENT_3D('',#2200,#1771,#1772);
#1570=AXIS2_PLACEMENT_3D('',#2204,#1775,#1776);
#1571=AXIS2_PLACEMENT_3D('',#2208,#1779,#1780);
#1572=AXIS2_PLACEMENT_3D('',#2214,#1784,#1785);
#1573=AXIS2_PLACEMENT_3D('',#2218,#1788,#1789);
#1574=AXIS2_PLACEMENT_3D('',#2222,#1792,#1793);
#1575=AXIS2_PLACEMENT_3D('',#2226,#1795,#1796);
#1576=AXIS2_PLACEMENT_3D('',#2239,#1803,#1804);
#1577=AXIS2_PLACEMENT_3D('',#2243,#1806,#1807);
#1578=AXIS2_PLACEMENT_3D('',#2247,#1809,#1810);
#1579=AXIS2_PLACEMENT_3D('',#2251,#1812,#1813);
#1580=AXIS2_PLACEMENT_3D('',#2253,#1815,#1816);
#1581=AXIS2_PLACEMENT_3D('',#2255,#1817,#1818);
#1582=AXIS2_PLACEMENT_3D('',#2259,#1820,#1821);
#1583=AXIS2_PLACEMENT_3D('',#2261,#1822,#1823);
#1584=AXIS2_PLACEMENT_3D('',#2264,#1825,#1826);
#1585=AXIS2_PLACEMENT_3D('',#2265,#1827,#1828);
#1586=AXIS2_PLACEMENT_3D('',#2271,#1832,#1833);
#1587=AXIS2_PLACEMENT_3D('',#2272,#1834,#1835);
#1588=AXIS2_PLACEMENT_3D('',#2274,#1837,#1838);
#1589=AXIS2_PLACEMENT_3D('',#2276,#1840,#1841);
#1590=AXIS2_PLACEMENT_3D('',#2282,#1845,#1846);
#1591=AXIS2_PLACEMENT_3D('',#2286,#1849,#1850);
#1592=AXIS2_PLACEMENT_3D('',#2290,#1853,#1854);
#1593=AXIS2_PLACEMENT_3D('',#2292,#1856,#1857);
#1594=AXIS2_PLACEMENT_3D('',#2294,#1859,#1860);
#1595=AXIS2_PLACEMENT_3D('',#2295,#1861,#1862);
#1596=AXIS2_PLACEMENT_3D('',#2297,#1864,#1865);
#1597=AXIS2_PLACEMENT_3D('',#2309,#1872,#1873);
#1598=AXIS2_PLACEMENT_3D('',#2315,#1877,#1878);
#1599=AXIS2_PLACEMENT_3D('',#2323,#1882,#1883);
#1600=AXIS2_PLACEMENT_3D('',#2335,#1890,#1891);
#1601=AXIS2_PLACEMENT_3D('',#2339,#1894,#1895);
#1602=AXIS2_PLACEMENT_3D('',#2343,#1898,#1899);
#1603=AXIS2_PLACEMENT_3D('',#2349,#1903,#1904);
#1604=AXIS2_PLACEMENT_3D('',#2352,#1907,#1908);
#1605=AXIS2_PLACEMENT_3D('',#2354,#1910,#1911);
#1606=AXIS2_PLACEMENT_3D('',#2356,#1913,#1914);
#1607=AXIS2_PLACEMENT_3D('',#2358,#1916,#1917);
#1608=AXIS2_PLACEMENT_3D('',#2360,#1919,#1920);
#1609=AXIS2_PLACEMENT_3D('',#2369,#1926,#1927);
#1610=AXIS2_PLACEMENT_3D('',#2373,#1930,#1931);
#1611=AXIS2_PLACEMENT_3D('',#2377,#1934,#1935);
#1612=AXIS2_PLACEMENT_3D('',#2381,#1937,#1938);
#1613=AXIS2_PLACEMENT_3D('',#2387,#1941,#1942);
#1614=AXIS2_PLACEMENT_3D('',#2391,#1944,#1945);
#1615=AXIS2_PLACEMENT_3D('',#2395,#1947,#1948);
#1616=AXIS2_PLACEMENT_3D('',#2399,#1950,#1951);
#1617=AXIS2_PLACEMENT_3D('',#2401,#1953,#1954);
#1618=AXIS2_PLACEMENT_3D('',#2403,#1956,#1957);
#1619=AXIS2_PLACEMENT_3D('',#2418,#1960,#1961);
#1620=AXIS2_PLACEMENT_3D('',#2422,#1963,#1964);
#1621=AXIS2_PLACEMENT_3D('',#2425,#1967,#1968);
#1622=AXIS2_PLACEMENT_3D('',#2426,#1969,#1970);
#1623=AXIS2_PLACEMENT_3D('',#2427,#1971,#1972);
#1624=AXIS2_PLACEMENT_3D('',#2428,#1973,#1974);
#1625=AXIS2_PLACEMENT_3D('',#2429,#1975,#1976);
#1626=AXIS2_PLACEMENT_3D('',#2431,#1978,#1979);
#1627=AXIS2_PLACEMENT_3D('',#2433,#1981,#1982);
#1628=AXIS2_PLACEMENT_3D('',#2435,#1984,#1985);
#1629=AXIS2_PLACEMENT_3D('',#2437,#1987,#1988);
#1630=AXIS2_PLACEMENT_3D('',#2439,#1990,#1991);
#1631=AXIS2_PLACEMENT_3D('',#2440,#1992,#1993);
#1632=AXIS2_PLACEMENT_3D('',#2446,#1997,#1998);
#1633=AXIS2_PLACEMENT_3D('',#2450,#2001,#2002);
#1634=AXIS2_PLACEMENT_3D('',#2454,#2005,#2006);
#1635=AXIS2_PLACEMENT_3D('',#2456,#2008,#2009);
#1636=AXIS2_PLACEMENT_3D('',#2459,#2012,#2013);
#1637=AXIS2_PLACEMENT_3D('',#2461,#2015,#2016);
#1638=AXIS2_PLACEMENT_3D('',#2463,#2018,#2019);
#1639=AXIS2_PLACEMENT_3D('',#2465,#2021,#2022);
#1640=AXIS2_PLACEMENT_3D('',#2467,#2024,#2025);
#1641=AXIS2_PLACEMENT_3D('',#2469,#2027,#2028);
#1642=AXIS2_PLACEMENT_3D('',#2471,#2030,#2031);
#1643=AXIS2_PLACEMENT_3D('',#2472,#2032,#2033);
#1644=AXIS2_PLACEMENT_3D('',#2474,#2035,#2036);
#1645=DIRECTION('axis',(0.,0.,1.));
#1646=DIRECTION('refdir',(1.,0.,0.));
#1647=DIRECTION('center_axis',(0.,0.707106781186548,-0.707106781186547));
#1648=DIRECTION('ref_axis',(-1.,0.,0.));
#1649=DIRECTION('',(0.341836755328764,-0.664510207862265,-0.664510207862266));
#1650=DIRECTION('',(-1.,0.,0.));
#1651=DIRECTION('',(-0.577350269189626,0.577350269189625,0.577350269189626));
#1652=DIRECTION('',(1.,0.,0.));
#1653=DIRECTION('center_axis',(0.,1.,0.));
#1654=DIRECTION('ref_axis',(0.,0.,1.));
#1655=DIRECTION('',(-0.707106781186548,0.,0.707106781186548));
#1656=DIRECTION('',(-0.581493953128835,0.,-0.813550725200709));
#1657=DIRECTION('',(-0.813550725200709,0.,0.581493953128835));
#1658=DIRECTION('',(0.,0.,1.));
#1659=DIRECTION('',(1.,0.,0.));
#1660=DIRECTION('',(0.707106781186548,0.,-0.707106781186548));
#1661=DIRECTION('',(0.,0.,-1.));
#1662=DIRECTION('center_axis',(0.,1.,0.));
#1663=DIRECTION('ref_axis',(-1.,0.,0.));
#1664=DIRECTION('center_axis',(0.,1.,0.));
#1665=DIRECTION('ref_axis',(1.,0.,0.));
#1666=DIRECTION('center_axis',(-0.707106781186548,0.,-0.707106781186548));
#1667=DIRECTION('ref_axis',(-0.707106781186548,0.,0.707106781186548));
#1668=DIRECTION('',(0.707106781186548,0.,-0.707106781186548));
#1669=DIRECTION('',(0.,-1.,0.));
#1670=DIRECTION('',(0.,1.,0.));
#1671=DIRECTION('center_axis',(-1.,0.,0.));
#1672=DIRECTION('ref_axis',(0.,0.,1.));
#1673=DIRECTION('',(0.,1.,0.));
#1674=DIRECTION('',(0.,0.,-1.));
#1675=DIRECTION('',(0.,-1.,0.));
#1676=DIRECTION('',(0.,0.,-1.));
#1677=DIRECTION('',(0.,-1.,0.));
#1678=DIRECTION('',(0.,0.,1.));
#1679=DIRECTION('',(0.,1.,0.));
#1680=DIRECTION('',(0.,0.,-1.));
#1681=DIRECTION('',(0.,1.,-2.14018896313282E-15));
#1682=DIRECTION('',(0.,2.14018896313282E-15,1.));
#1683=DIRECTION('',(0.,-1.,2.14018896313282E-15));
#1684=DIRECTION('',(0.,-2.14018896313282E-15,-1.));
#1685=DIRECTION('center_axis',(0.575267234628654,0.707106781186548,-0.411178317476372));
#1686=DIRECTION('ref_axis',(-0.581493953128835,0.,-0.813550725200709));
#1687=DIRECTION('',(0.575267234628655,-0.707106781186547,-0.411178317476372));
#1688=DIRECTION('',(0.581493953128835,0.,0.813550725200709));
#1689=DIRECTION('center_axis',(-0.813550725200709,0.,0.581493953128835));
#1690=DIRECTION('ref_axis',(-0.581493953128835,0.,-0.813550725200709));
#1691=DIRECTION('',(0.,-1.,0.));
#1692=DIRECTION('',(-0.581493953128835,0.,-0.813550725200709));
#1693=DIRECTION('',(0.,1.,0.));
#1694=DIRECTION('center_axis',(0.,0.,1.));
#1695=DIRECTION('ref_axis',(-1.,0.,0.));
#1696=DIRECTION('',(-1.,0.,0.));
#1697=DIRECTION('center_axis',(0.,-1.,0.));
#1698=DIRECTION('ref_axis',(0.,0.,-1.));
#1699=DIRECTION('',(0.707106781186546,0.,-0.707106781186549));
#1700=DIRECTION('',(-1.,0.,2.10316959180407E-16));
#1701=DIRECTION('center_axis',(0.,1.,0.));
#1702=DIRECTION('ref_axis',(1.,0.,0.));
#1703=DIRECTION('center_axis',(0.,-1.,0.));
#1704=DIRECTION('ref_axis',(-1.,0.,0.));
#1705=DIRECTION('center_axis',(0.,1.,0.));
#1706=DIRECTION('ref_axis',(-1.,0.,0.));
#1707=DIRECTION('',(0.,1.,0.));
#1708=DIRECTION('center_axis',(0.581493953128835,0.,0.813550725200709));
#1709=DIRECTION('ref_axis',(-0.813550725200709,0.,0.581493953128835));
#1710=DIRECTION('',(0.,1.,0.));
#1711=DIRECTION('',(-0.813550725200709,0.,0.581493953128835));
#1712=DIRECTION('',(0.,-1.,0.));
#1713=DIRECTION('center_axis',(1.,0.,0.));
#1714=DIRECTION('ref_axis',(0.,0.,1.));
#1715=DIRECTION('',(0.,0.,1.));
#1716=DIRECTION('',(0.,-1.,0.));
#1717=DIRECTION('center_axis',(-0.707106781186546,0.,0.707106781186549));
#1718=DIRECTION('ref_axis',(0.707106781186549,0.,0.707106781186546));
#1719=DIRECTION('',(0.707106781186549,0.,0.707106781186546));
#1720=DIRECTION('',(0.,1.,0.));
#1721=DIRECTION('',(-0.707106781186549,0.,-0.707106781186546));
#1722=DIRECTION('',(0.,-1.,0.));
#1723=DIRECTION('center_axis',(0.,0.,1.));
#1724=DIRECTION('ref_axis',(1.,0.,0.));
#1725=DIRECTION('',(1.,0.,0.));
#1726=DIRECTION('',(0.,-1.,0.));
#1727=DIRECTION('',(-1.,0.,0.));
#1728=DIRECTION('center_axis',(0.,1.,0.));
#1729=DIRECTION('ref_axis',(0.,0.,1.));
#1730=DIRECTION('',(0.,0.,-1.));
#1731=DIRECTION('',(-0.707106781186548,0.,-0.707106781186547));
#1732=DIRECTION('',(-1.,0.,1.44811698864151E-16));
#1733=DIRECTION('',(-0.707106781186548,0.,0.707106781186547));
#1734=DIRECTION('',(0.,0.,1.));
#1735=DIRECTION('',(0.707106781186548,0.,-0.707106781186548));
#1736=DIRECTION('',(1.,0.,0.));
#1737=DIRECTION('',(0.707106781186546,0.,0.707106781186549));
#1738=DIRECTION('',(-0.707106781186548,0.,0.707106781186548));
#1739=DIRECTION('',(1.,0.,0.));
#1740=DIRECTION('',(0.,0.,1.));
#1741=DIRECTION('',(1.,0.,-1.67580833905684E-16));
#1742=DIRECTION('',(0.,0.,1.));
#1743=DIRECTION('',(-1.,0.,1.25685625429263E-16));
#1744=DIRECTION('',(-0.707106781186548,0.,0.707106781186548));
#1745=DIRECTION('',(1.,0.,0.));
#1746=DIRECTION('',(-1.11022302462516E-15,0.,1.));
#1747=DIRECTION('center_axis',(0.,1.,0.));
#1748=DIRECTION('ref_axis',(-3.45214983901703E-6,0.,0.999999999994041));
#1749=DIRECTION('center_axis',(0.,1.,0.));
#1750=DIRECTION('ref_axis',(0.898590874902512,0.,-0.438787465114875));
#1751=DIRECTION('',(4.3025993170451E-16,0.,1.));
#1752=DIRECTION('center_axis',(0.,1.,0.));
#1753=DIRECTION('ref_axis',(0.707106781186548,0.,0.707106781186547));
#1754=DIRECTION('center_axis',(0.,1.,0.));
#1755=DIRECTION('ref_axis',(1.,0.,0.));
#1756=DIRECTION('center_axis',(0.,1.,0.));
#1757=DIRECTION('ref_axis',(1.,0.,0.));
#1758=DIRECTION('center_axis',(0.,1.,0.));
#1759=DIRECTION('ref_axis',(1.,0.,0.));
#1760=DIRECTION('center_axis',(0.,1.,0.));
#1761=DIRECTION('ref_axis',(1.,0.,0.));
#1762=DIRECTION('center_axis',(0.707106781186548,0.,0.707106781186548));
#1763=DIRECTION('ref_axis',(0.707106781186548,0.,-0.707106781186548));
#1764=DIRECTION('',(-0.707106781186548,0.,0.707106781186548));
#1765=DIRECTION('',(0.,-1.,0.));
#1766=DIRECTION('',(0.,1.,0.));
#1767=DIRECTION('center_axis',(0.,0.,1.));
#1768=DIRECTION('ref_axis',(1.,0.,0.));
#1769=DIRECTION('',(-1.,0.,0.));
#1770=DIRECTION('',(0.,1.,0.));
#1771=DIRECTION('center_axis',(-1.,0.,0.));
#1772=DIRECTION('ref_axis',(0.,0.,-1.));
#1773=DIRECTION('',(0.,-1.,0.));
#1774=DIRECTION('',(0.,0.,-1.));
#1775=DIRECTION('center_axis',(1.,0.,0.));
#1776=DIRECTION('ref_axis',(0.,0.,1.));
#1777=DIRECTION('',(0.,0.,1.));
#1778=DIRECTION('',(0.,-1.,0.));
#1779=DIRECTION('center_axis',(0.707106781186547,0.,-0.707106781186548));
#1780=DIRECTION('ref_axis',(0.707106781186548,0.,0.707106781186547));
#1781=DIRECTION('',(0.,-1.,0.));
#1782=DIRECTION('',(0.707106781186548,0.,0.707106781186547));
#1783=DIRECTION('',(0.,-1.,0.));
#1784=DIRECTION('center_axis',(-1.44811698864151E-16,0.,-1.));
#1785=DIRECTION('ref_axis',(1.,0.,-1.44811698864151E-16));
#1786=DIRECTION('',(1.,0.,-1.44811698864151E-16));
#1787=DIRECTION('',(0.,-1.,0.));
#1788=DIRECTION('center_axis',(-0.707106781186547,0.,-0.707106781186548));
#1789=DIRECTION('ref_axis',(0.707106781186548,0.,-0.707106781186547));
#1790=DIRECTION('',(0.707106781186548,0.,-0.707106781186547));
#1791=DIRECTION('',(0.,1.,0.));
#1792=DIRECTION('center_axis',(0.,1.,0.));
#1793=DIRECTION('ref_axis',(0.,0.,1.));
#1794=DIRECTION('',(1.,0.,-1.20170502824989E-16));
#1795=DIRECTION('center_axis',(0.,-1.,0.));
#1796=DIRECTION('ref_axis',(-3.45214983901703E-6,0.,0.999999999994041));
#1797=DIRECTION('',(0.60836505401296,0.,-0.793657332263621));
#1798=DIRECTION('',(0.,0.,-1.));
#1799=DIRECTION('',(-1.,0.,2.10316959180407E-16));
#1800=DIRECTION('',(0.707106781186546,0.,-0.707106781186549));
#1801=DIRECTION('',(-0.70710678118655,0.,-0.707106781186545));
#1802=DIRECTION('',(1.,0.,-1.20170502824989E-16));
#1803=DIRECTION('center_axis',(0.,-1.,0.));
#1804=DIRECTION('ref_axis',(1.,0.,-6.6613381477509E-15));
#1805=DIRECTION('',(4.85343398743238E-16,0.,-1.));
#1806=DIRECTION('center_axis',(0.,-1.,0.));
#1807=DIRECTION('ref_axis',(0.,0.,1.));
#1808=DIRECTION('',(1.,0.,-2.83461197776636E-16));
#1809=DIRECTION('center_axis',(0.,-1.,0.));
#1810=DIRECTION('ref_axis',(-1.,0.,2.22044604925031E-15));
#1811=DIRECTION('',(4.85343398743238E-16,0.,1.));
#1812=DIRECTION('center_axis',(0.,-1.,0.));
#1813=DIRECTION('ref_axis',(0.,0.,-1.));
#1814=DIRECTION('',(-1.,0.,1.8897413185109E-16));
#1815=DIRECTION('center_axis',(0.,-1.,0.));
#1816=DIRECTION('ref_axis',(0.,0.,-1.));
#1817=DIRECTION('center_axis',(0.,-1.,0.));
#1818=DIRECTION('ref_axis',(0.707106781186548,0.,0.707106781186547));
#1819=DIRECTION('',(4.3025993170451E-16,0.,1.));
#1820=DIRECTION('center_axis',(0.,-1.,0.));
#1821=DIRECTION('ref_axis',(0.898590874902512,0.,-0.438787465114875));
#1822=DIRECTION('center_axis',(0.,1.,0.));
#1823=DIRECTION('ref_axis',(-3.45214983901703E-6,0.,0.999999999994041));
#1824=DIRECTION('',(1.,0.,-1.20170502824989E-16));
#1825=DIRECTION('center_axis',(0.,1.,0.));
#1826=DIRECTION('ref_axis',(1.,0.,0.));
#1827=DIRECTION('center_axis',(0.,-1.,0.));
#1828=DIRECTION('ref_axis',(0.,0.,-1.));
#1829=DIRECTION('',(1.,0.,-1.20170502824989E-16));
#1830=DIRECTION('',(-0.70710678118655,0.,-0.707106781186545));
#1831=DIRECTION('',(-0.707106781186546,0.,-0.707106781186549));
#1832=DIRECTION('center_axis',(0.,1.,0.));
#1833=DIRECTION('ref_axis',(1.,0.,0.));
#1834=DIRECTION('center_axis',(-1.20170502824989E-16,0.,-1.));
#1835=DIRECTION('ref_axis',(1.,0.,-1.20170502824989E-16));
#1836=DIRECTION('',(0.,-1.,0.));
#1837=DIRECTION('center_axis',(-1.20170502824989E-16,0.,-1.));
#1838=DIRECTION('ref_axis',(1.,0.,-1.20170502824989E-16));
#1839=DIRECTION('',(0.,1.,0.));
#1840=DIRECTION('center_axis',(0.,2.14018896313282E-15,1.));
#1841=DIRECTION('ref_axis',(7.82250885240725E-31,1.,-2.14018896313282E-15));
#1842=DIRECTION('',(-1.,0.,0.));
#1843=DIRECTION('',(7.82250885240725E-31,1.,-2.14018896313282E-15));
#1844=DIRECTION('',(-1.,0.,0.));
#1845=DIRECTION('center_axis',(0.,-1.,2.14018896313282E-15));
#1846=DIRECTION('ref_axis',(-3.6550552251034E-16,2.14018896313282E-15,1.));
#1847=DIRECTION('',(-3.6550552251034E-16,2.14018896313282E-15,1.));
#1848=DIRECTION('',(-1.,0.,0.));
#1849=DIRECTION('center_axis',(0.,-2.14018896313282E-15,-1.));
#1850=DIRECTION('ref_axis',(-7.82250885240725E-31,-1.,2.14018896313282E-15));
#1851=DIRECTION('',(-7.82250885240725E-31,-1.,2.14018896313282E-15));
#1852=DIRECTION('',(-1.,0.,0.));
#1853=DIRECTION('center_axis',(0.,1.,-2.14018896313282E-15));
#1854=DIRECTION('ref_axis',(3.6550552251034E-16,-2.14018896313282E-15,-1.));
#1855=DIRECTION('',(3.6550552251034E-16,-2.14018896313282E-15,-1.));
#1856=DIRECTION('center_axis',(-0.707106781186548,0.,-0.707106781186548));
#1857=DIRECTION('ref_axis',(-0.707106781186548,0.,0.707106781186548));
#1858=DIRECTION('',(0.,-1.,0.));
#1859=DIRECTION('center_axis',(0.,0.,-1.));
#1860=DIRECTION('ref_axis',(-1.,0.,0.));
#1861=DIRECTION('center_axis',(0.,-1.,0.));
#1862=DIRECTION('ref_axis',(1.,0.,0.));
#1863=DIRECTION('',(0.,-1.,0.));
#1864=DIRECTION('center_axis',(-1.,0.,0.));
#1865=DIRECTION('ref_axis',(0.,0.,1.));
#1866=DIRECTION('',(0.,0.,1.));
#1867=DIRECTION('',(0.,1.,0.));
#1868=DIRECTION('',(0.,1.2335811384724E-16,-1.));
#1869=DIRECTION('',(0.,1.,-1.57898385724467E-15));
#1870=DIRECTION('',(0.,-4.05658412843807E-16,-1.));
#1871=DIRECTION('',(0.,1.,0.));
#1872=DIRECTION('center_axis',(0.,-1.,0.));
#1873=DIRECTION('ref_axis',(0.,0.,-1.));
#1874=DIRECTION('',(-1.,0.,2.10316959180407E-16));
#1875=DIRECTION('',(0.,0.,-1.));
#1876=DIRECTION('',(1.,0.,0.));
#1877=DIRECTION('center_axis',(0.,-1.,4.05658412843807E-16));
#1878=DIRECTION('ref_axis',(0.,4.05658412843807E-16,1.));
#1879=DIRECTION('',(-1.,0.,0.));
#1880=DIRECTION('',(-3.6550552251034E-16,4.05658412843807E-16,1.));
#1881=DIRECTION('',(-1.,0.,0.));
#1882=DIRECTION('center_axis',(0.,-1.,4.05658412843807E-16));
#1883=DIRECTION('ref_axis',(-3.45214983901703E-6,0.,0.999999999994041));
#1884=DIRECTION('',(1.11022302462516E-15,-4.05658412843807E-16,-1.));
#1885=DIRECTION('',(-1.,0.,0.));
#1886=DIRECTION('',(0.707106781186548,-2.86843814567228E-16,-0.707106781186548));
#1887=DIRECTION('',(1.,-5.09854313289161E-32,-1.25685625429263E-16));
#1888=DIRECTION('',(0.,-4.05658412843807E-16,-1.));
#1889=DIRECTION('',(-1.,6.79805751052215E-32,1.67580833905684E-16));
#1890=DIRECTION('center_axis',(0.,-1.57898385724467E-15,-1.));
#1891=DIRECTION('ref_axis',(0.,-1.,1.57898385724467E-15));
#1892=DIRECTION('',(-1.,0.,0.));
#1893=DIRECTION('',(-5.77127319777603E-31,-1.,1.57898385724467E-15));
#1894=DIRECTION('center_axis',(0.,-1.,-1.2335811384724E-16));
#1895=DIRECTION('ref_axis',(0.,-1.2335811384724E-16,1.));
#1896=DIRECTION('',(-1.,0.,0.));
#1897=DIRECTION('',(-3.6550552251034E-16,-1.2335811384724E-16,1.));
#1898=DIRECTION('center_axis',(0.,0.,-1.));
#1899=DIRECTION('ref_axis',(0.,-1.,0.));
#1900=DIRECTION('',(0.,1.,0.));
#1901=DIRECTION('',(-1.,0.,0.));
#1902=DIRECTION('',(0.,-1.,0.));
#1903=DIRECTION('center_axis',(-0.707106781186548,0.,-0.707106781186548));
#1904=DIRECTION('ref_axis',(-0.707106781186548,0.,0.707106781186548));
#1905=DIRECTION('',(0.,1.,0.));
#1906=DIRECTION('',(0.,1.,0.));
#1907=DIRECTION('center_axis',(0.,0.,-1.));
#1908=DIRECTION('ref_axis',(-1.,0.,0.));
#1909=DIRECTION('',(0.,1.,0.));
#1910=DIRECTION('center_axis',(1.,0.,1.11022302462516E-15));
#1911=DIRECTION('ref_axis',(1.11022302462516E-15,0.,-1.));
#1912=DIRECTION('',(0.,1.,0.));
#1913=DIRECTION('center_axis',(-1.25685625429263E-16,0.,-1.));
#1914=DIRECTION('ref_axis',(-1.,0.,1.25685625429263E-16));
#1915=DIRECTION('',(0.,1.,0.));
#1916=DIRECTION('center_axis',(1.67580833905684E-16,0.,1.));
#1917=DIRECTION('ref_axis',(1.,0.,-1.67580833905684E-16));
#1918=DIRECTION('',(0.,-1.,0.));
#1919=DIRECTION('center_axis',(-1.,0.,0.));
#1920=DIRECTION('ref_axis',(0.,0.,-1.));
#1921=DIRECTION('',(0.,-1.,0.));
#1922=DIRECTION('',(0.,1.,0.));
#1923=DIRECTION('',(0.,4.2700885562506E-16,1.));
#1924=DIRECTION('',(0.,1.,-1.57898385724467E-15));
#1925=DIRECTION('',(0.,0.,1.));
#1926=DIRECTION('center_axis',(0.,1.,0.));
#1927=DIRECTION('ref_axis',(0.,0.,-1.));
#1928=DIRECTION('',(-1.,0.,0.));
#1929=DIRECTION('',(3.6550552251034E-16,0.,-1.));
#1930=DIRECTION('center_axis',(0.,-1.57898385724467E-15,-1.));
#1931=DIRECTION('ref_axis',(0.,-1.,1.57898385724467E-15));
#1932=DIRECTION('',(-1.,0.,0.));
#1933=DIRECTION('',(-5.77127319777603E-31,-1.,1.57898385724467E-15));
#1934=DIRECTION('center_axis',(0.,1.,-4.2700885562506E-16));
#1935=DIRECTION('ref_axis',(0.,-4.2700885562506E-16,-1.));
#1936=DIRECTION('',(-0.60836505401296,3.38898709208327E-16,0.793657332263621));
#1937=DIRECTION('center_axis',(0.,1.,-4.2700885562506E-16));
#1938=DIRECTION('ref_axis',(-3.45214983901703E-6,0.,0.999999999994041));
#1939=DIRECTION('',(-1.,0.,0.));
#1940=DIRECTION('',(-3.6550552251034E-16,0.,1.));
#1941=DIRECTION('center_axis',(0.,1.,0.));
#1942=DIRECTION('ref_axis',(1.,0.,-6.6613381477509E-15));
#1943=DIRECTION('',(1.,0.,-1.8897413185109E-16));
#1944=DIRECTION('center_axis',(0.,1.,0.));
#1945=DIRECTION('ref_axis',(0.,0.,-1.));
#1946=DIRECTION('',(-4.85343398743238E-16,0.,-1.));
#1947=DIRECTION('center_axis',(0.,1.,0.));
#1948=DIRECTION('ref_axis',(-1.,0.,2.22044604925031E-15));
#1949=DIRECTION('',(-1.,0.,2.83461197776636E-16));
#1950=DIRECTION('center_axis',(0.,1.,0.));
#1951=DIRECTION('ref_axis',(0.,0.,1.));
#1952=DIRECTION('',(-4.85343398743238E-16,0.,1.));
#1953=DIRECTION('center_axis',(-0.793657332263621,0.,-0.60836505401296));
#1954=DIRECTION('ref_axis',(0.60836505401296,0.,-0.793657332263621));
#1955=DIRECTION('',(0.,-1.,0.));
#1956=DIRECTION('center_axis',(2.10316959180407E-16,0.,1.));
#1957=DIRECTION('ref_axis',(-1.,0.,2.10316959180407E-16));
#1958=DIRECTION('',(0.,-1.,0.));
#1959=DIRECTION('',(0.,-1.,0.));
#1960=DIRECTION('center_axis',(0.,-1.,-1.2335811384724E-16));
#1961=DIRECTION('ref_axis',(-3.45214983901703E-6,0.,0.999999999994041));
#1962=DIRECTION('',(0.,-1.,0.));
#1963=DIRECTION('center_axis',(0.,1.,0.));
#1964=DIRECTION('ref_axis',(-3.45214983901703E-6,0.,0.999999999994041));
#1965=DIRECTION('',(0.,-1.,0.));
#1966=DIRECTION('',(0.,1.,0.));
#1967=DIRECTION('center_axis',(1.,0.,0.));
#1968=DIRECTION('ref_axis',(0.,0.,-1.));
#1969=DIRECTION('center_axis',(-0.707106781186545,0.,0.70710678118655));
#1970=DIRECTION('ref_axis',(0.70710678118655,0.,0.707106781186545));
#1971=DIRECTION('center_axis',(-0.707106781186549,0.,-0.707106781186546));
#1972=DIRECTION('ref_axis',(-0.707106781186546,0.,0.707106781186549));
#1973=DIRECTION('center_axis',(-0.707106781186549,0.,0.707106781186546));
#1974=DIRECTION('ref_axis',(0.707106781186546,0.,0.707106781186549));
#1975=DIRECTION('center_axis',(0.,-1.,0.));
#1976=DIRECTION('ref_axis',(1.,0.,0.));
#1977=DIRECTION('',(0.,-1.,0.));
#1978=DIRECTION('center_axis',(0.,-1.,0.));
#1979=DIRECTION('ref_axis',(1.,0.,0.));
#1980=DIRECTION('',(0.,-1.,0.));
#1981=DIRECTION('center_axis',(0.,-1.,0.));
#1982=DIRECTION('ref_axis',(1.,0.,0.));
#1983=DIRECTION('',(0.,-1.,0.));
#1984=DIRECTION('center_axis',(0.,-1.,0.));
#1985=DIRECTION('ref_axis',(0.898590874902512,0.,-0.438787465114875));
#1986=DIRECTION('',(0.,-1.,0.));
#1987=DIRECTION('center_axis',(-1.,0.,4.3025993170451E-16));
#1988=DIRECTION('ref_axis',(-4.3025993170451E-16,0.,-1.));
#1989=DIRECTION('',(0.,1.,0.));
#1990=DIRECTION('center_axis',(0.,1.,0.));
#1991=DIRECTION('ref_axis',(0.707106781186548,0.,0.707106781186547));
#1992=DIRECTION('center_axis',(0.,1.,0.));
#1993=DIRECTION('ref_axis',(0.,0.,-1.));
#1994=DIRECTION('',(-1.,0.,0.));
#1995=DIRECTION('',(3.6550552251034E-16,0.,-1.));
#1996=DIRECTION('',(-1.,0.,0.));
#1997=DIRECTION('center_axis',(0.,-7.40148683083437E-16,1.));
#1998=DIRECTION('ref_axis',(0.,1.,7.40148683083437E-16));
#1999=DIRECTION('',(-1.,0.,0.));
#2000=DIRECTION('',(-2.70528431145751E-31,1.,7.40148683083437E-16));
#2001=DIRECTION('center_axis',(0.,-1.,-1.2335811384724E-16));
#2002=DIRECTION('ref_axis',(0.,-1.2335811384724E-16,1.));
#2003=DIRECTION('',(-1.,0.,0.));
#2004=DIRECTION('',(-3.6550552251034E-16,-1.2335811384724E-16,1.));
#2005=DIRECTION('center_axis',(0.,1.97372982155583E-16,1.));
#2006=DIRECTION('ref_axis',(0.,1.,-1.97372982155583E-16));
#2007=DIRECTION('',(7.21409149722004E-32,1.,-1.97372982155583E-16));
#2008=DIRECTION('center_axis',(1.,0.,4.85343398743238E-16));
#2009=DIRECTION('ref_axis',(-4.85343398743238E-16,0.,1.));
#2010=DIRECTION('',(0.,-1.,0.));
#2011=DIRECTION('',(0.,-1.,0.));
#2012=DIRECTION('center_axis',(0.,-1.,0.));
#2013=DIRECTION('ref_axis',(0.,0.,1.));
#2014=DIRECTION('',(0.,-1.,0.));
#2015=DIRECTION('center_axis',(2.83461197776636E-16,0.,1.));
#2016=DIRECTION('ref_axis',(-1.,0.,2.83461197776636E-16));
#2017=DIRECTION('',(0.,-1.,0.));
#2018=DIRECTION('center_axis',(0.,-1.,0.));
#2019=DIRECTION('ref_axis',(-1.,0.,2.22044604925031E-15));
#2020=DIRECTION('',(0.,-1.,0.));
#2021=DIRECTION('center_axis',(-1.,0.,4.85343398743238E-16));
#2022=DIRECTION('ref_axis',(-4.85343398743238E-16,0.,-1.));
#2023=DIRECTION('',(0.,-1.,0.));
#2024=DIRECTION('center_axis',(0.,-1.,0.));
#2025=DIRECTION('ref_axis',(0.,0.,-1.));
#2026=DIRECTION('',(0.,-1.,0.));
#2027=DIRECTION('center_axis',(-1.8897413185109E-16,0.,-1.));
#2028=DIRECTION('ref_axis',(1.,0.,-1.8897413185109E-16));
#2029=DIRECTION('',(0.,-1.,0.));
#2030=DIRECTION('center_axis',(0.,-1.,0.));
#2031=DIRECTION('ref_axis',(1.,0.,-6.6613381477509E-15));
#2032=DIRECTION('center_axis',(0.,1.97372982155583E-16,1.));
#2033=DIRECTION('ref_axis',(0.,1.,-1.97372982155583E-16));
#2034=DIRECTION('',(7.21409149722004E-32,1.,-1.97372982155583E-16));
#2035=DIRECTION('center_axis',(1.,0.,3.6550552251034E-16));
#2036=DIRECTION('ref_axis',(3.6550552251034E-16,0.,-1.));
#2037=CARTESIAN_POINT('',(0.,0.,0.));
#2038=CARTESIAN_POINT('Origin',(-47.2670397499489,4.,-54.9931805498461));
#2039=CARTESIAN_POINT('',(-48.7168015240444,5.,-53.9931805498461));
#2040=CARTESIAN_POINT('',(-47.6879632871467,3.,-55.9931805498461));
#2041=CARTESIAN_POINT('',(-48.4186774660494,4.42046466139515,-54.5727158884509));
#2042=CARTESIAN_POINT('',(-80.,3.,-55.9931805498461));
#2043=CARTESIAN_POINT('',(-47.2670397499489,3.,-55.9931805498461));
#2044=CARTESIAN_POINT('',(-82.,5.,-53.9931805498461));
#2045=CARTESIAN_POINT('',(-76.2111732916581,-0.788826708341853,-59.7820072581879));
#2046=CARTESIAN_POINT('',(-47.2670397499489,5.,-53.9931805498461));
#2047=CARTESIAN_POINT('Origin',(-45.8172779758533,3.,-63.5992504573697));
#2048=CARTESIAN_POINT('',(-84.,3.,-51.9931805498461));
#2049=CARTESIAN_POINT('',(-71.0528020170824,3.,-64.9403785327637));
#2050=CARTESIAN_POINT('',(-38.7308045789389,3.,-43.4614888209971));
#2051=CARTESIAN_POINT('',(-44.6922317445592,3.,-51.8019425225801));
#2052=CARTESIAN_POINT('',(-7.63455595170655,3.,-65.6878601849528));
#2053=CARTESIAN_POINT('',(-20.7644897981596,3.,-56.3031016195781));
#2054=CARTESIAN_POINT('',(-7.63455595170655,3.,-84.9));
#2055=CARTESIAN_POINT('',(-7.63455595170655,3.,-74.2496252286848));
#2056=CARTESIAN_POINT('',(-82.,3.,-84.9));
#2057=CARTESIAN_POINT('',(-53.9981154952617,3.,-84.9));
#2058=CARTESIAN_POINT('',(-84.,3.,-82.9));
#2059=CARTESIAN_POINT('',(-78.7795068796209,3.,-88.1204931203791));
#2060=CARTESIAN_POINT('',(-84.,3.,-56.7996252286848));
#2061=CARTESIAN_POINT('',(-9.84310899408981,3.,-77.5499999998837));
#2062=CARTESIAN_POINT('Origin',(-11.4931089940898,3.,-77.5499999998837));
#2063=CARTESIAN_POINT('',(-73.1431084354225,3.,-77.5499999998836));
#2064=CARTESIAN_POINT('Origin',(-71.4931084354225,3.,-77.5499999998836));
#2065=CARTESIAN_POINT('Origin',(-83.,5.,-52.9931805498461));
#2066=CARTESIAN_POINT('',(-84.,10.,-51.9931805498461));
#2067=CARTESIAN_POINT('',(-82.,10.,-53.9931805498461));
#2068=CARTESIAN_POINT('',(-74.7193528874087,10.,-61.2738276624374));
#2069=CARTESIAN_POINT('',(-82.,5.,-53.9931805498461));
#2070=CARTESIAN_POINT('',(-84.,5.,-51.9931805498461));
#2071=CARTESIAN_POINT('Origin',(-84.,0.,-50.));
#2072=CARTESIAN_POINT('',(-84.,0.,-82.9));
#2073=CARTESIAN_POINT('',(-84.,2.5,-82.9));
#2074=CARTESIAN_POINT('',(-84.,0.,-2.));
#2075=CARTESIAN_POINT('',(-84.,0.,-50.));
#2076=CARTESIAN_POINT('',(-84.,10.,-2.));
#2077=CARTESIAN_POINT('',(-84.,0.,-2.));
#2078=CARTESIAN_POINT('',(-84.,10.,-9.54768241779382));
#2079=CARTESIAN_POINT('',(-84.,10.,-26.0707777392032));
#2080=CARTESIAN_POINT('',(-84.,16.,-9.54768241779382));
#2081=CARTESIAN_POINT('',(-84.,8.,-9.54768241779382));
#2082=CARTESIAN_POINT('',(-84.,16.,-40.2985009147394));
#2083=CARTESIAN_POINT('',(-84.,16.,-50.));
#2084=CARTESIAN_POINT('',(-84.,10.,-40.2985009147394));
#2085=CARTESIAN_POINT('',(-84.,8.,-40.2985009147394));
#2086=CARTESIAN_POINT('',(-84.,10.,-49.1617625908415));
#2087=CARTESIAN_POINT('',(-84.,5.09922099659745,-28.5061355166896));
#2088=CARTESIAN_POINT('',(-84.,14.5429815652433,-28.5061355166896));
#2089=CARTESIAN_POINT('',(-84.,7.27149078262166,-28.5061355166896));
#2090=CARTESIAN_POINT('',(-84.,14.5429815652433,-25.9838003270631));
#2091=CARTESIAN_POINT('',(-84.,14.5429815652433,-37.9919001635316));
#2092=CARTESIAN_POINT('',(-84.,5.09922099659746,-25.9838003270631));
#2093=CARTESIAN_POINT('',(-84.,2.54961049829876,-25.9838003270631));
#2094=CARTESIAN_POINT('',(-84.,5.09922099659743,-39.2530677583448));
#2095=CARTESIAN_POINT('Origin',(-45.5057824697599,4.,-51.2204485694513));
#2096=CARTESIAN_POINT('',(-40.3579060293403,5.,-42.2985009147394));
#2097=CARTESIAN_POINT('',(-32.7872315538324,-4.30571904246064,-47.7097202674461));
#2098=CARTESIAN_POINT('',(-46.3193331949606,5.,-50.6389546163225));
#2099=CARTESIAN_POINT('Origin',(-40.3579060293403,10.,-42.2985009147394));
#2100=CARTESIAN_POINT('',(-48.7168015240444,10.,-53.9931805498461));
#2101=CARTESIAN_POINT('',(-48.7168015240444,10.,-53.9931805498461));
#2102=CARTESIAN_POINT('',(-40.3579060293403,10.,-42.2985009147394));
#2103=CARTESIAN_POINT('',(-42.6030022546029,10.,-45.4395476141589));
#2104=CARTESIAN_POINT('',(-40.3579060293403,5.,-42.2985009147394));
#2105=CARTESIAN_POINT('Origin',(-48.7168015240444,10.,-53.9931805498461));
#2106=CARTESIAN_POINT('',(-46.9622788527581,10.,-53.9931805498461));
#2107=CARTESIAN_POINT('Origin',(-45.2077561814718,10.,-48.3235251816831));
#2108=CARTESIAN_POINT('',(-82.,10.,-42.2985009147394));
#2109=CARTESIAN_POINT('',(-71.7956829786321,10.,-52.5028179361074));
#2110=CARTESIAN_POINT('',(-87.4382269509859,10.,-42.2985009147394));
#2111=CARTESIAN_POINT('',(-73.1431084354227,10.,-46.4999999998934));
#2112=CARTESIAN_POINT('Origin',(-71.4931084354227,10.,-46.4999999998934));
#2113=CARTESIAN_POINT('Origin',(-11.4931089940898,10.,-77.5499999998837));
#2114=CARTESIAN_POINT('',(-9.84310899408981,0.,-77.5499999998837));
#2115=CARTESIAN_POINT('Origin',(-11.4931089940898,0.,-77.5499999998837));
#2116=CARTESIAN_POINT('',(-9.84310899408981,10.,-77.5499999998837));
#2117=CARTESIAN_POINT('Origin',(-7.63455595170655,10.,-65.6878601849528));
#2118=CARTESIAN_POINT('',(-40.3579060293403,0.,-42.2985009147394));
#2119=CARTESIAN_POINT('',(-40.3579060293403,5.,-42.2985009147394));
#2120=CARTESIAN_POINT('',(-7.63455595170655,0.,-65.6878601849528));
#2121=CARTESIAN_POINT('',(-40.3579060293403,0.,-42.2985009147394));
#2122=CARTESIAN_POINT('',(-7.63455595170655,10.,-65.6878601849528));
#2123=CARTESIAN_POINT('Origin',(-7.63455595170655,10.,-84.9));
#2124=CARTESIAN_POINT('',(-7.63455595170655,0.,-84.9));
#2125=CARTESIAN_POINT('',(-7.63455595170655,0.,-65.6878601849528));
#2126=CARTESIAN_POINT('',(-7.63455595170655,10.,-84.9));
#2127=CARTESIAN_POINT('Origin',(-28.4917440898214,8.,-1.));
#2128=CARTESIAN_POINT('',(-29.4917440898214,0.,-2.));
#2129=CARTESIAN_POINT('',(-27.4917440898214,0.,0.));
#2130=CARTESIAN_POINT('',(-37.868808067366,-5.55111512312578E-16,-10.3770639775446));
#2131=CARTESIAN_POINT('',(-27.4917440898214,10.,0.));
#2132=CARTESIAN_POINT('',(-27.4917440898214,8.,0.));
#2133=CARTESIAN_POINT('',(-29.4917440898214,10.,-2.));
#2134=CARTESIAN_POINT('',(-34.1444392723868,10.,-6.65269518256544));
#2135=CARTESIAN_POINT('',(-29.4917440898214,8.,-2.));
#2136=CARTESIAN_POINT('Origin',(-84.,0.,0.));
#2137=CARTESIAN_POINT('',(-24.7777494977887,0.,0.));
#2138=CARTESIAN_POINT('',(-84.,0.,0.));
#2139=CARTESIAN_POINT('',(-24.7777494977887,10.,0.));
#2140=CARTESIAN_POINT('',(-24.7777494977887,8.,0.));
#2141=CARTESIAN_POINT('',(-66.9804846708384,10.,0.));
#2142=CARTESIAN_POINT('Origin',(-42.,0.,-25.));
#2143=CARTESIAN_POINT('',(-29.4917440898214,0.,-7.54768241779383));
#2144=CARTESIAN_POINT('',(-29.4917440898214,0.,-16.2738412088969));
#2145=CARTESIAN_POINT('',(-31.4917440898214,0.,-9.54768241779383));
#2146=CARTESIAN_POINT('',(-37.9818874629176,0.,-16.03782579089));
#2147=CARTESIAN_POINT('',(-54.4917440898214,0.,-9.54768241779382));
#2148=CARTESIAN_POINT('',(-48.2458720449107,0.,-9.54768241779382));
#2149=CARTESIAN_POINT('',(-56.4917440898214,0.,-7.54768241779382));
#2150=CARTESIAN_POINT('',(-48.5057286718145,0.,-15.5336978358007));
#2151=CARTESIAN_POINT('',(-56.4917440898214,0.,-2.));
#2152=CARTESIAN_POINT('',(-56.4917440898214,0.,0.230629623100338));
#2153=CARTESIAN_POINT('',(-58.4917440898214,0.,0.));
#2154=CARTESIAN_POINT('',(-47.618808067366,-5.55111512312578E-16,-10.8729360224553));
#2155=CARTESIAN_POINT('',(-82.,0.,0.));
#2156=CARTESIAN_POINT('',(-84.,0.,0.));
#2157=CARTESIAN_POINT('',(-78.7500000000001,0.,3.24999999999998));
#2158=CARTESIAN_POINT('',(-82.,0.,-84.9));
#2159=CARTESIAN_POINT('',(-87.475,0.,-79.425));
#2160=CARTESIAN_POINT('',(-7.63455595170655,0.,-84.9));
#2161=CARTESIAN_POINT('',(-40.3579060293403,0.,-39.3));
#2162=CARTESIAN_POINT('',(-40.3579060293403,0.,-40.427364847309));
#2163=CARTESIAN_POINT('',(-66.9547840438164,0.,-39.3));
#2164=CARTESIAN_POINT('',(-80.,0.,-39.3));
#2165=CARTESIAN_POINT('',(-66.9547840438164,0.,-15.));
#2166=CARTESIAN_POINT('',(-66.9547840438164,0.,-39.3));
#2167=CARTESIAN_POINT('',(-38.9226971695422,0.,-15.));
#2168=CARTESIAN_POINT('',(-27.,0.,-15.));
#2169=CARTESIAN_POINT('',(-34.9226971695422,0.,-19.));
#2170=CARTESIAN_POINT('',(-36.1920228771567,0.,-17.7306742923856));
#2171=CARTESIAN_POINT('',(-26.4158021045096,0.,-19.));
#2172=CARTESIAN_POINT('',(-34.9226971695422,0.,-19.));
#2173=CARTESIAN_POINT('',(-26.4158021045097,0.,-15.));
#2174=CARTESIAN_POINT('',(-26.4158021045096,0.,-19.));
#2175=CARTESIAN_POINT('',(-23.5478872559564,0.,-4.87663063792931));
#2176=CARTESIAN_POINT('Origin',(-18.0750003624457,0.,-11.8949999993343));
#2177=CARTESIAN_POINT('',(-22.7777494977887,0.,-3.29946898923398));
#2178=CARTESIAN_POINT('Origin',(-24.7777494977887,0.,-3.29946898923398));
#2179=CARTESIAN_POINT('',(-22.7777494977887,0.,-2.));
#2180=CARTESIAN_POINT('',(-22.7777494977887,0.,-9.50875803225581));
#2181=CARTESIAN_POINT('Origin',(-24.7777494977887,0.,-2.));
#2182=CARTESIAN_POINT('',(-80.1217437548717,0.,-3.49999999882732));
#2183=CARTESIAN_POINT('Origin',(-78.9717437548717,0.,-3.49999999882732));
#2184=CARTESIAN_POINT('',(-28.1217442390289,0.,-3.49999999883508));
#2185=CARTESIAN_POINT('Origin',(-26.9717442390289,0.,-3.49999999883508));
#2186=CARTESIAN_POINT('',(-73.1431084354227,0.,-46.4999999998934));
#2187=CARTESIAN_POINT('Origin',(-71.4931084354227,0.,-46.4999999998934));
#2188=CARTESIAN_POINT('',(-73.1431084354225,0.,-77.5499999998836));
#2189=CARTESIAN_POINT('Origin',(-71.4931084354225,0.,-77.5499999998836));
#2190=CARTESIAN_POINT('Origin',(-57.4917440898214,8.,-1.));
#2191=CARTESIAN_POINT('',(-56.4917440898214,10.,-2.));
#2192=CARTESIAN_POINT('',(-58.4917440898214,10.,0.));
#2193=CARTESIAN_POINT('',(-55.3236615331837,10.,-3.16808255663771));
#2194=CARTESIAN_POINT('',(-58.4917440898214,8.,0.));
#2195=CARTESIAN_POINT('',(-56.4917440898214,8.,-2.));
#2196=CARTESIAN_POINT('Origin',(-84.,0.,0.));
#2197=CARTESIAN_POINT('',(-82.,10.,0.));
#2198=CARTESIAN_POINT('',(-66.9804846708384,10.,0.));
#2199=CARTESIAN_POINT('',(-82.,0.,0.));
#2200=CARTESIAN_POINT('Origin',(-56.4917440898214,16.,25.4612592462007));
#2201=CARTESIAN_POINT('',(-56.4917440898214,10.,-7.54768241779382));
#2202=CARTESIAN_POINT('',(-56.4917440898214,16.,-7.54768241779382));
#2203=CARTESIAN_POINT('',(-56.4917440898214,10.,11.6598518838972));
#2204=CARTESIAN_POINT('Origin',(-29.4917440898214,16.,-7.54768241779383));
#2205=CARTESIAN_POINT('',(-29.4917440898214,10.,-7.54768241779383));
#2206=CARTESIAN_POINT('',(-29.4917440898214,10.,-4.84461894810007));
#2207=CARTESIAN_POINT('',(-29.4917440898214,16.,-7.54768241779383));
#2208=CARTESIAN_POINT('Origin',(-31.4917440898214,16.,-9.54768241779383));
#2209=CARTESIAN_POINT('',(-29.4917440898214,16.,-7.54768241779383));
#2210=CARTESIAN_POINT('',(-29.4917440898214,16.,-7.54768241779383));
#2211=CARTESIAN_POINT('',(-31.4917440898214,16.,-9.54768241779383));
#2212=CARTESIAN_POINT('',(-37.9818874629176,16.,-16.03782579089));
#2213=CARTESIAN_POINT('',(-31.4917440898214,16.,-9.54768241779383));
#2214=CARTESIAN_POINT('Origin',(-54.4917440898214,16.,-9.54768241779382));
#2215=CARTESIAN_POINT('',(-54.4917440898214,16.,-9.54768241779382));
#2216=CARTESIAN_POINT('',(-48.2458720449107,16.,-9.54768241779382));
#2217=CARTESIAN_POINT('',(-54.4917440898214,16.,-9.54768241779382));
#2218=CARTESIAN_POINT('Origin',(-56.4917440898214,16.,-7.54768241779382));
#2219=CARTESIAN_POINT('',(-56.4917440898214,16.,-7.54768241779382));
#2220=CARTESIAN_POINT('',(-48.5057286718145,16.,-15.5336978358007));
#2221=CARTESIAN_POINT('',(-56.4917440898214,16.,-7.54768241779382));
#2222=CARTESIAN_POINT('Origin',(-42.,16.,-25.));
#2223=CARTESIAN_POINT('',(-25.841005044532,16.,-7.54768241779383));
#2224=CARTESIAN_POINT('',(-64.4579479172399,16.,-7.54768241779382));
#2225=CARTESIAN_POINT('',(-23.8443180692522,16.,-18.6717966303491));
#2226=CARTESIAN_POINT('Origin',(-18.0750003624457,16.,-11.8949999993343));
#2227=CARTESIAN_POINT('',(-23.5000826254007,16.,-19.1208772970239));
#2228=CARTESIAN_POINT('',(-25.6763660572615,16.,-16.2817541564245));
#2229=CARTESIAN_POINT('',(-23.5000826254007,16.,-42.2985009147394));
#2230=CARTESIAN_POINT('',(-23.5000826254007,16.,-19.9996775318477));
#2231=CARTESIAN_POINT('',(-82.,16.,-42.2985009147394));
#2232=CARTESIAN_POINT('',(-22.4886427059789,16.,-42.2985009147394));
#2233=CARTESIAN_POINT('',(-76.8246252286849,16.,-47.4738756860545));
#2234=CARTESIAN_POINT('',(-82.,16.,-7.54768241779382));
#2235=CARTESIAN_POINT('',(-76.8630793955515,16.,-2.41076181334533));
#2236=CARTESIAN_POINT('',(-64.4579479172399,16.,-7.54768241779382));
#2237=CARTESIAN_POINT('',(-77.,16.,-16.));
#2238=CARTESIAN_POINT('',(-79.,16.,-18.));
#2239=CARTESIAN_POINT('Origin',(-77.,16.,-18.));
#2240=CARTESIAN_POINT('',(-79.,16.,-36.3));
#2241=CARTESIAN_POINT('',(-79.,16.,-18.));
#2242=CARTESIAN_POINT('',(-77.,16.,-38.3));
#2243=CARTESIAN_POINT('Origin',(-77.,16.,-36.3));
#2244=CARTESIAN_POINT('',(-30.,16.,-38.3));
#2245=CARTESIAN_POINT('',(-77.,16.,-38.3));
#2246=CARTESIAN_POINT('',(-28.,16.,-36.3));
#2247=CARTESIAN_POINT('Origin',(-30.,16.,-36.3));
#2248=CARTESIAN_POINT('',(-28.,16.,-18.));
#2249=CARTESIAN_POINT('',(-28.,16.,-36.3));
#2250=CARTESIAN_POINT('',(-30.,16.,-16.));
#2251=CARTESIAN_POINT('Origin',(-30.,16.,-18.));
#2252=CARTESIAN_POINT('',(-30.,16.,-16.));
#2253=CARTESIAN_POINT('Origin',(-49.9609693416768,10.,-2.14155547840632));
#2254=CARTESIAN_POINT('',(-22.7777494977887,10.,-2.));
#2255=CARTESIAN_POINT('Origin',(-24.7777494977887,10.,-2.));
#2256=CARTESIAN_POINT('',(-22.7777494977887,10.,-3.29946898923398));
#2257=CARTESIAN_POINT('',(-22.7777494977887,10.,1.92046422854102));
#2258=CARTESIAN_POINT('',(-23.5478872559564,10.,-4.87663063792931));
#2259=CARTESIAN_POINT('Origin',(-24.7777494977887,10.,-3.29946898923398));
#2260=CARTESIAN_POINT('',(-25.841005044532,10.,-7.54768241779383));
#2261=CARTESIAN_POINT('Origin',(-18.0750003624457,10.,-11.8949999993343));
#2262=CARTESIAN_POINT('',(-13.0060428488739,10.,-7.54768241779383));
#2263=CARTESIAN_POINT('',(-28.1217442390289,10.,-3.49999999883508));
#2264=CARTESIAN_POINT('Origin',(-26.9717442390289,10.,-3.49999999883508));
#2265=CARTESIAN_POINT('Origin',(-49.9609693416768,10.,-2.14155547840632));
#2266=CARTESIAN_POINT('',(-82.,10.,-7.54768241779382));
#2267=CARTESIAN_POINT('',(-13.0060428488739,10.,-7.54768241779383));
#2268=CARTESIAN_POINT('',(-73.1387106005723,10.,1.31360698163384));
#2269=CARTESIAN_POINT('',(-75.0256312050208,10.,6.97436879497921));
#2270=CARTESIAN_POINT('',(-80.1217437548717,10.,-3.49999999882732));
#2271=CARTESIAN_POINT('Origin',(-78.9717437548717,10.,-3.49999999882732));
#2272=CARTESIAN_POINT('Origin',(-86.9158958344798,16.,-7.54768241779382));
#2273=CARTESIAN_POINT('',(-25.841005044532,16.,-7.54768241779383));
#2274=CARTESIAN_POINT('Origin',(-86.9158958344798,16.,-7.54768241779382));
#2275=CARTESIAN_POINT('',(-82.,8.,-7.54768241779382));
#2276=CARTESIAN_POINT('Origin',(-80.,5.09922099659746,-25.9838003270631));
#2277=CARTESIAN_POINT('',(-80.,14.5429815652433,-25.9838003270631));
#2278=CARTESIAN_POINT('',(-80.,14.5429815652433,-25.9838003270631));
#2279=CARTESIAN_POINT('',(-80.,5.09922099659746,-25.9838003270631));
#2280=CARTESIAN_POINT('',(-80.,2.54961049829872,-25.9838003270631));
#2281=CARTESIAN_POINT('',(-80.,5.09922099659746,-25.9838003270631));
#2282=CARTESIAN_POINT('Origin',(-80.,5.09922099659745,-28.5061355166896));
#2283=CARTESIAN_POINT('',(-80.,5.09922099659745,-28.5061355166896));
#2284=CARTESIAN_POINT('',(-80.,5.09922099659747,-21.7530677583448));
#2285=CARTESIAN_POINT('',(-80.,5.09922099659745,-28.5061355166896));
#2286=CARTESIAN_POINT('Origin',(-80.,14.5429815652433,-28.5061355166896));
#2287=CARTESIAN_POINT('',(-80.,14.5429815652433,-28.5061355166896));
#2288=CARTESIAN_POINT('',(-80.,7.27149078262162,-28.5061355166896));
#2289=CARTESIAN_POINT('',(-80.,14.5429815652433,-28.5061355166896));
#2290=CARTESIAN_POINT('Origin',(-80.,14.5429815652433,-25.9838003270631));
#2291=CARTESIAN_POINT('',(-80.,14.5429815652433,-20.4919001635316));
#2292=CARTESIAN_POINT('Origin',(-83.,2.5,-83.9));
#2293=CARTESIAN_POINT('',(-82.,2.5,-84.9));
#2294=CARTESIAN_POINT('Origin',(-62.1789530146702,5.,-84.9));
#2295=CARTESIAN_POINT('Origin',(-71.4931084354225,10.,-77.5499999998836));
#2296=CARTESIAN_POINT('',(-73.1431084354225,10.,-77.5499999998836));
#2297=CARTESIAN_POINT('Origin',(-40.3579060293403,0.,-55.854729694618));
#2298=CARTESIAN_POINT('',(-40.3579060293403,10.,-40.65));
#2299=CARTESIAN_POINT('',(-40.3579060293403,10.,-50.6597346517704));
#2300=CARTESIAN_POINT('',(-40.3579060293403,8.4,-40.65));
#2301=CARTESIAN_POINT('',(-40.3579060293403,5.7,-40.65));
#2302=CARTESIAN_POINT('',(-40.3579060293403,8.4,-40.15));
#2303=CARTESIAN_POINT('',(-40.3579060293403,8.4,-48.252364847309));
#2304=CARTESIAN_POINT('',(-40.3579060293403,4.24999999999999,-40.15));
#2305=CARTESIAN_POINT('',(-40.3579060293403,4.20000000000001,-40.15));
#2306=CARTESIAN_POINT('',(-40.3579060293403,4.24999999999999,-39.3));
#2307=CARTESIAN_POINT('',(-40.3579060293403,4.24999999999998,-48.002364847309));
#2308=CARTESIAN_POINT('',(-40.3579060293403,0.,-39.3));
#2309=CARTESIAN_POINT('Origin',(-30.2958815200726,10.,-45.4647396089229));
#2310=CARTESIAN_POINT('',(-23.5000826254007,10.,-42.2985009147394));
#2311=CARTESIAN_POINT('',(-87.4382269509859,10.,-42.2985009147394));
#2312=CARTESIAN_POINT('',(-23.5000826254007,10.,-40.65));
#2313=CARTESIAN_POINT('',(-23.5000826254007,10.,-30.2320473363091));
#2314=CARTESIAN_POINT('',(-15.1479407600363,10.,-40.65));
#2315=CARTESIAN_POINT('Origin',(0.,4.24999999999999,-40.15));
#2316=CARTESIAN_POINT('',(-80.,4.24999999999999,-40.15));
#2317=CARTESIAN_POINT('',(0.,4.24999999999999,-40.15));
#2318=CARTESIAN_POINT('',(-80.,4.25,-14.15));
#2319=CARTESIAN_POINT('',(-80.,4.24999999999999,-33.65));
#2320=CARTESIAN_POINT('',(-26.6845865091029,4.25,-14.15));
#2321=CARTESIAN_POINT('',(0.,4.25,-14.15));
#2322=CARTESIAN_POINT('',(-26.4158021045097,4.25,-15.));
#2323=CARTESIAN_POINT('Origin',(-18.0750003624457,4.24999999999999,-11.8949999993343));
#2324=CARTESIAN_POINT('',(-26.4158021045096,4.25,-19.));
#2325=CARTESIAN_POINT('',(-26.4158021045097,4.25,-16.));
#2326=CARTESIAN_POINT('',(-34.9226971695422,4.25,-19.));
#2327=CARTESIAN_POINT('',(-28.5425258707678,4.25,-19.));
#2328=CARTESIAN_POINT('',(-38.9226971695422,4.25,-15.));
#2329=CARTESIAN_POINT('',(-21.9045228771567,4.24999999999999,-32.0181742923856));
#2330=CARTESIAN_POINT('',(-66.9547840438164,4.25,-15.));
#2331=CARTESIAN_POINT('',(-13.5,4.25,-15.));
#2332=CARTESIAN_POINT('',(-66.9547840438164,4.24999999999999,-39.3));
#2333=CARTESIAN_POINT('',(-66.9547840438164,4.25,-21.075));
#2334=CARTESIAN_POINT('',(-40.,4.24999999999999,-39.3));
#2335=CARTESIAN_POINT('Origin',(0.,8.4,-40.15));
#2336=CARTESIAN_POINT('',(-80.,8.4,-40.15));
#2337=CARTESIAN_POINT('',(0.,8.4,-40.15));
#2338=CARTESIAN_POINT('',(-80.,9.13749999999999,-40.15));
#2339=CARTESIAN_POINT('Origin',(0.,8.4,-40.65));
#2340=CARTESIAN_POINT('',(-80.,8.4,-40.65));
#2341=CARTESIAN_POINT('',(0.,8.4,-40.65));
#2342=CARTESIAN_POINT('',(-80.,8.4,-33.9));
#2343=CARTESIAN_POINT('Origin',(0.,11.4,-40.65));
#2344=CARTESIAN_POINT('',(-23.5000826254007,11.4,-40.65));
#2345=CARTESIAN_POINT('',(-23.5000826254007,13.7,-40.65));
#2346=CARTESIAN_POINT('',(-80.,11.4,-40.65));
#2347=CARTESIAN_POINT('',(0.,11.4,-40.65));
#2348=CARTESIAN_POINT('',(-80.,10.6375,-40.65));
#2349=CARTESIAN_POINT('Origin',(-36.9226971695422,0.,-17.));
#2350=CARTESIAN_POINT('',(-34.9226971695422,0.,-19.));
#2351=CARTESIAN_POINT('',(-38.9226971695422,0.,-15.));
#2352=CARTESIAN_POINT('Origin',(-26.4158021045096,0.,-19.));
#2353=CARTESIAN_POINT('',(-26.4158021045096,0.,-19.));
#2354=CARTESIAN_POINT('Origin',(-26.4158021045097,0.,-15.));
#2355=CARTESIAN_POINT('',(-26.4158021045096,16.,-15.));
#2356=CARTESIAN_POINT('Origin',(-27.,0.,-15.));
#2357=CARTESIAN_POINT('',(-66.9547840438164,0.,-15.));
#2358=CARTESIAN_POINT('Origin',(-80.,0.,-39.3));
#2359=CARTESIAN_POINT('',(-66.9547840438164,0.,-39.3));
#2360=CARTESIAN_POINT('Origin',(-23.5000826254007,16.,-14.9993550636954));
#2361=CARTESIAN_POINT('',(-23.5000826254007,16.,-42.2985009147394));
#2362=CARTESIAN_POINT('',(-23.5000826254007,15.5,-19.1208772970239));
#2363=CARTESIAN_POINT('',(-23.5000826254007,16.,-19.1208772970239));
#2364=CARTESIAN_POINT('',(-23.5000826254007,15.5,-40.15));
#2365=CARTESIAN_POINT('',(-23.5000826254007,15.5,-14.5746775318477));
#2366=CARTESIAN_POINT('',(-23.5000826254007,11.4,-40.15));
#2367=CARTESIAN_POINT('',(-23.5000826254007,15.75,-40.15));
#2368=CARTESIAN_POINT('',(-23.5000826254007,11.4,-27.5746775318477));
#2369=CARTESIAN_POINT('Origin',(0.,11.4,-40.15));
#2370=CARTESIAN_POINT('',(-80.,11.4,-40.15));
#2371=CARTESIAN_POINT('',(0.,11.4,-40.15));
#2372=CARTESIAN_POINT('',(-80.,11.4,-33.65));
#2373=CARTESIAN_POINT('Origin',(0.,15.5,-40.15));
#2374=CARTESIAN_POINT('',(-80.,15.5,-40.15));
#2375=CARTESIAN_POINT('',(0.,15.5,-40.15));
#2376=CARTESIAN_POINT('',(-80.,12.6875,-40.15));
#2377=CARTESIAN_POINT('Origin',(0.,15.5,-14.15));
#2378=CARTESIAN_POINT('',(-23.8443180692522,15.5,-18.6717966303491));
#2379=CARTESIAN_POINT('',(-20.5234683574546,15.5,-23.0040913697139));
#2380=CARTESIAN_POINT('',(-26.6845865091029,15.5,-14.15));
#2381=CARTESIAN_POINT('Origin',(-18.0750003624457,15.5,-11.8949999993343));
#2382=CARTESIAN_POINT('',(-80.,15.5,-14.15));
#2383=CARTESIAN_POINT('',(0.,15.5,-14.15));
#2384=CARTESIAN_POINT('',(-80.,15.5,-21.075));
#2385=CARTESIAN_POINT('',(-79.,15.5,-18.));
#2386=CARTESIAN_POINT('',(-77.,15.5,-16.));
#2387=CARTESIAN_POINT('Origin',(-77.,15.5,-18.));
#2388=CARTESIAN_POINT('',(-30.,15.5,-16.));
#2389=CARTESIAN_POINT('',(-30.,15.5,-16.));
#2390=CARTESIAN_POINT('',(-28.,15.5,-18.));
#2391=CARTESIAN_POINT('Origin',(-30.,15.5,-18.));
#2392=CARTESIAN_POINT('',(-28.,15.5,-36.3));
#2393=CARTESIAN_POINT('',(-28.,15.5,-36.3));
#2394=CARTESIAN_POINT('',(-30.,15.5,-38.3));
#2395=CARTESIAN_POINT('Origin',(-30.,15.5,-36.3));
#2396=CARTESIAN_POINT('',(-77.,15.5,-38.3));
#2397=CARTESIAN_POINT('',(-77.,15.5,-38.3));
#2398=CARTESIAN_POINT('',(-79.,15.5,-36.3));
#2399=CARTESIAN_POINT('Origin',(-77.,15.5,-36.3));
#2400=CARTESIAN_POINT('',(-79.,15.5,-18.));
#2401=CARTESIAN_POINT('Origin',(-23.8443180692522,16.,-18.6717966303491));
#2402=CARTESIAN_POINT('',(-23.8443180692522,16.,-18.6717966303491));
#2403=CARTESIAN_POINT('Origin',(-2.9772854119577,16.,-42.2985009147394));
#2404=CARTESIAN_POINT('',(-82.,8.,-42.2985009147394));
#2405=CARTESIAN_POINT('Ctrl Pts',(-23.5478872559564,16.,-4.8766306379293));
#2406=CARTESIAN_POINT('Ctrl Pts',(-26.882112996829,16.,-7.47664208750802));
#2407=CARTESIAN_POINT('Ctrl Pts',(-26.9729462699298,16.,-11.7038007493513));
#2408=CARTESIAN_POINT('Ctrl Pts',(-27.0637795430306,16.,-15.9309594111946));
#2409=CARTESIAN_POINT('Ctrl Pts',(-23.8443180692522,16.,-18.671796630349));
#2410=CARTESIAN_POINT('Ctrl Pts',(-23.5478872559564,0.,-4.8766306379293));
#2411=CARTESIAN_POINT('Ctrl Pts',(-26.882112996829,0.,-7.47664208750802));
#2412=CARTESIAN_POINT('Ctrl Pts',(-26.9729462699298,0.,-11.7038007493513));
#2413=CARTESIAN_POINT('Ctrl Pts',(-27.0637795430306,0.,-15.9309594111946));
#2414=CARTESIAN_POINT('Ctrl Pts',(-23.8443180692522,0.,-18.671796630349));
#2415=CARTESIAN_POINT('',(-26.6845865091029,8.4,-14.15));
#2416=CARTESIAN_POINT('',(-26.6845865091029,16.,-14.15));
#2417=CARTESIAN_POINT('',(-26.8002495611816,8.4,-13.65));
#2418=CARTESIAN_POINT('Origin',(-18.0750003624457,8.4,-11.8949999993343));
#2419=CARTESIAN_POINT('',(-26.8002495611816,11.4,-13.65));
#2420=CARTESIAN_POINT('',(-26.8002495611816,16.,-13.65));
#2421=CARTESIAN_POINT('',(-26.6845865091029,11.4,-14.15));
#2422=CARTESIAN_POINT('Origin',(-18.0750003624457,11.4,-11.8949999993343));
#2423=CARTESIAN_POINT('',(-26.6845865091029,16.,-14.15));
#2424=CARTESIAN_POINT('',(-23.5478872559564,16.,-4.87663063792931));
#2425=CARTESIAN_POINT('Origin',(-66.9547840438164,0.,-15.));
#2426=CARTESIAN_POINT('Origin',(-83.,8.,-8.54768241779382));
#2427=CARTESIAN_POINT('Origin',(-83.,8.,-41.2985009147394));
#2428=CARTESIAN_POINT('Origin',(-83.,0.,-1.));
#2429=CARTESIAN_POINT('Origin',(-71.4931084354227,16.,-46.4999999998934));
#2430=CARTESIAN_POINT('',(-73.1431084354227,16.,-46.4999999998934));
#2431=CARTESIAN_POINT('Origin',(-26.9717442390289,16.,-3.49999999883508));
#2432=CARTESIAN_POINT('',(-28.1217442390289,16.,-3.49999999883508));
#2433=CARTESIAN_POINT('Origin',(-78.9717437548717,16.,-3.49999999882732));
#2434=CARTESIAN_POINT('',(-80.1217437548717,16.,-3.49999999882732));
#2435=CARTESIAN_POINT('Origin',(-24.7777494977887,16.,-3.29946898923398));
#2436=CARTESIAN_POINT('',(-22.7777494977887,16.,-3.29946898923398));
#2437=CARTESIAN_POINT('Origin',(-22.7777494977887,16.,5.98248393548838));
#2438=CARTESIAN_POINT('',(-22.7777494977887,8.,-2.));
#2439=CARTESIAN_POINT('Origin',(-24.7777494977887,8.,-2.));
#2440=CARTESIAN_POINT('Origin',(0.,11.4,-13.65));
#2441=CARTESIAN_POINT('',(-80.,11.4,-13.65));
#2442=CARTESIAN_POINT('',(0.,11.4,-13.65));
#2443=CARTESIAN_POINT('',(-80.,11.4,-14.15));
#2444=CARTESIAN_POINT('',(-80.,11.4,-20.4));
#2445=CARTESIAN_POINT('',(0.,11.4,-14.15));
#2446=CARTESIAN_POINT('Origin',(0.,8.4,-13.65));
#2447=CARTESIAN_POINT('',(-80.,8.4,-13.65));
#2448=CARTESIAN_POINT('',(0.,8.4,-13.65));
#2449=CARTESIAN_POINT('',(-80.,9.13749999999999,-13.65));
#2450=CARTESIAN_POINT('Origin',(0.,8.4,-14.15));
#2451=CARTESIAN_POINT('',(-80.,8.4,-14.15));
#2452=CARTESIAN_POINT('',(0.,8.4,-14.15));
#2453=CARTESIAN_POINT('',(-80.,8.4,-20.65));
#2454=CARTESIAN_POINT('Origin',(0.,4.25,-14.15));
#2455=CARTESIAN_POINT('',(-80.,7.0625,-14.15));
#2456=CARTESIAN_POINT('Origin',(-79.,16.,-36.3));
#2457=CARTESIAN_POINT('',(-79.,16.,-18.));
#2458=CARTESIAN_POINT('',(-79.,16.,-36.3));
#2459=CARTESIAN_POINT('Origin',(-77.,16.,-36.3));
#2460=CARTESIAN_POINT('',(-77.,16.,-38.3));
#2461=CARTESIAN_POINT('Origin',(-30.,16.,-38.3));
#2462=CARTESIAN_POINT('',(-30.,16.,-38.3));
#2463=CARTESIAN_POINT('Origin',(-30.,16.,-36.3));
#2464=CARTESIAN_POINT('',(-28.,16.,-36.3));
#2465=CARTESIAN_POINT('Origin',(-28.,16.,-18.));
#2466=CARTESIAN_POINT('',(-28.,16.,-18.));
#2467=CARTESIAN_POINT('Origin',(-30.,16.,-18.));
#2468=CARTESIAN_POINT('',(-30.,16.,-16.));
#2469=CARTESIAN_POINT('Origin',(-77.,16.,-16.));
#2470=CARTESIAN_POINT('',(-77.,16.,-16.));
#2471=CARTESIAN_POINT('Origin',(-77.,16.,-18.));
#2472=CARTESIAN_POINT('Origin',(0.,11.4,-14.15));
#2473=CARTESIAN_POINT('',(-80.,10.6375,-14.15));
#2474=CARTESIAN_POINT('Origin',(-80.,0.,-15.));
#2475=UNCERTAINTY_MEASURE_WITH_UNIT(LENGTH_MEASURE(0.01),#2479,
'DISTANCE_ACCURACY_VALUE',
'Maximum model space distance between geometric entities at asserted c
onnectivities');
#2476=UNCERTAINTY_MEASURE_WITH_UNIT(LENGTH_MEASURE(0.01),#2479,
'DISTANCE_ACCURACY_VALUE',
'Maximum model space distance between geometric entities at asserted c
onnectivities');
#2477=(
GEOMETRIC_REPRESENTATION_CONTEXT(3)
GLOBAL_UNCERTAINTY_ASSIGNED_CONTEXT((#2475))
GLOBAL_UNIT_ASSIGNED_CONTEXT((#2479,#2481,#2482))
REPRESENTATION_CONTEXT('','3D')
);
#2478=(
GEOMETRIC_REPRESENTATION_CONTEXT(3)
GLOBAL_UNCERTAINTY_ASSIGNED_CONTEXT((#2476))
GLOBAL_UNIT_ASSIGNED_CONTEXT((#2479,#2481,#2482))
REPRESENTATION_CONTEXT('','3D')
);
#2479=(
LENGTH_UNIT()
NAMED_UNIT(*)
SI_UNIT(.MILLI.,.METRE.)
);
#2480=(
LENGTH_UNIT()
NAMED_UNIT(*)
SI_UNIT(.CENTI.,.METRE.)
);
#2481=(
NAMED_UNIT(*)
PLANE_ANGLE_UNIT()
SI_UNIT($,.RADIAN.)
);
#2482=(
NAMED_UNIT(*)
SI_UNIT($,.STERADIAN.)
SOLID_ANGLE_UNIT()
);
#2483=SHAPE_DEFINITION_REPRESENTATION(#2484,#2485);
#2484=PRODUCT_DEFINITION_SHAPE('',$,#2487);
#2485=SHAPE_REPRESENTATION('',(#1541),#2477);
#2486=PRODUCT_DEFINITION_CONTEXT('part definition',#2491,'design');
#2487=PRODUCT_DEFINITION('screen_top','screen_top',#2488,#2486);
#2488=PRODUCT_DEFINITION_FORMATION('',$,#2493);
#2489=PRODUCT_RELATED_PRODUCT_CATEGORY('screen_top','screen_top',(#2493));
#2490=APPLICATION_PROTOCOL_DEFINITION('international standard',
'automotive_design',2009,#2491);
#2491=APPLICATION_CONTEXT(
'Core Data for Automotive Mechanical Design Process');
#2492=PRODUCT_CONTEXT('part definition',#2491,'mechanical');
#2493=PRODUCT('screen_top','screen_top',$,(#2492));
#2494=PRESENTATION_STYLE_ASSIGNMENT((#2495));
#2495=SURFACE_STYLE_USAGE(.BOTH.,#2498);
#2496=SURFACE_STYLE_RENDERING_WITH_PROPERTIES($,#2502,(#2497));
#2497=SURFACE_STYLE_TRANSPARENT(0.);
#2498=SURFACE_SIDE_STYLE('',(#2499,#2496));
#2499=SURFACE_STYLE_FILL_AREA(#2500);
#2500=FILL_AREA_STYLE('',(#2501));
#2501=FILL_AREA_STYLE_COLOUR('',#2502);
#2502=COLOUR_RGB('',0.749019607843137,0.749019607843137,0.749019607843137);
ENDSEC;
END-ISO-10303-21;
