ISO-10303-21;
HEADER;
/* Generated by software containing ST-Developer
 * from STEP Tools, Inc. (www.steptools.com) 
 */

FILE_DESCRIPTION(
/* description */ (''),
/* implementation_level */ '2;1');

FILE_NAME(
/* name */ 'stator_mount_01_alu.stp',
/* time_stamp */ '2026-04-14T16:20:35-07:00',
/* author */ ('aaron'),
/* organization */ (''),
/* preprocessor_version */ 'ST-DEVELOPER v20.1',
/* originating_system */ 'Autodesk Inventor 2026',
/* authorisation */ '');

FILE_SCHEMA (('AUTOMOTIVE_DESIGN { 1 0 10303 214 3 1 1 }'));
ENDSEC;

DATA;
#10=MECHANICAL_DESIGN_GEOMETRIC_PRESENTATION_REPRESENTATION('',(#13),#4049);
#11=SHAPE_REPRESENTATION_RELATIONSHIP('SRR','None',#4056,#12);
#12=ADVANCED_BREP_SHAPE_REPRESENTATION('',(#14),#4048);
#13=STYLED_ITEM('',(#4065),#14);
#14=MANIFOLD_SOLID_BREP('Solid1',#2380);
#15=FACE_BOUND('',#410,.T.);
#16=FACE_BOUND('',#411,.T.);
#17=FACE_BOUND('',#412,.T.);
#18=FACE_BOUND('',#413,.T.);
#19=FACE_BOUND('',#414,.T.);
#20=FACE_BOUND('',#415,.T.);
#21=FACE_BOUND('',#416,.T.);
#22=FACE_BOUND('',#417,.T.);
#23=FACE_BOUND('',#418,.T.);
#24=FACE_BOUND('',#419,.T.);
#25=FACE_BOUND('',#420,.T.);
#26=FACE_BOUND('',#421,.T.);
#27=FACE_BOUND('',#422,.T.);
#28=FACE_BOUND('',#423,.T.);
#29=FACE_BOUND('',#424,.T.);
#30=FACE_BOUND('',#425,.T.);
#31=FACE_BOUND('',#426,.T.);
#32=FACE_BOUND('',#428,.T.);
#33=FACE_BOUND('',#429,.T.);
#34=FACE_BOUND('',#430,.T.);
#35=FACE_BOUND('',#431,.T.);
#36=FACE_BOUND('',#432,.T.);
#37=FACE_BOUND('',#433,.T.);
#38=FACE_BOUND('',#434,.T.);
#39=FACE_BOUND('',#435,.T.);
#40=FACE_BOUND('',#436,.T.);
#41=FACE_BOUND('',#437,.T.);
#42=FACE_BOUND('',#438,.T.);
#43=FACE_BOUND('',#439,.T.);
#44=FACE_BOUND('',#440,.T.);
#45=FACE_BOUND('',#441,.T.);
#46=FACE_BOUND('',#442,.T.);
#47=FACE_BOUND('',#443,.T.);
#48=FACE_BOUND('',#444,.T.);
#49=CIRCLE('',#2405,54.6653640240761);
#50=CIRCLE('',#2406,54.6653640240761);
#51=CIRCLE('',#2409,48.3030206774036);
#52=CIRCLE('',#2410,48.3030206774036);
#53=CIRCLE('',#2412,54.6653640240761);
#54=CIRCLE('',#2413,54.6653640240761);
#55=CIRCLE('',#2415,54.6653640240761);
#56=CIRCLE('',#2416,54.6653640240761);
#57=CIRCLE('',#2420,48.3030206774036);
#58=CIRCLE('',#2421,48.3030206774036);
#59=CIRCLE('',#2423,48.3030206774036);
#60=CIRCLE('',#2424,48.3030206774036);
#61=CIRCLE('',#2427,54.6653640240761);
#62=CIRCLE('',#2428,54.6653640240761);
#63=CIRCLE('',#2430,54.6653640240761);
#64=CIRCLE('',#2431,54.6653640240761);
#65=CIRCLE('',#2435,54.6653640240761);
#66=CIRCLE('',#2436,54.6653640240761);
#67=CIRCLE('',#2438,54.6653640240761);
#68=CIRCLE('',#2439,54.6653640240761);
#69=CIRCLE('',#2442,48.3030206774036);
#70=CIRCLE('',#2443,48.3030206774036);
#71=CIRCLE('',#2446,54.6653640240761);
#72=CIRCLE('',#2447,54.6653640240761);
#73=CIRCLE('',#2450,48.3030206774036);
#74=CIRCLE('',#2451,48.3030206774036);
#75=CIRCLE('',#2453,48.3030206774036);
#76=CIRCLE('',#2454,48.3030206774036);
#77=CIRCLE('',#2457,54.6653640240761);
#78=CIRCLE('',#2458,54.6653640240761);
#79=CIRCLE('',#2460,54.6653640240761);
#80=CIRCLE('',#2461,54.6653640240761);
#81=CIRCLE('',#2463,54.6653640240761);
#82=CIRCLE('',#2464,54.6653640240761);
#83=CIRCLE('',#2467,48.3030206774036);
#84=CIRCLE('',#2468,48.3030206774036);
#85=CIRCLE('',#2471,48.3030206774036);
#86=CIRCLE('',#2472,48.3030206774036);
#87=CIRCLE('',#2475,54.6653640240761);
#88=CIRCLE('',#2476,54.6653640240761);
#89=CIRCLE('',#2479,48.3030206774036);
#90=CIRCLE('',#2480,48.3030206774036);
#91=CIRCLE('',#2483,54.6653640240761);
#92=CIRCLE('',#2484,54.6653640240761);
#93=CIRCLE('',#2486,54.6653640240761);
#94=CIRCLE('',#2487,54.6653640240761);
#95=CIRCLE('',#2490,48.3030206774036);
#96=CIRCLE('',#2491,48.3030206774036);
#97=CIRCLE('',#2494,54.6653640240761);
#98=CIRCLE('',#2495,54.6653640240761);
#99=CIRCLE('',#2498,54.6653640240761);
#100=CIRCLE('',#2499,54.6653640240761);
#101=CIRCLE('',#2502,48.3030206774036);
#102=CIRCLE('',#2503,48.3030206774036);
#103=CIRCLE('',#2507,3.00000054000001);
#104=CIRCLE('',#2508,3.00000054000001);
#105=CIRCLE('',#2510,3.00000053999936);
#106=CIRCLE('',#2511,3.00000053999936);
#107=CIRCLE('',#2513,23.5372936742411);
#108=CIRCLE('',#2514,23.5372936742411);
#109=CIRCLE('',#2517,2.35353819789135);
#110=CIRCLE('',#2518,2.35353819789135);
#111=CIRCLE('',#2520,20.);
#112=CIRCLE('',#2521,19.9999999999999);
#113=CIRCLE('',#2522,20.);
#114=CIRCLE('',#2523,20.);
#115=CIRCLE('',#2524,3.00000054001369);
#116=CIRCLE('',#2525,0.999999999999999);
#117=CIRCLE('',#2526,0.999999999999999);
#118=CIRCLE('',#2527,0.999999999999999);
#119=CIRCLE('',#2528,0.999999999999999);
#120=CIRCLE('',#2529,0.999999999999999);
#121=CIRCLE('',#2530,0.999999999999999);
#122=CIRCLE('',#2531,0.999999999999999);
#123=CIRCLE('',#2532,0.999999999999999);
#124=CIRCLE('',#2533,0.999999999999999);
#125=CIRCLE('',#2534,0.999999999999999);
#126=CIRCLE('',#2535,0.999999999999999);
#127=CIRCLE('',#2536,0.999999999999999);
#128=CIRCLE('',#2537,0.999999999999999);
#129=CIRCLE('',#2538,0.999999999999999);
#130=CIRCLE('',#2539,0.999999999999999);
#131=CIRCLE('',#2540,0.999999999999999);
#132=CIRCLE('',#2541,0.999999999999999);
#133=CIRCLE('',#2542,0.999999999999999);
#134=CIRCLE('',#2543,0.999999999999999);
#135=CIRCLE('',#2544,0.999999999999999);
#136=CIRCLE('',#2545,0.999999999999999);
#137=CIRCLE('',#2546,0.999999999999999);
#138=CIRCLE('',#2547,0.999999999999999);
#139=CIRCLE('',#2548,0.999999999999999);
#140=CIRCLE('',#2549,29.);
#141=CIRCLE('',#2550,14.5126816124771);
#142=CIRCLE('',#2551,3.00000053999977);
#143=CIRCLE('',#2553,20.);
#144=CIRCLE('',#2554,20.);
#145=CIRCLE('',#2555,19.9999999999999);
#146=CIRCLE('',#2556,20.);
#147=CIRCLE('',#2557,3.00000054001369);
#148=CIRCLE('',#2558,14.5126816124771);
#149=CIRCLE('',#2559,3.00000053999977);
#150=CIRCLE('',#2560,0.999999999999999);
#151=CIRCLE('',#2561,0.999999999999999);
#152=CIRCLE('',#2562,0.999999999999999);
#153=CIRCLE('',#2563,0.999999999999999);
#154=CIRCLE('',#2564,0.999999999999999);
#155=CIRCLE('',#2565,0.999999999999999);
#156=CIRCLE('',#2566,0.999999999999999);
#157=CIRCLE('',#2567,0.999999999999999);
#158=CIRCLE('',#2568,0.999999999999999);
#159=CIRCLE('',#2569,0.999999999999999);
#160=CIRCLE('',#2570,0.999999999999999);
#161=CIRCLE('',#2571,0.999999999999999);
#162=CIRCLE('',#2572,0.999999999999999);
#163=CIRCLE('',#2573,0.999999999999999);
#164=CIRCLE('',#2574,0.999999999999999);
#165=CIRCLE('',#2575,0.999999999999999);
#166=CIRCLE('',#2576,0.999999999999999);
#167=CIRCLE('',#2577,0.999999999999999);
#168=CIRCLE('',#2578,0.999999999999999);
#169=CIRCLE('',#2579,0.999999999999999);
#170=CIRCLE('',#2580,0.999999999999999);
#171=CIRCLE('',#2581,0.999999999999999);
#172=CIRCLE('',#2582,0.999999999999999);
#173=CIRCLE('',#2583,0.999999999999999);
#174=CIRCLE('',#2584,29.);
#175=CYLINDRICAL_SURFACE('',#2404,54.6653640240761);
#176=CYLINDRICAL_SURFACE('',#2408,48.3030206774036);
#177=CYLINDRICAL_SURFACE('',#2411,54.6653640240761);
#178=CYLINDRICAL_SURFACE('',#2414,54.6653640240761);
#179=CYLINDRICAL_SURFACE('',#2419,48.3030206774036);
#180=CYLINDRICAL_SURFACE('',#2422,48.3030206774036);
#181=CYLINDRICAL_SURFACE('',#2426,54.6653640240761);
#182=CYLINDRICAL_SURFACE('',#2429,54.6653640240761);
#183=CYLINDRICAL_SURFACE('',#2434,54.6653640240761);
#184=CYLINDRICAL_SURFACE('',#2437,54.6653640240761);
#185=CYLINDRICAL_SURFACE('',#2441,48.3030206774036);
#186=CYLINDRICAL_SURFACE('',#2445,54.6653640240761);
#187=CYLINDRICAL_SURFACE('',#2449,48.3030206774036);
#188=CYLINDRICAL_SURFACE('',#2452,48.3030206774036);
#189=CYLINDRICAL_SURFACE('',#2456,54.6653640240761);
#190=CYLINDRICAL_SURFACE('',#2459,54.6653640240761);
#191=CYLINDRICAL_SURFACE('',#2462,54.6653640240761);
#192=CYLINDRICAL_SURFACE('',#2466,48.3030206774036);
#193=CYLINDRICAL_SURFACE('',#2470,48.3030206774036);
#194=CYLINDRICAL_SURFACE('',#2474,54.6653640240761);
#195=CYLINDRICAL_SURFACE('',#2478,48.3030206774036);
#196=CYLINDRICAL_SURFACE('',#2482,54.6653640240761);
#197=CYLINDRICAL_SURFACE('',#2485,54.6653640240761);
#198=CYLINDRICAL_SURFACE('',#2489,48.3030206774036);
#199=CYLINDRICAL_SURFACE('',#2493,54.6653640240761);
#200=CYLINDRICAL_SURFACE('',#2497,54.6653640240761);
#201=CYLINDRICAL_SURFACE('',#2501,48.3030206774036);
#202=CYLINDRICAL_SURFACE('',#2506,3.00000054000001);
#203=CYLINDRICAL_SURFACE('',#2509,3.00000053999936);
#204=CYLINDRICAL_SURFACE('',#2512,23.5372936742411);
#205=CYLINDRICAL_SURFACE('',#2516,2.35353819789135);
#206=CYLINDRICAL_SURFACE('',#2585,14.5126816124771);
#207=CYLINDRICAL_SURFACE('',#2587,3.00000054001369);
#208=CYLINDRICAL_SURFACE('',#2588,3.00000053999977);
#209=CYLINDRICAL_SURFACE('',#2590,0.999999999999999);
#210=CYLINDRICAL_SURFACE('',#2592,0.999999999999999);
#211=CYLINDRICAL_SURFACE('',#2594,0.999999999999999);
#212=CYLINDRICAL_SURFACE('',#2596,0.999999999999999);
#213=CYLINDRICAL_SURFACE('',#2598,0.999999999999999);
#214=CYLINDRICAL_SURFACE('',#2600,0.999999999999999);
#215=CYLINDRICAL_SURFACE('',#2602,0.999999999999999);
#216=CYLINDRICAL_SURFACE('',#2604,0.999999999999999);
#217=CYLINDRICAL_SURFACE('',#2605,0.999999999999999);
#218=CYLINDRICAL_SURFACE('',#2607,0.999999999999999);
#219=CYLINDRICAL_SURFACE('',#2609,0.999999999999999);
#220=CYLINDRICAL_SURFACE('',#2611,0.999999999999999);
#221=CYLINDRICAL_SURFACE('',#2613,0.999999999999999);
#222=CYLINDRICAL_SURFACE('',#2615,0.999999999999999);
#223=CYLINDRICAL_SURFACE('',#2617,0.999999999999999);
#224=CYLINDRICAL_SURFACE('',#2619,0.999999999999999);
#225=CYLINDRICAL_SURFACE('',#2621,0.999999999999999);
#226=CYLINDRICAL_SURFACE('',#2623,0.999999999999999);
#227=CYLINDRICAL_SURFACE('',#2625,0.999999999999999);
#228=CYLINDRICAL_SURFACE('',#2627,0.999999999999999);
#229=CYLINDRICAL_SURFACE('',#2630,0.999999999999999);
#230=CYLINDRICAL_SURFACE('',#2632,0.999999999999999);
#231=CYLINDRICAL_SURFACE('',#2634,0.999999999999999);
#232=CYLINDRICAL_SURFACE('',#2636,0.999999999999999);
#233=CYLINDRICAL_SURFACE('',#2637,29.);
#234=CYLINDRICAL_SURFACE('',#2638,20.);
#235=CYLINDRICAL_SURFACE('',#2640,20.);
#236=CYLINDRICAL_SURFACE('',#2642,19.9999999999999);
#237=CYLINDRICAL_SURFACE('',#2644,20.);
#238=FACE_OUTER_BOUND('',#355,.T.);
#239=FACE_OUTER_BOUND('',#356,.T.);
#240=FACE_OUTER_BOUND('',#357,.T.);
#241=FACE_OUTER_BOUND('',#358,.T.);
#242=FACE_OUTER_BOUND('',#359,.T.);
#243=FACE_OUTER_BOUND('',#360,.T.);
#244=FACE_OUTER_BOUND('',#361,.T.);
#245=FACE_OUTER_BOUND('',#362,.T.);
#246=FACE_OUTER_BOUND('',#363,.T.);
#247=FACE_OUTER_BOUND('',#364,.T.);
#248=FACE_OUTER_BOUND('',#365,.T.);
#249=FACE_OUTER_BOUND('',#366,.T.);
#250=FACE_OUTER_BOUND('',#367,.T.);
#251=FACE_OUTER_BOUND('',#368,.T.);
#252=FACE_OUTER_BOUND('',#369,.T.);
#253=FACE_OUTER_BOUND('',#370,.T.);
#254=FACE_OUTER_BOUND('',#371,.T.);
#255=FACE_OUTER_BOUND('',#372,.T.);
#256=FACE_OUTER_BOUND('',#373,.T.);
#257=FACE_OUTER_BOUND('',#374,.T.);
#258=FACE_OUTER_BOUND('',#375,.T.);
#259=FACE_OUTER_BOUND('',#376,.T.);
#260=FACE_OUTER_BOUND('',#377,.T.);
#261=FACE_OUTER_BOUND('',#378,.T.);
#262=FACE_OUTER_BOUND('',#379,.T.);
#263=FACE_OUTER_BOUND('',#380,.T.);
#264=FACE_OUTER_BOUND('',#381,.T.);
#265=FACE_OUTER_BOUND('',#382,.T.);
#266=FACE_OUTER_BOUND('',#383,.T.);
#267=FACE_OUTER_BOUND('',#384,.T.);
#268=FACE_OUTER_BOUND('',#385,.T.);
#269=FACE_OUTER_BOUND('',#386,.T.);
#270=FACE_OUTER_BOUND('',#387,.T.);
#271=FACE_OUTER_BOUND('',#388,.T.);
#272=FACE_OUTER_BOUND('',#389,.T.);
#273=FACE_OUTER_BOUND('',#390,.T.);
#274=FACE_OUTER_BOUND('',#391,.T.);
#275=FACE_OUTER_BOUND('',#392,.T.);
#276=FACE_OUTER_BOUND('',#393,.T.);
#277=FACE_OUTER_BOUND('',#394,.T.);
#278=FACE_OUTER_BOUND('',#395,.T.);
#279=FACE_OUTER_BOUND('',#396,.T.);
#280=FACE_OUTER_BOUND('',#397,.T.);
#281=FACE_OUTER_BOUND('',#398,.T.);
#282=FACE_OUTER_BOUND('',#399,.T.);
#283=FACE_OUTER_BOUND('',#400,.T.);
#284=FACE_OUTER_BOUND('',#401,.T.);
#285=FACE_OUTER_BOUND('',#402,.T.);
#286=FACE_OUTER_BOUND('',#403,.T.);
#287=FACE_OUTER_BOUND('',#404,.T.);
#288=FACE_OUTER_BOUND('',#405,.T.);
#289=FACE_OUTER_BOUND('',#406,.T.);
#290=FACE_OUTER_BOUND('',#407,.T.);
#291=FACE_OUTER_BOUND('',#408,.T.);
#292=FACE_OUTER_BOUND('',#409,.T.);
#293=FACE_OUTER_BOUND('',#427,.T.);
#294=FACE_OUTER_BOUND('',#445,.T.);
#295=FACE_OUTER_BOUND('',#446,.T.);
#296=FACE_OUTER_BOUND('',#447,.T.);
#297=FACE_OUTER_BOUND('',#448,.T.);
#298=FACE_OUTER_BOUND('',#449,.T.);
#299=FACE_OUTER_BOUND('',#450,.T.);
#300=FACE_OUTER_BOUND('',#451,.T.);
#301=FACE_OUTER_BOUND('',#452,.T.);
#302=FACE_OUTER_BOUND('',#453,.T.);
#303=FACE_OUTER_BOUND('',#454,.T.);
#304=FACE_OUTER_BOUND('',#455,.T.);
#305=FACE_OUTER_BOUND('',#456,.T.);
#306=FACE_OUTER_BOUND('',#457,.T.);
#307=FACE_OUTER_BOUND('',#458,.T.);
#308=FACE_OUTER_BOUND('',#459,.T.);
#309=FACE_OUTER_BOUND('',#460,.T.);
#310=FACE_OUTER_BOUND('',#461,.T.);
#311=FACE_OUTER_BOUND('',#462,.T.);
#312=FACE_OUTER_BOUND('',#463,.T.);
#313=FACE_OUTER_BOUND('',#464,.T.);
#314=FACE_OUTER_BOUND('',#465,.T.);
#315=FACE_OUTER_BOUND('',#466,.T.);
#316=FACE_OUTER_BOUND('',#467,.T.);
#317=FACE_OUTER_BOUND('',#468,.T.);
#318=FACE_OUTER_BOUND('',#469,.T.);
#319=FACE_OUTER_BOUND('',#470,.T.);
#320=FACE_OUTER_BOUND('',#471,.T.);
#321=FACE_OUTER_BOUND('',#472,.T.);
#322=FACE_OUTER_BOUND('',#473,.T.);
#323=FACE_OUTER_BOUND('',#474,.T.);
#324=FACE_OUTER_BOUND('',#475,.T.);
#325=FACE_OUTER_BOUND('',#476,.T.);
#326=FACE_OUTER_BOUND('',#477,.T.);
#327=FACE_OUTER_BOUND('',#478,.T.);
#328=FACE_OUTER_BOUND('',#479,.T.);
#329=FACE_OUTER_BOUND('',#480,.T.);
#330=FACE_OUTER_BOUND('',#481,.T.);
#331=FACE_OUTER_BOUND('',#482,.T.);
#332=FACE_OUTER_BOUND('',#483,.T.);
#333=FACE_OUTER_BOUND('',#484,.T.);
#334=FACE_OUTER_BOUND('',#485,.T.);
#335=FACE_OUTER_BOUND('',#486,.T.);
#336=FACE_OUTER_BOUND('',#487,.T.);
#337=FACE_OUTER_BOUND('',#488,.T.);
#338=FACE_OUTER_BOUND('',#489,.T.);
#339=FACE_OUTER_BOUND('',#490,.T.);
#340=FACE_OUTER_BOUND('',#491,.T.);
#341=FACE_OUTER_BOUND('',#492,.T.);
#342=FACE_OUTER_BOUND('',#493,.T.);
#343=FACE_OUTER_BOUND('',#494,.T.);
#344=FACE_OUTER_BOUND('',#495,.T.);
#345=FACE_OUTER_BOUND('',#496,.T.);
#346=FACE_OUTER_BOUND('',#497,.T.);
#347=FACE_OUTER_BOUND('',#498,.T.);
#348=FACE_OUTER_BOUND('',#499,.T.);
#349=FACE_OUTER_BOUND('',#500,.T.);
#350=FACE_OUTER_BOUND('',#501,.T.);
#351=FACE_OUTER_BOUND('',#502,.T.);
#352=FACE_OUTER_BOUND('',#503,.T.);
#353=FACE_OUTER_BOUND('',#504,.T.);
#354=FACE_OUTER_BOUND('',#505,.T.);
#355=EDGE_LOOP('',(#1519,#1520,#1521,#1522));
#356=EDGE_LOOP('',(#1523,#1524,#1525,#1526));
#357=EDGE_LOOP('',(#1527,#1528,#1529,#1530));
#358=EDGE_LOOP('',(#1531,#1532,#1533,#1534));
#359=EDGE_LOOP('',(#1535,#1536,#1537,#1538));
#360=EDGE_LOOP('',(#1539,#1540,#1541,#1542));
#361=EDGE_LOOP('',(#1543,#1544,#1545,#1546));
#362=EDGE_LOOP('',(#1547,#1548,#1549,#1550));
#363=EDGE_LOOP('',(#1551,#1552,#1553,#1554));
#364=EDGE_LOOP('',(#1555,#1556,#1557,#1558));
#365=EDGE_LOOP('',(#1559,#1560,#1561,#1562));
#366=EDGE_LOOP('',(#1563,#1564,#1565,#1566));
#367=EDGE_LOOP('',(#1567,#1568,#1569,#1570));
#368=EDGE_LOOP('',(#1571,#1572,#1573,#1574));
#369=EDGE_LOOP('',(#1575,#1576,#1577,#1578));
#370=EDGE_LOOP('',(#1579,#1580,#1581,#1582));
#371=EDGE_LOOP('',(#1583,#1584,#1585,#1586));
#372=EDGE_LOOP('',(#1587,#1588,#1589,#1590));
#373=EDGE_LOOP('',(#1591,#1592,#1593,#1594));
#374=EDGE_LOOP('',(#1595,#1596,#1597,#1598));
#375=EDGE_LOOP('',(#1599,#1600,#1601,#1602));
#376=EDGE_LOOP('',(#1603,#1604,#1605,#1606));
#377=EDGE_LOOP('',(#1607,#1608,#1609,#1610));
#378=EDGE_LOOP('',(#1611,#1612,#1613,#1614));
#379=EDGE_LOOP('',(#1615,#1616,#1617,#1618));
#380=EDGE_LOOP('',(#1619,#1620,#1621,#1622));
#381=EDGE_LOOP('',(#1623,#1624,#1625,#1626));
#382=EDGE_LOOP('',(#1627,#1628,#1629,#1630));
#383=EDGE_LOOP('',(#1631,#1632,#1633,#1634));
#384=EDGE_LOOP('',(#1635,#1636,#1637,#1638));
#385=EDGE_LOOP('',(#1639,#1640,#1641,#1642));
#386=EDGE_LOOP('',(#1643,#1644,#1645,#1646));
#387=EDGE_LOOP('',(#1647,#1648,#1649,#1650));
#388=EDGE_LOOP('',(#1651,#1652,#1653,#1654));
#389=EDGE_LOOP('',(#1655,#1656,#1657,#1658));
#390=EDGE_LOOP('',(#1659,#1660,#1661,#1662));
#391=EDGE_LOOP('',(#1663,#1664,#1665,#1666));
#392=EDGE_LOOP('',(#1667,#1668,#1669,#1670));
#393=EDGE_LOOP('',(#1671,#1672,#1673,#1674));
#394=EDGE_LOOP('',(#1675,#1676,#1677,#1678));
#395=EDGE_LOOP('',(#1679,#1680,#1681,#1682));
#396=EDGE_LOOP('',(#1683,#1684,#1685,#1686));
#397=EDGE_LOOP('',(#1687,#1688,#1689,#1690));
#398=EDGE_LOOP('',(#1691,#1692,#1693,#1694));
#399=EDGE_LOOP('',(#1695,#1696,#1697,#1698));
#400=EDGE_LOOP('',(#1699,#1700,#1701,#1702));
#401=EDGE_LOOP('',(#1703,#1704,#1705,#1706));
#402=EDGE_LOOP('',(#1707,#1708,#1709,#1710));
#403=EDGE_LOOP('',(#1711,#1712,#1713,#1714));
#404=EDGE_LOOP('',(#1715,#1716,#1717,#1718));
#405=EDGE_LOOP('',(#1719,#1720,#1721,#1722));
#406=EDGE_LOOP('',(#1723,#1724,#1725,#1726));
#407=EDGE_LOOP('',(#1727,#1728,#1729,#1730));
#408=EDGE_LOOP('',(#1731,#1732,#1733,#1734));
#409=EDGE_LOOP('',(#1735,#1736,#1737,#1738,#1739,#1740,#1741,#1742));
#410=EDGE_LOOP('',(#1743,#1744,#1745,#1746,#1747,#1748,#1749));
#411=EDGE_LOOP('',(#1750,#1751,#1752,#1753,#1754,#1755,#1756));
#412=EDGE_LOOP('',(#1757,#1758,#1759,#1760,#1761,#1762,#1763,#1764));
#413=EDGE_LOOP('',(#1765,#1766,#1767,#1768,#1769,#1770));
#414=EDGE_LOOP('',(#1771,#1772,#1773,#1774,#1775,#1776,#1777,#1778));
#415=EDGE_LOOP('',(#1779,#1780,#1781,#1782,#1783,#1784,#1785,#1786));
#416=EDGE_LOOP('',(#1787,#1788,#1789,#1790,#1791,#1792,#1793,#1794));
#417=EDGE_LOOP('',(#1795,#1796,#1797,#1798,#1799,#1800,#1801,#1802));
#418=EDGE_LOOP('',(#1803,#1804,#1805,#1806,#1807,#1808,#1809,#1810));
#419=EDGE_LOOP('',(#1811));
#420=EDGE_LOOP('',(#1812,#1813,#1814,#1815));
#421=EDGE_LOOP('',(#1816,#1817,#1818,#1819));
#422=EDGE_LOOP('',(#1820,#1821,#1822,#1823));
#423=EDGE_LOOP('',(#1824,#1825,#1826,#1827));
#424=EDGE_LOOP('',(#1828,#1829,#1830,#1831));
#425=EDGE_LOOP('',(#1832,#1833,#1834,#1835,#1836,#1837,#1838,#1839,#1840,
#1841,#1842));
#426=EDGE_LOOP('',(#1843,#1844,#1845,#1846,#1847,#1848,#1849));
#427=EDGE_LOOP('',(#1850,#1851,#1852,#1853,#1854,#1855,#1856,#1857));
#428=EDGE_LOOP('',(#1858,#1859,#1860,#1861,#1862,#1863,#1864));
#429=EDGE_LOOP('',(#1865,#1866,#1867,#1868,#1869,#1870,#1871));
#430=EDGE_LOOP('',(#1872,#1873,#1874,#1875,#1876,#1877,#1878,#1879,#1880,
#1881,#1882));
#431=EDGE_LOOP('',(#1883,#1884,#1885,#1886,#1887,#1888));
#432=EDGE_LOOP('',(#1889,#1890,#1891,#1892));
#433=EDGE_LOOP('',(#1893,#1894,#1895,#1896));
#434=EDGE_LOOP('',(#1897,#1898,#1899,#1900));
#435=EDGE_LOOP('',(#1901,#1902,#1903,#1904));
#436=EDGE_LOOP('',(#1905,#1906,#1907,#1908));
#437=EDGE_LOOP('',(#1909,#1910,#1911,#1912,#1913,#1914,#1915));
#438=EDGE_LOOP('',(#1916,#1917,#1918,#1919,#1920,#1921,#1922,#1923));
#439=EDGE_LOOP('',(#1924,#1925,#1926,#1927,#1928,#1929,#1930,#1931));
#440=EDGE_LOOP('',(#1932,#1933,#1934,#1935,#1936,#1937,#1938,#1939));
#441=EDGE_LOOP('',(#1940,#1941,#1942,#1943,#1944,#1945,#1946,#1947));
#442=EDGE_LOOP('',(#1948,#1949,#1950,#1951,#1952,#1953,#1954,#1955));
#443=EDGE_LOOP('',(#1956,#1957,#1958,#1959,#1960,#1961,#1962,#1963));
#444=EDGE_LOOP('',(#1964));
#445=EDGE_LOOP('',(#1965,#1966,#1967,#1968));
#446=EDGE_LOOP('',(#1969,#1970,#1971,#1972));
#447=EDGE_LOOP('',(#1973,#1974,#1975,#1976));
#448=EDGE_LOOP('',(#1977,#1978,#1979,#1980));
#449=EDGE_LOOP('',(#1981,#1982,#1983,#1984));
#450=EDGE_LOOP('',(#1985,#1986,#1987,#1988));
#451=EDGE_LOOP('',(#1989,#1990,#1991,#1992));
#452=EDGE_LOOP('',(#1993,#1994,#1995,#1996));
#453=EDGE_LOOP('',(#1997,#1998,#1999,#2000));
#454=EDGE_LOOP('',(#2001,#2002,#2003,#2004));
#455=EDGE_LOOP('',(#2005,#2006,#2007,#2008));
#456=EDGE_LOOP('',(#2009,#2010,#2011,#2012));
#457=EDGE_LOOP('',(#2013,#2014,#2015,#2016));
#458=EDGE_LOOP('',(#2017,#2018,#2019,#2020));
#459=EDGE_LOOP('',(#2021,#2022,#2023,#2024));
#460=EDGE_LOOP('',(#2025,#2026,#2027,#2028));
#461=EDGE_LOOP('',(#2029,#2030,#2031,#2032));
#462=EDGE_LOOP('',(#2033,#2034,#2035,#2036));
#463=EDGE_LOOP('',(#2037,#2038,#2039,#2040));
#464=EDGE_LOOP('',(#2041,#2042,#2043,#2044));
#465=EDGE_LOOP('',(#2045,#2046,#2047,#2048));
#466=EDGE_LOOP('',(#2049,#2050,#2051,#2052));
#467=EDGE_LOOP('',(#2053,#2054,#2055,#2056));
#468=EDGE_LOOP('',(#2057,#2058,#2059,#2060));
#469=EDGE_LOOP('',(#2061,#2062,#2063,#2064));
#470=EDGE_LOOP('',(#2065,#2066,#2067,#2068));
#471=EDGE_LOOP('',(#2069,#2070,#2071,#2072));
#472=EDGE_LOOP('',(#2073,#2074,#2075,#2076));
#473=EDGE_LOOP('',(#2077,#2078,#2079,#2080));
#474=EDGE_LOOP('',(#2081,#2082,#2083,#2084));
#475=EDGE_LOOP('',(#2085,#2086,#2087,#2088));
#476=EDGE_LOOP('',(#2089,#2090,#2091,#2092));
#477=EDGE_LOOP('',(#2093,#2094,#2095,#2096));
#478=EDGE_LOOP('',(#2097,#2098,#2099,#2100));
#479=EDGE_LOOP('',(#2101,#2102,#2103,#2104));
#480=EDGE_LOOP('',(#2105,#2106,#2107,#2108));
#481=EDGE_LOOP('',(#2109,#2110,#2111,#2112));
#482=EDGE_LOOP('',(#2113,#2114,#2115,#2116));
#483=EDGE_LOOP('',(#2117,#2118,#2119,#2120));
#484=EDGE_LOOP('',(#2121,#2122,#2123,#2124));
#485=EDGE_LOOP('',(#2125,#2126,#2127,#2128));
#486=EDGE_LOOP('',(#2129,#2130,#2131,#2132));
#487=EDGE_LOOP('',(#2133,#2134,#2135,#2136));
#488=EDGE_LOOP('',(#2137,#2138,#2139,#2140));
#489=EDGE_LOOP('',(#2141,#2142,#2143,#2144));
#490=EDGE_LOOP('',(#2145,#2146,#2147,#2148));
#491=EDGE_LOOP('',(#2149,#2150,#2151,#2152));
#492=EDGE_LOOP('',(#2153,#2154,#2155,#2156));
#493=EDGE_LOOP('',(#2157,#2158,#2159,#2160));
#494=EDGE_LOOP('',(#2161,#2162,#2163,#2164));
#495=EDGE_LOOP('',(#2165,#2166,#2167,#2168));
#496=EDGE_LOOP('',(#2169,#2170,#2171,#2172));
#497=EDGE_LOOP('',(#2173,#2174,#2175,#2176));
#498=EDGE_LOOP('',(#2177,#2178,#2179,#2180));
#499=EDGE_LOOP('',(#2181,#2182,#2183,#2184));
#500=EDGE_LOOP('',(#2185,#2186,#2187,#2188));
#501=EDGE_LOOP('',(#2189,#2190,#2191,#2192));
#502=EDGE_LOOP('',(#2193,#2194,#2195,#2196));
#503=EDGE_LOOP('',(#2197,#2198,#2199,#2200));
#504=EDGE_LOOP('',(#2201,#2202,#2203,#2204));
#505=EDGE_LOOP('',(#2205,#2206,#2207,#2208));
#506=LINE('',#3357,#725);
#507=LINE('',#3359,#726);
#508=LINE('',#3361,#727);
#509=LINE('',#3362,#728);
#510=LINE('',#3368,#729);
#511=LINE('',#3371,#730);
#512=LINE('',#3373,#731);
#513=LINE('',#3374,#732);
#514=LINE('',#3383,#733);
#515=LINE('',#3386,#734);
#516=LINE('',#3392,#735);
#517=LINE('',#3395,#736);
#518=LINE('',#3398,#737);
#519=LINE('',#3400,#738);
#520=LINE('',#3401,#739);
#521=LINE('',#3404,#740);
#522=LINE('',#3406,#741);
#523=LINE('',#3407,#742);
#524=LINE('',#3416,#743);
#525=LINE('',#3419,#744);
#526=LINE('',#3422,#745);
#527=LINE('',#3424,#746);
#528=LINE('',#3425,#747);
#529=LINE('',#3431,#748);
#530=LINE('',#3437,#749);
#531=LINE('',#3440,#750);
#532=LINE('',#3442,#751);
#533=LINE('',#3443,#752);
#534=LINE('',#3447,#753);
#535=LINE('',#3449,#754);
#536=LINE('',#3451,#755);
#537=LINE('',#3452,#756);
#538=LINE('',#3458,#757);
#539=LINE('',#3461,#758);
#540=LINE('',#3467,#759);
#541=LINE('',#3470,#760);
#542=LINE('',#3472,#761);
#543=LINE('',#3473,#762);
#544=LINE('',#3480,#763);
#545=LINE('',#3482,#764);
#546=LINE('',#3484,#765);
#547=LINE('',#3485,#766);
#548=LINE('',#3491,#767);
#549=LINE('',#3494,#768);
#550=LINE('',#3496,#769);
#551=LINE('',#3497,#770);
#552=LINE('',#3506,#771);
#553=LINE('',#3509,#772);
#554=LINE('',#3512,#773);
#555=LINE('',#3514,#774);
#556=LINE('',#3515,#775);
#557=LINE('',#3521,#776);
#558=LINE('',#3524,#777);
#559=LINE('',#3530,#778);
#560=LINE('',#3534,#779);
#561=LINE('',#3538,#780);
#562=LINE('',#3542,#781);
#563=LINE('',#3544,#782);
#564=LINE('',#3545,#783);
#565=LINE('',#3549,#784);
#566=LINE('',#3555,#785);
#567=LINE('',#3557,#786);
#568=LINE('',#3559,#787);
#569=LINE('',#3560,#788);
#570=LINE('',#3566,#789);
#571=LINE('',#3569,#790);
#572=LINE('',#3571,#791);
#573=LINE('',#3572,#792);
#574=LINE('',#3579,#793);
#575=LINE('',#3581,#794);
#576=LINE('',#3583,#795);
#577=LINE('',#3584,#796);
#578=LINE('',#3590,#797);
#579=LINE('',#3593,#798);
#580=LINE('',#3595,#799);
#581=LINE('',#3596,#800);
#582=LINE('',#3603,#801);
#583=LINE('',#3607,#802);
#584=LINE('',#3611,#803);
#585=LINE('',#3613,#804);
#586=LINE('',#3614,#805);
#587=LINE('',#3620,#806);
#588=LINE('',#3623,#807);
#589=LINE('',#3625,#808);
#590=LINE('',#3626,#809);
#591=LINE('',#3630,#810);
#592=LINE('',#3636,#811);
#593=LINE('',#3638,#812);
#594=LINE('',#3640,#813);
#595=LINE('',#3641,#814);
#596=LINE('',#3647,#815);
#597=LINE('',#3650,#816);
#598=LINE('',#3652,#817);
#599=LINE('',#3653,#818);
#600=LINE('',#3659,#819);
#601=LINE('',#3661,#820);
#602=LINE('',#3662,#821);
#603=LINE('',#3665,#822);
#604=LINE('',#3667,#823);
#605=LINE('',#3668,#824);
#606=LINE('',#3673,#825);
#607=LINE('',#3679,#826);
#608=LINE('',#3685,#827);
#609=LINE('',#3686,#828);
#610=LINE('',#3693,#829);
#611=LINE('',#3697,#830);
#612=LINE('',#3701,#831);
#613=LINE('',#3705,#832);
#614=LINE('',#3707,#833);
#615=LINE('',#3711,#834);
#616=LINE('',#3715,#835);
#617=LINE('',#3719,#836);
#618=LINE('',#3723,#837);
#619=LINE('',#3727,#838);
#620=LINE('',#3731,#839);
#621=LINE('',#3735,#840);
#622=LINE('',#3739,#841);
#623=LINE('',#3745,#842);
#624=LINE('',#3749,#843);
#625=LINE('',#3753,#844);
#626=LINE('',#3756,#845);
#627=LINE('',#3761,#846);
#628=LINE('',#3765,#847);
#629=LINE('',#3769,#848);
#630=LINE('',#3772,#849);
#631=LINE('',#3777,#850);
#632=LINE('',#3781,#851);
#633=LINE('',#3785,#852);
#634=LINE('',#3788,#853);
#635=LINE('',#3791,#854);
#636=LINE('',#3795,#855);
#637=LINE('',#3799,#856);
#638=LINE('',#3803,#857);
#639=LINE('',#3812,#858);
#640=LINE('',#3816,#859);
#641=LINE('',#3820,#860);
#642=LINE('',#3824,#861);
#643=LINE('',#3827,#862);
#644=LINE('',#3832,#863);
#645=LINE('',#3836,#864);
#646=LINE('',#3840,#865);
#647=LINE('',#3844,#866);
#648=LINE('',#3848,#867);
#649=LINE('',#3852,#868);
#650=LINE('',#3856,#869);
#651=LINE('',#3860,#870);
#652=LINE('',#3866,#871);
#653=LINE('',#3870,#872);
#654=LINE('',#3874,#873);
#655=LINE('',#3877,#874);
#656=LINE('',#3882,#875);
#657=LINE('',#3886,#876);
#658=LINE('',#3890,#877);
#659=LINE('',#3893,#878);
#660=LINE('',#3898,#879);
#661=LINE('',#3902,#880);
#662=LINE('',#3906,#881);
#663=LINE('',#3909,#882);
#664=LINE('',#3912,#883);
#665=LINE('',#3916,#884);
#666=LINE('',#3920,#885);
#667=LINE('',#3924,#886);
#668=LINE('',#3933,#887);
#669=LINE('',#3934,#888);
#670=LINE('',#3936,#889);
#671=LINE('',#3938,#890);
#672=LINE('',#3940,#891);
#673=LINE('',#3942,#892);
#674=LINE('',#3944,#893);
#675=LINE('',#3946,#894);
#676=LINE('',#3949,#895);
#677=LINE('',#3950,#896);
#678=LINE('',#3952,#897);
#679=LINE('',#3954,#898);
#680=LINE('',#3956,#899);
#681=LINE('',#3958,#900);
#682=LINE('',#3960,#901);
#683=LINE('',#3962,#902);
#684=LINE('',#3965,#903);
#685=LINE('',#3966,#904);
#686=LINE('',#3968,#905);
#687=LINE('',#3970,#906);
#688=LINE('',#3972,#907);
#689=LINE('',#3974,#908);
#690=LINE('',#3976,#909);
#691=LINE('',#3978,#910);
#692=LINE('',#3981,#911);
#693=LINE('',#3982,#912);
#694=LINE('',#3984,#913);
#695=LINE('',#3986,#914);
#696=LINE('',#3988,#915);
#697=LINE('',#3990,#916);
#698=LINE('',#3992,#917);
#699=LINE('',#3994,#918);
#700=LINE('',#3997,#919);
#701=LINE('',#3998,#920);
#702=LINE('',#4000,#921);
#703=LINE('',#4002,#922);
#704=LINE('',#4004,#923);
#705=LINE('',#4006,#924);
#706=LINE('',#4008,#925);
#707=LINE('',#4010,#926);
#708=LINE('',#4013,#927);
#709=LINE('',#4014,#928);
#710=LINE('',#4016,#929);
#711=LINE('',#4018,#930);
#712=LINE('',#4020,#931);
#713=LINE('',#4022,#932);
#714=LINE('',#4024,#933);
#715=LINE('',#4026,#934);
#716=LINE('',#4029,#935);
#717=LINE('',#4031,#936);
#718=LINE('',#4032,#937);
#719=LINE('',#4034,#938);
#720=LINE('',#4036,#939);
#721=LINE('',#4038,#940);
#722=LINE('',#4040,#941);
#723=LINE('',#4042,#942);
#724=LINE('',#4044,#943);
#725=VECTOR('',#2650,10.);
#726=VECTOR('',#2651,10.);
#727=VECTOR('',#2652,10.);
#728=VECTOR('',#2653,10.);
#729=VECTOR('',#2660,10.);
#730=VECTOR('',#2663,10.);
#731=VECTOR('',#2664,10.);
#732=VECTOR('',#2665,10.);
#733=VECTOR('',#2676,10.);
#734=VECTOR('',#2679,10.);
#735=VECTOR('',#2684,10.);
#736=VECTOR('',#2687,10.);
#737=VECTOR('',#2690,10.);
#738=VECTOR('',#2691,10.);
#739=VECTOR('',#2692,10.);
#740=VECTOR('',#2695,10.);
#741=VECTOR('',#2696,10.);
#742=VECTOR('',#2697,10.);
#743=VECTOR('',#2708,10.);
#744=VECTOR('',#2711,10.);
#745=VECTOR('',#2714,10.);
#746=VECTOR('',#2715,10.);
#747=VECTOR('',#2716,10.);
#748=VECTOR('',#2723,10.);
#749=VECTOR('',#2728,10.);
#750=VECTOR('',#2731,10.);
#751=VECTOR('',#2734,10.);
#752=VECTOR('',#2735,10.);
#753=VECTOR('',#2738,10.);
#754=VECTOR('',#2739,10.);
#755=VECTOR('',#2740,10.);
#756=VECTOR('',#2741,10.);
#757=VECTOR('',#2746,10.);
#758=VECTOR('',#2749,10.);
#759=VECTOR('',#2756,10.);
#760=VECTOR('',#2759,10.);
#761=VECTOR('',#2760,10.);
#762=VECTOR('',#2761,10.);
#763=VECTOR('',#2770,10.);
#764=VECTOR('',#2771,10.);
#765=VECTOR('',#2772,10.);
#766=VECTOR('',#2773,10.);
#767=VECTOR('',#2780,10.);
#768=VECTOR('',#2783,10.);
#769=VECTOR('',#2784,10.);
#770=VECTOR('',#2785,10.);
#771=VECTOR('',#2796,10.);
#772=VECTOR('',#2799,10.);
#773=VECTOR('',#2802,10.);
#774=VECTOR('',#2803,10.);
#775=VECTOR('',#2804,10.);
#776=VECTOR('',#2809,10.);
#777=VECTOR('',#2812,10.);
#778=VECTOR('',#2819,10.);
#779=VECTOR('',#2822,10.);
#780=VECTOR('',#2825,10.);
#781=VECTOR('',#2830,10.);
#782=VECTOR('',#2831,10.);
#783=VECTOR('',#2832,10.);
#784=VECTOR('',#2835,10.);
#785=VECTOR('',#2842,10.);
#786=VECTOR('',#2843,10.);
#787=VECTOR('',#2844,10.);
#788=VECTOR('',#2845,10.);
#789=VECTOR('',#2852,10.);
#790=VECTOR('',#2855,10.);
#791=VECTOR('',#2856,10.);
#792=VECTOR('',#2857,10.);
#793=VECTOR('',#2866,10.);
#794=VECTOR('',#2867,10.);
#795=VECTOR('',#2868,10.);
#796=VECTOR('',#2869,10.);
#797=VECTOR('',#2876,10.);
#798=VECTOR('',#2879,10.);
#799=VECTOR('',#2880,10.);
#800=VECTOR('',#2881,10.);
#801=VECTOR('',#2890,10.);
#802=VECTOR('',#2893,10.);
#803=VECTOR('',#2898,10.);
#804=VECTOR('',#2899,10.);
#805=VECTOR('',#2900,10.);
#806=VECTOR('',#2907,10.);
#807=VECTOR('',#2910,10.);
#808=VECTOR('',#2911,10.);
#809=VECTOR('',#2912,10.);
#810=VECTOR('',#2915,10.);
#811=VECTOR('',#2922,10.);
#812=VECTOR('',#2923,10.);
#813=VECTOR('',#2924,10.);
#814=VECTOR('',#2925,10.);
#815=VECTOR('',#2932,10.);
#816=VECTOR('',#2935,10.);
#817=VECTOR('',#2936,10.);
#818=VECTOR('',#2937,10.);
#819=VECTOR('',#2946,10.);
#820=VECTOR('',#2947,10.);
#821=VECTOR('',#2948,10.);
#822=VECTOR('',#2951,10.);
#823=VECTOR('',#2952,10.);
#824=VECTOR('',#2953,10.);
#825=VECTOR('',#2958,10.);
#826=VECTOR('',#2965,10.);
#827=VECTOR('',#2976,10.);
#828=VECTOR('',#2977,10.);
#829=VECTOR('',#2986,10.);
#830=VECTOR('',#2989,10.);
#831=VECTOR('',#2992,10.);
#832=VECTOR('',#2995,10.);
#833=VECTOR('',#2998,10.);
#834=VECTOR('',#3001,10.);
#835=VECTOR('',#3004,10.);
#836=VECTOR('',#3007,10.);
#837=VECTOR('',#3010,10.);
#838=VECTOR('',#3013,10.);
#839=VECTOR('',#3016,10.);
#840=VECTOR('',#3019,10.);
#841=VECTOR('',#3022,10.);
#842=VECTOR('',#3027,10.);
#843=VECTOR('',#3030,10.);
#844=VECTOR('',#3033,10.);
#845=VECTOR('',#3036,10.);
#846=VECTOR('',#3039,10.);
#847=VECTOR('',#3042,10.);
#848=VECTOR('',#3045,10.);
#849=VECTOR('',#3048,10.);
#850=VECTOR('',#3051,10.);
#851=VECTOR('',#3054,10.);
#852=VECTOR('',#3057,10.);
#853=VECTOR('',#3060,10.);
#854=VECTOR('',#3061,10.);
#855=VECTOR('',#3064,10.);
#856=VECTOR('',#3067,10.);
#857=VECTOR('',#3070,10.);
#858=VECTOR('',#3081,10.);
#859=VECTOR('',#3084,10.);
#860=VECTOR('',#3087,10.);
#861=VECTOR('',#3090,10.);
#862=VECTOR('',#3095,10.);
#863=VECTOR('',#3100,10.);
#864=VECTOR('',#3103,10.);
#865=VECTOR('',#3106,10.);
#866=VECTOR('',#3109,10.);
#867=VECTOR('',#3112,10.);
#868=VECTOR('',#3115,10.);
#869=VECTOR('',#3118,10.);
#870=VECTOR('',#3121,10.);
#871=VECTOR('',#3126,10.);
#872=VECTOR('',#3129,10.);
#873=VECTOR('',#3132,10.);
#874=VECTOR('',#3135,10.);
#875=VECTOR('',#3138,10.);
#876=VECTOR('',#3141,10.);
#877=VECTOR('',#3144,10.);
#878=VECTOR('',#3147,10.);
#879=VECTOR('',#3150,10.);
#880=VECTOR('',#3153,10.);
#881=VECTOR('',#3156,10.);
#882=VECTOR('',#3159,10.);
#883=VECTOR('',#3160,10.);
#884=VECTOR('',#3163,10.);
#885=VECTOR('',#3166,10.);
#886=VECTOR('',#3169,10.);
#887=VECTOR('',#3184,10.);
#888=VECTOR('',#3185,10.);
#889=VECTOR('',#3188,10.);
#890=VECTOR('',#3191,10.);
#891=VECTOR('',#3194,10.);
#892=VECTOR('',#3197,10.);
#893=VECTOR('',#3200,10.);
#894=VECTOR('',#3203,10.);
#895=VECTOR('',#3208,10.);
#896=VECTOR('',#3209,10.);
#897=VECTOR('',#3212,10.);
#898=VECTOR('',#3215,10.);
#899=VECTOR('',#3218,10.);
#900=VECTOR('',#3221,10.);
#901=VECTOR('',#3224,10.);
#902=VECTOR('',#3227,10.);
#903=VECTOR('',#3232,10.);
#904=VECTOR('',#3233,10.);
#905=VECTOR('',#3236,10.);
#906=VECTOR('',#3239,10.);
#907=VECTOR('',#3242,10.);
#908=VECTOR('',#3245,10.);
#909=VECTOR('',#3248,10.);
#910=VECTOR('',#3251,10.);
#911=VECTOR('',#3256,10.);
#912=VECTOR('',#3257,10.);
#913=VECTOR('',#3260,10.);
#914=VECTOR('',#3263,10.);
#915=VECTOR('',#3266,10.);
#916=VECTOR('',#3269,10.);
#917=VECTOR('',#3272,10.);
#918=VECTOR('',#3275,10.);
#919=VECTOR('',#3280,10.);
#920=VECTOR('',#3281,10.);
#921=VECTOR('',#3284,10.);
#922=VECTOR('',#3287,10.);
#923=VECTOR('',#3290,10.);
#924=VECTOR('',#3293,10.);
#925=VECTOR('',#3296,10.);
#926=VECTOR('',#3299,10.);
#927=VECTOR('',#3304,10.);
#928=VECTOR('',#3305,10.);
#929=VECTOR('',#3308,10.);
#930=VECTOR('',#3311,10.);
#931=VECTOR('',#3314,10.);
#932=VECTOR('',#3317,10.);
#933=VECTOR('',#3320,10.);
#934=VECTOR('',#3323,10.);
#935=VECTOR('',#3328,29.);
#936=VECTOR('',#3331,10.);
#937=VECTOR('',#3332,10.);
#938=VECTOR('',#3335,10.);
#939=VECTOR('',#3338,10.);
#940=VECTOR('',#3341,10.);
#941=VECTOR('',#3344,10.);
#942=VECTOR('',#3347,10.);
#943=VECTOR('',#3350,10.);
#944=VERTEX_POINT('',#3355);
#945=VERTEX_POINT('',#3356);
#946=VERTEX_POINT('',#3358);
#947=VERTEX_POINT('',#3360);
#948=VERTEX_POINT('',#3364);
#949=VERTEX_POINT('',#3366);
#950=VERTEX_POINT('',#3370);
#951=VERTEX_POINT('',#3372);
#952=VERTEX_POINT('',#3379);
#953=VERTEX_POINT('',#3380);
#954=VERTEX_POINT('',#3382);
#955=VERTEX_POINT('',#3384);
#956=VERTEX_POINT('',#3388);
#957=VERTEX_POINT('',#3389);
#958=VERTEX_POINT('',#3391);
#959=VERTEX_POINT('',#3393);
#960=VERTEX_POINT('',#3397);
#961=VERTEX_POINT('',#3399);
#962=VERTEX_POINT('',#3403);
#963=VERTEX_POINT('',#3405);
#964=VERTEX_POINT('',#3412);
#965=VERTEX_POINT('',#3413);
#966=VERTEX_POINT('',#3415);
#967=VERTEX_POINT('',#3417);
#968=VERTEX_POINT('',#3421);
#969=VERTEX_POINT('',#3423);
#970=VERTEX_POINT('',#3427);
#971=VERTEX_POINT('',#3429);
#972=VERTEX_POINT('',#3433);
#973=VERTEX_POINT('',#3434);
#974=VERTEX_POINT('',#3436);
#975=VERTEX_POINT('',#3438);
#976=VERTEX_POINT('',#3445);
#977=VERTEX_POINT('',#3446);
#978=VERTEX_POINT('',#3448);
#979=VERTEX_POINT('',#3450);
#980=VERTEX_POINT('',#3454);
#981=VERTEX_POINT('',#3455);
#982=VERTEX_POINT('',#3457);
#983=VERTEX_POINT('',#3459);
#984=VERTEX_POINT('',#3463);
#985=VERTEX_POINT('',#3465);
#986=VERTEX_POINT('',#3469);
#987=VERTEX_POINT('',#3471);
#988=VERTEX_POINT('',#3478);
#989=VERTEX_POINT('',#3479);
#990=VERTEX_POINT('',#3481);
#991=VERTEX_POINT('',#3483);
#992=VERTEX_POINT('',#3487);
#993=VERTEX_POINT('',#3489);
#994=VERTEX_POINT('',#3493);
#995=VERTEX_POINT('',#3495);
#996=VERTEX_POINT('',#3502);
#997=VERTEX_POINT('',#3503);
#998=VERTEX_POINT('',#3505);
#999=VERTEX_POINT('',#3507);
#1000=VERTEX_POINT('',#3511);
#1001=VERTEX_POINT('',#3513);
#1002=VERTEX_POINT('',#3517);
#1003=VERTEX_POINT('',#3518);
#1004=VERTEX_POINT('',#3520);
#1005=VERTEX_POINT('',#3522);
#1006=VERTEX_POINT('',#3526);
#1007=VERTEX_POINT('',#3528);
#1008=VERTEX_POINT('',#3532);
#1009=VERTEX_POINT('',#3533);
#1010=VERTEX_POINT('',#3535);
#1011=VERTEX_POINT('',#3537);
#1012=VERTEX_POINT('',#3541);
#1013=VERTEX_POINT('',#3543);
#1014=VERTEX_POINT('',#3547);
#1015=VERTEX_POINT('',#3548);
#1016=VERTEX_POINT('',#3553);
#1017=VERTEX_POINT('',#3554);
#1018=VERTEX_POINT('',#3556);
#1019=VERTEX_POINT('',#3558);
#1020=VERTEX_POINT('',#3562);
#1021=VERTEX_POINT('',#3564);
#1022=VERTEX_POINT('',#3568);
#1023=VERTEX_POINT('',#3570);
#1024=VERTEX_POINT('',#3577);
#1025=VERTEX_POINT('',#3578);
#1026=VERTEX_POINT('',#3580);
#1027=VERTEX_POINT('',#3582);
#1028=VERTEX_POINT('',#3586);
#1029=VERTEX_POINT('',#3588);
#1030=VERTEX_POINT('',#3592);
#1031=VERTEX_POINT('',#3594);
#1032=VERTEX_POINT('',#3601);
#1033=VERTEX_POINT('',#3602);
#1034=VERTEX_POINT('',#3604);
#1035=VERTEX_POINT('',#3606);
#1036=VERTEX_POINT('',#3610);
#1037=VERTEX_POINT('',#3612);
#1038=VERTEX_POINT('',#3616);
#1039=VERTEX_POINT('',#3618);
#1040=VERTEX_POINT('',#3622);
#1041=VERTEX_POINT('',#3624);
#1042=VERTEX_POINT('',#3628);
#1043=VERTEX_POINT('',#3629);
#1044=VERTEX_POINT('',#3634);
#1045=VERTEX_POINT('',#3635);
#1046=VERTEX_POINT('',#3637);
#1047=VERTEX_POINT('',#3639);
#1048=VERTEX_POINT('',#3643);
#1049=VERTEX_POINT('',#3645);
#1050=VERTEX_POINT('',#3649);
#1051=VERTEX_POINT('',#3651);
#1052=VERTEX_POINT('',#3658);
#1053=VERTEX_POINT('',#3660);
#1054=VERTEX_POINT('',#3664);
#1055=VERTEX_POINT('',#3666);
#1056=VERTEX_POINT('',#3670);
#1057=VERTEX_POINT('',#3672);
#1058=VERTEX_POINT('',#3676);
#1059=VERTEX_POINT('',#3678);
#1060=VERTEX_POINT('',#3691);
#1061=VERTEX_POINT('',#3692);
#1062=VERTEX_POINT('',#3694);
#1063=VERTEX_POINT('',#3696);
#1064=VERTEX_POINT('',#3698);
#1065=VERTEX_POINT('',#3700);
#1066=VERTEX_POINT('',#3702);
#1067=VERTEX_POINT('',#3704);
#1068=VERTEX_POINT('',#3709);
#1069=VERTEX_POINT('',#3710);
#1070=VERTEX_POINT('',#3712);
#1071=VERTEX_POINT('',#3714);
#1072=VERTEX_POINT('',#3716);
#1073=VERTEX_POINT('',#3718);
#1074=VERTEX_POINT('',#3720);
#1075=VERTEX_POINT('',#3722);
#1076=VERTEX_POINT('',#3725);
#1077=VERTEX_POINT('',#3726);
#1078=VERTEX_POINT('',#3728);
#1079=VERTEX_POINT('',#3730);
#1080=VERTEX_POINT('',#3732);
#1081=VERTEX_POINT('',#3734);
#1082=VERTEX_POINT('',#3736);
#1083=VERTEX_POINT('',#3738);
#1084=VERTEX_POINT('',#3741);
#1085=VERTEX_POINT('',#3742);
#1086=VERTEX_POINT('',#3744);
#1087=VERTEX_POINT('',#3746);
#1088=VERTEX_POINT('',#3748);
#1089=VERTEX_POINT('',#3750);
#1090=VERTEX_POINT('',#3752);
#1091=VERTEX_POINT('',#3754);
#1092=VERTEX_POINT('',#3757);
#1093=VERTEX_POINT('',#3758);
#1094=VERTEX_POINT('',#3760);
#1095=VERTEX_POINT('',#3762);
#1096=VERTEX_POINT('',#3764);
#1097=VERTEX_POINT('',#3766);
#1098=VERTEX_POINT('',#3768);
#1099=VERTEX_POINT('',#3770);
#1100=VERTEX_POINT('',#3773);
#1101=VERTEX_POINT('',#3774);
#1102=VERTEX_POINT('',#3776);
#1103=VERTEX_POINT('',#3778);
#1104=VERTEX_POINT('',#3780);
#1105=VERTEX_POINT('',#3782);
#1106=VERTEX_POINT('',#3784);
#1107=VERTEX_POINT('',#3786);
#1108=VERTEX_POINT('',#3789);
#1109=VERTEX_POINT('',#3790);
#1110=VERTEX_POINT('',#3792);
#1111=VERTEX_POINT('',#3794);
#1112=VERTEX_POINT('',#3796);
#1113=VERTEX_POINT('',#3798);
#1114=VERTEX_POINT('',#3800);
#1115=VERTEX_POINT('',#3802);
#1116=VERTEX_POINT('',#3805);
#1117=VERTEX_POINT('',#3810);
#1118=VERTEX_POINT('',#3811);
#1119=VERTEX_POINT('',#3813);
#1120=VERTEX_POINT('',#3815);
#1121=VERTEX_POINT('',#3817);
#1122=VERTEX_POINT('',#3819);
#1123=VERTEX_POINT('',#3821);
#1124=VERTEX_POINT('',#3823);
#1125=VERTEX_POINT('',#3830);
#1126=VERTEX_POINT('',#3831);
#1127=VERTEX_POINT('',#3833);
#1128=VERTEX_POINT('',#3835);
#1129=VERTEX_POINT('',#3837);
#1130=VERTEX_POINT('',#3839);
#1131=VERTEX_POINT('',#3841);
#1132=VERTEX_POINT('',#3843);
#1133=VERTEX_POINT('',#3846);
#1134=VERTEX_POINT('',#3847);
#1135=VERTEX_POINT('',#3849);
#1136=VERTEX_POINT('',#3851);
#1137=VERTEX_POINT('',#3853);
#1138=VERTEX_POINT('',#3855);
#1139=VERTEX_POINT('',#3857);
#1140=VERTEX_POINT('',#3859);
#1141=VERTEX_POINT('',#3862);
#1142=VERTEX_POINT('',#3863);
#1143=VERTEX_POINT('',#3865);
#1144=VERTEX_POINT('',#3867);
#1145=VERTEX_POINT('',#3869);
#1146=VERTEX_POINT('',#3871);
#1147=VERTEX_POINT('',#3873);
#1148=VERTEX_POINT('',#3875);
#1149=VERTEX_POINT('',#3878);
#1150=VERTEX_POINT('',#3879);
#1151=VERTEX_POINT('',#3881);
#1152=VERTEX_POINT('',#3883);
#1153=VERTEX_POINT('',#3885);
#1154=VERTEX_POINT('',#3887);
#1155=VERTEX_POINT('',#3889);
#1156=VERTEX_POINT('',#3891);
#1157=VERTEX_POINT('',#3894);
#1158=VERTEX_POINT('',#3895);
#1159=VERTEX_POINT('',#3897);
#1160=VERTEX_POINT('',#3899);
#1161=VERTEX_POINT('',#3901);
#1162=VERTEX_POINT('',#3903);
#1163=VERTEX_POINT('',#3905);
#1164=VERTEX_POINT('',#3907);
#1165=VERTEX_POINT('',#3910);
#1166=VERTEX_POINT('',#3911);
#1167=VERTEX_POINT('',#3913);
#1168=VERTEX_POINT('',#3915);
#1169=VERTEX_POINT('',#3917);
#1170=VERTEX_POINT('',#3919);
#1171=VERTEX_POINT('',#3921);
#1172=VERTEX_POINT('',#3923);
#1173=VERTEX_POINT('',#3926);
#1174=EDGE_CURVE('',#944,#945,#506,.T.);
#1175=EDGE_CURVE('',#946,#944,#507,.T.);
#1176=EDGE_CURVE('',#947,#946,#508,.T.);
#1177=EDGE_CURVE('',#947,#945,#509,.T.);
#1178=EDGE_CURVE('',#945,#948,#49,.T.);
#1179=EDGE_CURVE('',#949,#947,#50,.T.);
#1180=EDGE_CURVE('',#949,#948,#510,.T.);
#1181=EDGE_CURVE('',#948,#950,#511,.T.);
#1182=EDGE_CURVE('',#951,#949,#512,.T.);
#1183=EDGE_CURVE('',#951,#950,#513,.T.);
#1184=EDGE_CURVE('',#950,#944,#51,.T.);
#1185=EDGE_CURVE('',#946,#951,#52,.T.);
#1186=EDGE_CURVE('',#952,#953,#53,.T.);
#1187=EDGE_CURVE('',#954,#952,#514,.T.);
#1188=EDGE_CURVE('',#955,#954,#54,.T.);
#1189=EDGE_CURVE('',#955,#953,#515,.T.);
#1190=EDGE_CURVE('',#956,#957,#55,.T.);
#1191=EDGE_CURVE('',#958,#956,#516,.T.);
#1192=EDGE_CURVE('',#959,#958,#56,.T.);
#1193=EDGE_CURVE('',#957,#959,#517,.T.);
#1194=EDGE_CURVE('',#960,#956,#518,.T.);
#1195=EDGE_CURVE('',#961,#960,#519,.T.);
#1196=EDGE_CURVE('',#958,#961,#520,.T.);
#1197=EDGE_CURVE('',#953,#962,#521,.T.);
#1198=EDGE_CURVE('',#963,#955,#522,.T.);
#1199=EDGE_CURVE('',#963,#962,#523,.T.);
#1200=EDGE_CURVE('',#962,#960,#57,.T.);
#1201=EDGE_CURVE('',#961,#963,#58,.T.);
#1202=EDGE_CURVE('',#964,#965,#59,.T.);
#1203=EDGE_CURVE('',#966,#964,#524,.T.);
#1204=EDGE_CURVE('',#967,#966,#60,.T.);
#1205=EDGE_CURVE('',#967,#965,#525,.T.);
#1206=EDGE_CURVE('',#965,#968,#526,.T.);
#1207=EDGE_CURVE('',#969,#967,#527,.T.);
#1208=EDGE_CURVE('',#969,#968,#528,.T.);
#1209=EDGE_CURVE('',#968,#970,#61,.T.);
#1210=EDGE_CURVE('',#971,#969,#62,.T.);
#1211=EDGE_CURVE('',#970,#971,#529,.T.);
#1212=EDGE_CURVE('',#972,#973,#63,.T.);
#1213=EDGE_CURVE('',#974,#972,#530,.T.);
#1214=EDGE_CURVE('',#975,#974,#64,.T.);
#1215=EDGE_CURVE('',#975,#973,#531,.T.);
#1216=EDGE_CURVE('',#973,#964,#532,.T.);
#1217=EDGE_CURVE('',#966,#975,#533,.T.);
#1218=EDGE_CURVE('',#976,#977,#534,.T.);
#1219=EDGE_CURVE('',#978,#976,#535,.T.);
#1220=EDGE_CURVE('',#979,#978,#536,.T.);
#1221=EDGE_CURVE('',#979,#977,#537,.T.);
#1222=EDGE_CURVE('',#980,#981,#65,.T.);
#1223=EDGE_CURVE('',#982,#980,#538,.T.);
#1224=EDGE_CURVE('',#983,#982,#66,.T.);
#1225=EDGE_CURVE('',#983,#981,#539,.T.);
#1226=EDGE_CURVE('',#977,#984,#67,.T.);
#1227=EDGE_CURVE('',#985,#979,#68,.T.);
#1228=EDGE_CURVE('',#984,#985,#540,.T.);
#1229=EDGE_CURVE('',#981,#986,#541,.T.);
#1230=EDGE_CURVE('',#987,#983,#542,.T.);
#1231=EDGE_CURVE('',#987,#986,#543,.T.);
#1232=EDGE_CURVE('',#986,#976,#69,.T.);
#1233=EDGE_CURVE('',#978,#987,#70,.T.);
#1234=EDGE_CURVE('',#988,#989,#544,.T.);
#1235=EDGE_CURVE('',#990,#988,#545,.T.);
#1236=EDGE_CURVE('',#991,#990,#546,.T.);
#1237=EDGE_CURVE('',#991,#989,#547,.T.);
#1238=EDGE_CURVE('',#989,#992,#71,.T.);
#1239=EDGE_CURVE('',#993,#991,#72,.T.);
#1240=EDGE_CURVE('',#993,#992,#548,.T.);
#1241=EDGE_CURVE('',#992,#994,#549,.T.);
#1242=EDGE_CURVE('',#995,#993,#550,.T.);
#1243=EDGE_CURVE('',#995,#994,#551,.T.);
#1244=EDGE_CURVE('',#994,#988,#73,.T.);
#1245=EDGE_CURVE('',#990,#995,#74,.T.);
#1246=EDGE_CURVE('',#996,#997,#75,.T.);
#1247=EDGE_CURVE('',#998,#996,#552,.T.);
#1248=EDGE_CURVE('',#999,#998,#76,.T.);
#1249=EDGE_CURVE('',#999,#997,#553,.T.);
#1250=EDGE_CURVE('',#997,#1000,#554,.T.);
#1251=EDGE_CURVE('',#1001,#999,#555,.T.);
#1252=EDGE_CURVE('',#1001,#1000,#556,.T.);
#1253=EDGE_CURVE('',#1002,#1003,#77,.T.);
#1254=EDGE_CURVE('',#1004,#1002,#557,.T.);
#1255=EDGE_CURVE('',#1005,#1004,#78,.T.);
#1256=EDGE_CURVE('',#1005,#1003,#558,.T.);
#1257=EDGE_CURVE('',#1000,#1006,#79,.T.);
#1258=EDGE_CURVE('',#1007,#1001,#80,.T.);
#1259=EDGE_CURVE('',#1006,#1007,#559,.T.);
#1260=EDGE_CURVE('',#1008,#1009,#560,.T.);
#1261=EDGE_CURVE('',#1010,#1008,#81,.T.);
#1262=EDGE_CURVE('',#1011,#1010,#561,.T.);
#1263=EDGE_CURVE('',#1009,#1011,#82,.T.);
#1264=EDGE_CURVE('',#1003,#1012,#562,.T.);
#1265=EDGE_CURVE('',#1013,#1005,#563,.T.);
#1266=EDGE_CURVE('',#1013,#1012,#564,.T.);
#1267=EDGE_CURVE('',#1014,#1015,#565,.T.);
#1268=EDGE_CURVE('',#1012,#1014,#83,.T.);
#1269=EDGE_CURVE('',#1015,#1013,#84,.T.);
#1270=EDGE_CURVE('',#1016,#1017,#566,.T.);
#1271=EDGE_CURVE('',#1018,#1016,#567,.T.);
#1272=EDGE_CURVE('',#1019,#1018,#568,.T.);
#1273=EDGE_CURVE('',#1019,#1017,#569,.T.);
#1274=EDGE_CURVE('',#1017,#1020,#85,.T.);
#1275=EDGE_CURVE('',#1021,#1019,#86,.T.);
#1276=EDGE_CURVE('',#1021,#1020,#570,.T.);
#1277=EDGE_CURVE('',#1020,#1022,#571,.T.);
#1278=EDGE_CURVE('',#1023,#1021,#572,.T.);
#1279=EDGE_CURVE('',#1023,#1022,#573,.T.);
#1280=EDGE_CURVE('',#1022,#1016,#87,.T.);
#1281=EDGE_CURVE('',#1018,#1023,#88,.T.);
#1282=EDGE_CURVE('',#1024,#1025,#574,.T.);
#1283=EDGE_CURVE('',#1026,#1024,#575,.T.);
#1284=EDGE_CURVE('',#1027,#1026,#576,.T.);
#1285=EDGE_CURVE('',#1027,#1025,#577,.T.);
#1286=EDGE_CURVE('',#1025,#1028,#89,.T.);
#1287=EDGE_CURVE('',#1029,#1027,#90,.T.);
#1288=EDGE_CURVE('',#1029,#1028,#578,.T.);
#1289=EDGE_CURVE('',#1028,#1030,#579,.T.);
#1290=EDGE_CURVE('',#1031,#1029,#580,.T.);
#1291=EDGE_CURVE('',#1031,#1030,#581,.T.);
#1292=EDGE_CURVE('',#1030,#1024,#91,.T.);
#1293=EDGE_CURVE('',#1026,#1031,#92,.T.);
#1294=EDGE_CURVE('',#1032,#1033,#582,.T.);
#1295=EDGE_CURVE('',#1034,#1032,#93,.T.);
#1296=EDGE_CURVE('',#1034,#1035,#583,.T.);
#1297=EDGE_CURVE('',#1033,#1035,#94,.T.);
#1298=EDGE_CURVE('',#1035,#1036,#584,.T.);
#1299=EDGE_CURVE('',#1037,#1034,#585,.T.);
#1300=EDGE_CURVE('',#1037,#1036,#586,.T.);
#1301=EDGE_CURVE('',#1036,#1038,#95,.T.);
#1302=EDGE_CURVE('',#1039,#1037,#96,.T.);
#1303=EDGE_CURVE('',#1039,#1038,#587,.T.);
#1304=EDGE_CURVE('',#1038,#1040,#588,.T.);
#1305=EDGE_CURVE('',#1041,#1039,#589,.T.);
#1306=EDGE_CURVE('',#1041,#1040,#590,.T.);
#1307=EDGE_CURVE('',#1042,#1043,#591,.T.);
#1308=EDGE_CURVE('',#1040,#1042,#97,.T.);
#1309=EDGE_CURVE('',#1043,#1041,#98,.T.);
#1310=EDGE_CURVE('',#1044,#1045,#592,.T.);
#1311=EDGE_CURVE('',#1046,#1044,#593,.T.);
#1312=EDGE_CURVE('',#1047,#1046,#594,.T.);
#1313=EDGE_CURVE('',#1047,#1045,#595,.T.);
#1314=EDGE_CURVE('',#1045,#1048,#99,.T.);
#1315=EDGE_CURVE('',#1049,#1047,#100,.T.);
#1316=EDGE_CURVE('',#1049,#1048,#596,.T.);
#1317=EDGE_CURVE('',#1048,#1050,#597,.T.);
#1318=EDGE_CURVE('',#1051,#1049,#598,.T.);
#1319=EDGE_CURVE('',#1051,#1050,#599,.T.);
#1320=EDGE_CURVE('',#1050,#1044,#101,.T.);
#1321=EDGE_CURVE('',#1046,#1051,#102,.T.);
#1322=EDGE_CURVE('',#1052,#959,#600,.T.);
#1323=EDGE_CURVE('',#1052,#1053,#601,.T.);
#1324=EDGE_CURVE('',#957,#1053,#602,.T.);
#1325=EDGE_CURVE('',#1054,#971,#603,.T.);
#1326=EDGE_CURVE('',#1054,#1055,#604,.T.);
#1327=EDGE_CURVE('',#970,#1055,#605,.T.);
#1328=EDGE_CURVE('',#1056,#985,#103,.T.);
#1329=EDGE_CURVE('',#1056,#1057,#606,.T.);
#1330=EDGE_CURVE('',#984,#1057,#104,.T.);
#1331=EDGE_CURVE('',#1058,#1009,#105,.T.);
#1332=EDGE_CURVE('',#1059,#1058,#607,.T.);
#1333=EDGE_CURVE('',#1008,#1059,#106,.T.);
#1334=EDGE_CURVE('',#998,#1015,#107,.T.);
#1335=EDGE_CURVE('',#1014,#996,#108,.T.);
#1336=EDGE_CURVE('',#1059,#1007,#608,.T.);
#1337=EDGE_CURVE('',#1006,#1058,#609,.T.);
#1338=EDGE_CURVE('',#1032,#1043,#109,.T.);
#1339=EDGE_CURVE('',#1042,#1033,#110,.T.);
#1340=EDGE_CURVE('',#1060,#1061,#610,.T.);
#1341=EDGE_CURVE('',#1061,#1062,#111,.T.);
#1342=EDGE_CURVE('',#1062,#1063,#611,.T.);
#1343=EDGE_CURVE('',#1063,#1064,#112,.T.);
#1344=EDGE_CURVE('',#1064,#1065,#612,.T.);
#1345=EDGE_CURVE('',#1065,#1066,#113,.T.);
#1346=EDGE_CURVE('',#1066,#1067,#613,.T.);
#1347=EDGE_CURVE('',#1067,#1060,#114,.T.);
#1348=EDGE_CURVE('',#982,#1056,#614,.T.);
#1349=EDGE_CURVE('',#954,#1052,#115,.T.);
#1350=EDGE_CURVE('',#1068,#1069,#615,.T.);
#1351=EDGE_CURVE('',#1069,#1070,#116,.T.);
#1352=EDGE_CURVE('',#1070,#1071,#616,.T.);
#1353=EDGE_CURVE('',#1071,#1072,#117,.T.);
#1354=EDGE_CURVE('',#1072,#1073,#617,.T.);
#1355=EDGE_CURVE('',#1073,#1074,#118,.T.);
#1356=EDGE_CURVE('',#1074,#1075,#618,.T.);
#1357=EDGE_CURVE('',#1075,#1068,#119,.T.);
#1358=EDGE_CURVE('',#1076,#1077,#619,.T.);
#1359=EDGE_CURVE('',#1077,#1078,#120,.T.);
#1360=EDGE_CURVE('',#1078,#1079,#620,.T.);
#1361=EDGE_CURVE('',#1079,#1080,#121,.T.);
#1362=EDGE_CURVE('',#1080,#1081,#621,.T.);
#1363=EDGE_CURVE('',#1081,#1082,#122,.T.);
#1364=EDGE_CURVE('',#1082,#1083,#622,.T.);
#1365=EDGE_CURVE('',#1083,#1076,#123,.T.);
#1366=EDGE_CURVE('',#1084,#1085,#124,.T.);
#1367=EDGE_CURVE('',#1085,#1086,#623,.T.);
#1368=EDGE_CURVE('',#1086,#1087,#125,.T.);
#1369=EDGE_CURVE('',#1087,#1088,#624,.T.);
#1370=EDGE_CURVE('',#1088,#1089,#126,.T.);
#1371=EDGE_CURVE('',#1089,#1090,#625,.T.);
#1372=EDGE_CURVE('',#1090,#1091,#127,.T.);
#1373=EDGE_CURVE('',#1091,#1084,#626,.T.);
#1374=EDGE_CURVE('',#1092,#1093,#128,.T.);
#1375=EDGE_CURVE('',#1093,#1094,#627,.T.);
#1376=EDGE_CURVE('',#1094,#1095,#129,.T.);
#1377=EDGE_CURVE('',#1095,#1096,#628,.T.);
#1378=EDGE_CURVE('',#1096,#1097,#130,.T.);
#1379=EDGE_CURVE('',#1097,#1098,#629,.T.);
#1380=EDGE_CURVE('',#1098,#1099,#131,.T.);
#1381=EDGE_CURVE('',#1099,#1092,#630,.T.);
#1382=EDGE_CURVE('',#1100,#1101,#132,.T.);
#1383=EDGE_CURVE('',#1101,#1102,#631,.T.);
#1384=EDGE_CURVE('',#1102,#1103,#133,.T.);
#1385=EDGE_CURVE('',#1103,#1104,#632,.T.);
#1386=EDGE_CURVE('',#1104,#1105,#134,.T.);
#1387=EDGE_CURVE('',#1105,#1106,#633,.T.);
#1388=EDGE_CURVE('',#1106,#1107,#135,.T.);
#1389=EDGE_CURVE('',#1107,#1100,#634,.T.);
#1390=EDGE_CURVE('',#1108,#1109,#635,.T.);
#1391=EDGE_CURVE('',#1109,#1110,#136,.T.);
#1392=EDGE_CURVE('',#1110,#1111,#636,.T.);
#1393=EDGE_CURVE('',#1111,#1112,#137,.T.);
#1394=EDGE_CURVE('',#1112,#1113,#637,.T.);
#1395=EDGE_CURVE('',#1113,#1114,#138,.T.);
#1396=EDGE_CURVE('',#1114,#1115,#638,.T.);
#1397=EDGE_CURVE('',#1115,#1108,#139,.T.);
#1398=EDGE_CURVE('',#1116,#1116,#140,.T.);
#1399=EDGE_CURVE('',#1004,#1010,#141,.T.);
#1400=EDGE_CURVE('',#974,#1054,#142,.T.);
#1401=EDGE_CURVE('',#1117,#1118,#639,.T.);
#1402=EDGE_CURVE('',#1119,#1117,#143,.T.);
#1403=EDGE_CURVE('',#1120,#1119,#640,.T.);
#1404=EDGE_CURVE('',#1121,#1120,#144,.T.);
#1405=EDGE_CURVE('',#1122,#1121,#641,.T.);
#1406=EDGE_CURVE('',#1123,#1122,#145,.T.);
#1407=EDGE_CURVE('',#1124,#1123,#642,.T.);
#1408=EDGE_CURVE('',#1118,#1124,#146,.T.);
#1409=EDGE_CURVE('',#1053,#952,#147,.T.);
#1410=EDGE_CURVE('',#1057,#980,#643,.T.);
#1411=EDGE_CURVE('',#1011,#1002,#148,.T.);
#1412=EDGE_CURVE('',#1055,#972,#149,.T.);
#1413=EDGE_CURVE('',#1125,#1126,#644,.T.);
#1414=EDGE_CURVE('',#1126,#1127,#150,.T.);
#1415=EDGE_CURVE('',#1127,#1128,#645,.T.);
#1416=EDGE_CURVE('',#1128,#1129,#151,.T.);
#1417=EDGE_CURVE('',#1129,#1130,#646,.T.);
#1418=EDGE_CURVE('',#1130,#1131,#152,.T.);
#1419=EDGE_CURVE('',#1131,#1132,#647,.T.);
#1420=EDGE_CURVE('',#1132,#1125,#153,.T.);
#1421=EDGE_CURVE('',#1133,#1134,#648,.T.);
#1422=EDGE_CURVE('',#1134,#1135,#154,.T.);
#1423=EDGE_CURVE('',#1135,#1136,#649,.T.);
#1424=EDGE_CURVE('',#1136,#1137,#155,.T.);
#1425=EDGE_CURVE('',#1137,#1138,#650,.T.);
#1426=EDGE_CURVE('',#1138,#1139,#156,.T.);
#1427=EDGE_CURVE('',#1139,#1140,#651,.T.);
#1428=EDGE_CURVE('',#1140,#1133,#157,.T.);
#1429=EDGE_CURVE('',#1141,#1142,#158,.T.);
#1430=EDGE_CURVE('',#1142,#1143,#652,.T.);
#1431=EDGE_CURVE('',#1143,#1144,#159,.T.);
#1432=EDGE_CURVE('',#1144,#1145,#653,.T.);
#1433=EDGE_CURVE('',#1145,#1146,#160,.T.);
#1434=EDGE_CURVE('',#1146,#1147,#654,.T.);
#1435=EDGE_CURVE('',#1147,#1148,#161,.T.);
#1436=EDGE_CURVE('',#1148,#1141,#655,.T.);
#1437=EDGE_CURVE('',#1149,#1150,#162,.T.);
#1438=EDGE_CURVE('',#1150,#1151,#656,.T.);
#1439=EDGE_CURVE('',#1151,#1152,#163,.T.);
#1440=EDGE_CURVE('',#1152,#1153,#657,.T.);
#1441=EDGE_CURVE('',#1153,#1154,#164,.T.);
#1442=EDGE_CURVE('',#1154,#1155,#658,.T.);
#1443=EDGE_CURVE('',#1155,#1156,#165,.T.);
#1444=EDGE_CURVE('',#1156,#1149,#659,.T.);
#1445=EDGE_CURVE('',#1157,#1158,#166,.T.);
#1446=EDGE_CURVE('',#1158,#1159,#660,.T.);
#1447=EDGE_CURVE('',#1159,#1160,#167,.T.);
#1448=EDGE_CURVE('',#1160,#1161,#661,.T.);
#1449=EDGE_CURVE('',#1161,#1162,#168,.T.);
#1450=EDGE_CURVE('',#1162,#1163,#662,.T.);
#1451=EDGE_CURVE('',#1163,#1164,#169,.T.);
#1452=EDGE_CURVE('',#1164,#1157,#663,.T.);
#1453=EDGE_CURVE('',#1165,#1166,#664,.T.);
#1454=EDGE_CURVE('',#1166,#1167,#170,.T.);
#1455=EDGE_CURVE('',#1167,#1168,#665,.T.);
#1456=EDGE_CURVE('',#1168,#1169,#171,.T.);
#1457=EDGE_CURVE('',#1169,#1170,#666,.T.);
#1458=EDGE_CURVE('',#1170,#1171,#172,.T.);
#1459=EDGE_CURVE('',#1171,#1172,#667,.T.);
#1460=EDGE_CURVE('',#1172,#1165,#173,.T.);
#1461=EDGE_CURVE('',#1173,#1173,#174,.T.);
#1462=EDGE_CURVE('',#1073,#1129,#668,.T.);
#1463=EDGE_CURVE('',#1072,#1130,#669,.T.);
#1464=EDGE_CURVE('',#1071,#1131,#670,.T.);
#1465=EDGE_CURVE('',#1070,#1132,#671,.T.);
#1466=EDGE_CURVE('',#1069,#1125,#672,.T.);
#1467=EDGE_CURVE('',#1068,#1126,#673,.T.);
#1468=EDGE_CURVE('',#1075,#1127,#674,.T.);
#1469=EDGE_CURVE('',#1074,#1128,#675,.T.);
#1470=EDGE_CURVE('',#1081,#1137,#676,.T.);
#1471=EDGE_CURVE('',#1080,#1138,#677,.T.);
#1472=EDGE_CURVE('',#1079,#1139,#678,.T.);
#1473=EDGE_CURVE('',#1078,#1140,#679,.T.);
#1474=EDGE_CURVE('',#1077,#1133,#680,.T.);
#1475=EDGE_CURVE('',#1076,#1134,#681,.T.);
#1476=EDGE_CURVE('',#1083,#1135,#682,.T.);
#1477=EDGE_CURVE('',#1082,#1136,#683,.T.);
#1478=EDGE_CURVE('',#1089,#1145,#684,.T.);
#1479=EDGE_CURVE('',#1088,#1146,#685,.T.);
#1480=EDGE_CURVE('',#1087,#1147,#686,.T.);
#1481=EDGE_CURVE('',#1086,#1148,#687,.T.);
#1482=EDGE_CURVE('',#1085,#1141,#688,.T.);
#1483=EDGE_CURVE('',#1084,#1142,#689,.T.);
#1484=EDGE_CURVE('',#1091,#1143,#690,.T.);
#1485=EDGE_CURVE('',#1090,#1144,#691,.T.);
#1486=EDGE_CURVE('',#1097,#1153,#692,.T.);
#1487=EDGE_CURVE('',#1096,#1154,#693,.T.);
#1488=EDGE_CURVE('',#1095,#1155,#694,.T.);
#1489=EDGE_CURVE('',#1094,#1156,#695,.T.);
#1490=EDGE_CURVE('',#1093,#1149,#696,.T.);
#1491=EDGE_CURVE('',#1092,#1150,#697,.T.);
#1492=EDGE_CURVE('',#1099,#1151,#698,.T.);
#1493=EDGE_CURVE('',#1098,#1152,#699,.T.);
#1494=EDGE_CURVE('',#1105,#1161,#700,.T.);
#1495=EDGE_CURVE('',#1104,#1162,#701,.T.);
#1496=EDGE_CURVE('',#1103,#1163,#702,.T.);
#1497=EDGE_CURVE('',#1102,#1164,#703,.T.);
#1498=EDGE_CURVE('',#1101,#1157,#704,.T.);
#1499=EDGE_CURVE('',#1100,#1158,#705,.T.);
#1500=EDGE_CURVE('',#1107,#1159,#706,.T.);
#1501=EDGE_CURVE('',#1106,#1160,#707,.T.);
#1502=EDGE_CURVE('',#1113,#1169,#708,.T.);
#1503=EDGE_CURVE('',#1112,#1170,#709,.T.);
#1504=EDGE_CURVE('',#1111,#1171,#710,.T.);
#1505=EDGE_CURVE('',#1110,#1172,#711,.T.);
#1506=EDGE_CURVE('',#1109,#1165,#712,.T.);
#1507=EDGE_CURVE('',#1108,#1166,#713,.T.);
#1508=EDGE_CURVE('',#1115,#1167,#714,.T.);
#1509=EDGE_CURVE('',#1114,#1168,#715,.T.);
#1510=EDGE_CURVE('',#1116,#1173,#716,.T.);
#1511=EDGE_CURVE('',#1117,#1060,#717,.T.);
#1512=EDGE_CURVE('',#1119,#1067,#718,.T.);
#1513=EDGE_CURVE('',#1120,#1066,#719,.T.);
#1514=EDGE_CURVE('',#1121,#1065,#720,.T.);
#1515=EDGE_CURVE('',#1122,#1064,#721,.T.);
#1516=EDGE_CURVE('',#1123,#1063,#722,.T.);
#1517=EDGE_CURVE('',#1124,#1062,#723,.T.);
#1518=EDGE_CURVE('',#1118,#1061,#724,.T.);
#1519=ORIENTED_EDGE('',*,*,#1174,.F.);
#1520=ORIENTED_EDGE('',*,*,#1175,.F.);
#1521=ORIENTED_EDGE('',*,*,#1176,.F.);
#1522=ORIENTED_EDGE('',*,*,#1177,.T.);
#1523=ORIENTED_EDGE('',*,*,#1178,.F.);
#1524=ORIENTED_EDGE('',*,*,#1177,.F.);
#1525=ORIENTED_EDGE('',*,*,#1179,.F.);
#1526=ORIENTED_EDGE('',*,*,#1180,.T.);
#1527=ORIENTED_EDGE('',*,*,#1181,.F.);
#1528=ORIENTED_EDGE('',*,*,#1180,.F.);
#1529=ORIENTED_EDGE('',*,*,#1182,.F.);
#1530=ORIENTED_EDGE('',*,*,#1183,.T.);
#1531=ORIENTED_EDGE('',*,*,#1184,.F.);
#1532=ORIENTED_EDGE('',*,*,#1183,.F.);
#1533=ORIENTED_EDGE('',*,*,#1185,.F.);
#1534=ORIENTED_EDGE('',*,*,#1175,.T.);
#1535=ORIENTED_EDGE('',*,*,#1186,.F.);
#1536=ORIENTED_EDGE('',*,*,#1187,.F.);
#1537=ORIENTED_EDGE('',*,*,#1188,.F.);
#1538=ORIENTED_EDGE('',*,*,#1189,.T.);
#1539=ORIENTED_EDGE('',*,*,#1190,.F.);
#1540=ORIENTED_EDGE('',*,*,#1191,.F.);
#1541=ORIENTED_EDGE('',*,*,#1192,.F.);
#1542=ORIENTED_EDGE('',*,*,#1193,.F.);
#1543=ORIENTED_EDGE('',*,*,#1194,.F.);
#1544=ORIENTED_EDGE('',*,*,#1195,.F.);
#1545=ORIENTED_EDGE('',*,*,#1196,.F.);
#1546=ORIENTED_EDGE('',*,*,#1191,.T.);
#1547=ORIENTED_EDGE('',*,*,#1197,.F.);
#1548=ORIENTED_EDGE('',*,*,#1189,.F.);
#1549=ORIENTED_EDGE('',*,*,#1198,.F.);
#1550=ORIENTED_EDGE('',*,*,#1199,.T.);
#1551=ORIENTED_EDGE('',*,*,#1200,.F.);
#1552=ORIENTED_EDGE('',*,*,#1199,.F.);
#1553=ORIENTED_EDGE('',*,*,#1201,.F.);
#1554=ORIENTED_EDGE('',*,*,#1195,.T.);
#1555=ORIENTED_EDGE('',*,*,#1202,.F.);
#1556=ORIENTED_EDGE('',*,*,#1203,.F.);
#1557=ORIENTED_EDGE('',*,*,#1204,.F.);
#1558=ORIENTED_EDGE('',*,*,#1205,.T.);
#1559=ORIENTED_EDGE('',*,*,#1206,.F.);
#1560=ORIENTED_EDGE('',*,*,#1205,.F.);
#1561=ORIENTED_EDGE('',*,*,#1207,.F.);
#1562=ORIENTED_EDGE('',*,*,#1208,.T.);
#1563=ORIENTED_EDGE('',*,*,#1209,.F.);
#1564=ORIENTED_EDGE('',*,*,#1208,.F.);
#1565=ORIENTED_EDGE('',*,*,#1210,.F.);
#1566=ORIENTED_EDGE('',*,*,#1211,.F.);
#1567=ORIENTED_EDGE('',*,*,#1212,.F.);
#1568=ORIENTED_EDGE('',*,*,#1213,.F.);
#1569=ORIENTED_EDGE('',*,*,#1214,.F.);
#1570=ORIENTED_EDGE('',*,*,#1215,.T.);
#1571=ORIENTED_EDGE('',*,*,#1216,.F.);
#1572=ORIENTED_EDGE('',*,*,#1215,.F.);
#1573=ORIENTED_EDGE('',*,*,#1217,.F.);
#1574=ORIENTED_EDGE('',*,*,#1203,.T.);
#1575=ORIENTED_EDGE('',*,*,#1218,.F.);
#1576=ORIENTED_EDGE('',*,*,#1219,.F.);
#1577=ORIENTED_EDGE('',*,*,#1220,.F.);
#1578=ORIENTED_EDGE('',*,*,#1221,.T.);
#1579=ORIENTED_EDGE('',*,*,#1222,.F.);
#1580=ORIENTED_EDGE('',*,*,#1223,.F.);
#1581=ORIENTED_EDGE('',*,*,#1224,.F.);
#1582=ORIENTED_EDGE('',*,*,#1225,.T.);
#1583=ORIENTED_EDGE('',*,*,#1226,.F.);
#1584=ORIENTED_EDGE('',*,*,#1221,.F.);
#1585=ORIENTED_EDGE('',*,*,#1227,.F.);
#1586=ORIENTED_EDGE('',*,*,#1228,.F.);
#1587=ORIENTED_EDGE('',*,*,#1229,.F.);
#1588=ORIENTED_EDGE('',*,*,#1225,.F.);
#1589=ORIENTED_EDGE('',*,*,#1230,.F.);
#1590=ORIENTED_EDGE('',*,*,#1231,.T.);
#1591=ORIENTED_EDGE('',*,*,#1232,.F.);
#1592=ORIENTED_EDGE('',*,*,#1231,.F.);
#1593=ORIENTED_EDGE('',*,*,#1233,.F.);
#1594=ORIENTED_EDGE('',*,*,#1219,.T.);
#1595=ORIENTED_EDGE('',*,*,#1234,.F.);
#1596=ORIENTED_EDGE('',*,*,#1235,.F.);
#1597=ORIENTED_EDGE('',*,*,#1236,.F.);
#1598=ORIENTED_EDGE('',*,*,#1237,.T.);
#1599=ORIENTED_EDGE('',*,*,#1238,.F.);
#1600=ORIENTED_EDGE('',*,*,#1237,.F.);
#1601=ORIENTED_EDGE('',*,*,#1239,.F.);
#1602=ORIENTED_EDGE('',*,*,#1240,.T.);
#1603=ORIENTED_EDGE('',*,*,#1241,.F.);
#1604=ORIENTED_EDGE('',*,*,#1240,.F.);
#1605=ORIENTED_EDGE('',*,*,#1242,.F.);
#1606=ORIENTED_EDGE('',*,*,#1243,.T.);
#1607=ORIENTED_EDGE('',*,*,#1244,.F.);
#1608=ORIENTED_EDGE('',*,*,#1243,.F.);
#1609=ORIENTED_EDGE('',*,*,#1245,.F.);
#1610=ORIENTED_EDGE('',*,*,#1235,.T.);
#1611=ORIENTED_EDGE('',*,*,#1246,.F.);
#1612=ORIENTED_EDGE('',*,*,#1247,.F.);
#1613=ORIENTED_EDGE('',*,*,#1248,.F.);
#1614=ORIENTED_EDGE('',*,*,#1249,.T.);
#1615=ORIENTED_EDGE('',*,*,#1250,.F.);
#1616=ORIENTED_EDGE('',*,*,#1249,.F.);
#1617=ORIENTED_EDGE('',*,*,#1251,.F.);
#1618=ORIENTED_EDGE('',*,*,#1252,.T.);
#1619=ORIENTED_EDGE('',*,*,#1253,.F.);
#1620=ORIENTED_EDGE('',*,*,#1254,.F.);
#1621=ORIENTED_EDGE('',*,*,#1255,.F.);
#1622=ORIENTED_EDGE('',*,*,#1256,.T.);
#1623=ORIENTED_EDGE('',*,*,#1257,.F.);
#1624=ORIENTED_EDGE('',*,*,#1252,.F.);
#1625=ORIENTED_EDGE('',*,*,#1258,.F.);
#1626=ORIENTED_EDGE('',*,*,#1259,.F.);
#1627=ORIENTED_EDGE('',*,*,#1260,.F.);
#1628=ORIENTED_EDGE('',*,*,#1261,.F.);
#1629=ORIENTED_EDGE('',*,*,#1262,.F.);
#1630=ORIENTED_EDGE('',*,*,#1263,.F.);
#1631=ORIENTED_EDGE('',*,*,#1264,.F.);
#1632=ORIENTED_EDGE('',*,*,#1256,.F.);
#1633=ORIENTED_EDGE('',*,*,#1265,.F.);
#1634=ORIENTED_EDGE('',*,*,#1266,.T.);
#1635=ORIENTED_EDGE('',*,*,#1267,.F.);
#1636=ORIENTED_EDGE('',*,*,#1268,.F.);
#1637=ORIENTED_EDGE('',*,*,#1266,.F.);
#1638=ORIENTED_EDGE('',*,*,#1269,.F.);
#1639=ORIENTED_EDGE('',*,*,#1270,.F.);
#1640=ORIENTED_EDGE('',*,*,#1271,.F.);
#1641=ORIENTED_EDGE('',*,*,#1272,.F.);
#1642=ORIENTED_EDGE('',*,*,#1273,.T.);
#1643=ORIENTED_EDGE('',*,*,#1274,.F.);
#1644=ORIENTED_EDGE('',*,*,#1273,.F.);
#1645=ORIENTED_EDGE('',*,*,#1275,.F.);
#1646=ORIENTED_EDGE('',*,*,#1276,.T.);
#1647=ORIENTED_EDGE('',*,*,#1277,.F.);
#1648=ORIENTED_EDGE('',*,*,#1276,.F.);
#1649=ORIENTED_EDGE('',*,*,#1278,.F.);
#1650=ORIENTED_EDGE('',*,*,#1279,.T.);
#1651=ORIENTED_EDGE('',*,*,#1280,.F.);
#1652=ORIENTED_EDGE('',*,*,#1279,.F.);
#1653=ORIENTED_EDGE('',*,*,#1281,.F.);
#1654=ORIENTED_EDGE('',*,*,#1271,.T.);
#1655=ORIENTED_EDGE('',*,*,#1282,.F.);
#1656=ORIENTED_EDGE('',*,*,#1283,.F.);
#1657=ORIENTED_EDGE('',*,*,#1284,.F.);
#1658=ORIENTED_EDGE('',*,*,#1285,.T.);
#1659=ORIENTED_EDGE('',*,*,#1286,.F.);
#1660=ORIENTED_EDGE('',*,*,#1285,.F.);
#1661=ORIENTED_EDGE('',*,*,#1287,.F.);
#1662=ORIENTED_EDGE('',*,*,#1288,.T.);
#1663=ORIENTED_EDGE('',*,*,#1289,.F.);
#1664=ORIENTED_EDGE('',*,*,#1288,.F.);
#1665=ORIENTED_EDGE('',*,*,#1290,.F.);
#1666=ORIENTED_EDGE('',*,*,#1291,.T.);
#1667=ORIENTED_EDGE('',*,*,#1292,.F.);
#1668=ORIENTED_EDGE('',*,*,#1291,.F.);
#1669=ORIENTED_EDGE('',*,*,#1293,.F.);
#1670=ORIENTED_EDGE('',*,*,#1283,.T.);
#1671=ORIENTED_EDGE('',*,*,#1294,.F.);
#1672=ORIENTED_EDGE('',*,*,#1295,.F.);
#1673=ORIENTED_EDGE('',*,*,#1296,.T.);
#1674=ORIENTED_EDGE('',*,*,#1297,.F.);
#1675=ORIENTED_EDGE('',*,*,#1298,.F.);
#1676=ORIENTED_EDGE('',*,*,#1296,.F.);
#1677=ORIENTED_EDGE('',*,*,#1299,.F.);
#1678=ORIENTED_EDGE('',*,*,#1300,.T.);
#1679=ORIENTED_EDGE('',*,*,#1301,.F.);
#1680=ORIENTED_EDGE('',*,*,#1300,.F.);
#1681=ORIENTED_EDGE('',*,*,#1302,.F.);
#1682=ORIENTED_EDGE('',*,*,#1303,.T.);
#1683=ORIENTED_EDGE('',*,*,#1304,.F.);
#1684=ORIENTED_EDGE('',*,*,#1303,.F.);
#1685=ORIENTED_EDGE('',*,*,#1305,.F.);
#1686=ORIENTED_EDGE('',*,*,#1306,.T.);
#1687=ORIENTED_EDGE('',*,*,#1307,.F.);
#1688=ORIENTED_EDGE('',*,*,#1308,.F.);
#1689=ORIENTED_EDGE('',*,*,#1306,.F.);
#1690=ORIENTED_EDGE('',*,*,#1309,.F.);
#1691=ORIENTED_EDGE('',*,*,#1310,.F.);
#1692=ORIENTED_EDGE('',*,*,#1311,.F.);
#1693=ORIENTED_EDGE('',*,*,#1312,.F.);
#1694=ORIENTED_EDGE('',*,*,#1313,.T.);
#1695=ORIENTED_EDGE('',*,*,#1314,.F.);
#1696=ORIENTED_EDGE('',*,*,#1313,.F.);
#1697=ORIENTED_EDGE('',*,*,#1315,.F.);
#1698=ORIENTED_EDGE('',*,*,#1316,.T.);
#1699=ORIENTED_EDGE('',*,*,#1317,.F.);
#1700=ORIENTED_EDGE('',*,*,#1316,.F.);
#1701=ORIENTED_EDGE('',*,*,#1318,.F.);
#1702=ORIENTED_EDGE('',*,*,#1319,.T.);
#1703=ORIENTED_EDGE('',*,*,#1320,.F.);
#1704=ORIENTED_EDGE('',*,*,#1319,.F.);
#1705=ORIENTED_EDGE('',*,*,#1321,.F.);
#1706=ORIENTED_EDGE('',*,*,#1311,.T.);
#1707=ORIENTED_EDGE('',*,*,#1193,.T.);
#1708=ORIENTED_EDGE('',*,*,#1322,.F.);
#1709=ORIENTED_EDGE('',*,*,#1323,.T.);
#1710=ORIENTED_EDGE('',*,*,#1324,.F.);
#1711=ORIENTED_EDGE('',*,*,#1211,.T.);
#1712=ORIENTED_EDGE('',*,*,#1325,.F.);
#1713=ORIENTED_EDGE('',*,*,#1326,.T.);
#1714=ORIENTED_EDGE('',*,*,#1327,.F.);
#1715=ORIENTED_EDGE('',*,*,#1228,.T.);
#1716=ORIENTED_EDGE('',*,*,#1328,.F.);
#1717=ORIENTED_EDGE('',*,*,#1329,.T.);
#1718=ORIENTED_EDGE('',*,*,#1330,.F.);
#1719=ORIENTED_EDGE('',*,*,#1260,.T.);
#1720=ORIENTED_EDGE('',*,*,#1331,.F.);
#1721=ORIENTED_EDGE('',*,*,#1332,.F.);
#1722=ORIENTED_EDGE('',*,*,#1333,.F.);
#1723=ORIENTED_EDGE('',*,*,#1267,.T.);
#1724=ORIENTED_EDGE('',*,*,#1334,.F.);
#1725=ORIENTED_EDGE('',*,*,#1247,.T.);
#1726=ORIENTED_EDGE('',*,*,#1335,.F.);
#1727=ORIENTED_EDGE('',*,*,#1259,.T.);
#1728=ORIENTED_EDGE('',*,*,#1336,.F.);
#1729=ORIENTED_EDGE('',*,*,#1332,.T.);
#1730=ORIENTED_EDGE('',*,*,#1337,.F.);
#1731=ORIENTED_EDGE('',*,*,#1307,.T.);
#1732=ORIENTED_EDGE('',*,*,#1338,.F.);
#1733=ORIENTED_EDGE('',*,*,#1294,.T.);
#1734=ORIENTED_EDGE('',*,*,#1339,.F.);
#1735=ORIENTED_EDGE('',*,*,#1340,.T.);
#1736=ORIENTED_EDGE('',*,*,#1341,.T.);
#1737=ORIENTED_EDGE('',*,*,#1342,.T.);
#1738=ORIENTED_EDGE('',*,*,#1343,.T.);
#1739=ORIENTED_EDGE('',*,*,#1344,.T.);
#1740=ORIENTED_EDGE('',*,*,#1345,.T.);
#1741=ORIENTED_EDGE('',*,*,#1346,.T.);
#1742=ORIENTED_EDGE('',*,*,#1347,.T.);
#1743=ORIENTED_EDGE('',*,*,#1227,.T.);
#1744=ORIENTED_EDGE('',*,*,#1220,.T.);
#1745=ORIENTED_EDGE('',*,*,#1233,.T.);
#1746=ORIENTED_EDGE('',*,*,#1230,.T.);
#1747=ORIENTED_EDGE('',*,*,#1224,.T.);
#1748=ORIENTED_EDGE('',*,*,#1348,.T.);
#1749=ORIENTED_EDGE('',*,*,#1328,.T.);
#1750=ORIENTED_EDGE('',*,*,#1192,.T.);
#1751=ORIENTED_EDGE('',*,*,#1196,.T.);
#1752=ORIENTED_EDGE('',*,*,#1201,.T.);
#1753=ORIENTED_EDGE('',*,*,#1198,.T.);
#1754=ORIENTED_EDGE('',*,*,#1188,.T.);
#1755=ORIENTED_EDGE('',*,*,#1349,.T.);
#1756=ORIENTED_EDGE('',*,*,#1322,.T.);
#1757=ORIENTED_EDGE('',*,*,#1350,.T.);
#1758=ORIENTED_EDGE('',*,*,#1351,.T.);
#1759=ORIENTED_EDGE('',*,*,#1352,.T.);
#1760=ORIENTED_EDGE('',*,*,#1353,.T.);
#1761=ORIENTED_EDGE('',*,*,#1354,.T.);
#1762=ORIENTED_EDGE('',*,*,#1355,.T.);
#1763=ORIENTED_EDGE('',*,*,#1356,.T.);
#1764=ORIENTED_EDGE('',*,*,#1357,.T.);
#1765=ORIENTED_EDGE('',*,*,#1309,.T.);
#1766=ORIENTED_EDGE('',*,*,#1305,.T.);
#1767=ORIENTED_EDGE('',*,*,#1302,.T.);
#1768=ORIENTED_EDGE('',*,*,#1299,.T.);
#1769=ORIENTED_EDGE('',*,*,#1295,.T.);
#1770=ORIENTED_EDGE('',*,*,#1338,.T.);
#1771=ORIENTED_EDGE('',*,*,#1358,.T.);
#1772=ORIENTED_EDGE('',*,*,#1359,.T.);
#1773=ORIENTED_EDGE('',*,*,#1360,.T.);
#1774=ORIENTED_EDGE('',*,*,#1361,.T.);
#1775=ORIENTED_EDGE('',*,*,#1362,.T.);
#1776=ORIENTED_EDGE('',*,*,#1363,.T.);
#1777=ORIENTED_EDGE('',*,*,#1364,.T.);
#1778=ORIENTED_EDGE('',*,*,#1365,.T.);
#1779=ORIENTED_EDGE('',*,*,#1366,.T.);
#1780=ORIENTED_EDGE('',*,*,#1367,.T.);
#1781=ORIENTED_EDGE('',*,*,#1368,.T.);
#1782=ORIENTED_EDGE('',*,*,#1369,.T.);
#1783=ORIENTED_EDGE('',*,*,#1370,.T.);
#1784=ORIENTED_EDGE('',*,*,#1371,.T.);
#1785=ORIENTED_EDGE('',*,*,#1372,.T.);
#1786=ORIENTED_EDGE('',*,*,#1373,.T.);
#1787=ORIENTED_EDGE('',*,*,#1374,.T.);
#1788=ORIENTED_EDGE('',*,*,#1375,.T.);
#1789=ORIENTED_EDGE('',*,*,#1376,.T.);
#1790=ORIENTED_EDGE('',*,*,#1377,.T.);
#1791=ORIENTED_EDGE('',*,*,#1378,.T.);
#1792=ORIENTED_EDGE('',*,*,#1379,.T.);
#1793=ORIENTED_EDGE('',*,*,#1380,.T.);
#1794=ORIENTED_EDGE('',*,*,#1381,.T.);
#1795=ORIENTED_EDGE('',*,*,#1382,.T.);
#1796=ORIENTED_EDGE('',*,*,#1383,.T.);
#1797=ORIENTED_EDGE('',*,*,#1384,.T.);
#1798=ORIENTED_EDGE('',*,*,#1385,.T.);
#1799=ORIENTED_EDGE('',*,*,#1386,.T.);
#1800=ORIENTED_EDGE('',*,*,#1387,.T.);
#1801=ORIENTED_EDGE('',*,*,#1388,.T.);
#1802=ORIENTED_EDGE('',*,*,#1389,.T.);
#1803=ORIENTED_EDGE('',*,*,#1390,.T.);
#1804=ORIENTED_EDGE('',*,*,#1391,.T.);
#1805=ORIENTED_EDGE('',*,*,#1392,.T.);
#1806=ORIENTED_EDGE('',*,*,#1393,.T.);
#1807=ORIENTED_EDGE('',*,*,#1394,.T.);
#1808=ORIENTED_EDGE('',*,*,#1395,.T.);
#1809=ORIENTED_EDGE('',*,*,#1396,.T.);
#1810=ORIENTED_EDGE('',*,*,#1397,.T.);
#1811=ORIENTED_EDGE('',*,*,#1398,.T.);
#1812=ORIENTED_EDGE('',*,*,#1318,.T.);
#1813=ORIENTED_EDGE('',*,*,#1315,.T.);
#1814=ORIENTED_EDGE('',*,*,#1312,.T.);
#1815=ORIENTED_EDGE('',*,*,#1321,.T.);
#1816=ORIENTED_EDGE('',*,*,#1290,.T.);
#1817=ORIENTED_EDGE('',*,*,#1287,.T.);
#1818=ORIENTED_EDGE('',*,*,#1284,.T.);
#1819=ORIENTED_EDGE('',*,*,#1293,.T.);
#1820=ORIENTED_EDGE('',*,*,#1278,.T.);
#1821=ORIENTED_EDGE('',*,*,#1275,.T.);
#1822=ORIENTED_EDGE('',*,*,#1272,.T.);
#1823=ORIENTED_EDGE('',*,*,#1281,.T.);
#1824=ORIENTED_EDGE('',*,*,#1242,.T.);
#1825=ORIENTED_EDGE('',*,*,#1239,.T.);
#1826=ORIENTED_EDGE('',*,*,#1236,.T.);
#1827=ORIENTED_EDGE('',*,*,#1245,.T.);
#1828=ORIENTED_EDGE('',*,*,#1182,.T.);
#1829=ORIENTED_EDGE('',*,*,#1179,.T.);
#1830=ORIENTED_EDGE('',*,*,#1176,.T.);
#1831=ORIENTED_EDGE('',*,*,#1185,.T.);
#1832=ORIENTED_EDGE('',*,*,#1261,.T.);
#1833=ORIENTED_EDGE('',*,*,#1333,.T.);
#1834=ORIENTED_EDGE('',*,*,#1336,.T.);
#1835=ORIENTED_EDGE('',*,*,#1258,.T.);
#1836=ORIENTED_EDGE('',*,*,#1251,.T.);
#1837=ORIENTED_EDGE('',*,*,#1248,.T.);
#1838=ORIENTED_EDGE('',*,*,#1334,.T.);
#1839=ORIENTED_EDGE('',*,*,#1269,.T.);
#1840=ORIENTED_EDGE('',*,*,#1265,.T.);
#1841=ORIENTED_EDGE('',*,*,#1255,.T.);
#1842=ORIENTED_EDGE('',*,*,#1399,.T.);
#1843=ORIENTED_EDGE('',*,*,#1214,.T.);
#1844=ORIENTED_EDGE('',*,*,#1400,.T.);
#1845=ORIENTED_EDGE('',*,*,#1325,.T.);
#1846=ORIENTED_EDGE('',*,*,#1210,.T.);
#1847=ORIENTED_EDGE('',*,*,#1207,.T.);
#1848=ORIENTED_EDGE('',*,*,#1204,.T.);
#1849=ORIENTED_EDGE('',*,*,#1217,.T.);
#1850=ORIENTED_EDGE('',*,*,#1401,.F.);
#1851=ORIENTED_EDGE('',*,*,#1402,.F.);
#1852=ORIENTED_EDGE('',*,*,#1403,.F.);
#1853=ORIENTED_EDGE('',*,*,#1404,.F.);
#1854=ORIENTED_EDGE('',*,*,#1405,.F.);
#1855=ORIENTED_EDGE('',*,*,#1406,.F.);
#1856=ORIENTED_EDGE('',*,*,#1407,.F.);
#1857=ORIENTED_EDGE('',*,*,#1408,.F.);
#1858=ORIENTED_EDGE('',*,*,#1190,.T.);
#1859=ORIENTED_EDGE('',*,*,#1324,.T.);
#1860=ORIENTED_EDGE('',*,*,#1409,.T.);
#1861=ORIENTED_EDGE('',*,*,#1186,.T.);
#1862=ORIENTED_EDGE('',*,*,#1197,.T.);
#1863=ORIENTED_EDGE('',*,*,#1200,.T.);
#1864=ORIENTED_EDGE('',*,*,#1194,.T.);
#1865=ORIENTED_EDGE('',*,*,#1226,.T.);
#1866=ORIENTED_EDGE('',*,*,#1330,.T.);
#1867=ORIENTED_EDGE('',*,*,#1410,.T.);
#1868=ORIENTED_EDGE('',*,*,#1222,.T.);
#1869=ORIENTED_EDGE('',*,*,#1229,.T.);
#1870=ORIENTED_EDGE('',*,*,#1232,.T.);
#1871=ORIENTED_EDGE('',*,*,#1218,.T.);
#1872=ORIENTED_EDGE('',*,*,#1263,.T.);
#1873=ORIENTED_EDGE('',*,*,#1411,.T.);
#1874=ORIENTED_EDGE('',*,*,#1253,.T.);
#1875=ORIENTED_EDGE('',*,*,#1264,.T.);
#1876=ORIENTED_EDGE('',*,*,#1268,.T.);
#1877=ORIENTED_EDGE('',*,*,#1335,.T.);
#1878=ORIENTED_EDGE('',*,*,#1246,.T.);
#1879=ORIENTED_EDGE('',*,*,#1250,.T.);
#1880=ORIENTED_EDGE('',*,*,#1257,.T.);
#1881=ORIENTED_EDGE('',*,*,#1337,.T.);
#1882=ORIENTED_EDGE('',*,*,#1331,.T.);
#1883=ORIENTED_EDGE('',*,*,#1308,.T.);
#1884=ORIENTED_EDGE('',*,*,#1339,.T.);
#1885=ORIENTED_EDGE('',*,*,#1297,.T.);
#1886=ORIENTED_EDGE('',*,*,#1298,.T.);
#1887=ORIENTED_EDGE('',*,*,#1301,.T.);
#1888=ORIENTED_EDGE('',*,*,#1304,.T.);
#1889=ORIENTED_EDGE('',*,*,#1181,.T.);
#1890=ORIENTED_EDGE('',*,*,#1184,.T.);
#1891=ORIENTED_EDGE('',*,*,#1174,.T.);
#1892=ORIENTED_EDGE('',*,*,#1178,.T.);
#1893=ORIENTED_EDGE('',*,*,#1241,.T.);
#1894=ORIENTED_EDGE('',*,*,#1244,.T.);
#1895=ORIENTED_EDGE('',*,*,#1234,.T.);
#1896=ORIENTED_EDGE('',*,*,#1238,.T.);
#1897=ORIENTED_EDGE('',*,*,#1277,.T.);
#1898=ORIENTED_EDGE('',*,*,#1280,.T.);
#1899=ORIENTED_EDGE('',*,*,#1270,.T.);
#1900=ORIENTED_EDGE('',*,*,#1274,.T.);
#1901=ORIENTED_EDGE('',*,*,#1289,.T.);
#1902=ORIENTED_EDGE('',*,*,#1292,.T.);
#1903=ORIENTED_EDGE('',*,*,#1282,.T.);
#1904=ORIENTED_EDGE('',*,*,#1286,.T.);
#1905=ORIENTED_EDGE('',*,*,#1317,.T.);
#1906=ORIENTED_EDGE('',*,*,#1320,.T.);
#1907=ORIENTED_EDGE('',*,*,#1310,.T.);
#1908=ORIENTED_EDGE('',*,*,#1314,.T.);
#1909=ORIENTED_EDGE('',*,*,#1212,.T.);
#1910=ORIENTED_EDGE('',*,*,#1216,.T.);
#1911=ORIENTED_EDGE('',*,*,#1202,.T.);
#1912=ORIENTED_EDGE('',*,*,#1206,.T.);
#1913=ORIENTED_EDGE('',*,*,#1209,.T.);
#1914=ORIENTED_EDGE('',*,*,#1327,.T.);
#1915=ORIENTED_EDGE('',*,*,#1412,.T.);
#1916=ORIENTED_EDGE('',*,*,#1413,.T.);
#1917=ORIENTED_EDGE('',*,*,#1414,.T.);
#1918=ORIENTED_EDGE('',*,*,#1415,.T.);
#1919=ORIENTED_EDGE('',*,*,#1416,.T.);
#1920=ORIENTED_EDGE('',*,*,#1417,.T.);
#1921=ORIENTED_EDGE('',*,*,#1418,.T.);
#1922=ORIENTED_EDGE('',*,*,#1419,.T.);
#1923=ORIENTED_EDGE('',*,*,#1420,.T.);
#1924=ORIENTED_EDGE('',*,*,#1421,.T.);
#1925=ORIENTED_EDGE('',*,*,#1422,.T.);
#1926=ORIENTED_EDGE('',*,*,#1423,.T.);
#1927=ORIENTED_EDGE('',*,*,#1424,.T.);
#1928=ORIENTED_EDGE('',*,*,#1425,.T.);
#1929=ORIENTED_EDGE('',*,*,#1426,.T.);
#1930=ORIENTED_EDGE('',*,*,#1427,.T.);
#1931=ORIENTED_EDGE('',*,*,#1428,.T.);
#1932=ORIENTED_EDGE('',*,*,#1429,.T.);
#1933=ORIENTED_EDGE('',*,*,#1430,.T.);
#1934=ORIENTED_EDGE('',*,*,#1431,.T.);
#1935=ORIENTED_EDGE('',*,*,#1432,.T.);
#1936=ORIENTED_EDGE('',*,*,#1433,.T.);
#1937=ORIENTED_EDGE('',*,*,#1434,.T.);
#1938=ORIENTED_EDGE('',*,*,#1435,.T.);
#1939=ORIENTED_EDGE('',*,*,#1436,.T.);
#1940=ORIENTED_EDGE('',*,*,#1437,.T.);
#1941=ORIENTED_EDGE('',*,*,#1438,.T.);
#1942=ORIENTED_EDGE('',*,*,#1439,.T.);
#1943=ORIENTED_EDGE('',*,*,#1440,.T.);
#1944=ORIENTED_EDGE('',*,*,#1441,.T.);
#1945=ORIENTED_EDGE('',*,*,#1442,.T.);
#1946=ORIENTED_EDGE('',*,*,#1443,.T.);
#1947=ORIENTED_EDGE('',*,*,#1444,.T.);
#1948=ORIENTED_EDGE('',*,*,#1445,.T.);
#1949=ORIENTED_EDGE('',*,*,#1446,.T.);
#1950=ORIENTED_EDGE('',*,*,#1447,.T.);
#1951=ORIENTED_EDGE('',*,*,#1448,.T.);
#1952=ORIENTED_EDGE('',*,*,#1449,.T.);
#1953=ORIENTED_EDGE('',*,*,#1450,.T.);
#1954=ORIENTED_EDGE('',*,*,#1451,.T.);
#1955=ORIENTED_EDGE('',*,*,#1452,.T.);
#1956=ORIENTED_EDGE('',*,*,#1453,.T.);
#1957=ORIENTED_EDGE('',*,*,#1454,.T.);
#1958=ORIENTED_EDGE('',*,*,#1455,.T.);
#1959=ORIENTED_EDGE('',*,*,#1456,.T.);
#1960=ORIENTED_EDGE('',*,*,#1457,.T.);
#1961=ORIENTED_EDGE('',*,*,#1458,.T.);
#1962=ORIENTED_EDGE('',*,*,#1459,.T.);
#1963=ORIENTED_EDGE('',*,*,#1460,.T.);
#1964=ORIENTED_EDGE('',*,*,#1461,.F.);
#1965=ORIENTED_EDGE('',*,*,#1262,.T.);
#1966=ORIENTED_EDGE('',*,*,#1399,.F.);
#1967=ORIENTED_EDGE('',*,*,#1254,.T.);
#1968=ORIENTED_EDGE('',*,*,#1411,.F.);
#1969=ORIENTED_EDGE('',*,*,#1223,.T.);
#1970=ORIENTED_EDGE('',*,*,#1410,.F.);
#1971=ORIENTED_EDGE('',*,*,#1329,.F.);
#1972=ORIENTED_EDGE('',*,*,#1348,.F.);
#1973=ORIENTED_EDGE('',*,*,#1187,.T.);
#1974=ORIENTED_EDGE('',*,*,#1409,.F.);
#1975=ORIENTED_EDGE('',*,*,#1323,.F.);
#1976=ORIENTED_EDGE('',*,*,#1349,.F.);
#1977=ORIENTED_EDGE('',*,*,#1213,.T.);
#1978=ORIENTED_EDGE('',*,*,#1412,.F.);
#1979=ORIENTED_EDGE('',*,*,#1326,.F.);
#1980=ORIENTED_EDGE('',*,*,#1400,.F.);
#1981=ORIENTED_EDGE('',*,*,#1417,.F.);
#1982=ORIENTED_EDGE('',*,*,#1462,.F.);
#1983=ORIENTED_EDGE('',*,*,#1354,.F.);
#1984=ORIENTED_EDGE('',*,*,#1463,.T.);
#1985=ORIENTED_EDGE('',*,*,#1418,.F.);
#1986=ORIENTED_EDGE('',*,*,#1463,.F.);
#1987=ORIENTED_EDGE('',*,*,#1353,.F.);
#1988=ORIENTED_EDGE('',*,*,#1464,.T.);
#1989=ORIENTED_EDGE('',*,*,#1419,.F.);
#1990=ORIENTED_EDGE('',*,*,#1464,.F.);
#1991=ORIENTED_EDGE('',*,*,#1352,.F.);
#1992=ORIENTED_EDGE('',*,*,#1465,.T.);
#1993=ORIENTED_EDGE('',*,*,#1420,.F.);
#1994=ORIENTED_EDGE('',*,*,#1465,.F.);
#1995=ORIENTED_EDGE('',*,*,#1351,.F.);
#1996=ORIENTED_EDGE('',*,*,#1466,.T.);
#1997=ORIENTED_EDGE('',*,*,#1413,.F.);
#1998=ORIENTED_EDGE('',*,*,#1466,.F.);
#1999=ORIENTED_EDGE('',*,*,#1350,.F.);
#2000=ORIENTED_EDGE('',*,*,#1467,.T.);
#2001=ORIENTED_EDGE('',*,*,#1414,.F.);
#2002=ORIENTED_EDGE('',*,*,#1467,.F.);
#2003=ORIENTED_EDGE('',*,*,#1357,.F.);
#2004=ORIENTED_EDGE('',*,*,#1468,.T.);
#2005=ORIENTED_EDGE('',*,*,#1415,.F.);
#2006=ORIENTED_EDGE('',*,*,#1468,.F.);
#2007=ORIENTED_EDGE('',*,*,#1356,.F.);
#2008=ORIENTED_EDGE('',*,*,#1469,.T.);
#2009=ORIENTED_EDGE('',*,*,#1416,.F.);
#2010=ORIENTED_EDGE('',*,*,#1469,.F.);
#2011=ORIENTED_EDGE('',*,*,#1355,.F.);
#2012=ORIENTED_EDGE('',*,*,#1462,.T.);
#2013=ORIENTED_EDGE('',*,*,#1425,.F.);
#2014=ORIENTED_EDGE('',*,*,#1470,.F.);
#2015=ORIENTED_EDGE('',*,*,#1362,.F.);
#2016=ORIENTED_EDGE('',*,*,#1471,.T.);
#2017=ORIENTED_EDGE('',*,*,#1426,.F.);
#2018=ORIENTED_EDGE('',*,*,#1471,.F.);
#2019=ORIENTED_EDGE('',*,*,#1361,.F.);
#2020=ORIENTED_EDGE('',*,*,#1472,.T.);
#2021=ORIENTED_EDGE('',*,*,#1427,.F.);
#2022=ORIENTED_EDGE('',*,*,#1472,.F.);
#2023=ORIENTED_EDGE('',*,*,#1360,.F.);
#2024=ORIENTED_EDGE('',*,*,#1473,.T.);
#2025=ORIENTED_EDGE('',*,*,#1428,.F.);
#2026=ORIENTED_EDGE('',*,*,#1473,.F.);
#2027=ORIENTED_EDGE('',*,*,#1359,.F.);
#2028=ORIENTED_EDGE('',*,*,#1474,.T.);
#2029=ORIENTED_EDGE('',*,*,#1421,.F.);
#2030=ORIENTED_EDGE('',*,*,#1474,.F.);
#2031=ORIENTED_EDGE('',*,*,#1358,.F.);
#2032=ORIENTED_EDGE('',*,*,#1475,.T.);
#2033=ORIENTED_EDGE('',*,*,#1422,.F.);
#2034=ORIENTED_EDGE('',*,*,#1475,.F.);
#2035=ORIENTED_EDGE('',*,*,#1365,.F.);
#2036=ORIENTED_EDGE('',*,*,#1476,.T.);
#2037=ORIENTED_EDGE('',*,*,#1423,.F.);
#2038=ORIENTED_EDGE('',*,*,#1476,.F.);
#2039=ORIENTED_EDGE('',*,*,#1364,.F.);
#2040=ORIENTED_EDGE('',*,*,#1477,.T.);
#2041=ORIENTED_EDGE('',*,*,#1424,.F.);
#2042=ORIENTED_EDGE('',*,*,#1477,.F.);
#2043=ORIENTED_EDGE('',*,*,#1363,.F.);
#2044=ORIENTED_EDGE('',*,*,#1470,.T.);
#2045=ORIENTED_EDGE('',*,*,#1433,.F.);
#2046=ORIENTED_EDGE('',*,*,#1478,.F.);
#2047=ORIENTED_EDGE('',*,*,#1370,.F.);
#2048=ORIENTED_EDGE('',*,*,#1479,.T.);
#2049=ORIENTED_EDGE('',*,*,#1434,.F.);
#2050=ORIENTED_EDGE('',*,*,#1479,.F.);
#2051=ORIENTED_EDGE('',*,*,#1369,.F.);
#2052=ORIENTED_EDGE('',*,*,#1480,.T.);
#2053=ORIENTED_EDGE('',*,*,#1435,.F.);
#2054=ORIENTED_EDGE('',*,*,#1480,.F.);
#2055=ORIENTED_EDGE('',*,*,#1368,.F.);
#2056=ORIENTED_EDGE('',*,*,#1481,.T.);
#2057=ORIENTED_EDGE('',*,*,#1436,.F.);
#2058=ORIENTED_EDGE('',*,*,#1481,.F.);
#2059=ORIENTED_EDGE('',*,*,#1367,.F.);
#2060=ORIENTED_EDGE('',*,*,#1482,.T.);
#2061=ORIENTED_EDGE('',*,*,#1429,.F.);
#2062=ORIENTED_EDGE('',*,*,#1482,.F.);
#2063=ORIENTED_EDGE('',*,*,#1366,.F.);
#2064=ORIENTED_EDGE('',*,*,#1483,.T.);
#2065=ORIENTED_EDGE('',*,*,#1430,.F.);
#2066=ORIENTED_EDGE('',*,*,#1483,.F.);
#2067=ORIENTED_EDGE('',*,*,#1373,.F.);
#2068=ORIENTED_EDGE('',*,*,#1484,.T.);
#2069=ORIENTED_EDGE('',*,*,#1431,.F.);
#2070=ORIENTED_EDGE('',*,*,#1484,.F.);
#2071=ORIENTED_EDGE('',*,*,#1372,.F.);
#2072=ORIENTED_EDGE('',*,*,#1485,.T.);
#2073=ORIENTED_EDGE('',*,*,#1432,.F.);
#2074=ORIENTED_EDGE('',*,*,#1485,.F.);
#2075=ORIENTED_EDGE('',*,*,#1371,.F.);
#2076=ORIENTED_EDGE('',*,*,#1478,.T.);
#2077=ORIENTED_EDGE('',*,*,#1441,.F.);
#2078=ORIENTED_EDGE('',*,*,#1486,.F.);
#2079=ORIENTED_EDGE('',*,*,#1378,.F.);
#2080=ORIENTED_EDGE('',*,*,#1487,.T.);
#2081=ORIENTED_EDGE('',*,*,#1442,.F.);
#2082=ORIENTED_EDGE('',*,*,#1487,.F.);
#2083=ORIENTED_EDGE('',*,*,#1377,.F.);
#2084=ORIENTED_EDGE('',*,*,#1488,.T.);
#2085=ORIENTED_EDGE('',*,*,#1443,.F.);
#2086=ORIENTED_EDGE('',*,*,#1488,.F.);
#2087=ORIENTED_EDGE('',*,*,#1376,.F.);
#2088=ORIENTED_EDGE('',*,*,#1489,.T.);
#2089=ORIENTED_EDGE('',*,*,#1444,.F.);
#2090=ORIENTED_EDGE('',*,*,#1489,.F.);
#2091=ORIENTED_EDGE('',*,*,#1375,.F.);
#2092=ORIENTED_EDGE('',*,*,#1490,.T.);
#2093=ORIENTED_EDGE('',*,*,#1437,.F.);
#2094=ORIENTED_EDGE('',*,*,#1490,.F.);
#2095=ORIENTED_EDGE('',*,*,#1374,.F.);
#2096=ORIENTED_EDGE('',*,*,#1491,.T.);
#2097=ORIENTED_EDGE('',*,*,#1438,.F.);
#2098=ORIENTED_EDGE('',*,*,#1491,.F.);
#2099=ORIENTED_EDGE('',*,*,#1381,.F.);
#2100=ORIENTED_EDGE('',*,*,#1492,.T.);
#2101=ORIENTED_EDGE('',*,*,#1439,.F.);
#2102=ORIENTED_EDGE('',*,*,#1492,.F.);
#2103=ORIENTED_EDGE('',*,*,#1380,.F.);
#2104=ORIENTED_EDGE('',*,*,#1493,.T.);
#2105=ORIENTED_EDGE('',*,*,#1440,.F.);
#2106=ORIENTED_EDGE('',*,*,#1493,.F.);
#2107=ORIENTED_EDGE('',*,*,#1379,.F.);
#2108=ORIENTED_EDGE('',*,*,#1486,.T.);
#2109=ORIENTED_EDGE('',*,*,#1449,.F.);
#2110=ORIENTED_EDGE('',*,*,#1494,.F.);
#2111=ORIENTED_EDGE('',*,*,#1386,.F.);
#2112=ORIENTED_EDGE('',*,*,#1495,.T.);
#2113=ORIENTED_EDGE('',*,*,#1450,.F.);
#2114=ORIENTED_EDGE('',*,*,#1495,.F.);
#2115=ORIENTED_EDGE('',*,*,#1385,.F.);
#2116=ORIENTED_EDGE('',*,*,#1496,.T.);
#2117=ORIENTED_EDGE('',*,*,#1451,.F.);
#2118=ORIENTED_EDGE('',*,*,#1496,.F.);
#2119=ORIENTED_EDGE('',*,*,#1384,.F.);
#2120=ORIENTED_EDGE('',*,*,#1497,.T.);
#2121=ORIENTED_EDGE('',*,*,#1452,.F.);
#2122=ORIENTED_EDGE('',*,*,#1497,.F.);
#2123=ORIENTED_EDGE('',*,*,#1383,.F.);
#2124=ORIENTED_EDGE('',*,*,#1498,.T.);
#2125=ORIENTED_EDGE('',*,*,#1445,.F.);
#2126=ORIENTED_EDGE('',*,*,#1498,.F.);
#2127=ORIENTED_EDGE('',*,*,#1382,.F.);
#2128=ORIENTED_EDGE('',*,*,#1499,.T.);
#2129=ORIENTED_EDGE('',*,*,#1446,.F.);
#2130=ORIENTED_EDGE('',*,*,#1499,.F.);
#2131=ORIENTED_EDGE('',*,*,#1389,.F.);
#2132=ORIENTED_EDGE('',*,*,#1500,.T.);
#2133=ORIENTED_EDGE('',*,*,#1447,.F.);
#2134=ORIENTED_EDGE('',*,*,#1500,.F.);
#2135=ORIENTED_EDGE('',*,*,#1388,.F.);
#2136=ORIENTED_EDGE('',*,*,#1501,.T.);
#2137=ORIENTED_EDGE('',*,*,#1448,.F.);
#2138=ORIENTED_EDGE('',*,*,#1501,.F.);
#2139=ORIENTED_EDGE('',*,*,#1387,.F.);
#2140=ORIENTED_EDGE('',*,*,#1494,.T.);
#2141=ORIENTED_EDGE('',*,*,#1457,.F.);
#2142=ORIENTED_EDGE('',*,*,#1502,.F.);
#2143=ORIENTED_EDGE('',*,*,#1394,.F.);
#2144=ORIENTED_EDGE('',*,*,#1503,.T.);
#2145=ORIENTED_EDGE('',*,*,#1458,.F.);
#2146=ORIENTED_EDGE('',*,*,#1503,.F.);
#2147=ORIENTED_EDGE('',*,*,#1393,.F.);
#2148=ORIENTED_EDGE('',*,*,#1504,.T.);
#2149=ORIENTED_EDGE('',*,*,#1459,.F.);
#2150=ORIENTED_EDGE('',*,*,#1504,.F.);
#2151=ORIENTED_EDGE('',*,*,#1392,.F.);
#2152=ORIENTED_EDGE('',*,*,#1505,.T.);
#2153=ORIENTED_EDGE('',*,*,#1460,.F.);
#2154=ORIENTED_EDGE('',*,*,#1505,.F.);
#2155=ORIENTED_EDGE('',*,*,#1391,.F.);
#2156=ORIENTED_EDGE('',*,*,#1506,.T.);
#2157=ORIENTED_EDGE('',*,*,#1453,.F.);
#2158=ORIENTED_EDGE('',*,*,#1506,.F.);
#2159=ORIENTED_EDGE('',*,*,#1390,.F.);
#2160=ORIENTED_EDGE('',*,*,#1507,.T.);
#2161=ORIENTED_EDGE('',*,*,#1454,.F.);
#2162=ORIENTED_EDGE('',*,*,#1507,.F.);
#2163=ORIENTED_EDGE('',*,*,#1397,.F.);
#2164=ORIENTED_EDGE('',*,*,#1508,.T.);
#2165=ORIENTED_EDGE('',*,*,#1455,.F.);
#2166=ORIENTED_EDGE('',*,*,#1508,.F.);
#2167=ORIENTED_EDGE('',*,*,#1396,.F.);
#2168=ORIENTED_EDGE('',*,*,#1509,.T.);
#2169=ORIENTED_EDGE('',*,*,#1456,.F.);
#2170=ORIENTED_EDGE('',*,*,#1509,.F.);
#2171=ORIENTED_EDGE('',*,*,#1395,.F.);
#2172=ORIENTED_EDGE('',*,*,#1502,.T.);
#2173=ORIENTED_EDGE('',*,*,#1398,.F.);
#2174=ORIENTED_EDGE('',*,*,#1510,.T.);
#2175=ORIENTED_EDGE('',*,*,#1461,.T.);
#2176=ORIENTED_EDGE('',*,*,#1510,.F.);
#2177=ORIENTED_EDGE('',*,*,#1402,.T.);
#2178=ORIENTED_EDGE('',*,*,#1511,.T.);
#2179=ORIENTED_EDGE('',*,*,#1347,.F.);
#2180=ORIENTED_EDGE('',*,*,#1512,.F.);
#2181=ORIENTED_EDGE('',*,*,#1403,.T.);
#2182=ORIENTED_EDGE('',*,*,#1512,.T.);
#2183=ORIENTED_EDGE('',*,*,#1346,.F.);
#2184=ORIENTED_EDGE('',*,*,#1513,.F.);
#2185=ORIENTED_EDGE('',*,*,#1404,.T.);
#2186=ORIENTED_EDGE('',*,*,#1513,.T.);
#2187=ORIENTED_EDGE('',*,*,#1345,.F.);
#2188=ORIENTED_EDGE('',*,*,#1514,.F.);
#2189=ORIENTED_EDGE('',*,*,#1405,.T.);
#2190=ORIENTED_EDGE('',*,*,#1514,.T.);
#2191=ORIENTED_EDGE('',*,*,#1344,.F.);
#2192=ORIENTED_EDGE('',*,*,#1515,.F.);
#2193=ORIENTED_EDGE('',*,*,#1406,.T.);
#2194=ORIENTED_EDGE('',*,*,#1515,.T.);
#2195=ORIENTED_EDGE('',*,*,#1343,.F.);
#2196=ORIENTED_EDGE('',*,*,#1516,.F.);
#2197=ORIENTED_EDGE('',*,*,#1407,.T.);
#2198=ORIENTED_EDGE('',*,*,#1516,.T.);
#2199=ORIENTED_EDGE('',*,*,#1342,.F.);
#2200=ORIENTED_EDGE('',*,*,#1517,.F.);
#2201=ORIENTED_EDGE('',*,*,#1408,.T.);
#2202=ORIENTED_EDGE('',*,*,#1517,.T.);
#2203=ORIENTED_EDGE('',*,*,#1341,.F.);
#2204=ORIENTED_EDGE('',*,*,#1518,.F.);
#2205=ORIENTED_EDGE('',*,*,#1401,.T.);
#2206=ORIENTED_EDGE('',*,*,#1518,.T.);
#2207=ORIENTED_EDGE('',*,*,#1340,.F.);
#2208=ORIENTED_EDGE('',*,*,#1511,.F.);
#2209=PLANE('',#2403);
#2210=PLANE('',#2407);
#2211=PLANE('',#2417);
#2212=PLANE('',#2418);
#2213=PLANE('',#2425);
#2214=PLANE('',#2432);
#2215=PLANE('',#2433);
#2216=PLANE('',#2440);
#2217=PLANE('',#2444);
#2218=PLANE('',#2448);
#2219=PLANE('',#2455);
#2220=PLANE('',#2465);
#2221=PLANE('',#2469);
#2222=PLANE('',#2473);
#2223=PLANE('',#2477);
#2224=PLANE('',#2481);
#2225=PLANE('',#2488);
#2226=PLANE('',#2492);
#2227=PLANE('',#2496);
#2228=PLANE('',#2500);
#2229=PLANE('',#2504);
#2230=PLANE('',#2505);
#2231=PLANE('',#2515);
#2232=PLANE('',#2519);
#2233=PLANE('',#2552);
#2234=PLANE('',#2586);
#2235=PLANE('',#2589);
#2236=PLANE('',#2591);
#2237=PLANE('',#2593);
#2238=PLANE('',#2595);
#2239=PLANE('',#2597);
#2240=PLANE('',#2599);
#2241=PLANE('',#2601);
#2242=PLANE('',#2603);
#2243=PLANE('',#2606);
#2244=PLANE('',#2608);
#2245=PLANE('',#2610);
#2246=PLANE('',#2612);
#2247=PLANE('',#2614);
#2248=PLANE('',#2616);
#2249=PLANE('',#2618);
#2250=PLANE('',#2620);
#2251=PLANE('',#2622);
#2252=PLANE('',#2624);
#2253=PLANE('',#2626);
#2254=PLANE('',#2628);
#2255=PLANE('',#2629);
#2256=PLANE('',#2631);
#2257=PLANE('',#2633);
#2258=PLANE('',#2635);
#2259=PLANE('',#2639);
#2260=PLANE('',#2641);
#2261=PLANE('',#2643);
#2262=PLANE('',#2645);
#2263=ADVANCED_FACE('',(#238),#2209,.F.);
#2264=ADVANCED_FACE('',(#239),#175,.F.);
#2265=ADVANCED_FACE('',(#240),#2210,.F.);
#2266=ADVANCED_FACE('',(#241),#176,.T.);
#2267=ADVANCED_FACE('',(#242),#177,.F.);
#2268=ADVANCED_FACE('',(#243),#178,.F.);
#2269=ADVANCED_FACE('',(#244),#2211,.F.);
#2270=ADVANCED_FACE('',(#245),#2212,.F.);
#2271=ADVANCED_FACE('',(#246),#179,.T.);
#2272=ADVANCED_FACE('',(#247),#180,.T.);
#2273=ADVANCED_FACE('',(#248),#2213,.F.);
#2274=ADVANCED_FACE('',(#249),#181,.F.);
#2275=ADVANCED_FACE('',(#250),#182,.F.);
#2276=ADVANCED_FACE('',(#251),#2214,.F.);
#2277=ADVANCED_FACE('',(#252),#2215,.F.);
#2278=ADVANCED_FACE('',(#253),#183,.F.);
#2279=ADVANCED_FACE('',(#254),#184,.F.);
#2280=ADVANCED_FACE('',(#255),#2216,.F.);
#2281=ADVANCED_FACE('',(#256),#185,.T.);
#2282=ADVANCED_FACE('',(#257),#2217,.F.);
#2283=ADVANCED_FACE('',(#258),#186,.F.);
#2284=ADVANCED_FACE('',(#259),#2218,.F.);
#2285=ADVANCED_FACE('',(#260),#187,.T.);
#2286=ADVANCED_FACE('',(#261),#188,.T.);
#2287=ADVANCED_FACE('',(#262),#2219,.F.);
#2288=ADVANCED_FACE('',(#263),#189,.F.);
#2289=ADVANCED_FACE('',(#264),#190,.F.);
#2290=ADVANCED_FACE('',(#265),#191,.F.);
#2291=ADVANCED_FACE('',(#266),#2220,.F.);
#2292=ADVANCED_FACE('',(#267),#192,.T.);
#2293=ADVANCED_FACE('',(#268),#2221,.F.);
#2294=ADVANCED_FACE('',(#269),#193,.T.);
#2295=ADVANCED_FACE('',(#270),#2222,.F.);
#2296=ADVANCED_FACE('',(#271),#194,.F.);
#2297=ADVANCED_FACE('',(#272),#2223,.F.);
#2298=ADVANCED_FACE('',(#273),#195,.T.);
#2299=ADVANCED_FACE('',(#274),#2224,.F.);
#2300=ADVANCED_FACE('',(#275),#196,.F.);
#2301=ADVANCED_FACE('',(#276),#197,.F.);
#2302=ADVANCED_FACE('',(#277),#2225,.F.);
#2303=ADVANCED_FACE('',(#278),#198,.T.);
#2304=ADVANCED_FACE('',(#279),#2226,.F.);
#2305=ADVANCED_FACE('',(#280),#199,.F.);
#2306=ADVANCED_FACE('',(#281),#2227,.F.);
#2307=ADVANCED_FACE('',(#282),#200,.F.);
#2308=ADVANCED_FACE('',(#283),#2228,.F.);
#2309=ADVANCED_FACE('',(#284),#201,.T.);
#2310=ADVANCED_FACE('',(#285),#2229,.F.);
#2311=ADVANCED_FACE('',(#286),#2230,.F.);
#2312=ADVANCED_FACE('',(#287),#202,.F.);
#2313=ADVANCED_FACE('',(#288),#203,.F.);
#2314=ADVANCED_FACE('',(#289),#204,.F.);
#2315=ADVANCED_FACE('',(#290),#2231,.F.);
#2316=ADVANCED_FACE('',(#291),#205,.F.);
#2317=ADVANCED_FACE('',(#292,#15,#16,#17,#18,#19,#20,#21,#22,#23,#24,#25,
#26,#27,#28,#29,#30,#31),#2232,.T.);
#2318=ADVANCED_FACE('',(#293,#32,#33,#34,#35,#36,#37,#38,#39,#40,#41,#42,
#43,#44,#45,#46,#47,#48),#2233,.F.);
#2319=ADVANCED_FACE('',(#294),#206,.F.);
#2320=ADVANCED_FACE('',(#295),#2234,.F.);
#2321=ADVANCED_FACE('',(#296),#207,.F.);
#2322=ADVANCED_FACE('',(#297),#208,.F.);
#2323=ADVANCED_FACE('',(#298),#2235,.F.);
#2324=ADVANCED_FACE('',(#299),#209,.F.);
#2325=ADVANCED_FACE('',(#300),#2236,.F.);
#2326=ADVANCED_FACE('',(#301),#210,.F.);
#2327=ADVANCED_FACE('',(#302),#2237,.F.);
#2328=ADVANCED_FACE('',(#303),#211,.F.);
#2329=ADVANCED_FACE('',(#304),#2238,.F.);
#2330=ADVANCED_FACE('',(#305),#212,.F.);
#2331=ADVANCED_FACE('',(#306),#2239,.F.);
#2332=ADVANCED_FACE('',(#307),#213,.F.);
#2333=ADVANCED_FACE('',(#308),#2240,.F.);
#2334=ADVANCED_FACE('',(#309),#214,.F.);
#2335=ADVANCED_FACE('',(#310),#2241,.F.);
#2336=ADVANCED_FACE('',(#311),#215,.F.);
#2337=ADVANCED_FACE('',(#312),#2242,.F.);
#2338=ADVANCED_FACE('',(#313),#216,.F.);
#2339=ADVANCED_FACE('',(#314),#217,.F.);
#2340=ADVANCED_FACE('',(#315),#2243,.F.);
#2341=ADVANCED_FACE('',(#316),#218,.F.);
#2342=ADVANCED_FACE('',(#317),#2244,.F.);
#2343=ADVANCED_FACE('',(#318),#219,.F.);
#2344=ADVANCED_FACE('',(#319),#2245,.F.);
#2345=ADVANCED_FACE('',(#320),#220,.F.);
#2346=ADVANCED_FACE('',(#321),#2246,.F.);
#2347=ADVANCED_FACE('',(#322),#221,.F.);
#2348=ADVANCED_FACE('',(#323),#2247,.F.);
#2349=ADVANCED_FACE('',(#324),#222,.F.);
#2350=ADVANCED_FACE('',(#325),#2248,.F.);
#2351=ADVANCED_FACE('',(#326),#223,.F.);
#2352=ADVANCED_FACE('',(#327),#2249,.F.);
#2353=ADVANCED_FACE('',(#328),#224,.F.);
#2354=ADVANCED_FACE('',(#329),#2250,.F.);
#2355=ADVANCED_FACE('',(#330),#225,.F.);
#2356=ADVANCED_FACE('',(#331),#2251,.F.);
#2357=ADVANCED_FACE('',(#332),#226,.F.);
#2358=ADVANCED_FACE('',(#333),#2252,.F.);
#2359=ADVANCED_FACE('',(#334),#227,.F.);
#2360=ADVANCED_FACE('',(#335),#2253,.F.);
#2361=ADVANCED_FACE('',(#336),#228,.F.);
#2362=ADVANCED_FACE('',(#337),#2254,.F.);
#2363=ADVANCED_FACE('',(#338),#2255,.F.);
#2364=ADVANCED_FACE('',(#339),#229,.F.);
#2365=ADVANCED_FACE('',(#340),#2256,.F.);
#2366=ADVANCED_FACE('',(#341),#230,.F.);
#2367=ADVANCED_FACE('',(#342),#2257,.F.);
#2368=ADVANCED_FACE('',(#343),#231,.F.);
#2369=ADVANCED_FACE('',(#344),#2258,.F.);
#2370=ADVANCED_FACE('',(#345),#232,.F.);
#2371=ADVANCED_FACE('',(#346),#233,.F.);
#2372=ADVANCED_FACE('',(#347),#234,.T.);
#2373=ADVANCED_FACE('',(#348),#2259,.T.);
#2374=ADVANCED_FACE('',(#349),#235,.T.);
#2375=ADVANCED_FACE('',(#350),#2260,.T.);
#2376=ADVANCED_FACE('',(#351),#236,.T.);
#2377=ADVANCED_FACE('',(#352),#2261,.T.);
#2378=ADVANCED_FACE('',(#353),#237,.T.);
#2379=ADVANCED_FACE('',(#354),#2262,.T.);
#2380=CLOSED_SHELL('',(#2263,#2264,#2265,#2266,#2267,#2268,#2269,#2270,
#2271,#2272,#2273,#2274,#2275,#2276,#2277,#2278,#2279,#2280,#2281,#2282,
#2283,#2284,#2285,#2286,#2287,#2288,#2289,#2290,#2291,#2292,#2293,#2294,
#2295,#2296,#2297,#2298,#2299,#2300,#2301,#2302,#2303,#2304,#2305,#2306,
#2307,#2308,#2309,#2310,#2311,#2312,#2313,#2314,#2315,#2316,#2317,#2318,
#2319,#2320,#2321,#2322,#2323,#2324,#2325,#2326,#2327,#2328,#2329,#2330,
#2331,#2332,#2333,#2334,#2335,#2336,#2337,#2338,#2339,#2340,#2341,#2342,
#2343,#2344,#2345,#2346,#2347,#2348,#2349,#2350,#2351,#2352,#2353,#2354,
#2355,#2356,#2357,#2358,#2359,#2360,#2361,#2362,#2363,#2364,#2365,#2366,
#2367,#2368,#2369,#2370,#2371,#2372,#2373,#2374,#2375,#2376,#2377,#2378,
#2379));
#2381=DERIVED_UNIT_ELEMENT(#2384,1.);
#2382=DERIVED_UNIT_ELEMENT(#4051,-3.);
#2383=DIMENSIONAL_EXPONENTS(0.,1.,0.,0.,0.,0.,0.);
#2384=(
CONVERSION_BASED_UNIT('gram',#2386)
MASS_UNIT()
NAMED_UNIT(#2383)
);
#2385=(
MASS_UNIT()
NAMED_UNIT(*)
SI_UNIT(.KILO.,.GRAM.)
);
#2386=MASS_MEASURE_WITH_UNIT(MASS_MEASURE(0.001),#2385);
#2387=DERIVED_UNIT((#2381,#2382));
#2388=MEASURE_REPRESENTATION_ITEM('density measure',
POSITIVE_RATIO_MEASURE(1.),#2387);
#2389=PROPERTY_DEFINITION_REPRESENTATION(#2394,#2391);
#2390=PROPERTY_DEFINITION_REPRESENTATION(#2395,#2392);
#2391=REPRESENTATION('material name',(#2393),#4048);
#2392=REPRESENTATION('density',(#2388),#4048);
#2393=DESCRIPTIVE_REPRESENTATION_ITEM('Generic','Generic');
#2394=PROPERTY_DEFINITION('material property','material name',#4058);
#2395=PROPERTY_DEFINITION('material property','density of part',#4058);
#2396=DATE_TIME_ROLE('creation_date');
#2397=APPLIED_DATE_AND_TIME_ASSIGNMENT(#2398,#2396,(#4058));
#2398=DATE_AND_TIME(#2399,#2400);
#2399=CALENDAR_DATE(2026,12,4);
#2400=LOCAL_TIME(0,0,0.,#2401);
#2401=COORDINATED_UNIVERSAL_TIME_OFFSET(0,0,.BEHIND.);
#2402=AXIS2_PLACEMENT_3D('',#3353,#2646,#2647);
#2403=AXIS2_PLACEMENT_3D('',#3354,#2648,#2649);
#2404=AXIS2_PLACEMENT_3D('',#3363,#2654,#2655);
#2405=AXIS2_PLACEMENT_3D('',#3365,#2656,#2657);
#2406=AXIS2_PLACEMENT_3D('',#3367,#2658,#2659);
#2407=AXIS2_PLACEMENT_3D('',#3369,#2661,#2662);
#2408=AXIS2_PLACEMENT_3D('',#3375,#2666,#2667);
#2409=AXIS2_PLACEMENT_3D('',#3376,#2668,#2669);
#2410=AXIS2_PLACEMENT_3D('',#3377,#2670,#2671);
#2411=AXIS2_PLACEMENT_3D('',#3378,#2672,#2673);
#2412=AXIS2_PLACEMENT_3D('',#3381,#2674,#2675);
#2413=AXIS2_PLACEMENT_3D('',#3385,#2677,#2678);
#2414=AXIS2_PLACEMENT_3D('',#3387,#2680,#2681);
#2415=AXIS2_PLACEMENT_3D('',#3390,#2682,#2683);
#2416=AXIS2_PLACEMENT_3D('',#3394,#2685,#2686);
#2417=AXIS2_PLACEMENT_3D('',#3396,#2688,#2689);
#2418=AXIS2_PLACEMENT_3D('',#3402,#2693,#2694);
#2419=AXIS2_PLACEMENT_3D('',#3408,#2698,#2699);
#2420=AXIS2_PLACEMENT_3D('',#3409,#2700,#2701);
#2421=AXIS2_PLACEMENT_3D('',#3410,#2702,#2703);
#2422=AXIS2_PLACEMENT_3D('',#3411,#2704,#2705);
#2423=AXIS2_PLACEMENT_3D('',#3414,#2706,#2707);
#2424=AXIS2_PLACEMENT_3D('',#3418,#2709,#2710);
#2425=AXIS2_PLACEMENT_3D('',#3420,#2712,#2713);
#2426=AXIS2_PLACEMENT_3D('',#3426,#2717,#2718);
#2427=AXIS2_PLACEMENT_3D('',#3428,#2719,#2720);
#2428=AXIS2_PLACEMENT_3D('',#3430,#2721,#2722);
#2429=AXIS2_PLACEMENT_3D('',#3432,#2724,#2725);
#2430=AXIS2_PLACEMENT_3D('',#3435,#2726,#2727);
#2431=AXIS2_PLACEMENT_3D('',#3439,#2729,#2730);
#2432=AXIS2_PLACEMENT_3D('',#3441,#2732,#2733);
#2433=AXIS2_PLACEMENT_3D('',#3444,#2736,#2737);
#2434=AXIS2_PLACEMENT_3D('',#3453,#2742,#2743);
#2435=AXIS2_PLACEMENT_3D('',#3456,#2744,#2745);
#2436=AXIS2_PLACEMENT_3D('',#3460,#2747,#2748);
#2437=AXIS2_PLACEMENT_3D('',#3462,#2750,#2751);
#2438=AXIS2_PLACEMENT_3D('',#3464,#2752,#2753);
#2439=AXIS2_PLACEMENT_3D('',#3466,#2754,#2755);
#2440=AXIS2_PLACEMENT_3D('',#3468,#2757,#2758);
#2441=AXIS2_PLACEMENT_3D('',#3474,#2762,#2763);
#2442=AXIS2_PLACEMENT_3D('',#3475,#2764,#2765);
#2443=AXIS2_PLACEMENT_3D('',#3476,#2766,#2767);
#2444=AXIS2_PLACEMENT_3D('',#3477,#2768,#2769);
#2445=AXIS2_PLACEMENT_3D('',#3486,#2774,#2775);
#2446=AXIS2_PLACEMENT_3D('',#3488,#2776,#2777);
#2447=AXIS2_PLACEMENT_3D('',#3490,#2778,#2779);
#2448=AXIS2_PLACEMENT_3D('',#3492,#2781,#2782);
#2449=AXIS2_PLACEMENT_3D('',#3498,#2786,#2787);
#2450=AXIS2_PLACEMENT_3D('',#3499,#2788,#2789);
#2451=AXIS2_PLACEMENT_3D('',#3500,#2790,#2791);
#2452=AXIS2_PLACEMENT_3D('',#3501,#2792,#2793);
#2453=AXIS2_PLACEMENT_3D('',#3504,#2794,#2795);
#2454=AXIS2_PLACEMENT_3D('',#3508,#2797,#2798);
#2455=AXIS2_PLACEMENT_3D('',#3510,#2800,#2801);
#2456=AXIS2_PLACEMENT_3D('',#3516,#2805,#2806);
#2457=AXIS2_PLACEMENT_3D('',#3519,#2807,#2808);
#2458=AXIS2_PLACEMENT_3D('',#3523,#2810,#2811);
#2459=AXIS2_PLACEMENT_3D('',#3525,#2813,#2814);
#2460=AXIS2_PLACEMENT_3D('',#3527,#2815,#2816);
#2461=AXIS2_PLACEMENT_3D('',#3529,#2817,#2818);
#2462=AXIS2_PLACEMENT_3D('',#3531,#2820,#2821);
#2463=AXIS2_PLACEMENT_3D('',#3536,#2823,#2824);
#2464=AXIS2_PLACEMENT_3D('',#3539,#2826,#2827);
#2465=AXIS2_PLACEMENT_3D('',#3540,#2828,#2829);
#2466=AXIS2_PLACEMENT_3D('',#3546,#2833,#2834);
#2467=AXIS2_PLACEMENT_3D('',#3550,#2836,#2837);
#2468=AXIS2_PLACEMENT_3D('',#3551,#2838,#2839);
#2469=AXIS2_PLACEMENT_3D('',#3552,#2840,#2841);
#2470=AXIS2_PLACEMENT_3D('',#3561,#2846,#2847);
#2471=AXIS2_PLACEMENT_3D('',#3563,#2848,#2849);
#2472=AXIS2_PLACEMENT_3D('',#3565,#2850,#2851);
#2473=AXIS2_PLACEMENT_3D('',#3567,#2853,#2854);
#2474=AXIS2_PLACEMENT_3D('',#3573,#2858,#2859);
#2475=AXIS2_PLACEMENT_3D('',#3574,#2860,#2861);
#2476=AXIS2_PLACEMENT_3D('',#3575,#2862,#2863);
#2477=AXIS2_PLACEMENT_3D('',#3576,#2864,#2865);
#2478=AXIS2_PLACEMENT_3D('',#3585,#2870,#2871);
#2479=AXIS2_PLACEMENT_3D('',#3587,#2872,#2873);
#2480=AXIS2_PLACEMENT_3D('',#3589,#2874,#2875);
#2481=AXIS2_PLACEMENT_3D('',#3591,#2877,#2878);
#2482=AXIS2_PLACEMENT_3D('',#3597,#2882,#2883);
#2483=AXIS2_PLACEMENT_3D('',#3598,#2884,#2885);
#2484=AXIS2_PLACEMENT_3D('',#3599,#2886,#2887);
#2485=AXIS2_PLACEMENT_3D('',#3600,#2888,#2889);
#2486=AXIS2_PLACEMENT_3D('',#3605,#2891,#2892);
#2487=AXIS2_PLACEMENT_3D('',#3608,#2894,#2895);
#2488=AXIS2_PLACEMENT_3D('',#3609,#2896,#2897);
#2489=AXIS2_PLACEMENT_3D('',#3615,#2901,#2902);
#2490=AXIS2_PLACEMENT_3D('',#3617,#2903,#2904);
#2491=AXIS2_PLACEMENT_3D('',#3619,#2905,#2906);
#2492=AXIS2_PLACEMENT_3D('',#3621,#2908,#2909);
#2493=AXIS2_PLACEMENT_3D('',#3627,#2913,#2914);
#2494=AXIS2_PLACEMENT_3D('',#3631,#2916,#2917);
#2495=AXIS2_PLACEMENT_3D('',#3632,#2918,#2919);
#2496=AXIS2_PLACEMENT_3D('',#3633,#2920,#2921);
#2497=AXIS2_PLACEMENT_3D('',#3642,#2926,#2927);
#2498=AXIS2_PLACEMENT_3D('',#3644,#2928,#2929);
#2499=AXIS2_PLACEMENT_3D('',#3646,#2930,#2931);
#2500=AXIS2_PLACEMENT_3D('',#3648,#2933,#2934);
#2501=AXIS2_PLACEMENT_3D('',#3654,#2938,#2939);
#2502=AXIS2_PLACEMENT_3D('',#3655,#2940,#2941);
#2503=AXIS2_PLACEMENT_3D('',#3656,#2942,#2943);
#2504=AXIS2_PLACEMENT_3D('',#3657,#2944,#2945);
#2505=AXIS2_PLACEMENT_3D('',#3663,#2949,#2950);
#2506=AXIS2_PLACEMENT_3D('',#3669,#2954,#2955);
#2507=AXIS2_PLACEMENT_3D('',#3671,#2956,#2957);
#2508=AXIS2_PLACEMENT_3D('',#3674,#2959,#2960);
#2509=AXIS2_PLACEMENT_3D('',#3675,#2961,#2962);
#2510=AXIS2_PLACEMENT_3D('',#3677,#2963,#2964);
#2511=AXIS2_PLACEMENT_3D('',#3680,#2966,#2967);
#2512=AXIS2_PLACEMENT_3D('',#3681,#2968,#2969);
#2513=AXIS2_PLACEMENT_3D('',#3682,#2970,#2971);
#2514=AXIS2_PLACEMENT_3D('',#3683,#2972,#2973);
#2515=AXIS2_PLACEMENT_3D('',#3684,#2974,#2975);
#2516=AXIS2_PLACEMENT_3D('',#3687,#2978,#2979);
#2517=AXIS2_PLACEMENT_3D('',#3688,#2980,#2981);
#2518=AXIS2_PLACEMENT_3D('',#3689,#2982,#2983);
#2519=AXIS2_PLACEMENT_3D('',#3690,#2984,#2985);
#2520=AXIS2_PLACEMENT_3D('',#3695,#2987,#2988);
#2521=AXIS2_PLACEMENT_3D('',#3699,#2990,#2991);
#2522=AXIS2_PLACEMENT_3D('',#3703,#2993,#2994);
#2523=AXIS2_PLACEMENT_3D('',#3706,#2996,#2997);
#2524=AXIS2_PLACEMENT_3D('',#3708,#2999,#3000);
#2525=AXIS2_PLACEMENT_3D('',#3713,#3002,#3003);
#2526=AXIS2_PLACEMENT_3D('',#3717,#3005,#3006);
#2527=AXIS2_PLACEMENT_3D('',#3721,#3008,#3009);
#2528=AXIS2_PLACEMENT_3D('',#3724,#3011,#3012);
#2529=AXIS2_PLACEMENT_3D('',#3729,#3014,#3015);
#2530=AXIS2_PLACEMENT_3D('',#3733,#3017,#3018);
#2531=AXIS2_PLACEMENT_3D('',#3737,#3020,#3021);
#2532=AXIS2_PLACEMENT_3D('',#3740,#3023,#3024);
#2533=AXIS2_PLACEMENT_3D('',#3743,#3025,#3026);
#2534=AXIS2_PLACEMENT_3D('',#3747,#3028,#3029);
#2535=AXIS2_PLACEMENT_3D('',#3751,#3031,#3032);
#2536=AXIS2_PLACEMENT_3D('',#3755,#3034,#3035);
#2537=AXIS2_PLACEMENT_3D('',#3759,#3037,#3038);
#2538=AXIS2_PLACEMENT_3D('',#3763,#3040,#3041);
#2539=AXIS2_PLACEMENT_3D('',#3767,#3043,#3044);
#2540=AXIS2_PLACEMENT_3D('',#3771,#3046,#3047);
#2541=AXIS2_PLACEMENT_3D('',#3775,#3049,#3050);
#2542=AXIS2_PLACEMENT_3D('',#3779,#3052,#3053);
#2543=AXIS2_PLACEMENT_3D('',#3783,#3055,#3056);
#2544=AXIS2_PLACEMENT_3D('',#3787,#3058,#3059);
#2545=AXIS2_PLACEMENT_3D('',#3793,#3062,#3063);
#2546=AXIS2_PLACEMENT_3D('',#3797,#3065,#3066);
#2547=AXIS2_PLACEMENT_3D('',#3801,#3068,#3069);
#2548=AXIS2_PLACEMENT_3D('',#3804,#3071,#3072);
#2549=AXIS2_PLACEMENT_3D('',#3806,#3073,#3074);
#2550=AXIS2_PLACEMENT_3D('',#3807,#3075,#3076);
#2551=AXIS2_PLACEMENT_3D('',#3808,#3077,#3078);
#2552=AXIS2_PLACEMENT_3D('',#3809,#3079,#3080);
#2553=AXIS2_PLACEMENT_3D('',#3814,#3082,#3083);
#2554=AXIS2_PLACEMENT_3D('',#3818,#3085,#3086);
#2555=AXIS2_PLACEMENT_3D('',#3822,#3088,#3089);
#2556=AXIS2_PLACEMENT_3D('',#3825,#3091,#3092);
#2557=AXIS2_PLACEMENT_3D('',#3826,#3093,#3094);
#2558=AXIS2_PLACEMENT_3D('',#3828,#3096,#3097);
#2559=AXIS2_PLACEMENT_3D('',#3829,#3098,#3099);
#2560=AXIS2_PLACEMENT_3D('',#3834,#3101,#3102);
#2561=AXIS2_PLACEMENT_3D('',#3838,#3104,#3105);
#2562=AXIS2_PLACEMENT_3D('',#3842,#3107,#3108);
#2563=AXIS2_PLACEMENT_3D('',#3845,#3110,#3111);
#2564=AXIS2_PLACEMENT_3D('',#3850,#3113,#3114);
#2565=AXIS2_PLACEMENT_3D('',#3854,#3116,#3117);
#2566=AXIS2_PLACEMENT_3D('',#3858,#3119,#3120);
#2567=AXIS2_PLACEMENT_3D('',#3861,#3122,#3123);
#2568=AXIS2_PLACEMENT_3D('',#3864,#3124,#3125);
#2569=AXIS2_PLACEMENT_3D('',#3868,#3127,#3128);
#2570=AXIS2_PLACEMENT_3D('',#3872,#3130,#3131);
#2571=AXIS2_PLACEMENT_3D('',#3876,#3133,#3134);
#2572=AXIS2_PLACEMENT_3D('',#3880,#3136,#3137);
#2573=AXIS2_PLACEMENT_3D('',#3884,#3139,#3140);
#2574=AXIS2_PLACEMENT_3D('',#3888,#3142,#3143);
#2575=AXIS2_PLACEMENT_3D('',#3892,#3145,#3146);
#2576=AXIS2_PLACEMENT_3D('',#3896,#3148,#3149);
#2577=AXIS2_PLACEMENT_3D('',#3900,#3151,#3152);
#2578=AXIS2_PLACEMENT_3D('',#3904,#3154,#3155);
#2579=AXIS2_PLACEMENT_3D('',#3908,#3157,#3158);
#2580=AXIS2_PLACEMENT_3D('',#3914,#3161,#3162);
#2581=AXIS2_PLACEMENT_3D('',#3918,#3164,#3165);
#2582=AXIS2_PLACEMENT_3D('',#3922,#3167,#3168);
#2583=AXIS2_PLACEMENT_3D('',#3925,#3170,#3171);
#2584=AXIS2_PLACEMENT_3D('',#3927,#3172,#3173);
#2585=AXIS2_PLACEMENT_3D('',#3928,#3174,#3175);
#2586=AXIS2_PLACEMENT_3D('',#3929,#3176,#3177);
#2587=AXIS2_PLACEMENT_3D('',#3930,#3178,#3179);
#2588=AXIS2_PLACEMENT_3D('',#3931,#3180,#3181);
#2589=AXIS2_PLACEMENT_3D('',#3932,#3182,#3183);
#2590=AXIS2_PLACEMENT_3D('',#3935,#3186,#3187);
#2591=AXIS2_PLACEMENT_3D('',#3937,#3189,#3190);
#2592=AXIS2_PLACEMENT_3D('',#3939,#3192,#3193);
#2593=AXIS2_PLACEMENT_3D('',#3941,#3195,#3196);
#2594=AXIS2_PLACEMENT_3D('',#3943,#3198,#3199);
#2595=AXIS2_PLACEMENT_3D('',#3945,#3201,#3202);
#2596=AXIS2_PLACEMENT_3D('',#3947,#3204,#3205);
#2597=AXIS2_PLACEMENT_3D('',#3948,#3206,#3207);
#2598=AXIS2_PLACEMENT_3D('',#3951,#3210,#3211);
#2599=AXIS2_PLACEMENT_3D('',#3953,#3213,#3214);
#2600=AXIS2_PLACEMENT_3D('',#3955,#3216,#3217);
#2601=AXIS2_PLACEMENT_3D('',#3957,#3219,#3220);
#2602=AXIS2_PLACEMENT_3D('',#3959,#3222,#3223);
#2603=AXIS2_PLACEMENT_3D('',#3961,#3225,#3226);
#2604=AXIS2_PLACEMENT_3D('',#3963,#3228,#3229);
#2605=AXIS2_PLACEMENT_3D('',#3964,#3230,#3231);
#2606=AXIS2_PLACEMENT_3D('',#3967,#3234,#3235);
#2607=AXIS2_PLACEMENT_3D('',#3969,#3237,#3238);
#2608=AXIS2_PLACEMENT_3D('',#3971,#3240,#3241);
#2609=AXIS2_PLACEMENT_3D('',#3973,#3243,#3244);
#2610=AXIS2_PLACEMENT_3D('',#3975,#3246,#3247);
#2611=AXIS2_PLACEMENT_3D('',#3977,#3249,#3250);
#2612=AXIS2_PLACEMENT_3D('',#3979,#3252,#3253);
#2613=AXIS2_PLACEMENT_3D('',#3980,#3254,#3255);
#2614=AXIS2_PLACEMENT_3D('',#3983,#3258,#3259);
#2615=AXIS2_PLACEMENT_3D('',#3985,#3261,#3262);
#2616=AXIS2_PLACEMENT_3D('',#3987,#3264,#3265);
#2617=AXIS2_PLACEMENT_3D('',#3989,#3267,#3268);
#2618=AXIS2_PLACEMENT_3D('',#3991,#3270,#3271);
#2619=AXIS2_PLACEMENT_3D('',#3993,#3273,#3274);
#2620=AXIS2_PLACEMENT_3D('',#3995,#3276,#3277);
#2621=AXIS2_PLACEMENT_3D('',#3996,#3278,#3279);
#2622=AXIS2_PLACEMENT_3D('',#3999,#3282,#3283);
#2623=AXIS2_PLACEMENT_3D('',#4001,#3285,#3286);
#2624=AXIS2_PLACEMENT_3D('',#4003,#3288,#3289);
#2625=AXIS2_PLACEMENT_3D('',#4005,#3291,#3292);
#2626=AXIS2_PLACEMENT_3D('',#4007,#3294,#3295);
#2627=AXIS2_PLACEMENT_3D('',#4009,#3297,#3298);
#2628=AXIS2_PLACEMENT_3D('',#4011,#3300,#3301);
#2629=AXIS2_PLACEMENT_3D('',#4012,#3302,#3303);
#2630=AXIS2_PLACEMENT_3D('',#4015,#3306,#3307);
#2631=AXIS2_PLACEMENT_3D('',#4017,#3309,#3310);
#2632=AXIS2_PLACEMENT_3D('',#4019,#3312,#3313);
#2633=AXIS2_PLACEMENT_3D('',#4021,#3315,#3316);
#2634=AXIS2_PLACEMENT_3D('',#4023,#3318,#3319);
#2635=AXIS2_PLACEMENT_3D('',#4025,#3321,#3322);
#2636=AXIS2_PLACEMENT_3D('',#4027,#3324,#3325);
#2637=AXIS2_PLACEMENT_3D('',#4028,#3326,#3327);
#2638=AXIS2_PLACEMENT_3D('',#4030,#3329,#3330);
#2639=AXIS2_PLACEMENT_3D('',#4033,#3333,#3334);
#2640=AXIS2_PLACEMENT_3D('',#4035,#3336,#3337);
#2641=AXIS2_PLACEMENT_3D('',#4037,#3339,#3340);
#2642=AXIS2_PLACEMENT_3D('',#4039,#3342,#3343);
#2643=AXIS2_PLACEMENT_3D('',#4041,#3345,#3346);
#2644=AXIS2_PLACEMENT_3D('',#4043,#3348,#3349);
#2645=AXIS2_PLACEMENT_3D('',#4045,#3351,#3352);
#2646=DIRECTION('axis',(0.,0.,1.));
#2647=DIRECTION('refdir',(1.,0.,0.));
#2648=DIRECTION('center_axis',(0.925949091940202,-0.37764835380962,0.));
#2649=DIRECTION('ref_axis',(-0.37764835380962,-0.925949091940202,0.));
#2650=DIRECTION('',(0.37764835380962,0.925949091940202,0.));
#2651=DIRECTION('',(0.,0.,-1.));
#2652=DIRECTION('',(-0.37764835380962,-0.925949091940202,0.));
#2653=DIRECTION('',(0.,0.,-1.));
#2654=DIRECTION('center_axis',(0.,0.,-1.));
#2655=DIRECTION('ref_axis',(1.,0.,0.));
#2656=DIRECTION('center_axis',(0.,0.,1.));
#2657=DIRECTION('ref_axis',(1.,0.,0.));
#2658=DIRECTION('center_axis',(0.,0.,-1.));
#2659=DIRECTION('ref_axis',(1.,0.,0.));
#2660=DIRECTION('',(0.,0.,-1.));
#2661=DIRECTION('center_axis',(-0.995129755397797,-0.098573677632121,0.));
#2662=DIRECTION('ref_axis',(-0.098573677632121,0.995129755397797,0.));
#2663=DIRECTION('',(0.098573677632121,-0.995129755397797,0.));
#2664=DIRECTION('',(-0.098573677632121,0.995129755397797,0.));
#2665=DIRECTION('',(0.,0.,-1.));
#2666=DIRECTION('center_axis',(0.,0.,-1.));
#2667=DIRECTION('ref_axis',(-1.,0.,0.));
#2668=DIRECTION('center_axis',(0.,0.,-1.));
#2669=DIRECTION('ref_axis',(-1.,0.,0.));
#2670=DIRECTION('center_axis',(0.,0.,1.));
#2671=DIRECTION('ref_axis',(-1.,0.,0.));
#2672=DIRECTION('center_axis',(0.,0.,-1.));
#2673=DIRECTION('ref_axis',(1.,0.,0.));
#2674=DIRECTION('center_axis',(0.,0.,1.));
#2675=DIRECTION('ref_axis',(1.,0.,0.));
#2676=DIRECTION('',(0.,0.,-1.));
#2677=DIRECTION('center_axis',(0.,0.,-1.));
#2678=DIRECTION('ref_axis',(1.,0.,0.));
#2679=DIRECTION('',(0.,0.,-1.));
#2680=DIRECTION('center_axis',(0.,0.,-1.));
#2681=DIRECTION('ref_axis',(1.,0.,0.));
#2682=DIRECTION('center_axis',(0.,0.,1.));
#2683=DIRECTION('ref_axis',(1.,0.,0.));
#2684=DIRECTION('',(0.,0.,-1.));
#2685=DIRECTION('center_axis',(0.,0.,-1.));
#2686=DIRECTION('ref_axis',(1.,0.,0.));
#2687=DIRECTION('',(0.,0.,1.));
#2688=DIRECTION('center_axis',(-0.973637042145233,-0.228102849966155,0.));
#2689=DIRECTION('ref_axis',(-0.228102849966155,0.973637042145233,0.));
#2690=DIRECTION('',(0.228102849966155,-0.973637042145233,0.));
#2691=DIRECTION('',(0.,0.,-1.));
#2692=DIRECTION('',(-0.228102849966155,0.973637042145233,0.));
#2693=DIRECTION('center_axis',(0.864124433765794,0.503278216267053,0.));
#2694=DIRECTION('ref_axis',(0.503278216267053,-0.864124433765794,0.));
#2695=DIRECTION('',(-0.503278216267053,0.864124433765794,0.));
#2696=DIRECTION('',(0.503278216267053,-0.864124433765794,0.));
#2697=DIRECTION('',(0.,0.,-1.));
#2698=DIRECTION('center_axis',(0.,0.,-1.));
#2699=DIRECTION('ref_axis',(-1.,0.,0.));
#2700=DIRECTION('center_axis',(0.,0.,-1.));
#2701=DIRECTION('ref_axis',(-1.,0.,0.));
#2702=DIRECTION('center_axis',(0.,0.,1.));
#2703=DIRECTION('ref_axis',(-1.,0.,0.));
#2704=DIRECTION('center_axis',(0.,0.,-1.));
#2705=DIRECTION('ref_axis',(-1.,0.,0.));
#2706=DIRECTION('center_axis',(0.,0.,-1.));
#2707=DIRECTION('ref_axis',(-1.,0.,0.));
#2708=DIRECTION('',(0.,0.,-1.));
#2709=DIRECTION('center_axis',(0.,0.,1.));
#2710=DIRECTION('ref_axis',(-1.,0.,0.));
#2711=DIRECTION('',(0.,0.,-1.));
#2712=DIRECTION('center_axis',(-0.195441992035409,0.980715263340604,0.));
#2713=DIRECTION('ref_axis',(0.980715263340604,0.195441992035409,0.));
#2714=DIRECTION('',(-0.980715263340604,-0.195441992035409,0.));
#2715=DIRECTION('',(0.980715263340604,0.195441992035409,0.));
#2716=DIRECTION('',(0.,0.,-1.));
#2717=DIRECTION('center_axis',(0.,0.,-1.));
#2718=DIRECTION('ref_axis',(1.,0.,0.));
#2719=DIRECTION('center_axis',(0.,0.,1.));
#2720=DIRECTION('ref_axis',(1.,0.,0.));
#2721=DIRECTION('center_axis',(0.,0.,-1.));
#2722=DIRECTION('ref_axis',(1.,0.,0.));
#2723=DIRECTION('',(0.,0.,1.));
#2724=DIRECTION('center_axis',(0.,0.,-1.));
#2725=DIRECTION('ref_axis',(1.,0.,0.));
#2726=DIRECTION('center_axis',(0.,0.,1.));
#2727=DIRECTION('ref_axis',(1.,0.,0.));
#2728=DIRECTION('',(0.,0.,-1.));
#2729=DIRECTION('center_axis',(0.,0.,-1.));
#2730=DIRECTION('ref_axis',(1.,0.,0.));
#2731=DIRECTION('',(0.,0.,-1.));
#2732=DIRECTION('center_axis',(0.475620936051709,-0.879650342573284,0.));
#2733=DIRECTION('ref_axis',(-0.879650342573284,-0.475620936051709,0.));
#2734=DIRECTION('',(0.879650342573284,0.475620936051709,0.));
#2735=DIRECTION('',(-0.879650342573284,-0.475620936051709,0.));
#2736=DIRECTION('center_axis',(-0.731536372953647,-0.681802416427093,0.));
#2737=DIRECTION('ref_axis',(-0.681802416427093,0.731536372953647,0.));
#2738=DIRECTION('',(0.681802416427093,-0.731536372953647,0.));
#2739=DIRECTION('',(0.,0.,-1.));
#2740=DIRECTION('',(-0.681802416427093,0.731536372953647,0.));
#2741=DIRECTION('',(0.,0.,-1.));
#2742=DIRECTION('center_axis',(0.,0.,-1.));
#2743=DIRECTION('ref_axis',(1.,0.,0.));
#2744=DIRECTION('center_axis',(0.,0.,1.));
#2745=DIRECTION('ref_axis',(1.,0.,0.));
#2746=DIRECTION('',(0.,0.,-1.));
#2747=DIRECTION('center_axis',(0.,0.,-1.));
#2748=DIRECTION('ref_axis',(1.,0.,0.));
#2749=DIRECTION('',(0.,0.,-1.));
#2750=DIRECTION('center_axis',(0.,0.,-1.));
#2751=DIRECTION('ref_axis',(1.,0.,0.));
#2752=DIRECTION('center_axis',(0.,0.,1.));
#2753=DIRECTION('ref_axis',(1.,0.,0.));
#2754=DIRECTION('center_axis',(0.,0.,-1.));
#2755=DIRECTION('ref_axis',(1.,0.,0.));
#2756=DIRECTION('',(0.,0.,1.));
#2757=DIRECTION('center_axis',(0.500861439174316,0.865527480065326,0.));
#2758=DIRECTION('ref_axis',(0.865527480065326,-0.500861439174316,0.));
#2759=DIRECTION('',(-0.865527480065326,0.500861439174316,0.));
#2760=DIRECTION('',(0.865527480065326,-0.500861439174316,0.));
#2761=DIRECTION('',(0.,0.,-1.));
#2762=DIRECTION('center_axis',(0.,0.,-1.));
#2763=DIRECTION('ref_axis',(-1.,0.,0.));
#2764=DIRECTION('center_axis',(0.,0.,-1.));
#2765=DIRECTION('ref_axis',(-1.,0.,0.));
#2766=DIRECTION('center_axis',(0.,0.,1.));
#2767=DIRECTION('ref_axis',(-1.,0.,0.));
#2768=DIRECTION('center_axis',(0.95988619314292,0.280389900341636,0.));
#2769=DIRECTION('ref_axis',(0.280389900341636,-0.95988619314292,0.));
#2770=DIRECTION('',(-0.280389900341636,0.95988619314292,0.));
#2771=DIRECTION('',(0.,0.,-1.));
#2772=DIRECTION('',(0.280389900341636,-0.95988619314292,0.));
#2773=DIRECTION('',(0.,0.,-1.));
#2774=DIRECTION('center_axis',(0.,0.,-1.));
#2775=DIRECTION('ref_axis',(1.,0.,0.));
#2776=DIRECTION('center_axis',(0.,0.,1.));
#2777=DIRECTION('ref_axis',(1.,0.,0.));
#2778=DIRECTION('center_axis',(0.,0.,-1.));
#2779=DIRECTION('ref_axis',(1.,0.,0.));
#2780=DIRECTION('',(0.,0.,-1.));
#2781=DIRECTION('center_axis',(-0.846162418719373,-0.532925099002646,0.));
#2782=DIRECTION('ref_axis',(-0.532925099002646,0.846162418719373,0.));
#2783=DIRECTION('',(0.532925099002646,-0.846162418719373,0.));
#2784=DIRECTION('',(-0.532925099002646,0.846162418719373,0.));
#2785=DIRECTION('',(0.,0.,-1.));
#2786=DIRECTION('center_axis',(0.,0.,-1.));
#2787=DIRECTION('ref_axis',(-1.,0.,0.));
#2788=DIRECTION('center_axis',(0.,0.,-1.));
#2789=DIRECTION('ref_axis',(-1.,0.,0.));
#2790=DIRECTION('center_axis',(0.,0.,1.));
#2791=DIRECTION('ref_axis',(-1.,0.,0.));
#2792=DIRECTION('center_axis',(0.,0.,-1.));
#2793=DIRECTION('ref_axis',(-1.,0.,0.));
#2794=DIRECTION('center_axis',(0.,0.,-1.));
#2795=DIRECTION('ref_axis',(-1.,0.,0.));
#2796=DIRECTION('',(0.,0.,-1.));
#2797=DIRECTION('center_axis',(0.,0.,1.));
#2798=DIRECTION('ref_axis',(-1.,0.,0.));
#2799=DIRECTION('',(0.,0.,-1.));
#2800=DIRECTION('center_axis',(0.195441992035409,-0.980715263340604,0.));
#2801=DIRECTION('ref_axis',(-0.980715263340604,-0.195441992035409,0.));
#2802=DIRECTION('',(0.980715263340604,0.195441992035409,0.));
#2803=DIRECTION('',(-0.980715263340604,-0.195441992035409,0.));
#2804=DIRECTION('',(0.,0.,-1.));
#2805=DIRECTION('center_axis',(0.,0.,-1.));
#2806=DIRECTION('ref_axis',(1.,0.,0.));
#2807=DIRECTION('center_axis',(0.,0.,1.));
#2808=DIRECTION('ref_axis',(1.,0.,0.));
#2809=DIRECTION('',(0.,0.,-1.));
#2810=DIRECTION('center_axis',(0.,0.,-1.));
#2811=DIRECTION('ref_axis',(1.,0.,0.));
#2812=DIRECTION('',(0.,0.,-1.));
#2813=DIRECTION('center_axis',(0.,0.,-1.));
#2814=DIRECTION('ref_axis',(1.,0.,0.));
#2815=DIRECTION('center_axis',(0.,0.,1.));
#2816=DIRECTION('ref_axis',(1.,0.,0.));
#2817=DIRECTION('center_axis',(0.,0.,-1.));
#2818=DIRECTION('ref_axis',(1.,0.,0.));
#2819=DIRECTION('',(0.,0.,1.));
#2820=DIRECTION('center_axis',(0.,0.,-1.));
#2821=DIRECTION('ref_axis',(1.,0.,0.));
#2822=DIRECTION('',(0.,0.,-1.));
#2823=DIRECTION('center_axis',(0.,0.,-1.));
#2824=DIRECTION('ref_axis',(1.,0.,0.));
#2825=DIRECTION('',(0.,0.,1.));
#2826=DIRECTION('center_axis',(0.,0.,1.));
#2827=DIRECTION('ref_axis',(1.,0.,0.));
#2828=DIRECTION('center_axis',(-0.820927462935387,0.571032486465061,0.));
#2829=DIRECTION('ref_axis',(0.571032486465061,0.820927462935386,0.));
#2830=DIRECTION('',(-0.571032486465061,-0.820927462935387,0.));
#2831=DIRECTION('',(0.571032486465061,0.820927462935387,0.));
#2832=DIRECTION('',(0.,0.,-1.));
#2833=DIRECTION('center_axis',(0.,0.,-1.));
#2834=DIRECTION('ref_axis',(-1.,0.,0.));
#2835=DIRECTION('',(0.,0.,1.));
#2836=DIRECTION('center_axis',(0.,0.,-1.));
#2837=DIRECTION('ref_axis',(-1.,0.,0.));
#2838=DIRECTION('center_axis',(0.,0.,1.));
#2839=DIRECTION('ref_axis',(-1.,0.,0.));
#2840=DIRECTION('center_axis',(0.994861362428982,0.101246577946864,0.));
#2841=DIRECTION('ref_axis',(0.101246577946864,-0.994861362428982,0.));
#2842=DIRECTION('',(-0.101246577946864,0.994861362428982,0.));
#2843=DIRECTION('',(0.,0.,-1.));
#2844=DIRECTION('',(0.101246577946864,-0.994861362428982,0.));
#2845=DIRECTION('',(0.,0.,-1.));
#2846=DIRECTION('center_axis',(0.,0.,-1.));
#2847=DIRECTION('ref_axis',(-1.,0.,0.));
#2848=DIRECTION('center_axis',(0.,0.,-1.));
#2849=DIRECTION('ref_axis',(-1.,0.,0.));
#2850=DIRECTION('center_axis',(0.,0.,1.));
#2851=DIRECTION('ref_axis',(-1.,0.,0.));
#2852=DIRECTION('',(0.,0.,-1.));
#2853=DIRECTION('center_axis',(-0.925949091940202,0.37764835380962,0.));
#2854=DIRECTION('ref_axis',(0.37764835380962,0.925949091940202,0.));
#2855=DIRECTION('',(-0.37764835380962,-0.925949091940202,0.));
#2856=DIRECTION('',(0.37764835380962,0.925949091940202,0.));
#2857=DIRECTION('',(0.,0.,-1.));
#2858=DIRECTION('center_axis',(0.,0.,-1.));
#2859=DIRECTION('ref_axis',(1.,0.,0.));
#2860=DIRECTION('center_axis',(0.,0.,1.));
#2861=DIRECTION('ref_axis',(1.,0.,0.));
#2862=DIRECTION('center_axis',(0.,0.,-1.));
#2863=DIRECTION('ref_axis',(1.,0.,0.));
#2864=DIRECTION('center_axis',(0.848415883486073,-0.52933022646411,0.));
#2865=DIRECTION('ref_axis',(-0.52933022646411,-0.848415883486073,0.));
#2866=DIRECTION('',(0.52933022646411,0.848415883486073,0.));
#2867=DIRECTION('',(0.,0.,-1.));
#2868=DIRECTION('',(-0.52933022646411,-0.848415883486073,0.));
#2869=DIRECTION('',(0.,0.,-1.));
#2870=DIRECTION('center_axis',(0.,0.,-1.));
#2871=DIRECTION('ref_axis',(-1.,0.,0.));
#2872=DIRECTION('center_axis',(0.,0.,-1.));
#2873=DIRECTION('ref_axis',(-1.,0.,0.));
#2874=DIRECTION('center_axis',(0.,0.,1.));
#2875=DIRECTION('ref_axis',(-1.,0.,0.));
#2876=DIRECTION('',(0.,0.,-1.));
#2877=DIRECTION('center_axis',(-0.666059460718216,0.745898649139251,0.));
#2878=DIRECTION('ref_axis',(0.745898649139251,0.666059460718216,0.));
#2879=DIRECTION('',(-0.745898649139251,-0.666059460718216,0.));
#2880=DIRECTION('',(0.745898649139251,0.666059460718216,0.));
#2881=DIRECTION('',(0.,0.,-1.));
#2882=DIRECTION('center_axis',(0.,0.,-1.));
#2883=DIRECTION('ref_axis',(1.,0.,0.));
#2884=DIRECTION('center_axis',(0.,0.,1.));
#2885=DIRECTION('ref_axis',(1.,0.,0.));
#2886=DIRECTION('center_axis',(0.,0.,-1.));
#2887=DIRECTION('ref_axis',(1.,0.,0.));
#2888=DIRECTION('center_axis',(0.,0.,-1.));
#2889=DIRECTION('ref_axis',(1.,0.,0.));
#2890=DIRECTION('',(0.,0.,-1.));
#2891=DIRECTION('center_axis',(0.,0.,-1.));
#2892=DIRECTION('ref_axis',(1.,0.,0.));
#2893=DIRECTION('',(0.,0.,-1.));
#2894=DIRECTION('center_axis',(0.,0.,1.));
#2895=DIRECTION('ref_axis',(1.,0.,0.));
#2896=DIRECTION('center_axis',(0.0266647915028808,0.99964443123248,0.));
#2897=DIRECTION('ref_axis',(0.99964443123248,-0.0266647915028808,0.));
#2898=DIRECTION('',(-0.99964443123248,0.0266647915028808,0.));
#2899=DIRECTION('',(0.99964443123248,-0.0266647915028808,0.));
#2900=DIRECTION('',(0.,0.,-1.));
#2901=DIRECTION('center_axis',(0.,0.,-1.));
#2902=DIRECTION('ref_axis',(-1.,0.,0.));
#2903=DIRECTION('center_axis',(0.,0.,-1.));
#2904=DIRECTION('ref_axis',(-1.,0.,0.));
#2905=DIRECTION('center_axis',(0.,0.,1.));
#2906=DIRECTION('ref_axis',(-1.,0.,0.));
#2907=DIRECTION('',(0.,0.,-1.));
#2908=DIRECTION('center_axis',(-0.446939420517435,-0.894564225971249,0.));
#2909=DIRECTION('ref_axis',(-0.894564225971249,0.446939420517435,0.));
#2910=DIRECTION('',(0.894564225971249,-0.446939420517435,0.));
#2911=DIRECTION('',(-0.894564225971249,0.446939420517435,0.));
#2912=DIRECTION('',(0.,0.,-1.));
#2913=DIRECTION('center_axis',(0.,0.,-1.));
#2914=DIRECTION('ref_axis',(1.,0.,0.));
#2915=DIRECTION('',(0.,0.,1.));
#2916=DIRECTION('center_axis',(0.,0.,1.));
#2917=DIRECTION('ref_axis',(1.,0.,0.));
#2918=DIRECTION('center_axis',(0.,0.,-1.));
#2919=DIRECTION('ref_axis',(1.,0.,0.));
#2920=DIRECTION('center_axis',(0.690170781332063,0.723646524620612,0.));
#2921=DIRECTION('ref_axis',(0.723646524620612,-0.690170781332063,0.));
#2922=DIRECTION('',(-0.723646524620612,0.690170781332063,0.));
#2923=DIRECTION('',(0.,0.,-1.));
#2924=DIRECTION('',(0.723646524620612,-0.690170781332063,0.));
#2925=DIRECTION('',(0.,0.,-1.));
#2926=DIRECTION('center_axis',(0.,0.,-1.));
#2927=DIRECTION('ref_axis',(1.,0.,0.));
#2928=DIRECTION('center_axis',(0.,0.,1.));
#2929=DIRECTION('ref_axis',(1.,0.,0.));
#2930=DIRECTION('center_axis',(0.,0.,-1.));
#2931=DIRECTION('ref_axis',(1.,0.,0.));
#2932=DIRECTION('',(0.,0.,-1.));
#2933=DIRECTION('center_axis',(-0.467249292073309,-0.884125612714049,0.));
#2934=DIRECTION('ref_axis',(-0.884125612714049,0.467249292073309,0.));
#2935=DIRECTION('',(0.884125612714049,-0.467249292073309,0.));
#2936=DIRECTION('',(-0.884125612714049,0.467249292073309,0.));
#2937=DIRECTION('',(0.,0.,-1.));
#2938=DIRECTION('center_axis',(0.,0.,-1.));
#2939=DIRECTION('ref_axis',(-1.,0.,0.));
#2940=DIRECTION('center_axis',(0.,0.,-1.));
#2941=DIRECTION('ref_axis',(-1.,0.,0.));
#2942=DIRECTION('center_axis',(0.,0.,1.));
#2943=DIRECTION('ref_axis',(-1.,0.,0.));
#2944=DIRECTION('center_axis',(0.292842814909485,-0.956160596215871,0.));
#2945=DIRECTION('ref_axis',(-0.956160596215871,-0.292842814909485,0.));
#2946=DIRECTION('',(-0.956160596215871,-0.292842814909485,0.));
#2947=DIRECTION('',(0.,0.,-1.));
#2948=DIRECTION('',(0.956160596215871,0.292842814909485,0.));
#2949=DIRECTION('center_axis',(-0.956160596222714,-0.292842814887142,0.));
#2950=DIRECTION('ref_axis',(-0.292842814887142,0.956160596222714,0.));
#2951=DIRECTION('',(-0.292842814887142,0.956160596222714,0.));
#2952=DIRECTION('',(0.,0.,-1.));
#2953=DIRECTION('',(0.292842814887142,-0.956160596222714,0.));
#2954=DIRECTION('center_axis',(0.,0.,-1.));
#2955=DIRECTION('ref_axis',(-0.83893879523902,0.544225778370431,0.));
#2956=DIRECTION('center_axis',(0.,0.,-1.));
#2957=DIRECTION('ref_axis',(-0.83893879523902,0.544225778370431,0.));
#2958=DIRECTION('',(0.,0.,-1.));
#2959=DIRECTION('center_axis',(0.,0.,1.));
#2960=DIRECTION('ref_axis',(-0.83893879523902,0.544225778370431,0.));
#2961=DIRECTION('center_axis',(0.,0.,-1.));
#2962=DIRECTION('ref_axis',(0.956160596167255,0.292842815068219,0.));
#2963=DIRECTION('center_axis',(0.,0.,1.));
#2964=DIRECTION('ref_axis',(0.956160596167255,0.292842815068219,0.));
#2965=DIRECTION('',(0.,0.,-1.));
#2966=DIRECTION('center_axis',(0.,0.,-1.));
#2967=DIRECTION('ref_axis',(0.956160596167255,0.292842815068219,0.));
#2968=DIRECTION('center_axis',(0.,0.,-1.));
#2969=DIRECTION('ref_axis',(-0.979515355737333,-0.201369480991451,0.));
#2970=DIRECTION('center_axis',(0.,0.,-1.));
#2971=DIRECTION('ref_axis',(-0.979515355737333,-0.201369480991451,0.));
#2972=DIRECTION('center_axis',(0.,0.,1.));
#2973=DIRECTION('ref_axis',(-0.979515355737333,-0.201369480991451,0.));
#2974=DIRECTION('center_axis',(0.956160596219564,0.292842814897427,0.));
#2975=DIRECTION('ref_axis',(0.292842814897427,-0.956160596219564,0.));
#2976=DIRECTION('',(0.292842814897427,-0.956160596219564,0.));
#2977=DIRECTION('',(-0.292842814897427,0.956160596219564,0.));
#2978=DIRECTION('center_axis',(0.,0.,-1.));
#2979=DIRECTION('ref_axis',(1.,0.,0.));
#2980=DIRECTION('center_axis',(0.,0.,-1.));
#2981=DIRECTION('ref_axis',(1.,0.,0.));
#2982=DIRECTION('center_axis',(0.,0.,1.));
#2983=DIRECTION('ref_axis',(1.,0.,0.));
#2984=DIRECTION('center_axis',(0.,0.,1.));
#2985=DIRECTION('ref_axis',(1.,0.,0.));
#2986=DIRECTION('',(2.19303313506204E-16,-1.,0.));
#2987=DIRECTION('center_axis',(0.,0.,1.));
#2988=DIRECTION('ref_axis',(-1.,4.44089209850063E-16,0.));
#2989=DIRECTION('',(1.,2.19303313506204E-16,0.));
#2990=DIRECTION('center_axis',(0.,0.,1.));
#2991=DIRECTION('ref_axis',(-3.10862446895045E-15,-1.,0.));
#2992=DIRECTION('',(-1.09651656753102E-16,1.,0.));
#2993=DIRECTION('center_axis',(0.,0.,1.));
#2994=DIRECTION('ref_axis',(1.,4.44089209850063E-16,0.));
#2995=DIRECTION('',(-1.,1.09651656753102E-16,0.));
#2996=DIRECTION('center_axis',(0.,0.,1.));
#2997=DIRECTION('ref_axis',(4.44089209850063E-16,1.,0.));
#2998=DIRECTION('',(-0.544225778450005,-0.8389387951874,0.));
#2999=DIRECTION('center_axis',(0.,0.,-1.));
#3000=DIRECTION('ref_axis',(0.292842814921925,-0.956160596212061,0.));
#3001=DIRECTION('',(-0.742700465381579,-0.669623788945693,0.));
#3002=DIRECTION('center_axis',(0.,0.,-1.));
#3003=DIRECTION('ref_axis',(-0.742700465381582,-0.66962378894569,0.));
#3004=DIRECTION('',(-0.66962378894569,0.742700465381582,0.));
#3005=DIRECTION('center_axis',(0.,0.,-1.));
#3006=DIRECTION('ref_axis',(-0.66962378894569,0.742700465381582,0.));
#3007=DIRECTION('',(0.742700465381575,0.669623788945697,0.));
#3008=DIRECTION('center_axis',(0.,0.,-1.));
#3009=DIRECTION('ref_axis',(0.742700465381574,0.669623788945699,0.));
#3010=DIRECTION('',(0.669623788945698,-0.742700465381575,0.));
#3011=DIRECTION('center_axis',(0.,0.,-1.));
#3012=DIRECTION('ref_axis',(0.66962378894569,-0.742700465381582,0.));
#3013=DIRECTION('',(0.20856097951458,-0.978009364895817,0.));
#3014=DIRECTION('center_axis',(0.,0.,-1.));
#3015=DIRECTION('ref_axis',(0.208560979514564,-0.97800936489582,0.));
#3016=DIRECTION('',(-0.97800936489582,-0.208560979514565,0.));
#3017=DIRECTION('center_axis',(0.,0.,-1.));
#3018=DIRECTION('ref_axis',(-0.97800936489582,-0.208560979514567,0.));
#3019=DIRECTION('',(-0.20856097951458,0.978009364895817,0.));
#3020=DIRECTION('center_axis',(0.,0.,-1.));
#3021=DIRECTION('ref_axis',(-0.208560979514579,0.978009364895817,0.));
#3022=DIRECTION('',(0.978009364895817,0.208560979514576,0.));
#3023=DIRECTION('center_axis',(0.,0.,-1.));
#3024=DIRECTION('ref_axis',(0.978009364895819,0.208560979514569,0.));
#3025=DIRECTION('center_axis',(0.,0.,-1.));
#3026=DIRECTION('ref_axis',(-0.30838557595014,-0.951261444896144,0.));
#3027=DIRECTION('',(-0.951261444896152,0.308385575950115,0.));
#3028=DIRECTION('center_axis',(0.,0.,-1.));
#3029=DIRECTION('ref_axis',(-0.951261444896145,0.308385575950137,0.));
#3030=DIRECTION('',(0.30838557595013,0.951261444896148,0.));
#3031=DIRECTION('center_axis',(0.,0.,-1.));
#3032=DIRECTION('ref_axis',(0.308385575950117,0.951261444896152,0.));
#3033=DIRECTION('',(0.951261444896146,-0.308385575950134,0.));
#3034=DIRECTION('center_axis',(0.,0.,-1.));
#3035=DIRECTION('ref_axis',(0.951261444896149,-0.308385575950125,0.));
#3036=DIRECTION('',(-0.308385575950121,-0.951261444896151,0.));
#3037=DIRECTION('center_axis',(0.,0.,-1.));
#3038=DIRECTION('ref_axis',(-0.669623788945687,0.742700465381584,0.));
#3039=DIRECTION('',(0.742700465381567,0.669623788945707,0.));
#3040=DIRECTION('center_axis',(0.,0.,-1.));
#3041=DIRECTION('ref_axis',(0.742700465381584,0.669623788945687,0.));
#3042=DIRECTION('',(0.669623788945689,-0.742700465381582,0.));
#3043=DIRECTION('center_axis',(0.,0.,-1.));
#3044=DIRECTION('ref_axis',(0.669623788945697,-0.742700465381576,0.));
#3045=DIRECTION('',(-0.742700465381575,-0.669623788945697,0.));
#3046=DIRECTION('center_axis',(0.,0.,-1.));
#3047=DIRECTION('ref_axis',(-0.742700465381576,-0.669623788945697,0.));
#3048=DIRECTION('',(-0.669623788945697,0.742700465381575,0.));
#3049=DIRECTION('center_axis',(0.,0.,-1.));
#3050=DIRECTION('ref_axis',(-0.978009364895823,-0.208560979514553,0.));
#3051=DIRECTION('',(-0.208560979514581,0.978009364895816,0.));
#3052=DIRECTION('center_axis',(0.,0.,-1.));
#3053=DIRECTION('ref_axis',(-0.20856097951456,0.978009364895821,0.));
#3054=DIRECTION('',(0.97800936489582,0.208560979514565,0.));
#3055=DIRECTION('center_axis',(0.,0.,-1.));
#3056=DIRECTION('ref_axis',(0.978009364895818,0.208560979514576,0.));
#3057=DIRECTION('',(0.208560979514566,-0.97800936489582,0.));
#3058=DIRECTION('center_axis',(0.,0.,-1.));
#3059=DIRECTION('ref_axis',(0.208560979514575,-0.978009364895818,0.));
#3060=DIRECTION('',(-0.978009364895818,-0.208560979514575,0.));
#3061=DIRECTION('',(0.951261444896155,-0.308385575950107,0.));
#3062=DIRECTION('center_axis',(0.,0.,-1.));
#3063=DIRECTION('ref_axis',(0.951261444896148,-0.30838557595013,0.));
#3064=DIRECTION('',(-0.30838557595013,-0.951261444896148,0.));
#3065=DIRECTION('center_axis',(0.,0.,-1.));
#3066=DIRECTION('ref_axis',(-0.308385575950118,-0.951261444896152,0.));
#3067=DIRECTION('',(-0.951261444896152,0.308385575950116,0.));
#3068=DIRECTION('center_axis',(0.,0.,-1.));
#3069=DIRECTION('ref_axis',(-0.951261444896152,0.308385575950118,0.));
#3070=DIRECTION('',(0.308385575950121,0.951261444896151,0.));
#3071=DIRECTION('center_axis',(0.,0.,-1.));
#3072=DIRECTION('ref_axis',(0.30838557595013,0.951261444896148,0.));
#3073=DIRECTION('center_axis',(0.,0.,-1.));
#3074=DIRECTION('ref_axis',(-1.,0.,0.));
#3075=DIRECTION('center_axis',(0.,0.,-1.));
#3076=DIRECTION('ref_axis',(0.988871277111787,-0.148773644518454,0.));
#3077=DIRECTION('center_axis',(0.,0.,-1.));
#3078=DIRECTION('ref_axis',(-0.956160596131281,-0.29284281518568,0.));
#3079=DIRECTION('center_axis',(0.,0.,1.));
#3080=DIRECTION('ref_axis',(1.,0.,0.));
#3081=DIRECTION('',(2.19303313506204E-16,-1.,0.));
#3082=DIRECTION('center_axis',(0.,0.,1.));
#3083=DIRECTION('ref_axis',(4.44089209850063E-16,1.,0.));
#3084=DIRECTION('',(-1.,1.09651656753102E-16,0.));
#3085=DIRECTION('center_axis',(0.,0.,1.));
#3086=DIRECTION('ref_axis',(1.,4.44089209850063E-16,0.));
#3087=DIRECTION('',(-1.09651656753102E-16,1.,0.));
#3088=DIRECTION('center_axis',(0.,0.,1.));
#3089=DIRECTION('ref_axis',(-3.10862446895045E-15,-1.,0.));
#3090=DIRECTION('',(1.,2.19303313506204E-16,0.));
#3091=DIRECTION('center_axis',(0.,0.,1.));
#3092=DIRECTION('ref_axis',(-1.,4.44089209850063E-16,0.));
#3093=DIRECTION('center_axis',(0.,0.,1.));
#3094=DIRECTION('ref_axis',(0.292842814921925,-0.956160596212061,0.));
#3095=DIRECTION('',(0.544225778450005,0.8389387951874,0.));
#3096=DIRECTION('center_axis',(0.,0.,1.));
#3097=DIRECTION('ref_axis',(0.988871277111787,-0.148773644518454,0.));
#3098=DIRECTION('center_axis',(0.,0.,1.));
#3099=DIRECTION('ref_axis',(-0.956160596131281,-0.29284281518568,0.));
#3100=DIRECTION('',(0.742700465381579,0.669623788945693,0.));
#3101=DIRECTION('center_axis',(0.,0.,1.));
#3102=DIRECTION('ref_axis',(0.66962378894569,-0.742700465381582,0.));
#3103=DIRECTION('',(-0.669623788945698,0.742700465381575,0.));
#3104=DIRECTION('center_axis',(0.,0.,1.));
#3105=DIRECTION('ref_axis',(0.742700465381574,0.669623788945699,0.));
#3106=DIRECTION('',(-0.742700465381575,-0.669623788945697,0.));
#3107=DIRECTION('center_axis',(0.,0.,1.));
#3108=DIRECTION('ref_axis',(-0.66962378894569,0.742700465381582,0.));
#3109=DIRECTION('',(0.66962378894569,-0.742700465381582,0.));
#3110=DIRECTION('center_axis',(0.,0.,1.));
#3111=DIRECTION('ref_axis',(-0.742700465381582,-0.66962378894569,0.));
#3112=DIRECTION('',(-0.20856097951458,0.978009364895817,0.));
#3113=DIRECTION('center_axis',(0.,0.,1.));
#3114=DIRECTION('ref_axis',(0.978009364895819,0.208560979514569,0.));
#3115=DIRECTION('',(-0.978009364895817,-0.208560979514576,0.));
#3116=DIRECTION('center_axis',(0.,0.,1.));
#3117=DIRECTION('ref_axis',(-0.208560979514579,0.978009364895817,0.));
#3118=DIRECTION('',(0.20856097951458,-0.978009364895817,0.));
#3119=DIRECTION('center_axis',(0.,0.,1.));
#3120=DIRECTION('ref_axis',(-0.97800936489582,-0.208560979514567,0.));
#3121=DIRECTION('',(0.97800936489582,0.208560979514565,0.));
#3122=DIRECTION('center_axis',(0.,0.,1.));
#3123=DIRECTION('ref_axis',(0.208560979514564,-0.97800936489582,0.));
#3124=DIRECTION('center_axis',(0.,0.,1.));
#3125=DIRECTION('ref_axis',(-0.30838557595014,-0.951261444896144,0.));
#3126=DIRECTION('',(0.308385575950121,0.951261444896151,0.));
#3127=DIRECTION('center_axis',(0.,0.,1.));
#3128=DIRECTION('ref_axis',(0.951261444896149,-0.308385575950125,0.));
#3129=DIRECTION('',(-0.951261444896146,0.308385575950134,0.));
#3130=DIRECTION('center_axis',(0.,0.,1.));
#3131=DIRECTION('ref_axis',(0.308385575950117,0.951261444896152,0.));
#3132=DIRECTION('',(-0.30838557595013,-0.951261444896148,0.));
#3133=DIRECTION('center_axis',(0.,0.,1.));
#3134=DIRECTION('ref_axis',(-0.951261444896145,0.308385575950137,0.));
#3135=DIRECTION('',(0.951261444896152,-0.308385575950115,0.));
#3136=DIRECTION('center_axis',(0.,0.,1.));
#3137=DIRECTION('ref_axis',(-0.669623788945687,0.742700465381584,0.));
#3138=DIRECTION('',(0.669623788945697,-0.742700465381575,0.));
#3139=DIRECTION('center_axis',(0.,0.,1.));
#3140=DIRECTION('ref_axis',(-0.742700465381576,-0.669623788945697,0.));
#3141=DIRECTION('',(0.742700465381575,0.669623788945697,0.));
#3142=DIRECTION('center_axis',(0.,0.,1.));
#3143=DIRECTION('ref_axis',(0.669623788945697,-0.742700465381576,0.));
#3144=DIRECTION('',(-0.669623788945689,0.742700465381582,0.));
#3145=DIRECTION('center_axis',(0.,0.,1.));
#3146=DIRECTION('ref_axis',(0.742700465381584,0.669623788945687,0.));
#3147=DIRECTION('',(-0.742700465381567,-0.669623788945707,0.));
#3148=DIRECTION('center_axis',(0.,0.,1.));
#3149=DIRECTION('ref_axis',(-0.978009364895823,-0.208560979514553,0.));
#3150=DIRECTION('',(0.978009364895818,0.208560979514575,0.));
#3151=DIRECTION('center_axis',(0.,0.,1.));
#3152=DIRECTION('ref_axis',(0.208560979514575,-0.978009364895818,0.));
#3153=DIRECTION('',(-0.208560979514566,0.97800936489582,0.));
#3154=DIRECTION('center_axis',(0.,0.,1.));
#3155=DIRECTION('ref_axis',(0.978009364895818,0.208560979514576,0.));
#3156=DIRECTION('',(-0.97800936489582,-0.208560979514565,0.));
#3157=DIRECTION('center_axis',(0.,0.,1.));
#3158=DIRECTION('ref_axis',(-0.20856097951456,0.978009364895821,0.));
#3159=DIRECTION('',(0.208560979514581,-0.978009364895816,0.));
#3160=DIRECTION('',(-0.951261444896155,0.308385575950107,0.));
#3161=DIRECTION('center_axis',(0.,0.,1.));
#3162=DIRECTION('ref_axis',(0.30838557595013,0.951261444896148,0.));
#3163=DIRECTION('',(-0.308385575950121,-0.951261444896151,0.));
#3164=DIRECTION('center_axis',(0.,0.,1.));
#3165=DIRECTION('ref_axis',(-0.951261444896152,0.308385575950118,0.));
#3166=DIRECTION('',(0.951261444896152,-0.308385575950116,0.));
#3167=DIRECTION('center_axis',(0.,0.,1.));
#3168=DIRECTION('ref_axis',(-0.308385575950118,-0.951261444896152,0.));
#3169=DIRECTION('',(0.30838557595013,0.951261444896148,0.));
#3170=DIRECTION('center_axis',(0.,0.,1.));
#3171=DIRECTION('ref_axis',(0.951261444896148,-0.30838557595013,0.));
#3172=DIRECTION('center_axis',(0.,0.,-1.));
#3173=DIRECTION('ref_axis',(-1.,0.,0.));
#3174=DIRECTION('center_axis',(0.,0.,-1.));
#3175=DIRECTION('ref_axis',(0.988871277111787,-0.148773644518454,0.));
#3176=DIRECTION('center_axis',(0.8389387951874,-0.544225778450005,0.));
#3177=DIRECTION('ref_axis',(-0.544225778450005,-0.8389387951874,0.));
#3178=DIRECTION('center_axis',(0.,0.,-1.));
#3179=DIRECTION('ref_axis',(0.292842814921925,-0.956160596212061,0.));
#3180=DIRECTION('center_axis',(0.,0.,-1.));
#3181=DIRECTION('ref_axis',(-0.956160596131281,-0.29284281518568,0.));
#3182=DIRECTION('center_axis',(-0.669623788945697,0.742700465381575,0.));
#3183=DIRECTION('ref_axis',(0.742700465381575,0.669623788945697,0.));
#3184=DIRECTION('',(0.,0.,-1.));
#3185=DIRECTION('',(0.,0.,-1.));
#3186=DIRECTION('center_axis',(0.,0.,-1.));
#3187=DIRECTION('ref_axis',(-0.66962378894569,0.742700465381582,0.));
#3188=DIRECTION('',(0.,0.,-1.));
#3189=DIRECTION('center_axis',(-0.742700465381582,-0.66962378894569,0.));
#3190=DIRECTION('ref_axis',(-0.66962378894569,0.742700465381582,0.));
#3191=DIRECTION('',(0.,0.,-1.));
#3192=DIRECTION('center_axis',(0.,0.,-1.));
#3193=DIRECTION('ref_axis',(-0.742700465381582,-0.66962378894569,0.));
#3194=DIRECTION('',(0.,0.,-1.));
#3195=DIRECTION('center_axis',(0.669623788945693,-0.742700465381579,0.));
#3196=DIRECTION('ref_axis',(-0.742700465381579,-0.669623788945693,0.));
#3197=DIRECTION('',(0.,0.,-1.));
#3198=DIRECTION('center_axis',(0.,0.,-1.));
#3199=DIRECTION('ref_axis',(0.66962378894569,-0.742700465381582,0.));
#3200=DIRECTION('',(0.,0.,-1.));
#3201=DIRECTION('center_axis',(0.742700465381575,0.669623788945698,0.));
#3202=DIRECTION('ref_axis',(0.669623788945698,-0.742700465381575,0.));
#3203=DIRECTION('',(0.,0.,-1.));
#3204=DIRECTION('center_axis',(0.,0.,-1.));
#3205=DIRECTION('ref_axis',(0.742700465381574,0.669623788945699,0.));
#3206=DIRECTION('center_axis',(-0.978009364895817,-0.20856097951458,0.));
#3207=DIRECTION('ref_axis',(-0.20856097951458,0.978009364895817,0.));
#3208=DIRECTION('',(0.,0.,-1.));
#3209=DIRECTION('',(0.,0.,-1.));
#3210=DIRECTION('center_axis',(0.,0.,-1.));
#3211=DIRECTION('ref_axis',(-0.97800936489582,-0.208560979514567,0.));
#3212=DIRECTION('',(0.,0.,-1.));
#3213=DIRECTION('center_axis',(0.208560979514565,-0.97800936489582,0.));
#3214=DIRECTION('ref_axis',(-0.97800936489582,-0.208560979514565,0.));
#3215=DIRECTION('',(0.,0.,-1.));
#3216=DIRECTION('center_axis',(0.,0.,-1.));
#3217=DIRECTION('ref_axis',(0.208560979514564,-0.97800936489582,0.));
#3218=DIRECTION('',(0.,0.,-1.));
#3219=DIRECTION('center_axis',(0.978009364895817,0.20856097951458,0.));
#3220=DIRECTION('ref_axis',(0.20856097951458,-0.978009364895817,0.));
#3221=DIRECTION('',(0.,0.,-1.));
#3222=DIRECTION('center_axis',(0.,0.,-1.));
#3223=DIRECTION('ref_axis',(0.978009364895819,0.208560979514569,0.));
#3224=DIRECTION('',(0.,0.,-1.));
#3225=DIRECTION('center_axis',(-0.208560979514576,0.978009364895818,0.));
#3226=DIRECTION('ref_axis',(0.978009364895817,0.208560979514576,0.));
#3227=DIRECTION('',(0.,0.,-1.));
#3228=DIRECTION('center_axis',(0.,0.,-1.));
#3229=DIRECTION('ref_axis',(-0.208560979514579,0.978009364895817,0.));
#3230=DIRECTION('center_axis',(0.,0.,-1.));
#3231=DIRECTION('ref_axis',(0.308385575950117,0.951261444896152,0.));
#3232=DIRECTION('',(0.,0.,-1.));
#3233=DIRECTION('',(0.,0.,-1.));
#3234=DIRECTION('center_axis',(-0.951261444896148,0.30838557595013,0.));
#3235=DIRECTION('ref_axis',(0.30838557595013,0.951261444896148,0.));
#3236=DIRECTION('',(0.,0.,-1.));
#3237=DIRECTION('center_axis',(0.,0.,-1.));
#3238=DIRECTION('ref_axis',(-0.951261444896145,0.308385575950137,0.));
#3239=DIRECTION('',(0.,0.,-1.));
#3240=DIRECTION('center_axis',(-0.308385575950115,-0.951261444896152,0.));
#3241=DIRECTION('ref_axis',(-0.951261444896152,0.308385575950115,0.));
#3242=DIRECTION('',(0.,0.,-1.));
#3243=DIRECTION('center_axis',(0.,0.,-1.));
#3244=DIRECTION('ref_axis',(-0.30838557595014,-0.951261444896144,0.));
#3245=DIRECTION('',(0.,0.,-1.));
#3246=DIRECTION('center_axis',(0.951261444896151,-0.308385575950121,0.));
#3247=DIRECTION('ref_axis',(-0.308385575950121,-0.951261444896151,0.));
#3248=DIRECTION('',(0.,0.,-1.));
#3249=DIRECTION('center_axis',(0.,0.,-1.));
#3250=DIRECTION('ref_axis',(0.951261444896149,-0.308385575950125,0.));
#3251=DIRECTION('',(0.,0.,-1.));
#3252=DIRECTION('center_axis',(0.308385575950134,0.951261444896146,0.));
#3253=DIRECTION('ref_axis',(0.951261444896146,-0.308385575950134,0.));
#3254=DIRECTION('center_axis',(0.,0.,-1.));
#3255=DIRECTION('ref_axis',(0.669623788945697,-0.742700465381576,0.));
#3256=DIRECTION('',(0.,0.,-1.));
#3257=DIRECTION('',(0.,0.,-1.));
#3258=DIRECTION('center_axis',(0.742700465381582,0.669623788945689,0.));
#3259=DIRECTION('ref_axis',(0.669623788945689,-0.742700465381582,0.));
#3260=DIRECTION('',(0.,0.,-1.));
#3261=DIRECTION('center_axis',(0.,0.,-1.));
#3262=DIRECTION('ref_axis',(0.742700465381584,0.669623788945687,0.));
#3263=DIRECTION('',(0.,0.,-1.));
#3264=DIRECTION('center_axis',(-0.669623788945707,0.742700465381567,0.));
#3265=DIRECTION('ref_axis',(0.742700465381567,0.669623788945707,0.));
#3266=DIRECTION('',(0.,0.,-1.));
#3267=DIRECTION('center_axis',(0.,0.,-1.));
#3268=DIRECTION('ref_axis',(-0.669623788945687,0.742700465381584,0.));
#3269=DIRECTION('',(0.,0.,-1.));
#3270=DIRECTION('center_axis',(-0.742700465381575,-0.669623788945697,0.));
#3271=DIRECTION('ref_axis',(-0.669623788945697,0.742700465381575,0.));
#3272=DIRECTION('',(0.,0.,-1.));
#3273=DIRECTION('center_axis',(0.,0.,-1.));
#3274=DIRECTION('ref_axis',(-0.742700465381576,-0.669623788945697,0.));
#3275=DIRECTION('',(0.,0.,-1.));
#3276=DIRECTION('center_axis',(0.669623788945697,-0.742700465381575,0.));
#3277=DIRECTION('ref_axis',(-0.742700465381575,-0.669623788945697,0.));
#3278=DIRECTION('center_axis',(0.,0.,-1.));
#3279=DIRECTION('ref_axis',(0.978009364895818,0.208560979514576,0.));
#3280=DIRECTION('',(0.,0.,-1.));
#3281=DIRECTION('',(0.,0.,-1.));
#3282=DIRECTION('center_axis',(-0.208560979514565,0.97800936489582,0.));
#3283=DIRECTION('ref_axis',(0.97800936489582,0.208560979514565,0.));
#3284=DIRECTION('',(0.,0.,-1.));
#3285=DIRECTION('center_axis',(0.,0.,-1.));
#3286=DIRECTION('ref_axis',(-0.20856097951456,0.978009364895821,0.));
#3287=DIRECTION('',(0.,0.,-1.));
#3288=DIRECTION('center_axis',(-0.978009364895817,-0.208560979514581,0.));
#3289=DIRECTION('ref_axis',(-0.208560979514581,0.978009364895816,0.));
#3290=DIRECTION('',(0.,0.,-1.));
#3291=DIRECTION('center_axis',(0.,0.,-1.));
#3292=DIRECTION('ref_axis',(-0.978009364895823,-0.208560979514553,0.));
#3293=DIRECTION('',(0.,0.,-1.));
#3294=DIRECTION('center_axis',(0.208560979514575,-0.978009364895818,0.));
#3295=DIRECTION('ref_axis',(-0.978009364895818,-0.208560979514575,0.));
#3296=DIRECTION('',(0.,0.,-1.));
#3297=DIRECTION('center_axis',(0.,0.,-1.));
#3298=DIRECTION('ref_axis',(0.208560979514575,-0.978009364895818,0.));
#3299=DIRECTION('',(0.,0.,-1.));
#3300=DIRECTION('center_axis',(0.97800936489582,0.208560979514566,0.));
#3301=DIRECTION('ref_axis',(0.208560979514566,-0.97800936489582,0.));
#3302=DIRECTION('center_axis',(-0.308385575950116,-0.951261444896152,0.));
#3303=DIRECTION('ref_axis',(-0.951261444896152,0.308385575950116,0.));
#3304=DIRECTION('',(0.,0.,-1.));
#3305=DIRECTION('',(0.,0.,-1.));
#3306=DIRECTION('center_axis',(0.,0.,-1.));
#3307=DIRECTION('ref_axis',(-0.308385575950118,-0.951261444896152,0.));
#3308=DIRECTION('',(0.,0.,-1.));
#3309=DIRECTION('center_axis',(0.951261444896148,-0.30838557595013,0.));
#3310=DIRECTION('ref_axis',(-0.30838557595013,-0.951261444896148,0.));
#3311=DIRECTION('',(0.,0.,-1.));
#3312=DIRECTION('center_axis',(0.,0.,-1.));
#3313=DIRECTION('ref_axis',(0.951261444896148,-0.30838557595013,0.));
#3314=DIRECTION('',(0.,0.,-1.));
#3315=DIRECTION('center_axis',(0.308385575950107,0.951261444896155,0.));
#3316=DIRECTION('ref_axis',(0.951261444896155,-0.308385575950107,0.));
#3317=DIRECTION('',(0.,0.,-1.));
#3318=DIRECTION('center_axis',(0.,0.,-1.));
#3319=DIRECTION('ref_axis',(0.30838557595013,0.951261444896148,0.));
#3320=DIRECTION('',(0.,0.,-1.));
#3321=DIRECTION('center_axis',(-0.951261444896151,0.308385575950121,0.));
#3322=DIRECTION('ref_axis',(0.308385575950121,0.951261444896151,0.));
#3323=DIRECTION('',(0.,0.,-1.));
#3324=DIRECTION('center_axis',(0.,0.,-1.));
#3325=DIRECTION('ref_axis',(-0.951261444896152,0.308385575950118,0.));
#3326=DIRECTION('center_axis',(0.,0.,1.));
#3327=DIRECTION('ref_axis',(-1.,0.,0.));
#3328=DIRECTION('',(0.,0.,-1.));
#3329=DIRECTION('center_axis',(0.,0.,1.));
#3330=DIRECTION('ref_axis',(4.44089209850063E-16,1.,0.));
#3331=DIRECTION('',(0.,0.,1.));
#3332=DIRECTION('',(0.,0.,1.));
#3333=DIRECTION('center_axis',(1.09651656753102E-16,1.,0.));
#3334=DIRECTION('ref_axis',(-1.,1.09651656753102E-16,0.));
#3335=DIRECTION('',(0.,0.,1.));
#3336=DIRECTION('center_axis',(0.,0.,1.));
#3337=DIRECTION('ref_axis',(1.,4.44089209850063E-16,0.));
#3338=DIRECTION('',(0.,0.,1.));
#3339=DIRECTION('center_axis',(1.,1.09651656753102E-16,0.));
#3340=DIRECTION('ref_axis',(-1.09651656753102E-16,1.,0.));
#3341=DIRECTION('',(0.,0.,1.));
#3342=DIRECTION('center_axis',(0.,0.,1.));
#3343=DIRECTION('ref_axis',(-3.10862446895045E-15,-1.,0.));
#3344=DIRECTION('',(0.,0.,1.));
#3345=DIRECTION('center_axis',(2.19303313506204E-16,-1.,0.));
#3346=DIRECTION('ref_axis',(1.,2.19303313506204E-16,0.));
#3347=DIRECTION('',(0.,0.,1.));
#3348=DIRECTION('center_axis',(0.,0.,1.));
#3349=DIRECTION('ref_axis',(-1.,4.44089209850063E-16,0.));
#3350=DIRECTION('',(0.,0.,1.));
#3351=DIRECTION('center_axis',(-1.,-2.19303313506204E-16,0.));
#3352=DIRECTION('ref_axis',(2.19303313506204E-16,-1.,0.));
#3353=CARTESIAN_POINT('',(0.,0.,0.));
#3354=CARTESIAN_POINT('Origin',(20.644284734096,50.6173441786739,3.18));
#3355=CARTESIAN_POINT('',(18.2415562428535,44.7261381342106,0.));
#3356=CARTESIAN_POINT('',(20.644284734096,50.6173441786738,0.));
#3357=CARTESIAN_POINT('',(10.322142367048,25.3086720893369,-2.77555756156289E-16));
#3358=CARTESIAN_POINT('',(18.2415562428535,44.7261381342106,3.18));
#3359=CARTESIAN_POINT('',(18.2415562428535,44.7261381342106,3.18));
#3360=CARTESIAN_POINT('',(20.644284734096,50.6173441786738,3.18));
#3361=CARTESIAN_POINT('',(10.322142367048,25.3086720893369,3.18));
#3362=CARTESIAN_POINT('',(20.644284734096,50.6173441786738,3.18));
#3363=CARTESIAN_POINT('Origin',(0.,0.,3.18));
#3364=CARTESIAN_POINT('',(-5.38856597095182,54.3991303300104,0.));
#3365=CARTESIAN_POINT('Origin',(0.,0.,0.));
#3366=CARTESIAN_POINT('',(-5.38856597095182,54.3991303300104,3.18));
#3367=CARTESIAN_POINT('Origin',(0.,0.,3.18));
#3368=CARTESIAN_POINT('',(-5.38856597095182,54.3991303300104,3.18));
#3369=CARTESIAN_POINT('Origin',(-4.76140638891205,48.0677731516793,3.18));
#3370=CARTESIAN_POINT('',(-4.76140638891205,48.0677731516793,0.));
#3371=CARTESIAN_POINT('',(-2.38070319445603,24.0338865758397,-2.77555756156289E-16));
#3372=CARTESIAN_POINT('',(-4.76140638891205,48.0677731516793,3.18));
#3373=CARTESIAN_POINT('',(-2.38070319445603,24.0338865758397,3.18));
#3374=CARTESIAN_POINT('',(-4.76140638891205,48.0677731516793,3.18));
#3375=CARTESIAN_POINT('Origin',(0.,0.,3.18));
#3376=CARTESIAN_POINT('Origin',(0.,0.,0.));
#3377=CARTESIAN_POINT('Origin',(0.,0.,3.18));
#3378=CARTESIAN_POINT('Origin',(0.,0.,3.18));
#3379=CARTESIAN_POINT('',(22.625476196583,-49.7633384205945,0.));
#3380=CARTESIAN_POINT('',(27.5118868976261,-47.2376767339058,0.));
#3381=CARTESIAN_POINT('Origin',(0.,0.,0.));
#3382=CARTESIAN_POINT('',(22.625476196583,-49.7633384205945,3.18));
#3383=CARTESIAN_POINT('',(22.6254761965826,-49.7633384205946,3.18));
#3384=CARTESIAN_POINT('',(27.5118868976261,-47.2376767339058,3.18));
#3385=CARTESIAN_POINT('Origin',(0.,0.,3.18));
#3386=CARTESIAN_POINT('',(27.5118868976261,-47.2376767339058,3.18));
#3387=CARTESIAN_POINT('Origin',(0.,0.,3.18));
#3388=CARTESIAN_POINT('',(12.4693253283291,-53.2242233361939,0.));
#3389=CARTESIAN_POINT('',(20.5363271978502,-50.6612405010734,0.));
#3390=CARTESIAN_POINT('Origin',(0.,0.,0.));
#3391=CARTESIAN_POINT('',(12.4693253283291,-53.2242233361939,3.18));
#3392=CARTESIAN_POINT('',(12.4693253283291,-53.2242233361939,3.18));
#3393=CARTESIAN_POINT('',(20.5363271978502,-50.6612405010734,3.18));
#3394=CARTESIAN_POINT('Origin',(0.,0.,3.18));
#3395=CARTESIAN_POINT('',(20.5363271978502,-50.6612405010734,3.18));
#3396=CARTESIAN_POINT('Origin',(12.4693253283291,-53.2242233361939,3.18));
#3397=CARTESIAN_POINT('',(11.0180566784899,-47.0296101790272,0.));
#3398=CARTESIAN_POINT('',(6.23466266416453,-26.612111668097,-2.77555756156289E-16));
#3399=CARTESIAN_POINT('',(11.0180566784899,-47.0296101790272,3.18));
#3400=CARTESIAN_POINT('',(11.0180566784899,-47.0296101790272,3.18));
#3401=CARTESIAN_POINT('',(6.23466266416453,-26.612111668097,3.18));
#3402=CARTESIAN_POINT('Origin',(24.3098580868342,-41.7398203920388,3.18));
#3403=CARTESIAN_POINT('',(24.3098580868342,-41.7398203920388,0.));
#3404=CARTESIAN_POINT('',(12.1549290434171,-20.8699101960194,-2.77555756156289E-16));
#3405=CARTESIAN_POINT('',(24.3098580868342,-41.7398203920388,3.18));
#3406=CARTESIAN_POINT('',(12.1549290434171,-20.8699101960194,3.18));
#3407=CARTESIAN_POINT('',(24.3098580868342,-41.7398203920388,3.18));
#3408=CARTESIAN_POINT('Origin',(0.,0.,3.18));
#3409=CARTESIAN_POINT('Origin',(0.,0.,0.));
#3410=CARTESIAN_POINT('Origin',(0.,0.,3.18));
#3411=CARTESIAN_POINT('Origin',(0.,0.,3.18));
#3412=CARTESIAN_POINT('',(-42.4897686862025,-22.9739279087117,0.));
#3413=CARTESIAN_POINT('',(-47.3715096437865,-9.44043858251931,0.));
#3414=CARTESIAN_POINT('Origin',(0.,0.,0.));
#3415=CARTESIAN_POINT('',(-42.4897686862025,-22.9739279087117,3.18));
#3416=CARTESIAN_POINT('',(-42.4897686862025,-22.9739279087117,3.18));
#3417=CARTESIAN_POINT('',(-47.3715096437865,-9.44043858251931,3.18));
#3418=CARTESIAN_POINT('Origin',(0.,0.,3.18));
#3419=CARTESIAN_POINT('',(-47.3715096437865,-9.44043858251931,3.18));
#3420=CARTESIAN_POINT('Origin',(-53.6111568744818,-10.6839076402062,3.18));
#3421=CARTESIAN_POINT('',(-53.6111568744818,-10.6839076402062,0.));
#3422=CARTESIAN_POINT('',(-26.8055784372409,-5.34195382010312,0.));
#3423=CARTESIAN_POINT('',(-53.6111568744818,-10.6839076402062,3.18));
#3424=CARTESIAN_POINT('',(-26.8055784372409,-5.34195382010312,3.18));
#3425=CARTESIAN_POINT('',(-53.6111568744818,-10.6839076402062,3.18));
#3426=CARTESIAN_POINT('Origin',(0.,0.,3.18));
#3427=CARTESIAN_POINT('',(-51.2002311436501,-19.1530246885852,0.));
#3428=CARTESIAN_POINT('Origin',(0.,0.,0.));
#3429=CARTESIAN_POINT('',(-51.2002311436501,-19.1530246885852,3.18));
#3430=CARTESIAN_POINT('Origin',(0.,0.,3.18));
#3431=CARTESIAN_POINT('',(-51.2002311436501,-19.1530246885852,3.18));
#3432=CARTESIAN_POINT('Origin',(0.,0.,3.18));
#3433=CARTESIAN_POINT('',(-50.3224867408826,-21.352970568482,0.));
#3434=CARTESIAN_POINT('',(-48.0864061906718,-25.9999916067385,0.));
#3435=CARTESIAN_POINT('Origin',(0.,0.,0.));
#3436=CARTESIAN_POINT('',(-50.3224867408826,-21.352970568482,3.18));
#3437=CARTESIAN_POINT('',(-50.3224867408826,-21.3529705684817,3.18));
#3438=CARTESIAN_POINT('',(-48.0864061906718,-25.9999916067385,3.18));
#3439=CARTESIAN_POINT('Origin',(0.,0.,3.18));
#3440=CARTESIAN_POINT('',(-48.0864061906718,-25.9999916067385,3.18));
#3441=CARTESIAN_POINT('Origin',(-42.4897686862025,-22.9739279087117,3.18));
#3442=CARTESIAN_POINT('',(-21.2448843431012,-11.4869639543559,0.));
#3443=CARTESIAN_POINT('',(-21.2448843431012,-11.4869639543559,3.18));
#3444=CARTESIAN_POINT('Origin',(37.2709772864818,-39.9897021243634,3.18));
#3445=CARTESIAN_POINT('',(32.9331162185816,-35.3354165490528,0.));
#3446=CARTESIAN_POINT('',(37.2709772864818,-39.9897021243634,0.));
#3447=CARTESIAN_POINT('',(18.6354886432409,-19.9948510621817,0.));
#3448=CARTESIAN_POINT('',(32.9331162185816,-35.3354165490528,3.18));
#3449=CARTESIAN_POINT('',(32.9331162185816,-35.3354165490528,3.18));
#3450=CARTESIAN_POINT('',(37.2709772864818,-39.9897021243634,3.18));
#3451=CARTESIAN_POINT('',(18.6354886432409,-19.9948510621817,3.18));
#3452=CARTESIAN_POINT('',(37.2709772864818,-39.9897021243634,3.18));
#3453=CARTESIAN_POINT('Origin',(0.,0.,3.18));
#3454=CARTESIAN_POINT('',(42.6698263314774,-34.1699860217459,0.));
#3455=CARTESIAN_POINT('',(47.3143747706123,-27.3797728980867,0.));
#3456=CARTESIAN_POINT('Origin',(0.,0.,0.));
#3457=CARTESIAN_POINT('',(42.6698263314774,-34.1699860217459,3.18));
#3458=CARTESIAN_POINT('',(42.6698263314775,-34.1699860217458,3.18));
#3459=CARTESIAN_POINT('',(47.3143747706123,-27.3797728980867,3.18));
#3460=CARTESIAN_POINT('Origin',(0.,0.,3.18));
#3461=CARTESIAN_POINT('',(47.3143747706123,-27.3797728980867,3.18));
#3462=CARTESIAN_POINT('Origin',(0.,0.,3.18));
#3463=CARTESIAN_POINT('',(40.4409836532249,-36.7808219734735,0.));
#3464=CARTESIAN_POINT('Origin',(0.,0.,0.));
#3465=CARTESIAN_POINT('',(40.4409836532249,-36.7808219734735,3.18));
#3466=CARTESIAN_POINT('Origin',(0.,0.,3.18));
#3467=CARTESIAN_POINT('',(40.4409836532247,-36.7808219734737,3.18));
#3468=CARTESIAN_POINT('Origin',(41.8075917664564,-24.1931204529511,3.18));
#3469=CARTESIAN_POINT('',(41.8075917664564,-24.1931204529511,0.));
#3470=CARTESIAN_POINT('',(20.9037958832282,-12.0965602264755,0.));
#3471=CARTESIAN_POINT('',(41.8075917664564,-24.1931204529511,3.18));
#3472=CARTESIAN_POINT('',(20.9037958832282,-12.0965602264755,3.18));
#3473=CARTESIAN_POINT('',(41.8075917664564,-24.1931204529511,3.18));
#3474=CARTESIAN_POINT('Origin',(0.,0.,3.18));
#3475=CARTESIAN_POINT('Origin',(0.,0.,0.));
#3476=CARTESIAN_POINT('Origin',(0.,0.,3.18));
#3477=CARTESIAN_POINT('Origin',(-15.32761597085,52.4725281698424,3.18));
#3478=CARTESIAN_POINT('',(-13.5436791539372,46.3654026353366,0.));
#3479=CARTESIAN_POINT('',(-15.32761597085,52.4725281698424,0.));
#3480=CARTESIAN_POINT('',(-7.66380798542499,26.2362640849212,0.));
#3481=CARTESIAN_POINT('',(-13.5436791539372,46.3654026353366,3.18));
#3482=CARTESIAN_POINT('',(-13.5436791539372,46.3654026353366,3.18));
#3483=CARTESIAN_POINT('',(-15.32761597085,52.4725281698424,3.18));
#3484=CARTESIAN_POINT('',(-7.66380798542499,26.2362640849212,3.18));
#3485=CARTESIAN_POINT('',(-15.32761597085,52.4725281698424,3.18));
#3486=CARTESIAN_POINT('Origin',(0.,0.,3.18));
#3487=CARTESIAN_POINT('',(-29.1325445345465,46.2557766427873,0.));
#3488=CARTESIAN_POINT('Origin',(0.,0.,0.));
#3489=CARTESIAN_POINT('',(-29.1325445345465,46.2557766427873,3.18));
#3490=CARTESIAN_POINT('Origin',(0.,0.,3.18));
#3491=CARTESIAN_POINT('',(-29.1325445345465,46.2557766427873,3.18));
#3492=CARTESIAN_POINT('Origin',(-25.7418920766322,40.8722008078437,3.18));
#3493=CARTESIAN_POINT('',(-25.7418920766321,40.8722008078437,0.));
#3494=CARTESIAN_POINT('',(-12.8709460383161,20.4361004039218,0.));
#3495=CARTESIAN_POINT('',(-25.7418920766321,40.8722008078437,3.18));
#3496=CARTESIAN_POINT('',(-12.8709460383161,20.4361004039218,3.18));
#3497=CARTESIAN_POINT('',(-25.7418920766321,40.8722008078437,3.18));
#3498=CARTESIAN_POINT('Origin',(0.,0.,3.18));
#3499=CARTESIAN_POINT('Origin',(0.,0.,0.));
#3500=CARTESIAN_POINT('Origin',(0.,0.,3.18));
#3501=CARTESIAN_POINT('Origin',(0.,0.,3.18));
#3502=CARTESIAN_POINT('',(44.0509968387235,19.8164447890242,0.));
#3503=CARTESIAN_POINT('',(47.3715096437865,9.44043858251931,0.));
#3504=CARTESIAN_POINT('Origin',(0.,0.,0.));
#3505=CARTESIAN_POINT('',(44.0509968387235,19.8164447890242,3.18));
#3506=CARTESIAN_POINT('',(44.0509968387235,19.8164447890242,3.18));
#3507=CARTESIAN_POINT('',(47.3715096437865,9.44043858251931,3.18));
#3508=CARTESIAN_POINT('Origin',(0.,0.,3.18));
#3509=CARTESIAN_POINT('',(47.3715096437865,9.44043858251931,3.18));
#3510=CARTESIAN_POINT('Origin',(53.6111568744818,10.6839076402062,3.18));
#3511=CARTESIAN_POINT('',(53.6111568744818,10.6839076402062,0.));
#3512=CARTESIAN_POINT('',(26.8055784372409,5.34195382010312,0.));
#3513=CARTESIAN_POINT('',(53.6111568744818,10.6839076402062,3.18));
#3514=CARTESIAN_POINT('',(26.8055784372409,5.34195382010312,3.18));
#3515=CARTESIAN_POINT('',(53.6111568744818,10.6839076402062,3.18));
#3516=CARTESIAN_POINT('Origin',(0.,0.,3.18));
#3517=CARTESIAN_POINT('',(39.939320903037,37.324960411084,0.));
#3518=CARTESIAN_POINT('',(31.2156987421859,44.8762985987242,0.));
#3519=CARTESIAN_POINT('Origin',(0.,0.,0.));
#3520=CARTESIAN_POINT('',(39.939320903037,37.324960411084,3.18));
#3521=CARTESIAN_POINT('',(39.939320903037,37.324960411084,3.18));
#3522=CARTESIAN_POINT('',(31.2156987421859,44.8762985987242,3.18));
#3523=CARTESIAN_POINT('Origin',(0.,0.,3.18));
#3524=CARTESIAN_POINT('',(31.2156987421859,44.8762985987242,3.18));
#3525=CARTESIAN_POINT('Origin',(0.,0.,3.18));
#3526=CARTESIAN_POINT('',(50.8349556756455,20.1024701303076,0.));
#3527=CARTESIAN_POINT('Origin',(0.,0.,0.));
#3528=CARTESIAN_POINT('',(50.8349556756455,20.1024701303076,3.18));
#3529=CARTESIAN_POINT('Origin',(0.,0.,3.18));
#3530=CARTESIAN_POINT('',(50.8349556756455,20.1024701303076,3.18));
#3531=CARTESIAN_POINT('Origin',(0.,0.,3.18));
#3532=CARTESIAN_POINT('',(50.5876412516117,20.7169634957199,3.18));
#3533=CARTESIAN_POINT('',(50.5876412516117,20.7169634957199,0.));
#3534=CARTESIAN_POINT('',(50.5876412516118,20.7169634957197,3.18));
#3535=CARTESIAN_POINT('',(50.2742249536439,21.4663534209973,3.18));
#3536=CARTESIAN_POINT('Origin',(0.,0.,3.18));
#3537=CARTESIAN_POINT('',(50.2742249536439,21.4663534209973,0.));
#3538=CARTESIAN_POINT('',(50.2742249536439,21.4663534209973,3.18));
#3539=CARTESIAN_POINT('Origin',(0.,0.,0.));
#3540=CARTESIAN_POINT('Origin',(27.582594001191,39.6532762168164,3.18));
#3541=CARTESIAN_POINT('',(27.582594001191,39.6532762168164,0.));
#3542=CARTESIAN_POINT('',(13.7912970005955,19.8266381084082,0.));
#3543=CARTESIAN_POINT('',(27.582594001191,39.6532762168164,3.18));
#3544=CARTESIAN_POINT('',(13.7912970005955,19.8266381084082,3.18));
#3545=CARTESIAN_POINT('',(27.582594001191,39.6532762168164,3.18));
#3546=CARTESIAN_POINT('Origin',(0.,0.,3.18));
#3547=CARTESIAN_POINT('',(36.2018980653696,31.9781860496537,0.));
#3548=CARTESIAN_POINT('',(36.2018980653696,31.9781860496537,3.18));
#3549=CARTESIAN_POINT('',(36.2018980653696,31.9781860496537,3.18));
#3550=CARTESIAN_POINT('Origin',(0.,0.,0.));
#3551=CARTESIAN_POINT('Origin',(0.,0.,3.18));
#3552=CARTESIAN_POINT('Origin',(4.89051554808373,-48.054808960557,3.18));
#3553=CARTESIAN_POINT('',(5.53468103965734,-54.3844585306686,0.));
#3554=CARTESIAN_POINT('',(4.89051554808375,-48.054808960557,0.));
#3555=CARTESIAN_POINT('',(2.44525777404187,-24.0274044802785,-2.77555756156289E-16));
#3556=CARTESIAN_POINT('',(5.53468103965734,-54.3844585306686,3.18));
#3557=CARTESIAN_POINT('',(5.53468103965734,-54.3844585306686,3.18));
#3558=CARTESIAN_POINT('',(4.89051554808375,-48.054808960557,3.18));
#3559=CARTESIAN_POINT('',(2.44525777404187,-24.0274044802785,3.18));
#3560=CARTESIAN_POINT('',(4.89051554808375,-48.054808960557,3.18));
#3561=CARTESIAN_POINT('Origin',(0.,0.,3.18));
#3562=CARTESIAN_POINT('',(-18.2415562428535,-44.7261381342106,0.));
#3563=CARTESIAN_POINT('Origin',(0.,0.,0.));
#3564=CARTESIAN_POINT('',(-18.2415562428535,-44.7261381342106,3.18));
#3565=CARTESIAN_POINT('Origin',(0.,0.,3.18));
#3566=CARTESIAN_POINT('',(-18.2415562428535,-44.7261381342106,3.18));
#3567=CARTESIAN_POINT('Origin',(-20.644284734096,-50.6173441786739,3.18));
#3568=CARTESIAN_POINT('',(-20.644284734096,-50.6173441786739,0.));
#3569=CARTESIAN_POINT('',(-10.322142367048,-25.3086720893369,-5.55111512312578E-16));
#3570=CARTESIAN_POINT('',(-20.644284734096,-50.6173441786739,3.18));
#3571=CARTESIAN_POINT('',(-10.322142367048,-25.3086720893369,3.18));
#3572=CARTESIAN_POINT('',(-20.644284734096,-50.6173441786739,3.18));
#3573=CARTESIAN_POINT('Origin',(0.,0.,3.18));
#3574=CARTESIAN_POINT('Origin',(0.,0.,0.));
#3575=CARTESIAN_POINT('Origin',(0.,0.,3.18));
#3576=CARTESIAN_POINT('Origin',(-25.5682488740706,-40.9810499630654,3.18));
#3577=CARTESIAN_POINT('',(-28.9360295186072,-46.3789631145744,0.));
#3578=CARTESIAN_POINT('',(-25.5682488740706,-40.9810499630654,0.));
#3579=CARTESIAN_POINT('',(-12.7841244370353,-20.4905249815327,0.));
#3580=CARTESIAN_POINT('',(-28.9360295186072,-46.3789631145744,3.18));
#3581=CARTESIAN_POINT('',(-28.9360295186072,-46.3789631145744,3.18));
#3582=CARTESIAN_POINT('',(-25.5682488740706,-40.9810499630654,3.18));
#3583=CARTESIAN_POINT('',(-12.7841244370353,-20.4905249815327,3.18));
#3584=CARTESIAN_POINT('',(-25.5682488740706,-40.9810499630654,3.18));
#3585=CARTESIAN_POINT('Origin',(0.,0.,3.18));
#3586=CARTESIAN_POINT('',(-36.0291578726206,-32.1726839034522,0.));
#3587=CARTESIAN_POINT('Origin',(0.,0.,0.));
#3588=CARTESIAN_POINT('',(-36.0291578726206,-32.1726839034522,3.18));
#3589=CARTESIAN_POINT('Origin',(0.,0.,3.18));
#3590=CARTESIAN_POINT('',(-36.0291578726206,-32.1726839034522,3.18));
#3591=CARTESIAN_POINT('Origin',(-40.7748211802638,-36.4103828818411,3.18));
#3592=CARTESIAN_POINT('',(-40.7748211802638,-36.4103828818411,0.));
#3593=CARTESIAN_POINT('',(-20.3874105901319,-18.2051914409206,0.));
#3594=CARTESIAN_POINT('',(-40.7748211802638,-36.4103828818411,3.18));
#3595=CARTESIAN_POINT('',(-20.3874105901319,-18.2051914409206,3.18));
#3596=CARTESIAN_POINT('',(-40.7748211802638,-36.4103828818411,3.18));
#3597=CARTESIAN_POINT('Origin',(0.,0.,3.18));
#3598=CARTESIAN_POINT('Origin',(0.,0.,0.));
#3599=CARTESIAN_POINT('Origin',(0.,0.,3.18));
#3600=CARTESIAN_POINT('Origin',(0.,0.,3.18));
#3601=CARTESIAN_POINT('',(51.5241674865175,-18.26368497062,3.18));
#3602=CARTESIAN_POINT('',(51.5241674865175,-18.26368497062,0.));
#3603=CARTESIAN_POINT('',(51.5241674865174,-18.2636849706201,3.18));
#3604=CARTESIAN_POINT('',(54.645926727964,-1.45764053413109,3.18));
#3605=CARTESIAN_POINT('Origin',(0.,0.,3.18));
#3606=CARTESIAN_POINT('',(54.645926727964,-1.45764053413109,0.));
#3607=CARTESIAN_POINT('',(54.645926727964,-1.45764053413109,3.18));
#3608=CARTESIAN_POINT('Origin',(0.,0.,0.));
#3609=CARTESIAN_POINT('Origin',(48.2858456318738,-1.2879899753223,3.18));
#3610=CARTESIAN_POINT('',(48.2858456318738,-1.28798997532232,0.));
#3611=CARTESIAN_POINT('',(24.1429228159369,-0.643994987661152,0.));
#3612=CARTESIAN_POINT('',(48.2858456318738,-1.28798997532232,3.18));
#3613=CARTESIAN_POINT('',(24.1429228159369,-0.643994987661152,3.18));
#3614=CARTESIAN_POINT('',(48.2858456318738,-1.28798997532232,3.18));
#3615=CARTESIAN_POINT('Origin',(0.,0.,3.18));
#3616=CARTESIAN_POINT('',(43.2101543043547,-21.5885240708004,0.));
#3617=CARTESIAN_POINT('Origin',(0.,0.,0.));
#3618=CARTESIAN_POINT('',(43.2101543043547,-21.5885240708004,3.18));
#3619=CARTESIAN_POINT('Origin',(0.,0.,3.18));
#3620=CARTESIAN_POINT('',(43.2101543043547,-21.5885240708004,3.18));
#3621=CARTESIAN_POINT('Origin',(48.9016790556342,-24.4321061192952,3.18));
#3622=CARTESIAN_POINT('',(48.9016790556342,-24.4321061192952,0.));
#3623=CARTESIAN_POINT('',(24.4508395278171,-12.2160530596476,0.));
#3624=CARTESIAN_POINT('',(48.9016790556342,-24.4321061192952,3.18));
#3625=CARTESIAN_POINT('',(24.4508395278171,-12.2160530596476,3.18));
#3626=CARTESIAN_POINT('',(48.9016790556342,-24.4321061192952,3.18));
#3627=CARTESIAN_POINT('Origin',(0.,0.,3.18));
#3628=CARTESIAN_POINT('',(49.7707267780508,-22.6092189132967,0.));
#3629=CARTESIAN_POINT('',(49.7707267780508,-22.6092189132967,3.18));
#3630=CARTESIAN_POINT('',(49.7707267780508,-22.6092189132966,3.18));
#3631=CARTESIAN_POINT('Origin',(0.,0.,0.));
#3632=CARTESIAN_POINT('Origin',(0.,0.,3.18));
#3633=CARTESIAN_POINT('Origin',(-39.5584006931433,37.7284370002983,3.18));
#3634=CARTESIAN_POINT('',(-34.9543130418806,33.3373335216224,0.));
#3635=CARTESIAN_POINT('',(-39.5584006931433,37.7284370002983,0.));
#3636=CARTESIAN_POINT('',(-19.7792003465716,18.8642185001491,2.77555756156289E-16));
#3637=CARTESIAN_POINT('',(-34.9543130418806,33.3373335216224,3.18));
#3638=CARTESIAN_POINT('',(-34.9543130418806,33.3373335216224,3.18));
#3639=CARTESIAN_POINT('',(-39.5584006931433,37.7284370002983,3.18));
#3640=CARTESIAN_POINT('',(-19.7792003465716,18.8642185001491,3.18));
#3641=CARTESIAN_POINT('',(-39.5584006931433,37.7284370002983,3.18));
#3642=CARTESIAN_POINT('Origin',(0.,0.,3.18));
#3643=CARTESIAN_POINT('',(-48.3310484620228,25.5423526411793,0.));
#3644=CARTESIAN_POINT('Origin',(0.,0.,0.));
#3645=CARTESIAN_POINT('',(-48.3310484620228,25.5423526411793,3.18));
#3646=CARTESIAN_POINT('Origin',(0.,0.,3.18));
#3647=CARTESIAN_POINT('',(-48.3310484620228,25.5423526411793,3.18));
#3648=CARTESIAN_POINT('Origin',(-42.7059377523488,22.5695522165192,3.18));
#3649=CARTESIAN_POINT('',(-42.7059377523488,22.5695522165192,0.));
#3650=CARTESIAN_POINT('',(-21.3529688761744,11.2847761082596,0.));
#3651=CARTESIAN_POINT('',(-42.7059377523488,22.5695522165192,3.18));
#3652=CARTESIAN_POINT('',(-21.3529688761744,11.2847761082596,3.18));
#3653=CARTESIAN_POINT('',(-42.7059377523488,22.5695522165192,3.18));
#3654=CARTESIAN_POINT('Origin',(0.,0.,3.18));
#3655=CARTESIAN_POINT('Origin',(0.,0.,0.));
#3656=CARTESIAN_POINT('Origin',(0.,0.,3.18));
#3657=CARTESIAN_POINT('Origin',(21.5584999635245,-50.3481801729145,3.18));
#3658=CARTESIAN_POINT('',(21.5584999635307,-50.3481801729126,3.18));
#3659=CARTESIAN_POINT('',(18.7525102635629,-51.2075691977246,3.18));
#3660=CARTESIAN_POINT('',(21.5584999635307,-50.3481801729126,0.));
#3661=CARTESIAN_POINT('',(21.5584999635245,-50.3481801729145,3.18));
#3662=CARTESIAN_POINT('',(18.7525102635629,-51.2075691977246,0.));
#3663=CARTESIAN_POINT('Origin',(-50.8205515842747,-20.392715797298,3.18));
#3664=CARTESIAN_POINT('',(-50.820551584229,-20.3927157974473,3.18));
#3665=CARTESIAN_POINT('',(-51.4964734937819,-18.185764275392,3.18));
#3666=CARTESIAN_POINT('',(-50.820551584229,-20.3927157974473,0.));
#3667=CARTESIAN_POINT('',(-50.8205515842747,-20.392715797298,3.18));
#3668=CARTESIAN_POINT('',(-51.4964734937819,-18.185764275392,0.));
#3669=CARTESIAN_POINT('Origin',(39.1600006251887,-34.0680584891492,3.18));
#3670=CARTESIAN_POINT('',(41.6768174638646,-35.7007361184762,3.18));
#3671=CARTESIAN_POINT('Origin',(39.1600006251887,-34.0680584891492,3.18));
#3672=CARTESIAN_POINT('',(41.6768174638646,-35.7007361184762,0.));
#3673=CARTESIAN_POINT('',(41.6768174638682,-35.7007361184708,3.18));
#3674=CARTESIAN_POINT('Origin',(39.1600006251887,-34.0680584891492,0.));
#3675=CARTESIAN_POINT('Origin',(47.9429358770787,19.300793759455,3.18));
#3676=CARTESIAN_POINT('',(50.8114181818891,20.1793223626958,0.));
#3677=CARTESIAN_POINT('Origin',(47.9429358770787,19.300793759455,0.));
#3678=CARTESIAN_POINT('',(50.8114181818891,20.1793223626958,3.18));
#3679=CARTESIAN_POINT('',(50.8114181819152,20.1793223626104,3.18));
#3680=CARTESIAN_POINT('Origin',(47.9429358770787,19.300793759455,3.18));
#3681=CARTESIAN_POINT('Origin',(58.9445784293668,38.0423993843347,3.18));
#3682=CARTESIAN_POINT('Origin',(58.9445784293668,38.0423993843347,3.18));
#3683=CARTESIAN_POINT('Origin',(58.9445784293668,38.0423993843347,0.));
#3684=CARTESIAN_POINT('Origin',(50.8114181819152,20.1793223626104,3.18));
#3685=CARTESIAN_POINT('',(51.4578561287766,18.0686388790273,3.18));
#3686=CARTESIAN_POINT('',(51.4578561287766,18.0686388790273,0.));
#3687=CARTESIAN_POINT('Origin',(50.4409427879909,-20.3531265949388,3.18));
#3688=CARTESIAN_POINT('Origin',(50.4409427879909,-20.3531265949388,3.18));
#3689=CARTESIAN_POINT('Origin',(50.4409427879909,-20.3531265949388,0.));
#3690=CARTESIAN_POINT('Origin',(0.,-4.44089209850063E-15,3.18));
#3691=CARTESIAN_POINT('',(-60.5,40.5,3.18));
#3692=CARTESIAN_POINT('',(-60.5,-40.5,3.18));
#3693=CARTESIAN_POINT('',(-60.5,40.5,3.18));
#3694=CARTESIAN_POINT('',(-40.5,-60.5,3.18));
#3695=CARTESIAN_POINT('Origin',(-40.5,-40.5,3.18));
#3696=CARTESIAN_POINT('',(40.5,-60.5,3.18));
#3697=CARTESIAN_POINT('',(-40.5,-60.5,3.18));
#3698=CARTESIAN_POINT('',(60.5,-40.5,3.18));
#3699=CARTESIAN_POINT('Origin',(40.5000000000001,-40.5,3.18));
#3700=CARTESIAN_POINT('',(60.5,40.5,3.18));
#3701=CARTESIAN_POINT('',(60.5,-40.5,3.18));
#3702=CARTESIAN_POINT('',(40.5,60.5,3.18));
#3703=CARTESIAN_POINT('Origin',(40.5,40.5,3.18));
#3704=CARTESIAN_POINT('',(-40.5,60.5,3.18));
#3705=CARTESIAN_POINT('',(40.5,60.5,3.18));
#3706=CARTESIAN_POINT('Origin',(-40.5,40.5,3.18));
#3707=CARTESIAN_POINT('',(44.7432933135004,-30.9736804429961,3.18));
#3708=CARTESIAN_POINT('Origin',(20.6799713606521,-47.4796978680004,3.18));
#3709=CARTESIAN_POINT('',(35.76653100054,26.2810943911724,3.18));
#3710=CARTESIAN_POINT('',(35.5433460285395,26.0798693030612,3.18));
#3711=CARTESIAN_POINT('',(19.366863533811,11.4950427076334,3.18));
#3712=CARTESIAN_POINT('',(34.1310217742123,26.1529459794971,3.18));
#3713=CARTESIAN_POINT('Origin',(34.8737222395938,26.8225697684428,3.18));
#3714=CARTESIAN_POINT('',(29.635413467269,31.1391642663311,3.18));
#3715=CARTESIAN_POINT('',(32.9822356351442,27.427100234759,3.18));
#3716=CARTESIAN_POINT('',(29.7084901437048,32.5514885206584,3.18));
#3717=CARTESIAN_POINT('Origin',(30.3781139326505,31.8087880552768,3.18));
#3718=CARTESIAN_POINT('',(29.9316751157052,32.7527136087696,3.18));
#3719=CARTESIAN_POINT('',(13.4204151629761,17.8660493811749,3.18));
#3720=CARTESIAN_POINT('',(31.3439993700325,32.6796369323337,3.18));
#3721=CARTESIAN_POINT('Origin',(30.6012989046509,32.010013143388,3.18));
#3722=CARTESIAN_POINT('',(35.8396076769758,27.6934186454997,3.18));
#3723=CARTESIAN_POINT('',(32.4430173844359,31.4606820441788,3.18));
#3724=CARTESIAN_POINT('Origin',(35.0969072115943,27.023794856554,3.18));
#3725=CARTESIAN_POINT('',(-4.9023139028724,44.1021854536231,3.18));
#3726=CARTESIAN_POINT('',(-4.83964035068952,43.8082890540722,3.18));
#3727=CARTESIAN_POINT('',(-0.297831634198409,22.5102904129447,3.18));
#3728=CARTESIAN_POINT('',(-5.60908873607079,42.6217187096619,3.18));
#3729=CARTESIAN_POINT('Origin',(-5.81764971558535,43.5997280745577,3.18));
#3730=CARTESIAN_POINT('',(-12.1750845947552,41.2215168538016,3.18));
#3731=CARTESIAN_POINT('',(-7.27340937086035,42.2668015132861,3.18));
#3732=CARTESIAN_POINT('',(-13.3616549391656,41.9909652391829,3.18));
#3733=CARTESIAN_POINT('Origin',(-12.3836455742698,42.1995262186974,3.18));
#3734=CARTESIAN_POINT('',(-13.4243284913485,42.2848616387337,3.18));
#3735=CARTESIAN_POINT('',(-8.78850944658307,20.5460183982798,3.18));
#3736=CARTESIAN_POINT('',(-12.6548801059673,43.4714319831441,3.18));
#3737=CARTESIAN_POINT('Origin',(-12.4463191264527,42.4934226182483,3.18));
#3738=CARTESIAN_POINT('',(-6.08888424728279,44.8716338390044,3.18));
#3739=CARTESIAN_POINT('',(-11.0362028114148,43.8166157146985,3.18));
#3740=CARTESIAN_POINT('Origin',(-5.88032326776822,43.8936244741086,3.18));
#3741=CARTESIAN_POINT('',(41.9270828898543,-17.2068281000313,3.18));
#3742=CARTESIAN_POINT('',(40.667435869008,-17.8497039689774,3.18));
#3743=CARTESIAN_POINT('Origin',(40.9758214449581,-16.8984425240812,3.18));
#3744=CARTESIAN_POINT('',(40.3815773448247,-17.7570326575377,3.18));
#3745=CARTESIAN_POINT('',(19.6493356264888,-11.0359316002526,3.18));
#3746=CARTESIAN_POINT('',(39.7387014758787,-16.4973856366914,3.18));
#3747=CARTESIAN_POINT('Origin',(40.6899629207748,-16.8057712126415,3.18));
#3748=CARTESIAN_POINT('',(41.8090890276198,-10.1109654939971,3.18));
#3749=CARTESIAN_POINT('',(40.2688909959188,-14.8619367433758,3.18));
#3750=CARTESIAN_POINT('',(43.0687360484661,-9.46808962505109,3.18));
#3751=CARTESIAN_POINT('Origin',(42.760350472516,-10.4193510699473,3.18));
#3752=CARTESIAN_POINT('',(43.3545945726493,-9.56076093649074,3.18));
#3753=CARTESIAN_POINT('',(22.1935650680387,-2.70065291204579,3.18));
#3754=CARTESIAN_POINT('',(43.9974704415954,-10.820407957337,3.18));
#3755=CARTESIAN_POINT('Origin',(43.0462089966992,-10.5120223813869,3.18));
#3756=CARTESIAN_POINT('',(43.492466185765,-12.3781691353684,3.18));
#3757=CARTESIAN_POINT('',(-35.8424257457846,-27.7506444585529,3.18));
#3758=CARTESIAN_POINT('',(-35.7693490693487,-26.3383202042257,3.18));
#3759=CARTESIAN_POINT('Origin',(-35.099725280403,-27.0810206696072,3.18));
#3760=CARTESIAN_POINT('',(-35.5461640973483,-26.1370951161144,3.18));
#3761=CARTESIAN_POINT('',(-19.3546743197003,-11.5387378523768,3.18));
#3762=CARTESIAN_POINT('',(-34.133839843021,-26.2101717925503,3.18));
#3763=CARTESIAN_POINT('Origin',(-34.8765403084026,-26.879795581496,3.18));
#3764=CARTESIAN_POINT('',(-29.6382315360777,-31.1963900793844,3.18));
#3765=CARTESIAN_POINT('',(-32.9986519524682,-27.4692438095952,3.18));
#3766=CARTESIAN_POINT('',(-29.7113082125136,-32.6087143337117,3.18));
#3767=CARTESIAN_POINT('Origin',(-30.3809320014593,-31.8660138683301,3.18));
#3768=CARTESIAN_POINT('',(-29.9344931845139,-32.8099394218228,3.18));
#3769=CARTESIAN_POINT('',(-13.4082259488652,-17.9097445259186,3.18));
#3770=CARTESIAN_POINT('',(-31.3468174388412,-32.7368627453869,3.18));
#3771=CARTESIAN_POINT('Origin',(-30.6041169734596,-32.0672389564413,3.18));
#3772=CARTESIAN_POINT('',(-32.4594337017599,-31.502825619015,3.18));
#3773=CARTESIAN_POINT('',(6.08606617847406,-44.9288596520576,3.18));
#3774=CARTESIAN_POINT('',(4.89949583406368,-44.1594112666764,3.18));
#3775=CARTESIAN_POINT('Origin',(5.8775051989595,-43.9508502871618,3.18));
#3776=CARTESIAN_POINT('',(4.8368222818808,-43.8655148671255,3.18));
#3777=CARTESIAN_POINT('',(0.289238549210913,-22.540435321802,3.18));
#3778=CARTESIAN_POINT('',(5.60627066726207,-42.6789445227151,3.18));
#3779=CARTESIAN_POINT('Origin',(5.81483164677662,-43.6569538876109,3.18));
#3780=CARTESIAN_POINT('',(12.1722665259465,-41.2787426668549,3.18));
#3781=CARTESIAN_POINT('',(7.27777535263473,-42.3224953240087,3.18));
#3782=CARTESIAN_POINT('',(13.3588368703569,-42.0481910522361,3.18));
#3783=CARTESIAN_POINT('Origin',(12.3808275054611,-42.2567520317507,3.18));
#3784=CARTESIAN_POINT('',(13.4215104225398,-42.3420874517869,3.18));
#3785=CARTESIAN_POINT('',(8.77991636159592,-20.5761633071371,3.18));
#3786=CARTESIAN_POINT('',(12.6520620371585,-43.5286577961973,3.18));
#3787=CARTESIAN_POINT('Origin',(12.443501057644,-42.5506484313015,3.18));
#3788=CARTESIAN_POINT('',(11.0405687931892,-43.872309525421,3.18));
#3789=CARTESIAN_POINT('',(-40.6702539378167,17.7924781559241,3.18));
#3790=CARTESIAN_POINT('',(-40.3843954136334,17.6998068444844,3.18));
#3791=CARTESIAN_POINT('',(-19.6592724104318,10.9810135744841,3.18));
#3792=CARTESIAN_POINT('',(-39.7415195446874,16.4401598236382,3.18));
#3793=CARTESIAN_POINT('Origin',(-40.6927809895836,16.7485453995883,3.18));
#3794=CARTESIAN_POINT('',(-41.8119070964286,10.0537396809439,3.18));
#3795=CARTESIAN_POINT('',(-40.2631813151887,14.8310160495648,3.18));
#3796=CARTESIAN_POINT('',(-43.0715541172748,9.41086381199784,3.18));
#3797=CARTESIAN_POINT('Origin',(-42.7631685413247,10.362125256894,3.18));
#3798=CARTESIAN_POINT('',(-43.3574126414581,9.50353512343748,3.18));
#3799=CARTESIAN_POINT('',(-22.2035018519816,2.6457348862774,3.18));
#3800=CARTESIAN_POINT('',(-44.0002885104041,10.7631821442838,3.18));
#3801=CARTESIAN_POINT('Origin',(-43.0490270655079,10.4547965683336,3.18));
#3802=CARTESIAN_POINT('',(-41.929900958663,17.1496022869781,3.18));
#3803=CARTESIAN_POINT('',(-43.4867565050349,12.3472484415573,3.18));
#3804=CARTESIAN_POINT('Origin',(-40.9786395137668,16.841216711028,3.18));
#3805=CARTESIAN_POINT('',(29.,0.,3.18));
#3806=CARTESIAN_POINT('Origin',(0.,0.,3.18));
#3807=CARTESIAN_POINT('Origin',(35.8894378429485,23.3888068964036,3.18));
#3808=CARTESIAN_POINT('Origin',(-47.9520692794675,-19.5141871939059,3.18));
#3809=CARTESIAN_POINT('Origin',(0.,-4.44089209850063E-15,0.));
#3810=CARTESIAN_POINT('',(-60.5,40.5,0.));
#3811=CARTESIAN_POINT('',(-60.5,-40.5,0.));
#3812=CARTESIAN_POINT('',(-60.5,40.5,0.));
#3813=CARTESIAN_POINT('',(-40.5,60.5,0.));
#3814=CARTESIAN_POINT('Origin',(-40.5,40.5,0.));
#3815=CARTESIAN_POINT('',(40.5,60.5,0.));
#3816=CARTESIAN_POINT('',(40.5,60.5,0.));
#3817=CARTESIAN_POINT('',(60.5,40.5,0.));
#3818=CARTESIAN_POINT('Origin',(40.5,40.5,0.));
#3819=CARTESIAN_POINT('',(60.5,-40.5,0.));
#3820=CARTESIAN_POINT('',(60.5,-40.5,0.));
#3821=CARTESIAN_POINT('',(40.5,-60.5,0.));
#3822=CARTESIAN_POINT('Origin',(40.5000000000001,-40.5,0.));
#3823=CARTESIAN_POINT('',(-40.5,-60.5,0.));
#3824=CARTESIAN_POINT('',(-40.5,-60.5,0.));
#3825=CARTESIAN_POINT('Origin',(-40.5,-40.5,0.));
#3826=CARTESIAN_POINT('Origin',(20.6799713606521,-47.4796978680004,0.));
#3827=CARTESIAN_POINT('',(44.7432933135004,-30.9736804429961,2.77555756156289E-16));
#3828=CARTESIAN_POINT('Origin',(35.8894378429485,23.3888068964036,0.));
#3829=CARTESIAN_POINT('Origin',(-47.9520692794675,-19.5141871939059,0.));
#3830=CARTESIAN_POINT('',(35.5433460285395,26.0798693030612,0.));
#3831=CARTESIAN_POINT('',(35.76653100054,26.2810943911724,0.));
#3832=CARTESIAN_POINT('',(19.366863533811,11.4950427076334,2.77555756156289E-16));
#3833=CARTESIAN_POINT('',(35.8396076769758,27.6934186454997,0.));
#3834=CARTESIAN_POINT('Origin',(35.0969072115943,27.023794856554,0.));
#3835=CARTESIAN_POINT('',(31.3439993700325,32.6796369323337,0.));
#3836=CARTESIAN_POINT('',(32.4430173844359,31.4606820441788,0.));
#3837=CARTESIAN_POINT('',(29.9316751157052,32.7527136087696,0.));
#3838=CARTESIAN_POINT('Origin',(30.6012989046509,32.010013143388,0.));
#3839=CARTESIAN_POINT('',(29.7084901437048,32.5514885206584,0.));
#3840=CARTESIAN_POINT('',(13.4204151629761,17.8660493811749,0.));
#3841=CARTESIAN_POINT('',(29.635413467269,31.1391642663311,0.));
#3842=CARTESIAN_POINT('Origin',(30.3781139326505,31.8087880552768,0.));
#3843=CARTESIAN_POINT('',(34.1310217742123,26.1529459794971,0.));
#3844=CARTESIAN_POINT('',(32.9822356351442,27.427100234759,0.));
#3845=CARTESIAN_POINT('Origin',(34.8737222395938,26.8225697684428,0.));
#3846=CARTESIAN_POINT('',(-4.83964035068952,43.8082890540722,0.));
#3847=CARTESIAN_POINT('',(-4.9023139028724,44.1021854536231,0.));
#3848=CARTESIAN_POINT('',(-0.297831634198409,22.5102904129447,0.));
#3849=CARTESIAN_POINT('',(-6.08888424728279,44.8716338390044,0.));
#3850=CARTESIAN_POINT('Origin',(-5.88032326776822,43.8936244741086,0.));
#3851=CARTESIAN_POINT('',(-12.6548801059673,43.4714319831441,0.));
#3852=CARTESIAN_POINT('',(-11.0362028114148,43.8166157146985,0.));
#3853=CARTESIAN_POINT('',(-13.4243284913485,42.2848616387337,0.));
#3854=CARTESIAN_POINT('Origin',(-12.4463191264527,42.4934226182483,0.));
#3855=CARTESIAN_POINT('',(-13.3616549391656,41.9909652391829,0.));
#3856=CARTESIAN_POINT('',(-8.78850944658307,20.5460183982798,0.));
#3857=CARTESIAN_POINT('',(-12.1750845947552,41.2215168538016,0.));
#3858=CARTESIAN_POINT('Origin',(-12.3836455742698,42.1995262186974,0.));
#3859=CARTESIAN_POINT('',(-5.60908873607079,42.6217187096619,0.));
#3860=CARTESIAN_POINT('',(-7.27340937086035,42.2668015132861,0.));
#3861=CARTESIAN_POINT('Origin',(-5.81764971558535,43.5997280745577,0.));
#3862=CARTESIAN_POINT('',(40.667435869008,-17.8497039689774,0.));
#3863=CARTESIAN_POINT('',(41.9270828898543,-17.2068281000313,0.));
#3864=CARTESIAN_POINT('Origin',(40.9758214449581,-16.8984425240812,0.));
#3865=CARTESIAN_POINT('',(43.9974704415954,-10.820407957337,0.));
#3866=CARTESIAN_POINT('',(43.492466185765,-12.3781691353684,0.));
#3867=CARTESIAN_POINT('',(43.3545945726493,-9.56076093649074,0.));
#3868=CARTESIAN_POINT('Origin',(43.0462089966992,-10.5120223813869,0.));
#3869=CARTESIAN_POINT('',(43.0687360484661,-9.46808962505109,0.));
#3870=CARTESIAN_POINT('',(22.1935650680387,-2.70065291204579,-2.77555756156289E-16));
#3871=CARTESIAN_POINT('',(41.8090890276198,-10.1109654939971,0.));
#3872=CARTESIAN_POINT('Origin',(42.760350472516,-10.4193510699473,0.));
#3873=CARTESIAN_POINT('',(39.7387014758787,-16.4973856366914,0.));
#3874=CARTESIAN_POINT('',(40.2688909959188,-14.8619367433758,0.));
#3875=CARTESIAN_POINT('',(40.3815773448247,-17.7570326575377,0.));
#3876=CARTESIAN_POINT('Origin',(40.6899629207748,-16.8057712126415,0.));
#3877=CARTESIAN_POINT('',(19.6493356264888,-11.0359316002526,0.));
#3878=CARTESIAN_POINT('',(-35.7693490693487,-26.3383202042257,0.));
#3879=CARTESIAN_POINT('',(-35.8424257457846,-27.7506444585529,0.));
#3880=CARTESIAN_POINT('Origin',(-35.099725280403,-27.0810206696072,0.));
#3881=CARTESIAN_POINT('',(-31.3468174388412,-32.7368627453869,0.));
#3882=CARTESIAN_POINT('',(-32.4594337017599,-31.502825619015,-2.77555756156289E-16));
#3883=CARTESIAN_POINT('',(-29.9344931845139,-32.8099394218228,0.));
#3884=CARTESIAN_POINT('Origin',(-30.6041169734596,-32.0672389564413,0.));
#3885=CARTESIAN_POINT('',(-29.7113082125136,-32.6087143337117,0.));
#3886=CARTESIAN_POINT('',(-13.4082259488652,-17.9097445259186,0.));
#3887=CARTESIAN_POINT('',(-29.6382315360777,-31.1963900793844,0.));
#3888=CARTESIAN_POINT('Origin',(-30.3809320014593,-31.8660138683301,0.));
#3889=CARTESIAN_POINT('',(-34.133839843021,-26.2101717925503,0.));
#3890=CARTESIAN_POINT('',(-32.9986519524682,-27.4692438095952,0.));
#3891=CARTESIAN_POINT('',(-35.5461640973483,-26.1370951161144,0.));
#3892=CARTESIAN_POINT('Origin',(-34.8765403084026,-26.879795581496,0.));
#3893=CARTESIAN_POINT('',(-19.3546743197003,-11.5387378523768,0.));
#3894=CARTESIAN_POINT('',(4.89949583406368,-44.1594112666764,0.));
#3895=CARTESIAN_POINT('',(6.08606617847406,-44.9288596520576,0.));
#3896=CARTESIAN_POINT('Origin',(5.8775051989595,-43.9508502871618,0.));
#3897=CARTESIAN_POINT('',(12.6520620371585,-43.5286577961973,0.));
#3898=CARTESIAN_POINT('',(11.0405687931892,-43.872309525421,2.77555756156289E-16));
#3899=CARTESIAN_POINT('',(13.4215104225398,-42.3420874517869,0.));
#3900=CARTESIAN_POINT('Origin',(12.443501057644,-42.5506484313015,0.));
#3901=CARTESIAN_POINT('',(13.3588368703569,-42.0481910522361,0.));
#3902=CARTESIAN_POINT('',(8.77991636159592,-20.5761633071371,0.));
#3903=CARTESIAN_POINT('',(12.1722665259465,-41.2787426668549,0.));
#3904=CARTESIAN_POINT('Origin',(12.3808275054611,-42.2567520317507,0.));
#3905=CARTESIAN_POINT('',(5.60627066726207,-42.6789445227151,0.));
#3906=CARTESIAN_POINT('',(7.27777535263473,-42.3224953240087,0.));
#3907=CARTESIAN_POINT('',(4.8368222818808,-43.8655148671255,0.));
#3908=CARTESIAN_POINT('Origin',(5.81483164677662,-43.6569538876109,0.));
#3909=CARTESIAN_POINT('',(0.289238549210913,-22.540435321802,0.));
#3910=CARTESIAN_POINT('',(-40.3843954136334,17.6998068444844,0.));
#3911=CARTESIAN_POINT('',(-40.6702539378167,17.7924781559241,0.));
#3912=CARTESIAN_POINT('',(-19.6592724104318,10.9810135744841,-2.77555756156289E-16));
#3913=CARTESIAN_POINT('',(-41.929900958663,17.1496022869781,0.));
#3914=CARTESIAN_POINT('Origin',(-40.9786395137668,16.841216711028,0.));
#3915=CARTESIAN_POINT('',(-44.0002885104041,10.7631821442838,0.));
#3916=CARTESIAN_POINT('',(-43.4867565050349,12.3472484415573,0.));
#3917=CARTESIAN_POINT('',(-43.3574126414581,9.50353512343748,0.));
#3918=CARTESIAN_POINT('Origin',(-43.0490270655079,10.4547965683336,0.));
#3919=CARTESIAN_POINT('',(-43.0715541172748,9.41086381199784,0.));
#3920=CARTESIAN_POINT('',(-22.2035018519816,2.6457348862774,0.));
#3921=CARTESIAN_POINT('',(-41.8119070964286,10.0537396809439,0.));
#3922=CARTESIAN_POINT('Origin',(-42.7631685413247,10.362125256894,0.));
#3923=CARTESIAN_POINT('',(-39.7415195446874,16.4401598236382,0.));
#3924=CARTESIAN_POINT('',(-40.2631813151887,14.8310160495648,0.));
#3925=CARTESIAN_POINT('Origin',(-40.6927809895836,16.7485453995883,0.));
#3926=CARTESIAN_POINT('',(29.,3.55147571752732E-15,0.));
#3927=CARTESIAN_POINT('Origin',(0.,0.,0.));
#3928=CARTESIAN_POINT('Origin',(35.8894378429485,23.3888068964036,3.18));
#3929=CARTESIAN_POINT('Origin',(43.8537189885946,-32.3449833873212,3.18));
#3930=CARTESIAN_POINT('Origin',(20.6799713606521,-47.4796978680004,3.18));
#3931=CARTESIAN_POINT('Origin',(-47.9520692794675,-19.5141871939059,3.18));
#3932=CARTESIAN_POINT('Origin',(29.7084901437048,32.5514885206584,3.18));
#3933=CARTESIAN_POINT('',(29.9316751157052,32.7527136087696,3.18));
#3934=CARTESIAN_POINT('',(29.7084901437048,32.5514885206584,3.18));
#3935=CARTESIAN_POINT('Origin',(30.3781139326505,31.8087880552768,3.18));
#3936=CARTESIAN_POINT('',(29.635413467269,31.1391642663311,3.18));
#3937=CARTESIAN_POINT('Origin',(34.1310217742123,26.1529459794971,3.18));
#3938=CARTESIAN_POINT('',(34.1310217742123,26.1529459794971,3.18));
#3939=CARTESIAN_POINT('Origin',(34.8737222395938,26.8225697684428,3.18));
#3940=CARTESIAN_POINT('',(35.5433460285395,26.0798693030612,3.18));
#3941=CARTESIAN_POINT('Origin',(35.76653100054,26.2810943911724,3.18));
#3942=CARTESIAN_POINT('',(35.76653100054,26.2810943911724,3.18));
#3943=CARTESIAN_POINT('Origin',(35.0969072115943,27.023794856554,3.18));
#3944=CARTESIAN_POINT('',(35.8396076769758,27.6934186454997,3.18));
#3945=CARTESIAN_POINT('Origin',(31.3439993700325,32.6796369323337,3.18));
#3946=CARTESIAN_POINT('',(31.3439993700325,32.6796369323337,3.18));
#3947=CARTESIAN_POINT('Origin',(30.6012989046509,32.010013143388,3.18));
#3948=CARTESIAN_POINT('Origin',(-13.3616549391656,41.9909652391829,3.18));
#3949=CARTESIAN_POINT('',(-13.4243284913485,42.2848616387337,3.18));
#3950=CARTESIAN_POINT('',(-13.3616549391656,41.9909652391829,3.18));
#3951=CARTESIAN_POINT('Origin',(-12.3836455742698,42.1995262186974,3.18));
#3952=CARTESIAN_POINT('',(-12.1750845947552,41.2215168538016,3.18));
#3953=CARTESIAN_POINT('Origin',(-5.60908873607079,42.6217187096619,3.18));
#3954=CARTESIAN_POINT('',(-5.60908873607079,42.6217187096619,3.18));
#3955=CARTESIAN_POINT('Origin',(-5.81764971558535,43.5997280745577,3.18));
#3956=CARTESIAN_POINT('',(-4.83964035068952,43.8082890540722,3.18));
#3957=CARTESIAN_POINT('Origin',(-4.9023139028724,44.1021854536231,3.18));
#3958=CARTESIAN_POINT('',(-4.9023139028724,44.1021854536231,3.18));
#3959=CARTESIAN_POINT('Origin',(-5.88032326776822,43.8936244741086,3.18));
#3960=CARTESIAN_POINT('',(-6.08888424728279,44.8716338390044,3.18));
#3961=CARTESIAN_POINT('Origin',(-12.6548801059673,43.4714319831441,3.18));
#3962=CARTESIAN_POINT('',(-12.6548801059673,43.4714319831441,3.18));
#3963=CARTESIAN_POINT('Origin',(-12.4463191264527,42.4934226182483,3.18));
#3964=CARTESIAN_POINT('Origin',(42.760350472516,-10.4193510699473,3.18));
#3965=CARTESIAN_POINT('',(43.0687360484661,-9.46808962505109,3.18));
#3966=CARTESIAN_POINT('',(41.8090890276198,-10.1109654939971,3.18));
#3967=CARTESIAN_POINT('Origin',(39.7387014758787,-16.4973856366914,3.18));
#3968=CARTESIAN_POINT('',(39.7387014758787,-16.4973856366914,3.18));
#3969=CARTESIAN_POINT('Origin',(40.6899629207748,-16.8057712126415,3.18));
#3970=CARTESIAN_POINT('',(40.3815773448247,-17.7570326575377,3.18));
#3971=CARTESIAN_POINT('Origin',(40.667435869008,-17.8497039689774,3.18));
#3972=CARTESIAN_POINT('',(40.667435869008,-17.8497039689774,3.18));
#3973=CARTESIAN_POINT('Origin',(40.9758214449581,-16.8984425240812,3.18));
#3974=CARTESIAN_POINT('',(41.9270828898543,-17.2068281000313,3.18));
#3975=CARTESIAN_POINT('Origin',(43.9974704415954,-10.820407957337,3.18));
#3976=CARTESIAN_POINT('',(43.9974704415954,-10.820407957337,3.18));
#3977=CARTESIAN_POINT('Origin',(43.0462089966992,-10.5120223813869,3.18));
#3978=CARTESIAN_POINT('',(43.3545945726493,-9.56076093649074,3.18));
#3979=CARTESIAN_POINT('Origin',(43.0687360484661,-9.46808962505109,3.18));
#3980=CARTESIAN_POINT('Origin',(-30.3809320014593,-31.8660138683301,3.18));
#3981=CARTESIAN_POINT('',(-29.7113082125136,-32.6087143337117,3.18));
#3982=CARTESIAN_POINT('',(-29.6382315360777,-31.1963900793844,3.18));
#3983=CARTESIAN_POINT('Origin',(-34.133839843021,-26.2101717925503,3.18));
#3984=CARTESIAN_POINT('',(-34.133839843021,-26.2101717925503,3.18));
#3985=CARTESIAN_POINT('Origin',(-34.8765403084026,-26.879795581496,3.18));
#3986=CARTESIAN_POINT('',(-35.5461640973483,-26.1370951161144,3.18));
#3987=CARTESIAN_POINT('Origin',(-35.7693490693487,-26.3383202042257,3.18));
#3988=CARTESIAN_POINT('',(-35.7693490693487,-26.3383202042257,3.18));
#3989=CARTESIAN_POINT('Origin',(-35.099725280403,-27.0810206696072,3.18));
#3990=CARTESIAN_POINT('',(-35.8424257457846,-27.7506444585529,3.18));
#3991=CARTESIAN_POINT('Origin',(-31.3468174388412,-32.7368627453869,3.18));
#3992=CARTESIAN_POINT('',(-31.3468174388412,-32.7368627453869,3.18));
#3993=CARTESIAN_POINT('Origin',(-30.6041169734596,-32.0672389564413,3.18));
#3994=CARTESIAN_POINT('',(-29.9344931845139,-32.8099394218228,3.18));
#3995=CARTESIAN_POINT('Origin',(-29.7113082125136,-32.6087143337117,3.18));
#3996=CARTESIAN_POINT('Origin',(12.3808275054611,-42.2567520317507,3.18));
#3997=CARTESIAN_POINT('',(13.3588368703569,-42.0481910522361,3.18));
#3998=CARTESIAN_POINT('',(12.1722665259465,-41.2787426668549,3.18));
#3999=CARTESIAN_POINT('Origin',(5.60627066726206,-42.6789445227151,3.18));
#4000=CARTESIAN_POINT('',(5.60627066726207,-42.6789445227151,3.18));
#4001=CARTESIAN_POINT('Origin',(5.81483164677662,-43.6569538876109,3.18));
#4002=CARTESIAN_POINT('',(4.8368222818808,-43.8655148671255,3.18));
#4003=CARTESIAN_POINT('Origin',(4.89949583406368,-44.1594112666764,3.18));
#4004=CARTESIAN_POINT('',(4.89949583406368,-44.1594112666764,3.18));
#4005=CARTESIAN_POINT('Origin',(5.8775051989595,-43.9508502871618,3.18));
#4006=CARTESIAN_POINT('',(6.08606617847406,-44.9288596520576,3.18));
#4007=CARTESIAN_POINT('Origin',(12.6520620371585,-43.5286577961973,3.18));
#4008=CARTESIAN_POINT('',(12.6520620371585,-43.5286577961973,3.18));
#4009=CARTESIAN_POINT('Origin',(12.443501057644,-42.5506484313015,3.18));
#4010=CARTESIAN_POINT('',(13.4215104225398,-42.3420874517869,3.18));
#4011=CARTESIAN_POINT('Origin',(13.3588368703569,-42.0481910522361,3.18));
#4012=CARTESIAN_POINT('Origin',(-43.0715541172748,9.41086381199784,3.18));
#4013=CARTESIAN_POINT('',(-43.3574126414581,9.50353512343748,3.18));
#4014=CARTESIAN_POINT('',(-43.0715541172748,9.41086381199784,3.18));
#4015=CARTESIAN_POINT('Origin',(-42.7631685413247,10.362125256894,3.18));
#4016=CARTESIAN_POINT('',(-41.8119070964286,10.0537396809439,3.18));
#4017=CARTESIAN_POINT('Origin',(-39.7415195446874,16.4401598236382,3.18));
#4018=CARTESIAN_POINT('',(-39.7415195446874,16.4401598236382,3.18));
#4019=CARTESIAN_POINT('Origin',(-40.6927809895836,16.7485453995883,3.18));
#4020=CARTESIAN_POINT('',(-40.3843954136334,17.6998068444844,3.18));
#4021=CARTESIAN_POINT('Origin',(-40.6702539378167,17.7924781559241,3.18));
#4022=CARTESIAN_POINT('',(-40.6702539378167,17.7924781559241,3.18));
#4023=CARTESIAN_POINT('Origin',(-40.9786395137668,16.841216711028,3.18));
#4024=CARTESIAN_POINT('',(-41.929900958663,17.1496022869781,3.18));
#4025=CARTESIAN_POINT('Origin',(-44.0002885104041,10.7631821442838,3.18));
#4026=CARTESIAN_POINT('',(-44.0002885104041,10.7631821442838,3.18));
#4027=CARTESIAN_POINT('Origin',(-43.0490270655079,10.4547965683336,3.18));
#4028=CARTESIAN_POINT('Origin',(0.,0.,0.));
#4029=CARTESIAN_POINT('',(29.,3.55147571752732E-15,0.));
#4030=CARTESIAN_POINT('Origin',(-40.5,40.5,0.));
#4031=CARTESIAN_POINT('',(-60.5,40.5,0.));
#4032=CARTESIAN_POINT('',(-40.5,60.5,0.));
#4033=CARTESIAN_POINT('Origin',(40.5,60.5,0.));
#4034=CARTESIAN_POINT('',(40.5,60.5,0.));
#4035=CARTESIAN_POINT('Origin',(40.5,40.5,0.));
#4036=CARTESIAN_POINT('',(60.5,40.5,0.));
#4037=CARTESIAN_POINT('Origin',(60.5,-40.5,0.));
#4038=CARTESIAN_POINT('',(60.5,-40.5,0.));
#4039=CARTESIAN_POINT('Origin',(40.5000000000001,-40.5,0.));
#4040=CARTESIAN_POINT('',(40.5,-60.5,0.));
#4041=CARTESIAN_POINT('Origin',(-40.5,-60.5,0.));
#4042=CARTESIAN_POINT('',(-40.5,-60.5,0.));
#4043=CARTESIAN_POINT('Origin',(-40.5,-40.5,0.));
#4044=CARTESIAN_POINT('',(-60.5,-40.5,0.));
#4045=CARTESIAN_POINT('Origin',(-60.5,40.5,0.));
#4046=UNCERTAINTY_MEASURE_WITH_UNIT(LENGTH_MEASURE(0.01),#4050,
'DISTANCE_ACCURACY_VALUE',
'Maximum model space distance between geometric entities at asserted c
onnectivities');
#4047=UNCERTAINTY_MEASURE_WITH_UNIT(LENGTH_MEASURE(0.01),#4050,
'DISTANCE_ACCURACY_VALUE',
'Maximum model space distance between geometric entities at asserted c
onnectivities');
#4048=(
GEOMETRIC_REPRESENTATION_CONTEXT(3)
GLOBAL_UNCERTAINTY_ASSIGNED_CONTEXT((#4046))
GLOBAL_UNIT_ASSIGNED_CONTEXT((#4050,#4052,#4053))
REPRESENTATION_CONTEXT('','3D')
);
#4049=(
GEOMETRIC_REPRESENTATION_CONTEXT(3)
GLOBAL_UNCERTAINTY_ASSIGNED_CONTEXT((#4047))
GLOBAL_UNIT_ASSIGNED_CONTEXT((#4050,#4052,#4053))
REPRESENTATION_CONTEXT('','3D')
);
#4050=(
LENGTH_UNIT()
NAMED_UNIT(*)
SI_UNIT(.MILLI.,.METRE.)
);
#4051=(
LENGTH_UNIT()
NAMED_UNIT(*)
SI_UNIT(.CENTI.,.METRE.)
);
#4052=(
NAMED_UNIT(*)
PLANE_ANGLE_UNIT()
SI_UNIT($,.RADIAN.)
);
#4053=(
NAMED_UNIT(*)
SI_UNIT($,.STERADIAN.)
SOLID_ANGLE_UNIT()
);
#4054=SHAPE_DEFINITION_REPRESENTATION(#4055,#4056);
#4055=PRODUCT_DEFINITION_SHAPE('',$,#4058);
#4056=SHAPE_REPRESENTATION('',(#2402),#4048);
#4057=PRODUCT_DEFINITION_CONTEXT('part definition',#4062,'design');
#4058=PRODUCT_DEFINITION('stator_mount_01_alu','stator_mount_01_alu',#4059,
#4057);
#4059=PRODUCT_DEFINITION_FORMATION('',$,#4064);
#4060=PRODUCT_RELATED_PRODUCT_CATEGORY('stator_mount_01_alu',
'stator_mount_01_alu',(#4064));
#4061=APPLICATION_PROTOCOL_DEFINITION('international standard',
'automotive_design',2009,#4062);
#4062=APPLICATION_CONTEXT(
'Core Data for Automotive Mechanical Design Process');
#4063=PRODUCT_CONTEXT('part definition',#4062,'mechanical');
#4064=PRODUCT('stator_mount_01_alu','stator_mount_01_alu',$,(#4063));
#4065=PRESENTATION_STYLE_ASSIGNMENT((#4066));
#4066=SURFACE_STYLE_USAGE(.BOTH.,#4069);
#4067=SURFACE_STYLE_RENDERING_WITH_PROPERTIES($,#4073,(#4068));
#4068=SURFACE_STYLE_TRANSPARENT(0.);
#4069=SURFACE_SIDE_STYLE('',(#4070,#4067));
#4070=SURFACE_STYLE_FILL_AREA(#4071);
#4071=FILL_AREA_STYLE('',(#4072));
#4072=FILL_AREA_STYLE_COLOUR('',#4073);
#4073=COLOUR_RGB('',0.749019607843137,0.749019607843137,0.749019607843137);
ENDSEC;
END-ISO-10303-21;
