ISO-10303-21;
HEADER;
/* Generated by software containing ST-Developer
 * from STEP Tools, Inc. (www.steptools.com) 
 */

FILE_DESCRIPTION(
/* description */ (''),
/* implementation_level */ '2;1');

FILE_NAME(
/* name */ 'stator_center_01_p.stp',
/* time_stamp */ '2026-05-04T15:18:30-07:00',
/* author */ ('aaron'),
/* organization */ (''),
/* preprocessor_version */ 'ST-DEVELOPER v20.1',
/* originating_system */ 'Autodesk Inventor 2026',
/* authorisation */ '');

FILE_SCHEMA (('AUTOMOTIVE_DESIGN { 1 0 10303 214 3 1 1 }'));
ENDSEC;

DATA;
#10=MECHANICAL_DESIGN_GEOMETRIC_PRESENTATION_REPRESENTATION('',(#13),#2735);
#11=SHAPE_REPRESENTATION_RELATIONSHIP('SRR','None',#2742,#12);
#12=ADVANCED_BREP_SHAPE_REPRESENTATION('',(#14),#2734);
#13=STYLED_ITEM('',(#2751),#14);
#14=MANIFOLD_SOLID_BREP('Solid1',#1602);
#15=FACE_BOUND('',#249,.T.);
#16=FACE_BOUND('',#250,.T.);
#17=FACE_BOUND('',#251,.T.);
#18=FACE_BOUND('',#252,.T.);
#19=FACE_BOUND('',#253,.T.);
#20=FACE_BOUND('',#254,.T.);
#21=FACE_BOUND('',#255,.T.);
#22=FACE_BOUND('',#256,.T.);
#23=FACE_BOUND('',#257,.T.);
#24=FACE_BOUND('',#258,.T.);
#25=FACE_BOUND('',#259,.T.);
#26=FACE_BOUND('',#260,.T.);
#27=FACE_BOUND('',#261,.T.);
#28=FACE_BOUND('',#262,.T.);
#29=FACE_BOUND('',#263,.T.);
#30=FACE_BOUND('',#264,.T.);
#31=FACE_BOUND('',#265,.T.);
#32=FACE_BOUND('',#266,.T.);
#33=FACE_BOUND('',#267,.T.);
#34=FACE_BOUND('',#268,.T.);
#35=FACE_BOUND('',#269,.T.);
#36=FACE_BOUND('',#270,.T.);
#37=FACE_BOUND('',#271,.T.);
#38=FACE_BOUND('',#273,.T.);
#39=FACE_BOUND('',#274,.T.);
#40=FACE_BOUND('',#275,.T.);
#41=FACE_BOUND('',#276,.T.);
#42=FACE_BOUND('',#277,.T.);
#43=FACE_BOUND('',#278,.T.);
#44=FACE_BOUND('',#279,.T.);
#45=FACE_BOUND('',#280,.T.);
#46=FACE_BOUND('',#281,.T.);
#47=FACE_BOUND('',#282,.T.);
#48=FACE_BOUND('',#298,.T.);
#49=FACE_BOUND('',#299,.T.);
#50=FACE_BOUND('',#302,.T.);
#51=FACE_BOUND('',#303,.T.);
#52=FACE_BOUND('',#306,.T.);
#53=FACE_BOUND('',#307,.T.);
#54=FACE_BOUND('',#310,.T.);
#55=FACE_BOUND('',#311,.T.);
#56=FACE_BOUND('',#313,.T.);
#57=FACE_BOUND('',#314,.T.);
#58=FACE_BOUND('',#315,.T.);
#59=FACE_BOUND('',#316,.T.);
#60=FACE_BOUND('',#317,.T.);
#61=FACE_BOUND('',#318,.T.);
#62=FACE_BOUND('',#319,.T.);
#63=FACE_BOUND('',#320,.T.);
#64=FACE_BOUND('',#321,.T.);
#65=FACE_BOUND('',#322,.T.);
#66=FACE_BOUND('',#323,.T.);
#67=FACE_BOUND('',#324,.T.);
#68=FACE_BOUND('',#325,.T.);
#69=PLANE('',#1628);
#70=PLANE('',#1632);
#71=PLANE('',#1636);
#72=PLANE('',#1640);
#73=PLANE('',#1644);
#74=PLANE('',#1648);
#75=PLANE('',#1652);
#76=PLANE('',#1656);
#77=PLANE('',#1663);
#78=PLANE('',#1667);
#79=PLANE('',#1671);
#80=PLANE('',#1675);
#81=PLANE('',#1679);
#82=PLANE('',#1683);
#83=PLANE('',#1687);
#84=PLANE('',#1691);
#85=PLANE('',#1695);
#86=PLANE('',#1699);
#87=PLANE('',#1703);
#88=PLANE('',#1707);
#89=PLANE('',#1711);
#90=PLANE('',#1715);
#91=PLANE('',#1719);
#92=PLANE('',#1723);
#93=PLANE('',#1727);
#94=PLANE('',#1731);
#95=PLANE('',#1732);
#96=PLANE('',#1733);
#97=PLANE('',#1737);
#98=PLANE('',#1741);
#99=PLANE('',#1742);
#100=PLANE('',#1760);
#101=PLANE('',#1791);
#102=PLANE('',#1794);
#103=PLANE('',#1797);
#104=PLANE('',#1800);
#105=PLANE('',#1801);
#106=FACE_OUTER_BOUND('',#189,.T.);
#107=FACE_OUTER_BOUND('',#190,.T.);
#108=FACE_OUTER_BOUND('',#191,.T.);
#109=FACE_OUTER_BOUND('',#192,.T.);
#110=FACE_OUTER_BOUND('',#193,.T.);
#111=FACE_OUTER_BOUND('',#194,.T.);
#112=FACE_OUTER_BOUND('',#195,.T.);
#113=FACE_OUTER_BOUND('',#196,.T.);
#114=FACE_OUTER_BOUND('',#197,.T.);
#115=FACE_OUTER_BOUND('',#198,.T.);
#116=FACE_OUTER_BOUND('',#199,.T.);
#117=FACE_OUTER_BOUND('',#200,.T.);
#118=FACE_OUTER_BOUND('',#201,.T.);
#119=FACE_OUTER_BOUND('',#202,.T.);
#120=FACE_OUTER_BOUND('',#203,.T.);
#121=FACE_OUTER_BOUND('',#204,.T.);
#122=FACE_OUTER_BOUND('',#205,.T.);
#123=FACE_OUTER_BOUND('',#206,.T.);
#124=FACE_OUTER_BOUND('',#207,.T.);
#125=FACE_OUTER_BOUND('',#208,.T.);
#126=FACE_OUTER_BOUND('',#209,.T.);
#127=FACE_OUTER_BOUND('',#210,.T.);
#128=FACE_OUTER_BOUND('',#211,.T.);
#129=FACE_OUTER_BOUND('',#212,.T.);
#130=FACE_OUTER_BOUND('',#213,.T.);
#131=FACE_OUTER_BOUND('',#214,.T.);
#132=FACE_OUTER_BOUND('',#215,.T.);
#133=FACE_OUTER_BOUND('',#216,.T.);
#134=FACE_OUTER_BOUND('',#217,.T.);
#135=FACE_OUTER_BOUND('',#218,.T.);
#136=FACE_OUTER_BOUND('',#219,.T.);
#137=FACE_OUTER_BOUND('',#220,.T.);
#138=FACE_OUTER_BOUND('',#221,.T.);
#139=FACE_OUTER_BOUND('',#222,.T.);
#140=FACE_OUTER_BOUND('',#223,.T.);
#141=FACE_OUTER_BOUND('',#224,.T.);
#142=FACE_OUTER_BOUND('',#225,.T.);
#143=FACE_OUTER_BOUND('',#226,.T.);
#144=FACE_OUTER_BOUND('',#227,.T.);
#145=FACE_OUTER_BOUND('',#228,.T.);
#146=FACE_OUTER_BOUND('',#229,.T.);
#147=FACE_OUTER_BOUND('',#230,.T.);
#148=FACE_OUTER_BOUND('',#231,.T.);
#149=FACE_OUTER_BOUND('',#232,.T.);
#150=FACE_OUTER_BOUND('',#233,.T.);
#151=FACE_OUTER_BOUND('',#234,.T.);
#152=FACE_OUTER_BOUND('',#235,.T.);
#153=FACE_OUTER_BOUND('',#236,.T.);
#154=FACE_OUTER_BOUND('',#237,.T.);
#155=FACE_OUTER_BOUND('',#238,.T.);
#156=FACE_OUTER_BOUND('',#239,.T.);
#157=FACE_OUTER_BOUND('',#240,.T.);
#158=FACE_OUTER_BOUND('',#241,.T.);
#159=FACE_OUTER_BOUND('',#242,.T.);
#160=FACE_OUTER_BOUND('',#243,.T.);
#161=FACE_OUTER_BOUND('',#244,.T.);
#162=FACE_OUTER_BOUND('',#245,.T.);
#163=FACE_OUTER_BOUND('',#246,.T.);
#164=FACE_OUTER_BOUND('',#247,.T.);
#165=FACE_OUTER_BOUND('',#248,.T.);
#166=FACE_OUTER_BOUND('',#272,.T.);
#167=FACE_OUTER_BOUND('',#283,.T.);
#168=FACE_OUTER_BOUND('',#284,.T.);
#169=FACE_OUTER_BOUND('',#285,.T.);
#170=FACE_OUTER_BOUND('',#286,.T.);
#171=FACE_OUTER_BOUND('',#287,.T.);
#172=FACE_OUTER_BOUND('',#288,.T.);
#173=FACE_OUTER_BOUND('',#289,.T.);
#174=FACE_OUTER_BOUND('',#290,.T.);
#175=FACE_OUTER_BOUND('',#291,.T.);
#176=FACE_OUTER_BOUND('',#292,.T.);
#177=FACE_OUTER_BOUND('',#293,.T.);
#178=FACE_OUTER_BOUND('',#294,.T.);
#179=FACE_OUTER_BOUND('',#295,.T.);
#180=FACE_OUTER_BOUND('',#296,.T.);
#181=FACE_OUTER_BOUND('',#297,.T.);
#182=FACE_OUTER_BOUND('',#300,.T.);
#183=FACE_OUTER_BOUND('',#301,.T.);
#184=FACE_OUTER_BOUND('',#304,.T.);
#185=FACE_OUTER_BOUND('',#305,.T.);
#186=FACE_OUTER_BOUND('',#308,.T.);
#187=FACE_OUTER_BOUND('',#309,.T.);
#188=FACE_OUTER_BOUND('',#312,.T.);
#189=EDGE_LOOP('',(#1035,#1036,#1037,#1038));
#190=EDGE_LOOP('',(#1039));
#191=EDGE_LOOP('',(#1040,#1041,#1042,#1043));
#192=EDGE_LOOP('',(#1044));
#193=EDGE_LOOP('',(#1045,#1046,#1047,#1048));
#194=EDGE_LOOP('',(#1049));
#195=EDGE_LOOP('',(#1050,#1051,#1052,#1053));
#196=EDGE_LOOP('',(#1054));
#197=EDGE_LOOP('',(#1055,#1056,#1057,#1058));
#198=EDGE_LOOP('',(#1059));
#199=EDGE_LOOP('',(#1060,#1061,#1062,#1063));
#200=EDGE_LOOP('',(#1064));
#201=EDGE_LOOP('',(#1065,#1066,#1067,#1068));
#202=EDGE_LOOP('',(#1069));
#203=EDGE_LOOP('',(#1070,#1071,#1072,#1073));
#204=EDGE_LOOP('',(#1074));
#205=EDGE_LOOP('',(#1075,#1076,#1077,#1078));
#206=EDGE_LOOP('',(#1079,#1080,#1081,#1082));
#207=EDGE_LOOP('',(#1083,#1084,#1085,#1086));
#208=EDGE_LOOP('',(#1087,#1088,#1089,#1090));
#209=EDGE_LOOP('',(#1091,#1092,#1093,#1094));
#210=EDGE_LOOP('',(#1095,#1096,#1097,#1098));
#211=EDGE_LOOP('',(#1099,#1100,#1101,#1102));
#212=EDGE_LOOP('',(#1103,#1104,#1105,#1106));
#213=EDGE_LOOP('',(#1107,#1108,#1109,#1110));
#214=EDGE_LOOP('',(#1111,#1112,#1113,#1114));
#215=EDGE_LOOP('',(#1115,#1116,#1117,#1118));
#216=EDGE_LOOP('',(#1119,#1120,#1121,#1122));
#217=EDGE_LOOP('',(#1123,#1124,#1125,#1126));
#218=EDGE_LOOP('',(#1127,#1128,#1129,#1130));
#219=EDGE_LOOP('',(#1131,#1132,#1133,#1134));
#220=EDGE_LOOP('',(#1135,#1136,#1137,#1138));
#221=EDGE_LOOP('',(#1139,#1140,#1141,#1142));
#222=EDGE_LOOP('',(#1143,#1144,#1145,#1146));
#223=EDGE_LOOP('',(#1147,#1148,#1149,#1150));
#224=EDGE_LOOP('',(#1151,#1152,#1153,#1154));
#225=EDGE_LOOP('',(#1155,#1156,#1157,#1158));
#226=EDGE_LOOP('',(#1159,#1160,#1161,#1162));
#227=EDGE_LOOP('',(#1163,#1164,#1165,#1166));
#228=EDGE_LOOP('',(#1167,#1168,#1169,#1170));
#229=EDGE_LOOP('',(#1171,#1172,#1173,#1174));
#230=EDGE_LOOP('',(#1175,#1176,#1177,#1178));
#231=EDGE_LOOP('',(#1179,#1180,#1181,#1182));
#232=EDGE_LOOP('',(#1183,#1184,#1185,#1186));
#233=EDGE_LOOP('',(#1187,#1188,#1189,#1190));
#234=EDGE_LOOP('',(#1191,#1192,#1193,#1194));
#235=EDGE_LOOP('',(#1195,#1196,#1197,#1198));
#236=EDGE_LOOP('',(#1199,#1200,#1201,#1202));
#237=EDGE_LOOP('',(#1203,#1204,#1205,#1206));
#238=EDGE_LOOP('',(#1207,#1208,#1209,#1210));
#239=EDGE_LOOP('',(#1211,#1212,#1213,#1214));
#240=EDGE_LOOP('',(#1215,#1216,#1217,#1218));
#241=EDGE_LOOP('',(#1219,#1220,#1221,#1222));
#242=EDGE_LOOP('',(#1223,#1224,#1225,#1226));
#243=EDGE_LOOP('',(#1227,#1228,#1229,#1230));
#244=EDGE_LOOP('',(#1231,#1232,#1233,#1234));
#245=EDGE_LOOP('',(#1235,#1236,#1237,#1238));
#246=EDGE_LOOP('',(#1239,#1240,#1241,#1242));
#247=EDGE_LOOP('',(#1243,#1244,#1245,#1246));
#248=EDGE_LOOP('',(#1247,#1248,#1249,#1250,#1251,#1252,#1253,#1254));
#249=EDGE_LOOP('',(#1255));
#250=EDGE_LOOP('',(#1256,#1257,#1258,#1259,#1260,#1261,#1262));
#251=EDGE_LOOP('',(#1263));
#252=EDGE_LOOP('',(#1264));
#253=EDGE_LOOP('',(#1265));
#254=EDGE_LOOP('',(#1266));
#255=EDGE_LOOP('',(#1267));
#256=EDGE_LOOP('',(#1268));
#257=EDGE_LOOP('',(#1269));
#258=EDGE_LOOP('',(#1270));
#259=EDGE_LOOP('',(#1271));
#260=EDGE_LOOP('',(#1272));
#261=EDGE_LOOP('',(#1273));
#262=EDGE_LOOP('',(#1274));
#263=EDGE_LOOP('',(#1275,#1276,#1277,#1278));
#264=EDGE_LOOP('',(#1279,#1280,#1281,#1282));
#265=EDGE_LOOP('',(#1283,#1284,#1285,#1286));
#266=EDGE_LOOP('',(#1287,#1288,#1289,#1290));
#267=EDGE_LOOP('',(#1291,#1292,#1293,#1294));
#268=EDGE_LOOP('',(#1295,#1296,#1297,#1298));
#269=EDGE_LOOP('',(#1299,#1300,#1301,#1302));
#270=EDGE_LOOP('',(#1303,#1304,#1305,#1306));
#271=EDGE_LOOP('',(#1307,#1308,#1309,#1310));
#272=EDGE_LOOP('',(#1311,#1312,#1313,#1314,#1315,#1316,#1317,#1318));
#273=EDGE_LOOP('',(#1319));
#274=EDGE_LOOP('',(#1320,#1321,#1322,#1323));
#275=EDGE_LOOP('',(#1324,#1325,#1326,#1327));
#276=EDGE_LOOP('',(#1328,#1329,#1330,#1331));
#277=EDGE_LOOP('',(#1332,#1333,#1334,#1335));
#278=EDGE_LOOP('',(#1336,#1337,#1338,#1339));
#279=EDGE_LOOP('',(#1340,#1341,#1342,#1343));
#280=EDGE_LOOP('',(#1344,#1345,#1346,#1347));
#281=EDGE_LOOP('',(#1348,#1349,#1350,#1351));
#282=EDGE_LOOP('',(#1352,#1353,#1354,#1355));
#283=EDGE_LOOP('',(#1356,#1357,#1358,#1359));
#284=EDGE_LOOP('',(#1360,#1361,#1362,#1363));
#285=EDGE_LOOP('',(#1364,#1365,#1366,#1367));
#286=EDGE_LOOP('',(#1368,#1369,#1370,#1371));
#287=EDGE_LOOP('',(#1372,#1373,#1374,#1375));
#288=EDGE_LOOP('',(#1376,#1377,#1378,#1379));
#289=EDGE_LOOP('',(#1380,#1381,#1382,#1383));
#290=EDGE_LOOP('',(#1384,#1385,#1386,#1387));
#291=EDGE_LOOP('',(#1388,#1389,#1390,#1391));
#292=EDGE_LOOP('',(#1392,#1393,#1394,#1395));
#293=EDGE_LOOP('',(#1396,#1397,#1398,#1399));
#294=EDGE_LOOP('',(#1400,#1401,#1402,#1403));
#295=EDGE_LOOP('',(#1404,#1405,#1406,#1407,#1408,#1409,#1410,#1411));
#296=EDGE_LOOP('',(#1412,#1413,#1414,#1415));
#297=EDGE_LOOP('',(#1416,#1417,#1418,#1419));
#298=EDGE_LOOP('',(#1420));
#299=EDGE_LOOP('',(#1421));
#300=EDGE_LOOP('',(#1422,#1423,#1424,#1425));
#301=EDGE_LOOP('',(#1426,#1427,#1428,#1429));
#302=EDGE_LOOP('',(#1430));
#303=EDGE_LOOP('',(#1431));
#304=EDGE_LOOP('',(#1432,#1433,#1434,#1435));
#305=EDGE_LOOP('',(#1436,#1437,#1438,#1439));
#306=EDGE_LOOP('',(#1440));
#307=EDGE_LOOP('',(#1441));
#308=EDGE_LOOP('',(#1442,#1443,#1444,#1445));
#309=EDGE_LOOP('',(#1446,#1447,#1448,#1449));
#310=EDGE_LOOP('',(#1450));
#311=EDGE_LOOP('',(#1451));
#312=EDGE_LOOP('',(#1452,#1453,#1454,#1455,#1456,#1457,#1458,#1459));
#313=EDGE_LOOP('',(#1460));
#314=EDGE_LOOP('',(#1461));
#315=EDGE_LOOP('',(#1462));
#316=EDGE_LOOP('',(#1463));
#317=EDGE_LOOP('',(#1464));
#318=EDGE_LOOP('',(#1465));
#319=EDGE_LOOP('',(#1466));
#320=EDGE_LOOP('',(#1467));
#321=EDGE_LOOP('',(#1468));
#322=EDGE_LOOP('',(#1469));
#323=EDGE_LOOP('',(#1470));
#324=EDGE_LOOP('',(#1471));
#325=EDGE_LOOP('',(#1472));
#326=LINE('',#2288,#451);
#327=LINE('',#2295,#452);
#328=LINE('',#2302,#453);
#329=LINE('',#2309,#454);
#330=LINE('',#2316,#455);
#331=LINE('',#2323,#456);
#332=LINE('',#2330,#457);
#333=LINE('',#2337,#458);
#334=LINE('',#2344,#459);
#335=LINE('',#2351,#460);
#336=LINE('',#2354,#461);
#337=LINE('',#2357,#462);
#338=LINE('',#2359,#463);
#339=LINE('',#2360,#464);
#340=LINE('',#2366,#465);
#341=LINE('',#2368,#466);
#342=LINE('',#2369,#467);
#343=LINE('',#2375,#468);
#344=LINE('',#2378,#469);
#345=LINE('',#2381,#470);
#346=LINE('',#2383,#471);
#347=LINE('',#2384,#472);
#348=LINE('',#2390,#473);
#349=LINE('',#2392,#474);
#350=LINE('',#2393,#475);
#351=LINE('',#2399,#476);
#352=LINE('',#2402,#477);
#353=LINE('',#2405,#478);
#354=LINE('',#2407,#479);
#355=LINE('',#2408,#480);
#356=LINE('',#2414,#481);
#357=LINE('',#2416,#482);
#358=LINE('',#2417,#483);
#359=LINE('',#2423,#484);
#360=LINE('',#2426,#485);
#361=LINE('',#2429,#486);
#362=LINE('',#2431,#487);
#363=LINE('',#2432,#488);
#364=LINE('',#2438,#489);
#365=LINE('',#2440,#490);
#366=LINE('',#2441,#491);
#367=LINE('',#2447,#492);
#368=LINE('',#2450,#493);
#369=LINE('',#2453,#494);
#370=LINE('',#2455,#495);
#371=LINE('',#2456,#496);
#372=LINE('',#2462,#497);
#373=LINE('',#2464,#498);
#374=LINE('',#2465,#499);
#375=LINE('',#2471,#500);
#376=LINE('',#2474,#501);
#377=LINE('',#2477,#502);
#378=LINE('',#2479,#503);
#379=LINE('',#2480,#504);
#380=LINE('',#2486,#505);
#381=LINE('',#2488,#506);
#382=LINE('',#2489,#507);
#383=LINE('',#2495,#508);
#384=LINE('',#2498,#509);
#385=LINE('',#2501,#510);
#386=LINE('',#2503,#511);
#387=LINE('',#2504,#512);
#388=LINE('',#2510,#513);
#389=LINE('',#2512,#514);
#390=LINE('',#2513,#515);
#391=LINE('',#2519,#516);
#392=LINE('',#2522,#517);
#393=LINE('',#2525,#518);
#394=LINE('',#2527,#519);
#395=LINE('',#2528,#520);
#396=LINE('',#2534,#521);
#397=LINE('',#2536,#522);
#398=LINE('',#2537,#523);
#399=LINE('',#2543,#524);
#400=LINE('',#2546,#525);
#401=LINE('',#2549,#526);
#402=LINE('',#2551,#527);
#403=LINE('',#2552,#528);
#404=LINE('',#2558,#529);
#405=LINE('',#2560,#530);
#406=LINE('',#2561,#531);
#407=LINE('',#2565,#532);
#408=LINE('',#2567,#533);
#409=LINE('',#2569,#534);
#410=LINE('',#2570,#535);
#411=LINE('',#2573,#536);
#412=LINE('',#2575,#537);
#413=LINE('',#2576,#538);
#414=LINE('',#2582,#539);
#415=LINE('',#2585,#540);
#416=LINE('',#2587,#541);
#417=LINE('',#2588,#542);
#418=LINE('',#2594,#543);
#419=LINE('',#2597,#544);
#420=LINE('',#2599,#545);
#421=LINE('',#2600,#546);
#422=LINE('',#2606,#547);
#423=LINE('',#2610,#548);
#424=LINE('',#2614,#549);
#425=LINE('',#2617,#550);
#426=LINE('',#2649,#551);
#427=LINE('',#2653,#552);
#428=LINE('',#2657,#553);
#429=LINE('',#2661,#554);
#430=LINE('',#2665,#555);
#431=LINE('',#2669,#556);
#432=LINE('',#2673,#557);
#433=LINE('',#2677,#558);
#434=LINE('',#2681,#559);
#435=LINE('',#2685,#560);
#436=LINE('',#2689,#561);
#437=LINE('',#2693,#562);
#438=LINE('',#2697,#563);
#439=LINE('',#2703,#564);
#440=LINE('',#2704,#565);
#441=LINE('',#2707,#566);
#442=LINE('',#2708,#567);
#443=LINE('',#2712,#568);
#444=LINE('',#2715,#569);
#445=LINE('',#2716,#570);
#446=LINE('',#2720,#571);
#447=LINE('',#2723,#572);
#448=LINE('',#2724,#573);
#449=LINE('',#2728,#574);
#450=LINE('',#2730,#575);
#451=VECTOR('',#1808,2.15);
#452=VECTOR('',#1817,2.15);
#453=VECTOR('',#1826,2.15);
#454=VECTOR('',#1835,2.15);
#455=VECTOR('',#1844,2.15);
#456=VECTOR('',#1853,2.15);
#457=VECTOR('',#1862,2.15);
#458=VECTOR('',#1871,2.15);
#459=VECTOR('',#1880,44.);
#460=VECTOR('',#1887,10.);
#461=VECTOR('',#1890,10.);
#462=VECTOR('',#1893,10.);
#463=VECTOR('',#1894,10.);
#464=VECTOR('',#1895,10.);
#465=VECTOR('',#1902,10.);
#466=VECTOR('',#1905,10.);
#467=VECTOR('',#1906,10.);
#468=VECTOR('',#1911,10.);
#469=VECTOR('',#1914,10.);
#470=VECTOR('',#1917,10.);
#471=VECTOR('',#1918,10.);
#472=VECTOR('',#1919,10.);
#473=VECTOR('',#1926,10.);
#474=VECTOR('',#1929,10.);
#475=VECTOR('',#1930,10.);
#476=VECTOR('',#1935,10.);
#477=VECTOR('',#1938,10.);
#478=VECTOR('',#1941,10.);
#479=VECTOR('',#1942,10.);
#480=VECTOR('',#1943,10.);
#481=VECTOR('',#1950,10.);
#482=VECTOR('',#1953,10.);
#483=VECTOR('',#1954,10.);
#484=VECTOR('',#1959,10.);
#485=VECTOR('',#1962,10.);
#486=VECTOR('',#1965,10.);
#487=VECTOR('',#1966,10.);
#488=VECTOR('',#1967,10.);
#489=VECTOR('',#1974,10.);
#490=VECTOR('',#1977,10.);
#491=VECTOR('',#1978,10.);
#492=VECTOR('',#1983,10.);
#493=VECTOR('',#1986,10.);
#494=VECTOR('',#1989,10.);
#495=VECTOR('',#1990,10.);
#496=VECTOR('',#1991,10.);
#497=VECTOR('',#1998,10.);
#498=VECTOR('',#2001,10.);
#499=VECTOR('',#2002,10.);
#500=VECTOR('',#2007,10.);
#501=VECTOR('',#2010,10.);
#502=VECTOR('',#2013,10.);
#503=VECTOR('',#2014,10.);
#504=VECTOR('',#2015,10.);
#505=VECTOR('',#2022,10.);
#506=VECTOR('',#2025,10.);
#507=VECTOR('',#2026,10.);
#508=VECTOR('',#2031,10.);
#509=VECTOR('',#2034,10.);
#510=VECTOR('',#2037,10.);
#511=VECTOR('',#2038,10.);
#512=VECTOR('',#2039,10.);
#513=VECTOR('',#2046,10.);
#514=VECTOR('',#2049,10.);
#515=VECTOR('',#2050,10.);
#516=VECTOR('',#2055,10.);
#517=VECTOR('',#2058,10.);
#518=VECTOR('',#2061,10.);
#519=VECTOR('',#2062,10.);
#520=VECTOR('',#2063,10.);
#521=VECTOR('',#2070,10.);
#522=VECTOR('',#2073,10.);
#523=VECTOR('',#2074,10.);
#524=VECTOR('',#2079,10.);
#525=VECTOR('',#2082,10.);
#526=VECTOR('',#2085,10.);
#527=VECTOR('',#2086,10.);
#528=VECTOR('',#2087,10.);
#529=VECTOR('',#2094,10.);
#530=VECTOR('',#2097,10.);
#531=VECTOR('',#2098,10.);
#532=VECTOR('',#2101,10.);
#533=VECTOR('',#2102,10.);
#534=VECTOR('',#2103,10.);
#535=VECTOR('',#2104,10.);
#536=VECTOR('',#2107,10.);
#537=VECTOR('',#2108,10.);
#538=VECTOR('',#2109,10.);
#539=VECTOR('',#2116,10.);
#540=VECTOR('',#2119,10.);
#541=VECTOR('',#2120,10.);
#542=VECTOR('',#2121,10.);
#543=VECTOR('',#2128,10.);
#544=VECTOR('',#2131,10.);
#545=VECTOR('',#2132,10.);
#546=VECTOR('',#2133,10.);
#547=VECTOR('',#2138,10.);
#548=VECTOR('',#2141,10.);
#549=VECTOR('',#2144,10.);
#550=VECTOR('',#2147,10.);
#551=VECTOR('',#2182,2.15);
#552=VECTOR('',#2187,2.15);
#553=VECTOR('',#2192,2.65);
#554=VECTOR('',#2197,2.15);
#555=VECTOR('',#2202,2.15);
#556=VECTOR('',#2207,2.65);
#557=VECTOR('',#2212,2.15);
#558=VECTOR('',#2217,2.65);
#559=VECTOR('',#2222,2.15);
#560=VECTOR('',#2227,2.15);
#561=VECTOR('',#2232,2.65);
#562=VECTOR('',#2237,2.15);
#563=VECTOR('',#2242,57.5);
#564=VECTOR('',#2249,10.);
#565=VECTOR('',#2250,10.);
#566=VECTOR('',#2253,10.);
#567=VECTOR('',#2254,10.);
#568=VECTOR('',#2259,10.);
#569=VECTOR('',#2262,10.);
#570=VECTOR('',#2263,10.);
#571=VECTOR('',#2268,10.);
#572=VECTOR('',#2271,10.);
#573=VECTOR('',#2272,10.);
#574=VECTOR('',#2277,10.);
#575=VECTOR('',#2280,10.);
#576=CIRCLE('',#1626,2.15);
#577=CIRCLE('',#1627,2.15);
#578=CIRCLE('',#1630,2.15);
#579=CIRCLE('',#1631,2.15);
#580=CIRCLE('',#1634,2.15);
#581=CIRCLE('',#1635,2.15);
#582=CIRCLE('',#1638,2.15);
#583=CIRCLE('',#1639,2.15);
#584=CIRCLE('',#1642,2.15);
#585=CIRCLE('',#1643,2.15);
#586=CIRCLE('',#1646,2.15);
#587=CIRCLE('',#1647,2.15);
#588=CIRCLE('',#1650,2.15);
#589=CIRCLE('',#1651,2.15);
#590=CIRCLE('',#1654,2.15);
#591=CIRCLE('',#1655,2.15);
#592=CIRCLE('',#1658,44.);
#593=CIRCLE('',#1659,44.);
#594=CIRCLE('',#1661,55.7775834693522);
#595=CIRCLE('',#1662,55.7775834693522);
#596=CIRCLE('',#1665,47.0961537000041);
#597=CIRCLE('',#1666,47.0961537000041);
#598=CIRCLE('',#1669,55.7775834693522);
#599=CIRCLE('',#1670,55.7775834693522);
#600=CIRCLE('',#1673,47.0961537000041);
#601=CIRCLE('',#1674,47.0961537000041);
#602=CIRCLE('',#1677,55.7775834693522);
#603=CIRCLE('',#1678,55.7775834693522);
#604=CIRCLE('',#1681,47.0961537000041);
#605=CIRCLE('',#1682,47.0961537000041);
#606=CIRCLE('',#1685,55.7775834693522);
#607=CIRCLE('',#1686,55.7775834693522);
#608=CIRCLE('',#1689,47.0961537000041);
#609=CIRCLE('',#1690,47.0961537000041);
#610=CIRCLE('',#1693,55.7775834693522);
#611=CIRCLE('',#1694,55.7775834693522);
#612=CIRCLE('',#1697,47.0961537000041);
#613=CIRCLE('',#1698,47.0961537000041);
#614=CIRCLE('',#1701,55.7775834693522);
#615=CIRCLE('',#1702,55.7775834693522);
#616=CIRCLE('',#1705,47.0961537000041);
#617=CIRCLE('',#1706,47.0961537000041);
#618=CIRCLE('',#1709,55.7775834693521);
#619=CIRCLE('',#1710,55.7775834693521);
#620=CIRCLE('',#1713,47.0961537000041);
#621=CIRCLE('',#1714,47.0961537000041);
#622=CIRCLE('',#1717,55.7775834693522);
#623=CIRCLE('',#1718,55.7775834693522);
#624=CIRCLE('',#1721,47.0961537000041);
#625=CIRCLE('',#1722,47.0961537000041);
#626=CIRCLE('',#1725,55.7775834693521);
#627=CIRCLE('',#1726,55.7775834693521);
#628=CIRCLE('',#1729,47.0961537000041);
#629=CIRCLE('',#1730,47.0961537000041);
#630=CIRCLE('',#1735,47.0961537000041);
#631=CIRCLE('',#1736,47.0961537000041);
#632=CIRCLE('',#1739,55.7775834693522);
#633=CIRCLE('',#1740,55.7775834693522);
#634=CIRCLE('',#1743,20.);
#635=CIRCLE('',#1744,19.9999999999999);
#636=CIRCLE('',#1745,20.);
#637=CIRCLE('',#1746,20.);
#638=CIRCLE('',#1747,57.5);
#639=CIRCLE('',#1748,2.15000000000019);
#640=CIRCLE('',#1749,2.65000000000023);
#641=CIRCLE('',#1750,2.15000000000019);
#642=CIRCLE('',#1751,2.15000000000019);
#643=CIRCLE('',#1752,2.15000000000019);
#644=CIRCLE('',#1753,2.65000000000023);
#645=CIRCLE('',#1754,2.65000000000023);
#646=CIRCLE('',#1755,2.15000000000019);
#647=CIRCLE('',#1756,2.15000000000019);
#648=CIRCLE('',#1757,2.15000000000019);
#649=CIRCLE('',#1758,2.15000000000019);
#650=CIRCLE('',#1759,2.65000000000023);
#651=CIRCLE('',#1761,57.5);
#652=CIRCLE('',#1762,57.5);
#653=CIRCLE('',#1764,2.15);
#654=CIRCLE('',#1766,2.15);
#655=CIRCLE('',#1768,2.65);
#656=CIRCLE('',#1770,2.15);
#657=CIRCLE('',#1772,2.15);
#658=CIRCLE('',#1774,2.65);
#659=CIRCLE('',#1776,2.15);
#660=CIRCLE('',#1778,2.65);
#661=CIRCLE('',#1780,2.15);
#662=CIRCLE('',#1782,2.15);
#663=CIRCLE('',#1784,2.65);
#664=CIRCLE('',#1786,2.15);
#665=CIRCLE('',#1788,57.5);
#666=CIRCLE('',#1790,20.);
#667=CIRCLE('',#1793,20.);
#668=CIRCLE('',#1796,19.9999999999999);
#669=CIRCLE('',#1799,20.);
#670=VERTEX_POINT('',#2285);
#671=VERTEX_POINT('',#2287);
#672=VERTEX_POINT('',#2292);
#673=VERTEX_POINT('',#2294);
#674=VERTEX_POINT('',#2299);
#675=VERTEX_POINT('',#2301);
#676=VERTEX_POINT('',#2306);
#677=VERTEX_POINT('',#2308);
#678=VERTEX_POINT('',#2313);
#679=VERTEX_POINT('',#2315);
#680=VERTEX_POINT('',#2320);
#681=VERTEX_POINT('',#2322);
#682=VERTEX_POINT('',#2327);
#683=VERTEX_POINT('',#2329);
#684=VERTEX_POINT('',#2334);
#685=VERTEX_POINT('',#2336);
#686=VERTEX_POINT('',#2341);
#687=VERTEX_POINT('',#2343);
#688=VERTEX_POINT('',#2347);
#689=VERTEX_POINT('',#2348);
#690=VERTEX_POINT('',#2350);
#691=VERTEX_POINT('',#2352);
#692=VERTEX_POINT('',#2356);
#693=VERTEX_POINT('',#2358);
#694=VERTEX_POINT('',#2362);
#695=VERTEX_POINT('',#2364);
#696=VERTEX_POINT('',#2371);
#697=VERTEX_POINT('',#2372);
#698=VERTEX_POINT('',#2374);
#699=VERTEX_POINT('',#2376);
#700=VERTEX_POINT('',#2380);
#701=VERTEX_POINT('',#2382);
#702=VERTEX_POINT('',#2386);
#703=VERTEX_POINT('',#2388);
#704=VERTEX_POINT('',#2395);
#705=VERTEX_POINT('',#2396);
#706=VERTEX_POINT('',#2398);
#707=VERTEX_POINT('',#2400);
#708=VERTEX_POINT('',#2404);
#709=VERTEX_POINT('',#2406);
#710=VERTEX_POINT('',#2410);
#711=VERTEX_POINT('',#2412);
#712=VERTEX_POINT('',#2419);
#713=VERTEX_POINT('',#2420);
#714=VERTEX_POINT('',#2422);
#715=VERTEX_POINT('',#2424);
#716=VERTEX_POINT('',#2428);
#717=VERTEX_POINT('',#2430);
#718=VERTEX_POINT('',#2434);
#719=VERTEX_POINT('',#2436);
#720=VERTEX_POINT('',#2443);
#721=VERTEX_POINT('',#2444);
#722=VERTEX_POINT('',#2446);
#723=VERTEX_POINT('',#2448);
#724=VERTEX_POINT('',#2452);
#725=VERTEX_POINT('',#2454);
#726=VERTEX_POINT('',#2458);
#727=VERTEX_POINT('',#2460);
#728=VERTEX_POINT('',#2467);
#729=VERTEX_POINT('',#2468);
#730=VERTEX_POINT('',#2470);
#731=VERTEX_POINT('',#2472);
#732=VERTEX_POINT('',#2476);
#733=VERTEX_POINT('',#2478);
#734=VERTEX_POINT('',#2482);
#735=VERTEX_POINT('',#2484);
#736=VERTEX_POINT('',#2491);
#737=VERTEX_POINT('',#2492);
#738=VERTEX_POINT('',#2494);
#739=VERTEX_POINT('',#2496);
#740=VERTEX_POINT('',#2500);
#741=VERTEX_POINT('',#2502);
#742=VERTEX_POINT('',#2506);
#743=VERTEX_POINT('',#2508);
#744=VERTEX_POINT('',#2515);
#745=VERTEX_POINT('',#2516);
#746=VERTEX_POINT('',#2518);
#747=VERTEX_POINT('',#2520);
#748=VERTEX_POINT('',#2524);
#749=VERTEX_POINT('',#2526);
#750=VERTEX_POINT('',#2530);
#751=VERTEX_POINT('',#2532);
#752=VERTEX_POINT('',#2539);
#753=VERTEX_POINT('',#2540);
#754=VERTEX_POINT('',#2542);
#755=VERTEX_POINT('',#2544);
#756=VERTEX_POINT('',#2548);
#757=VERTEX_POINT('',#2550);
#758=VERTEX_POINT('',#2554);
#759=VERTEX_POINT('',#2556);
#760=VERTEX_POINT('',#2563);
#761=VERTEX_POINT('',#2564);
#762=VERTEX_POINT('',#2566);
#763=VERTEX_POINT('',#2568);
#764=VERTEX_POINT('',#2572);
#765=VERTEX_POINT('',#2574);
#766=VERTEX_POINT('',#2578);
#767=VERTEX_POINT('',#2580);
#768=VERTEX_POINT('',#2584);
#769=VERTEX_POINT('',#2586);
#770=VERTEX_POINT('',#2590);
#771=VERTEX_POINT('',#2592);
#772=VERTEX_POINT('',#2596);
#773=VERTEX_POINT('',#2598);
#774=VERTEX_POINT('',#2602);
#775=VERTEX_POINT('',#2603);
#776=VERTEX_POINT('',#2605);
#777=VERTEX_POINT('',#2607);
#778=VERTEX_POINT('',#2609);
#779=VERTEX_POINT('',#2611);
#780=VERTEX_POINT('',#2613);
#781=VERTEX_POINT('',#2615);
#782=VERTEX_POINT('',#2619);
#783=VERTEX_POINT('',#2621);
#784=VERTEX_POINT('',#2623);
#785=VERTEX_POINT('',#2625);
#786=VERTEX_POINT('',#2627);
#787=VERTEX_POINT('',#2629);
#788=VERTEX_POINT('',#2631);
#789=VERTEX_POINT('',#2633);
#790=VERTEX_POINT('',#2635);
#791=VERTEX_POINT('',#2637);
#792=VERTEX_POINT('',#2639);
#793=VERTEX_POINT('',#2641);
#794=VERTEX_POINT('',#2644);
#795=VERTEX_POINT('',#2648);
#796=VERTEX_POINT('',#2652);
#797=VERTEX_POINT('',#2656);
#798=VERTEX_POINT('',#2660);
#799=VERTEX_POINT('',#2664);
#800=VERTEX_POINT('',#2668);
#801=VERTEX_POINT('',#2672);
#802=VERTEX_POINT('',#2676);
#803=VERTEX_POINT('',#2680);
#804=VERTEX_POINT('',#2684);
#805=VERTEX_POINT('',#2688);
#806=VERTEX_POINT('',#2692);
#807=VERTEX_POINT('',#2696);
#808=VERTEX_POINT('',#2700);
#809=VERTEX_POINT('',#2701);
#810=VERTEX_POINT('',#2706);
#811=VERTEX_POINT('',#2710);
#812=VERTEX_POINT('',#2714);
#813=VERTEX_POINT('',#2718);
#814=VERTEX_POINT('',#2722);
#815=VERTEX_POINT('',#2726);
#816=EDGE_CURVE('',#670,#670,#576,.T.);
#817=EDGE_CURVE('',#670,#671,#326,.T.);
#818=EDGE_CURVE('',#671,#671,#577,.T.);
#819=EDGE_CURVE('',#672,#672,#578,.T.);
#820=EDGE_CURVE('',#672,#673,#327,.T.);
#821=EDGE_CURVE('',#673,#673,#579,.T.);
#822=EDGE_CURVE('',#674,#674,#580,.T.);
#823=EDGE_CURVE('',#674,#675,#328,.T.);
#824=EDGE_CURVE('',#675,#675,#581,.T.);
#825=EDGE_CURVE('',#676,#676,#582,.T.);
#826=EDGE_CURVE('',#676,#677,#329,.T.);
#827=EDGE_CURVE('',#677,#677,#583,.T.);
#828=EDGE_CURVE('',#678,#678,#584,.T.);
#829=EDGE_CURVE('',#678,#679,#330,.T.);
#830=EDGE_CURVE('',#679,#679,#585,.T.);
#831=EDGE_CURVE('',#680,#680,#586,.T.);
#832=EDGE_CURVE('',#680,#681,#331,.T.);
#833=EDGE_CURVE('',#681,#681,#587,.T.);
#834=EDGE_CURVE('',#682,#682,#588,.T.);
#835=EDGE_CURVE('',#682,#683,#332,.T.);
#836=EDGE_CURVE('',#683,#683,#589,.T.);
#837=EDGE_CURVE('',#684,#684,#590,.T.);
#838=EDGE_CURVE('',#684,#685,#333,.T.);
#839=EDGE_CURVE('',#685,#685,#591,.T.);
#840=EDGE_CURVE('',#686,#686,#592,.T.);
#841=EDGE_CURVE('',#686,#687,#334,.T.);
#842=EDGE_CURVE('',#687,#687,#593,.T.);
#843=EDGE_CURVE('',#688,#689,#594,.T.);
#844=EDGE_CURVE('',#689,#690,#335,.T.);
#845=EDGE_CURVE('',#691,#690,#595,.T.);
#846=EDGE_CURVE('',#688,#691,#336,.T.);
#847=EDGE_CURVE('',#692,#688,#337,.T.);
#848=EDGE_CURVE('',#693,#691,#338,.T.);
#849=EDGE_CURVE('',#692,#693,#339,.T.);
#850=EDGE_CURVE('',#694,#692,#596,.T.);
#851=EDGE_CURVE('',#695,#693,#597,.T.);
#852=EDGE_CURVE('',#694,#695,#340,.T.);
#853=EDGE_CURVE('',#689,#694,#341,.T.);
#854=EDGE_CURVE('',#690,#695,#342,.T.);
#855=EDGE_CURVE('',#696,#697,#598,.T.);
#856=EDGE_CURVE('',#697,#698,#343,.T.);
#857=EDGE_CURVE('',#699,#698,#599,.T.);
#858=EDGE_CURVE('',#696,#699,#344,.T.);
#859=EDGE_CURVE('',#700,#696,#345,.T.);
#860=EDGE_CURVE('',#701,#699,#346,.T.);
#861=EDGE_CURVE('',#700,#701,#347,.T.);
#862=EDGE_CURVE('',#702,#700,#600,.T.);
#863=EDGE_CURVE('',#703,#701,#601,.T.);
#864=EDGE_CURVE('',#702,#703,#348,.T.);
#865=EDGE_CURVE('',#697,#702,#349,.T.);
#866=EDGE_CURVE('',#698,#703,#350,.T.);
#867=EDGE_CURVE('',#704,#705,#602,.T.);
#868=EDGE_CURVE('',#705,#706,#351,.T.);
#869=EDGE_CURVE('',#707,#706,#603,.T.);
#870=EDGE_CURVE('',#704,#707,#352,.T.);
#871=EDGE_CURVE('',#708,#704,#353,.T.);
#872=EDGE_CURVE('',#709,#707,#354,.T.);
#873=EDGE_CURVE('',#708,#709,#355,.T.);
#874=EDGE_CURVE('',#710,#708,#604,.T.);
#875=EDGE_CURVE('',#711,#709,#605,.T.);
#876=EDGE_CURVE('',#710,#711,#356,.T.);
#877=EDGE_CURVE('',#705,#710,#357,.T.);
#878=EDGE_CURVE('',#706,#711,#358,.T.);
#879=EDGE_CURVE('',#712,#713,#606,.T.);
#880=EDGE_CURVE('',#713,#714,#359,.T.);
#881=EDGE_CURVE('',#715,#714,#607,.T.);
#882=EDGE_CURVE('',#712,#715,#360,.T.);
#883=EDGE_CURVE('',#716,#712,#361,.T.);
#884=EDGE_CURVE('',#717,#715,#362,.T.);
#885=EDGE_CURVE('',#716,#717,#363,.T.);
#886=EDGE_CURVE('',#718,#716,#608,.T.);
#887=EDGE_CURVE('',#719,#717,#609,.T.);
#888=EDGE_CURVE('',#718,#719,#364,.T.);
#889=EDGE_CURVE('',#713,#718,#365,.T.);
#890=EDGE_CURVE('',#714,#719,#366,.T.);
#891=EDGE_CURVE('',#720,#721,#610,.T.);
#892=EDGE_CURVE('',#721,#722,#367,.T.);
#893=EDGE_CURVE('',#723,#722,#611,.T.);
#894=EDGE_CURVE('',#720,#723,#368,.T.);
#895=EDGE_CURVE('',#724,#720,#369,.T.);
#896=EDGE_CURVE('',#725,#723,#370,.T.);
#897=EDGE_CURVE('',#724,#725,#371,.T.);
#898=EDGE_CURVE('',#726,#724,#612,.T.);
#899=EDGE_CURVE('',#727,#725,#613,.T.);
#900=EDGE_CURVE('',#726,#727,#372,.T.);
#901=EDGE_CURVE('',#721,#726,#373,.T.);
#902=EDGE_CURVE('',#722,#727,#374,.T.);
#903=EDGE_CURVE('',#728,#729,#614,.T.);
#904=EDGE_CURVE('',#729,#730,#375,.T.);
#905=EDGE_CURVE('',#731,#730,#615,.T.);
#906=EDGE_CURVE('',#728,#731,#376,.T.);
#907=EDGE_CURVE('',#732,#728,#377,.T.);
#908=EDGE_CURVE('',#733,#731,#378,.T.);
#909=EDGE_CURVE('',#732,#733,#379,.T.);
#910=EDGE_CURVE('',#734,#732,#616,.T.);
#911=EDGE_CURVE('',#735,#733,#617,.T.);
#912=EDGE_CURVE('',#734,#735,#380,.T.);
#913=EDGE_CURVE('',#729,#734,#381,.T.);
#914=EDGE_CURVE('',#730,#735,#382,.T.);
#915=EDGE_CURVE('',#736,#737,#618,.T.);
#916=EDGE_CURVE('',#737,#738,#383,.T.);
#917=EDGE_CURVE('',#739,#738,#619,.T.);
#918=EDGE_CURVE('',#736,#739,#384,.T.);
#919=EDGE_CURVE('',#740,#736,#385,.T.);
#920=EDGE_CURVE('',#741,#739,#386,.T.);
#921=EDGE_CURVE('',#740,#741,#387,.T.);
#922=EDGE_CURVE('',#742,#740,#620,.T.);
#923=EDGE_CURVE('',#743,#741,#621,.T.);
#924=EDGE_CURVE('',#742,#743,#388,.T.);
#925=EDGE_CURVE('',#737,#742,#389,.T.);
#926=EDGE_CURVE('',#738,#743,#390,.T.);
#927=EDGE_CURVE('',#744,#745,#622,.T.);
#928=EDGE_CURVE('',#745,#746,#391,.T.);
#929=EDGE_CURVE('',#747,#746,#623,.T.);
#930=EDGE_CURVE('',#744,#747,#392,.T.);
#931=EDGE_CURVE('',#748,#744,#393,.T.);
#932=EDGE_CURVE('',#749,#747,#394,.T.);
#933=EDGE_CURVE('',#748,#749,#395,.T.);
#934=EDGE_CURVE('',#750,#748,#624,.T.);
#935=EDGE_CURVE('',#751,#749,#625,.T.);
#936=EDGE_CURVE('',#750,#751,#396,.T.);
#937=EDGE_CURVE('',#745,#750,#397,.T.);
#938=EDGE_CURVE('',#746,#751,#398,.T.);
#939=EDGE_CURVE('',#752,#753,#626,.T.);
#940=EDGE_CURVE('',#753,#754,#399,.T.);
#941=EDGE_CURVE('',#755,#754,#627,.T.);
#942=EDGE_CURVE('',#752,#755,#400,.T.);
#943=EDGE_CURVE('',#756,#752,#401,.T.);
#944=EDGE_CURVE('',#757,#755,#402,.T.);
#945=EDGE_CURVE('',#756,#757,#403,.T.);
#946=EDGE_CURVE('',#758,#756,#628,.T.);
#947=EDGE_CURVE('',#759,#757,#629,.T.);
#948=EDGE_CURVE('',#758,#759,#404,.T.);
#949=EDGE_CURVE('',#753,#758,#405,.T.);
#950=EDGE_CURVE('',#754,#759,#406,.T.);
#951=EDGE_CURVE('',#760,#761,#407,.T.);
#952=EDGE_CURVE('',#761,#762,#408,.T.);
#953=EDGE_CURVE('',#763,#762,#409,.T.);
#954=EDGE_CURVE('',#760,#763,#410,.T.);
#955=EDGE_CURVE('',#764,#760,#411,.T.);
#956=EDGE_CURVE('',#765,#763,#412,.T.);
#957=EDGE_CURVE('',#764,#765,#413,.T.);
#958=EDGE_CURVE('',#766,#764,#630,.T.);
#959=EDGE_CURVE('',#767,#765,#631,.T.);
#960=EDGE_CURVE('',#766,#767,#414,.T.);
#961=EDGE_CURVE('',#768,#766,#415,.T.);
#962=EDGE_CURVE('',#769,#767,#416,.T.);
#963=EDGE_CURVE('',#768,#769,#417,.T.);
#964=EDGE_CURVE('',#770,#768,#632,.T.);
#965=EDGE_CURVE('',#771,#769,#633,.T.);
#966=EDGE_CURVE('',#770,#771,#418,.T.);
#967=EDGE_CURVE('',#772,#770,#419,.T.);
#968=EDGE_CURVE('',#773,#771,#420,.T.);
#969=EDGE_CURVE('',#772,#773,#421,.T.);
#970=EDGE_CURVE('',#774,#775,#634,.T.);
#971=EDGE_CURVE('',#775,#776,#422,.T.);
#972=EDGE_CURVE('',#776,#777,#635,.T.);
#973=EDGE_CURVE('',#777,#778,#423,.T.);
#974=EDGE_CURVE('',#778,#779,#636,.T.);
#975=EDGE_CURVE('',#779,#780,#424,.T.);
#976=EDGE_CURVE('',#780,#781,#637,.T.);
#977=EDGE_CURVE('',#781,#774,#425,.T.);
#978=EDGE_CURVE('',#762,#773,#638,.T.);
#979=EDGE_CURVE('',#782,#782,#639,.T.);
#980=EDGE_CURVE('',#783,#783,#640,.T.);
#981=EDGE_CURVE('',#784,#784,#641,.T.);
#982=EDGE_CURVE('',#785,#785,#642,.T.);
#983=EDGE_CURVE('',#786,#786,#643,.T.);
#984=EDGE_CURVE('',#787,#787,#644,.T.);
#985=EDGE_CURVE('',#788,#788,#645,.T.);
#986=EDGE_CURVE('',#789,#789,#646,.T.);
#987=EDGE_CURVE('',#790,#790,#647,.T.);
#988=EDGE_CURVE('',#791,#791,#648,.T.);
#989=EDGE_CURVE('',#792,#792,#649,.T.);
#990=EDGE_CURVE('',#793,#793,#650,.T.);
#991=EDGE_CURVE('',#772,#794,#651,.T.);
#992=EDGE_CURVE('',#794,#761,#652,.T.);
#993=EDGE_CURVE('',#785,#795,#426,.T.);
#994=EDGE_CURVE('',#795,#795,#653,.T.);
#995=EDGE_CURVE('',#784,#796,#427,.T.);
#996=EDGE_CURVE('',#796,#796,#654,.T.);
#997=EDGE_CURVE('',#788,#797,#428,.T.);
#998=EDGE_CURVE('',#797,#797,#655,.T.);
#999=EDGE_CURVE('',#782,#798,#429,.T.);
#1000=EDGE_CURVE('',#798,#798,#656,.T.);
#1001=EDGE_CURVE('',#789,#799,#430,.T.);
#1002=EDGE_CURVE('',#799,#799,#657,.T.);
#1003=EDGE_CURVE('',#787,#800,#431,.T.);
#1004=EDGE_CURVE('',#800,#800,#658,.T.);
#1005=EDGE_CURVE('',#786,#801,#432,.T.);
#1006=EDGE_CURVE('',#801,#801,#659,.T.);
#1007=EDGE_CURVE('',#783,#802,#433,.T.);
#1008=EDGE_CURVE('',#802,#802,#660,.T.);
#1009=EDGE_CURVE('',#792,#803,#434,.T.);
#1010=EDGE_CURVE('',#803,#803,#661,.T.);
#1011=EDGE_CURVE('',#791,#804,#435,.T.);
#1012=EDGE_CURVE('',#804,#804,#662,.T.);
#1013=EDGE_CURVE('',#793,#805,#436,.T.);
#1014=EDGE_CURVE('',#805,#805,#663,.T.);
#1015=EDGE_CURVE('',#790,#806,#437,.T.);
#1016=EDGE_CURVE('',#806,#806,#664,.T.);
#1017=EDGE_CURVE('',#794,#807,#438,.T.);
#1018=EDGE_CURVE('',#807,#807,#665,.T.);
#1019=EDGE_CURVE('',#808,#809,#666,.T.);
#1020=EDGE_CURVE('',#809,#781,#439,.T.);
#1021=EDGE_CURVE('',#808,#780,#440,.T.);
#1022=EDGE_CURVE('',#810,#808,#441,.T.);
#1023=EDGE_CURVE('',#810,#779,#442,.T.);
#1024=EDGE_CURVE('',#811,#810,#667,.T.);
#1025=EDGE_CURVE('',#811,#778,#443,.T.);
#1026=EDGE_CURVE('',#812,#811,#444,.T.);
#1027=EDGE_CURVE('',#812,#777,#445,.T.);
#1028=EDGE_CURVE('',#813,#812,#668,.T.);
#1029=EDGE_CURVE('',#813,#776,#446,.T.);
#1030=EDGE_CURVE('',#814,#813,#447,.T.);
#1031=EDGE_CURVE('',#814,#775,#448,.T.);
#1032=EDGE_CURVE('',#815,#814,#669,.T.);
#1033=EDGE_CURVE('',#815,#774,#449,.T.);
#1034=EDGE_CURVE('',#809,#815,#450,.T.);
#1035=ORIENTED_EDGE('',*,*,#816,.F.);
#1036=ORIENTED_EDGE('',*,*,#817,.T.);
#1037=ORIENTED_EDGE('',*,*,#818,.T.);
#1038=ORIENTED_EDGE('',*,*,#817,.F.);
#1039=ORIENTED_EDGE('',*,*,#818,.F.);
#1040=ORIENTED_EDGE('',*,*,#819,.F.);
#1041=ORIENTED_EDGE('',*,*,#820,.T.);
#1042=ORIENTED_EDGE('',*,*,#821,.T.);
#1043=ORIENTED_EDGE('',*,*,#820,.F.);
#1044=ORIENTED_EDGE('',*,*,#821,.F.);
#1045=ORIENTED_EDGE('',*,*,#822,.F.);
#1046=ORIENTED_EDGE('',*,*,#823,.T.);
#1047=ORIENTED_EDGE('',*,*,#824,.T.);
#1048=ORIENTED_EDGE('',*,*,#823,.F.);
#1049=ORIENTED_EDGE('',*,*,#824,.F.);
#1050=ORIENTED_EDGE('',*,*,#825,.F.);
#1051=ORIENTED_EDGE('',*,*,#826,.T.);
#1052=ORIENTED_EDGE('',*,*,#827,.T.);
#1053=ORIENTED_EDGE('',*,*,#826,.F.);
#1054=ORIENTED_EDGE('',*,*,#827,.F.);
#1055=ORIENTED_EDGE('',*,*,#828,.F.);
#1056=ORIENTED_EDGE('',*,*,#829,.T.);
#1057=ORIENTED_EDGE('',*,*,#830,.T.);
#1058=ORIENTED_EDGE('',*,*,#829,.F.);
#1059=ORIENTED_EDGE('',*,*,#830,.F.);
#1060=ORIENTED_EDGE('',*,*,#831,.F.);
#1061=ORIENTED_EDGE('',*,*,#832,.T.);
#1062=ORIENTED_EDGE('',*,*,#833,.T.);
#1063=ORIENTED_EDGE('',*,*,#832,.F.);
#1064=ORIENTED_EDGE('',*,*,#833,.F.);
#1065=ORIENTED_EDGE('',*,*,#834,.F.);
#1066=ORIENTED_EDGE('',*,*,#835,.T.);
#1067=ORIENTED_EDGE('',*,*,#836,.T.);
#1068=ORIENTED_EDGE('',*,*,#835,.F.);
#1069=ORIENTED_EDGE('',*,*,#836,.F.);
#1070=ORIENTED_EDGE('',*,*,#837,.F.);
#1071=ORIENTED_EDGE('',*,*,#838,.T.);
#1072=ORIENTED_EDGE('',*,*,#839,.T.);
#1073=ORIENTED_EDGE('',*,*,#838,.F.);
#1074=ORIENTED_EDGE('',*,*,#839,.F.);
#1075=ORIENTED_EDGE('',*,*,#840,.F.);
#1076=ORIENTED_EDGE('',*,*,#841,.T.);
#1077=ORIENTED_EDGE('',*,*,#842,.F.);
#1078=ORIENTED_EDGE('',*,*,#841,.F.);
#1079=ORIENTED_EDGE('',*,*,#843,.T.);
#1080=ORIENTED_EDGE('',*,*,#844,.T.);
#1081=ORIENTED_EDGE('',*,*,#845,.F.);
#1082=ORIENTED_EDGE('',*,*,#846,.F.);
#1083=ORIENTED_EDGE('',*,*,#847,.T.);
#1084=ORIENTED_EDGE('',*,*,#846,.T.);
#1085=ORIENTED_EDGE('',*,*,#848,.F.);
#1086=ORIENTED_EDGE('',*,*,#849,.F.);
#1087=ORIENTED_EDGE('',*,*,#850,.T.);
#1088=ORIENTED_EDGE('',*,*,#849,.T.);
#1089=ORIENTED_EDGE('',*,*,#851,.F.);
#1090=ORIENTED_EDGE('',*,*,#852,.F.);
#1091=ORIENTED_EDGE('',*,*,#853,.T.);
#1092=ORIENTED_EDGE('',*,*,#852,.T.);
#1093=ORIENTED_EDGE('',*,*,#854,.F.);
#1094=ORIENTED_EDGE('',*,*,#844,.F.);
#1095=ORIENTED_EDGE('',*,*,#855,.T.);
#1096=ORIENTED_EDGE('',*,*,#856,.T.);
#1097=ORIENTED_EDGE('',*,*,#857,.F.);
#1098=ORIENTED_EDGE('',*,*,#858,.F.);
#1099=ORIENTED_EDGE('',*,*,#859,.T.);
#1100=ORIENTED_EDGE('',*,*,#858,.T.);
#1101=ORIENTED_EDGE('',*,*,#860,.F.);
#1102=ORIENTED_EDGE('',*,*,#861,.F.);
#1103=ORIENTED_EDGE('',*,*,#862,.T.);
#1104=ORIENTED_EDGE('',*,*,#861,.T.);
#1105=ORIENTED_EDGE('',*,*,#863,.F.);
#1106=ORIENTED_EDGE('',*,*,#864,.F.);
#1107=ORIENTED_EDGE('',*,*,#865,.T.);
#1108=ORIENTED_EDGE('',*,*,#864,.T.);
#1109=ORIENTED_EDGE('',*,*,#866,.F.);
#1110=ORIENTED_EDGE('',*,*,#856,.F.);
#1111=ORIENTED_EDGE('',*,*,#867,.T.);
#1112=ORIENTED_EDGE('',*,*,#868,.T.);
#1113=ORIENTED_EDGE('',*,*,#869,.F.);
#1114=ORIENTED_EDGE('',*,*,#870,.F.);
#1115=ORIENTED_EDGE('',*,*,#871,.T.);
#1116=ORIENTED_EDGE('',*,*,#870,.T.);
#1117=ORIENTED_EDGE('',*,*,#872,.F.);
#1118=ORIENTED_EDGE('',*,*,#873,.F.);
#1119=ORIENTED_EDGE('',*,*,#874,.T.);
#1120=ORIENTED_EDGE('',*,*,#873,.T.);
#1121=ORIENTED_EDGE('',*,*,#875,.F.);
#1122=ORIENTED_EDGE('',*,*,#876,.F.);
#1123=ORIENTED_EDGE('',*,*,#877,.T.);
#1124=ORIENTED_EDGE('',*,*,#876,.T.);
#1125=ORIENTED_EDGE('',*,*,#878,.F.);
#1126=ORIENTED_EDGE('',*,*,#868,.F.);
#1127=ORIENTED_EDGE('',*,*,#879,.T.);
#1128=ORIENTED_EDGE('',*,*,#880,.T.);
#1129=ORIENTED_EDGE('',*,*,#881,.F.);
#1130=ORIENTED_EDGE('',*,*,#882,.F.);
#1131=ORIENTED_EDGE('',*,*,#883,.T.);
#1132=ORIENTED_EDGE('',*,*,#882,.T.);
#1133=ORIENTED_EDGE('',*,*,#884,.F.);
#1134=ORIENTED_EDGE('',*,*,#885,.F.);
#1135=ORIENTED_EDGE('',*,*,#886,.T.);
#1136=ORIENTED_EDGE('',*,*,#885,.T.);
#1137=ORIENTED_EDGE('',*,*,#887,.F.);
#1138=ORIENTED_EDGE('',*,*,#888,.F.);
#1139=ORIENTED_EDGE('',*,*,#889,.T.);
#1140=ORIENTED_EDGE('',*,*,#888,.T.);
#1141=ORIENTED_EDGE('',*,*,#890,.F.);
#1142=ORIENTED_EDGE('',*,*,#880,.F.);
#1143=ORIENTED_EDGE('',*,*,#891,.T.);
#1144=ORIENTED_EDGE('',*,*,#892,.T.);
#1145=ORIENTED_EDGE('',*,*,#893,.F.);
#1146=ORIENTED_EDGE('',*,*,#894,.F.);
#1147=ORIENTED_EDGE('',*,*,#895,.T.);
#1148=ORIENTED_EDGE('',*,*,#894,.T.);
#1149=ORIENTED_EDGE('',*,*,#896,.F.);
#1150=ORIENTED_EDGE('',*,*,#897,.F.);
#1151=ORIENTED_EDGE('',*,*,#898,.T.);
#1152=ORIENTED_EDGE('',*,*,#897,.T.);
#1153=ORIENTED_EDGE('',*,*,#899,.F.);
#1154=ORIENTED_EDGE('',*,*,#900,.F.);
#1155=ORIENTED_EDGE('',*,*,#901,.T.);
#1156=ORIENTED_EDGE('',*,*,#900,.T.);
#1157=ORIENTED_EDGE('',*,*,#902,.F.);
#1158=ORIENTED_EDGE('',*,*,#892,.F.);
#1159=ORIENTED_EDGE('',*,*,#903,.T.);
#1160=ORIENTED_EDGE('',*,*,#904,.T.);
#1161=ORIENTED_EDGE('',*,*,#905,.F.);
#1162=ORIENTED_EDGE('',*,*,#906,.F.);
#1163=ORIENTED_EDGE('',*,*,#907,.T.);
#1164=ORIENTED_EDGE('',*,*,#906,.T.);
#1165=ORIENTED_EDGE('',*,*,#908,.F.);
#1166=ORIENTED_EDGE('',*,*,#909,.F.);
#1167=ORIENTED_EDGE('',*,*,#910,.T.);
#1168=ORIENTED_EDGE('',*,*,#909,.T.);
#1169=ORIENTED_EDGE('',*,*,#911,.F.);
#1170=ORIENTED_EDGE('',*,*,#912,.F.);
#1171=ORIENTED_EDGE('',*,*,#913,.T.);
#1172=ORIENTED_EDGE('',*,*,#912,.T.);
#1173=ORIENTED_EDGE('',*,*,#914,.F.);
#1174=ORIENTED_EDGE('',*,*,#904,.F.);
#1175=ORIENTED_EDGE('',*,*,#915,.T.);
#1176=ORIENTED_EDGE('',*,*,#916,.T.);
#1177=ORIENTED_EDGE('',*,*,#917,.F.);
#1178=ORIENTED_EDGE('',*,*,#918,.F.);
#1179=ORIENTED_EDGE('',*,*,#919,.T.);
#1180=ORIENTED_EDGE('',*,*,#918,.T.);
#1181=ORIENTED_EDGE('',*,*,#920,.F.);
#1182=ORIENTED_EDGE('',*,*,#921,.F.);
#1183=ORIENTED_EDGE('',*,*,#922,.T.);
#1184=ORIENTED_EDGE('',*,*,#921,.T.);
#1185=ORIENTED_EDGE('',*,*,#923,.F.);
#1186=ORIENTED_EDGE('',*,*,#924,.F.);
#1187=ORIENTED_EDGE('',*,*,#925,.T.);
#1188=ORIENTED_EDGE('',*,*,#924,.T.);
#1189=ORIENTED_EDGE('',*,*,#926,.F.);
#1190=ORIENTED_EDGE('',*,*,#916,.F.);
#1191=ORIENTED_EDGE('',*,*,#927,.T.);
#1192=ORIENTED_EDGE('',*,*,#928,.T.);
#1193=ORIENTED_EDGE('',*,*,#929,.F.);
#1194=ORIENTED_EDGE('',*,*,#930,.F.);
#1195=ORIENTED_EDGE('',*,*,#931,.T.);
#1196=ORIENTED_EDGE('',*,*,#930,.T.);
#1197=ORIENTED_EDGE('',*,*,#932,.F.);
#1198=ORIENTED_EDGE('',*,*,#933,.F.);
#1199=ORIENTED_EDGE('',*,*,#934,.T.);
#1200=ORIENTED_EDGE('',*,*,#933,.T.);
#1201=ORIENTED_EDGE('',*,*,#935,.F.);
#1202=ORIENTED_EDGE('',*,*,#936,.F.);
#1203=ORIENTED_EDGE('',*,*,#937,.T.);
#1204=ORIENTED_EDGE('',*,*,#936,.T.);
#1205=ORIENTED_EDGE('',*,*,#938,.F.);
#1206=ORIENTED_EDGE('',*,*,#928,.F.);
#1207=ORIENTED_EDGE('',*,*,#939,.T.);
#1208=ORIENTED_EDGE('',*,*,#940,.T.);
#1209=ORIENTED_EDGE('',*,*,#941,.F.);
#1210=ORIENTED_EDGE('',*,*,#942,.F.);
#1211=ORIENTED_EDGE('',*,*,#943,.T.);
#1212=ORIENTED_EDGE('',*,*,#942,.T.);
#1213=ORIENTED_EDGE('',*,*,#944,.F.);
#1214=ORIENTED_EDGE('',*,*,#945,.F.);
#1215=ORIENTED_EDGE('',*,*,#946,.T.);
#1216=ORIENTED_EDGE('',*,*,#945,.T.);
#1217=ORIENTED_EDGE('',*,*,#947,.F.);
#1218=ORIENTED_EDGE('',*,*,#948,.F.);
#1219=ORIENTED_EDGE('',*,*,#949,.T.);
#1220=ORIENTED_EDGE('',*,*,#948,.T.);
#1221=ORIENTED_EDGE('',*,*,#950,.F.);
#1222=ORIENTED_EDGE('',*,*,#940,.F.);
#1223=ORIENTED_EDGE('',*,*,#951,.T.);
#1224=ORIENTED_EDGE('',*,*,#952,.T.);
#1225=ORIENTED_EDGE('',*,*,#953,.F.);
#1226=ORIENTED_EDGE('',*,*,#954,.F.);
#1227=ORIENTED_EDGE('',*,*,#955,.T.);
#1228=ORIENTED_EDGE('',*,*,#954,.T.);
#1229=ORIENTED_EDGE('',*,*,#956,.F.);
#1230=ORIENTED_EDGE('',*,*,#957,.F.);
#1231=ORIENTED_EDGE('',*,*,#958,.T.);
#1232=ORIENTED_EDGE('',*,*,#957,.T.);
#1233=ORIENTED_EDGE('',*,*,#959,.F.);
#1234=ORIENTED_EDGE('',*,*,#960,.F.);
#1235=ORIENTED_EDGE('',*,*,#961,.T.);
#1236=ORIENTED_EDGE('',*,*,#960,.T.);
#1237=ORIENTED_EDGE('',*,*,#962,.F.);
#1238=ORIENTED_EDGE('',*,*,#963,.F.);
#1239=ORIENTED_EDGE('',*,*,#964,.T.);
#1240=ORIENTED_EDGE('',*,*,#963,.T.);
#1241=ORIENTED_EDGE('',*,*,#965,.F.);
#1242=ORIENTED_EDGE('',*,*,#966,.F.);
#1243=ORIENTED_EDGE('',*,*,#967,.T.);
#1244=ORIENTED_EDGE('',*,*,#966,.T.);
#1245=ORIENTED_EDGE('',*,*,#968,.F.);
#1246=ORIENTED_EDGE('',*,*,#969,.F.);
#1247=ORIENTED_EDGE('',*,*,#970,.T.);
#1248=ORIENTED_EDGE('',*,*,#971,.T.);
#1249=ORIENTED_EDGE('',*,*,#972,.T.);
#1250=ORIENTED_EDGE('',*,*,#973,.T.);
#1251=ORIENTED_EDGE('',*,*,#974,.T.);
#1252=ORIENTED_EDGE('',*,*,#975,.T.);
#1253=ORIENTED_EDGE('',*,*,#976,.T.);
#1254=ORIENTED_EDGE('',*,*,#977,.T.);
#1255=ORIENTED_EDGE('',*,*,#840,.T.);
#1256=ORIENTED_EDGE('',*,*,#978,.T.);
#1257=ORIENTED_EDGE('',*,*,#968,.T.);
#1258=ORIENTED_EDGE('',*,*,#965,.T.);
#1259=ORIENTED_EDGE('',*,*,#962,.T.);
#1260=ORIENTED_EDGE('',*,*,#959,.T.);
#1261=ORIENTED_EDGE('',*,*,#956,.T.);
#1262=ORIENTED_EDGE('',*,*,#953,.T.);
#1263=ORIENTED_EDGE('',*,*,#979,.T.);
#1264=ORIENTED_EDGE('',*,*,#980,.T.);
#1265=ORIENTED_EDGE('',*,*,#981,.T.);
#1266=ORIENTED_EDGE('',*,*,#982,.T.);
#1267=ORIENTED_EDGE('',*,*,#983,.T.);
#1268=ORIENTED_EDGE('',*,*,#984,.T.);
#1269=ORIENTED_EDGE('',*,*,#985,.T.);
#1270=ORIENTED_EDGE('',*,*,#986,.T.);
#1271=ORIENTED_EDGE('',*,*,#987,.T.);
#1272=ORIENTED_EDGE('',*,*,#988,.T.);
#1273=ORIENTED_EDGE('',*,*,#989,.T.);
#1274=ORIENTED_EDGE('',*,*,#990,.T.);
#1275=ORIENTED_EDGE('',*,*,#950,.T.);
#1276=ORIENTED_EDGE('',*,*,#947,.T.);
#1277=ORIENTED_EDGE('',*,*,#944,.T.);
#1278=ORIENTED_EDGE('',*,*,#941,.T.);
#1279=ORIENTED_EDGE('',*,*,#938,.T.);
#1280=ORIENTED_EDGE('',*,*,#935,.T.);
#1281=ORIENTED_EDGE('',*,*,#932,.T.);
#1282=ORIENTED_EDGE('',*,*,#929,.T.);
#1283=ORIENTED_EDGE('',*,*,#926,.T.);
#1284=ORIENTED_EDGE('',*,*,#923,.T.);
#1285=ORIENTED_EDGE('',*,*,#920,.T.);
#1286=ORIENTED_EDGE('',*,*,#917,.T.);
#1287=ORIENTED_EDGE('',*,*,#914,.T.);
#1288=ORIENTED_EDGE('',*,*,#911,.T.);
#1289=ORIENTED_EDGE('',*,*,#908,.T.);
#1290=ORIENTED_EDGE('',*,*,#905,.T.);
#1291=ORIENTED_EDGE('',*,*,#902,.T.);
#1292=ORIENTED_EDGE('',*,*,#899,.T.);
#1293=ORIENTED_EDGE('',*,*,#896,.T.);
#1294=ORIENTED_EDGE('',*,*,#893,.T.);
#1295=ORIENTED_EDGE('',*,*,#890,.T.);
#1296=ORIENTED_EDGE('',*,*,#887,.T.);
#1297=ORIENTED_EDGE('',*,*,#884,.T.);
#1298=ORIENTED_EDGE('',*,*,#881,.T.);
#1299=ORIENTED_EDGE('',*,*,#878,.T.);
#1300=ORIENTED_EDGE('',*,*,#875,.T.);
#1301=ORIENTED_EDGE('',*,*,#872,.T.);
#1302=ORIENTED_EDGE('',*,*,#869,.T.);
#1303=ORIENTED_EDGE('',*,*,#866,.T.);
#1304=ORIENTED_EDGE('',*,*,#863,.T.);
#1305=ORIENTED_EDGE('',*,*,#860,.T.);
#1306=ORIENTED_EDGE('',*,*,#857,.T.);
#1307=ORIENTED_EDGE('',*,*,#854,.T.);
#1308=ORIENTED_EDGE('',*,*,#851,.T.);
#1309=ORIENTED_EDGE('',*,*,#848,.T.);
#1310=ORIENTED_EDGE('',*,*,#845,.T.);
#1311=ORIENTED_EDGE('',*,*,#991,.T.);
#1312=ORIENTED_EDGE('',*,*,#992,.T.);
#1313=ORIENTED_EDGE('',*,*,#951,.F.);
#1314=ORIENTED_EDGE('',*,*,#955,.F.);
#1315=ORIENTED_EDGE('',*,*,#958,.F.);
#1316=ORIENTED_EDGE('',*,*,#961,.F.);
#1317=ORIENTED_EDGE('',*,*,#964,.F.);
#1318=ORIENTED_EDGE('',*,*,#967,.F.);
#1319=ORIENTED_EDGE('',*,*,#842,.T.);
#1320=ORIENTED_EDGE('',*,*,#949,.F.);
#1321=ORIENTED_EDGE('',*,*,#939,.F.);
#1322=ORIENTED_EDGE('',*,*,#943,.F.);
#1323=ORIENTED_EDGE('',*,*,#946,.F.);
#1324=ORIENTED_EDGE('',*,*,#937,.F.);
#1325=ORIENTED_EDGE('',*,*,#927,.F.);
#1326=ORIENTED_EDGE('',*,*,#931,.F.);
#1327=ORIENTED_EDGE('',*,*,#934,.F.);
#1328=ORIENTED_EDGE('',*,*,#925,.F.);
#1329=ORIENTED_EDGE('',*,*,#915,.F.);
#1330=ORIENTED_EDGE('',*,*,#919,.F.);
#1331=ORIENTED_EDGE('',*,*,#922,.F.);
#1332=ORIENTED_EDGE('',*,*,#913,.F.);
#1333=ORIENTED_EDGE('',*,*,#903,.F.);
#1334=ORIENTED_EDGE('',*,*,#907,.F.);
#1335=ORIENTED_EDGE('',*,*,#910,.F.);
#1336=ORIENTED_EDGE('',*,*,#901,.F.);
#1337=ORIENTED_EDGE('',*,*,#891,.F.);
#1338=ORIENTED_EDGE('',*,*,#895,.F.);
#1339=ORIENTED_EDGE('',*,*,#898,.F.);
#1340=ORIENTED_EDGE('',*,*,#889,.F.);
#1341=ORIENTED_EDGE('',*,*,#879,.F.);
#1342=ORIENTED_EDGE('',*,*,#883,.F.);
#1343=ORIENTED_EDGE('',*,*,#886,.F.);
#1344=ORIENTED_EDGE('',*,*,#877,.F.);
#1345=ORIENTED_EDGE('',*,*,#867,.F.);
#1346=ORIENTED_EDGE('',*,*,#871,.F.);
#1347=ORIENTED_EDGE('',*,*,#874,.F.);
#1348=ORIENTED_EDGE('',*,*,#865,.F.);
#1349=ORIENTED_EDGE('',*,*,#855,.F.);
#1350=ORIENTED_EDGE('',*,*,#859,.F.);
#1351=ORIENTED_EDGE('',*,*,#862,.F.);
#1352=ORIENTED_EDGE('',*,*,#853,.F.);
#1353=ORIENTED_EDGE('',*,*,#843,.F.);
#1354=ORIENTED_EDGE('',*,*,#847,.F.);
#1355=ORIENTED_EDGE('',*,*,#850,.F.);
#1356=ORIENTED_EDGE('',*,*,#982,.F.);
#1357=ORIENTED_EDGE('',*,*,#993,.T.);
#1358=ORIENTED_EDGE('',*,*,#994,.F.);
#1359=ORIENTED_EDGE('',*,*,#993,.F.);
#1360=ORIENTED_EDGE('',*,*,#981,.F.);
#1361=ORIENTED_EDGE('',*,*,#995,.T.);
#1362=ORIENTED_EDGE('',*,*,#996,.F.);
#1363=ORIENTED_EDGE('',*,*,#995,.F.);
#1364=ORIENTED_EDGE('',*,*,#985,.F.);
#1365=ORIENTED_EDGE('',*,*,#997,.T.);
#1366=ORIENTED_EDGE('',*,*,#998,.F.);
#1367=ORIENTED_EDGE('',*,*,#997,.F.);
#1368=ORIENTED_EDGE('',*,*,#979,.F.);
#1369=ORIENTED_EDGE('',*,*,#999,.T.);
#1370=ORIENTED_EDGE('',*,*,#1000,.F.);
#1371=ORIENTED_EDGE('',*,*,#999,.F.);
#1372=ORIENTED_EDGE('',*,*,#986,.F.);
#1373=ORIENTED_EDGE('',*,*,#1001,.T.);
#1374=ORIENTED_EDGE('',*,*,#1002,.F.);
#1375=ORIENTED_EDGE('',*,*,#1001,.F.);
#1376=ORIENTED_EDGE('',*,*,#984,.F.);
#1377=ORIENTED_EDGE('',*,*,#1003,.T.);
#1378=ORIENTED_EDGE('',*,*,#1004,.F.);
#1379=ORIENTED_EDGE('',*,*,#1003,.F.);
#1380=ORIENTED_EDGE('',*,*,#983,.F.);
#1381=ORIENTED_EDGE('',*,*,#1005,.T.);
#1382=ORIENTED_EDGE('',*,*,#1006,.F.);
#1383=ORIENTED_EDGE('',*,*,#1005,.F.);
#1384=ORIENTED_EDGE('',*,*,#980,.F.);
#1385=ORIENTED_EDGE('',*,*,#1007,.T.);
#1386=ORIENTED_EDGE('',*,*,#1008,.F.);
#1387=ORIENTED_EDGE('',*,*,#1007,.F.);
#1388=ORIENTED_EDGE('',*,*,#989,.F.);
#1389=ORIENTED_EDGE('',*,*,#1009,.T.);
#1390=ORIENTED_EDGE('',*,*,#1010,.F.);
#1391=ORIENTED_EDGE('',*,*,#1009,.F.);
#1392=ORIENTED_EDGE('',*,*,#988,.F.);
#1393=ORIENTED_EDGE('',*,*,#1011,.T.);
#1394=ORIENTED_EDGE('',*,*,#1012,.F.);
#1395=ORIENTED_EDGE('',*,*,#1011,.F.);
#1396=ORIENTED_EDGE('',*,*,#990,.F.);
#1397=ORIENTED_EDGE('',*,*,#1013,.T.);
#1398=ORIENTED_EDGE('',*,*,#1014,.F.);
#1399=ORIENTED_EDGE('',*,*,#1013,.F.);
#1400=ORIENTED_EDGE('',*,*,#987,.F.);
#1401=ORIENTED_EDGE('',*,*,#1015,.T.);
#1402=ORIENTED_EDGE('',*,*,#1016,.F.);
#1403=ORIENTED_EDGE('',*,*,#1015,.F.);
#1404=ORIENTED_EDGE('',*,*,#991,.F.);
#1405=ORIENTED_EDGE('',*,*,#969,.T.);
#1406=ORIENTED_EDGE('',*,*,#978,.F.);
#1407=ORIENTED_EDGE('',*,*,#952,.F.);
#1408=ORIENTED_EDGE('',*,*,#992,.F.);
#1409=ORIENTED_EDGE('',*,*,#1017,.T.);
#1410=ORIENTED_EDGE('',*,*,#1018,.T.);
#1411=ORIENTED_EDGE('',*,*,#1017,.F.);
#1412=ORIENTED_EDGE('',*,*,#1019,.T.);
#1413=ORIENTED_EDGE('',*,*,#1020,.T.);
#1414=ORIENTED_EDGE('',*,*,#976,.F.);
#1415=ORIENTED_EDGE('',*,*,#1021,.F.);
#1416=ORIENTED_EDGE('',*,*,#1022,.T.);
#1417=ORIENTED_EDGE('',*,*,#1021,.T.);
#1418=ORIENTED_EDGE('',*,*,#975,.F.);
#1419=ORIENTED_EDGE('',*,*,#1023,.F.);
#1420=ORIENTED_EDGE('',*,*,#834,.T.);
#1421=ORIENTED_EDGE('',*,*,#837,.T.);
#1422=ORIENTED_EDGE('',*,*,#1024,.T.);
#1423=ORIENTED_EDGE('',*,*,#1023,.T.);
#1424=ORIENTED_EDGE('',*,*,#974,.F.);
#1425=ORIENTED_EDGE('',*,*,#1025,.F.);
#1426=ORIENTED_EDGE('',*,*,#1026,.T.);
#1427=ORIENTED_EDGE('',*,*,#1025,.T.);
#1428=ORIENTED_EDGE('',*,*,#973,.F.);
#1429=ORIENTED_EDGE('',*,*,#1027,.F.);
#1430=ORIENTED_EDGE('',*,*,#822,.T.);
#1431=ORIENTED_EDGE('',*,*,#825,.T.);
#1432=ORIENTED_EDGE('',*,*,#1028,.T.);
#1433=ORIENTED_EDGE('',*,*,#1027,.T.);
#1434=ORIENTED_EDGE('',*,*,#972,.F.);
#1435=ORIENTED_EDGE('',*,*,#1029,.F.);
#1436=ORIENTED_EDGE('',*,*,#1030,.T.);
#1437=ORIENTED_EDGE('',*,*,#1029,.T.);
#1438=ORIENTED_EDGE('',*,*,#971,.F.);
#1439=ORIENTED_EDGE('',*,*,#1031,.F.);
#1440=ORIENTED_EDGE('',*,*,#828,.T.);
#1441=ORIENTED_EDGE('',*,*,#831,.T.);
#1442=ORIENTED_EDGE('',*,*,#1032,.T.);
#1443=ORIENTED_EDGE('',*,*,#1031,.T.);
#1444=ORIENTED_EDGE('',*,*,#970,.F.);
#1445=ORIENTED_EDGE('',*,*,#1033,.F.);
#1446=ORIENTED_EDGE('',*,*,#1034,.T.);
#1447=ORIENTED_EDGE('',*,*,#1033,.T.);
#1448=ORIENTED_EDGE('',*,*,#977,.F.);
#1449=ORIENTED_EDGE('',*,*,#1020,.F.);
#1450=ORIENTED_EDGE('',*,*,#816,.T.);
#1451=ORIENTED_EDGE('',*,*,#819,.T.);
#1452=ORIENTED_EDGE('',*,*,#1034,.F.);
#1453=ORIENTED_EDGE('',*,*,#1019,.F.);
#1454=ORIENTED_EDGE('',*,*,#1022,.F.);
#1455=ORIENTED_EDGE('',*,*,#1024,.F.);
#1456=ORIENTED_EDGE('',*,*,#1026,.F.);
#1457=ORIENTED_EDGE('',*,*,#1028,.F.);
#1458=ORIENTED_EDGE('',*,*,#1030,.F.);
#1459=ORIENTED_EDGE('',*,*,#1032,.F.);
#1460=ORIENTED_EDGE('',*,*,#994,.T.);
#1461=ORIENTED_EDGE('',*,*,#996,.T.);
#1462=ORIENTED_EDGE('',*,*,#998,.T.);
#1463=ORIENTED_EDGE('',*,*,#1000,.T.);
#1464=ORIENTED_EDGE('',*,*,#1002,.T.);
#1465=ORIENTED_EDGE('',*,*,#1004,.T.);
#1466=ORIENTED_EDGE('',*,*,#1006,.T.);
#1467=ORIENTED_EDGE('',*,*,#1008,.T.);
#1468=ORIENTED_EDGE('',*,*,#1010,.T.);
#1469=ORIENTED_EDGE('',*,*,#1012,.T.);
#1470=ORIENTED_EDGE('',*,*,#1014,.T.);
#1471=ORIENTED_EDGE('',*,*,#1016,.T.);
#1472=ORIENTED_EDGE('',*,*,#1018,.F.);
#1473=CYLINDRICAL_SURFACE('',#1625,2.15);
#1474=CYLINDRICAL_SURFACE('',#1629,2.15);
#1475=CYLINDRICAL_SURFACE('',#1633,2.15);
#1476=CYLINDRICAL_SURFACE('',#1637,2.15);
#1477=CYLINDRICAL_SURFACE('',#1641,2.15);
#1478=CYLINDRICAL_SURFACE('',#1645,2.15);
#1479=CYLINDRICAL_SURFACE('',#1649,2.15);
#1480=CYLINDRICAL_SURFACE('',#1653,2.15);
#1481=CYLINDRICAL_SURFACE('',#1657,44.);
#1482=CYLINDRICAL_SURFACE('',#1660,55.7775834693522);
#1483=CYLINDRICAL_SURFACE('',#1664,47.0961537000041);
#1484=CYLINDRICAL_SURFACE('',#1668,55.7775834693522);
#1485=CYLINDRICAL_SURFACE('',#1672,47.0961537000041);
#1486=CYLINDRICAL_SURFACE('',#1676,55.7775834693522);
#1487=CYLINDRICAL_SURFACE('',#1680,47.0961537000041);
#1488=CYLINDRICAL_SURFACE('',#1684,55.7775834693522);
#1489=CYLINDRICAL_SURFACE('',#1688,47.0961537000041);
#1490=CYLINDRICAL_SURFACE('',#1692,55.7775834693522);
#1491=CYLINDRICAL_SURFACE('',#1696,47.0961537000041);
#1492=CYLINDRICAL_SURFACE('',#1700,55.7775834693522);
#1493=CYLINDRICAL_SURFACE('',#1704,47.0961537000041);
#1494=CYLINDRICAL_SURFACE('',#1708,55.7775834693521);
#1495=CYLINDRICAL_SURFACE('',#1712,47.0961537000041);
#1496=CYLINDRICAL_SURFACE('',#1716,55.7775834693522);
#1497=CYLINDRICAL_SURFACE('',#1720,47.0961537000041);
#1498=CYLINDRICAL_SURFACE('',#1724,55.7775834693521);
#1499=CYLINDRICAL_SURFACE('',#1728,47.0961537000041);
#1500=CYLINDRICAL_SURFACE('',#1734,47.0961537000041);
#1501=CYLINDRICAL_SURFACE('',#1738,55.7775834693522);
#1502=CYLINDRICAL_SURFACE('',#1763,2.15);
#1503=CYLINDRICAL_SURFACE('',#1765,2.15);
#1504=CYLINDRICAL_SURFACE('',#1767,2.65);
#1505=CYLINDRICAL_SURFACE('',#1769,2.15);
#1506=CYLINDRICAL_SURFACE('',#1771,2.15);
#1507=CYLINDRICAL_SURFACE('',#1773,2.65);
#1508=CYLINDRICAL_SURFACE('',#1775,2.15);
#1509=CYLINDRICAL_SURFACE('',#1777,2.65);
#1510=CYLINDRICAL_SURFACE('',#1779,2.15);
#1511=CYLINDRICAL_SURFACE('',#1781,2.15);
#1512=CYLINDRICAL_SURFACE('',#1783,2.65);
#1513=CYLINDRICAL_SURFACE('',#1785,2.15);
#1514=CYLINDRICAL_SURFACE('',#1787,57.5);
#1515=CYLINDRICAL_SURFACE('',#1789,20.);
#1516=CYLINDRICAL_SURFACE('',#1792,20.);
#1517=CYLINDRICAL_SURFACE('',#1795,19.9999999999999);
#1518=CYLINDRICAL_SURFACE('',#1798,20.);
#1519=ADVANCED_FACE('',(#106),#1473,.F.);
#1520=ADVANCED_FACE('',(#107),#69,.T.);
#1521=ADVANCED_FACE('',(#108),#1474,.F.);
#1522=ADVANCED_FACE('',(#109),#70,.T.);
#1523=ADVANCED_FACE('',(#110),#1475,.F.);
#1524=ADVANCED_FACE('',(#111),#71,.T.);
#1525=ADVANCED_FACE('',(#112),#1476,.F.);
#1526=ADVANCED_FACE('',(#113),#72,.T.);
#1527=ADVANCED_FACE('',(#114),#1477,.F.);
#1528=ADVANCED_FACE('',(#115),#73,.T.);
#1529=ADVANCED_FACE('',(#116),#1478,.F.);
#1530=ADVANCED_FACE('',(#117),#74,.T.);
#1531=ADVANCED_FACE('',(#118),#1479,.F.);
#1532=ADVANCED_FACE('',(#119),#75,.T.);
#1533=ADVANCED_FACE('',(#120),#1480,.F.);
#1534=ADVANCED_FACE('',(#121),#76,.T.);
#1535=ADVANCED_FACE('',(#122),#1481,.F.);
#1536=ADVANCED_FACE('',(#123),#1482,.F.);
#1537=ADVANCED_FACE('',(#124),#77,.T.);
#1538=ADVANCED_FACE('',(#125),#1483,.T.);
#1539=ADVANCED_FACE('',(#126),#78,.T.);
#1540=ADVANCED_FACE('',(#127),#1484,.F.);
#1541=ADVANCED_FACE('',(#128),#79,.T.);
#1542=ADVANCED_FACE('',(#129),#1485,.T.);
#1543=ADVANCED_FACE('',(#130),#80,.T.);
#1544=ADVANCED_FACE('',(#131),#1486,.F.);
#1545=ADVANCED_FACE('',(#132),#81,.T.);
#1546=ADVANCED_FACE('',(#133),#1487,.T.);
#1547=ADVANCED_FACE('',(#134),#82,.T.);
#1548=ADVANCED_FACE('',(#135),#1488,.F.);
#1549=ADVANCED_FACE('',(#136),#83,.T.);
#1550=ADVANCED_FACE('',(#137),#1489,.T.);
#1551=ADVANCED_FACE('',(#138),#84,.T.);
#1552=ADVANCED_FACE('',(#139),#1490,.F.);
#1553=ADVANCED_FACE('',(#140),#85,.T.);
#1554=ADVANCED_FACE('',(#141),#1491,.T.);
#1555=ADVANCED_FACE('',(#142),#86,.T.);
#1556=ADVANCED_FACE('',(#143),#1492,.F.);
#1557=ADVANCED_FACE('',(#144),#87,.T.);
#1558=ADVANCED_FACE('',(#145),#1493,.T.);
#1559=ADVANCED_FACE('',(#146),#88,.T.);
#1560=ADVANCED_FACE('',(#147),#1494,.F.);
#1561=ADVANCED_FACE('',(#148),#89,.T.);
#1562=ADVANCED_FACE('',(#149),#1495,.T.);
#1563=ADVANCED_FACE('',(#150),#90,.T.);
#1564=ADVANCED_FACE('',(#151),#1496,.F.);
#1565=ADVANCED_FACE('',(#152),#91,.T.);
#1566=ADVANCED_FACE('',(#153),#1497,.T.);
#1567=ADVANCED_FACE('',(#154),#92,.T.);
#1568=ADVANCED_FACE('',(#155),#1498,.F.);
#1569=ADVANCED_FACE('',(#156),#93,.T.);
#1570=ADVANCED_FACE('',(#157),#1499,.T.);
#1571=ADVANCED_FACE('',(#158),#94,.T.);
#1572=ADVANCED_FACE('',(#159),#95,.T.);
#1573=ADVANCED_FACE('',(#160),#96,.T.);
#1574=ADVANCED_FACE('',(#161),#1500,.T.);
#1575=ADVANCED_FACE('',(#162),#97,.T.);
#1576=ADVANCED_FACE('',(#163),#1501,.F.);
#1577=ADVANCED_FACE('',(#164),#98,.T.);
#1578=ADVANCED_FACE('',(#165,#15,#16,#17,#18,#19,#20,#21,#22,#23,#24,#25,
#26,#27,#28,#29,#30,#31,#32,#33,#34,#35,#36,#37),#99,.T.);
#1579=ADVANCED_FACE('',(#166,#38,#39,#40,#41,#42,#43,#44,#45,#46,#47),#100,
 .F.);
#1580=ADVANCED_FACE('',(#167),#1502,.F.);
#1581=ADVANCED_FACE('',(#168),#1503,.F.);
#1582=ADVANCED_FACE('',(#169),#1504,.F.);
#1583=ADVANCED_FACE('',(#170),#1505,.F.);
#1584=ADVANCED_FACE('',(#171),#1506,.F.);
#1585=ADVANCED_FACE('',(#172),#1507,.F.);
#1586=ADVANCED_FACE('',(#173),#1508,.F.);
#1587=ADVANCED_FACE('',(#174),#1509,.F.);
#1588=ADVANCED_FACE('',(#175),#1510,.F.);
#1589=ADVANCED_FACE('',(#176),#1511,.F.);
#1590=ADVANCED_FACE('',(#177),#1512,.F.);
#1591=ADVANCED_FACE('',(#178),#1513,.F.);
#1592=ADVANCED_FACE('',(#179),#1514,.F.);
#1593=ADVANCED_FACE('',(#180),#1515,.T.);
#1594=ADVANCED_FACE('',(#181,#48,#49),#101,.T.);
#1595=ADVANCED_FACE('',(#182),#1516,.T.);
#1596=ADVANCED_FACE('',(#183,#50,#51),#102,.T.);
#1597=ADVANCED_FACE('',(#184),#1517,.T.);
#1598=ADVANCED_FACE('',(#185,#52,#53),#103,.T.);
#1599=ADVANCED_FACE('',(#186),#1518,.T.);
#1600=ADVANCED_FACE('',(#187,#54,#55),#104,.T.);
#1601=ADVANCED_FACE('',(#188,#56,#57,#58,#59,#60,#61,#62,#63,#64,#65,#66,
#67,#68),#105,.F.);
#1602=CLOSED_SHELL('',(#1519,#1520,#1521,#1522,#1523,#1524,#1525,#1526,
#1527,#1528,#1529,#1530,#1531,#1532,#1533,#1534,#1535,#1536,#1537,#1538,
#1539,#1540,#1541,#1542,#1543,#1544,#1545,#1546,#1547,#1548,#1549,#1550,
#1551,#1552,#1553,#1554,#1555,#1556,#1557,#1558,#1559,#1560,#1561,#1562,
#1563,#1564,#1565,#1566,#1567,#1568,#1569,#1570,#1571,#1572,#1573,#1574,
#1575,#1576,#1577,#1578,#1579,#1580,#1581,#1582,#1583,#1584,#1585,#1586,
#1587,#1588,#1589,#1590,#1591,#1592,#1593,#1594,#1595,#1596,#1597,#1598,
#1599,#1600,#1601));
#1603=DERIVED_UNIT_ELEMENT(#1606,1.);
#1604=DERIVED_UNIT_ELEMENT(#2737,-3.);
#1605=DIMENSIONAL_EXPONENTS(0.,1.,0.,0.,0.,0.,0.);
#1606=(
CONVERSION_BASED_UNIT('gram',#1608)
MASS_UNIT()
NAMED_UNIT(#1605)
);
#1607=(
MASS_UNIT()
NAMED_UNIT(*)
SI_UNIT(.KILO.,.GRAM.)
);
#1608=MASS_MEASURE_WITH_UNIT(MASS_MEASURE(0.001),#1607);
#1609=DERIVED_UNIT((#1603,#1604));
#1610=MEASURE_REPRESENTATION_ITEM('density measure',
POSITIVE_RATIO_MEASURE(1.1),#1609);
#1611=PROPERTY_DEFINITION_REPRESENTATION(#1616,#1613);
#1612=PROPERTY_DEFINITION_REPRESENTATION(#1617,#1614);
#1613=REPRESENTATION('material name',(#1615),#2734);
#1614=REPRESENTATION('density',(#1610),#2734);
#1615=DESCRIPTIVE_REPRESENTATION_ITEM('PC/ABS Plastic','PC/ABS Plastic');
#1616=PROPERTY_DEFINITION('material property','material name',#2744);
#1617=PROPERTY_DEFINITION('material property','density of part',#2744);
#1618=DATE_TIME_ROLE('creation_date');
#1619=APPLIED_DATE_AND_TIME_ASSIGNMENT(#1620,#1618,(#2744));
#1620=DATE_AND_TIME(#1621,#1622);
#1621=CALENDAR_DATE(2026,12,4);
#1622=LOCAL_TIME(0,0,0.,#1623);
#1623=COORDINATED_UNIVERSAL_TIME_OFFSET(0,0,.BEHIND.);
#1624=AXIS2_PLACEMENT_3D('',#2283,#1802,#1803);
#1625=AXIS2_PLACEMENT_3D('',#2284,#1804,#1805);
#1626=AXIS2_PLACEMENT_3D('',#2286,#1806,#1807);
#1627=AXIS2_PLACEMENT_3D('',#2289,#1809,#1810);
#1628=AXIS2_PLACEMENT_3D('',#2290,#1811,#1812);
#1629=AXIS2_PLACEMENT_3D('',#2291,#1813,#1814);
#1630=AXIS2_PLACEMENT_3D('',#2293,#1815,#1816);
#1631=AXIS2_PLACEMENT_3D('',#2296,#1818,#1819);
#1632=AXIS2_PLACEMENT_3D('',#2297,#1820,#1821);
#1633=AXIS2_PLACEMENT_3D('',#2298,#1822,#1823);
#1634=AXIS2_PLACEMENT_3D('',#2300,#1824,#1825);
#1635=AXIS2_PLACEMENT_3D('',#2303,#1827,#1828);
#1636=AXIS2_PLACEMENT_3D('',#2304,#1829,#1830);
#1637=AXIS2_PLACEMENT_3D('',#2305,#1831,#1832);
#1638=AXIS2_PLACEMENT_3D('',#2307,#1833,#1834);
#1639=AXIS2_PLACEMENT_3D('',#2310,#1836,#1837);
#1640=AXIS2_PLACEMENT_3D('',#2311,#1838,#1839);
#1641=AXIS2_PLACEMENT_3D('',#2312,#1840,#1841);
#1642=AXIS2_PLACEMENT_3D('',#2314,#1842,#1843);
#1643=AXIS2_PLACEMENT_3D('',#2317,#1845,#1846);
#1644=AXIS2_PLACEMENT_3D('',#2318,#1847,#1848);
#1645=AXIS2_PLACEMENT_3D('',#2319,#1849,#1850);
#1646=AXIS2_PLACEMENT_3D('',#2321,#1851,#1852);
#1647=AXIS2_PLACEMENT_3D('',#2324,#1854,#1855);
#1648=AXIS2_PLACEMENT_3D('',#2325,#1856,#1857);
#1649=AXIS2_PLACEMENT_3D('',#2326,#1858,#1859);
#1650=AXIS2_PLACEMENT_3D('',#2328,#1860,#1861);
#1651=AXIS2_PLACEMENT_3D('',#2331,#1863,#1864);
#1652=AXIS2_PLACEMENT_3D('',#2332,#1865,#1866);
#1653=AXIS2_PLACEMENT_3D('',#2333,#1867,#1868);
#1654=AXIS2_PLACEMENT_3D('',#2335,#1869,#1870);
#1655=AXIS2_PLACEMENT_3D('',#2338,#1872,#1873);
#1656=AXIS2_PLACEMENT_3D('',#2339,#1874,#1875);
#1657=AXIS2_PLACEMENT_3D('',#2340,#1876,#1877);
#1658=AXIS2_PLACEMENT_3D('',#2342,#1878,#1879);
#1659=AXIS2_PLACEMENT_3D('',#2345,#1881,#1882);
#1660=AXIS2_PLACEMENT_3D('',#2346,#1883,#1884);
#1661=AXIS2_PLACEMENT_3D('',#2349,#1885,#1886);
#1662=AXIS2_PLACEMENT_3D('',#2353,#1888,#1889);
#1663=AXIS2_PLACEMENT_3D('',#2355,#1891,#1892);
#1664=AXIS2_PLACEMENT_3D('',#2361,#1896,#1897);
#1665=AXIS2_PLACEMENT_3D('',#2363,#1898,#1899);
#1666=AXIS2_PLACEMENT_3D('',#2365,#1900,#1901);
#1667=AXIS2_PLACEMENT_3D('',#2367,#1903,#1904);
#1668=AXIS2_PLACEMENT_3D('',#2370,#1907,#1908);
#1669=AXIS2_PLACEMENT_3D('',#2373,#1909,#1910);
#1670=AXIS2_PLACEMENT_3D('',#2377,#1912,#1913);
#1671=AXIS2_PLACEMENT_3D('',#2379,#1915,#1916);
#1672=AXIS2_PLACEMENT_3D('',#2385,#1920,#1921);
#1673=AXIS2_PLACEMENT_3D('',#2387,#1922,#1923);
#1674=AXIS2_PLACEMENT_3D('',#2389,#1924,#1925);
#1675=AXIS2_PLACEMENT_3D('',#2391,#1927,#1928);
#1676=AXIS2_PLACEMENT_3D('',#2394,#1931,#1932);
#1677=AXIS2_PLACEMENT_3D('',#2397,#1933,#1934);
#1678=AXIS2_PLACEMENT_3D('',#2401,#1936,#1937);
#1679=AXIS2_PLACEMENT_3D('',#2403,#1939,#1940);
#1680=AXIS2_PLACEMENT_3D('',#2409,#1944,#1945);
#1681=AXIS2_PLACEMENT_3D('',#2411,#1946,#1947);
#1682=AXIS2_PLACEMENT_3D('',#2413,#1948,#1949);
#1683=AXIS2_PLACEMENT_3D('',#2415,#1951,#1952);
#1684=AXIS2_PLACEMENT_3D('',#2418,#1955,#1956);
#1685=AXIS2_PLACEMENT_3D('',#2421,#1957,#1958);
#1686=AXIS2_PLACEMENT_3D('',#2425,#1960,#1961);
#1687=AXIS2_PLACEMENT_3D('',#2427,#1963,#1964);
#1688=AXIS2_PLACEMENT_3D('',#2433,#1968,#1969);
#1689=AXIS2_PLACEMENT_3D('',#2435,#1970,#1971);
#1690=AXIS2_PLACEMENT_3D('',#2437,#1972,#1973);
#1691=AXIS2_PLACEMENT_3D('',#2439,#1975,#1976);
#1692=AXIS2_PLACEMENT_3D('',#2442,#1979,#1980);
#1693=AXIS2_PLACEMENT_3D('',#2445,#1981,#1982);
#1694=AXIS2_PLACEMENT_3D('',#2449,#1984,#1985);
#1695=AXIS2_PLACEMENT_3D('',#2451,#1987,#1988);
#1696=AXIS2_PLACEMENT_3D('',#2457,#1992,#1993);
#1697=AXIS2_PLACEMENT_3D('',#2459,#1994,#1995);
#1698=AXIS2_PLACEMENT_3D('',#2461,#1996,#1997);
#1699=AXIS2_PLACEMENT_3D('',#2463,#1999,#2000);
#1700=AXIS2_PLACEMENT_3D('',#2466,#2003,#2004);
#1701=AXIS2_PLACEMENT_3D('',#2469,#2005,#2006);
#1702=AXIS2_PLACEMENT_3D('',#2473,#2008,#2009);
#1703=AXIS2_PLACEMENT_3D('',#2475,#2011,#2012);
#1704=AXIS2_PLACEMENT_3D('',#2481,#2016,#2017);
#1705=AXIS2_PLACEMENT_3D('',#2483,#2018,#2019);
#1706=AXIS2_PLACEMENT_3D('',#2485,#2020,#2021);
#1707=AXIS2_PLACEMENT_3D('',#2487,#2023,#2024);
#1708=AXIS2_PLACEMENT_3D('',#2490,#2027,#2028);
#1709=AXIS2_PLACEMENT_3D('',#2493,#2029,#2030);
#1710=AXIS2_PLACEMENT_3D('',#2497,#2032,#2033);
#1711=AXIS2_PLACEMENT_3D('',#2499,#2035,#2036);
#1712=AXIS2_PLACEMENT_3D('',#2505,#2040,#2041);
#1713=AXIS2_PLACEMENT_3D('',#2507,#2042,#2043);
#1714=AXIS2_PLACEMENT_3D('',#2509,#2044,#2045);
#1715=AXIS2_PLACEMENT_3D('',#2511,#2047,#2048);
#1716=AXIS2_PLACEMENT_3D('',#2514,#2051,#2052);
#1717=AXIS2_PLACEMENT_3D('',#2517,#2053,#2054);
#1718=AXIS2_PLACEMENT_3D('',#2521,#2056,#2057);
#1719=AXIS2_PLACEMENT_3D('',#2523,#2059,#2060);
#1720=AXIS2_PLACEMENT_3D('',#2529,#2064,#2065);
#1721=AXIS2_PLACEMENT_3D('',#2531,#2066,#2067);
#1722=AXIS2_PLACEMENT_3D('',#2533,#2068,#2069);
#1723=AXIS2_PLACEMENT_3D('',#2535,#2071,#2072);
#1724=AXIS2_PLACEMENT_3D('',#2538,#2075,#2076);
#1725=AXIS2_PLACEMENT_3D('',#2541,#2077,#2078);
#1726=AXIS2_PLACEMENT_3D('',#2545,#2080,#2081);
#1727=AXIS2_PLACEMENT_3D('',#2547,#2083,#2084);
#1728=AXIS2_PLACEMENT_3D('',#2553,#2088,#2089);
#1729=AXIS2_PLACEMENT_3D('',#2555,#2090,#2091);
#1730=AXIS2_PLACEMENT_3D('',#2557,#2092,#2093);
#1731=AXIS2_PLACEMENT_3D('',#2559,#2095,#2096);
#1732=AXIS2_PLACEMENT_3D('',#2562,#2099,#2100);
#1733=AXIS2_PLACEMENT_3D('',#2571,#2105,#2106);
#1734=AXIS2_PLACEMENT_3D('',#2577,#2110,#2111);
#1735=AXIS2_PLACEMENT_3D('',#2579,#2112,#2113);
#1736=AXIS2_PLACEMENT_3D('',#2581,#2114,#2115);
#1737=AXIS2_PLACEMENT_3D('',#2583,#2117,#2118);
#1738=AXIS2_PLACEMENT_3D('',#2589,#2122,#2123);
#1739=AXIS2_PLACEMENT_3D('',#2591,#2124,#2125);
#1740=AXIS2_PLACEMENT_3D('',#2593,#2126,#2127);
#1741=AXIS2_PLACEMENT_3D('',#2595,#2129,#2130);
#1742=AXIS2_PLACEMENT_3D('',#2601,#2134,#2135);
#1743=AXIS2_PLACEMENT_3D('',#2604,#2136,#2137);
#1744=AXIS2_PLACEMENT_3D('',#2608,#2139,#2140);
#1745=AXIS2_PLACEMENT_3D('',#2612,#2142,#2143);
#1746=AXIS2_PLACEMENT_3D('',#2616,#2145,#2146);
#1747=AXIS2_PLACEMENT_3D('',#2618,#2148,#2149);
#1748=AXIS2_PLACEMENT_3D('',#2620,#2150,#2151);
#1749=AXIS2_PLACEMENT_3D('',#2622,#2152,#2153);
#1750=AXIS2_PLACEMENT_3D('',#2624,#2154,#2155);
#1751=AXIS2_PLACEMENT_3D('',#2626,#2156,#2157);
#1752=AXIS2_PLACEMENT_3D('',#2628,#2158,#2159);
#1753=AXIS2_PLACEMENT_3D('',#2630,#2160,#2161);
#1754=AXIS2_PLACEMENT_3D('',#2632,#2162,#2163);
#1755=AXIS2_PLACEMENT_3D('',#2634,#2164,#2165);
#1756=AXIS2_PLACEMENT_3D('',#2636,#2166,#2167);
#1757=AXIS2_PLACEMENT_3D('',#2638,#2168,#2169);
#1758=AXIS2_PLACEMENT_3D('',#2640,#2170,#2171);
#1759=AXIS2_PLACEMENT_3D('',#2642,#2172,#2173);
#1760=AXIS2_PLACEMENT_3D('',#2643,#2174,#2175);
#1761=AXIS2_PLACEMENT_3D('',#2645,#2176,#2177);
#1762=AXIS2_PLACEMENT_3D('',#2646,#2178,#2179);
#1763=AXIS2_PLACEMENT_3D('',#2647,#2180,#2181);
#1764=AXIS2_PLACEMENT_3D('',#2650,#2183,#2184);
#1765=AXIS2_PLACEMENT_3D('',#2651,#2185,#2186);
#1766=AXIS2_PLACEMENT_3D('',#2654,#2188,#2189);
#1767=AXIS2_PLACEMENT_3D('',#2655,#2190,#2191);
#1768=AXIS2_PLACEMENT_3D('',#2658,#2193,#2194);
#1769=AXIS2_PLACEMENT_3D('',#2659,#2195,#2196);
#1770=AXIS2_PLACEMENT_3D('',#2662,#2198,#2199);
#1771=AXIS2_PLACEMENT_3D('',#2663,#2200,#2201);
#1772=AXIS2_PLACEMENT_3D('',#2666,#2203,#2204);
#1773=AXIS2_PLACEMENT_3D('',#2667,#2205,#2206);
#1774=AXIS2_PLACEMENT_3D('',#2670,#2208,#2209);
#1775=AXIS2_PLACEMENT_3D('',#2671,#2210,#2211);
#1776=AXIS2_PLACEMENT_3D('',#2674,#2213,#2214);
#1777=AXIS2_PLACEMENT_3D('',#2675,#2215,#2216);
#1778=AXIS2_PLACEMENT_3D('',#2678,#2218,#2219);
#1779=AXIS2_PLACEMENT_3D('',#2679,#2220,#2221);
#1780=AXIS2_PLACEMENT_3D('',#2682,#2223,#2224);
#1781=AXIS2_PLACEMENT_3D('',#2683,#2225,#2226);
#1782=AXIS2_PLACEMENT_3D('',#2686,#2228,#2229);
#1783=AXIS2_PLACEMENT_3D('',#2687,#2230,#2231);
#1784=AXIS2_PLACEMENT_3D('',#2690,#2233,#2234);
#1785=AXIS2_PLACEMENT_3D('',#2691,#2235,#2236);
#1786=AXIS2_PLACEMENT_3D('',#2694,#2238,#2239);
#1787=AXIS2_PLACEMENT_3D('',#2695,#2240,#2241);
#1788=AXIS2_PLACEMENT_3D('',#2698,#2243,#2244);
#1789=AXIS2_PLACEMENT_3D('',#2699,#2245,#2246);
#1790=AXIS2_PLACEMENT_3D('',#2702,#2247,#2248);
#1791=AXIS2_PLACEMENT_3D('',#2705,#2251,#2252);
#1792=AXIS2_PLACEMENT_3D('',#2709,#2255,#2256);
#1793=AXIS2_PLACEMENT_3D('',#2711,#2257,#2258);
#1794=AXIS2_PLACEMENT_3D('',#2713,#2260,#2261);
#1795=AXIS2_PLACEMENT_3D('',#2717,#2264,#2265);
#1796=AXIS2_PLACEMENT_3D('',#2719,#2266,#2267);
#1797=AXIS2_PLACEMENT_3D('',#2721,#2269,#2270);
#1798=AXIS2_PLACEMENT_3D('',#2725,#2273,#2274);
#1799=AXIS2_PLACEMENT_3D('',#2727,#2275,#2276);
#1800=AXIS2_PLACEMENT_3D('',#2729,#2278,#2279);
#1801=AXIS2_PLACEMENT_3D('',#2731,#2281,#2282);
#1802=DIRECTION('axis',(0.,0.,1.));
#1803=DIRECTION('refdir',(1.,0.,0.));
#1804=DIRECTION('center_axis',(1.,0.,0.));
#1805=DIRECTION('ref_axis',(0.,0.,1.));
#1806=DIRECTION('center_axis',(1.,2.19303313506204E-16,0.));
#1807=DIRECTION('ref_axis',(0.,0.,1.));
#1808=DIRECTION('',(1.,0.,0.));
#1809=DIRECTION('center_axis',(1.,2.19303313506204E-16,0.));
#1810=DIRECTION('ref_axis',(0.,0.,1.));
#1811=DIRECTION('center_axis',(-1.,-2.19303313506204E-16,0.));
#1812=DIRECTION('ref_axis',(0.,0.,1.));
#1813=DIRECTION('center_axis',(1.,0.,0.));
#1814=DIRECTION('ref_axis',(0.,0.,1.));
#1815=DIRECTION('center_axis',(1.,2.19303313506204E-16,0.));
#1816=DIRECTION('ref_axis',(0.,0.,1.));
#1817=DIRECTION('',(1.,0.,0.));
#1818=DIRECTION('center_axis',(1.,2.19303313506204E-16,0.));
#1819=DIRECTION('ref_axis',(0.,0.,1.));
#1820=DIRECTION('center_axis',(-1.,-2.19303313506204E-16,0.));
#1821=DIRECTION('ref_axis',(0.,0.,1.));
#1822=DIRECTION('center_axis',(-1.,0.,0.));
#1823=DIRECTION('ref_axis',(0.,0.,-1.));
#1824=DIRECTION('center_axis',(-1.,-1.09651656753102E-16,0.));
#1825=DIRECTION('ref_axis',(0.,0.,-1.));
#1826=DIRECTION('',(-1.,0.,0.));
#1827=DIRECTION('center_axis',(-1.,-1.09651656753102E-16,0.));
#1828=DIRECTION('ref_axis',(0.,0.,-1.));
#1829=DIRECTION('center_axis',(1.,1.09651656753102E-16,0.));
#1830=DIRECTION('ref_axis',(0.,0.,-1.));
#1831=DIRECTION('center_axis',(-1.,0.,0.));
#1832=DIRECTION('ref_axis',(0.,0.,-1.));
#1833=DIRECTION('center_axis',(-1.,-1.09651656753102E-16,0.));
#1834=DIRECTION('ref_axis',(0.,0.,-1.));
#1835=DIRECTION('',(-1.,0.,0.));
#1836=DIRECTION('center_axis',(-1.,-1.09651656753102E-16,0.));
#1837=DIRECTION('ref_axis',(0.,0.,-1.));
#1838=DIRECTION('center_axis',(1.,1.09651656753102E-16,0.));
#1839=DIRECTION('ref_axis',(0.,0.,-1.));
#1840=DIRECTION('center_axis',(0.,1.,0.));
#1841=DIRECTION('ref_axis',(1.,0.,0.));
#1842=DIRECTION('center_axis',(-2.19303313506204E-16,1.,0.));
#1843=DIRECTION('ref_axis',(1.,0.,0.));
#1844=DIRECTION('',(0.,1.,0.));
#1845=DIRECTION('center_axis',(-2.19303313506204E-16,1.,0.));
#1846=DIRECTION('ref_axis',(1.,2.19303313506204E-16,0.));
#1847=DIRECTION('center_axis',(2.19303313506204E-16,-1.,0.));
#1848=DIRECTION('ref_axis',(0.,0.,-1.));
#1849=DIRECTION('center_axis',(0.,1.,0.));
#1850=DIRECTION('ref_axis',(1.,0.,0.));
#1851=DIRECTION('center_axis',(-2.19303313506204E-16,1.,0.));
#1852=DIRECTION('ref_axis',(1.,0.,0.));
#1853=DIRECTION('',(0.,1.,0.));
#1854=DIRECTION('center_axis',(-2.19303313506204E-16,1.,0.));
#1855=DIRECTION('ref_axis',(1.,2.19303313506204E-16,0.));
#1856=DIRECTION('center_axis',(2.19303313506204E-16,-1.,0.));
#1857=DIRECTION('ref_axis',(0.,0.,-1.));
#1858=DIRECTION('center_axis',(0.,-1.,0.));
#1859=DIRECTION('ref_axis',(1.,0.,0.));
#1860=DIRECTION('center_axis',(-1.09651656753102E-16,-1.,0.));
#1861=DIRECTION('ref_axis',(1.,0.,0.));
#1862=DIRECTION('',(0.,-1.,0.));
#1863=DIRECTION('center_axis',(-1.09651656753102E-16,-1.,0.));
#1864=DIRECTION('ref_axis',(1.,-1.09651656753102E-16,0.));
#1865=DIRECTION('center_axis',(1.09651656753102E-16,1.,0.));
#1866=DIRECTION('ref_axis',(0.,0.,1.));
#1867=DIRECTION('center_axis',(0.,-1.,0.));
#1868=DIRECTION('ref_axis',(1.,0.,0.));
#1869=DIRECTION('center_axis',(-1.09651656753102E-16,-1.,0.));
#1870=DIRECTION('ref_axis',(1.,0.,0.));
#1871=DIRECTION('',(0.,-1.,0.));
#1872=DIRECTION('center_axis',(-1.09651656753102E-16,-1.,0.));
#1873=DIRECTION('ref_axis',(1.,-1.09651656753102E-16,0.));
#1874=DIRECTION('center_axis',(1.09651656753102E-16,1.,0.));
#1875=DIRECTION('ref_axis',(0.,0.,1.));
#1876=DIRECTION('center_axis',(0.,0.,-1.));
#1877=DIRECTION('ref_axis',(1.,0.,0.));
#1878=DIRECTION('center_axis',(0.,0.,-1.));
#1879=DIRECTION('ref_axis',(1.,0.,0.));
#1880=DIRECTION('',(0.,0.,-1.));
#1881=DIRECTION('center_axis',(0.,0.,1.));
#1882=DIRECTION('ref_axis',(1.,0.,0.));
#1883=DIRECTION('center_axis',(0.,0.,1.));
#1884=DIRECTION('ref_axis',(0.143247528096802,0.989686892756571,0.));
#1885=DIRECTION('center_axis',(0.,0.,-1.));
#1886=DIRECTION('ref_axis',(0.143247528096802,0.989686892756571,0.));
#1887=DIRECTION('',(0.,0.,1.));
#1888=DIRECTION('center_axis',(0.,0.,-1.));
#1889=DIRECTION('ref_axis',(0.143247528096802,0.989686892756571,0.));
#1890=DIRECTION('',(0.,0.,1.));
#1891=DIRECTION('center_axis',(-0.978785814189567,-0.204886138968127,0.));
#1892=DIRECTION('ref_axis',(0.204886138968127,-0.978785814189567,0.));
#1893=DIRECTION('',(0.204886138968127,-0.978785814189567,0.));
#1894=DIRECTION('',(0.204886138968127,-0.978785814189567,0.));
#1895=DIRECTION('',(0.,0.,1.));
#1896=DIRECTION('center_axis',(0.,0.,1.));
#1897=DIRECTION('ref_axis',(-0.143247528096799,-0.989686892756571,0.));
#1898=DIRECTION('center_axis',(0.,0.,1.));
#1899=DIRECTION('ref_axis',(-0.143247528096799,-0.989686892756571,0.));
#1900=DIRECTION('center_axis',(0.,0.,1.));
#1901=DIRECTION('ref_axis',(-0.143247528096799,-0.989686892756571,0.));
#1902=DIRECTION('',(0.,0.,1.));
#1903=DIRECTION('center_axis',(0.989686892756569,-0.143247528096815,0.));
#1904=DIRECTION('ref_axis',(0.143247528096815,0.989686892756569,0.));
#1905=DIRECTION('',(0.143247528096815,0.989686892756569,0.));
#1906=DIRECTION('',(0.143247528096815,0.989686892756569,0.));
#1907=DIRECTION('center_axis',(0.,0.,1.));
#1908=DIRECTION('ref_axis',(0.154026302989688,-0.988066747738901,0.));
#1909=DIRECTION('center_axis',(0.,0.,-1.));
#1910=DIRECTION('ref_axis',(0.154026302989688,-0.988066747738901,0.));
#1911=DIRECTION('',(0.,0.,1.));
#1912=DIRECTION('center_axis',(0.,0.,-1.));
#1913=DIRECTION('ref_axis',(0.154026302989688,-0.988066747738901,0.));
#1914=DIRECTION('',(0.,0.,1.));
#1915=DIRECTION('center_axis',(0.830208310469957,0.557453281653825,0.));
#1916=DIRECTION('ref_axis',(-0.557453281653825,0.830208310469957,0.));
#1917=DIRECTION('',(-0.557453281653825,0.830208310469957,0.));
#1918=DIRECTION('',(-0.557453281653825,0.830208310469957,0.));
#1919=DIRECTION('',(0.,0.,1.));
#1920=DIRECTION('center_axis',(0.,0.,1.));
#1921=DIRECTION('ref_axis',(-0.15402630298969,0.988066747738901,0.));
#1922=DIRECTION('center_axis',(0.,0.,1.));
#1923=DIRECTION('ref_axis',(-0.15402630298969,0.988066747738901,0.));
#1924=DIRECTION('center_axis',(0.,0.,1.));
#1925=DIRECTION('ref_axis',(-0.15402630298969,0.988066747738901,0.));
#1926=DIRECTION('',(0.,0.,1.));
#1927=DIRECTION('center_axis',(-0.988066747738902,-0.154026302989681,0.));
#1928=DIRECTION('ref_axis',(0.154026302989681,-0.988066747738902,0.));
#1929=DIRECTION('',(0.154026302989681,-0.988066747738902,0.));
#1930=DIRECTION('',(0.154026302989681,-0.988066747738902,0.));
#1931=DIRECTION('center_axis',(0.,0.,1.));
#1932=DIRECTION('ref_axis',(-0.962732086746409,0.270456889631055,0.));
#1933=DIRECTION('center_axis',(0.,0.,-1.));
#1934=DIRECTION('ref_axis',(-0.962732086746409,0.270456889631055,0.));
#1935=DIRECTION('',(0.,0.,1.));
#1936=DIRECTION('center_axis',(0.,0.,-1.));
#1937=DIRECTION('ref_axis',(-0.962732086746409,0.270456889631055,0.));
#1938=DIRECTION('',(0.,0.,1.));
#1939=DIRECTION('center_axis',(0.0601357815976674,-0.998190206209036,0.));
#1940=DIRECTION('ref_axis',(0.998190206209036,0.0601357815976674,0.));
#1941=DIRECTION('',(0.998190206209036,0.0601357815976674,0.));
#1942=DIRECTION('',(0.998190206209036,0.0601357815976674,0.));
#1943=DIRECTION('',(0.,0.,1.));
#1944=DIRECTION('center_axis',(0.,0.,1.));
#1945=DIRECTION('ref_axis',(0.962732086746409,-0.270456889631055,0.));
#1946=DIRECTION('center_axis',(0.,0.,1.));
#1947=DIRECTION('ref_axis',(0.962732086746409,-0.270456889631055,0.));
#1948=DIRECTION('center_axis',(0.,0.,1.));
#1949=DIRECTION('ref_axis',(0.962732086746409,-0.270456889631055,0.));
#1950=DIRECTION('',(0.,0.,1.));
#1951=DIRECTION('center_axis',(0.270456889631055,0.962732086746409,0.));
#1952=DIRECTION('ref_axis',(-0.962732086746409,0.270456889631055,0.));
#1953=DIRECTION('',(-0.962732086746409,0.270456889631055,0.));
#1954=DIRECTION('',(-0.962732086746409,0.270456889631055,0.));
#1955=DIRECTION('center_axis',(0.,0.,1.));
#1956=DIRECTION('ref_axis',(-0.982067259490911,-0.188530893585141,0.));
#1957=DIRECTION('center_axis',(0.,0.,-1.));
#1958=DIRECTION('ref_axis',(-0.982067259490911,-0.188530893585141,0.));
#1959=DIRECTION('',(0.,0.,1.));
#1960=DIRECTION('center_axis',(0.,0.,-1.));
#1961=DIRECTION('ref_axis',(-0.982067259490911,-0.188530893585141,0.));
#1962=DIRECTION('',(0.,0.,1.));
#1963=DIRECTION('center_axis',(0.658936008287295,-0.752199000918245,0.));
#1964=DIRECTION('ref_axis',(0.752199000918245,0.658936008287295,0.));
#1965=DIRECTION('',(0.752199000918245,0.658936008287295,0.));
#1966=DIRECTION('',(0.752199000918245,0.658936008287295,0.));
#1967=DIRECTION('',(0.,0.,1.));
#1968=DIRECTION('center_axis',(0.,0.,1.));
#1969=DIRECTION('ref_axis',(0.982067259490911,0.188530893585141,0.));
#1970=DIRECTION('center_axis',(0.,0.,1.));
#1971=DIRECTION('ref_axis',(0.982067259490911,0.188530893585141,0.));
#1972=DIRECTION('center_axis',(0.,0.,1.));
#1973=DIRECTION('ref_axis',(0.982067259490911,0.188530893585141,0.));
#1974=DIRECTION('',(0.,0.,1.));
#1975=DIRECTION('center_axis',(-0.188530893585141,0.982067259490911,0.));
#1976=DIRECTION('ref_axis',(-0.982067259490911,-0.188530893585141,0.));
#1977=DIRECTION('',(-0.982067259490911,-0.188530893585141,0.));
#1978=DIRECTION('',(-0.982067259490911,-0.188530893585141,0.));
#1979=DIRECTION('center_axis',(0.,0.,1.));
#1980=DIRECTION('ref_axis',(0.640311457225049,0.768115380490674,0.));
#1981=DIRECTION('center_axis',(0.,0.,-1.));
#1982=DIRECTION('ref_axis',(0.640311457225049,0.768115380490674,0.));
#1983=DIRECTION('',(0.,0.,1.));
#1984=DIRECTION('center_axis',(0.,0.,-1.));
#1985=DIRECTION('ref_axis',(0.640311457225049,0.768115380490674,0.));
#1986=DIRECTION('',(0.,0.,1.));
#1987=DIRECTION('center_axis',(-0.942158288909367,0.335168254223718,0.));
#1988=DIRECTION('ref_axis',(-0.335168254223718,-0.942158288909366,0.));
#1989=DIRECTION('',(-0.335168254223718,-0.942158288909366,0.));
#1990=DIRECTION('',(-0.335168254223718,-0.942158288909366,0.));
#1991=DIRECTION('',(0.,0.,1.));
#1992=DIRECTION('center_axis',(0.,0.,1.));
#1993=DIRECTION('ref_axis',(-0.640311457225048,-0.768115380490676,0.));
#1994=DIRECTION('center_axis',(0.,0.,1.));
#1995=DIRECTION('ref_axis',(-0.640311457225048,-0.768115380490676,0.));
#1996=DIRECTION('center_axis',(0.,0.,1.));
#1997=DIRECTION('ref_axis',(-0.640311457225048,-0.768115380490676,0.));
#1998=DIRECTION('',(0.,0.,1.));
#1999=DIRECTION('center_axis',(0.768115380490666,-0.64031145722506,0.));
#2000=DIRECTION('ref_axis',(0.64031145722506,0.768115380490666,0.));
#2001=DIRECTION('',(0.64031145722506,0.768115380490666,0.));
#2002=DIRECTION('',(0.64031145722506,0.768115380490666,0.));
#2003=DIRECTION('center_axis',(0.,0.,1.));
#2004=DIRECTION('ref_axis',(-0.201206659657174,-0.979548814561889,0.));
#2005=DIRECTION('center_axis',(0.,0.,-1.));
#2006=DIRECTION('ref_axis',(-0.201206659657174,-0.979548814561889,0.));
#2007=DIRECTION('',(0.,0.,1.));
#2008=DIRECTION('center_axis',(0.,0.,-1.));
#2009=DIRECTION('ref_axis',(-0.201206659657174,-0.979548814561889,0.));
#2010=DIRECTION('',(0.,0.,1.));
#2011=DIRECTION('center_axis',(0.995642392421697,0.0932535597862054,0.));
#2012=DIRECTION('ref_axis',(-0.0932535597862054,0.995642392421697,0.));
#2013=DIRECTION('',(-0.0932535597862054,0.995642392421697,0.));
#2014=DIRECTION('',(-0.0932535597862054,0.995642392421697,0.));
#2015=DIRECTION('',(0.,0.,1.));
#2016=DIRECTION('center_axis',(0.,0.,1.));
#2017=DIRECTION('ref_axis',(0.201206659657174,0.979548814561889,0.));
#2018=DIRECTION('center_axis',(0.,0.,1.));
#2019=DIRECTION('ref_axis',(0.201206659657174,0.979548814561889,0.));
#2020=DIRECTION('center_axis',(0.,0.,1.));
#2021=DIRECTION('ref_axis',(0.201206659657174,0.979548814561889,0.));
#2022=DIRECTION('',(0.,0.,1.));
#2023=DIRECTION('center_axis',(-0.979548814561889,0.201206659657174,0.));
#2024=DIRECTION('ref_axis',(-0.201206659657174,-0.979548814561889,0.));
#2025=DIRECTION('',(-0.201206659657174,-0.979548814561889,0.));
#2026=DIRECTION('',(-0.201206659657174,-0.979548814561889,0.));
#2027=DIRECTION('center_axis',(0.,0.,1.));
#2028=DIRECTION('ref_axis',(-0.691080607600618,0.722777693207504,0.));
#2029=DIRECTION('center_axis',(0.,0.,-1.));
#2030=DIRECTION('ref_axis',(-0.691080607600618,0.722777693207504,0.));
#2031=DIRECTION('',(0.,0.,1.));
#2032=DIRECTION('center_axis',(0.,0.,-1.));
#2033=DIRECTION('ref_axis',(-0.691080607600618,0.722777693207504,0.));
#2034=DIRECTION('',(0.,0.,1.));
#2035=DIRECTION('center_axis',(-0.441386746581145,-0.89731696737692,0.));
#2036=DIRECTION('ref_axis',(0.89731696737692,-0.441386746581145,0.));
#2037=DIRECTION('',(0.89731696737692,-0.441386746581145,0.));
#2038=DIRECTION('',(0.89731696737692,-0.441386746581145,0.));
#2039=DIRECTION('',(0.,0.,1.));
#2040=DIRECTION('center_axis',(0.,0.,1.));
#2041=DIRECTION('ref_axis',(0.691080607600618,-0.722777693207504,0.));
#2042=DIRECTION('center_axis',(0.,0.,1.));
#2043=DIRECTION('ref_axis',(0.691080607600618,-0.722777693207504,0.));
#2044=DIRECTION('center_axis',(0.,0.,1.));
#2045=DIRECTION('ref_axis',(0.691080607600618,-0.722777693207504,0.));
#2046=DIRECTION('',(0.,0.,1.));
#2047=DIRECTION('center_axis',(0.722777693207505,0.691080607600618,0.));
#2048=DIRECTION('ref_axis',(-0.691080607600618,0.722777693207505,0.));
#2049=DIRECTION('',(-0.691080607600618,0.722777693207505,0.));
#2050=DIRECTION('',(-0.691080607600618,0.722777693207505,0.));
#2051=DIRECTION('center_axis',(0.,0.,1.));
#2052=DIRECTION('ref_axis',(-0.661400585516008,-0.750032842933616,0.));
#2053=DIRECTION('center_axis',(0.,0.,-1.));
#2054=DIRECTION('ref_axis',(-0.661400585516008,-0.750032842933616,0.));
#2055=DIRECTION('',(0.,0.,1.));
#2056=DIRECTION('center_axis',(0.,0.,-1.));
#2057=DIRECTION('ref_axis',(-0.661400585516008,-0.750032842933616,0.));
#2058=DIRECTION('',(0.,0.,1.));
#2059=DIRECTION('center_axis',(0.910863405166017,-0.412707956222519,0.));
#2060=DIRECTION('ref_axis',(0.412707956222519,0.910863405166017,0.));
#2061=DIRECTION('',(0.412707956222519,0.910863405166017,0.));
#2062=DIRECTION('',(0.412707956222519,0.910863405166017,0.));
#2063=DIRECTION('',(0.,0.,1.));
#2064=DIRECTION('center_axis',(0.,0.,1.));
#2065=DIRECTION('ref_axis',(0.661400585516008,0.750032842933616,0.));
#2066=DIRECTION('center_axis',(0.,0.,1.));
#2067=DIRECTION('ref_axis',(0.661400585516008,0.750032842933616,0.));
#2068=DIRECTION('center_axis',(0.,0.,1.));
#2069=DIRECTION('ref_axis',(0.661400585516008,0.750032842933616,0.));
#2070=DIRECTION('',(0.,0.,1.));
#2071=DIRECTION('center_axis',(-0.750032842933615,0.661400585516008,0.));
#2072=DIRECTION('ref_axis',(-0.661400585516008,-0.750032842933615,0.));
#2073=DIRECTION('',(-0.661400585516008,-0.750032842933615,0.));
#2074=DIRECTION('',(-0.661400585516008,-0.750032842933615,0.));
#2075=DIRECTION('center_axis',(0.,0.,1.));
#2076=DIRECTION('ref_axis',(0.978785814189559,0.204886138968164,0.));
#2077=DIRECTION('center_axis',(0.,0.,-1.));
#2078=DIRECTION('ref_axis',(0.978785814189559,0.204886138968164,0.));
#2079=DIRECTION('',(0.,0.,1.));
#2080=DIRECTION('center_axis',(0.,0.,-1.));
#2081=DIRECTION('ref_axis',(0.978785814189559,0.204886138968164,0.));
#2082=DIRECTION('',(0.,0.,1.));
#2083=DIRECTION('center_axis',(-0.676470379607816,0.736469840192561,0.));
#2084=DIRECTION('ref_axis',(-0.736469840192561,-0.676470379607816,0.));
#2085=DIRECTION('',(-0.736469840192561,-0.676470379607816,0.));
#2086=DIRECTION('',(-0.736469840192561,-0.676470379607816,0.));
#2087=DIRECTION('',(0.,0.,1.));
#2088=DIRECTION('center_axis',(0.,0.,1.));
#2089=DIRECTION('ref_axis',(-0.978785814189559,-0.204886138968166,0.));
#2090=DIRECTION('center_axis',(0.,0.,1.));
#2091=DIRECTION('ref_axis',(-0.978785814189559,-0.204886138968166,0.));
#2092=DIRECTION('center_axis',(0.,0.,1.));
#2093=DIRECTION('ref_axis',(-0.978785814189559,-0.204886138968166,0.));
#2094=DIRECTION('',(0.,0.,1.));
#2095=DIRECTION('center_axis',(0.204886138968152,-0.978785814189562,0.));
#2096=DIRECTION('ref_axis',(0.978785814189562,0.204886138968152,0.));
#2097=DIRECTION('',(0.978785814189562,0.204886138968152,0.));
#2098=DIRECTION('',(0.978785814189562,0.204886138968152,0.));
#2099=DIRECTION('center_axis',(-0.000136461094407804,0.999999990689185,
0.));
#2100=DIRECTION('ref_axis',(-0.999999990689185,-0.000136461094407804,0.));
#2101=DIRECTION('',(-0.999999990689185,-0.000136461094407804,0.));
#2102=DIRECTION('',(0.,0.,1.));
#2103=DIRECTION('',(-0.999999990689185,-0.000136461094407804,0.));
#2104=DIRECTION('',(0.,0.,1.));
#2105=DIRECTION('center_axis',(-0.0295312317936825,0.99956385806448,0.));
#2106=DIRECTION('ref_axis',(-0.99956385806448,-0.0295312317936825,0.));
#2107=DIRECTION('',(-0.99956385806448,-0.0295312317936825,0.));
#2108=DIRECTION('',(-0.99956385806448,-0.0295312317936825,0.));
#2109=DIRECTION('',(0.,0.,1.));
#2110=DIRECTION('center_axis',(0.,0.,1.));
#2111=DIRECTION('ref_axis',(-0.712732250875751,0.701436197071113,0.));
#2112=DIRECTION('center_axis',(0.,0.,1.));
#2113=DIRECTION('ref_axis',(-0.712732250875751,0.701436197071113,0.));
#2114=DIRECTION('center_axis',(0.,0.,1.));
#2115=DIRECTION('ref_axis',(-0.712732250875751,0.701436197071113,0.));
#2116=DIRECTION('',(0.,0.,1.));
#2117=DIRECTION('center_axis',(-0.701436197071121,-0.712732250875744,0.));
#2118=DIRECTION('ref_axis',(0.712732250875743,-0.701436197071121,0.));
#2119=DIRECTION('',(0.712732250875743,-0.701436197071121,0.));
#2120=DIRECTION('',(0.712732250875743,-0.701436197071121,0.));
#2121=DIRECTION('',(0.,0.,1.));
#2122=DIRECTION('center_axis',(0.,0.,1.));
#2123=DIRECTION('ref_axis',(0.71273225087575,-0.701436197071114,0.));
#2124=DIRECTION('center_axis',(0.,0.,-1.));
#2125=DIRECTION('ref_axis',(0.71273225087575,-0.701436197071114,0.));
#2126=DIRECTION('center_axis',(0.,0.,-1.));
#2127=DIRECTION('ref_axis',(0.71273225087575,-0.701436197071114,0.));
#2128=DIRECTION('',(0.,0.,1.));
#2129=DIRECTION('center_axis',(0.383807127766742,-0.923413281621747,0.));
#2130=DIRECTION('ref_axis',(0.923413281621747,0.383807127766742,0.));
#2131=DIRECTION('',(0.923413281621747,0.383807127766742,0.));
#2132=DIRECTION('',(0.923413281621747,0.383807127766742,0.));
#2133=DIRECTION('',(0.,0.,1.));
#2134=DIRECTION('center_axis',(0.,0.,1.));
#2135=DIRECTION('ref_axis',(1.,0.,0.));
#2136=DIRECTION('center_axis',(0.,0.,1.));
#2137=DIRECTION('ref_axis',(-1.,4.44089209850063E-16,0.));
#2138=DIRECTION('',(1.,2.19303313506204E-16,0.));
#2139=DIRECTION('center_axis',(0.,0.,1.));
#2140=DIRECTION('ref_axis',(-2.66453525910038E-15,-1.,0.));
#2141=DIRECTION('',(0.,1.,0.));
#2142=DIRECTION('center_axis',(0.,0.,1.));
#2143=DIRECTION('ref_axis',(1.,4.44089209850062E-16,0.));
#2144=DIRECTION('',(-1.,1.09651656753102E-16,0.));
#2145=DIRECTION('center_axis',(0.,0.,1.));
#2146=DIRECTION('ref_axis',(4.44089209850063E-16,1.,0.));
#2147=DIRECTION('',(2.19303313506204E-16,-1.,0.));
#2148=DIRECTION('center_axis',(0.,0.,-1.));
#2149=DIRECTION('ref_axis',(-1.,0.,0.));
#2150=DIRECTION('center_axis',(0.,0.,-1.));
#2151=DIRECTION('ref_axis',(-1.,0.,0.));
#2152=DIRECTION('center_axis',(0.,0.,-1.));
#2153=DIRECTION('ref_axis',(-1.,0.,0.));
#2154=DIRECTION('center_axis',(0.,0.,-1.));
#2155=DIRECTION('ref_axis',(-1.,0.,0.));
#2156=DIRECTION('center_axis',(0.,0.,-1.));
#2157=DIRECTION('ref_axis',(-1.,0.,0.));
#2158=DIRECTION('center_axis',(0.,0.,-1.));
#2159=DIRECTION('ref_axis',(-1.,0.,0.));
#2160=DIRECTION('center_axis',(0.,0.,-1.));
#2161=DIRECTION('ref_axis',(-1.,0.,0.));
#2162=DIRECTION('center_axis',(0.,0.,-1.));
#2163=DIRECTION('ref_axis',(-1.,0.,0.));
#2164=DIRECTION('center_axis',(0.,0.,-1.));
#2165=DIRECTION('ref_axis',(-1.,0.,0.));
#2166=DIRECTION('center_axis',(0.,0.,-1.));
#2167=DIRECTION('ref_axis',(-1.,0.,0.));
#2168=DIRECTION('center_axis',(0.,0.,-1.));
#2169=DIRECTION('ref_axis',(-1.,0.,0.));
#2170=DIRECTION('center_axis',(0.,0.,-1.));
#2171=DIRECTION('ref_axis',(-1.,0.,0.));
#2172=DIRECTION('center_axis',(0.,0.,-1.));
#2173=DIRECTION('ref_axis',(-1.,0.,0.));
#2174=DIRECTION('center_axis',(0.,0.,1.));
#2175=DIRECTION('ref_axis',(1.,0.,0.));
#2176=DIRECTION('center_axis',(0.,0.,-1.));
#2177=DIRECTION('ref_axis',(-1.,0.,0.));
#2178=DIRECTION('center_axis',(0.,0.,-1.));
#2179=DIRECTION('ref_axis',(-1.,0.,0.));
#2180=DIRECTION('center_axis',(0.,0.,-1.));
#2181=DIRECTION('ref_axis',(1.,0.,0.));
#2182=DIRECTION('',(0.,0.,-1.));
#2183=DIRECTION('center_axis',(0.,0.,1.));
#2184=DIRECTION('ref_axis',(1.,0.,0.));
#2185=DIRECTION('center_axis',(0.,0.,-1.));
#2186=DIRECTION('ref_axis',(1.,0.,0.));
#2187=DIRECTION('',(0.,0.,-1.));
#2188=DIRECTION('center_axis',(0.,0.,1.));
#2189=DIRECTION('ref_axis',(1.,0.,0.));
#2190=DIRECTION('center_axis',(0.,0.,-1.));
#2191=DIRECTION('ref_axis',(1.,0.,0.));
#2192=DIRECTION('',(0.,0.,-1.));
#2193=DIRECTION('center_axis',(0.,0.,1.));
#2194=DIRECTION('ref_axis',(1.,0.,0.));
#2195=DIRECTION('center_axis',(0.,0.,-1.));
#2196=DIRECTION('ref_axis',(1.,0.,0.));
#2197=DIRECTION('',(0.,0.,-1.));
#2198=DIRECTION('center_axis',(0.,0.,1.));
#2199=DIRECTION('ref_axis',(1.,0.,0.));
#2200=DIRECTION('center_axis',(0.,0.,-1.));
#2201=DIRECTION('ref_axis',(1.,0.,0.));
#2202=DIRECTION('',(0.,0.,-1.));
#2203=DIRECTION('center_axis',(0.,0.,1.));
#2204=DIRECTION('ref_axis',(1.,0.,0.));
#2205=DIRECTION('center_axis',(0.,0.,-1.));
#2206=DIRECTION('ref_axis',(1.,0.,0.));
#2207=DIRECTION('',(0.,0.,-1.));
#2208=DIRECTION('center_axis',(0.,0.,1.));
#2209=DIRECTION('ref_axis',(1.,0.,0.));
#2210=DIRECTION('center_axis',(0.,0.,-1.));
#2211=DIRECTION('ref_axis',(1.,0.,0.));
#2212=DIRECTION('',(0.,0.,-1.));
#2213=DIRECTION('center_axis',(0.,0.,1.));
#2214=DIRECTION('ref_axis',(1.,0.,0.));
#2215=DIRECTION('center_axis',(0.,0.,-1.));
#2216=DIRECTION('ref_axis',(1.,0.,0.));
#2217=DIRECTION('',(0.,0.,-1.));
#2218=DIRECTION('center_axis',(0.,0.,1.));
#2219=DIRECTION('ref_axis',(1.,0.,0.));
#2220=DIRECTION('center_axis',(0.,0.,-1.));
#2221=DIRECTION('ref_axis',(1.,0.,0.));
#2222=DIRECTION('',(0.,0.,-1.));
#2223=DIRECTION('center_axis',(0.,0.,1.));
#2224=DIRECTION('ref_axis',(1.,0.,0.));
#2225=DIRECTION('center_axis',(0.,0.,-1.));
#2226=DIRECTION('ref_axis',(1.,0.,0.));
#2227=DIRECTION('',(0.,0.,-1.));
#2228=DIRECTION('center_axis',(0.,0.,1.));
#2229=DIRECTION('ref_axis',(1.,0.,0.));
#2230=DIRECTION('center_axis',(0.,0.,-1.));
#2231=DIRECTION('ref_axis',(1.,0.,0.));
#2232=DIRECTION('',(0.,0.,-1.));
#2233=DIRECTION('center_axis',(0.,0.,1.));
#2234=DIRECTION('ref_axis',(1.,0.,0.));
#2235=DIRECTION('center_axis',(0.,0.,-1.));
#2236=DIRECTION('ref_axis',(1.,0.,0.));
#2237=DIRECTION('',(0.,0.,-1.));
#2238=DIRECTION('center_axis',(0.,0.,1.));
#2239=DIRECTION('ref_axis',(1.,0.,0.));
#2240=DIRECTION('center_axis',(0.,0.,1.));
#2241=DIRECTION('ref_axis',(-1.,0.,0.));
#2242=DIRECTION('',(0.,0.,-1.));
#2243=DIRECTION('center_axis',(0.,0.,-1.));
#2244=DIRECTION('ref_axis',(-1.,0.,0.));
#2245=DIRECTION('center_axis',(0.,0.,1.));
#2246=DIRECTION('ref_axis',(4.44089209850063E-16,1.,0.));
#2247=DIRECTION('center_axis',(0.,0.,1.));
#2248=DIRECTION('ref_axis',(4.44089209850063E-16,1.,0.));
#2249=DIRECTION('',(0.,0.,1.));
#2250=DIRECTION('',(0.,0.,1.));
#2251=DIRECTION('center_axis',(1.09651656753102E-16,1.,0.));
#2252=DIRECTION('ref_axis',(-1.,1.09651656753102E-16,0.));
#2253=DIRECTION('',(-1.,1.09651656753102E-16,0.));
#2254=DIRECTION('',(0.,0.,1.));
#2255=DIRECTION('center_axis',(0.,0.,1.));
#2256=DIRECTION('ref_axis',(1.,4.44089209850063E-16,0.));
#2257=DIRECTION('center_axis',(0.,0.,1.));
#2258=DIRECTION('ref_axis',(1.,4.44089209850063E-16,0.));
#2259=DIRECTION('',(0.,0.,1.));
#2260=DIRECTION('center_axis',(1.,1.09651656753102E-16,0.));
#2261=DIRECTION('ref_axis',(-1.09651656753102E-16,1.,0.));
#2262=DIRECTION('',(-1.09651656753102E-16,1.,0.));
#2263=DIRECTION('',(0.,0.,1.));
#2264=DIRECTION('center_axis',(0.,0.,1.));
#2265=DIRECTION('ref_axis',(-3.10862446895045E-15,-1.,0.));
#2266=DIRECTION('center_axis',(0.,0.,1.));
#2267=DIRECTION('ref_axis',(-3.10862446895045E-15,-1.,0.));
#2268=DIRECTION('',(0.,0.,1.));
#2269=DIRECTION('center_axis',(2.19303313506204E-16,-1.,0.));
#2270=DIRECTION('ref_axis',(1.,2.19303313506204E-16,0.));
#2271=DIRECTION('',(1.,2.19303313506204E-16,0.));
#2272=DIRECTION('',(0.,0.,1.));
#2273=DIRECTION('center_axis',(0.,0.,1.));
#2274=DIRECTION('ref_axis',(-1.,4.44089209850063E-16,0.));
#2275=DIRECTION('center_axis',(0.,0.,1.));
#2276=DIRECTION('ref_axis',(-1.,4.44089209850063E-16,0.));
#2277=DIRECTION('',(0.,0.,1.));
#2278=DIRECTION('center_axis',(-1.,-2.19303313506204E-16,0.));
#2279=DIRECTION('ref_axis',(2.19303313506204E-16,-1.,0.));
#2280=DIRECTION('',(2.19303313506204E-16,-1.,0.));
#2281=DIRECTION('center_axis',(0.,0.,1.));
#2282=DIRECTION('ref_axis',(1.,0.,0.));
#2283=CARTESIAN_POINT('',(0.,0.,0.));
#2284=CARTESIAN_POINT('Origin',(-60.5,-30.,4.15));
#2285=CARTESIAN_POINT('',(-60.5,-30.,2.));
#2286=CARTESIAN_POINT('Origin',(-60.5,-30.,4.15));
#2287=CARTESIAN_POINT('',(-50.5,-30.,2.));
#2288=CARTESIAN_POINT('',(-60.5,-30.,2.));
#2289=CARTESIAN_POINT('Origin',(-50.5,-30.,4.15));
#2290=CARTESIAN_POINT('Origin',(-50.5,-30.,4.15));
#2291=CARTESIAN_POINT('Origin',(-60.5,30.,4.15));
#2292=CARTESIAN_POINT('',(-60.5,30.,2.));
#2293=CARTESIAN_POINT('Origin',(-60.5,30.,4.15));
#2294=CARTESIAN_POINT('',(-50.5,30.,2.));
#2295=CARTESIAN_POINT('',(-60.5,30.,2.));
#2296=CARTESIAN_POINT('Origin',(-50.5,30.,4.15));
#2297=CARTESIAN_POINT('Origin',(-50.5,30.,4.15));
#2298=CARTESIAN_POINT('Origin',(60.5,30.,4.15));
#2299=CARTESIAN_POINT('',(60.5,30.,6.3));
#2300=CARTESIAN_POINT('Origin',(60.5,30.,4.15));
#2301=CARTESIAN_POINT('',(50.5,30.,6.3));
#2302=CARTESIAN_POINT('',(60.5,30.,6.3));
#2303=CARTESIAN_POINT('Origin',(50.5,30.,4.15));
#2304=CARTESIAN_POINT('Origin',(50.5,30.,4.15));
#2305=CARTESIAN_POINT('Origin',(60.5,-30.,4.15));
#2306=CARTESIAN_POINT('',(60.5,-30.,6.3));
#2307=CARTESIAN_POINT('Origin',(60.5,-30.,4.15));
#2308=CARTESIAN_POINT('',(50.5,-30.,6.3));
#2309=CARTESIAN_POINT('',(60.5,-30.,6.3));
#2310=CARTESIAN_POINT('Origin',(50.5,-30.,4.15));
#2311=CARTESIAN_POINT('Origin',(50.5,-30.,4.15));
#2312=CARTESIAN_POINT('Origin',(30.,-60.5,4.15));
#2313=CARTESIAN_POINT('',(27.85,-60.5,4.15));
#2314=CARTESIAN_POINT('Origin',(30.,-60.5,4.15));
#2315=CARTESIAN_POINT('',(27.85,-50.5,4.15));
#2316=CARTESIAN_POINT('',(27.85,-60.5,4.15));
#2317=CARTESIAN_POINT('Origin',(30.,-50.5,4.15));
#2318=CARTESIAN_POINT('Origin',(30.,-50.5,4.15));
#2319=CARTESIAN_POINT('Origin',(-30.,-60.5,4.15));
#2320=CARTESIAN_POINT('',(-32.15,-60.5,4.15));
#2321=CARTESIAN_POINT('Origin',(-30.,-60.5,4.15));
#2322=CARTESIAN_POINT('',(-32.15,-50.5,4.15));
#2323=CARTESIAN_POINT('',(-32.15,-60.5,4.15));
#2324=CARTESIAN_POINT('Origin',(-30.,-50.5,4.15));
#2325=CARTESIAN_POINT('Origin',(-30.,-50.5,4.15));
#2326=CARTESIAN_POINT('Origin',(30.,60.5,4.15));
#2327=CARTESIAN_POINT('',(27.85,60.5,4.15));
#2328=CARTESIAN_POINT('Origin',(30.,60.5,4.15));
#2329=CARTESIAN_POINT('',(27.85,50.5,4.15));
#2330=CARTESIAN_POINT('',(27.85,60.5,4.15));
#2331=CARTESIAN_POINT('Origin',(30.,50.5,4.15));
#2332=CARTESIAN_POINT('Origin',(30.,50.5,4.15));
#2333=CARTESIAN_POINT('Origin',(-30.,60.5,4.15));
#2334=CARTESIAN_POINT('',(-32.15,60.5,4.15));
#2335=CARTESIAN_POINT('Origin',(-30.,60.5,4.15));
#2336=CARTESIAN_POINT('',(-32.15,50.5,4.15));
#2337=CARTESIAN_POINT('',(-32.15,60.5,4.15));
#2338=CARTESIAN_POINT('Origin',(-30.,50.5,4.15));
#2339=CARTESIAN_POINT('Origin',(-30.,50.5,4.15));
#2340=CARTESIAN_POINT('Origin',(0.,0.,8.4));
#2341=CARTESIAN_POINT('',(-44.,5.38844591624836E-15,8.4));
#2342=CARTESIAN_POINT('Origin',(0.,0.,8.4));
#2343=CARTESIAN_POINT('',(-44.,-5.38844591624836E-15,7.7));
#2344=CARTESIAN_POINT('',(-44.,5.38844591624836E-15,8.4));
#2345=CARTESIAN_POINT('Origin',(0.,0.,7.7));
#2346=CARTESIAN_POINT('Origin',(-5.32907051820075E-14,-5.99520433297585E-14,
7.7));
#2347=CARTESIAN_POINT('',(11.4280537180082,-54.5943074495774,7.7));
#2348=CARTESIAN_POINT('',(-7.99000095519802,-55.202343269255,7.7));
#2349=CARTESIAN_POINT('Origin',(-5.32907051820075E-14,-5.99520433297585E-14,
7.7));
#2350=CARTESIAN_POINT('',(-7.99000095519802,-55.202343269255,8.4));
#2351=CARTESIAN_POINT('',(-7.99000095519802,-55.202343269255,7.7));
#2352=CARTESIAN_POINT('',(11.4280537180082,-54.5943074495774,8.4));
#2353=CARTESIAN_POINT('Origin',(-5.32907051820075E-14,-5.99520433297585E-14,
8.4));
#2354=CARTESIAN_POINT('',(11.4280537180082,-54.5943074495774,7.7));
#2355=CARTESIAN_POINT('Origin',(9.64934909184349,-46.0970471444563,7.7));
#2356=CARTESIAN_POINT('',(9.64934909184349,-46.0970471444563,7.7));
#2357=CARTESIAN_POINT('',(9.64934909184349,-46.0970471444563,7.7));
#2358=CARTESIAN_POINT('',(9.64934909184349,-46.0970471444563,8.4));
#2359=CARTESIAN_POINT('',(9.64934909184349,-46.0970471444563,8.4));
#2360=CARTESIAN_POINT('',(9.64934909184349,-46.0970471444563,7.7));
#2361=CARTESIAN_POINT('Origin',(-5.32907051820075E-14,-5.99520433297585E-14,
7.7));
#2362=CARTESIAN_POINT('',(-6.74640760039277,-46.6104460161444,7.7));
#2363=CARTESIAN_POINT('Origin',(-5.32907051820075E-14,-5.99520433297585E-14,
7.7));
#2364=CARTESIAN_POINT('',(-6.74640760039277,-46.6104460161444,8.4));
#2365=CARTESIAN_POINT('Origin',(-5.32907051820075E-14,-5.99520433297585E-14,
8.4));
#2366=CARTESIAN_POINT('',(-6.74640760039277,-46.6104460161444,7.7));
#2367=CARTESIAN_POINT('Origin',(-7.99000095519802,-55.202343269255,7.7));
#2368=CARTESIAN_POINT('',(-7.99000095519802,-55.202343269255,7.7));
#2369=CARTESIAN_POINT('',(-7.99000095519802,-55.202343269255,8.4));
#2370=CARTESIAN_POINT('Origin',(-5.32907051820075E-14,-5.99520433297585E-14,
7.7));
#2371=CARTESIAN_POINT('',(-31.0933969477106,46.3070133341879,7.7));
#2372=CARTESIAN_POINT('',(-8.59121497148327,55.1119754952988,7.7));
#2373=CARTESIAN_POINT('Origin',(-5.32907051820075E-14,-5.99520433297585E-14,
7.7));
#2374=CARTESIAN_POINT('',(-8.59121497148327,55.1119754952988,8.4));
#2375=CARTESIAN_POINT('',(-8.59121497148327,55.1119754952988,7.7));
#2376=CARTESIAN_POINT('',(-31.0933969477106,46.3070133341879,8.4));
#2377=CARTESIAN_POINT('Origin',(-5.32907051820075E-14,-5.99520433297585E-14,
8.4));
#2378=CARTESIAN_POINT('',(-31.0933969477106,46.3070133341879,7.7));
#2379=CARTESIAN_POINT('Origin',(-26.2539054333403,39.0996181929139,7.7));
#2380=CARTESIAN_POINT('',(-26.2539054333403,39.0996181929139,7.7));
#2381=CARTESIAN_POINT('',(-26.2539054333403,39.0996181929139,7.7));
#2382=CARTESIAN_POINT('',(-26.2539054333403,39.0996181929139,8.4));
#2383=CARTESIAN_POINT('',(-26.2539054333403,39.0996181929139,8.4));
#2384=CARTESIAN_POINT('',(-26.2539054333403,39.0996181929139,7.7));
#2385=CARTESIAN_POINT('Origin',(-5.32907051820075E-14,-5.99520433297585E-14,
7.7));
#2386=CARTESIAN_POINT('',(-7.25404643944601,46.5341434173753,7.7));
#2387=CARTESIAN_POINT('Origin',(-5.32907051820075E-14,-5.99520433297585E-14,
7.7));
#2388=CARTESIAN_POINT('',(-7.25404643944601,46.5341434173753,8.4));
#2389=CARTESIAN_POINT('Origin',(-5.32907051820075E-14,-5.99520433297585E-14,
8.4));
#2390=CARTESIAN_POINT('',(-7.25404643944601,46.5341434173753,7.7));
#2391=CARTESIAN_POINT('Origin',(-8.59121497148327,55.1119754952988,7.7));
#2392=CARTESIAN_POINT('',(-8.59121497148327,55.1119754952988,7.7));
#2393=CARTESIAN_POINT('',(-8.59121497148327,55.1119754952988,8.4));
#2394=CARTESIAN_POINT('Origin',(-5.32907051820075E-14,-5.99520433297585E-14,
7.7));
#2395=CARTESIAN_POINT('',(55.6766375451145,3.35422857755797,7.7));
#2396=CARTESIAN_POINT('',(53.698869327121,-15.0854317362575,7.7));
#2397=CARTESIAN_POINT('Origin',(-5.32907051820075E-14,-5.99520433297585E-14,
7.7));
#2398=CARTESIAN_POINT('',(53.698869327121,-15.0854317362575,8.4));
#2399=CARTESIAN_POINT('',(53.698869327121,-15.0854317362575,7.7));
#2400=CARTESIAN_POINT('',(55.6766375451145,3.35422857755797,8.4));
#2401=CARTESIAN_POINT('Origin',(-5.32907051820075E-14,-5.99520433297585E-14,
8.4));
#2402=CARTESIAN_POINT('',(55.6766375451145,3.35422857755797,7.7));
#2403=CARTESIAN_POINT('Origin',(47.0109193734597,2.83216401299296,7.7));
#2404=CARTESIAN_POINT('',(47.0109193734597,2.83216401299296,7.7));
#2405=CARTESIAN_POINT('',(47.0109193734597,2.83216401299296,7.7));
#2406=CARTESIAN_POINT('',(47.0109193734597,2.83216401299296,8.4));
#2407=CARTESIAN_POINT('',(47.0109193734597,2.83216401299296,8.4));
#2408=CARTESIAN_POINT('',(47.0109193734597,2.83216401299296,7.7));
#2409=CARTESIAN_POINT('Origin',(-5.32907051820075E-14,-5.99520433297585E-14,
7.7));
#2410=CARTESIAN_POINT('',(45.3409783293343,-12.7374792432892,7.7));
#2411=CARTESIAN_POINT('Origin',(-5.32907051820075E-14,-5.99520433297585E-14,
7.7));
#2412=CARTESIAN_POINT('',(45.3409783293343,-12.7374792432892,8.4));
#2413=CARTESIAN_POINT('Origin',(-5.32907051820075E-14,-5.99520433297585E-14,
8.4));
#2414=CARTESIAN_POINT('',(45.3409783293343,-12.7374792432892,7.7));
#2415=CARTESIAN_POINT('Origin',(53.698869327121,-15.0854317362575,7.7));
#2416=CARTESIAN_POINT('',(53.698869327121,-15.0854317362575,7.7));
#2417=CARTESIAN_POINT('',(53.698869327121,-15.0854317362575,8.4));
#2418=CARTESIAN_POINT('Origin',(-5.32907051820075E-14,-5.99520433297585E-14,
7.7));
#2419=CARTESIAN_POINT('',(41.9558425592821,36.7538582032069,7.7));
#2420=CARTESIAN_POINT('',(54.7773385387726,10.5157976534968,7.7));
#2421=CARTESIAN_POINT('Origin',(-5.32907051820075E-14,-5.99520433297585E-14,
7.7));
#2422=CARTESIAN_POINT('',(54.7773385387726,10.5157976534968,8.4));
#2423=CARTESIAN_POINT('',(54.7773385387726,10.5157976534968,7.7));
#2424=CARTESIAN_POINT('',(41.9558425592821,36.7538582032069,8.4));
#2425=CARTESIAN_POINT('Origin',(-5.32907051820075E-14,-5.99520433297585E-14,
8.4));
#2426=CARTESIAN_POINT('',(41.9558425592821,36.7538582032069,7.7));
#2427=CARTESIAN_POINT('Origin',(35.4256797602364,31.0333515247661,7.7));
#2428=CARTESIAN_POINT('',(35.4256797602364,31.0333515247661,7.7));
#2429=CARTESIAN_POINT('',(35.4256797602364,31.0333515247661,7.7));
#2430=CARTESIAN_POINT('',(35.4256797602364,31.0333515247661,8.4));
#2431=CARTESIAN_POINT('',(35.4256797602364,31.0333515247661,8.4));
#2432=CARTESIAN_POINT('',(35.4256797602364,31.0333515247661,7.7));
#2433=CARTESIAN_POINT('Origin',(-5.32907051820075E-14,-5.99520433297585E-14,
7.7));
#2434=CARTESIAN_POINT('',(46.2515905967261,8.87907994148494,7.7));
#2435=CARTESIAN_POINT('Origin',(-5.32907051820075E-14,-5.99520433297585E-14,
7.7));
#2436=CARTESIAN_POINT('',(46.2515905967261,8.87907994148494,8.4));
#2437=CARTESIAN_POINT('Origin',(-5.32907051820075E-14,-5.99520433297585E-14,
8.4));
#2438=CARTESIAN_POINT('',(46.2515905967261,8.87907994148494,7.7));
#2439=CARTESIAN_POINT('Origin',(54.7773385387726,10.5157976534968,7.7));
#2440=CARTESIAN_POINT('',(54.7773385387726,10.5157976534968,7.7));
#2441=CARTESIAN_POINT('',(54.7773385387726,10.5157976534968,8.4));
#2442=CARTESIAN_POINT('Origin',(-5.32907051820075E-14,-5.99520433297585E-14,
7.7));
#2443=CARTESIAN_POINT('',(-18.6948752762411,-52.5513126009859,7.7));
#2444=CARTESIAN_POINT('',(-35.7150257517538,-42.8436197494132,7.7));
#2445=CARTESIAN_POINT('Origin',(-5.32907051820075E-14,-5.99520433297585E-14,
7.7));
#2446=CARTESIAN_POINT('',(-35.7150257517538,-42.8436197494132,8.4));
#2447=CARTESIAN_POINT('',(-35.7150257517538,-42.8436197494132,7.7));
#2448=CARTESIAN_POINT('',(-18.6948752762411,-52.5513126009859,8.4));
#2449=CARTESIAN_POINT('Origin',(-5.32907051820075E-14,-5.99520433297585E-14,
8.4));
#2450=CARTESIAN_POINT('',(-18.6948752762411,-52.5513126009859,7.7));
#2451=CARTESIAN_POINT('Origin',(-15.7851356162828,-44.3720315842099,7.7));
#2452=CARTESIAN_POINT('',(-15.7851356162828,-44.3720315842099,7.7));
#2453=CARTESIAN_POINT('',(-15.7851356162828,-44.3720315842099,7.7));
#2454=CARTESIAN_POINT('',(-15.7851356162828,-44.3720315842099,8.4));
#2455=CARTESIAN_POINT('',(-15.7851356162828,-44.3720315842099,8.4));
#2456=CARTESIAN_POINT('',(-15.7851356162828,-44.3720315842099,7.7));
#2457=CARTESIAN_POINT('Origin',(-5.32907051820075E-14,-5.99520433297585E-14,
7.7));
#2458=CARTESIAN_POINT('',(-30.1562068053454,-36.1752800189272,7.7));
#2459=CARTESIAN_POINT('Origin',(-5.32907051820075E-14,-5.99520433297585E-14,
7.7));
#2460=CARTESIAN_POINT('',(-30.1562068053454,-36.1752800189272,8.4));
#2461=CARTESIAN_POINT('Origin',(-5.32907051820075E-14,-5.99520433297585E-14,
8.4));
#2462=CARTESIAN_POINT('',(-30.1562068053454,-36.1752800189272,7.7));
#2463=CARTESIAN_POINT('Origin',(-35.7150257517538,-42.8436197494132,7.7));
#2464=CARTESIAN_POINT('',(-35.7150257517538,-42.8436197494132,7.7));
#2465=CARTESIAN_POINT('',(-35.7150257517538,-42.8436197494132,8.4));
#2466=CARTESIAN_POINT('Origin',(-5.32907051820075E-14,-5.99520433297585E-14,
7.7));
#2467=CARTESIAN_POINT('',(-5.20145821478892,55.5345266489278,7.7));
#2468=CARTESIAN_POINT('',(11.2228212536178,54.6368657665323,7.7));
#2469=CARTESIAN_POINT('Origin',(-5.32907051820075E-14,-5.99520433297585E-14,
7.7));
#2470=CARTESIAN_POINT('',(11.2228212536178,54.6368657665323,8.4));
#2471=CARTESIAN_POINT('',(11.2228212536178,54.6368657665323,7.7));
#2472=CARTESIAN_POINT('',(-5.20145821478891,55.5345266489278,8.4));
#2473=CARTESIAN_POINT('Origin',(-5.32907051820075E-14,-5.99520433297585E-14,
8.4));
#2474=CARTESIAN_POINT('',(-5.20145821478892,55.5345266489278,7.7));
#2475=CARTESIAN_POINT('Origin',(-4.39188398476326,46.8909271437331,7.7));
#2476=CARTESIAN_POINT('',(-4.39188398476326,46.8909271437331,7.7));
#2477=CARTESIAN_POINT('',(-4.39188398476326,46.8909271437331,7.7));
#2478=CARTESIAN_POINT('',(-4.39188398476326,46.8909271437331,8.4));
#2479=CARTESIAN_POINT('',(-4.39188398476326,46.8909271437331,8.4));
#2480=CARTESIAN_POINT('',(-4.39188398476326,46.8909271437331,7.7));
#2481=CARTESIAN_POINT('Origin',(-5.32907051820075E-14,-5.99520433297585E-14,
7.7));
#2482=CARTESIAN_POINT('',(9.47605976867892,46.1329815272649,7.7));
#2483=CARTESIAN_POINT('Origin',(-5.32907051820075E-14,-5.99520433297585E-14,
7.7));
#2484=CARTESIAN_POINT('',(9.47605976867892,46.1329815272649,8.4));
#2485=CARTESIAN_POINT('Origin',(-5.32907051820075E-14,-5.99520433297585E-14,
8.4));
#2486=CARTESIAN_POINT('',(9.47605976867892,46.1329815272649,7.7));
#2487=CARTESIAN_POINT('Origin',(11.2228212536178,54.6368657665323,7.7));
#2488=CARTESIAN_POINT('',(11.2228212536178,54.6368657665323,7.7));
#2489=CARTESIAN_POINT('',(11.2228212536178,54.6368657665323,8.4));
#2490=CARTESIAN_POINT('Origin',(-5.32907051820075E-14,-5.99520433297585E-14,
7.7));
#2491=CARTESIAN_POINT('',(50.0501720463313,-24.6194860996962,7.7));
#2492=CARTESIAN_POINT('',(38.5468062744939,-40.3147931126673,7.7));
#2493=CARTESIAN_POINT('Origin',(-5.32907051820075E-14,-5.99520433297585E-14,
7.7));
#2494=CARTESIAN_POINT('',(38.5468062744939,-40.3147931126673,8.4));
#2495=CARTESIAN_POINT('',(38.5468062744939,-40.3147931126673,7.7));
#2496=CARTESIAN_POINT('',(50.0501720463313,-24.6194860996962,8.4));
#2497=CARTESIAN_POINT('Origin',(-5.32907051820075E-14,-5.99520433297585E-14,
8.4));
#2498=CARTESIAN_POINT('',(50.0501720463313,-24.6194860996962,7.7));
#2499=CARTESIAN_POINT('Origin',(42.2601778132043,-20.787618058131,7.7));
#2500=CARTESIAN_POINT('',(42.2601778132043,-20.787618058131,7.7));
#2501=CARTESIAN_POINT('',(42.2601778132043,-20.787618058131,7.7));
#2502=CARTESIAN_POINT('',(42.2601778132043,-20.787618058131,8.4));
#2503=CARTESIAN_POINT('',(42.2601778132043,-20.787618058131,8.4));
#2504=CARTESIAN_POINT('',(42.2601778132043,-20.787618058131,7.7));
#2505=CARTESIAN_POINT('Origin',(-5.32907051820075E-14,-5.99520433297585E-14,
7.7));
#2506=CARTESIAN_POINT('',(32.5472385146508,-34.040049330235,7.7));
#2507=CARTESIAN_POINT('Origin',(-5.32907051820075E-14,-5.99520433297585E-14,
7.7));
#2508=CARTESIAN_POINT('',(32.5472385146508,-34.040049330235,8.4));
#2509=CARTESIAN_POINT('Origin',(-5.32907051820075E-14,-5.99520433297585E-14,
8.4));
#2510=CARTESIAN_POINT('',(32.5472385146508,-34.040049330235,7.7));
#2511=CARTESIAN_POINT('Origin',(38.5468062744939,-40.3147931126673,7.7));
#2512=CARTESIAN_POINT('',(38.5468062744939,-40.3147931126673,7.7));
#2513=CARTESIAN_POINT('',(38.5468062744939,-40.3147931126673,8.4));
#2514=CARTESIAN_POINT('Origin',(-5.32907051820075E-14,-5.99520433297585E-14,
7.7));
#2515=CARTESIAN_POINT('',(23.0198524766684,50.8057596108272,7.7));
#2516=CARTESIAN_POINT('',(36.8913263652986,41.8350195014864,7.7));
#2517=CARTESIAN_POINT('Origin',(-5.32907051820075E-14,-5.99520433297585E-14,
7.7));
#2518=CARTESIAN_POINT('',(36.8913263652986,41.8350195014864,8.4));
#2519=CARTESIAN_POINT('',(36.8913263652986,41.8350195014864,7.7));
#2520=CARTESIAN_POINT('',(23.0198524766684,50.8057596108272,8.4));
#2521=CARTESIAN_POINT('Origin',(-5.32907051820075E-14,-5.99520433297585E-14,
8.4));
#2522=CARTESIAN_POINT('',(23.0198524766684,50.8057596108272,7.7));
#2523=CARTESIAN_POINT('Origin',(19.4369573394713,42.898162929409,7.7));
#2524=CARTESIAN_POINT('',(19.4369573394713,42.898162929409,7.7));
#2525=CARTESIAN_POINT('',(19.4369573394713,42.898162929409,7.7));
#2526=CARTESIAN_POINT('',(19.4369573394713,42.898162929409,8.4));
#2527=CARTESIAN_POINT('',(19.4369573394713,42.898162929409,8.4));
#2528=CARTESIAN_POINT('',(19.4369573394713,42.898162929409,7.7));
#2529=CARTESIAN_POINT('Origin',(-5.32907051820075E-14,-5.99520433297585E-14,
7.7));
#2530=CARTESIAN_POINT('',(31.1494236327355,35.3236620508536,7.7));
#2531=CARTESIAN_POINT('Origin',(-5.32907051820075E-14,-5.99520433297585E-14,
7.7));
#2532=CARTESIAN_POINT('',(31.1494236327355,35.3236620508536,8.4));
#2533=CARTESIAN_POINT('Origin',(-5.32907051820075E-14,-5.99520433297585E-14,
8.4));
#2534=CARTESIAN_POINT('',(31.1494236327355,35.3236620508536,7.7));
#2535=CARTESIAN_POINT('Origin',(36.8913263652986,41.8350195014864,7.7));
#2536=CARTESIAN_POINT('',(36.8913263652986,41.8350195014864,7.7));
#2537=CARTESIAN_POINT('',(36.8913263652986,41.8350195014864,8.4));
#2538=CARTESIAN_POINT('Origin',(-5.32907051820075E-14,-5.99520433297585E-14,
7.7));
#2539=CARTESIAN_POINT('',(-41.0785079840022,-37.7318830631204,7.7));
#2540=CARTESIAN_POINT('',(-54.5943074495764,-11.4280537180102,7.7));
#2541=CARTESIAN_POINT('Origin',(-5.32907051820075E-14,-5.99520433297585E-14,
7.7));
#2542=CARTESIAN_POINT('',(-54.5943074495764,-11.4280537180102,8.4));
#2543=CARTESIAN_POINT('',(-54.5943074495764,-11.4280537180102,7.7));
#2544=CARTESIAN_POINT('',(-41.0785079840022,-37.7318830631204,8.4));
#2545=CARTESIAN_POINT('Origin',(-5.32907051820075E-14,-5.99520433297585E-14,
8.4));
#2546=CARTESIAN_POINT('',(-41.0785079840022,-37.7318830631204,7.7));
#2547=CARTESIAN_POINT('Origin',(-34.6848967891273,-31.8591529715108,7.7));
#2548=CARTESIAN_POINT('',(-34.6848967891273,-31.8591529715108,7.7));
#2549=CARTESIAN_POINT('',(-34.6848967891273,-31.8591529715108,7.7));
#2550=CARTESIAN_POINT('',(-34.6848967891273,-31.8591529715108,8.4));
#2551=CARTESIAN_POINT('',(-34.6848967891273,-31.8591529715108,8.4));
#2552=CARTESIAN_POINT('',(-34.6848967891273,-31.8591529715108,7.7));
#2553=CARTESIAN_POINT('Origin',(-5.32907051820075E-14,-5.99520433297585E-14,
7.7));
#2554=CARTESIAN_POINT('',(-46.0970471444555,-9.6493490918453,7.7));
#2555=CARTESIAN_POINT('Origin',(-5.32907051820075E-14,-5.99520433297585E-14,
7.7));
#2556=CARTESIAN_POINT('',(-46.0970471444555,-9.6493490918453,8.4));
#2557=CARTESIAN_POINT('Origin',(-5.32907051820075E-14,-5.99520433297585E-14,
8.4));
#2558=CARTESIAN_POINT('',(-46.0970471444555,-9.6493490918453,7.7));
#2559=CARTESIAN_POINT('Origin',(-54.5943074495764,-11.4280537180102,7.7));
#2560=CARTESIAN_POINT('',(-54.5943074495764,-11.4280537180102,7.7));
#2561=CARTESIAN_POINT('',(-54.5943074495764,-11.4280537180102,8.4));
#2562=CARTESIAN_POINT('Origin',(-55.7532565261393,-1.64718074632437,7.7));
#2563=CARTESIAN_POINT('',(-55.7532565261393,-1.64718074632437,7.7));
#2564=CARTESIAN_POINT('',(-57.4763953366322,-1.64741588773446,7.7));
#2565=CARTESIAN_POINT('',(-55.7532565261393,-1.64718074632437,7.7));
#2566=CARTESIAN_POINT('',(-57.4763953366322,-1.64741588773446,8.4));
#2567=CARTESIAN_POINT('',(-57.4763953366322,-1.64741588773446,7.7));
#2568=CARTESIAN_POINT('',(-55.7532565261393,-1.64718074632437,8.4));
#2569=CARTESIAN_POINT('',(-55.7532565261393,-1.64718074632437,8.4));
#2570=CARTESIAN_POINT('',(-55.7532565261393,-1.64718074632437,7.7));
#2571=CARTESIAN_POINT('Origin',(-47.075613092374,-1.39080743150518,7.7));
#2572=CARTESIAN_POINT('',(-47.075613092374,-1.39080743150518,7.7));
#2573=CARTESIAN_POINT('',(-47.075613092374,-1.39080743150518,7.7));
#2574=CARTESIAN_POINT('',(-47.075613092374,-1.39080743150518,8.4));
#2575=CARTESIAN_POINT('',(-47.075613092374,-1.39080743150518,8.4));
#2576=CARTESIAN_POINT('',(-47.075613092374,-1.39080743150518,7.7));
#2577=CARTESIAN_POINT('Origin',(-5.32907051820075E-14,-5.99520433297585E-14,
7.7));
#2578=CARTESIAN_POINT('',(-33.5669476341942,33.0349469480073,7.7));
#2579=CARTESIAN_POINT('Origin',(-5.32907051820075E-14,-5.99520433297585E-14,
7.7));
#2580=CARTESIAN_POINT('',(-33.5669476341942,33.0349469480073,8.4));
#2581=CARTESIAN_POINT('Origin',(-5.32907051820075E-14,-5.99520433297585E-14,
8.4));
#2582=CARTESIAN_POINT('',(-33.5669476341942,33.0349469480073,7.7));
#2583=CARTESIAN_POINT('Origin',(-39.7544826145213,39.1244160305588,7.7));
#2584=CARTESIAN_POINT('',(-39.7544826145213,39.1244160305588,7.7));
#2585=CARTESIAN_POINT('',(-39.7544826145213,39.1244160305588,7.7));
#2586=CARTESIAN_POINT('',(-39.7544826145213,39.1244160305588,8.4));
#2587=CARTESIAN_POINT('',(-39.7544826145213,39.1244160305588,8.4));
#2588=CARTESIAN_POINT('',(-39.7544826145213,39.1244160305588,7.7));
#2589=CARTESIAN_POINT('Origin',(-5.32907051820075E-14,-5.99520433297585E-14,
7.7));
#2590=CARTESIAN_POINT('',(-43.8555146161345,34.4649482145921,7.7));
#2591=CARTESIAN_POINT('Origin',(-5.32907051820075E-14,-5.99520433297585E-14,
7.7));
#2592=CARTESIAN_POINT('',(-43.8555146161345,34.4649482145921,8.4));
#2593=CARTESIAN_POINT('Origin',(-5.32907051820075E-14,-5.99520433297585E-14,
8.4));
#2594=CARTESIAN_POINT('',(-43.8555146161345,34.4649482145921,7.7));
#2595=CARTESIAN_POINT('Origin',(-46.9668460287355,33.1717556682345,7.7));
#2596=CARTESIAN_POINT('',(-46.9668460287355,33.1717556682345,7.7));
#2597=CARTESIAN_POINT('',(-50.1661723785984,31.8419889412791,7.7));
#2598=CARTESIAN_POINT('',(-46.9668460287355,33.1717556682345,8.4));
#2599=CARTESIAN_POINT('',(-50.1661723785984,31.8419889412791,8.4));
#2600=CARTESIAN_POINT('',(-46.9668460287355,33.1717556682345,7.7));
#2601=CARTESIAN_POINT('Origin',(0.,-4.44089209850063E-15,8.4));
#2602=CARTESIAN_POINT('',(-60.5,-40.5,8.4));
#2603=CARTESIAN_POINT('',(-40.5,-60.5,8.4));
#2604=CARTESIAN_POINT('Origin',(-40.5,-40.5,8.4));
#2605=CARTESIAN_POINT('',(40.5,-60.5,8.4));
#2606=CARTESIAN_POINT('',(-40.5,-60.5,8.4));
#2607=CARTESIAN_POINT('',(60.5,-40.5,8.4));
#2608=CARTESIAN_POINT('Origin',(40.5000000000001,-40.5,8.4));
#2609=CARTESIAN_POINT('',(60.5,40.5,8.4));
#2610=CARTESIAN_POINT('',(60.5,-40.5,8.4));
#2611=CARTESIAN_POINT('',(40.5,60.5,8.4));
#2612=CARTESIAN_POINT('Origin',(40.5,40.5,8.4));
#2613=CARTESIAN_POINT('',(-40.5,60.5,8.4));
#2614=CARTESIAN_POINT('',(40.5,60.5,8.4));
#2615=CARTESIAN_POINT('',(-60.5,40.5,8.4));
#2616=CARTESIAN_POINT('Origin',(-40.5,40.5,8.4));
#2617=CARTESIAN_POINT('',(-60.5,40.5,8.4));
#2618=CARTESIAN_POINT('Origin',(0.,0.,8.4));
#2619=CARTESIAN_POINT('',(35.1397338706867,-53.2397947765894,8.4));
#2620=CARTESIAN_POINT('Origin',(37.2897338706882,-53.2397947765954,8.4));
#2621=CARTESIAN_POINT('',(45.8433811853327,48.506617911508,8.4));
#2622=CARTESIAN_POINT('Origin',(48.4933811853386,48.5066179115133,8.4));
#2623=CARTESIAN_POINT('',(51.0897947765893,37.2897338706868,8.4));
#2624=CARTESIAN_POINT('Origin',(53.2397947765953,37.2897338706908,8.4));
#2625=CARTESIAN_POINT('',(-55.3897947765895,-37.2897338706868,8.4));
#2626=CARTESIAN_POINT('Origin',(-53.2397947765953,-37.289733870691,8.4));
#2627=CARTESIAN_POINT('',(-55.3999699894731,37.2752021606888,8.4));
#2628=CARTESIAN_POINT('Origin',(-53.2499699894765,37.275202160693,8.4));
#2629=CARTESIAN_POINT('',(-51.1433811853626,-48.5066179115066,8.4));
#2630=CARTESIAN_POINT('Origin',(-48.4933811853685,-48.5066179115121,8.4));
#2631=CARTESIAN_POINT('',(45.8566179114982,-48.493381185349,8.4));
#2632=CARTESIAN_POINT('Origin',(48.5066179115009,-48.4933811853545,8.4));
#2633=CARTESIAN_POINT('',(-39.4397338706869,53.2397947765894,8.4));
#2634=CARTESIAN_POINT('Origin',(-37.2897338706883,53.2397947765953,8.4));
#2635=CARTESIAN_POINT('',(-39.425202160689,-53.249969989473,8.4));
#2636=CARTESIAN_POINT('Origin',(-37.275202160694,-53.249969989479,8.4));
#2637=CARTESIAN_POINT('',(35.1252021606888,53.249969989473,8.4));
#2638=CARTESIAN_POINT('Origin',(37.2752021606939,53.2499699894789,8.4));
#2639=CARTESIAN_POINT('',(51.0999699894729,-37.2752021606889,8.4));
#2640=CARTESIAN_POINT('Origin',(53.2499699894764,-37.2752021606932,8.4));
#2641=CARTESIAN_POINT('',(-51.1566179115203,48.4933811853481,8.4));
#2642=CARTESIAN_POINT('Origin',(-48.5066179115229,48.4933811853535,8.4));
#2643=CARTESIAN_POINT('Origin',(0.,-4.44089209850063E-15,7.7));
#2644=CARTESIAN_POINT('',(57.5,7.04171909509728E-15,7.7));
#2645=CARTESIAN_POINT('Origin',(0.,0.,7.7));
#2646=CARTESIAN_POINT('Origin',(0.,0.,7.7));
#2647=CARTESIAN_POINT('Origin',(-53.2397947765895,-37.2897338706868,7.7));
#2648=CARTESIAN_POINT('',(-55.3897947765895,-37.2897338706868,0.));
#2649=CARTESIAN_POINT('',(-55.3897947765895,-37.2897338706868,7.7));
#2650=CARTESIAN_POINT('Origin',(-53.2397947765895,-37.2897338706868,0.));
#2651=CARTESIAN_POINT('Origin',(53.2397947765893,37.2897338706868,7.7));
#2652=CARTESIAN_POINT('',(51.0897947765893,37.2897338706868,0.));
#2653=CARTESIAN_POINT('',(51.0897947765893,37.2897338706868,7.7));
#2654=CARTESIAN_POINT('Origin',(53.2397947765893,37.2897338706868,0.));
#2655=CARTESIAN_POINT('Origin',(48.5066179114982,-48.493381185349,7.7));
#2656=CARTESIAN_POINT('',(45.8566179114982,-48.493381185349,0.));
#2657=CARTESIAN_POINT('',(45.8566179114982,-48.493381185349,7.7));
#2658=CARTESIAN_POINT('Origin',(48.5066179114982,-48.493381185349,0.));
#2659=CARTESIAN_POINT('Origin',(37.2897338706867,-53.2397947765894,7.7));
#2660=CARTESIAN_POINT('',(35.1397338706867,-53.2397947765894,0.));
#2661=CARTESIAN_POINT('',(35.1397338706867,-53.2397947765894,7.7));
#2662=CARTESIAN_POINT('Origin',(37.2897338706867,-53.2397947765894,0.));
#2663=CARTESIAN_POINT('Origin',(-37.2897338706869,53.2397947765894,7.7));
#2664=CARTESIAN_POINT('',(-39.4397338706869,53.2397947765894,0.));
#2665=CARTESIAN_POINT('',(-39.4397338706869,53.2397947765894,7.7));
#2666=CARTESIAN_POINT('Origin',(-37.2897338706869,53.2397947765894,0.));
#2667=CARTESIAN_POINT('Origin',(-48.4933811853626,-48.5066179115066,7.7));
#2668=CARTESIAN_POINT('',(-51.1433811853626,-48.5066179115066,0.));
#2669=CARTESIAN_POINT('',(-51.1433811853626,-48.5066179115066,7.7));
#2670=CARTESIAN_POINT('Origin',(-48.4933811853626,-48.5066179115066,0.));
#2671=CARTESIAN_POINT('Origin',(-53.2499699894731,37.2752021606888,7.7));
#2672=CARTESIAN_POINT('',(-55.3999699894731,37.2752021606888,0.));
#2673=CARTESIAN_POINT('',(-55.3999699894731,37.2752021606888,7.7));
#2674=CARTESIAN_POINT('Origin',(-53.2499699894731,37.2752021606888,0.));
#2675=CARTESIAN_POINT('Origin',(48.4933811853327,48.506617911508,7.7));
#2676=CARTESIAN_POINT('',(45.8433811853327,48.506617911508,0.));
#2677=CARTESIAN_POINT('',(45.8433811853327,48.506617911508,7.7));
#2678=CARTESIAN_POINT('Origin',(48.4933811853327,48.506617911508,0.));
#2679=CARTESIAN_POINT('Origin',(53.2499699894729,-37.2752021606889,7.7));
#2680=CARTESIAN_POINT('',(51.0999699894729,-37.2752021606889,0.));
#2681=CARTESIAN_POINT('',(51.0999699894729,-37.2752021606889,7.7));
#2682=CARTESIAN_POINT('Origin',(53.2499699894729,-37.2752021606889,0.));
#2683=CARTESIAN_POINT('Origin',(37.2752021606888,53.249969989473,7.7));
#2684=CARTESIAN_POINT('',(35.1252021606888,53.249969989473,0.));
#2685=CARTESIAN_POINT('',(35.1252021606888,53.249969989473,7.7));
#2686=CARTESIAN_POINT('Origin',(37.2752021606888,53.249969989473,0.));
#2687=CARTESIAN_POINT('Origin',(-48.5066179115203,48.4933811853481,7.7));
#2688=CARTESIAN_POINT('',(-51.1566179115203,48.4933811853481,0.));
#2689=CARTESIAN_POINT('',(-51.1566179115203,48.4933811853481,7.7));
#2690=CARTESIAN_POINT('Origin',(-48.5066179115203,48.4933811853481,0.));
#2691=CARTESIAN_POINT('Origin',(-37.275202160689,-53.249969989473,7.7));
#2692=CARTESIAN_POINT('',(-39.425202160689,-53.249969989473,0.));
#2693=CARTESIAN_POINT('',(-39.425202160689,-53.249969989473,7.7));
#2694=CARTESIAN_POINT('Origin',(-37.275202160689,-53.249969989473,0.));
#2695=CARTESIAN_POINT('Origin',(0.,0.,0.));
#2696=CARTESIAN_POINT('',(57.5,7.04171909509728E-15,0.));
#2697=CARTESIAN_POINT('',(57.5,7.04171909509728E-15,0.));
#2698=CARTESIAN_POINT('Origin',(0.,0.,0.));
#2699=CARTESIAN_POINT('Origin',(-40.5,40.5,0.));
#2700=CARTESIAN_POINT('',(-40.5,60.5,0.));
#2701=CARTESIAN_POINT('',(-60.5,40.5,0.));
#2702=CARTESIAN_POINT('Origin',(-40.5,40.5,0.));
#2703=CARTESIAN_POINT('',(-60.5,40.5,0.));
#2704=CARTESIAN_POINT('',(-40.5,60.5,0.));
#2705=CARTESIAN_POINT('Origin',(40.5,60.5,0.));
#2706=CARTESIAN_POINT('',(40.5,60.5,0.));
#2707=CARTESIAN_POINT('',(40.5,60.5,0.));
#2708=CARTESIAN_POINT('',(40.5,60.5,0.));
#2709=CARTESIAN_POINT('Origin',(40.5,40.5,0.));
#2710=CARTESIAN_POINT('',(60.5,40.5,0.));
#2711=CARTESIAN_POINT('Origin',(40.5,40.5,0.));
#2712=CARTESIAN_POINT('',(60.5,40.5,0.));
#2713=CARTESIAN_POINT('Origin',(60.5,-40.5,0.));
#2714=CARTESIAN_POINT('',(60.5,-40.5,0.));
#2715=CARTESIAN_POINT('',(60.5,-40.5,0.));
#2716=CARTESIAN_POINT('',(60.5,-40.5,0.));
#2717=CARTESIAN_POINT('Origin',(40.5000000000001,-40.5,0.));
#2718=CARTESIAN_POINT('',(40.5,-60.5,0.));
#2719=CARTESIAN_POINT('Origin',(40.5000000000001,-40.5,0.));
#2720=CARTESIAN_POINT('',(40.5,-60.5,0.));
#2721=CARTESIAN_POINT('Origin',(-40.5,-60.5,0.));
#2722=CARTESIAN_POINT('',(-40.5,-60.5,0.));
#2723=CARTESIAN_POINT('',(-40.5,-60.5,0.));
#2724=CARTESIAN_POINT('',(-40.5,-60.5,0.));
#2725=CARTESIAN_POINT('Origin',(-40.5,-40.5,0.));
#2726=CARTESIAN_POINT('',(-60.5,-40.5,0.));
#2727=CARTESIAN_POINT('Origin',(-40.5,-40.5,0.));
#2728=CARTESIAN_POINT('',(-60.5,-40.5,0.));
#2729=CARTESIAN_POINT('Origin',(-60.5,40.5,0.));
#2730=CARTESIAN_POINT('',(-60.5,40.5,0.));
#2731=CARTESIAN_POINT('Origin',(0.,-4.44089209850063E-15,0.));
#2732=UNCERTAINTY_MEASURE_WITH_UNIT(LENGTH_MEASURE(0.01),#2736,
'DISTANCE_ACCURACY_VALUE',
'Maximum model space distance between geometric entities at asserted c
onnectivities');
#2733=UNCERTAINTY_MEASURE_WITH_UNIT(LENGTH_MEASURE(0.01),#2736,
'DISTANCE_ACCURACY_VALUE',
'Maximum model space distance between geometric entities at asserted c
onnectivities');
#2734=(
GEOMETRIC_REPRESENTATION_CONTEXT(3)
GLOBAL_UNCERTAINTY_ASSIGNED_CONTEXT((#2732))
GLOBAL_UNIT_ASSIGNED_CONTEXT((#2736,#2738,#2739))
REPRESENTATION_CONTEXT('','3D')
);
#2735=(
GEOMETRIC_REPRESENTATION_CONTEXT(3)
GLOBAL_UNCERTAINTY_ASSIGNED_CONTEXT((#2733))
GLOBAL_UNIT_ASSIGNED_CONTEXT((#2736,#2738,#2739))
REPRESENTATION_CONTEXT('','3D')
);
#2736=(
LENGTH_UNIT()
NAMED_UNIT(*)
SI_UNIT(.MILLI.,.METRE.)
);
#2737=(
LENGTH_UNIT()
NAMED_UNIT(*)
SI_UNIT(.CENTI.,.METRE.)
);
#2738=(
NAMED_UNIT(*)
PLANE_ANGLE_UNIT()
SI_UNIT($,.RADIAN.)
);
#2739=(
NAMED_UNIT(*)
SI_UNIT($,.STERADIAN.)
SOLID_ANGLE_UNIT()
);
#2740=SHAPE_DEFINITION_REPRESENTATION(#2741,#2742);
#2741=PRODUCT_DEFINITION_SHAPE('',$,#2744);
#2742=SHAPE_REPRESENTATION('',(#1624),#2734);
#2743=PRODUCT_DEFINITION_CONTEXT('part definition',#2748,'design');
#2744=PRODUCT_DEFINITION('stator_center_01_p','stator_center_01_p',#2745,
#2743);
#2745=PRODUCT_DEFINITION_FORMATION('',$,#2750);
#2746=PRODUCT_RELATED_PRODUCT_CATEGORY('stator_center_01_p',
'stator_center_01_p',(#2750));
#2747=APPLICATION_PROTOCOL_DEFINITION('international standard',
'automotive_design',2009,#2748);
#2748=APPLICATION_CONTEXT(
'Core Data for Automotive Mechanical Design Process');
#2749=PRODUCT_CONTEXT('part definition',#2748,'mechanical');
#2750=PRODUCT('stator_center_01_p','stator_center_01_p',$,(#2749));
#2751=PRESENTATION_STYLE_ASSIGNMENT((#2752));
#2752=SURFACE_STYLE_USAGE(.BOTH.,#2755);
#2753=SURFACE_STYLE_RENDERING_WITH_PROPERTIES($,#2759,(#2754));
#2754=SURFACE_STYLE_TRANSPARENT(0.);
#2755=SURFACE_SIDE_STYLE('',(#2756,#2753));
#2756=SURFACE_STYLE_FILL_AREA(#2757);
#2757=FILL_AREA_STYLE('',(#2758));
#2758=FILL_AREA_STYLE_COLOUR('',#2759);
#2759=COLOUR_RGB('',0.,0.,0.);
ENDSEC;
END-ISO-10303-21;
