solid 
 facet normal  0.000000e+00 -1.000000e+00  0.000000e+00
   outer loop
     vertex  1.000000e+02 -7.500000e+01  0.000000e+00
     vertex  2.040000e+02 -7.500000e+01  0.000000e+00
     vertex  2.040000e+02 -7.500000e+01  1.510000e+00
   endloop
 endfacet
 facet normal  0.000000e+00 -1.000000e+00  0.000000e+00
   outer loop
     vertex  1.000000e+02 -7.500000e+01  0.000000e+00
     vertex  2.040000e+02 -7.500000e+01  1.510000e+00
     vertex  1.000000e+02 -7.500000e+01  1.510000e+00
   endloop
 endfacet
 facet normal  1.000000e+00  0.000000e+00  0.000000e+00
   outer loop
     vertex  2.040000e+02 -7.500000e+01  0.000000e+00
     vertex  2.040000e+02 -5.000000e+01  0.000000e+00
     vertex  2.040000e+02 -5.000000e+01  1.510000e+00
   endloop
 endfacet
 facet normal  1.000000e+00  0.000000e+00  0.000000e+00
   outer loop
     vertex  2.040000e+02 -7.500000e+01  0.000000e+00
     vertex  2.040000e+02 -5.000000e+01  1.510000e+00
     vertex  2.040000e+02 -7.500000e+01  1.510000e+00
   endloop
 endfacet
 facet normal -1.000000e+00  0.000000e+00  0.000000e+00
   outer loop
     vertex  1.000000e+02 -5.000000e+01  0.000000e+00
     vertex  1.000000e+02 -7.500000e+01  0.000000e+00
     vertex  1.000000e+02 -7.500000e+01  1.510000e+00
   endloop
 endfacet
 facet normal -1.000000e+00  0.000000e+00  0.000000e+00
   outer loop
     vertex  1.000000e+02 -5.000000e+01  0.000000e+00
     vertex  1.000000e+02 -7.500000e+01  1.510000e+00
     vertex  1.000000e+02 -5.000000e+01  1.510000e+00
   endloop
 endfacet
 facet normal -0.000000e+00  0.000000e+00 -1.000000e+00
   outer loop
     vertex  1.077000e+02 -7.301962e+01  0.000000e+00
     vertex  1.000000e+02 -7.500000e+01  0.000000e+00
     vertex  1.075757e+02 -7.292426e+01  0.000000e+00
   endloop
 endfacet
 facet normal  0.000000e+00 -0.000000e+00 -1.000000e+00
   outer loop
     vertex  1.074804e+02 -7.280000e+01  0.000000e+00
     vertex  1.075757e+02 -7.292426e+01  0.000000e+00
     vertex  1.000000e+02 -7.500000e+01  0.000000e+00
   endloop
 endfacet
 facet normal -0.000000e+00  0.000000e+00 -1.000000e+00
   outer loop
     vertex  1.078447e+02 -7.307956e+01  0.000000e+00
     vertex  1.000000e+02 -7.500000e+01  0.000000e+00
     vertex  1.077000e+02 -7.301962e+01  0.000000e+00
   endloop
 endfacet
 facet normal  0.000000e+00 -0.000000e+00 -1.000000e+00
   outer loop
     vertex  1.074204e+02 -7.265529e+01  0.000000e+00
     vertex  1.074804e+02 -7.280000e+01  0.000000e+00
     vertex  1.000000e+02 -7.500000e+01  0.000000e+00
   endloop
 endfacet
 facet normal -0.000000e+00  0.000000e+00 -1.000000e+00
   outer loop
     vertex  1.080000e+02 -7.310000e+01  0.000000e+00
     vertex  1.000000e+02 -7.500000e+01  0.000000e+00
     vertex  1.078447e+02 -7.307956e+01  0.000000e+00
   endloop
 endfacet
 facet normal  0.000000e+00 -0.000000e+00 -1.000000e+00
   outer loop
     vertex  1.074000e+02 -7.250000e+01  0.000000e+00
     vertex  1.074204e+02 -7.265529e+01  0.000000e+00
     vertex  1.000000e+02 -7.500000e+01  0.000000e+00
   endloop
 endfacet
 facet normal  0.000000e+00  0.000000e+00 -1.000000e+00
   outer loop
     vertex  1.074204e+02 -7.234471e+01  0.000000e+00
     vertex  1.074000e+02 -7.250000e+01  0.000000e+00
     vertex  1.000000e+02 -7.500000e+01  0.000000e+00
   endloop
 endfacet
 facet normal  0.000000e+00  0.000000e+00 -1.000000e+00
   outer loop
     vertex  1.081553e+02 -7.307956e+01  0.000000e+00
     vertex  1.000000e+02 -7.500000e+01  0.000000e+00
     vertex  1.080000e+02 -7.310000e+01  0.000000e+00
   endloop
 endfacet
 facet normal  0.000000e+00 -0.000000e+00 -1.000000e+00
   outer loop
     vertex  1.077000e+02 -7.121962e+01  0.000000e+00
     vertex  1.077000e+02 -7.198038e+01  0.000000e+00
     vertex  1.075757e+02 -7.207574e+01  0.000000e+00
   endloop
 endfacet
 facet normal -0.000000e+00  0.000000e+00 -1.000000e+00
   outer loop
     vertex  1.077000e+02 -7.121962e+01  0.000000e+00
     vertex  1.075757e+02 -7.207574e+01  0.000000e+00
     vertex  1.075757e+02 -7.112426e+01  0.000000e+00
   endloop
 endfacet
 facet normal  0.000000e+00 -0.000000e+00 -1.000000e+00
   outer loop
     vertex  1.074804e+02 -7.100000e+01  0.000000e+00
     vertex  1.074804e+02 -7.220000e+01  0.000000e+00
     vertex  1.074204e+02 -7.234471e+01  0.000000e+00
   endloop
 endfacet
 facet normal  0.000000e+00  0.000000e+00 -1.000000e+00
   outer loop
     vertex  1.074804e+02 -7.100000e+01  0.000000e+00
     vertex  1.075757e+02 -7.207574e+01  0.000000e+00
     vertex  1.074804e+02 -7.220000e+01  0.000000e+00
   endloop
 endfacet
 facet normal  0.000000e+00  0.000000e+00 -1.000000e+00
   outer loop
     vertex  1.074804e+02 -7.100000e+01  0.000000e+00
     vertex  1.075757e+02 -7.112426e+01  0.000000e+00
     vertex  1.075757e+02 -7.207574e+01  0.000000e+00
   endloop
 endfacet
 facet normal  0.000000e+00 -0.000000e+00 -1.000000e+00
   outer loop
     vertex  1.074204e+02 -7.085529e+01  0.000000e+00
     vertex  1.074204e+02 -7.234471e+01  0.000000e+00
     vertex  1.000000e+02 -7.500000e+01  0.000000e+00
   endloop
 endfacet
 facet normal  0.000000e+00  0.000000e+00 -1.000000e+00
   outer loop
     vertex  1.074204e+02 -7.085529e+01  0.000000e+00
     vertex  1.074804e+02 -7.100000e+01  0.000000e+00
     vertex  1.074204e+02 -7.234471e+01  0.000000e+00
   endloop
 endfacet
 facet normal  0.000000e+00 -0.000000e+00 -1.000000e+00
   outer loop
     vertex  1.078447e+02 -7.127956e+01  0.000000e+00
     vertex  1.078447e+02 -7.192044e+01  0.000000e+00
     vertex  1.077000e+02 -7.198038e+01  0.000000e+00
   endloop
 endfacet
 facet normal -0.000000e+00  0.000000e+00 -1.000000e+00
   outer loop
     vertex  1.078447e+02 -7.127956e+01  0.000000e+00
     vertex  1.077000e+02 -7.198038e+01  0.000000e+00
     vertex  1.077000e+02 -7.121962e+01  0.000000e+00
   endloop
 endfacet
 facet normal  0.000000e+00 -0.000000e+00 -1.000000e+00
   outer loop
     vertex  1.080000e+02 -7.130000e+01  0.000000e+00
     vertex  1.080000e+02 -7.190000e+01  0.000000e+00
     vertex  1.078447e+02 -7.192044e+01  0.000000e+00
   endloop
 endfacet
 facet normal -0.000000e+00  0.000000e+00 -1.000000e+00
   outer loop
     vertex  1.080000e+02 -7.130000e+01  0.000000e+00
     vertex  1.078447e+02 -7.192044e+01  0.000000e+00
     vertex  1.078447e+02 -7.127956e+01  0.000000e+00
   endloop
 endfacet
 facet normal  0.000000e+00 -0.000000e+00 -1.000000e+00
   outer loop
     vertex  1.074000e+02 -7.070000e+01  0.000000e+00
     vertex  1.074204e+02 -7.085529e+01  0.000000e+00
     vertex  1.000000e+02 -7.500000e+01  0.000000e+00
   endloop
 endfacet
 facet normal  0.000000e+00  0.000000e+00 -1.000000e+00
   outer loop
     vertex  1.074204e+02 -7.054471e+01  0.000000e+00
     vertex  1.074000e+02 -7.070000e+01  0.000000e+00
     vertex  1.000000e+02 -7.500000e+01  0.000000e+00
   endloop
 endfacet
 facet normal  0.000000e+00 -0.000000e+00 -1.000000e+00
   outer loop
     vertex  1.081553e+02 -7.127956e+01  0.000000e+00
     vertex  1.081553e+02 -7.192044e+01  0.000000e+00
     vertex  1.080000e+02 -7.190000e+01  0.000000e+00
   endloop
 endfacet
 facet normal  0.000000e+00  0.000000e+00 -1.000000e+00
   outer loop
     vertex  1.081553e+02 -7.127956e+01  0.000000e+00
     vertex  1.080000e+02 -7.190000e+01  0.000000e+00
     vertex  1.080000e+02 -7.130000e+01  0.000000e+00
   endloop
 endfacet
 facet normal  0.000000e+00  0.000000e+00 -1.000000e+00
   outer loop
     vertex  1.083000e+02 -7.121962e+01  0.000000e+00
     vertex  1.081553e+02 -7.192044e+01  0.000000e+00
     vertex  1.081553e+02 -7.127956e+01  0.000000e+00
   endloop
 endfacet
 facet normal  0.000000e+00 -0.000000e+00 -1.000000e+00
   outer loop
     vertex  1.083000e+02 -7.121962e+01  0.000000e+00
     vertex  1.083000e+02 -7.198038e+01  0.000000e+00
     vertex  1.081553e+02 -7.192044e+01  0.000000e+00
   endloop
 endfacet
 facet normal  0.000000e+00  0.000000e+00 -1.000000e+00
   outer loop
     vertex  1.083000e+02 -7.121962e+01  0.000000e+00
     vertex  1.084243e+02 -7.207574e+01  0.000000e+00
     vertex  1.083000e+02 -7.198038e+01  0.000000e+00
   endloop
 endfacet
 facet normal  0.000000e+00 -0.000000e+00 -1.000000e+00
   outer loop
     vertex  1.084243e+02 -7.112426e+01  0.000000e+00
     vertex  1.084243e+02 -7.207574e+01  0.000000e+00
     vertex  1.083000e+02 -7.121962e+01  0.000000e+00
   endloop
 endfacet
 facet normal  0.000000e+00 -0.000000e+00 -1.000000e+00
   outer loop
     vertex  1.085196e+02 -7.100000e+01  0.000000e+00
     vertex  1.085196e+02 -7.220000e+01  0.000000e+00
     vertex  1.084243e+02 -7.207574e+01  0.000000e+00
   endloop
 endfacet
 facet normal  0.000000e+00  0.000000e+00 -1.000000e+00
   outer loop
     vertex  1.085196e+02 -7.100000e+01  0.000000e+00
     vertex  1.085796e+02 -7.234471e+01  0.000000e+00
     vertex  1.085196e+02 -7.220000e+01  0.000000e+00
   endloop
 endfacet
 facet normal  0.000000e+00  0.000000e+00 -1.000000e+00
   outer loop
     vertex  1.085196e+02 -7.100000e+01  0.000000e+00
     vertex  1.084243e+02 -7.207574e+01  0.000000e+00
     vertex  1.084243e+02 -7.112426e+01  0.000000e+00
   endloop
 endfacet
 facet normal  0.000000e+00 -0.000000e+00 -1.000000e+00
   outer loop
     vertex  1.085796e+02 -7.085529e+01  0.000000e+00
     vertex  1.085796e+02 -7.234471e+01  0.000000e+00
     vertex  1.085196e+02 -7.100000e+01  0.000000e+00
   endloop
 endfacet
 facet normal  0.000000e+00  0.000000e+00 -1.000000e+00
   outer loop
     vertex  1.085796e+02 -7.085529e+01  0.000000e+00
     vertex  1.086000e+02 -7.250000e+01  0.000000e+00
     vertex  1.085796e+02 -7.234471e+01  0.000000e+00
   endloop
 endfacet
 facet normal  0.000000e+00 -0.000000e+00 -1.000000e+00
   outer loop
     vertex  1.086000e+02 -7.070000e+01  0.000000e+00
     vertex  1.086000e+02 -7.250000e+01  0.000000e+00
     vertex  1.085796e+02 -7.085529e+01  0.000000e+00
   endloop
 endfacet
 facet normal  0.000000e+00  0.000000e+00 -1.000000e+00
   outer loop
     vertex  1.075757e+02 -6.932426e+01  0.000000e+00
     vertex  1.077000e+02 -7.018038e+01  0.000000e+00
     vertex  1.075757e+02 -7.027574e+01  0.000000e+00
   endloop
 endfacet
 facet normal  0.000000e+00  0.000000e+00 -1.000000e+00
   outer loop
     vertex  1.074804e+02 -6.920000e+01  0.000000e+00
     vertex  1.075757e+02 -6.932426e+01  0.000000e+00
     vertex  1.075757e+02 -7.027574e+01  0.000000e+00
   endloop
 endfacet
 facet normal  0.000000e+00 -0.000000e+00 -1.000000e+00
   outer loop
     vertex  1.074804e+02 -6.920000e+01  0.000000e+00
     vertex  1.074804e+02 -7.040000e+01  0.000000e+00
     vertex  1.074204e+02 -7.054471e+01  0.000000e+00
   endloop
 endfacet
 facet normal  0.000000e+00  0.000000e+00 -1.000000e+00
   outer loop
     vertex  1.074804e+02 -6.920000e+01  0.000000e+00
     vertex  1.075757e+02 -7.027574e+01  0.000000e+00
     vertex  1.074804e+02 -7.040000e+01  0.000000e+00
   endloop
 endfacet
 facet normal -0.000000e+00 -0.000000e+00 -1.000000e+00
   outer loop
     vertex  1.077000e+02 -6.941962e+01  0.000000e+00
     vertex  1.077000e+02 -7.018038e+01  0.000000e+00
     vertex  1.075757e+02 -6.932426e+01  0.000000e+00
   endloop
 endfacet
 facet normal  0.000000e+00 -0.000000e+00 -1.000000e+00
   outer loop
     vertex  1.078447e+02 -6.947956e+01  0.000000e+00
     vertex  1.078447e+02 -7.012044e+01  0.000000e+00
     vertex  1.077000e+02 -7.018038e+01  0.000000e+00
   endloop
 endfacet
 facet normal -0.000000e+00  0.000000e+00 -1.000000e+00
   outer loop
     vertex  1.078447e+02 -6.947956e+01  0.000000e+00
     vertex  1.077000e+02 -7.018038e+01  0.000000e+00
     vertex  1.077000e+02 -6.941962e+01  0.000000e+00
   endloop
 endfacet
 facet normal  0.000000e+00 -0.000000e+00 -1.000000e+00
   outer loop
     vertex  1.074204e+02 -6.905529e+01  0.000000e+00
     vertex  1.074204e+02 -7.054471e+01  0.000000e+00
     vertex  1.000000e+02 -7.500000e+01  0.000000e+00
   endloop
 endfacet
 facet normal  0.000000e+00  0.000000e+00 -1.000000e+00
   outer loop
     vertex  1.074204e+02 -6.905529e+01  0.000000e+00
     vertex  1.074804e+02 -6.920000e+01  0.000000e+00
     vertex  1.074204e+02 -7.054471e+01  0.000000e+00
   endloop
 endfacet
 facet normal  0.000000e+00 -0.000000e+00 -1.000000e+00
   outer loop
     vertex  1.080000e+02 -6.950000e+01  0.000000e+00
     vertex  1.080000e+02 -7.010000e+01  0.000000e+00
     vertex  1.078447e+02 -7.012044e+01  0.000000e+00
   endloop
 endfacet
 facet normal -0.000000e+00  0.000000e+00 -1.000000e+00
   outer loop
     vertex  1.080000e+02 -6.950000e+01  0.000000e+00
     vertex  1.078447e+02 -7.012044e+01  0.000000e+00
     vertex  1.078447e+02 -6.947956e+01  0.000000e+00
   endloop
 endfacet
 facet normal  0.000000e+00 -0.000000e+00 -1.000000e+00
   outer loop
     vertex  1.074000e+02 -6.890000e+01  0.000000e+00
     vertex  1.074204e+02 -6.905529e+01  0.000000e+00
     vertex  1.000000e+02 -7.500000e+01  0.000000e+00
   endloop
 endfacet
 facet normal  0.000000e+00 -0.000000e+00 -1.000000e+00
   outer loop
     vertex  1.081553e+02 -6.947956e+01  0.000000e+00
     vertex  1.081553e+02 -7.012044e+01  0.000000e+00
     vertex  1.080000e+02 -7.010000e+01  0.000000e+00
   endloop
 endfacet
 facet normal  0.000000e+00  0.000000e+00 -1.000000e+00
   outer loop
     vertex  1.081553e+02 -6.947956e+01  0.000000e+00
     vertex  1.080000e+02 -7.010000e+01  0.000000e+00
     vertex  1.080000e+02 -6.950000e+01  0.000000e+00
   endloop
 endfacet
 facet normal  0.000000e+00  0.000000e+00 -1.000000e+00
   outer loop
     vertex  1.074204e+02 -6.874471e+01  0.000000e+00
     vertex  1.074000e+02 -6.890000e+01  0.000000e+00
     vertex  1.000000e+02 -7.500000e+01  0.000000e+00
   endloop
 endfacet
 facet normal  0.000000e+00 -0.000000e+00 -1.000000e+00
   outer loop
     vertex  1.083000e+02 -6.941962e+01  0.000000e+00
     vertex  1.083000e+02 -7.018038e+01  0.000000e+00
     vertex  1.081553e+02 -7.012044e+01  0.000000e+00
   endloop
 endfacet
 facet normal  0.000000e+00  0.000000e+00 -1.000000e+00
   outer loop
     vertex  1.083000e+02 -6.941962e+01  0.000000e+00
     vertex  1.084243e+02 -7.027574e+01  0.000000e+00
     vertex  1.083000e+02 -7.018038e+01  0.000000e+00
   endloop
 endfacet
 facet normal  0.000000e+00  0.000000e+00 -1.000000e+00
   outer loop
     vertex  1.083000e+02 -6.941962e+01  0.000000e+00
     vertex  1.081553e+02 -7.012044e+01  0.000000e+00
     vertex  1.081553e+02 -6.947956e+01  0.000000e+00
   endloop
 endfacet
 facet normal  0.000000e+00  0.000000e+00 -1.000000e+00
   outer loop
     vertex  1.074804e+02 -6.860000e+01  0.000000e+00
     vertex  1.074204e+02 -6.874471e+01  0.000000e+00
     vertex  1.000000e+02 -7.500000e+01  0.000000e+00
   endloop
 endfacet
 facet normal  0.000000e+00  0.000000e+00 -1.000000e+00
   outer loop
     vertex  1.084243e+02 -6.932426e+01  0.000000e+00
     vertex  1.085196e+02 -7.040000e+01  0.000000e+00
     vertex  1.084243e+02 -7.027574e+01  0.000000e+00
   endloop
 endfacet
 facet normal  0.000000e+00 -0.000000e+00 -1.000000e+00
   outer loop
     vertex  1.084243e+02 -6.932426e+01  0.000000e+00
     vertex  1.084243e+02 -7.027574e+01  0.000000e+00
     vertex  1.083000e+02 -6.941962e+01  0.000000e+00
   endloop
 endfacet
 facet normal  0.000000e+00  0.000000e+00 -1.000000e+00
   outer loop
     vertex  1.085196e+02 -6.920000e+01  0.000000e+00
     vertex  1.085796e+02 -7.054471e+01  0.000000e+00
     vertex  1.085196e+02 -7.040000e+01  0.000000e+00
   endloop
 endfacet
 facet normal  0.000000e+00 -0.000000e+00 -1.000000e+00
   outer loop
     vertex  1.085196e+02 -6.920000e+01  0.000000e+00
     vertex  1.085196e+02 -7.040000e+01  0.000000e+00
     vertex  1.084243e+02 -6.932426e+01  0.000000e+00
   endloop
 endfacet
 facet normal  0.000000e+00 -0.000000e+00 -1.000000e+00
   outer loop
     vertex  1.085796e+02 -6.905529e+01  0.000000e+00
     vertex  1.085796e+02 -7.054471e+01  0.000000e+00
     vertex  1.085196e+02 -6.920000e+01  0.000000e+00
   endloop
 endfacet
 facet normal  0.000000e+00  0.000000e+00 -1.000000e+00
   outer loop
     vertex  1.085796e+02 -6.905529e+01  0.000000e+00
     vertex  1.086000e+02 -7.070000e+01  0.000000e+00
     vertex  1.085796e+02 -7.054471e+01  0.000000e+00
   endloop
 endfacet
 facet normal  0.000000e+00 -0.000000e+00 -1.000000e+00
   outer loop
     vertex  1.086000e+02 -6.890000e+01  0.000000e+00
     vertex  1.086000e+02 -7.070000e+01  0.000000e+00
     vertex  1.085796e+02 -6.905529e+01  0.000000e+00
   endloop
 endfacet
 facet normal  0.000000e+00  0.000000e+00 -1.000000e+00
   outer loop
     vertex  1.000000e+02 -5.000000e+01  0.000000e+00
     vertex  1.074804e+02 -6.860000e+01  0.000000e+00
     vertex  1.000000e+02 -7.500000e+01  0.000000e+00
   endloop
 endfacet
 facet normal  0.000000e+00  0.000000e+00 -1.000000e+00
   outer loop
     vertex  1.075757e+02 -5.642426e+01  0.000000e+00
     vertex  1.077000e+02 -6.838038e+01  0.000000e+00
     vertex  1.075757e+02 -6.847574e+01  0.000000e+00
   endloop
 endfacet
 facet normal -0.000000e+00 -0.000000e+00 -1.000000e+00
   outer loop
     vertex  1.077000e+02 -5.651962e+01  0.000000e+00
     vertex  1.077000e+02 -6.838038e+01  0.000000e+00
     vertex  1.075757e+02 -5.642426e+01  0.000000e+00
   endloop
 endfacet
 facet normal  0.000000e+00  0.000000e+00 -1.000000e+00
   outer loop
     vertex  1.074804e+02 -5.630000e+01  0.000000e+00
     vertex  1.075757e+02 -6.847574e+01  0.000000e+00
     vertex  1.074804e+02 -6.860000e+01  0.000000e+00
   endloop
 endfacet
 facet normal  0.000000e+00  0.000000e+00 -1.000000e+00
   outer loop
     vertex  1.074804e+02 -5.630000e+01  0.000000e+00
     vertex  1.075757e+02 -5.642426e+01  0.000000e+00
     vertex  1.075757e+02 -6.847574e+01  0.000000e+00
   endloop
 endfacet
 facet normal -0.000000e+00 -0.000000e+00 -1.000000e+00
   outer loop
     vertex  1.074804e+02 -5.630000e+01  0.000000e+00
     vertex  1.074804e+02 -6.860000e+01  0.000000e+00
     vertex  1.000000e+02 -5.000000e+01  0.000000e+00
   endloop
 endfacet
 facet normal  0.000000e+00 -0.000000e+00 -1.000000e+00
   outer loop
     vertex  1.078447e+02 -5.657956e+01  0.000000e+00
     vertex  1.078447e+02 -6.832044e+01  0.000000e+00
     vertex  1.077000e+02 -6.838038e+01  0.000000e+00
   endloop
 endfacet
 facet normal  0.000000e+00  0.000000e+00 -1.000000e+00
   outer loop
     vertex  1.078447e+02 -5.657956e+01  0.000000e+00
     vertex  1.080000e+02 -6.830000e+01  0.000000e+00
     vertex  1.078447e+02 -6.832044e+01  0.000000e+00
   endloop
 endfacet
 facet normal -0.000000e+00  0.000000e+00 -1.000000e+00
   outer loop
     vertex  1.078447e+02 -5.657956e+01  0.000000e+00
     vertex  1.077000e+02 -6.838038e+01  0.000000e+00
     vertex  1.077000e+02 -5.651962e+01  0.000000e+00
   endloop
 endfacet
 facet normal -0.000000e+00 -0.000000e+00 -1.000000e+00
   outer loop
     vertex  1.074204e+02 -5.615529e+01  0.000000e+00
     vertex  1.074804e+02 -5.630000e+01  0.000000e+00
     vertex  1.000000e+02 -5.000000e+01  0.000000e+00
   endloop
 endfacet
 facet normal  0.000000e+00  0.000000e+00 -1.000000e+00
   outer loop
     vertex  1.080000e+02 -5.660000e+01  0.000000e+00
     vertex  1.081553e+02 -6.832044e+01  0.000000e+00
     vertex  1.080000e+02 -6.830000e+01  0.000000e+00
   endloop
 endfacet
 facet normal -0.000000e+00 -0.000000e+00 -1.000000e+00
   outer loop
     vertex  1.080000e+02 -5.660000e+01  0.000000e+00
     vertex  1.080000e+02 -6.830000e+01  0.000000e+00
     vertex  1.078447e+02 -5.657956e+01  0.000000e+00
   endloop
 endfacet
 facet normal -0.000000e+00 -0.000000e+00 -1.000000e+00
   outer loop
     vertex  1.074000e+02 -5.600000e+01  0.000000e+00
     vertex  1.074204e+02 -5.615529e+01  0.000000e+00
     vertex  1.000000e+02 -5.000000e+01  0.000000e+00
   endloop
 endfacet
 facet normal -0.000000e+00  0.000000e+00 -1.000000e+00
   outer loop
     vertex  1.074204e+02 -5.584471e+01  0.000000e+00
     vertex  1.074000e+02 -5.600000e+01  0.000000e+00
     vertex  1.000000e+02 -5.000000e+01  0.000000e+00
   endloop
 endfacet
 facet normal  0.000000e+00  0.000000e+00 -1.000000e+00
   outer loop
     vertex  1.081553e+02 -5.657956e+01  0.000000e+00
     vertex  1.083000e+02 -6.838038e+01  0.000000e+00
     vertex  1.081553e+02 -6.832044e+01  0.000000e+00
   endloop
 endfacet
 facet normal  0.000000e+00 -0.000000e+00 -1.000000e+00
   outer loop
     vertex  1.081553e+02 -5.657956e+01  0.000000e+00
     vertex  1.081553e+02 -6.832044e+01  0.000000e+00
     vertex  1.080000e+02 -5.660000e+01  0.000000e+00
   endloop
 endfacet
 facet normal  0.000000e+00 -0.000000e+00 -1.000000e+00
   outer loop
     vertex  1.083000e+02 -5.651962e+01  0.000000e+00
     vertex  1.083000e+02 -6.838038e+01  0.000000e+00
     vertex  1.081553e+02 -5.657956e+01  0.000000e+00
   endloop
 endfacet
 facet normal  0.000000e+00  0.000000e+00 -1.000000e+00
   outer loop
     vertex  1.074804e+02 -5.450000e+01  0.000000e+00
     vertex  1.075757e+02 -5.462426e+01  0.000000e+00
     vertex  1.075757e+02 -5.557574e+01  0.000000e+00
   endloop
 endfacet
 facet normal  0.000000e+00 -0.000000e+00 -1.000000e+00
   outer loop
     vertex  1.074804e+02 -5.450000e+01  0.000000e+00
     vertex  1.074804e+02 -5.570000e+01  0.000000e+00
     vertex  1.074204e+02 -5.584471e+01  0.000000e+00
   endloop
 endfacet
 facet normal  0.000000e+00  0.000000e+00 -1.000000e+00
   outer loop
     vertex  1.074804e+02 -5.450000e+01  0.000000e+00
     vertex  1.075757e+02 -5.557574e+01  0.000000e+00
     vertex  1.074804e+02 -5.570000e+01  0.000000e+00
   endloop
 endfacet
 facet normal -0.000000e+00  0.000000e+00 -1.000000e+00
   outer loop
     vertex  1.077000e+02 -5.471962e+01  0.000000e+00
     vertex  1.075757e+02 -5.557574e+01  0.000000e+00
     vertex  1.075757e+02 -5.462426e+01  0.000000e+00
   endloop
 endfacet
 facet normal  0.000000e+00 -0.000000e+00 -1.000000e+00
   outer loop
     vertex  1.077000e+02 -5.471962e+01  0.000000e+00
     vertex  1.077000e+02 -5.548038e+01  0.000000e+00
     vertex  1.075757e+02 -5.557574e+01  0.000000e+00
   endloop
 endfacet
 facet normal -0.000000e+00  0.000000e+00 -1.000000e+00
   outer loop
     vertex  1.078447e+02 -5.477956e+01  0.000000e+00
     vertex  1.077000e+02 -5.548038e+01  0.000000e+00
     vertex  1.077000e+02 -5.471962e+01  0.000000e+00
   endloop
 endfacet
 facet normal  0.000000e+00 -0.000000e+00 -1.000000e+00
   outer loop
     vertex  1.078447e+02 -5.477956e+01  0.000000e+00
     vertex  1.078447e+02 -5.542044e+01  0.000000e+00
     vertex  1.077000e+02 -5.548038e+01  0.000000e+00
   endloop
 endfacet
 facet normal  0.000000e+00  0.000000e+00 -1.000000e+00
   outer loop
     vertex  1.078447e+02 -5.477956e+01  0.000000e+00
     vertex  1.080000e+02 -5.540000e+01  0.000000e+00
     vertex  1.078447e+02 -5.542044e+01  0.000000e+00
   endloop
 endfacet
 facet normal -0.000000e+00 -0.000000e+00 -1.000000e+00
   outer loop
     vertex  1.074204e+02 -5.435529e+01  0.000000e+00
     vertex  1.074204e+02 -5.584471e+01  0.000000e+00
     vertex  1.000000e+02 -5.000000e+01  0.000000e+00
   endloop
 endfacet
 facet normal  0.000000e+00  0.000000e+00 -1.000000e+00
   outer loop
     vertex  1.074204e+02 -5.435529e+01  0.000000e+00
     vertex  1.074804e+02 -5.450000e+01  0.000000e+00
     vertex  1.074204e+02 -5.584471e+01  0.000000e+00
   endloop
 endfacet
 facet normal -0.000000e+00 -0.000000e+00 -1.000000e+00
   outer loop
     vertex  1.080000e+02 -5.480000e+01  0.000000e+00
     vertex  1.080000e+02 -5.540000e+01  0.000000e+00
     vertex  1.078447e+02 -5.477956e+01  0.000000e+00
   endloop
 endfacet
 facet normal -0.000000e+00 -0.000000e+00 -1.000000e+00
   outer loop
     vertex  1.074000e+02 -5.420000e+01  0.000000e+00
     vertex  1.074204e+02 -5.435529e+01  0.000000e+00
     vertex  1.000000e+02 -5.000000e+01  0.000000e+00
   endloop
 endfacet
 facet normal  0.000000e+00  0.000000e+00 -1.000000e+00
   outer loop
     vertex  1.081553e+02 -5.477956e+01  0.000000e+00
     vertex  1.080000e+02 -5.540000e+01  0.000000e+00
     vertex  1.080000e+02 -5.480000e+01  0.000000e+00
   endloop
 endfacet
 facet normal  0.000000e+00 -0.000000e+00 -1.000000e+00
   outer loop
     vertex  1.081553e+02 -5.477956e+01  0.000000e+00
     vertex  1.081553e+02 -5.542044e+01  0.000000e+00
     vertex  1.080000e+02 -5.540000e+01  0.000000e+00
   endloop
 endfacet
 facet normal  0.000000e+00  0.000000e+00 -1.000000e+00
   outer loop
     vertex  1.081553e+02 -5.477956e+01  0.000000e+00
     vertex  1.083000e+02 -5.548038e+01  0.000000e+00
     vertex  1.081553e+02 -5.542044e+01  0.000000e+00
   endloop
 endfacet
 facet normal -0.000000e+00  0.000000e+00 -1.000000e+00
   outer loop
     vertex  1.074204e+02 -5.404471e+01  0.000000e+00
     vertex  1.074000e+02 -5.420000e+01  0.000000e+00
     vertex  1.000000e+02 -5.000000e+01  0.000000e+00
   endloop
 endfacet
 facet normal  0.000000e+00 -0.000000e+00 -1.000000e+00
   outer loop
     vertex  1.083000e+02 -5.471962e+01  0.000000e+00
     vertex  1.083000e+02 -5.548038e+01  0.000000e+00
     vertex  1.081553e+02 -5.477956e+01  0.000000e+00
   endloop
 endfacet
 facet normal  0.000000e+00  0.000000e+00 -1.000000e+00
   outer loop
     vertex  1.083000e+02 -5.471962e+01  0.000000e+00
     vertex  1.084243e+02 -5.557574e+01  0.000000e+00
     vertex  1.083000e+02 -5.548038e+01  0.000000e+00
   endloop
 endfacet
 facet normal  0.000000e+00 -0.000000e+00 -1.000000e+00
   outer loop
     vertex  1.084243e+02 -5.462426e+01  0.000000e+00
     vertex  1.084243e+02 -5.557574e+01  0.000000e+00
     vertex  1.083000e+02 -5.471962e+01  0.000000e+00
   endloop
 endfacet
 facet normal  0.000000e+00  0.000000e+00 -1.000000e+00
   outer loop
     vertex  1.085196e+02 -5.450000e+01  0.000000e+00
     vertex  1.084243e+02 -5.557574e+01  0.000000e+00
     vertex  1.084243e+02 -5.462426e+01  0.000000e+00
   endloop
 endfacet
 facet normal  0.000000e+00 -0.000000e+00 -1.000000e+00
   outer loop
     vertex  1.085196e+02 -5.450000e+01  0.000000e+00
     vertex  1.085196e+02 -5.570000e+01  0.000000e+00
     vertex  1.084243e+02 -5.557574e+01  0.000000e+00
   endloop
 endfacet
 facet normal  0.000000e+00  0.000000e+00 -1.000000e+00
   outer loop
     vertex  1.085196e+02 -5.450000e+01  0.000000e+00
     vertex  1.085796e+02 -5.584471e+01  0.000000e+00
     vertex  1.085196e+02 -5.570000e+01  0.000000e+00
   endloop
 endfacet
 facet normal  0.000000e+00 -0.000000e+00 -1.000000e+00
   outer loop
     vertex  1.085796e+02 -5.435529e+01  0.000000e+00
     vertex  1.085796e+02 -5.584471e+01  0.000000e+00
     vertex  1.085196e+02 -5.450000e+01  0.000000e+00
   endloop
 endfacet
 facet normal  0.000000e+00  0.000000e+00 -1.000000e+00
   outer loop
     vertex  1.085796e+02 -5.435529e+01  0.000000e+00
     vertex  1.086000e+02 -5.600000e+01  0.000000e+00
     vertex  1.085796e+02 -5.584471e+01  0.000000e+00
   endloop
 endfacet
 facet normal  0.000000e+00 -0.000000e+00 -1.000000e+00
   outer loop
     vertex  1.086000e+02 -5.420000e+01  0.000000e+00
     vertex  1.086000e+02 -5.600000e+01  0.000000e+00
     vertex  1.085796e+02 -5.435529e+01  0.000000e+00
   endloop
 endfacet
 facet normal  0.000000e+00 -0.000000e+00 -1.000000e+00
   outer loop
     vertex  1.075757e+02 -5.282426e+01  0.000000e+00
     vertex  1.075757e+02 -5.377574e+01  0.000000e+00
     vertex  1.074804e+02 -5.390000e+01  0.000000e+00
   endloop
 endfacet
 facet normal  0.000000e+00  0.000000e+00 -1.000000e+00
   outer loop
     vertex  1.075757e+02 -5.282426e+01  0.000000e+00
     vertex  1.077000e+02 -5.368038e+01  0.000000e+00
     vertex  1.075757e+02 -5.377574e+01  0.000000e+00
   endloop
 endfacet
 facet normal -0.000000e+00 -0.000000e+00 -1.000000e+00
   outer loop
     vertex  1.077000e+02 -5.291962e+01  0.000000e+00
     vertex  1.077000e+02 -5.368038e+01  0.000000e+00
     vertex  1.075757e+02 -5.282426e+01  0.000000e+00
   endloop
 endfacet
 facet normal  0.000000e+00  0.000000e+00 -1.000000e+00
   outer loop
     vertex  1.074804e+02 -5.270000e+01  0.000000e+00
     vertex  1.075757e+02 -5.282426e+01  0.000000e+00
     vertex  1.074804e+02 -5.390000e+01  0.000000e+00
   endloop
 endfacet
 facet normal  0.000000e+00 -0.000000e+00 -1.000000e+00
   outer loop
     vertex  1.074804e+02 -5.270000e+01  0.000000e+00
     vertex  1.074804e+02 -5.390000e+01  0.000000e+00
     vertex  1.074204e+02 -5.404471e+01  0.000000e+00
   endloop
 endfacet
 facet normal -0.000000e+00  0.000000e+00 -1.000000e+00
   outer loop
     vertex  1.078447e+02 -5.297956e+01  0.000000e+00
     vertex  1.077000e+02 -5.368038e+01  0.000000e+00
     vertex  1.077000e+02 -5.291962e+01  0.000000e+00
   endloop
 endfacet
 facet normal  0.000000e+00 -0.000000e+00 -1.000000e+00
   outer loop
     vertex  1.078447e+02 -5.297956e+01  0.000000e+00
     vertex  1.078447e+02 -5.362044e+01  0.000000e+00
     vertex  1.077000e+02 -5.368038e+01  0.000000e+00
   endloop
 endfacet
 facet normal  0.000000e+00  0.000000e+00 -1.000000e+00
   outer loop
     vertex  1.078447e+02 -5.297956e+01  0.000000e+00
     vertex  1.080000e+02 -5.360000e+01  0.000000e+00
     vertex  1.078447e+02 -5.362044e+01  0.000000e+00
   endloop
 endfacet
 facet normal -0.000000e+00 -0.000000e+00 -1.000000e+00
   outer loop
     vertex  1.074204e+02 -5.255529e+01  0.000000e+00
     vertex  1.074204e+02 -5.404471e+01  0.000000e+00
     vertex  1.000000e+02 -5.000000e+01  0.000000e+00
   endloop
 endfacet
 facet normal  0.000000e+00  0.000000e+00 -1.000000e+00
   outer loop
     vertex  1.074204e+02 -5.255529e+01  0.000000e+00
     vertex  1.074804e+02 -5.270000e+01  0.000000e+00
     vertex  1.074204e+02 -5.404471e+01  0.000000e+00
   endloop
 endfacet
 facet normal -0.000000e+00 -0.000000e+00 -1.000000e+00
   outer loop
     vertex  1.074000e+02 -5.240000e+01  0.000000e+00
     vertex  1.074204e+02 -5.255529e+01  0.000000e+00
     vertex  1.000000e+02 -5.000000e+01  0.000000e+00
   endloop
 endfacet
 facet normal -0.000000e+00 -0.000000e+00 -1.000000e+00
   outer loop
     vertex  1.080000e+02 -5.300000e+01  0.000000e+00
     vertex  1.080000e+02 -5.360000e+01  0.000000e+00
     vertex  1.078447e+02 -5.297956e+01  0.000000e+00
   endloop
 endfacet
 facet normal  0.000000e+00 -0.000000e+00 -1.000000e+00
   outer loop
     vertex  1.081553e+02 -5.297956e+01  0.000000e+00
     vertex  1.081553e+02 -5.362044e+01  0.000000e+00
     vertex  1.080000e+02 -5.360000e+01  0.000000e+00
   endloop
 endfacet
 facet normal  0.000000e+00  0.000000e+00 -1.000000e+00
   outer loop
     vertex  1.081553e+02 -5.297956e+01  0.000000e+00
     vertex  1.080000e+02 -5.360000e+01  0.000000e+00
     vertex  1.080000e+02 -5.300000e+01  0.000000e+00
   endloop
 endfacet
 facet normal -0.000000e+00  0.000000e+00 -1.000000e+00
   outer loop
     vertex  1.074204e+02 -5.224471e+01  0.000000e+00
     vertex  1.074000e+02 -5.240000e+01  0.000000e+00
     vertex  1.000000e+02 -5.000000e+01  0.000000e+00
   endloop
 endfacet
 facet normal  0.000000e+00  0.000000e+00 -1.000000e+00
   outer loop
     vertex  1.083000e+02 -5.291962e+01  0.000000e+00
     vertex  1.081553e+02 -5.362044e+01  0.000000e+00
     vertex  1.081553e+02 -5.297956e+01  0.000000e+00
   endloop
 endfacet
 facet normal  0.000000e+00 -0.000000e+00 -1.000000e+00
   outer loop
     vertex  1.083000e+02 -5.291962e+01  0.000000e+00
     vertex  1.083000e+02 -5.368038e+01  0.000000e+00
     vertex  1.081553e+02 -5.362044e+01  0.000000e+00
   endloop
 endfacet
 facet normal -0.000000e+00  0.000000e+00 -1.000000e+00
   outer loop
     vertex  1.074804e+02 -5.210000e+01  0.000000e+00
     vertex  1.074204e+02 -5.224471e+01  0.000000e+00
     vertex  1.000000e+02 -5.000000e+01  0.000000e+00
   endloop
 endfacet
 facet normal  0.000000e+00  0.000000e+00 -1.000000e+00
   outer loop
     vertex  1.084243e+02 -5.282426e+01  0.000000e+00
     vertex  1.083000e+02 -5.368038e+01  0.000000e+00
     vertex  1.083000e+02 -5.291962e+01  0.000000e+00
   endloop
 endfacet
 facet normal  0.000000e+00 -0.000000e+00 -1.000000e+00
   outer loop
     vertex  1.084243e+02 -5.282426e+01  0.000000e+00
     vertex  1.084243e+02 -5.377574e+01  0.000000e+00
     vertex  1.083000e+02 -5.368038e+01  0.000000e+00
   endloop
 endfacet
 facet normal -0.000000e+00  0.000000e+00 -1.000000e+00
   outer loop
     vertex  1.075757e+02 -5.197574e+01  0.000000e+00
     vertex  1.074804e+02 -5.210000e+01  0.000000e+00
     vertex  1.000000e+02 -5.000000e+01  0.000000e+00
   endloop
 endfacet
 facet normal  0.000000e+00 -0.000000e+00 -1.000000e+00
   outer loop
     vertex  1.085196e+02 -5.270000e+01  0.000000e+00
     vertex  1.085196e+02 -5.390000e+01  0.000000e+00
     vertex  1.084243e+02 -5.377574e+01  0.000000e+00
   endloop
 endfacet
 facet normal  0.000000e+00  0.000000e+00 -1.000000e+00
   outer loop
     vertex  1.085196e+02 -5.270000e+01  0.000000e+00
     vertex  1.085796e+02 -5.404471e+01  0.000000e+00
     vertex  1.085196e+02 -5.390000e+01  0.000000e+00
   endloop
 endfacet
 facet normal  0.000000e+00  0.000000e+00 -1.000000e+00
   outer loop
     vertex  1.085196e+02 -5.270000e+01  0.000000e+00
     vertex  1.084243e+02 -5.377574e+01  0.000000e+00
     vertex  1.084243e+02 -5.282426e+01  0.000000e+00
   endloop
 endfacet
 facet normal -0.000000e+00  0.000000e+00 -1.000000e+00
   outer loop
     vertex  1.077000e+02 -5.188038e+01  0.000000e+00
     vertex  1.075757e+02 -5.197574e+01  0.000000e+00
     vertex  1.000000e+02 -5.000000e+01  0.000000e+00
   endloop
 endfacet
 facet normal -0.000000e+00  0.000000e+00 -1.000000e+00
   outer loop
     vertex  1.078447e+02 -5.182044e+01  0.000000e+00
     vertex  1.077000e+02 -5.188038e+01  0.000000e+00
     vertex  1.000000e+02 -5.000000e+01  0.000000e+00
   endloop
 endfacet
 facet normal  0.000000e+00  0.000000e+00 -1.000000e+00
   outer loop
     vertex  1.085796e+02 -5.255529e+01  0.000000e+00
     vertex  1.086000e+02 -5.420000e+01  0.000000e+00
     vertex  1.085796e+02 -5.404471e+01  0.000000e+00
   endloop
 endfacet
 facet normal  0.000000e+00 -0.000000e+00 -1.000000e+00
   outer loop
     vertex  1.085796e+02 -5.255529e+01  0.000000e+00
     vertex  1.085796e+02 -5.404471e+01  0.000000e+00
     vertex  1.085196e+02 -5.270000e+01  0.000000e+00
   endloop
 endfacet
 facet normal  0.000000e+00 -0.000000e+00 -1.000000e+00
   outer loop
     vertex  1.086000e+02 -5.240000e+01  0.000000e+00
     vertex  1.086000e+02 -5.420000e+01  0.000000e+00
     vertex  1.085796e+02 -5.255529e+01  0.000000e+00
   endloop
 endfacet
 facet normal -0.000000e+00  0.000000e+00 -1.000000e+00
   outer loop
     vertex  1.080000e+02 -5.180000e+01  0.000000e+00
     vertex  1.078447e+02 -5.182044e+01  0.000000e+00
     vertex  1.000000e+02 -5.000000e+01  0.000000e+00
   endloop
 endfacet
 facet normal  0.000000e+00  0.000000e+00 -1.000000e+00
   outer loop
     vertex  1.081553e+02 -5.182044e+01  0.000000e+00
     vertex  1.080000e+02 -5.180000e+01  0.000000e+00
     vertex  1.000000e+02 -5.000000e+01  0.000000e+00
   endloop
 endfacet
 facet normal  0.000000e+00  0.000000e+00 -1.000000e+00
   outer loop
     vertex  1.208686e+02 -6.363137e+01  0.000000e+00
     vertex  1.086000e+02 -6.890000e+01  0.000000e+00
     vertex  1.085796e+02 -6.874471e+01  0.000000e+00
   endloop
 endfacet
 facet normal  0.000000e+00  0.000000e+00 -1.000000e+00
   outer loop
     vertex  1.208686e+02 -6.363137e+01  0.000000e+00
     vertex  1.086000e+02 -7.070000e+01  0.000000e+00
     vertex  1.086000e+02 -6.890000e+01  0.000000e+00
   endloop
 endfacet
 facet normal  0.000000e+00  0.000000e+00 -1.000000e+00
   outer loop
     vertex  1.206144e+02 -6.330000e+01  0.000000e+00
     vertex  1.085796e+02 -6.874471e+01  0.000000e+00
     vertex  1.085196e+02 -6.860000e+01  0.000000e+00
   endloop
 endfacet
 facet normal  0.000000e+00 -0.000000e+00 -1.000000e+00
   outer loop
     vertex  1.206144e+02 -6.330000e+01  0.000000e+00
     vertex  1.208686e+02 -6.363137e+01  0.000000e+00
     vertex  1.085796e+02 -6.874471e+01  0.000000e+00
   endloop
 endfacet
 facet normal -0.000000e+00  0.000000e+00 -1.000000e+00
   outer loop
     vertex  1.212000e+02 -6.388564e+01  0.000000e+00
     vertex  1.086000e+02 -7.070000e+01  0.000000e+00
     vertex  1.208686e+02 -6.363137e+01  0.000000e+00
   endloop
 endfacet
 facet normal  0.000000e+00  0.000000e+00 -1.000000e+00
   outer loop
     vertex  1.212000e+02 -6.388564e+01  0.000000e+00
     vertex  1.086000e+02 -7.250000e+01  0.000000e+00
     vertex  1.086000e+02 -7.070000e+01  0.000000e+00
   endloop
 endfacet
 facet normal  0.000000e+00  0.000000e+00 -1.000000e+00
   outer loop
     vertex  1.204545e+02 -6.291411e+01  0.000000e+00
     vertex  1.085196e+02 -6.860000e+01  0.000000e+00
     vertex  1.084243e+02 -6.847574e+01  0.000000e+00
   endloop
 endfacet
 facet normal  0.000000e+00 -0.000000e+00 -1.000000e+00
   outer loop
     vertex  1.204545e+02 -6.291411e+01  0.000000e+00
     vertex  1.206144e+02 -6.330000e+01  0.000000e+00
     vertex  1.085196e+02 -6.860000e+01  0.000000e+00
   endloop
 endfacet
 facet normal -0.000000e+00  0.000000e+00 -1.000000e+00
   outer loop
     vertex  1.215859e+02 -6.404548e+01  0.000000e+00
     vertex  1.086000e+02 -7.250000e+01  0.000000e+00
     vertex  1.212000e+02 -6.388564e+01  0.000000e+00
   endloop
 endfacet
 facet normal  0.000000e+00  0.000000e+00 -1.000000e+00
   outer loop
     vertex  1.215859e+02 -6.404548e+01  0.000000e+00
     vertex  1.085796e+02 -7.265529e+01  0.000000e+00
     vertex  1.086000e+02 -7.250000e+01  0.000000e+00
   endloop
 endfacet
 facet normal  0.000000e+00 -0.000000e+00 -1.000000e+00
   outer loop
     vertex  1.204000e+02 -6.250000e+01  0.000000e+00
     vertex  1.204545e+02 -6.291411e+01  0.000000e+00
     vertex  1.084243e+02 -6.847574e+01  0.000000e+00
   endloop
 endfacet
 facet normal  0.000000e+00  0.000000e+00 -1.000000e+00
   outer loop
     vertex  1.204000e+02 -6.250000e+01  0.000000e+00
     vertex  1.084243e+02 -6.847574e+01  0.000000e+00
     vertex  1.083000e+02 -6.838038e+01  0.000000e+00
   endloop
 endfacet
 facet normal  0.000000e+00  0.000000e+00 -1.000000e+00
   outer loop
     vertex  1.204000e+02 -6.250000e+01  0.000000e+00
     vertex  1.083000e+02 -5.651962e+01  0.000000e+00
     vertex  1.084243e+02 -5.642426e+01  0.000000e+00
   endloop
 endfacet
 facet normal -0.000000e+00  0.000000e+00 -1.000000e+00
   outer loop
     vertex  1.204000e+02 -6.250000e+01  0.000000e+00
     vertex  1.083000e+02 -6.838038e+01  0.000000e+00
     vertex  1.083000e+02 -5.651962e+01  0.000000e+00
   endloop
 endfacet
 facet normal  0.000000e+00  0.000000e+00 -1.000000e+00
   outer loop
     vertex  1.220000e+02 -6.410000e+01  0.000000e+00
     vertex  1.085196e+02 -7.280000e+01  0.000000e+00
     vertex  1.085796e+02 -7.265529e+01  0.000000e+00
   endloop
 endfacet
 facet normal -0.000000e+00  0.000000e+00 -1.000000e+00
   outer loop
     vertex  1.220000e+02 -6.410000e+01  0.000000e+00
     vertex  1.085796e+02 -7.265529e+01  0.000000e+00
     vertex  1.215859e+02 -6.404548e+01  0.000000e+00
   endloop
 endfacet
 facet normal -0.000000e+00  0.000000e+00 -1.000000e+00
   outer loop
     vertex  1.204545e+02 -6.208589e+01  0.000000e+00
     vertex  1.204000e+02 -6.250000e+01  0.000000e+00
     vertex  1.084243e+02 -5.642426e+01  0.000000e+00
   endloop
 endfacet
 facet normal  0.000000e+00  0.000000e+00 -1.000000e+00
   outer loop
     vertex  1.204545e+02 -6.208589e+01  0.000000e+00
     vertex  1.084243e+02 -5.642426e+01  0.000000e+00
     vertex  1.085196e+02 -5.630000e+01  0.000000e+00
   endloop
 endfacet
 facet normal -0.000000e+00  0.000000e+00 -1.000000e+00
   outer loop
     vertex  1.206144e+02 -6.170000e+01  0.000000e+00
     vertex  1.204545e+02 -6.208589e+01  0.000000e+00
     vertex  1.085196e+02 -5.630000e+01  0.000000e+00
   endloop
 endfacet
 facet normal  0.000000e+00  0.000000e+00 -1.000000e+00
   outer loop
     vertex  1.206144e+02 -6.170000e+01  0.000000e+00
     vertex  1.085196e+02 -5.630000e+01  0.000000e+00
     vertex  1.085796e+02 -5.615529e+01  0.000000e+00
   endloop
 endfacet
 facet normal  0.000000e+00  0.000000e+00 -1.000000e+00
   outer loop
     vertex  1.208686e+02 -6.136863e+01  0.000000e+00
     vertex  1.086000e+02 -5.600000e+01  0.000000e+00
     vertex  1.086000e+02 -5.420000e+01  0.000000e+00
   endloop
 endfacet
 facet normal -0.000000e+00  0.000000e+00 -1.000000e+00
   outer loop
     vertex  1.208686e+02 -6.136863e+01  0.000000e+00
     vertex  1.206144e+02 -6.170000e+01  0.000000e+00
     vertex  1.085796e+02 -5.615529e+01  0.000000e+00
   endloop
 endfacet
 facet normal  0.000000e+00  0.000000e+00 -1.000000e+00
   outer loop
     vertex  1.208686e+02 -6.136863e+01  0.000000e+00
     vertex  1.085796e+02 -5.615529e+01  0.000000e+00
     vertex  1.086000e+02 -5.600000e+01  0.000000e+00
   endloop
 endfacet
 facet normal -0.000000e+00  0.000000e+00 -1.000000e+00
   outer loop
     vertex  1.212000e+02 -6.111436e+01  0.000000e+00
     vertex  1.208686e+02 -6.136863e+01  0.000000e+00
     vertex  1.086000e+02 -5.420000e+01  0.000000e+00
   endloop
 endfacet
 facet normal  0.000000e+00  0.000000e+00 -1.000000e+00
   outer loop
     vertex  1.212000e+02 -6.111436e+01  0.000000e+00
     vertex  1.086000e+02 -5.420000e+01  0.000000e+00
     vertex  1.086000e+02 -5.240000e+01  0.000000e+00
   endloop
 endfacet
 facet normal  0.000000e+00  0.000000e+00 -1.000000e+00
   outer loop
     vertex  1.215859e+02 -6.095452e+01  0.000000e+00
     vertex  1.086000e+02 -5.240000e+01  0.000000e+00
     vertex  1.085796e+02 -5.224471e+01  0.000000e+00
   endloop
 endfacet
 facet normal -0.000000e+00  0.000000e+00 -1.000000e+00
   outer loop
     vertex  1.215859e+02 -6.095452e+01  0.000000e+00
     vertex  1.212000e+02 -6.111436e+01  0.000000e+00
     vertex  1.086000e+02 -5.240000e+01  0.000000e+00
   endloop
 endfacet
 facet normal  0.000000e+00  0.000000e+00 -1.000000e+00
   outer loop
     vertex  1.220000e+02 -6.090000e+01  0.000000e+00
     vertex  1.085796e+02 -5.224471e+01  0.000000e+00
     vertex  1.085196e+02 -5.210000e+01  0.000000e+00
   endloop
 endfacet
 facet normal -0.000000e+00  0.000000e+00 -1.000000e+00
   outer loop
     vertex  1.220000e+02 -6.090000e+01  0.000000e+00
     vertex  1.215859e+02 -6.095452e+01  0.000000e+00
     vertex  1.085796e+02 -5.224471e+01  0.000000e+00
   endloop
 endfacet
 facet normal -0.000000e+00  0.000000e+00 -1.000000e+00
   outer loop
     vertex  1.355757e+02 -7.292426e+01  0.000000e+00
     vertex  1.083000e+02 -7.301962e+01  0.000000e+00
     vertex  1.084243e+02 -7.292426e+01  0.000000e+00
   endloop
 endfacet
 facet normal  0.000000e+00  0.000000e+00 -1.000000e+00
   outer loop
     vertex  1.357000e+02 -7.301962e+01  0.000000e+00
     vertex  1.081553e+02 -7.307956e+01  0.000000e+00
     vertex  1.083000e+02 -7.301962e+01  0.000000e+00
   endloop
 endfacet
 facet normal -0.000000e+00  0.000000e+00 -1.000000e+00
   outer loop
     vertex  1.357000e+02 -7.301962e+01  0.000000e+00
     vertex  1.083000e+02 -7.301962e+01  0.000000e+00
     vertex  1.355757e+02 -7.292426e+01  0.000000e+00
   endloop
 endfacet
 facet normal  0.000000e+00  0.000000e+00 -1.000000e+00
   outer loop
     vertex  1.354804e+02 -7.280000e+01  0.000000e+00
     vertex  1.084243e+02 -7.292426e+01  0.000000e+00
     vertex  1.085196e+02 -7.280000e+01  0.000000e+00
   endloop
 endfacet
 facet normal  0.000000e+00 -0.000000e+00 -1.000000e+00
   outer loop
     vertex  1.354804e+02 -7.280000e+01  0.000000e+00
     vertex  1.355757e+02 -7.292426e+01  0.000000e+00
     vertex  1.084243e+02 -7.292426e+01  0.000000e+00
   endloop
 endfacet
 facet normal -0.000000e+00  0.000000e+00 -1.000000e+00
   outer loop
     vertex  1.354804e+02 -7.280000e+01  0.000000e+00
     vertex  1.085196e+02 -7.280000e+01  0.000000e+00
     vertex  1.220000e+02 -6.410000e+01  0.000000e+00
   endloop
 endfacet
 facet normal  0.000000e+00  0.000000e+00 -1.000000e+00
   outer loop
     vertex  1.358447e+02 -7.307956e+01  0.000000e+00
     vertex  1.000000e+02 -7.500000e+01  0.000000e+00
     vertex  1.081553e+02 -7.307956e+01  0.000000e+00
   endloop
 endfacet
 facet normal -0.000000e+00  0.000000e+00 -1.000000e+00
   outer loop
     vertex  1.358447e+02 -7.307956e+01  0.000000e+00
     vertex  1.081553e+02 -7.307956e+01  0.000000e+00
     vertex  1.357000e+02 -7.301962e+01  0.000000e+00
   endloop
 endfacet
 facet normal -0.000000e+00 -0.000000e+00 -1.000000e+00
   outer loop
     vertex  1.354204e+02 -7.265529e+01  0.000000e+00
     vertex  1.354804e+02 -7.280000e+01  0.000000e+00
     vertex  1.220000e+02 -6.410000e+01  0.000000e+00
   endloop
 endfacet
 facet normal  0.000000e+00  0.000000e+00 -1.000000e+00
   outer loop
     vertex  1.354204e+02 -7.265529e+01  0.000000e+00
     vertex  1.220000e+02 -6.410000e+01  0.000000e+00
     vertex  1.224141e+02 -6.404548e+01  0.000000e+00
   endloop
 endfacet
 facet normal -0.000000e+00  0.000000e+00 -1.000000e+00
   outer loop
     vertex  1.360000e+02 -7.310000e+01  0.000000e+00
     vertex  1.000000e+02 -7.500000e+01  0.000000e+00
     vertex  1.358447e+02 -7.307956e+01  0.000000e+00
   endloop
 endfacet
 facet normal  0.000000e+00  0.000000e+00 -1.000000e+00
   outer loop
     vertex  1.354000e+02 -7.250000e+01  0.000000e+00
     vertex  1.224141e+02 -6.404548e+01  0.000000e+00
     vertex  1.228000e+02 -6.388564e+01  0.000000e+00
   endloop
 endfacet
 facet normal -0.000000e+00 -0.000000e+00 -1.000000e+00
   outer loop
     vertex  1.354000e+02 -7.250000e+01  0.000000e+00
     vertex  1.354204e+02 -7.265529e+01  0.000000e+00
     vertex  1.224141e+02 -6.404548e+01  0.000000e+00
   endloop
 endfacet
 facet normal  0.000000e+00  0.000000e+00 -1.000000e+00
   outer loop
     vertex  1.355757e+02 -7.112426e+01  0.000000e+00
     vertex  1.357000e+02 -7.198038e+01  0.000000e+00
     vertex  1.355757e+02 -7.207574e+01  0.000000e+00
   endloop
 endfacet
 facet normal -0.000000e+00 -0.000000e+00 -1.000000e+00
   outer loop
     vertex  1.357000e+02 -7.121962e+01  0.000000e+00
     vertex  1.357000e+02 -7.198038e+01  0.000000e+00
     vertex  1.355757e+02 -7.112426e+01  0.000000e+00
   endloop
 endfacet
 facet normal  0.000000e+00  0.000000e+00 -1.000000e+00
   outer loop
     vertex  1.354804e+02 -7.100000e+01  0.000000e+00
     vertex  1.355757e+02 -7.112426e+01  0.000000e+00
     vertex  1.355757e+02 -7.207574e+01  0.000000e+00
   endloop
 endfacet
 facet normal  0.000000e+00  0.000000e+00 -1.000000e+00
   outer loop
     vertex  1.354804e+02 -7.100000e+01  0.000000e+00
     vertex  1.355757e+02 -7.207574e+01  0.000000e+00
     vertex  1.354804e+02 -7.220000e+01  0.000000e+00
   endloop
 endfacet
 facet normal -0.000000e+00  0.000000e+00 -1.000000e+00
   outer loop
     vertex  1.358447e+02 -7.127956e+01  0.000000e+00
     vertex  1.357000e+02 -7.198038e+01  0.000000e+00
     vertex  1.357000e+02 -7.121962e+01  0.000000e+00
   endloop
 endfacet
 facet normal  0.000000e+00 -0.000000e+00 -1.000000e+00
   outer loop
     vertex  1.358447e+02 -7.127956e+01  0.000000e+00
     vertex  1.358447e+02 -7.192044e+01  0.000000e+00
     vertex  1.357000e+02 -7.198038e+01  0.000000e+00
   endloop
 endfacet
 facet normal  0.000000e+00  0.000000e+00 -1.000000e+00
   outer loop
     vertex  1.358447e+02 -7.127956e+01  0.000000e+00
     vertex  1.360000e+02 -7.190000e+01  0.000000e+00
     vertex  1.358447e+02 -7.192044e+01  0.000000e+00
   endloop
 endfacet
 facet normal  0.000000e+00  0.000000e+00 -1.000000e+00
   outer loop
     vertex  1.354204e+02 -7.085529e+01  0.000000e+00
     vertex  1.354804e+02 -7.100000e+01  0.000000e+00
     vertex  1.354804e+02 -7.220000e+01  0.000000e+00
   endloop
 endfacet
 facet normal  0.000000e+00 -0.000000e+00 -1.000000e+00
   outer loop
     vertex  1.354204e+02 -7.085529e+01  0.000000e+00
     vertex  1.354204e+02 -7.234471e+01  0.000000e+00
     vertex  1.354000e+02 -7.250000e+01  0.000000e+00
   endloop
 endfacet
 facet normal  0.000000e+00  0.000000e+00 -1.000000e+00
   outer loop
     vertex  1.354204e+02 -7.085529e+01  0.000000e+00
     vertex  1.354804e+02 -7.220000e+01  0.000000e+00
     vertex  1.354204e+02 -7.234471e+01  0.000000e+00
   endloop
 endfacet
 facet normal -0.000000e+00 -0.000000e+00 -1.000000e+00
   outer loop
     vertex  1.360000e+02 -7.130000e+01  0.000000e+00
     vertex  1.360000e+02 -7.190000e+01  0.000000e+00
     vertex  1.358447e+02 -7.127956e+01  0.000000e+00
   endloop
 endfacet
 facet normal  0.000000e+00  0.000000e+00 -1.000000e+00
   outer loop
     vertex  1.360000e+02 -7.130000e+01  0.000000e+00
     vertex  1.361553e+02 -7.192044e+01  0.000000e+00
     vertex  1.360000e+02 -7.190000e+01  0.000000e+00
   endloop
 endfacet
 facet normal  0.000000e+00  0.000000e+00 -1.000000e+00
   outer loop
     vertex  1.354000e+02 -7.070000e+01  0.000000e+00
     vertex  1.354204e+02 -7.085529e+01  0.000000e+00
     vertex  1.354000e+02 -7.250000e+01  0.000000e+00
   endloop
 endfacet
 facet normal -0.000000e+00 -0.000000e+00 -1.000000e+00
   outer loop
     vertex  1.354000e+02 -7.070000e+01  0.000000e+00
     vertex  1.354000e+02 -7.250000e+01  0.000000e+00
     vertex  1.228000e+02 -6.388564e+01  0.000000e+00
   endloop
 endfacet
 facet normal  0.000000e+00  0.000000e+00 -1.000000e+00
   outer loop
     vertex  1.354000e+02 -7.070000e+01  0.000000e+00
     vertex  1.228000e+02 -6.388564e+01  0.000000e+00
     vertex  1.231314e+02 -6.363137e+01  0.000000e+00
   endloop
 endfacet
 facet normal  0.000000e+00 -0.000000e+00 -1.000000e+00
   outer loop
     vertex  1.361553e+02 -7.127956e+01  0.000000e+00
     vertex  1.361553e+02 -7.192044e+01  0.000000e+00
     vertex  1.360000e+02 -7.130000e+01  0.000000e+00
   endloop
 endfacet
 facet normal  0.000000e+00  0.000000e+00 -1.000000e+00
   outer loop
     vertex  1.363000e+02 -7.121962e+01  0.000000e+00
     vertex  1.361553e+02 -7.192044e+01  0.000000e+00
     vertex  1.361553e+02 -7.127956e+01  0.000000e+00
   endloop
 endfacet
 facet normal  0.000000e+00 -0.000000e+00 -1.000000e+00
   outer loop
     vertex  1.363000e+02 -7.121962e+01  0.000000e+00
     vertex  1.363000e+02 -7.198038e+01  0.000000e+00
     vertex  1.361553e+02 -7.192044e+01  0.000000e+00
   endloop
 endfacet
 facet normal  0.000000e+00  0.000000e+00 -1.000000e+00
   outer loop
     vertex  1.364243e+02 -7.112426e+01  0.000000e+00
     vertex  1.363000e+02 -7.198038e+01  0.000000e+00
     vertex  1.363000e+02 -7.121962e+01  0.000000e+00
   endloop
 endfacet
 facet normal  0.000000e+00 -0.000000e+00 -1.000000e+00
   outer loop
     vertex  1.364243e+02 -7.112426e+01  0.000000e+00
     vertex  1.364243e+02 -7.207574e+01  0.000000e+00
     vertex  1.363000e+02 -7.198038e+01  0.000000e+00
   endloop
 endfacet
 facet normal  0.000000e+00  0.000000e+00 -1.000000e+00
   outer loop
     vertex  1.365196e+02 -7.100000e+01  0.000000e+00
     vertex  1.364243e+02 -7.207574e+01  0.000000e+00
     vertex  1.364243e+02 -7.112426e+01  0.000000e+00
   endloop
 endfacet
 facet normal  0.000000e+00 -0.000000e+00 -1.000000e+00
   outer loop
     vertex  1.365196e+02 -7.100000e+01  0.000000e+00
     vertex  1.365196e+02 -7.220000e+01  0.000000e+00
     vertex  1.364243e+02 -7.207574e+01  0.000000e+00
   endloop
 endfacet
 facet normal  0.000000e+00  0.000000e+00 -1.000000e+00
   outer loop
     vertex  1.365196e+02 -7.100000e+01  0.000000e+00
     vertex  1.365796e+02 -7.234471e+01  0.000000e+00
     vertex  1.365196e+02 -7.220000e+01  0.000000e+00
   endloop
 endfacet
 facet normal  0.000000e+00 -0.000000e+00 -1.000000e+00
   outer loop
     vertex  1.365796e+02 -7.085529e+01  0.000000e+00
     vertex  1.365796e+02 -7.234471e+01  0.000000e+00
     vertex  1.365196e+02 -7.100000e+01  0.000000e+00
   endloop
 endfacet
 facet normal  0.000000e+00  0.000000e+00 -1.000000e+00
   outer loop
     vertex  1.366000e+02 -7.070000e+01  0.000000e+00
     vertex  1.365796e+02 -7.234471e+01  0.000000e+00
     vertex  1.365796e+02 -7.085529e+01  0.000000e+00
   endloop
 endfacet
 facet normal  0.000000e+00 -0.000000e+00 -1.000000e+00
   outer loop
     vertex  1.366000e+02 -7.070000e+01  0.000000e+00
     vertex  1.366000e+02 -7.250000e+01  0.000000e+00
     vertex  1.365796e+02 -7.234471e+01  0.000000e+00
   endloop
 endfacet
 facet normal  0.000000e+00  0.000000e+00 -1.000000e+00
   outer loop
     vertex  1.355757e+02 -6.932426e+01  0.000000e+00
     vertex  1.357000e+02 -7.018038e+01  0.000000e+00
     vertex  1.355757e+02 -7.027574e+01  0.000000e+00
   endloop
 endfacet
 facet normal  0.000000e+00  0.000000e+00 -1.000000e+00
   outer loop
     vertex  1.354804e+02 -6.920000e+01  0.000000e+00
     vertex  1.355757e+02 -7.027574e+01  0.000000e+00
     vertex  1.354804e+02 -7.040000e+01  0.000000e+00
   endloop
 endfacet
 facet normal  0.000000e+00  0.000000e+00 -1.000000e+00
   outer loop
     vertex  1.354804e+02 -6.920000e+01  0.000000e+00
     vertex  1.355757e+02 -6.932426e+01  0.000000e+00
     vertex  1.355757e+02 -7.027574e+01  0.000000e+00
   endloop
 endfacet
 facet normal -0.000000e+00 -0.000000e+00 -1.000000e+00
   outer loop
     vertex  1.357000e+02 -6.941962e+01  0.000000e+00
     vertex  1.357000e+02 -7.018038e+01  0.000000e+00
     vertex  1.355757e+02 -6.932426e+01  0.000000e+00
   endloop
 endfacet
 facet normal  0.000000e+00 -0.000000e+00 -1.000000e+00
   outer loop
     vertex  1.358447e+02 -6.947956e+01  0.000000e+00
     vertex  1.358447e+02 -7.012044e+01  0.000000e+00
     vertex  1.357000e+02 -7.018038e+01  0.000000e+00
   endloop
 endfacet
 facet normal  0.000000e+00  0.000000e+00 -1.000000e+00
   outer loop
     vertex  1.358447e+02 -6.947956e+01  0.000000e+00
     vertex  1.360000e+02 -7.010000e+01  0.000000e+00
     vertex  1.358447e+02 -7.012044e+01  0.000000e+00
   endloop
 endfacet
 facet normal -0.000000e+00  0.000000e+00 -1.000000e+00
   outer loop
     vertex  1.358447e+02 -6.947956e+01  0.000000e+00
     vertex  1.357000e+02 -7.018038e+01  0.000000e+00
     vertex  1.357000e+02 -6.941962e+01  0.000000e+00
   endloop
 endfacet
 facet normal  0.000000e+00 -0.000000e+00 -1.000000e+00
   outer loop
     vertex  1.354204e+02 -6.905529e+01  0.000000e+00
     vertex  1.354204e+02 -7.054471e+01  0.000000e+00
     vertex  1.354000e+02 -7.070000e+01  0.000000e+00
   endloop
 endfacet
 facet normal  0.000000e+00  0.000000e+00 -1.000000e+00
   outer loop
     vertex  1.354204e+02 -6.905529e+01  0.000000e+00
     vertex  1.354804e+02 -7.040000e+01  0.000000e+00
     vertex  1.354204e+02 -7.054471e+01  0.000000e+00
   endloop
 endfacet
 facet normal  0.000000e+00  0.000000e+00 -1.000000e+00
   outer loop
     vertex  1.354204e+02 -6.905529e+01  0.000000e+00
     vertex  1.354804e+02 -6.920000e+01  0.000000e+00
     vertex  1.354804e+02 -7.040000e+01  0.000000e+00
   endloop
 endfacet
 facet normal -0.000000e+00 -0.000000e+00 -1.000000e+00
   outer loop
     vertex  1.354000e+02 -6.890000e+01  0.000000e+00
     vertex  1.354000e+02 -7.070000e+01  0.000000e+00
     vertex  1.231314e+02 -6.363137e+01  0.000000e+00
   endloop
 endfacet
 facet normal  0.000000e+00  0.000000e+00 -1.000000e+00
   outer loop
     vertex  1.354000e+02 -6.890000e+01  0.000000e+00
     vertex  1.354204e+02 -6.905529e+01  0.000000e+00
     vertex  1.354000e+02 -7.070000e+01  0.000000e+00
   endloop
 endfacet
 facet normal -0.000000e+00 -0.000000e+00 -1.000000e+00
   outer loop
     vertex  1.360000e+02 -6.950000e+01  0.000000e+00
     vertex  1.360000e+02 -7.010000e+01  0.000000e+00
     vertex  1.358447e+02 -6.947956e+01  0.000000e+00
   endloop
 endfacet
 facet normal  0.000000e+00  0.000000e+00 -1.000000e+00
   outer loop
     vertex  1.354204e+02 -6.874471e+01  0.000000e+00
     vertex  1.231314e+02 -6.363137e+01  0.000000e+00
     vertex  1.233856e+02 -6.330000e+01  0.000000e+00
   endloop
 endfacet
 facet normal -0.000000e+00  0.000000e+00 -1.000000e+00
   outer loop
     vertex  1.354204e+02 -6.874471e+01  0.000000e+00
     vertex  1.354000e+02 -6.890000e+01  0.000000e+00
     vertex  1.231314e+02 -6.363137e+01  0.000000e+00
   endloop
 endfacet
 facet normal  0.000000e+00 -0.000000e+00 -1.000000e+00
   outer loop
     vertex  1.361553e+02 -6.947956e+01  0.000000e+00
     vertex  1.361553e+02 -7.012044e+01  0.000000e+00
     vertex  1.360000e+02 -7.010000e+01  0.000000e+00
   endloop
 endfacet
 facet normal  0.000000e+00  0.000000e+00 -1.000000e+00
   outer loop
     vertex  1.361553e+02 -6.947956e+01  0.000000e+00
     vertex  1.360000e+02 -7.010000e+01  0.000000e+00
     vertex  1.360000e+02 -6.950000e+01  0.000000e+00
   endloop
 endfacet
 facet normal -0.000000e+00  0.000000e+00 -1.000000e+00
   outer loop
     vertex  1.354804e+02 -6.860000e+01  0.000000e+00
     vertex  1.354204e+02 -6.874471e+01  0.000000e+00
     vertex  1.233856e+02 -6.330000e+01  0.000000e+00
   endloop
 endfacet
 facet normal  0.000000e+00  0.000000e+00 -1.000000e+00
   outer loop
     vertex  1.354804e+02 -6.860000e+01  0.000000e+00
     vertex  1.233856e+02 -6.330000e+01  0.000000e+00
     vertex  1.235455e+02 -6.291411e+01  0.000000e+00
   endloop
 endfacet
 facet normal  0.000000e+00 -0.000000e+00 -1.000000e+00
   outer loop
     vertex  1.363000e+02 -6.941962e+01  0.000000e+00
     vertex  1.363000e+02 -7.018038e+01  0.000000e+00
     vertex  1.361553e+02 -7.012044e+01  0.000000e+00
   endloop
 endfacet
 facet normal  0.000000e+00  0.000000e+00 -1.000000e+00
   outer loop
     vertex  1.363000e+02 -6.941962e+01  0.000000e+00
     vertex  1.361553e+02 -7.012044e+01  0.000000e+00
     vertex  1.361553e+02 -6.947956e+01  0.000000e+00
   endloop
 endfacet
 facet normal  0.000000e+00 -0.000000e+00 -1.000000e+00
   outer loop
     vertex  1.364243e+02 -6.932426e+01  0.000000e+00
     vertex  1.364243e+02 -7.027574e+01  0.000000e+00
     vertex  1.363000e+02 -7.018038e+01  0.000000e+00
   endloop
 endfacet
 facet normal  0.000000e+00  0.000000e+00 -1.000000e+00
   outer loop
     vertex  1.364243e+02 -6.932426e+01  0.000000e+00
     vertex  1.365196e+02 -7.040000e+01  0.000000e+00
     vertex  1.364243e+02 -7.027574e+01  0.000000e+00
   endloop
 endfacet
 facet normal  0.000000e+00  0.000000e+00 -1.000000e+00
   outer loop
     vertex  1.364243e+02 -6.932426e+01  0.000000e+00
     vertex  1.363000e+02 -7.018038e+01  0.000000e+00
     vertex  1.363000e+02 -6.941962e+01  0.000000e+00
   endloop
 endfacet
 facet normal -0.000000e+00  0.000000e+00 -1.000000e+00
   outer loop
     vertex  1.355757e+02 -6.847574e+01  0.000000e+00
     vertex  1.354804e+02 -6.860000e+01  0.000000e+00
     vertex  1.235455e+02 -6.291411e+01  0.000000e+00
   endloop
 endfacet
 facet normal  0.000000e+00  0.000000e+00 -1.000000e+00
   outer loop
     vertex  1.355757e+02 -6.847574e+01  0.000000e+00
     vertex  1.235455e+02 -6.291411e+01  0.000000e+00
     vertex  1.236000e+02 -6.250000e+01  0.000000e+00
   endloop
 endfacet
 facet normal -0.000000e+00  0.000000e+00 -1.000000e+00
   outer loop
     vertex  1.357000e+02 -6.838038e+01  0.000000e+00
     vertex  1.355757e+02 -6.847574e+01  0.000000e+00
     vertex  1.236000e+02 -6.250000e+01  0.000000e+00
   endloop
 endfacet
 facet normal  0.000000e+00 -0.000000e+00 -1.000000e+00
   outer loop
     vertex  1.365196e+02 -6.920000e+01  0.000000e+00
     vertex  1.365196e+02 -7.040000e+01  0.000000e+00
     vertex  1.364243e+02 -6.932426e+01  0.000000e+00
   endloop
 endfacet
 facet normal  0.000000e+00  0.000000e+00 -1.000000e+00
   outer loop
     vertex  1.365796e+02 -6.905529e+01  0.000000e+00
     vertex  1.365196e+02 -7.040000e+01  0.000000e+00
     vertex  1.365196e+02 -6.920000e+01  0.000000e+00
   endloop
 endfacet
 facet normal  0.000000e+00 -0.000000e+00 -1.000000e+00
   outer loop
     vertex  1.365796e+02 -6.905529e+01  0.000000e+00
     vertex  1.365796e+02 -7.054471e+01  0.000000e+00
     vertex  1.365196e+02 -7.040000e+01  0.000000e+00
   endloop
 endfacet
 facet normal  0.000000e+00  0.000000e+00 -1.000000e+00
   outer loop
     vertex  1.366000e+02 -6.890000e+01  0.000000e+00
     vertex  1.365796e+02 -7.054471e+01  0.000000e+00
     vertex  1.365796e+02 -6.905529e+01  0.000000e+00
   endloop
 endfacet
 facet normal  0.000000e+00 -0.000000e+00 -1.000000e+00
   outer loop
     vertex  1.366000e+02 -6.890000e+01  0.000000e+00
     vertex  1.366000e+02 -7.070000e+01  0.000000e+00
     vertex  1.365796e+02 -7.054471e+01  0.000000e+00
   endloop
 endfacet
 facet normal  0.000000e+00  0.000000e+00 -1.000000e+00
   outer loop
     vertex  1.355757e+02 -5.642426e+01  0.000000e+00
     vertex  1.236000e+02 -6.250000e+01  0.000000e+00
     vertex  1.235455e+02 -6.208589e+01  0.000000e+00
   endloop
 endfacet
 facet normal  0.000000e+00 -0.000000e+00 -1.000000e+00
   outer loop
     vertex  1.357000e+02 -5.651962e+01  0.000000e+00
     vertex  1.357000e+02 -6.838038e+01  0.000000e+00
     vertex  1.236000e+02 -6.250000e+01  0.000000e+00
   endloop
 endfacet
 facet normal -0.000000e+00  0.000000e+00 -1.000000e+00
   outer loop
     vertex  1.357000e+02 -5.651962e+01  0.000000e+00
     vertex  1.236000e+02 -6.250000e+01  0.000000e+00
     vertex  1.355757e+02 -5.642426e+01  0.000000e+00
   endloop
 endfacet
 facet normal  0.000000e+00 -0.000000e+00 -1.000000e+00
   outer loop
     vertex  1.354804e+02 -5.630000e+01  0.000000e+00
     vertex  1.355757e+02 -5.642426e+01  0.000000e+00
     vertex  1.235455e+02 -6.208589e+01  0.000000e+00
   endloop
 endfacet
 facet normal  0.000000e+00  0.000000e+00 -1.000000e+00
   outer loop
     vertex  1.354804e+02 -5.630000e+01  0.000000e+00
     vertex  1.235455e+02 -6.208589e+01  0.000000e+00
     vertex  1.233856e+02 -6.170000e+01  0.000000e+00
   endloop
 endfacet
 facet normal -0.000000e+00  0.000000e+00 -1.000000e+00
   outer loop
     vertex  1.358447e+02 -5.657956e+01  0.000000e+00
     vertex  1.357000e+02 -6.838038e+01  0.000000e+00
     vertex  1.357000e+02 -5.651962e+01  0.000000e+00
   endloop
 endfacet
 facet normal  0.000000e+00 -0.000000e+00 -1.000000e+00
   outer loop
     vertex  1.358447e+02 -5.657956e+01  0.000000e+00
     vertex  1.358447e+02 -6.832044e+01  0.000000e+00
     vertex  1.357000e+02 -6.838038e+01  0.000000e+00
   endloop
 endfacet
 facet normal  0.000000e+00 -0.000000e+00 -1.000000e+00
   outer loop
     vertex  1.354204e+02 -5.615529e+01  0.000000e+00
     vertex  1.354804e+02 -5.630000e+01  0.000000e+00
     vertex  1.233856e+02 -6.170000e+01  0.000000e+00
   endloop
 endfacet
 facet normal  0.000000e+00  0.000000e+00 -1.000000e+00
   outer loop
     vertex  1.354204e+02 -5.615529e+01  0.000000e+00
     vertex  1.233856e+02 -6.170000e+01  0.000000e+00
     vertex  1.231314e+02 -6.136863e+01  0.000000e+00
   endloop
 endfacet
 facet normal  0.000000e+00 -0.000000e+00 -1.000000e+00
   outer loop
     vertex  1.360000e+02 -5.660000e+01  0.000000e+00
     vertex  1.360000e+02 -6.830000e+01  0.000000e+00
     vertex  1.358447e+02 -6.832044e+01  0.000000e+00
   endloop
 endfacet
 facet normal  0.000000e+00  0.000000e+00 -1.000000e+00
   outer loop
     vertex  1.360000e+02 -5.660000e+01  0.000000e+00
     vertex  1.361553e+02 -6.832044e+01  0.000000e+00
     vertex  1.360000e+02 -6.830000e+01  0.000000e+00
   endloop
 endfacet
 facet normal -0.000000e+00  0.000000e+00 -1.000000e+00
   outer loop
     vertex  1.360000e+02 -5.660000e+01  0.000000e+00
     vertex  1.358447e+02 -6.832044e+01  0.000000e+00
     vertex  1.358447e+02 -5.657956e+01  0.000000e+00
   endloop
 endfacet
 facet normal  0.000000e+00 -0.000000e+00 -1.000000e+00
   outer loop
     vertex  1.354000e+02 -5.600000e+01  0.000000e+00
     vertex  1.354204e+02 -5.615529e+01  0.000000e+00
     vertex  1.231314e+02 -6.136863e+01  0.000000e+00
   endloop
 endfacet
 facet normal  0.000000e+00 -0.000000e+00 -1.000000e+00
   outer loop
     vertex  1.361553e+02 -5.657956e+01  0.000000e+00
     vertex  1.361553e+02 -6.832044e+01  0.000000e+00
     vertex  1.360000e+02 -5.660000e+01  0.000000e+00
   endloop
 endfacet
 facet normal  0.000000e+00 -0.000000e+00 -1.000000e+00
   outer loop
     vertex  1.363000e+02 -5.651962e+01  0.000000e+00
     vertex  1.363000e+02 -6.838038e+01  0.000000e+00
     vertex  1.361553e+02 -6.832044e+01  0.000000e+00
   endloop
 endfacet
 facet normal  0.000000e+00  0.000000e+00 -1.000000e+00
   outer loop
     vertex  1.363000e+02 -5.651962e+01  0.000000e+00
     vertex  1.361553e+02 -6.832044e+01  0.000000e+00
     vertex  1.361553e+02 -5.657956e+01  0.000000e+00
   endloop
 endfacet
 facet normal  0.000000e+00  0.000000e+00 -1.000000e+00
   outer loop
     vertex  1.354804e+02 -5.450000e+01  0.000000e+00
     vertex  1.355757e+02 -5.557574e+01  0.000000e+00
     vertex  1.354804e+02 -5.570000e+01  0.000000e+00
   endloop
 endfacet
 facet normal  0.000000e+00  0.000000e+00 -1.000000e+00
   outer loop
     vertex  1.354804e+02 -5.450000e+01  0.000000e+00
     vertex  1.355757e+02 -5.462426e+01  0.000000e+00
     vertex  1.355757e+02 -5.557574e+01  0.000000e+00
   endloop
 endfacet
 facet normal  0.000000e+00 -0.000000e+00 -1.000000e+00
   outer loop
     vertex  1.357000e+02 -5.471962e+01  0.000000e+00
     vertex  1.357000e+02 -5.548038e+01  0.000000e+00
     vertex  1.355757e+02 -5.557574e+01  0.000000e+00
   endloop
 endfacet
 facet normal -0.000000e+00  0.000000e+00 -1.000000e+00
   outer loop
     vertex  1.357000e+02 -5.471962e+01  0.000000e+00
     vertex  1.355757e+02 -5.557574e+01  0.000000e+00
     vertex  1.355757e+02 -5.462426e+01  0.000000e+00
   endloop
 endfacet
 facet normal  0.000000e+00 -0.000000e+00 -1.000000e+00
   outer loop
     vertex  1.358447e+02 -5.477956e+01  0.000000e+00
     vertex  1.358447e+02 -5.542044e+01  0.000000e+00
     vertex  1.357000e+02 -5.548038e+01  0.000000e+00
   endloop
 endfacet
 facet normal  0.000000e+00  0.000000e+00 -1.000000e+00
   outer loop
     vertex  1.358447e+02 -5.477956e+01  0.000000e+00
     vertex  1.360000e+02 -5.540000e+01  0.000000e+00
     vertex  1.358447e+02 -5.542044e+01  0.000000e+00
   endloop
 endfacet
 facet normal -0.000000e+00  0.000000e+00 -1.000000e+00
   outer loop
     vertex  1.358447e+02 -5.477956e+01  0.000000e+00
     vertex  1.357000e+02 -5.548038e+01  0.000000e+00
     vertex  1.357000e+02 -5.471962e+01  0.000000e+00
   endloop
 endfacet
 facet normal  0.000000e+00 -0.000000e+00 -1.000000e+00
   outer loop
     vertex  1.354204e+02 -5.435529e+01  0.000000e+00
     vertex  1.354204e+02 -5.584471e+01  0.000000e+00
     vertex  1.354000e+02 -5.600000e+01  0.000000e+00
   endloop
 endfacet
 facet normal  0.000000e+00  0.000000e+00 -1.000000e+00
   outer loop
     vertex  1.354204e+02 -5.435529e+01  0.000000e+00
     vertex  1.354804e+02 -5.570000e+01  0.000000e+00
     vertex  1.354204e+02 -5.584471e+01  0.000000e+00
   endloop
 endfacet
 facet normal  0.000000e+00  0.000000e+00 -1.000000e+00
   outer loop
     vertex  1.354204e+02 -5.435529e+01  0.000000e+00
     vertex  1.354804e+02 -5.450000e+01  0.000000e+00
     vertex  1.354804e+02 -5.570000e+01  0.000000e+00
   endloop
 endfacet
 facet normal  0.000000e+00  0.000000e+00 -1.000000e+00
   outer loop
     vertex  1.360000e+02 -5.480000e+01  0.000000e+00
     vertex  1.361553e+02 -5.542044e+01  0.000000e+00
     vertex  1.360000e+02 -5.540000e+01  0.000000e+00
   endloop
 endfacet
 facet normal -0.000000e+00 -0.000000e+00 -1.000000e+00
   outer loop
     vertex  1.360000e+02 -5.480000e+01  0.000000e+00
     vertex  1.360000e+02 -5.540000e+01  0.000000e+00
     vertex  1.358447e+02 -5.477956e+01  0.000000e+00
   endloop
 endfacet
 facet normal  0.000000e+00 -0.000000e+00 -1.000000e+00
   outer loop
     vertex  1.354000e+02 -5.420000e+01  0.000000e+00
     vertex  1.354000e+02 -5.600000e+01  0.000000e+00
     vertex  1.231314e+02 -6.136863e+01  0.000000e+00
   endloop
 endfacet
 facet normal  0.000000e+00  0.000000e+00 -1.000000e+00
   outer loop
     vertex  1.354000e+02 -5.420000e+01  0.000000e+00
     vertex  1.231314e+02 -6.136863e+01  0.000000e+00
     vertex  1.228000e+02 -6.111436e+01  0.000000e+00
   endloop
 endfacet
 facet normal  0.000000e+00  0.000000e+00 -1.000000e+00
   outer loop
     vertex  1.354000e+02 -5.420000e+01  0.000000e+00
     vertex  1.354204e+02 -5.435529e+01  0.000000e+00
     vertex  1.354000e+02 -5.600000e+01  0.000000e+00
   endloop
 endfacet
 facet normal  0.000000e+00  0.000000e+00 -1.000000e+00
   outer loop
     vertex  1.361553e+02 -5.477956e+01  0.000000e+00
     vertex  1.363000e+02 -5.548038e+01  0.000000e+00
     vertex  1.361553e+02 -5.542044e+01  0.000000e+00
   endloop
 endfacet
 facet normal  0.000000e+00 -0.000000e+00 -1.000000e+00
   outer loop
     vertex  1.361553e+02 -5.477956e+01  0.000000e+00
     vertex  1.361553e+02 -5.542044e+01  0.000000e+00
     vertex  1.360000e+02 -5.480000e+01  0.000000e+00
   endloop
 endfacet
 facet normal  0.000000e+00  0.000000e+00 -1.000000e+00
   outer loop
     vertex  1.363000e+02 -5.471962e+01  0.000000e+00
     vertex  1.364243e+02 -5.557574e+01  0.000000e+00
     vertex  1.363000e+02 -5.548038e+01  0.000000e+00
   endloop
 endfacet
 facet normal  0.000000e+00 -0.000000e+00 -1.000000e+00
   outer loop
     vertex  1.363000e+02 -5.471962e+01  0.000000e+00
     vertex  1.363000e+02 -5.548038e+01  0.000000e+00
     vertex  1.361553e+02 -5.477956e+01  0.000000e+00
   endloop
 endfacet
 facet normal  0.000000e+00 -0.000000e+00 -1.000000e+00
   outer loop
     vertex  1.364243e+02 -5.462426e+01  0.000000e+00
     vertex  1.364243e+02 -5.557574e+01  0.000000e+00
     vertex  1.363000e+02 -5.471962e+01  0.000000e+00
   endloop
 endfacet
 facet normal  0.000000e+00 -0.000000e+00 -1.000000e+00
   outer loop
     vertex  1.365196e+02 -5.450000e+01  0.000000e+00
     vertex  1.365196e+02 -5.570000e+01  0.000000e+00
     vertex  1.364243e+02 -5.557574e+01  0.000000e+00
   endloop
 endfacet
 facet normal  0.000000e+00  0.000000e+00 -1.000000e+00
   outer loop
     vertex  1.365196e+02 -5.450000e+01  0.000000e+00
     vertex  1.364243e+02 -5.557574e+01  0.000000e+00
     vertex  1.364243e+02 -5.462426e+01  0.000000e+00
   endloop
 endfacet
 facet normal  0.000000e+00 -0.000000e+00 -1.000000e+00
   outer loop
     vertex  1.365796e+02 -5.435529e+01  0.000000e+00
     vertex  1.365796e+02 -5.584471e+01  0.000000e+00
     vertex  1.365196e+02 -5.570000e+01  0.000000e+00
   endloop
 endfacet
 facet normal  0.000000e+00  0.000000e+00 -1.000000e+00
   outer loop
     vertex  1.365796e+02 -5.435529e+01  0.000000e+00
     vertex  1.365196e+02 -5.570000e+01  0.000000e+00
     vertex  1.365196e+02 -5.450000e+01  0.000000e+00
   endloop
 endfacet
 facet normal  0.000000e+00 -0.000000e+00 -1.000000e+00
   outer loop
     vertex  1.366000e+02 -5.420000e+01  0.000000e+00
     vertex  1.366000e+02 -5.600000e+01  0.000000e+00
     vertex  1.365796e+02 -5.584471e+01  0.000000e+00
   endloop
 endfacet
 facet normal  0.000000e+00  0.000000e+00 -1.000000e+00
   outer loop
     vertex  1.366000e+02 -5.420000e+01  0.000000e+00
     vertex  1.365796e+02 -5.584471e+01  0.000000e+00
     vertex  1.365796e+02 -5.435529e+01  0.000000e+00
   endloop
 endfacet
 facet normal  0.000000e+00 -0.000000e+00 -1.000000e+00
   outer loop
     vertex  1.357000e+02 -5.291962e+01  0.000000e+00
     vertex  1.357000e+02 -5.368038e+01  0.000000e+00
     vertex  1.355757e+02 -5.377574e+01  0.000000e+00
   endloop
 endfacet
 facet normal -0.000000e+00  0.000000e+00 -1.000000e+00
   outer loop
     vertex  1.357000e+02 -5.291962e+01  0.000000e+00
     vertex  1.355757e+02 -5.377574e+01  0.000000e+00
     vertex  1.355757e+02 -5.282426e+01  0.000000e+00
   endloop
 endfacet
 facet normal  0.000000e+00  0.000000e+00 -1.000000e+00
   outer loop
     vertex  1.354804e+02 -5.270000e+01  0.000000e+00
     vertex  1.355757e+02 -5.377574e+01  0.000000e+00
     vertex  1.354804e+02 -5.390000e+01  0.000000e+00
   endloop
 endfacet
 facet normal  0.000000e+00  0.000000e+00 -1.000000e+00
   outer loop
     vertex  1.354804e+02 -5.270000e+01  0.000000e+00
     vertex  1.355757e+02 -5.282426e+01  0.000000e+00
     vertex  1.355757e+02 -5.377574e+01  0.000000e+00
   endloop
 endfacet
 facet normal -0.000000e+00  0.000000e+00 -1.000000e+00
   outer loop
     vertex  1.358447e+02 -5.297956e+01  0.000000e+00
     vertex  1.357000e+02 -5.368038e+01  0.000000e+00
     vertex  1.357000e+02 -5.291962e+01  0.000000e+00
   endloop
 endfacet
 facet normal  0.000000e+00 -0.000000e+00 -1.000000e+00
   outer loop
     vertex  1.358447e+02 -5.297956e+01  0.000000e+00
     vertex  1.358447e+02 -5.362044e+01  0.000000e+00
     vertex  1.357000e+02 -5.368038e+01  0.000000e+00
   endloop
 endfacet
 facet normal  0.000000e+00  0.000000e+00 -1.000000e+00
   outer loop
     vertex  1.358447e+02 -5.297956e+01  0.000000e+00
     vertex  1.360000e+02 -5.360000e+01  0.000000e+00
     vertex  1.358447e+02 -5.362044e+01  0.000000e+00
   endloop
 endfacet
 facet normal  0.000000e+00  0.000000e+00 -1.000000e+00
   outer loop
     vertex  1.354204e+02 -5.255529e+01  0.000000e+00
     vertex  1.354804e+02 -5.270000e+01  0.000000e+00
     vertex  1.354804e+02 -5.390000e+01  0.000000e+00
   endloop
 endfacet
 facet normal  0.000000e+00 -0.000000e+00 -1.000000e+00
   outer loop
     vertex  1.354204e+02 -5.255529e+01  0.000000e+00
     vertex  1.354204e+02 -5.404471e+01  0.000000e+00
     vertex  1.354000e+02 -5.420000e+01  0.000000e+00
   endloop
 endfacet
 facet normal  0.000000e+00  0.000000e+00 -1.000000e+00
   outer loop
     vertex  1.354204e+02 -5.255529e+01  0.000000e+00
     vertex  1.354804e+02 -5.390000e+01  0.000000e+00
     vertex  1.354204e+02 -5.404471e+01  0.000000e+00
   endloop
 endfacet
 facet normal  0.000000e+00  0.000000e+00 -1.000000e+00
   outer loop
     vertex  1.360000e+02 -5.300000e+01  0.000000e+00
     vertex  1.361553e+02 -5.362044e+01  0.000000e+00
     vertex  1.360000e+02 -5.360000e+01  0.000000e+00
   endloop
 endfacet
 facet normal -0.000000e+00 -0.000000e+00 -1.000000e+00
   outer loop
     vertex  1.360000e+02 -5.300000e+01  0.000000e+00
     vertex  1.360000e+02 -5.360000e+01  0.000000e+00
     vertex  1.358447e+02 -5.297956e+01  0.000000e+00
   endloop
 endfacet
 facet normal  0.000000e+00  0.000000e+00 -1.000000e+00
   outer loop
     vertex  1.354000e+02 -5.240000e+01  0.000000e+00
     vertex  1.228000e+02 -6.111436e+01  0.000000e+00
     vertex  1.224141e+02 -6.095452e+01  0.000000e+00
   endloop
 endfacet
 facet normal  0.000000e+00  0.000000e+00 -1.000000e+00
   outer loop
     vertex  1.354000e+02 -5.240000e+01  0.000000e+00
     vertex  1.354204e+02 -5.255529e+01  0.000000e+00
     vertex  1.354000e+02 -5.420000e+01  0.000000e+00
   endloop
 endfacet
 facet normal  0.000000e+00 -0.000000e+00 -1.000000e+00
   outer loop
     vertex  1.354000e+02 -5.240000e+01  0.000000e+00
     vertex  1.354000e+02 -5.420000e+01  0.000000e+00
     vertex  1.228000e+02 -6.111436e+01  0.000000e+00
   endloop
 endfacet
 facet normal  0.000000e+00 -0.000000e+00 -1.000000e+00
   outer loop
     vertex  1.361553e+02 -5.297956e+01  0.000000e+00
     vertex  1.361553e+02 -5.362044e+01  0.000000e+00
     vertex  1.360000e+02 -5.300000e+01  0.000000e+00
   endloop
 endfacet
 facet normal  0.000000e+00  0.000000e+00 -1.000000e+00
   outer loop
     vertex  1.354204e+02 -5.224471e+01  0.000000e+00
     vertex  1.224141e+02 -6.095452e+01  0.000000e+00
     vertex  1.220000e+02 -6.090000e+01  0.000000e+00
   endloop
 endfacet
 facet normal  0.000000e+00  0.000000e+00 -1.000000e+00
   outer loop
     vertex  1.354204e+02 -5.224471e+01  0.000000e+00
     vertex  1.354000e+02 -5.240000e+01  0.000000e+00
     vertex  1.224141e+02 -6.095452e+01  0.000000e+00
   endloop
 endfacet
 facet normal -0.000000e+00  0.000000e+00 -1.000000e+00
   outer loop
     vertex  1.354804e+02 -5.210000e+01  0.000000e+00
     vertex  1.085196e+02 -5.210000e+01  0.000000e+00
     vertex  1.084243e+02 -5.197574e+01  0.000000e+00
   endloop
 endfacet
 facet normal  0.000000e+00  0.000000e+00 -1.000000e+00
   outer loop
     vertex  1.354804e+02 -5.210000e+01  0.000000e+00
     vertex  1.354204e+02 -5.224471e+01  0.000000e+00
     vertex  1.220000e+02 -6.090000e+01  0.000000e+00
   endloop
 endfacet
 facet normal  0.000000e+00  0.000000e+00 -1.000000e+00
   outer loop
     vertex  1.354804e+02 -5.210000e+01  0.000000e+00
     vertex  1.220000e+02 -6.090000e+01  0.000000e+00
     vertex  1.085196e+02 -5.210000e+01  0.000000e+00
   endloop
 endfacet
 facet normal  0.000000e+00  0.000000e+00 -1.000000e+00
   outer loop
     vertex  1.363000e+02 -5.291962e+01  0.000000e+00
     vertex  1.361553e+02 -5.362044e+01  0.000000e+00
     vertex  1.361553e+02 -5.297956e+01  0.000000e+00
   endloop
 endfacet
 facet normal  0.000000e+00 -0.000000e+00 -1.000000e+00
   outer loop
     vertex  1.363000e+02 -5.291962e+01  0.000000e+00
     vertex  1.363000e+02 -5.368038e+01  0.000000e+00
     vertex  1.361553e+02 -5.362044e+01  0.000000e+00
   endloop
 endfacet
 facet normal  0.000000e+00  0.000000e+00 -1.000000e+00
   outer loop
     vertex  1.364243e+02 -5.282426e+01  0.000000e+00
     vertex  1.363000e+02 -5.368038e+01  0.000000e+00
     vertex  1.363000e+02 -5.291962e+01  0.000000e+00
   endloop
 endfacet
 facet normal  0.000000e+00 -0.000000e+00 -1.000000e+00
   outer loop
     vertex  1.364243e+02 -5.282426e+01  0.000000e+00
     vertex  1.364243e+02 -5.377574e+01  0.000000e+00
     vertex  1.363000e+02 -5.368038e+01  0.000000e+00
   endloop
 endfacet
 facet normal  0.000000e+00  0.000000e+00 -1.000000e+00
   outer loop
     vertex  1.355757e+02 -5.197574e+01  0.000000e+00
     vertex  1.354804e+02 -5.210000e+01  0.000000e+00
     vertex  1.084243e+02 -5.197574e+01  0.000000e+00
   endloop
 endfacet
 facet normal  0.000000e+00  0.000000e+00 -1.000000e+00
   outer loop
     vertex  1.357000e+02 -5.188038e+01  0.000000e+00
     vertex  1.084243e+02 -5.197574e+01  0.000000e+00
     vertex  1.083000e+02 -5.188038e+01  0.000000e+00
   endloop
 endfacet
 facet normal  0.000000e+00  0.000000e+00 -1.000000e+00
   outer loop
     vertex  1.357000e+02 -5.188038e+01  0.000000e+00
     vertex  1.355757e+02 -5.197574e+01  0.000000e+00
     vertex  1.084243e+02 -5.197574e+01  0.000000e+00
   endloop
 endfacet
 facet normal  0.000000e+00  0.000000e+00 -1.000000e+00
   outer loop
     vertex  1.365196e+02 -5.270000e+01  0.000000e+00
     vertex  1.364243e+02 -5.377574e+01  0.000000e+00
     vertex  1.364243e+02 -5.282426e+01  0.000000e+00
   endloop
 endfacet
 facet normal  0.000000e+00 -0.000000e+00 -1.000000e+00
   outer loop
     vertex  1.365196e+02 -5.270000e+01  0.000000e+00
     vertex  1.365196e+02 -5.390000e+01  0.000000e+00
     vertex  1.364243e+02 -5.377574e+01  0.000000e+00
   endloop
 endfacet
 facet normal  0.000000e+00  0.000000e+00 -1.000000e+00
   outer loop
     vertex  1.365196e+02 -5.270000e+01  0.000000e+00
     vertex  1.365796e+02 -5.404471e+01  0.000000e+00
     vertex  1.365196e+02 -5.390000e+01  0.000000e+00
   endloop
 endfacet
 facet normal  0.000000e+00 -0.000000e+00 -1.000000e+00
   outer loop
     vertex  1.365796e+02 -5.255529e+01  0.000000e+00
     vertex  1.365796e+02 -5.404471e+01  0.000000e+00
     vertex  1.365196e+02 -5.270000e+01  0.000000e+00
   endloop
 endfacet
 facet normal  0.000000e+00  0.000000e+00 -1.000000e+00
   outer loop
     vertex  1.358447e+02 -5.182044e+01  0.000000e+00
     vertex  1.083000e+02 -5.188038e+01  0.000000e+00
     vertex  1.081553e+02 -5.182044e+01  0.000000e+00
   endloop
 endfacet
 facet normal  0.000000e+00  0.000000e+00 -1.000000e+00
   outer loop
     vertex  1.358447e+02 -5.182044e+01  0.000000e+00
     vertex  1.357000e+02 -5.188038e+01  0.000000e+00
     vertex  1.083000e+02 -5.188038e+01  0.000000e+00
   endloop
 endfacet
 facet normal  0.000000e+00  0.000000e+00 -1.000000e+00
   outer loop
     vertex  1.366000e+02 -5.240000e+01  0.000000e+00
     vertex  1.365796e+02 -5.404471e+01  0.000000e+00
     vertex  1.365796e+02 -5.255529e+01  0.000000e+00
   endloop
 endfacet
 facet normal  0.000000e+00 -0.000000e+00 -1.000000e+00
   outer loop
     vertex  1.366000e+02 -5.240000e+01  0.000000e+00
     vertex  1.366000e+02 -5.420000e+01  0.000000e+00
     vertex  1.365796e+02 -5.404471e+01  0.000000e+00
   endloop
 endfacet
 facet normal  0.000000e+00  0.000000e+00 -1.000000e+00
   outer loop
     vertex  1.488686e+02 -6.363137e+01  0.000000e+00
     vertex  1.366000e+02 -7.070000e+01  0.000000e+00
     vertex  1.366000e+02 -6.890000e+01  0.000000e+00
   endloop
 endfacet
 facet normal  0.000000e+00  0.000000e+00 -1.000000e+00
   outer loop
     vertex  1.488686e+02 -6.363137e+01  0.000000e+00
     vertex  1.366000e+02 -6.890000e+01  0.000000e+00
     vertex  1.365796e+02 -6.874471e+01  0.000000e+00
   endloop
 endfacet
 facet normal  0.000000e+00  0.000000e+00 -1.000000e+00
   outer loop
     vertex  1.492000e+02 -6.388564e+01  0.000000e+00
     vertex  1.366000e+02 -7.250000e+01  0.000000e+00
     vertex  1.366000e+02 -7.070000e+01  0.000000e+00
   endloop
 endfacet
 facet normal -0.000000e+00  0.000000e+00 -1.000000e+00
   outer loop
     vertex  1.492000e+02 -6.388564e+01  0.000000e+00
     vertex  1.366000e+02 -7.070000e+01  0.000000e+00
     vertex  1.488686e+02 -6.363137e+01  0.000000e+00
   endloop
 endfacet
 facet normal  0.000000e+00 -0.000000e+00 -1.000000e+00
   outer loop
     vertex  1.486144e+02 -6.330000e+01  0.000000e+00
     vertex  1.488686e+02 -6.363137e+01  0.000000e+00
     vertex  1.365796e+02 -6.874471e+01  0.000000e+00
   endloop
 endfacet
 facet normal  0.000000e+00  0.000000e+00 -1.000000e+00
   outer loop
     vertex  1.486144e+02 -6.330000e+01  0.000000e+00
     vertex  1.365796e+02 -6.874471e+01  0.000000e+00
     vertex  1.365196e+02 -6.860000e+01  0.000000e+00
   endloop
 endfacet
 facet normal -0.000000e+00  0.000000e+00 -1.000000e+00
   outer loop
     vertex  1.495859e+02 -6.404548e+01  0.000000e+00
     vertex  1.366000e+02 -7.250000e+01  0.000000e+00
     vertex  1.492000e+02 -6.388564e+01  0.000000e+00
   endloop
 endfacet
 facet normal  0.000000e+00  0.000000e+00 -1.000000e+00
   outer loop
     vertex  1.495859e+02 -6.404548e+01  0.000000e+00
     vertex  1.365796e+02 -7.265529e+01  0.000000e+00
     vertex  1.366000e+02 -7.250000e+01  0.000000e+00
   endloop
 endfacet
 facet normal  0.000000e+00  0.000000e+00 -1.000000e+00
   outer loop
     vertex  1.484545e+02 -6.291411e+01  0.000000e+00
     vertex  1.365196e+02 -6.860000e+01  0.000000e+00
     vertex  1.364243e+02 -6.847574e+01  0.000000e+00
   endloop
 endfacet
 facet normal  0.000000e+00 -0.000000e+00 -1.000000e+00
   outer loop
     vertex  1.484545e+02 -6.291411e+01  0.000000e+00
     vertex  1.486144e+02 -6.330000e+01  0.000000e+00
     vertex  1.365196e+02 -6.860000e+01  0.000000e+00
   endloop
 endfacet
 facet normal -0.000000e+00  0.000000e+00 -1.000000e+00
   outer loop
     vertex  1.500000e+02 -6.410000e+01  0.000000e+00
     vertex  1.365796e+02 -7.265529e+01  0.000000e+00
     vertex  1.495859e+02 -6.404548e+01  0.000000e+00
   endloop
 endfacet
 facet normal  0.000000e+00  0.000000e+00 -1.000000e+00
   outer loop
     vertex  1.500000e+02 -6.410000e+01  0.000000e+00
     vertex  1.365196e+02 -7.280000e+01  0.000000e+00
     vertex  1.365796e+02 -7.265529e+01  0.000000e+00
   endloop
 endfacet
 facet normal  0.000000e+00 -0.000000e+00 -1.000000e+00
   outer loop
     vertex  1.484000e+02 -6.250000e+01  0.000000e+00
     vertex  1.484545e+02 -6.291411e+01  0.000000e+00
     vertex  1.364243e+02 -6.847574e+01  0.000000e+00
   endloop
 endfacet
 facet normal  0.000000e+00  0.000000e+00 -1.000000e+00
   outer loop
     vertex  1.484000e+02 -6.250000e+01  0.000000e+00
     vertex  1.364243e+02 -6.847574e+01  0.000000e+00
     vertex  1.363000e+02 -6.838038e+01  0.000000e+00
   endloop
 endfacet
 facet normal -0.000000e+00  0.000000e+00 -1.000000e+00
   outer loop
     vertex  1.484000e+02 -6.250000e+01  0.000000e+00
     vertex  1.363000e+02 -6.838038e+01  0.000000e+00
     vertex  1.363000e+02 -5.651962e+01  0.000000e+00
   endloop
 endfacet
 facet normal  0.000000e+00  0.000000e+00 -1.000000e+00
   outer loop
     vertex  1.484000e+02 -6.250000e+01  0.000000e+00
     vertex  1.363000e+02 -5.651962e+01  0.000000e+00
     vertex  1.364243e+02 -5.642426e+01  0.000000e+00
   endloop
 endfacet
 facet normal -0.000000e+00  0.000000e+00 -1.000000e+00
   outer loop
     vertex  1.484545e+02 -6.208589e+01  0.000000e+00
     vertex  1.484000e+02 -6.250000e+01  0.000000e+00
     vertex  1.364243e+02 -5.642426e+01  0.000000e+00
   endloop
 endfacet
 facet normal  0.000000e+00  0.000000e+00 -1.000000e+00
   outer loop
     vertex  1.484545e+02 -6.208589e+01  0.000000e+00
     vertex  1.364243e+02 -5.642426e+01  0.000000e+00
     vertex  1.365196e+02 -5.630000e+01  0.000000e+00
   endloop
 endfacet
 facet normal -0.000000e+00  0.000000e+00 -1.000000e+00
   outer loop
     vertex  1.486144e+02 -6.170000e+01  0.000000e+00
     vertex  1.484545e+02 -6.208589e+01  0.000000e+00
     vertex  1.365196e+02 -5.630000e+01  0.000000e+00
   endloop
 endfacet
 facet normal  0.000000e+00  0.000000e+00 -1.000000e+00
   outer loop
     vertex  1.486144e+02 -6.170000e+01  0.000000e+00
     vertex  1.365196e+02 -5.630000e+01  0.000000e+00
     vertex  1.365796e+02 -5.615529e+01  0.000000e+00
   endloop
 endfacet
 facet normal  0.000000e+00  0.000000e+00 -1.000000e+00
   outer loop
     vertex  1.488686e+02 -6.136863e+01  0.000000e+00
     vertex  1.366000e+02 -5.600000e+01  0.000000e+00
     vertex  1.366000e+02 -5.420000e+01  0.000000e+00
   endloop
 endfacet
 facet normal  0.000000e+00  0.000000e+00 -1.000000e+00
   outer loop
     vertex  1.488686e+02 -6.136863e+01  0.000000e+00
     vertex  1.365796e+02 -5.615529e+01  0.000000e+00
     vertex  1.366000e+02 -5.600000e+01  0.000000e+00
   endloop
 endfacet
 facet normal -0.000000e+00  0.000000e+00 -1.000000e+00
   outer loop
     vertex  1.488686e+02 -6.136863e+01  0.000000e+00
     vertex  1.486144e+02 -6.170000e+01  0.000000e+00
     vertex  1.365796e+02 -5.615529e+01  0.000000e+00
   endloop
 endfacet
 facet normal  0.000000e+00  0.000000e+00 -1.000000e+00
   outer loop
     vertex  1.492000e+02 -6.111436e+01  0.000000e+00
     vertex  1.366000e+02 -5.420000e+01  0.000000e+00
     vertex  1.366000e+02 -5.240000e+01  0.000000e+00
   endloop
 endfacet
 facet normal -0.000000e+00  0.000000e+00 -1.000000e+00
   outer loop
     vertex  1.492000e+02 -6.111436e+01  0.000000e+00
     vertex  1.488686e+02 -6.136863e+01  0.000000e+00
     vertex  1.366000e+02 -5.420000e+01  0.000000e+00
   endloop
 endfacet
 facet normal -0.000000e+00  0.000000e+00 -1.000000e+00
   outer loop
     vertex  1.495859e+02 -6.095452e+01  0.000000e+00
     vertex  1.492000e+02 -6.111436e+01  0.000000e+00
     vertex  1.366000e+02 -5.240000e+01  0.000000e+00
   endloop
 endfacet
 facet normal  0.000000e+00  0.000000e+00 -1.000000e+00
   outer loop
     vertex  1.495859e+02 -6.095452e+01  0.000000e+00
     vertex  1.366000e+02 -5.240000e+01  0.000000e+00
     vertex  1.365796e+02 -5.224471e+01  0.000000e+00
   endloop
 endfacet
 facet normal -0.000000e+00  0.000000e+00 -1.000000e+00
   outer loop
     vertex  1.500000e+02 -6.090000e+01  0.000000e+00
     vertex  1.495859e+02 -6.095452e+01  0.000000e+00
     vertex  1.365796e+02 -5.224471e+01  0.000000e+00
   endloop
 endfacet
 facet normal  0.000000e+00  0.000000e+00 -1.000000e+00
   outer loop
     vertex  1.500000e+02 -6.090000e+01  0.000000e+00
     vertex  1.365796e+02 -5.224471e+01  0.000000e+00
     vertex  1.365196e+02 -5.210000e+01  0.000000e+00
   endloop
 endfacet
 facet normal -0.000000e+00  0.000000e+00 -1.000000e+00
   outer loop
     vertex  1.635757e+02 -7.292426e+01  0.000000e+00
     vertex  1.363000e+02 -7.301962e+01  0.000000e+00
     vertex  1.364243e+02 -7.292426e+01  0.000000e+00
   endloop
 endfacet
 facet normal  0.000000e+00  0.000000e+00 -1.000000e+00
   outer loop
     vertex  1.637000e+02 -7.301962e+01  0.000000e+00
     vertex  1.363000e+02 -7.301962e+01  0.000000e+00
     vertex  1.635757e+02 -7.292426e+01  0.000000e+00
   endloop
 endfacet
 facet normal  0.000000e+00 -0.000000e+00 -1.000000e+00
   outer loop
     vertex  1.634804e+02 -7.280000e+01  0.000000e+00
     vertex  1.635757e+02 -7.292426e+01  0.000000e+00
     vertex  1.364243e+02 -7.292426e+01  0.000000e+00
   endloop
 endfacet
 facet normal  0.000000e+00  0.000000e+00 -1.000000e+00
   outer loop
     vertex  1.634804e+02 -7.280000e+01  0.000000e+00
     vertex  1.365196e+02 -7.280000e+01  0.000000e+00
     vertex  1.500000e+02 -6.410000e+01  0.000000e+00
   endloop
 endfacet
 facet normal -0.000000e+00  0.000000e+00 -1.000000e+00
   outer loop
     vertex  1.634804e+02 -7.280000e+01  0.000000e+00
     vertex  1.364243e+02 -7.292426e+01  0.000000e+00
     vertex  1.365196e+02 -7.280000e+01  0.000000e+00
   endloop
 endfacet
 facet normal  0.000000e+00  0.000000e+00 -1.000000e+00
   outer loop
     vertex  1.638447e+02 -7.307956e+01  0.000000e+00
     vertex  1.363000e+02 -7.301962e+01  0.000000e+00
     vertex  1.637000e+02 -7.301962e+01  0.000000e+00
   endloop
 endfacet
 facet normal  0.000000e+00  0.000000e+00 -1.000000e+00
   outer loop
     vertex  1.638447e+02 -7.307956e+01  0.000000e+00
     vertex  1.361553e+02 -7.307956e+01  0.000000e+00
     vertex  1.363000e+02 -7.301962e+01  0.000000e+00
   endloop
 endfacet
 facet normal -0.000000e+00  0.000000e+00 -1.000000e+00
   outer loop
     vertex  1.638447e+02 -7.307956e+01  0.000000e+00
     vertex  1.360000e+02 -7.310000e+01  0.000000e+00
     vertex  1.361553e+02 -7.307956e+01  0.000000e+00
   endloop
 endfacet
 facet normal -0.000000e+00 -0.000000e+00 -1.000000e+00
   outer loop
     vertex  1.634204e+02 -7.265529e+01  0.000000e+00
     vertex  1.634804e+02 -7.280000e+01  0.000000e+00
     vertex  1.500000e+02 -6.410000e+01  0.000000e+00
   endloop
 endfacet
 facet normal  0.000000e+00  0.000000e+00 -1.000000e+00
   outer loop
     vertex  1.634204e+02 -7.265529e+01  0.000000e+00
     vertex  1.500000e+02 -6.410000e+01  0.000000e+00
     vertex  1.504141e+02 -6.404548e+01  0.000000e+00
   endloop
 endfacet
 facet normal  0.000000e+00  0.000000e+00 -1.000000e+00
   outer loop
     vertex  1.640000e+02 -7.310000e+01  0.000000e+00
     vertex  1.360000e+02 -7.310000e+01  0.000000e+00
     vertex  1.638447e+02 -7.307956e+01  0.000000e+00
   endloop
 endfacet
 facet normal -0.000000e+00 -0.000000e+00 -1.000000e+00
   outer loop
     vertex  1.634000e+02 -7.250000e+01  0.000000e+00
     vertex  1.634204e+02 -7.265529e+01  0.000000e+00
     vertex  1.504141e+02 -6.404548e+01  0.000000e+00
   endloop
 endfacet
 facet normal  0.000000e+00  0.000000e+00 -1.000000e+00
   outer loop
     vertex  1.634000e+02 -7.250000e+01  0.000000e+00
     vertex  1.504141e+02 -6.404548e+01  0.000000e+00
     vertex  1.508000e+02 -6.388564e+01  0.000000e+00
   endloop
 endfacet
 facet normal  0.000000e+00 -0.000000e+00 -1.000000e+00
   outer loop
     vertex  1.635757e+02 -7.112426e+01  0.000000e+00
     vertex  1.635757e+02 -7.207574e+01  0.000000e+00
     vertex  1.634804e+02 -7.220000e+01  0.000000e+00
   endloop
 endfacet
 facet normal -0.000000e+00  0.000000e+00 -1.000000e+00
   outer loop
     vertex  1.637000e+02 -7.121962e+01  0.000000e+00
     vertex  1.635757e+02 -7.207574e+01  0.000000e+00
     vertex  1.635757e+02 -7.112426e+01  0.000000e+00
   endloop
 endfacet
 facet normal  0.000000e+00 -0.000000e+00 -1.000000e+00
   outer loop
     vertex  1.637000e+02 -7.121962e+01  0.000000e+00
     vertex  1.637000e+02 -7.198038e+01  0.000000e+00
     vertex  1.635757e+02 -7.207574e+01  0.000000e+00
   endloop
 endfacet
 facet normal  0.000000e+00 -0.000000e+00 -1.000000e+00
   outer loop
     vertex  1.634804e+02 -7.100000e+01  0.000000e+00
     vertex  1.634804e+02 -7.220000e+01  0.000000e+00
     vertex  1.634204e+02 -7.234471e+01  0.000000e+00
   endloop
 endfacet
 facet normal  0.000000e+00  0.000000e+00 -1.000000e+00
   outer loop
     vertex  1.634804e+02 -7.100000e+01  0.000000e+00
     vertex  1.635757e+02 -7.112426e+01  0.000000e+00
     vertex  1.634804e+02 -7.220000e+01  0.000000e+00
   endloop
 endfacet
 facet normal -0.000000e+00  0.000000e+00 -1.000000e+00
   outer loop
     vertex  1.638447e+02 -7.127956e+01  0.000000e+00
     vertex  1.637000e+02 -7.198038e+01  0.000000e+00
     vertex  1.637000e+02 -7.121962e+01  0.000000e+00
   endloop
 endfacet
 facet normal  0.000000e+00 -0.000000e+00 -1.000000e+00
   outer loop
     vertex  1.638447e+02 -7.127956e+01  0.000000e+00
     vertex  1.638447e+02 -7.192044e+01  0.000000e+00
     vertex  1.637000e+02 -7.198038e+01  0.000000e+00
   endloop
 endfacet
 facet normal  0.000000e+00  0.000000e+00 -1.000000e+00
   outer loop
     vertex  1.634204e+02 -7.085529e+01  0.000000e+00
     vertex  1.634804e+02 -7.100000e+01  0.000000e+00
     vertex  1.634204e+02 -7.234471e+01  0.000000e+00
   endloop
 endfacet
 facet normal -0.000000e+00  0.000000e+00 -1.000000e+00
   outer loop
     vertex  1.640000e+02 -7.130000e+01  0.000000e+00
     vertex  1.638447e+02 -7.192044e+01  0.000000e+00
     vertex  1.638447e+02 -7.127956e+01  0.000000e+00
   endloop
 endfacet
 facet normal  0.000000e+00 -0.000000e+00 -1.000000e+00
   outer loop
     vertex  1.640000e+02 -7.130000e+01  0.000000e+00
     vertex  1.640000e+02 -7.190000e+01  0.000000e+00
     vertex  1.638447e+02 -7.192044e+01  0.000000e+00
   endloop
 endfacet
 facet normal -0.000000e+00 -0.000000e+00 -1.000000e+00
   outer loop
     vertex  1.634000e+02 -7.070000e+01  0.000000e+00
     vertex  1.634000e+02 -7.250000e+01  0.000000e+00
     vertex  1.508000e+02 -6.388564e+01  0.000000e+00
   endloop
 endfacet
 facet normal  0.000000e+00  0.000000e+00 -1.000000e+00
   outer loop
     vertex  1.634000e+02 -7.070000e+01  0.000000e+00
     vertex  1.508000e+02 -6.388564e+01  0.000000e+00
     vertex  1.511314e+02 -6.363137e+01  0.000000e+00
   endloop
 endfacet
 facet normal  0.000000e+00  0.000000e+00 -1.000000e+00
   outer loop
     vertex  1.634000e+02 -7.070000e+01  0.000000e+00
     vertex  1.634204e+02 -7.085529e+01  0.000000e+00
     vertex  1.634204e+02 -7.234471e+01  0.000000e+00
   endloop
 endfacet
 facet normal  0.000000e+00  0.000000e+00 -1.000000e+00
   outer loop
     vertex  1.634000e+02 -7.070000e+01  0.000000e+00
     vertex  1.634204e+02 -7.234471e+01  0.000000e+00
     vertex  1.634000e+02 -7.250000e+01  0.000000e+00
   endloop
 endfacet
 facet normal  0.000000e+00  0.000000e+00 -1.000000e+00
   outer loop
     vertex  1.641553e+02 -7.127956e+01  0.000000e+00
     vertex  1.640000e+02 -7.190000e+01  0.000000e+00
     vertex  1.640000e+02 -7.130000e+01  0.000000e+00
   endloop
 endfacet
 facet normal  0.000000e+00 -0.000000e+00 -1.000000e+00
   outer loop
     vertex  1.641553e+02 -7.127956e+01  0.000000e+00
     vertex  1.641553e+02 -7.192044e+01  0.000000e+00
     vertex  1.640000e+02 -7.190000e+01  0.000000e+00
   endloop
 endfacet
 facet normal  0.000000e+00  0.000000e+00 -1.000000e+00
   outer loop
     vertex  1.643000e+02 -7.121962e+01  0.000000e+00
     vertex  1.641553e+02 -7.192044e+01  0.000000e+00
     vertex  1.641553e+02 -7.127956e+01  0.000000e+00
   endloop
 endfacet
 facet normal  0.000000e+00 -0.000000e+00 -1.000000e+00
   outer loop
     vertex  1.643000e+02 -7.121962e+01  0.000000e+00
     vertex  1.643000e+02 -7.198038e+01  0.000000e+00
     vertex  1.641553e+02 -7.192044e+01  0.000000e+00
   endloop
 endfacet
 facet normal  0.000000e+00  0.000000e+00 -1.000000e+00
   outer loop
     vertex  1.643000e+02 -7.121962e+01  0.000000e+00
     vertex  1.644243e+02 -7.207574e+01  0.000000e+00
     vertex  1.643000e+02 -7.198038e+01  0.000000e+00
   endloop
 endfacet
 facet normal  0.000000e+00 -0.000000e+00 -1.000000e+00
   outer loop
     vertex  1.644243e+02 -7.112426e+01  0.000000e+00
     vertex  1.644243e+02 -7.207574e+01  0.000000e+00
     vertex  1.643000e+02 -7.121962e+01  0.000000e+00
   endloop
 endfacet
 facet normal  0.000000e+00 -0.000000e+00 -1.000000e+00
   outer loop
     vertex  1.645196e+02 -7.100000e+01  0.000000e+00
     vertex  1.645196e+02 -7.220000e+01  0.000000e+00
     vertex  1.644243e+02 -7.207574e+01  0.000000e+00
   endloop
 endfacet
 facet normal  0.000000e+00  0.000000e+00 -1.000000e+00
   outer loop
     vertex  1.645196e+02 -7.100000e+01  0.000000e+00
     vertex  1.645796e+02 -7.234471e+01  0.000000e+00
     vertex  1.645196e+02 -7.220000e+01  0.000000e+00
   endloop
 endfacet
 facet normal  0.000000e+00  0.000000e+00 -1.000000e+00
   outer loop
     vertex  1.645196e+02 -7.100000e+01  0.000000e+00
     vertex  1.644243e+02 -7.207574e+01  0.000000e+00
     vertex  1.644243e+02 -7.112426e+01  0.000000e+00
   endloop
 endfacet
 facet normal  0.000000e+00 -0.000000e+00 -1.000000e+00
   outer loop
     vertex  1.645796e+02 -7.085529e+01  0.000000e+00
     vertex  1.645796e+02 -7.234471e+01  0.000000e+00
     vertex  1.645196e+02 -7.100000e+01  0.000000e+00
   endloop
 endfacet
 facet normal  0.000000e+00  0.000000e+00 -1.000000e+00
   outer loop
     vertex  1.646000e+02 -7.070000e+01  0.000000e+00
     vertex  1.645796e+02 -7.234471e+01  0.000000e+00
     vertex  1.645796e+02 -7.085529e+01  0.000000e+00
   endloop
 endfacet
 facet normal  0.000000e+00 -0.000000e+00 -1.000000e+00
   outer loop
     vertex  1.646000e+02 -7.070000e+01  0.000000e+00
     vertex  1.646000e+02 -7.250000e+01  0.000000e+00
     vertex  1.645796e+02 -7.234471e+01  0.000000e+00
   endloop
 endfacet
 facet normal  0.000000e+00 -0.000000e+00 -1.000000e+00
   outer loop
     vertex  1.637000e+02 -6.941962e+01  0.000000e+00
     vertex  1.637000e+02 -7.018038e+01  0.000000e+00
     vertex  1.635757e+02 -7.027574e+01  0.000000e+00
   endloop
 endfacet
 facet normal -0.000000e+00  0.000000e+00 -1.000000e+00
   outer loop
     vertex  1.637000e+02 -6.941962e+01  0.000000e+00
     vertex  1.635757e+02 -7.027574e+01  0.000000e+00
     vertex  1.635757e+02 -6.932426e+01  0.000000e+00
   endloop
 endfacet
 facet normal  0.000000e+00  0.000000e+00 -1.000000e+00
   outer loop
     vertex  1.634804e+02 -6.920000e+01  0.000000e+00
     vertex  1.635757e+02 -7.027574e+01  0.000000e+00
     vertex  1.634804e+02 -7.040000e+01  0.000000e+00
   endloop
 endfacet
 facet normal  0.000000e+00  0.000000e+00 -1.000000e+00
   outer loop
     vertex  1.634804e+02 -6.920000e+01  0.000000e+00
     vertex  1.635757e+02 -6.932426e+01  0.000000e+00
     vertex  1.635757e+02 -7.027574e+01  0.000000e+00
   endloop
 endfacet
 facet normal  0.000000e+00 -0.000000e+00 -1.000000e+00
   outer loop
     vertex  1.638447e+02 -6.947956e+01  0.000000e+00
     vertex  1.638447e+02 -7.012044e+01  0.000000e+00
     vertex  1.637000e+02 -7.018038e+01  0.000000e+00
   endloop
 endfacet
 facet normal -0.000000e+00  0.000000e+00 -1.000000e+00
   outer loop
     vertex  1.638447e+02 -6.947956e+01  0.000000e+00
     vertex  1.637000e+02 -7.018038e+01  0.000000e+00
     vertex  1.637000e+02 -6.941962e+01  0.000000e+00
   endloop
 endfacet
 facet normal  0.000000e+00 -0.000000e+00 -1.000000e+00
   outer loop
     vertex  1.634204e+02 -6.905529e+01  0.000000e+00
     vertex  1.634204e+02 -7.054471e+01  0.000000e+00
     vertex  1.634000e+02 -7.070000e+01  0.000000e+00
   endloop
 endfacet
 facet normal  0.000000e+00  0.000000e+00 -1.000000e+00
   outer loop
     vertex  1.634204e+02 -6.905529e+01  0.000000e+00
     vertex  1.634804e+02 -7.040000e+01  0.000000e+00
     vertex  1.634204e+02 -7.054471e+01  0.000000e+00
   endloop
 endfacet
 facet normal  0.000000e+00  0.000000e+00 -1.000000e+00
   outer loop
     vertex  1.634204e+02 -6.905529e+01  0.000000e+00
     vertex  1.634804e+02 -6.920000e+01  0.000000e+00
     vertex  1.634804e+02 -7.040000e+01  0.000000e+00
   endloop
 endfacet
 facet normal  0.000000e+00 -0.000000e+00 -1.000000e+00
   outer loop
     vertex  1.640000e+02 -6.950000e+01  0.000000e+00
     vertex  1.640000e+02 -7.010000e+01  0.000000e+00
     vertex  1.638447e+02 -7.012044e+01  0.000000e+00
   endloop
 endfacet
 facet normal -0.000000e+00  0.000000e+00 -1.000000e+00
   outer loop
     vertex  1.640000e+02 -6.950000e+01  0.000000e+00
     vertex  1.638447e+02 -7.012044e+01  0.000000e+00
     vertex  1.638447e+02 -6.947956e+01  0.000000e+00
   endloop
 endfacet
 facet normal -0.000000e+00 -0.000000e+00 -1.000000e+00
   outer loop
     vertex  1.634000e+02 -6.890000e+01  0.000000e+00
     vertex  1.634000e+02 -7.070000e+01  0.000000e+00
     vertex  1.511314e+02 -6.363137e+01  0.000000e+00
   endloop
 endfacet
 facet normal  0.000000e+00  0.000000e+00 -1.000000e+00
   outer loop
     vertex  1.634000e+02 -6.890000e+01  0.000000e+00
     vertex  1.634204e+02 -6.905529e+01  0.000000e+00
     vertex  1.634000e+02 -7.070000e+01  0.000000e+00
   endloop
 endfacet
 facet normal -0.000000e+00  0.000000e+00 -1.000000e+00
   outer loop
     vertex  1.634204e+02 -6.874471e+01  0.000000e+00
     vertex  1.634000e+02 -6.890000e+01  0.000000e+00
     vertex  1.511314e+02 -6.363137e+01  0.000000e+00
   endloop
 endfacet
 facet normal  0.000000e+00  0.000000e+00 -1.000000e+00
   outer loop
     vertex  1.634204e+02 -6.874471e+01  0.000000e+00
     vertex  1.511314e+02 -6.363137e+01  0.000000e+00
     vertex  1.513856e+02 -6.330000e+01  0.000000e+00
   endloop
 endfacet
 facet normal  0.000000e+00 -0.000000e+00 -1.000000e+00
   outer loop
     vertex  1.641553e+02 -6.947956e+01  0.000000e+00
     vertex  1.641553e+02 -7.012044e+01  0.000000e+00
     vertex  1.640000e+02 -7.010000e+01  0.000000e+00
   endloop
 endfacet
 facet normal  0.000000e+00  0.000000e+00 -1.000000e+00
   outer loop
     vertex  1.641553e+02 -6.947956e+01  0.000000e+00
     vertex  1.643000e+02 -7.018038e+01  0.000000e+00
     vertex  1.641553e+02 -7.012044e+01  0.000000e+00
   endloop
 endfacet
 facet normal  0.000000e+00  0.000000e+00 -1.000000e+00
   outer loop
     vertex  1.641553e+02 -6.947956e+01  0.000000e+00
     vertex  1.640000e+02 -7.010000e+01  0.000000e+00
     vertex  1.640000e+02 -6.950000e+01  0.000000e+00
   endloop
 endfacet
 facet normal -0.000000e+00  0.000000e+00 -1.000000e+00
   outer loop
     vertex  1.634804e+02 -6.860000e+01  0.000000e+00
     vertex  1.634204e+02 -6.874471e+01  0.000000e+00
     vertex  1.513856e+02 -6.330000e+01  0.000000e+00
   endloop
 endfacet
 facet normal  0.000000e+00  0.000000e+00 -1.000000e+00
   outer loop
     vertex  1.634804e+02 -6.860000e+01  0.000000e+00
     vertex  1.513856e+02 -6.330000e+01  0.000000e+00
     vertex  1.515455e+02 -6.291411e+01  0.000000e+00
   endloop
 endfacet
 facet normal  0.000000e+00 -0.000000e+00 -1.000000e+00
   outer loop
     vertex  1.643000e+02 -6.941962e+01  0.000000e+00
     vertex  1.643000e+02 -7.018038e+01  0.000000e+00
     vertex  1.641553e+02 -6.947956e+01  0.000000e+00
   endloop
 endfacet
 facet normal  0.000000e+00 -0.000000e+00 -1.000000e+00
   outer loop
     vertex  1.644243e+02 -6.932426e+01  0.000000e+00
     vertex  1.644243e+02 -7.027574e+01  0.000000e+00
     vertex  1.643000e+02 -7.018038e+01  0.000000e+00
   endloop
 endfacet
 facet normal  0.000000e+00  0.000000e+00 -1.000000e+00
   outer loop
     vertex  1.644243e+02 -6.932426e+01  0.000000e+00
     vertex  1.643000e+02 -7.018038e+01  0.000000e+00
     vertex  1.643000e+02 -6.941962e+01  0.000000e+00
   endloop
 endfacet
 facet normal  0.000000e+00  0.000000e+00 -1.000000e+00
   outer loop
     vertex  1.635757e+02 -6.847574e+01  0.000000e+00
     vertex  1.515455e+02 -6.291411e+01  0.000000e+00
     vertex  1.516000e+02 -6.250000e+01  0.000000e+00
   endloop
 endfacet
 facet normal -0.000000e+00  0.000000e+00 -1.000000e+00
   outer loop
     vertex  1.635757e+02 -6.847574e+01  0.000000e+00
     vertex  1.634804e+02 -6.860000e+01  0.000000e+00
     vertex  1.515455e+02 -6.291411e+01  0.000000e+00
   endloop
 endfacet
 facet normal -0.000000e+00  0.000000e+00 -1.000000e+00
   outer loop
     vertex  1.637000e+02 -6.838038e+01  0.000000e+00
     vertex  1.635757e+02 -6.847574e+01  0.000000e+00
     vertex  1.516000e+02 -6.250000e+01  0.000000e+00
   endloop
 endfacet
 facet normal  0.000000e+00 -0.000000e+00 -1.000000e+00
   outer loop
     vertex  1.645196e+02 -6.920000e+01  0.000000e+00
     vertex  1.645196e+02 -7.040000e+01  0.000000e+00
     vertex  1.644243e+02 -7.027574e+01  0.000000e+00
   endloop
 endfacet
 facet normal  0.000000e+00  0.000000e+00 -1.000000e+00
   outer loop
     vertex  1.645196e+02 -6.920000e+01  0.000000e+00
     vertex  1.644243e+02 -7.027574e+01  0.000000e+00
     vertex  1.644243e+02 -6.932426e+01  0.000000e+00
   endloop
 endfacet
 facet normal  0.000000e+00 -0.000000e+00 -1.000000e+00
   outer loop
     vertex  1.645796e+02 -6.905529e+01  0.000000e+00
     vertex  1.645796e+02 -7.054471e+01  0.000000e+00
     vertex  1.645196e+02 -7.040000e+01  0.000000e+00
   endloop
 endfacet
 facet normal  0.000000e+00  0.000000e+00 -1.000000e+00
   outer loop
     vertex  1.645796e+02 -6.905529e+01  0.000000e+00
     vertex  1.646000e+02 -7.070000e+01  0.000000e+00
     vertex  1.645796e+02 -7.054471e+01  0.000000e+00
   endloop
 endfacet
 facet normal  0.000000e+00  0.000000e+00 -1.000000e+00
   outer loop
     vertex  1.645796e+02 -6.905529e+01  0.000000e+00
     vertex  1.645196e+02 -7.040000e+01  0.000000e+00
     vertex  1.645196e+02 -6.920000e+01  0.000000e+00
   endloop
 endfacet
 facet normal  0.000000e+00 -0.000000e+00 -1.000000e+00
   outer loop
     vertex  1.646000e+02 -6.890000e+01  0.000000e+00
     vertex  1.646000e+02 -7.070000e+01  0.000000e+00
     vertex  1.645796e+02 -6.905529e+01  0.000000e+00
   endloop
 endfacet
 facet normal  0.000000e+00  0.000000e+00 -1.000000e+00
   outer loop
     vertex  1.635757e+02 -5.642426e+01  0.000000e+00
     vertex  1.516000e+02 -6.250000e+01  0.000000e+00
     vertex  1.515455e+02 -6.208589e+01  0.000000e+00
   endloop
 endfacet
 facet normal  0.000000e+00  0.000000e+00 -1.000000e+00
   outer loop
     vertex  1.634804e+02 -5.630000e+01  0.000000e+00
     vertex  1.515455e+02 -6.208589e+01  0.000000e+00
     vertex  1.513856e+02 -6.170000e+01  0.000000e+00
   endloop
 endfacet
 facet normal  0.000000e+00 -0.000000e+00 -1.000000e+00
   outer loop
     vertex  1.634804e+02 -5.630000e+01  0.000000e+00
     vertex  1.635757e+02 -5.642426e+01  0.000000e+00
     vertex  1.515455e+02 -6.208589e+01  0.000000e+00
   endloop
 endfacet
 facet normal  0.000000e+00  0.000000e+00 -1.000000e+00
   outer loop
     vertex  1.637000e+02 -5.651962e+01  0.000000e+00
     vertex  1.638447e+02 -6.832044e+01  0.000000e+00
     vertex  1.637000e+02 -6.838038e+01  0.000000e+00
   endloop
 endfacet
 facet normal -0.000000e+00  0.000000e+00 -1.000000e+00
   outer loop
     vertex  1.637000e+02 -5.651962e+01  0.000000e+00
     vertex  1.516000e+02 -6.250000e+01  0.000000e+00
     vertex  1.635757e+02 -5.642426e+01  0.000000e+00
   endloop
 endfacet
 facet normal  0.000000e+00 -0.000000e+00 -1.000000e+00
   outer loop
     vertex  1.637000e+02 -5.651962e+01  0.000000e+00
     vertex  1.637000e+02 -6.838038e+01  0.000000e+00
     vertex  1.516000e+02 -6.250000e+01  0.000000e+00
   endloop
 endfacet
 facet normal -0.000000e+00 -0.000000e+00 -1.000000e+00
   outer loop
     vertex  1.638447e+02 -5.657956e+01  0.000000e+00
     vertex  1.638447e+02 -6.832044e+01  0.000000e+00
     vertex  1.637000e+02 -5.651962e+01  0.000000e+00
   endloop
 endfacet
 facet normal  0.000000e+00  0.000000e+00 -1.000000e+00
   outer loop
     vertex  1.634204e+02 -5.615529e+01  0.000000e+00
     vertex  1.513856e+02 -6.170000e+01  0.000000e+00
     vertex  1.511314e+02 -6.136863e+01  0.000000e+00
   endloop
 endfacet
 facet normal  0.000000e+00 -0.000000e+00 -1.000000e+00
   outer loop
     vertex  1.634204e+02 -5.615529e+01  0.000000e+00
     vertex  1.634804e+02 -5.630000e+01  0.000000e+00
     vertex  1.513856e+02 -6.170000e+01  0.000000e+00
   endloop
 endfacet
 facet normal  0.000000e+00 -0.000000e+00 -1.000000e+00
   outer loop
     vertex  1.640000e+02 -5.660000e+01  0.000000e+00
     vertex  1.640000e+02 -6.830000e+01  0.000000e+00
     vertex  1.638447e+02 -6.832044e+01  0.000000e+00
   endloop
 endfacet
 facet normal  0.000000e+00  0.000000e+00 -1.000000e+00
   outer loop
     vertex  1.640000e+02 -5.660000e+01  0.000000e+00
     vertex  1.641553e+02 -6.832044e+01  0.000000e+00
     vertex  1.640000e+02 -6.830000e+01  0.000000e+00
   endloop
 endfacet
 facet normal -0.000000e+00  0.000000e+00 -1.000000e+00
   outer loop
     vertex  1.640000e+02 -5.660000e+01  0.000000e+00
     vertex  1.638447e+02 -6.832044e+01  0.000000e+00
     vertex  1.638447e+02 -5.657956e+01  0.000000e+00
   endloop
 endfacet
 facet normal  0.000000e+00 -0.000000e+00 -1.000000e+00
   outer loop
     vertex  1.634000e+02 -5.600000e+01  0.000000e+00
     vertex  1.634204e+02 -5.615529e+01  0.000000e+00
     vertex  1.511314e+02 -6.136863e+01  0.000000e+00
   endloop
 endfacet
 facet normal  0.000000e+00 -0.000000e+00 -1.000000e+00
   outer loop
     vertex  1.641553e+02 -5.657956e+01  0.000000e+00
     vertex  1.641553e+02 -6.832044e+01  0.000000e+00
     vertex  1.640000e+02 -5.660000e+01  0.000000e+00
   endloop
 endfacet
 facet normal  0.000000e+00 -0.000000e+00 -1.000000e+00
   outer loop
     vertex  1.643000e+02 -5.651962e+01  0.000000e+00
     vertex  1.643000e+02 -6.838038e+01  0.000000e+00
     vertex  1.641553e+02 -6.832044e+01  0.000000e+00
   endloop
 endfacet
 facet normal  0.000000e+00  0.000000e+00 -1.000000e+00
   outer loop
     vertex  1.643000e+02 -5.651962e+01  0.000000e+00
     vertex  1.641553e+02 -6.832044e+01  0.000000e+00
     vertex  1.641553e+02 -5.657956e+01  0.000000e+00
   endloop
 endfacet
 facet normal  0.000000e+00 -0.000000e+00 -1.000000e+00
   outer loop
     vertex  1.635757e+02 -5.462426e+01  0.000000e+00
     vertex  1.635757e+02 -5.557574e+01  0.000000e+00
     vertex  1.634804e+02 -5.570000e+01  0.000000e+00
   endloop
 endfacet
 facet normal  0.000000e+00  0.000000e+00 -1.000000e+00
   outer loop
     vertex  1.634804e+02 -5.450000e+01  0.000000e+00
     vertex  1.635757e+02 -5.462426e+01  0.000000e+00
     vertex  1.634804e+02 -5.570000e+01  0.000000e+00
   endloop
 endfacet
 facet normal  0.000000e+00 -0.000000e+00 -1.000000e+00
   outer loop
     vertex  1.637000e+02 -5.471962e+01  0.000000e+00
     vertex  1.637000e+02 -5.548038e+01  0.000000e+00
     vertex  1.635757e+02 -5.557574e+01  0.000000e+00
   endloop
 endfacet
 facet normal -0.000000e+00  0.000000e+00 -1.000000e+00
   outer loop
     vertex  1.637000e+02 -5.471962e+01  0.000000e+00
     vertex  1.635757e+02 -5.557574e+01  0.000000e+00
     vertex  1.635757e+02 -5.462426e+01  0.000000e+00
   endloop
 endfacet
 facet normal  0.000000e+00 -0.000000e+00 -1.000000e+00
   outer loop
     vertex  1.638447e+02 -5.477956e+01  0.000000e+00
     vertex  1.638447e+02 -5.542044e+01  0.000000e+00
     vertex  1.637000e+02 -5.548038e+01  0.000000e+00
   endloop
 endfacet
 facet normal -0.000000e+00  0.000000e+00 -1.000000e+00
   outer loop
     vertex  1.638447e+02 -5.477956e+01  0.000000e+00
     vertex  1.637000e+02 -5.548038e+01  0.000000e+00
     vertex  1.637000e+02 -5.471962e+01  0.000000e+00
   endloop
 endfacet
 facet normal  0.000000e+00 -0.000000e+00 -1.000000e+00
   outer loop
     vertex  1.634204e+02 -5.435529e+01  0.000000e+00
     vertex  1.634204e+02 -5.584471e+01  0.000000e+00
     vertex  1.634000e+02 -5.600000e+01  0.000000e+00
   endloop
 endfacet
 facet normal  0.000000e+00  0.000000e+00 -1.000000e+00
   outer loop
     vertex  1.634204e+02 -5.435529e+01  0.000000e+00
     vertex  1.634804e+02 -5.570000e+01  0.000000e+00
     vertex  1.634204e+02 -5.584471e+01  0.000000e+00
   endloop
 endfacet
 facet normal  0.000000e+00  0.000000e+00 -1.000000e+00
   outer loop
     vertex  1.634204e+02 -5.435529e+01  0.000000e+00
     vertex  1.634804e+02 -5.450000e+01  0.000000e+00
     vertex  1.634804e+02 -5.570000e+01  0.000000e+00
   endloop
 endfacet
 facet normal  0.000000e+00 -0.000000e+00 -1.000000e+00
   outer loop
     vertex  1.640000e+02 -5.480000e+01  0.000000e+00
     vertex  1.640000e+02 -5.540000e+01  0.000000e+00
     vertex  1.638447e+02 -5.542044e+01  0.000000e+00
   endloop
 endfacet
 facet normal -0.000000e+00  0.000000e+00 -1.000000e+00
   outer loop
     vertex  1.640000e+02 -5.480000e+01  0.000000e+00
     vertex  1.638447e+02 -5.542044e+01  0.000000e+00
     vertex  1.638447e+02 -5.477956e+01  0.000000e+00
   endloop
 endfacet
 facet normal  0.000000e+00  0.000000e+00 -1.000000e+00
   outer loop
     vertex  1.634000e+02 -5.420000e+01  0.000000e+00
     vertex  1.634204e+02 -5.435529e+01  0.000000e+00
     vertex  1.634000e+02 -5.600000e+01  0.000000e+00
   endloop
 endfacet
 facet normal  0.000000e+00  0.000000e+00 -1.000000e+00
   outer loop
     vertex  1.634000e+02 -5.420000e+01  0.000000e+00
     vertex  1.511314e+02 -6.136863e+01  0.000000e+00
     vertex  1.508000e+02 -6.111436e+01  0.000000e+00
   endloop
 endfacet
 facet normal  0.000000e+00 -0.000000e+00 -1.000000e+00
   outer loop
     vertex  1.634000e+02 -5.420000e+01  0.000000e+00
     vertex  1.634000e+02 -5.600000e+01  0.000000e+00
     vertex  1.511314e+02 -6.136863e+01  0.000000e+00
   endloop
 endfacet
 facet normal  0.000000e+00 -0.000000e+00 -1.000000e+00
   outer loop
     vertex  1.641553e+02 -5.477956e+01  0.000000e+00
     vertex  1.641553e+02 -5.542044e+01  0.000000e+00
     vertex  1.640000e+02 -5.540000e+01  0.000000e+00
   endloop
 endfacet
 facet normal  0.000000e+00  0.000000e+00 -1.000000e+00
   outer loop
     vertex  1.641553e+02 -5.477956e+01  0.000000e+00
     vertex  1.643000e+02 -5.548038e+01  0.000000e+00
     vertex  1.641553e+02 -5.542044e+01  0.000000e+00
   endloop
 endfacet
 facet normal  0.000000e+00  0.000000e+00 -1.000000e+00
   outer loop
     vertex  1.641553e+02 -5.477956e+01  0.000000e+00
     vertex  1.640000e+02 -5.540000e+01  0.000000e+00
     vertex  1.640000e+02 -5.480000e+01  0.000000e+00
   endloop
 endfacet
 facet normal  0.000000e+00 -0.000000e+00 -1.000000e+00
   outer loop
     vertex  1.643000e+02 -5.471962e+01  0.000000e+00
     vertex  1.643000e+02 -5.548038e+01  0.000000e+00
     vertex  1.641553e+02 -5.477956e+01  0.000000e+00
   endloop
 endfacet
 facet normal  0.000000e+00 -0.000000e+00 -1.000000e+00
   outer loop
     vertex  1.644243e+02 -5.462426e+01  0.000000e+00
     vertex  1.644243e+02 -5.557574e+01  0.000000e+00
     vertex  1.643000e+02 -5.548038e+01  0.000000e+00
   endloop
 endfacet
 facet normal  0.000000e+00  0.000000e+00 -1.000000e+00
   outer loop
     vertex  1.644243e+02 -5.462426e+01  0.000000e+00
     vertex  1.645196e+02 -5.570000e+01  0.000000e+00
     vertex  1.644243e+02 -5.557574e+01  0.000000e+00
   endloop
 endfacet
 facet normal  0.000000e+00  0.000000e+00 -1.000000e+00
   outer loop
     vertex  1.644243e+02 -5.462426e+01  0.000000e+00
     vertex  1.643000e+02 -5.548038e+01  0.000000e+00
     vertex  1.643000e+02 -5.471962e+01  0.000000e+00
   endloop
 endfacet
 facet normal  0.000000e+00 -0.000000e+00 -1.000000e+00
   outer loop
     vertex  1.645196e+02 -5.450000e+01  0.000000e+00
     vertex  1.645196e+02 -5.570000e+01  0.000000e+00
     vertex  1.644243e+02 -5.462426e+01  0.000000e+00
   endloop
 endfacet
 facet normal  0.000000e+00 -0.000000e+00 -1.000000e+00
   outer loop
     vertex  1.645796e+02 -5.435529e+01  0.000000e+00
     vertex  1.645796e+02 -5.584471e+01  0.000000e+00
     vertex  1.645196e+02 -5.570000e+01  0.000000e+00
   endloop
 endfacet
 facet normal  0.000000e+00  0.000000e+00 -1.000000e+00
   outer loop
     vertex  1.645796e+02 -5.435529e+01  0.000000e+00
     vertex  1.646000e+02 -5.600000e+01  0.000000e+00
     vertex  1.645796e+02 -5.584471e+01  0.000000e+00
   endloop
 endfacet
 facet normal  0.000000e+00  0.000000e+00 -1.000000e+00
   outer loop
     vertex  1.645796e+02 -5.435529e+01  0.000000e+00
     vertex  1.645196e+02 -5.570000e+01  0.000000e+00
     vertex  1.645196e+02 -5.450000e+01  0.000000e+00
   endloop
 endfacet
 facet normal  0.000000e+00 -0.000000e+00 -1.000000e+00
   outer loop
     vertex  1.646000e+02 -5.420000e+01  0.000000e+00
     vertex  1.646000e+02 -5.600000e+01  0.000000e+00
     vertex  1.645796e+02 -5.435529e+01  0.000000e+00
   endloop
 endfacet
 facet normal  0.000000e+00 -0.000000e+00 -1.000000e+00
   outer loop
     vertex  1.635757e+02 -5.282426e+01  0.000000e+00
     vertex  1.635757e+02 -5.377574e+01  0.000000e+00
     vertex  1.634804e+02 -5.390000e+01  0.000000e+00
   endloop
 endfacet
 facet normal  0.000000e+00  0.000000e+00 -1.000000e+00
   outer loop
     vertex  1.635757e+02 -5.282426e+01  0.000000e+00
     vertex  1.637000e+02 -5.368038e+01  0.000000e+00
     vertex  1.635757e+02 -5.377574e+01  0.000000e+00
   endloop
 endfacet
 facet normal  0.000000e+00  0.000000e+00 -1.000000e+00
   outer loop
     vertex  1.634804e+02 -5.270000e+01  0.000000e+00
     vertex  1.635757e+02 -5.282426e+01  0.000000e+00
     vertex  1.634804e+02 -5.390000e+01  0.000000e+00
   endloop
 endfacet
 facet normal  0.000000e+00  0.000000e+00 -1.000000e+00
   outer loop
     vertex  1.637000e+02 -5.291962e+01  0.000000e+00
     vertex  1.638447e+02 -5.362044e+01  0.000000e+00
     vertex  1.637000e+02 -5.368038e+01  0.000000e+00
   endloop
 endfacet
 facet normal -0.000000e+00 -0.000000e+00 -1.000000e+00
   outer loop
     vertex  1.637000e+02 -5.291962e+01  0.000000e+00
     vertex  1.637000e+02 -5.368038e+01  0.000000e+00
     vertex  1.635757e+02 -5.282426e+01  0.000000e+00
   endloop
 endfacet
 facet normal -0.000000e+00 -0.000000e+00 -1.000000e+00
   outer loop
     vertex  1.638447e+02 -5.297956e+01  0.000000e+00
     vertex  1.638447e+02 -5.362044e+01  0.000000e+00
     vertex  1.637000e+02 -5.291962e+01  0.000000e+00
   endloop
 endfacet
 facet normal  0.000000e+00 -0.000000e+00 -1.000000e+00
   outer loop
     vertex  1.634204e+02 -5.255529e+01  0.000000e+00
     vertex  1.634204e+02 -5.404471e+01  0.000000e+00
     vertex  1.634000e+02 -5.420000e+01  0.000000e+00
   endloop
 endfacet
 facet normal  0.000000e+00  0.000000e+00 -1.000000e+00
   outer loop
     vertex  1.634204e+02 -5.255529e+01  0.000000e+00
     vertex  1.634804e+02 -5.390000e+01  0.000000e+00
     vertex  1.634204e+02 -5.404471e+01  0.000000e+00
   endloop
 endfacet
 facet normal  0.000000e+00  0.000000e+00 -1.000000e+00
   outer loop
     vertex  1.634204e+02 -5.255529e+01  0.000000e+00
     vertex  1.634804e+02 -5.270000e+01  0.000000e+00
     vertex  1.634804e+02 -5.390000e+01  0.000000e+00
   endloop
 endfacet
 facet normal  0.000000e+00 -0.000000e+00 -1.000000e+00
   outer loop
     vertex  1.640000e+02 -5.300000e+01  0.000000e+00
     vertex  1.640000e+02 -5.360000e+01  0.000000e+00
     vertex  1.638447e+02 -5.362044e+01  0.000000e+00
   endloop
 endfacet
 facet normal  0.000000e+00  0.000000e+00 -1.000000e+00
   outer loop
     vertex  1.640000e+02 -5.300000e+01  0.000000e+00
     vertex  1.641553e+02 -5.362044e+01  0.000000e+00
     vertex  1.640000e+02 -5.360000e+01  0.000000e+00
   endloop
 endfacet
 facet normal -0.000000e+00  0.000000e+00 -1.000000e+00
   outer loop
     vertex  1.640000e+02 -5.300000e+01  0.000000e+00
     vertex  1.638447e+02 -5.362044e+01  0.000000e+00
     vertex  1.638447e+02 -5.297956e+01  0.000000e+00
   endloop
 endfacet
 facet normal  0.000000e+00  0.000000e+00 -1.000000e+00
   outer loop
     vertex  1.634000e+02 -5.240000e+01  0.000000e+00
     vertex  1.508000e+02 -6.111436e+01  0.000000e+00
     vertex  1.504141e+02 -6.095452e+01  0.000000e+00
   endloop
 endfacet
 facet normal  0.000000e+00  0.000000e+00 -1.000000e+00
   outer loop
     vertex  1.634000e+02 -5.240000e+01  0.000000e+00
     vertex  1.634204e+02 -5.255529e+01  0.000000e+00
     vertex  1.634000e+02 -5.420000e+01  0.000000e+00
   endloop
 endfacet
 facet normal  0.000000e+00 -0.000000e+00 -1.000000e+00
   outer loop
     vertex  1.634000e+02 -5.240000e+01  0.000000e+00
     vertex  1.634000e+02 -5.420000e+01  0.000000e+00
     vertex  1.508000e+02 -6.111436e+01  0.000000e+00
   endloop
 endfacet
 facet normal  0.000000e+00  0.000000e+00 -1.000000e+00
   outer loop
     vertex  1.641553e+02 -5.297956e+01  0.000000e+00
     vertex  1.643000e+02 -5.368038e+01  0.000000e+00
     vertex  1.641553e+02 -5.362044e+01  0.000000e+00
   endloop
 endfacet
 facet normal  0.000000e+00 -0.000000e+00 -1.000000e+00
   outer loop
     vertex  1.641553e+02 -5.297956e+01  0.000000e+00
     vertex  1.641553e+02 -5.362044e+01  0.000000e+00
     vertex  1.640000e+02 -5.300000e+01  0.000000e+00
   endloop
 endfacet
 facet normal  0.000000e+00  0.000000e+00 -1.000000e+00
   outer loop
     vertex  1.634204e+02 -5.224471e+01  0.000000e+00
     vertex  1.504141e+02 -6.095452e+01  0.000000e+00
     vertex  1.500000e+02 -6.090000e+01  0.000000e+00
   endloop
 endfacet
 facet normal  0.000000e+00  0.000000e+00 -1.000000e+00
   outer loop
     vertex  1.634204e+02 -5.224471e+01  0.000000e+00
     vertex  1.634000e+02 -5.240000e+01  0.000000e+00
     vertex  1.504141e+02 -6.095452e+01  0.000000e+00
   endloop
 endfacet
 facet normal -0.000000e+00  0.000000e+00 -1.000000e+00
   outer loop
     vertex  1.634804e+02 -5.210000e+01  0.000000e+00
     vertex  1.500000e+02 -6.090000e+01  0.000000e+00
     vertex  1.365196e+02 -5.210000e+01  0.000000e+00
   endloop
 endfacet
 facet normal  0.000000e+00  0.000000e+00 -1.000000e+00
   outer loop
     vertex  1.634804e+02 -5.210000e+01  0.000000e+00
     vertex  1.634204e+02 -5.224471e+01  0.000000e+00
     vertex  1.500000e+02 -6.090000e+01  0.000000e+00
   endloop
 endfacet
 facet normal  0.000000e+00  0.000000e+00 -1.000000e+00
   outer loop
     vertex  1.643000e+02 -5.291962e+01  0.000000e+00
     vertex  1.644243e+02 -5.377574e+01  0.000000e+00
     vertex  1.643000e+02 -5.368038e+01  0.000000e+00
   endloop
 endfacet
 facet normal  0.000000e+00 -0.000000e+00 -1.000000e+00
   outer loop
     vertex  1.643000e+02 -5.291962e+01  0.000000e+00
     vertex  1.643000e+02 -5.368038e+01  0.000000e+00
     vertex  1.641553e+02 -5.297956e+01  0.000000e+00
   endloop
 endfacet
 facet normal  0.000000e+00  0.000000e+00 -1.000000e+00
   outer loop
     vertex  1.644243e+02 -5.282426e+01  0.000000e+00
     vertex  1.645196e+02 -5.390000e+01  0.000000e+00
     vertex  1.644243e+02 -5.377574e+01  0.000000e+00
   endloop
 endfacet
 facet normal  0.000000e+00 -0.000000e+00 -1.000000e+00
   outer loop
     vertex  1.644243e+02 -5.282426e+01  0.000000e+00
     vertex  1.644243e+02 -5.377574e+01  0.000000e+00
     vertex  1.643000e+02 -5.291962e+01  0.000000e+00
   endloop
 endfacet
 facet normal  0.000000e+00  0.000000e+00 -1.000000e+00
   outer loop
     vertex  1.635757e+02 -5.197574e+01  0.000000e+00
     vertex  1.634804e+02 -5.210000e+01  0.000000e+00
     vertex  1.365196e+02 -5.210000e+01  0.000000e+00
   endloop
 endfacet
 facet normal -0.000000e+00  0.000000e+00 -1.000000e+00
   outer loop
     vertex  1.635757e+02 -5.197574e+01  0.000000e+00
     vertex  1.365196e+02 -5.210000e+01  0.000000e+00
     vertex  1.364243e+02 -5.197574e+01  0.000000e+00
   endloop
 endfacet
 facet normal  0.000000e+00  0.000000e+00 -1.000000e+00
   outer loop
     vertex  1.637000e+02 -5.188038e+01  0.000000e+00
     vertex  1.635757e+02 -5.197574e+01  0.000000e+00
     vertex  1.364243e+02 -5.197574e+01  0.000000e+00
   endloop
 endfacet
 facet normal -0.000000e+00  0.000000e+00 -1.000000e+00
   outer loop
     vertex  1.637000e+02 -5.188038e+01  0.000000e+00
     vertex  1.364243e+02 -5.197574e+01  0.000000e+00
     vertex  1.363000e+02 -5.188038e+01  0.000000e+00
   endloop
 endfacet
 facet normal  0.000000e+00 -0.000000e+00 -1.000000e+00
   outer loop
     vertex  1.645196e+02 -5.270000e+01  0.000000e+00
     vertex  1.645196e+02 -5.390000e+01  0.000000e+00
     vertex  1.644243e+02 -5.282426e+01  0.000000e+00
   endloop
 endfacet
 facet normal  0.000000e+00  0.000000e+00 -1.000000e+00
   outer loop
     vertex  1.645796e+02 -5.255529e+01  0.000000e+00
     vertex  1.645196e+02 -5.390000e+01  0.000000e+00
     vertex  1.645196e+02 -5.270000e+01  0.000000e+00
   endloop
 endfacet
 facet normal  0.000000e+00 -0.000000e+00 -1.000000e+00
   outer loop
     vertex  1.645796e+02 -5.255529e+01  0.000000e+00
     vertex  1.645796e+02 -5.404471e+01  0.000000e+00
     vertex  1.645196e+02 -5.390000e+01  0.000000e+00
   endloop
 endfacet
 facet normal  0.000000e+00  0.000000e+00 -1.000000e+00
   outer loop
     vertex  1.645796e+02 -5.255529e+01  0.000000e+00
     vertex  1.646000e+02 -5.420000e+01  0.000000e+00
     vertex  1.645796e+02 -5.404471e+01  0.000000e+00
   endloop
 endfacet
 facet normal  0.000000e+00  0.000000e+00 -1.000000e+00
   outer loop
     vertex  1.638447e+02 -5.182044e+01  0.000000e+00
     vertex  1.637000e+02 -5.188038e+01  0.000000e+00
     vertex  1.363000e+02 -5.188038e+01  0.000000e+00
   endloop
 endfacet
 facet normal -0.000000e+00  0.000000e+00 -1.000000e+00
   outer loop
     vertex  1.638447e+02 -5.182044e+01  0.000000e+00
     vertex  1.363000e+02 -5.188038e+01  0.000000e+00
     vertex  1.361553e+02 -5.182044e+01  0.000000e+00
   endloop
 endfacet
 facet normal  0.000000e+00 -0.000000e+00 -1.000000e+00
   outer loop
     vertex  1.646000e+02 -5.240000e+01  0.000000e+00
     vertex  1.646000e+02 -5.420000e+01  0.000000e+00
     vertex  1.645796e+02 -5.255529e+01  0.000000e+00
   endloop
 endfacet
 facet normal  0.000000e+00  0.000000e+00 -1.000000e+00
   outer loop
     vertex  1.768686e+02 -6.363137e+01  0.000000e+00
     vertex  1.646000e+02 -6.890000e+01  0.000000e+00
     vertex  1.645796e+02 -6.874471e+01  0.000000e+00
   endloop
 endfacet
 facet normal  0.000000e+00  0.000000e+00 -1.000000e+00
   outer loop
     vertex  1.768686e+02 -6.363137e+01  0.000000e+00
     vertex  1.646000e+02 -7.070000e+01  0.000000e+00
     vertex  1.646000e+02 -6.890000e+01  0.000000e+00
   endloop
 endfacet
 facet normal  0.000000e+00  0.000000e+00 -1.000000e+00
   outer loop
     vertex  1.772000e+02 -6.388564e+01  0.000000e+00
     vertex  1.646000e+02 -7.250000e+01  0.000000e+00
     vertex  1.646000e+02 -7.070000e+01  0.000000e+00
   endloop
 endfacet
 facet normal -0.000000e+00  0.000000e+00 -1.000000e+00
   outer loop
     vertex  1.772000e+02 -6.388564e+01  0.000000e+00
     vertex  1.646000e+02 -7.070000e+01  0.000000e+00
     vertex  1.768686e+02 -6.363137e+01  0.000000e+00
   endloop
 endfacet
 facet normal  0.000000e+00  0.000000e+00 -1.000000e+00
   outer loop
     vertex  1.766144e+02 -6.330000e+01  0.000000e+00
     vertex  1.645796e+02 -6.874471e+01  0.000000e+00
     vertex  1.645196e+02 -6.860000e+01  0.000000e+00
   endloop
 endfacet
 facet normal  0.000000e+00 -0.000000e+00 -1.000000e+00
   outer loop
     vertex  1.766144e+02 -6.330000e+01  0.000000e+00
     vertex  1.768686e+02 -6.363137e+01  0.000000e+00
     vertex  1.645796e+02 -6.874471e+01  0.000000e+00
   endloop
 endfacet
 facet normal -0.000000e+00  0.000000e+00 -1.000000e+00
   outer loop
     vertex  1.775859e+02 -6.404548e+01  0.000000e+00
     vertex  1.646000e+02 -7.250000e+01  0.000000e+00
     vertex  1.772000e+02 -6.388564e+01  0.000000e+00
   endloop
 endfacet
 facet normal  0.000000e+00  0.000000e+00 -1.000000e+00
   outer loop
     vertex  1.775859e+02 -6.404548e+01  0.000000e+00
     vertex  1.645796e+02 -7.265529e+01  0.000000e+00
     vertex  1.646000e+02 -7.250000e+01  0.000000e+00
   endloop
 endfacet
 facet normal  0.000000e+00  0.000000e+00 -1.000000e+00
   outer loop
     vertex  1.764545e+02 -6.291411e+01  0.000000e+00
     vertex  1.645196e+02 -6.860000e+01  0.000000e+00
     vertex  1.644243e+02 -6.847574e+01  0.000000e+00
   endloop
 endfacet
 facet normal  0.000000e+00 -0.000000e+00 -1.000000e+00
   outer loop
     vertex  1.764545e+02 -6.291411e+01  0.000000e+00
     vertex  1.766144e+02 -6.330000e+01  0.000000e+00
     vertex  1.645196e+02 -6.860000e+01  0.000000e+00
   endloop
 endfacet
 facet normal -0.000000e+00  0.000000e+00 -1.000000e+00
   outer loop
     vertex  1.780000e+02 -6.410000e+01  0.000000e+00
     vertex  1.645796e+02 -7.265529e+01  0.000000e+00
     vertex  1.775859e+02 -6.404548e+01  0.000000e+00
   endloop
 endfacet
 facet normal  0.000000e+00  0.000000e+00 -1.000000e+00
   outer loop
     vertex  1.780000e+02 -6.410000e+01  0.000000e+00
     vertex  1.645196e+02 -7.280000e+01  0.000000e+00
     vertex  1.645796e+02 -7.265529e+01  0.000000e+00
   endloop
 endfacet
 facet normal  0.000000e+00  0.000000e+00 -1.000000e+00
   outer loop
     vertex  1.764000e+02 -6.250000e+01  0.000000e+00
     vertex  1.643000e+02 -5.651962e+01  0.000000e+00
     vertex  1.644243e+02 -5.642426e+01  0.000000e+00
   endloop
 endfacet
 facet normal  0.000000e+00  0.000000e+00 -1.000000e+00
   outer loop
     vertex  1.764000e+02 -6.250000e+01  0.000000e+00
     vertex  1.644243e+02 -6.847574e+01  0.000000e+00
     vertex  1.643000e+02 -6.838038e+01  0.000000e+00
   endloop
 endfacet
 facet normal -0.000000e+00  0.000000e+00 -1.000000e+00
   outer loop
     vertex  1.764000e+02 -6.250000e+01  0.000000e+00
     vertex  1.643000e+02 -6.838038e+01  0.000000e+00
     vertex  1.643000e+02 -5.651962e+01  0.000000e+00
   endloop
 endfacet
 facet normal  0.000000e+00 -0.000000e+00 -1.000000e+00
   outer loop
     vertex  1.764000e+02 -6.250000e+01  0.000000e+00
     vertex  1.764545e+02 -6.291411e+01  0.000000e+00
     vertex  1.644243e+02 -6.847574e+01  0.000000e+00
   endloop
 endfacet
 facet normal  0.000000e+00  0.000000e+00 -1.000000e+00
   outer loop
     vertex  1.764545e+02 -6.208589e+01  0.000000e+00
     vertex  1.644243e+02 -5.642426e+01  0.000000e+00
     vertex  1.645196e+02 -5.630000e+01  0.000000e+00
   endloop
 endfacet
 facet normal -0.000000e+00  0.000000e+00 -1.000000e+00
   outer loop
     vertex  1.764545e+02 -6.208589e+01  0.000000e+00
     vertex  1.764000e+02 -6.250000e+01  0.000000e+00
     vertex  1.644243e+02 -5.642426e+01  0.000000e+00
   endloop
 endfacet
 facet normal -0.000000e+00  0.000000e+00 -1.000000e+00
   outer loop
     vertex  1.766144e+02 -6.170000e+01  0.000000e+00
     vertex  1.764545e+02 -6.208589e+01  0.000000e+00
     vertex  1.645196e+02 -5.630000e+01  0.000000e+00
   endloop
 endfacet
 facet normal  0.000000e+00  0.000000e+00 -1.000000e+00
   outer loop
     vertex  1.766144e+02 -6.170000e+01  0.000000e+00
     vertex  1.645196e+02 -5.630000e+01  0.000000e+00
     vertex  1.645796e+02 -5.615529e+01  0.000000e+00
   endloop
 endfacet
 facet normal  0.000000e+00  0.000000e+00 -1.000000e+00
   outer loop
     vertex  1.768686e+02 -6.136863e+01  0.000000e+00
     vertex  1.645796e+02 -5.615529e+01  0.000000e+00
     vertex  1.646000e+02 -5.600000e+01  0.000000e+00
   endloop
 endfacet
 facet normal  0.000000e+00  0.000000e+00 -1.000000e+00
   outer loop
     vertex  1.768686e+02 -6.136863e+01  0.000000e+00
     vertex  1.646000e+02 -5.600000e+01  0.000000e+00
     vertex  1.646000e+02 -5.420000e+01  0.000000e+00
   endloop
 endfacet
 facet normal -0.000000e+00  0.000000e+00 -1.000000e+00
   outer loop
     vertex  1.768686e+02 -6.136863e+01  0.000000e+00
     vertex  1.766144e+02 -6.170000e+01  0.000000e+00
     vertex  1.645796e+02 -5.615529e+01  0.000000e+00
   endloop
 endfacet
 facet normal -0.000000e+00  0.000000e+00 -1.000000e+00
   outer loop
     vertex  1.772000e+02 -6.111436e+01  0.000000e+00
     vertex  1.768686e+02 -6.136863e+01  0.000000e+00
     vertex  1.646000e+02 -5.420000e+01  0.000000e+00
   endloop
 endfacet
 facet normal  0.000000e+00  0.000000e+00 -1.000000e+00
   outer loop
     vertex  1.772000e+02 -6.111436e+01  0.000000e+00
     vertex  1.646000e+02 -5.420000e+01  0.000000e+00
     vertex  1.646000e+02 -5.240000e+01  0.000000e+00
   endloop
 endfacet
 facet normal -0.000000e+00  0.000000e+00 -1.000000e+00
   outer loop
     vertex  1.775859e+02 -6.095452e+01  0.000000e+00
     vertex  1.772000e+02 -6.111436e+01  0.000000e+00
     vertex  1.646000e+02 -5.240000e+01  0.000000e+00
   endloop
 endfacet
 facet normal  0.000000e+00  0.000000e+00 -1.000000e+00
   outer loop
     vertex  1.775859e+02 -6.095452e+01  0.000000e+00
     vertex  1.646000e+02 -5.240000e+01  0.000000e+00
     vertex  1.645796e+02 -5.224471e+01  0.000000e+00
   endloop
 endfacet
 facet normal -0.000000e+00  0.000000e+00 -1.000000e+00
   outer loop
     vertex  1.780000e+02 -6.090000e+01  0.000000e+00
     vertex  1.775859e+02 -6.095452e+01  0.000000e+00
     vertex  1.645796e+02 -5.224471e+01  0.000000e+00
   endloop
 endfacet
 facet normal  0.000000e+00  0.000000e+00 -1.000000e+00
   outer loop
     vertex  1.780000e+02 -6.090000e+01  0.000000e+00
     vertex  1.645796e+02 -5.224471e+01  0.000000e+00
     vertex  1.645196e+02 -5.210000e+01  0.000000e+00
   endloop
 endfacet
 facet normal  0.000000e+00  0.000000e+00 -1.000000e+00
   outer loop
     vertex  1.915757e+02 -7.292426e+01  0.000000e+00
     vertex  1.644243e+02 -7.292426e+01  0.000000e+00
     vertex  1.645196e+02 -7.280000e+01  0.000000e+00
   endloop
 endfacet
 facet normal -0.000000e+00  0.000000e+00 -1.000000e+00
   outer loop
     vertex  1.915757e+02 -7.292426e+01  0.000000e+00
     vertex  1.643000e+02 -7.301962e+01  0.000000e+00
     vertex  1.644243e+02 -7.292426e+01  0.000000e+00
   endloop
 endfacet
 facet normal  0.000000e+00  0.000000e+00 -1.000000e+00
   outer loop
     vertex  1.917000e+02 -7.301962e+01  0.000000e+00
     vertex  1.643000e+02 -7.301962e+01  0.000000e+00
     vertex  1.915757e+02 -7.292426e+01  0.000000e+00
   endloop
 endfacet
 facet normal -0.000000e+00 -0.000000e+00 -1.000000e+00
   outer loop
     vertex  1.914804e+02 -7.280000e+01  0.000000e+00
     vertex  1.915757e+02 -7.292426e+01  0.000000e+00
     vertex  1.645196e+02 -7.280000e+01  0.000000e+00
   endloop
 endfacet
 facet normal  0.000000e+00  0.000000e+00 -1.000000e+00
   outer loop
     vertex  1.914804e+02 -7.280000e+01  0.000000e+00
     vertex  1.645196e+02 -7.280000e+01  0.000000e+00
     vertex  1.780000e+02 -6.410000e+01  0.000000e+00
   endloop
 endfacet
 facet normal  0.000000e+00  0.000000e+00 -1.000000e+00
   outer loop
     vertex  1.918447e+02 -7.307956e+01  0.000000e+00
     vertex  1.643000e+02 -7.301962e+01  0.000000e+00
     vertex  1.917000e+02 -7.301962e+01  0.000000e+00
   endloop
 endfacet
 facet normal  0.000000e+00  0.000000e+00 -1.000000e+00
   outer loop
     vertex  1.918447e+02 -7.307956e+01  0.000000e+00
     vertex  1.641553e+02 -7.307956e+01  0.000000e+00
     vertex  1.643000e+02 -7.301962e+01  0.000000e+00
   endloop
 endfacet
 facet normal -0.000000e+00 -0.000000e+00 -1.000000e+00
   outer loop
     vertex  1.914204e+02 -7.265529e+01  0.000000e+00
     vertex  1.914804e+02 -7.280000e+01  0.000000e+00
     vertex  1.780000e+02 -6.410000e+01  0.000000e+00
   endloop
 endfacet
 facet normal  0.000000e+00  0.000000e+00 -1.000000e+00
   outer loop
     vertex  1.914204e+02 -7.265529e+01  0.000000e+00
     vertex  1.780000e+02 -6.410000e+01  0.000000e+00
     vertex  1.784141e+02 -6.404548e+01  0.000000e+00
   endloop
 endfacet
 facet normal  0.000000e+00  0.000000e+00 -1.000000e+00
   outer loop
     vertex  1.920000e+02 -7.310000e+01  0.000000e+00
     vertex  1.641553e+02 -7.307956e+01  0.000000e+00
     vertex  1.918447e+02 -7.307956e+01  0.000000e+00
   endloop
 endfacet
 facet normal  0.000000e+00  0.000000e+00 -1.000000e+00
   outer loop
     vertex  1.920000e+02 -7.310000e+01  0.000000e+00
     vertex  1.640000e+02 -7.310000e+01  0.000000e+00
     vertex  1.641553e+02 -7.307956e+01  0.000000e+00
   endloop
 endfacet
 facet normal  0.000000e+00  0.000000e+00 -1.000000e+00
   outer loop
     vertex  1.914000e+02 -7.250000e+01  0.000000e+00
     vertex  1.784141e+02 -6.404548e+01  0.000000e+00
     vertex  1.788000e+02 -6.388564e+01  0.000000e+00
   endloop
 endfacet
 facet normal -0.000000e+00 -0.000000e+00 -1.000000e+00
   outer loop
     vertex  1.914000e+02 -7.250000e+01  0.000000e+00
     vertex  1.914204e+02 -7.265529e+01  0.000000e+00
     vertex  1.784141e+02 -6.404548e+01  0.000000e+00
   endloop
 endfacet
 facet normal  0.000000e+00 -0.000000e+00 -1.000000e+00
   outer loop
     vertex  1.917000e+02 -7.121962e+01  0.000000e+00
     vertex  1.917000e+02 -7.198038e+01  0.000000e+00
     vertex  1.915757e+02 -7.207574e+01  0.000000e+00
   endloop
 endfacet
 facet normal  0.000000e+00  0.000000e+00 -1.000000e+00
   outer loop
     vertex  1.917000e+02 -7.121962e+01  0.000000e+00
     vertex  1.918447e+02 -7.192044e+01  0.000000e+00
     vertex  1.917000e+02 -7.198038e+01  0.000000e+00
   endloop
 endfacet
 facet normal -0.000000e+00  0.000000e+00 -1.000000e+00
   outer loop
     vertex  1.917000e+02 -7.121962e+01  0.000000e+00
     vertex  1.915757e+02 -7.207574e+01  0.000000e+00
     vertex  1.915757e+02 -7.112426e+01  0.000000e+00
   endloop
 endfacet
 facet normal  0.000000e+00  0.000000e+00 -1.000000e+00
   outer loop
     vertex  1.914804e+02 -7.100000e+01  0.000000e+00
     vertex  1.915757e+02 -7.207574e+01  0.000000e+00
     vertex  1.914804e+02 -7.220000e+01  0.000000e+00
   endloop
 endfacet
 facet normal  0.000000e+00  0.000000e+00 -1.000000e+00
   outer loop
     vertex  1.914804e+02 -7.100000e+01  0.000000e+00
     vertex  1.915757e+02 -7.112426e+01  0.000000e+00
     vertex  1.915757e+02 -7.207574e+01  0.000000e+00
   endloop
 endfacet
 facet normal -0.000000e+00 -0.000000e+00 -1.000000e+00
   outer loop
     vertex  1.918447e+02 -7.127956e+01  0.000000e+00
     vertex  1.918447e+02 -7.192044e+01  0.000000e+00
     vertex  1.917000e+02 -7.121962e+01  0.000000e+00
   endloop
 endfacet
 facet normal  0.000000e+00  0.000000e+00 -1.000000e+00
   outer loop
     vertex  1.914204e+02 -7.085529e+01  0.000000e+00
     vertex  1.914804e+02 -7.220000e+01  0.000000e+00
     vertex  1.914204e+02 -7.234471e+01  0.000000e+00
   endloop
 endfacet
 facet normal  0.000000e+00  0.000000e+00 -1.000000e+00
   outer loop
     vertex  1.914204e+02 -7.085529e+01  0.000000e+00
     vertex  1.914804e+02 -7.100000e+01  0.000000e+00
     vertex  1.914804e+02 -7.220000e+01  0.000000e+00
   endloop
 endfacet
 facet normal -0.000000e+00  0.000000e+00 -1.000000e+00
   outer loop
     vertex  1.920000e+02 -7.130000e+01  0.000000e+00
     vertex  1.918447e+02 -7.192044e+01  0.000000e+00
     vertex  1.918447e+02 -7.127956e+01  0.000000e+00
   endloop
 endfacet
 facet normal  0.000000e+00 -0.000000e+00 -1.000000e+00
   outer loop
     vertex  1.920000e+02 -7.130000e+01  0.000000e+00
     vertex  1.920000e+02 -7.190000e+01  0.000000e+00
     vertex  1.918447e+02 -7.192044e+01  0.000000e+00
   endloop
 endfacet
 facet normal  0.000000e+00  0.000000e+00 -1.000000e+00
   outer loop
     vertex  1.920000e+02 -7.130000e+01  0.000000e+00
     vertex  1.921553e+02 -7.192044e+01  0.000000e+00
     vertex  1.920000e+02 -7.190000e+01  0.000000e+00
   endloop
 endfacet
 facet normal  0.000000e+00  0.000000e+00 -1.000000e+00
   outer loop
     vertex  1.914000e+02 -7.070000e+01  0.000000e+00
     vertex  1.914204e+02 -7.234471e+01  0.000000e+00
     vertex  1.914000e+02 -7.250000e+01  0.000000e+00
   endloop
 endfacet
 facet normal  0.000000e+00  0.000000e+00 -1.000000e+00
   outer loop
     vertex  1.914000e+02 -7.070000e+01  0.000000e+00
     vertex  1.788000e+02 -6.388564e+01  0.000000e+00
     vertex  1.791314e+02 -6.363137e+01  0.000000e+00
   endloop
 endfacet
 facet normal -0.000000e+00 -0.000000e+00 -1.000000e+00
   outer loop
     vertex  1.914000e+02 -7.070000e+01  0.000000e+00
     vertex  1.914000e+02 -7.250000e+01  0.000000e+00
     vertex  1.788000e+02 -6.388564e+01  0.000000e+00
   endloop
 endfacet
 facet normal  0.000000e+00  0.000000e+00 -1.000000e+00
   outer loop
     vertex  1.914000e+02 -7.070000e+01  0.000000e+00
     vertex  1.914204e+02 -7.085529e+01  0.000000e+00
     vertex  1.914204e+02 -7.234471e+01  0.000000e+00
   endloop
 endfacet
 facet normal  0.000000e+00 -0.000000e+00 -1.000000e+00
   outer loop
     vertex  1.921553e+02 -7.127956e+01  0.000000e+00
     vertex  1.921553e+02 -7.192044e+01  0.000000e+00
     vertex  1.920000e+02 -7.130000e+01  0.000000e+00
   endloop
 endfacet
 facet normal  0.000000e+00 -0.000000e+00 -1.000000e+00
   outer loop
     vertex  1.923000e+02 -7.121962e+01  0.000000e+00
     vertex  1.923000e+02 -7.198038e+01  0.000000e+00
     vertex  1.921553e+02 -7.192044e+01  0.000000e+00
   endloop
 endfacet
 facet normal  0.000000e+00  0.000000e+00 -1.000000e+00
   outer loop
     vertex  1.923000e+02 -7.121962e+01  0.000000e+00
     vertex  1.921553e+02 -7.192044e+01  0.000000e+00
     vertex  1.921553e+02 -7.127956e+01  0.000000e+00
   endloop
 endfacet
 facet normal  0.000000e+00  0.000000e+00 -1.000000e+00
   outer loop
     vertex  1.924243e+02 -7.112426e+01  0.000000e+00
     vertex  1.923000e+02 -7.198038e+01  0.000000e+00
     vertex  1.923000e+02 -7.121962e+01  0.000000e+00
   endloop
 endfacet
 facet normal  0.000000e+00 -0.000000e+00 -1.000000e+00
   outer loop
     vertex  1.924243e+02 -7.112426e+01  0.000000e+00
     vertex  1.924243e+02 -7.207574e+01  0.000000e+00
     vertex  1.923000e+02 -7.198038e+01  0.000000e+00
   endloop
 endfacet
 facet normal  0.000000e+00  0.000000e+00 -1.000000e+00
   outer loop
     vertex  1.925196e+02 -7.100000e+01  0.000000e+00
     vertex  1.924243e+02 -7.207574e+01  0.000000e+00
     vertex  1.924243e+02 -7.112426e+01  0.000000e+00
   endloop
 endfacet
 facet normal  0.000000e+00 -0.000000e+00 -1.000000e+00
   outer loop
     vertex  1.925196e+02 -7.100000e+01  0.000000e+00
     vertex  1.925196e+02 -7.220000e+01  0.000000e+00
     vertex  1.924243e+02 -7.207574e+01  0.000000e+00
   endloop
 endfacet
 facet normal  0.000000e+00  0.000000e+00 -1.000000e+00
   outer loop
     vertex  1.925796e+02 -7.085529e+01  0.000000e+00
     vertex  1.925196e+02 -7.220000e+01  0.000000e+00
     vertex  1.925196e+02 -7.100000e+01  0.000000e+00
   endloop
 endfacet
 facet normal  0.000000e+00 -0.000000e+00 -1.000000e+00
   outer loop
     vertex  1.925796e+02 -7.085529e+01  0.000000e+00
     vertex  1.925796e+02 -7.234471e+01  0.000000e+00
     vertex  1.925196e+02 -7.220000e+01  0.000000e+00
   endloop
 endfacet
 facet normal -0.000000e+00  0.000000e+00 -1.000000e+00
   outer loop
     vertex  1.917000e+02 -6.941962e+01  0.000000e+00
     vertex  1.915757e+02 -7.027574e+01  0.000000e+00
     vertex  1.915757e+02 -6.932426e+01  0.000000e+00
   endloop
 endfacet
 facet normal  0.000000e+00 -0.000000e+00 -1.000000e+00
   outer loop
     vertex  1.917000e+02 -6.941962e+01  0.000000e+00
     vertex  1.917000e+02 -7.018038e+01  0.000000e+00
     vertex  1.915757e+02 -7.027574e+01  0.000000e+00
   endloop
 endfacet
 facet normal  0.000000e+00  0.000000e+00 -1.000000e+00
   outer loop
     vertex  1.917000e+02 -6.941962e+01  0.000000e+00
     vertex  1.918447e+02 -7.012044e+01  0.000000e+00
     vertex  1.917000e+02 -7.018038e+01  0.000000e+00
   endloop
 endfacet
 facet normal  0.000000e+00  0.000000e+00 -1.000000e+00
   outer loop
     vertex  1.914804e+02 -6.920000e+01  0.000000e+00
     vertex  1.915757e+02 -6.932426e+01  0.000000e+00
     vertex  1.915757e+02 -7.027574e+01  0.000000e+00
   endloop
 endfacet
 facet normal  0.000000e+00  0.000000e+00 -1.000000e+00
   outer loop
     vertex  1.914804e+02 -6.920000e+01  0.000000e+00
     vertex  1.915757e+02 -7.027574e+01  0.000000e+00
     vertex  1.914804e+02 -7.040000e+01  0.000000e+00
   endloop
 endfacet
 facet normal -0.000000e+00 -0.000000e+00 -1.000000e+00
   outer loop
     vertex  1.918447e+02 -6.947956e+01  0.000000e+00
     vertex  1.918447e+02 -7.012044e+01  0.000000e+00
     vertex  1.917000e+02 -6.941962e+01  0.000000e+00
   endloop
 endfacet
 facet normal  0.000000e+00  0.000000e+00 -1.000000e+00
   outer loop
     vertex  1.914204e+02 -6.905529e+01  0.000000e+00
     vertex  1.914804e+02 -6.920000e+01  0.000000e+00
     vertex  1.914804e+02 -7.040000e+01  0.000000e+00
   endloop
 endfacet
 facet normal  0.000000e+00 -0.000000e+00 -1.000000e+00
   outer loop
     vertex  1.914204e+02 -6.905529e+01  0.000000e+00
     vertex  1.914204e+02 -7.054471e+01  0.000000e+00
     vertex  1.914000e+02 -7.070000e+01  0.000000e+00
   endloop
 endfacet
 facet normal  0.000000e+00  0.000000e+00 -1.000000e+00
   outer loop
     vertex  1.914204e+02 -6.905529e+01  0.000000e+00
     vertex  1.914804e+02 -7.040000e+01  0.000000e+00
     vertex  1.914204e+02 -7.054471e+01  0.000000e+00
   endloop
 endfacet
 facet normal -0.000000e+00  0.000000e+00 -1.000000e+00
   outer loop
     vertex  1.920000e+02 -6.950000e+01  0.000000e+00
     vertex  1.918447e+02 -7.012044e+01  0.000000e+00
     vertex  1.918447e+02 -6.947956e+01  0.000000e+00
   endloop
 endfacet
 facet normal  0.000000e+00 -0.000000e+00 -1.000000e+00
   outer loop
     vertex  1.920000e+02 -6.950000e+01  0.000000e+00
     vertex  1.920000e+02 -7.010000e+01  0.000000e+00
     vertex  1.918447e+02 -7.012044e+01  0.000000e+00
   endloop
 endfacet
 facet normal  0.000000e+00  0.000000e+00 -1.000000e+00
   outer loop
     vertex  1.920000e+02 -6.950000e+01  0.000000e+00
     vertex  1.921553e+02 -7.012044e+01  0.000000e+00
     vertex  1.920000e+02 -7.010000e+01  0.000000e+00
   endloop
 endfacet
 facet normal  0.000000e+00  0.000000e+00 -1.000000e+00
   outer loop
     vertex  1.914000e+02 -6.890000e+01  0.000000e+00
     vertex  1.914204e+02 -6.905529e+01  0.000000e+00
     vertex  1.914000e+02 -7.070000e+01  0.000000e+00
   endloop
 endfacet
 facet normal -0.000000e+00 -0.000000e+00 -1.000000e+00
   outer loop
     vertex  1.914000e+02 -6.890000e+01  0.000000e+00
     vertex  1.914000e+02 -7.070000e+01  0.000000e+00
     vertex  1.791314e+02 -6.363137e+01  0.000000e+00
   endloop
 endfacet
 facet normal -0.000000e+00  0.000000e+00 -1.000000e+00
   outer loop
     vertex  1.914204e+02 -6.874471e+01  0.000000e+00
     vertex  1.914000e+02 -6.890000e+01  0.000000e+00
     vertex  1.791314e+02 -6.363137e+01  0.000000e+00
   endloop
 endfacet
 facet normal  0.000000e+00  0.000000e+00 -1.000000e+00
   outer loop
     vertex  1.914204e+02 -6.874471e+01  0.000000e+00
     vertex  1.791314e+02 -6.363137e+01  0.000000e+00
     vertex  1.793856e+02 -6.330000e+01  0.000000e+00
   endloop
 endfacet
 facet normal  0.000000e+00 -0.000000e+00 -1.000000e+00
   outer loop
     vertex  1.921553e+02 -6.947956e+01  0.000000e+00
     vertex  1.921553e+02 -7.012044e+01  0.000000e+00
     vertex  1.920000e+02 -6.950000e+01  0.000000e+00
   endloop
 endfacet
 facet normal -0.000000e+00  0.000000e+00 -1.000000e+00
   outer loop
     vertex  1.914804e+02 -6.860000e+01  0.000000e+00
     vertex  1.914204e+02 -6.874471e+01  0.000000e+00
     vertex  1.793856e+02 -6.330000e+01  0.000000e+00
   endloop
 endfacet
 facet normal  0.000000e+00  0.000000e+00 -1.000000e+00
   outer loop
     vertex  1.914804e+02 -6.860000e+01  0.000000e+00
     vertex  1.793856e+02 -6.330000e+01  0.000000e+00
     vertex  1.795455e+02 -6.291411e+01  0.000000e+00
   endloop
 endfacet
 facet normal  0.000000e+00  0.000000e+00 -1.000000e+00
   outer loop
     vertex  1.923000e+02 -6.941962e+01  0.000000e+00
     vertex  1.921553e+02 -7.012044e+01  0.000000e+00
     vertex  1.921553e+02 -6.947956e+01  0.000000e+00
   endloop
 endfacet
 facet normal  0.000000e+00 -0.000000e+00 -1.000000e+00
   outer loop
     vertex  1.923000e+02 -6.941962e+01  0.000000e+00
     vertex  1.923000e+02 -7.018038e+01  0.000000e+00
     vertex  1.921553e+02 -7.012044e+01  0.000000e+00
   endloop
 endfacet
 facet normal  0.000000e+00  0.000000e+00 -1.000000e+00
   outer loop
     vertex  1.924243e+02 -6.932426e+01  0.000000e+00
     vertex  1.923000e+02 -7.018038e+01  0.000000e+00
     vertex  1.923000e+02 -6.941962e+01  0.000000e+00
   endloop
 endfacet
 facet normal  0.000000e+00 -0.000000e+00 -1.000000e+00
   outer loop
     vertex  1.924243e+02 -6.932426e+01  0.000000e+00
     vertex  1.924243e+02 -7.027574e+01  0.000000e+00
     vertex  1.923000e+02 -7.018038e+01  0.000000e+00
   endloop
 endfacet
 facet normal -0.000000e+00  0.000000e+00 -1.000000e+00
   outer loop
     vertex  1.915757e+02 -6.847574e+01  0.000000e+00
     vertex  1.914804e+02 -6.860000e+01  0.000000e+00
     vertex  1.795455e+02 -6.291411e+01  0.000000e+00
   endloop
 endfacet
 facet normal  0.000000e+00  0.000000e+00 -1.000000e+00
   outer loop
     vertex  1.915757e+02 -6.847574e+01  0.000000e+00
     vertex  1.795455e+02 -6.291411e+01  0.000000e+00
     vertex  1.796000e+02 -6.250000e+01  0.000000e+00
   endloop
 endfacet
 facet normal -0.000000e+00  0.000000e+00 -1.000000e+00
   outer loop
     vertex  1.917000e+02 -6.838038e+01  0.000000e+00
     vertex  1.915757e+02 -6.847574e+01  0.000000e+00
     vertex  1.796000e+02 -6.250000e+01  0.000000e+00
   endloop
 endfacet
 facet normal  0.000000e+00  0.000000e+00 -1.000000e+00
   outer loop
     vertex  1.925196e+02 -6.920000e+01  0.000000e+00
     vertex  1.924243e+02 -7.027574e+01  0.000000e+00
     vertex  1.924243e+02 -6.932426e+01  0.000000e+00
   endloop
 endfacet
 facet normal  0.000000e+00 -0.000000e+00 -1.000000e+00
   outer loop
     vertex  1.925196e+02 -6.920000e+01  0.000000e+00
     vertex  1.925196e+02 -7.040000e+01  0.000000e+00
     vertex  1.924243e+02 -7.027574e+01  0.000000e+00
   endloop
 endfacet
 facet normal  0.000000e+00  0.000000e+00 -1.000000e+00
   outer loop
     vertex  1.925796e+02 -6.905529e+01  0.000000e+00
     vertex  1.925196e+02 -7.040000e+01  0.000000e+00
     vertex  1.925196e+02 -6.920000e+01  0.000000e+00
   endloop
 endfacet
 facet normal  0.000000e+00 -0.000000e+00 -1.000000e+00
   outer loop
     vertex  1.925796e+02 -6.905529e+01  0.000000e+00
     vertex  1.925796e+02 -7.054471e+01  0.000000e+00
     vertex  1.925196e+02 -7.040000e+01  0.000000e+00
   endloop
 endfacet
 facet normal  0.000000e+00  0.000000e+00 -1.000000e+00
   outer loop
     vertex  1.926000e+02 -6.890000e+01  0.000000e+00
     vertex  1.925796e+02 -7.054471e+01  0.000000e+00
     vertex  1.925796e+02 -6.905529e+01  0.000000e+00
   endloop
 endfacet
 facet normal  0.000000e+00 -0.000000e+00 -1.000000e+00
   outer loop
     vertex  1.926000e+02 -6.890000e+01  0.000000e+00
     vertex  1.926000e+02 -7.070000e+01  0.000000e+00
     vertex  1.925796e+02 -7.054471e+01  0.000000e+00
   endloop
 endfacet
 facet normal  0.000000e+00  0.000000e+00 -1.000000e+00
   outer loop
     vertex  2.040000e+02 -7.500000e+01  0.000000e+00
     vertex  1.925796e+02 -6.874471e+01  0.000000e+00
     vertex  1.925196e+02 -6.860000e+01  0.000000e+00
   endloop
 endfacet
 facet normal  0.000000e+00  0.000000e+00 -1.000000e+00
   outer loop
     vertex  2.040000e+02 -7.500000e+01  0.000000e+00
     vertex  1.926000e+02 -6.890000e+01  0.000000e+00
     vertex  1.925796e+02 -6.874471e+01  0.000000e+00
   endloop
 endfacet
 facet normal  0.000000e+00  0.000000e+00 -1.000000e+00
   outer loop
     vertex  2.040000e+02 -7.500000e+01  0.000000e+00
     vertex  1.640000e+02 -7.310000e+01  0.000000e+00
     vertex  1.920000e+02 -7.310000e+01  0.000000e+00
   endloop
 endfacet
 facet normal  0.000000e+00  0.000000e+00 -1.000000e+00
   outer loop
     vertex  2.040000e+02 -7.500000e+01  0.000000e+00
     vertex  1.925796e+02 -7.234471e+01  0.000000e+00
     vertex  1.925796e+02 -7.085529e+01  0.000000e+00
   endloop
 endfacet
 facet normal  0.000000e+00  0.000000e+00 -1.000000e+00
   outer loop
     vertex  2.040000e+02 -7.500000e+01  0.000000e+00
     vertex  1.926000e+02 -7.070000e+01  0.000000e+00
     vertex  1.926000e+02 -6.890000e+01  0.000000e+00
   endloop
 endfacet
 facet normal  0.000000e+00  0.000000e+00 -1.000000e+00
   outer loop
     vertex  2.040000e+02 -7.500000e+01  0.000000e+00
     vertex  1.926000e+02 -7.250000e+01  0.000000e+00
     vertex  1.925796e+02 -7.234471e+01  0.000000e+00
   endloop
 endfacet
 facet normal  0.000000e+00  0.000000e+00 -1.000000e+00
   outer loop
     vertex  2.040000e+02 -7.500000e+01  0.000000e+00
     vertex  1.925796e+02 -7.265529e+01  0.000000e+00
     vertex  1.926000e+02 -7.250000e+01  0.000000e+00
   endloop
 endfacet
 facet normal  0.000000e+00  0.000000e+00 -1.000000e+00
   outer loop
     vertex  2.040000e+02 -7.500000e+01  0.000000e+00
     vertex  1.925196e+02 -7.280000e+01  0.000000e+00
     vertex  1.925796e+02 -7.265529e+01  0.000000e+00
   endloop
 endfacet
 facet normal  0.000000e+00  0.000000e+00 -1.000000e+00
   outer loop
     vertex  2.040000e+02 -7.500000e+01  0.000000e+00
     vertex  1.924243e+02 -7.292426e+01  0.000000e+00
     vertex  1.925196e+02 -7.280000e+01  0.000000e+00
   endloop
 endfacet
 facet normal  0.000000e+00  0.000000e+00 -1.000000e+00
   outer loop
     vertex  2.040000e+02 -7.500000e+01  0.000000e+00
     vertex  1.923000e+02 -7.301962e+01  0.000000e+00
     vertex  1.924243e+02 -7.292426e+01  0.000000e+00
   endloop
 endfacet
 facet normal  0.000000e+00  0.000000e+00 -1.000000e+00
   outer loop
     vertex  2.040000e+02 -7.500000e+01  0.000000e+00
     vertex  1.921553e+02 -7.307956e+01  0.000000e+00
     vertex  1.923000e+02 -7.301962e+01  0.000000e+00
   endloop
 endfacet
 facet normal  0.000000e+00  0.000000e+00 -1.000000e+00
   outer loop
     vertex  2.040000e+02 -7.500000e+01  0.000000e+00
     vertex  1.920000e+02 -7.310000e+01  0.000000e+00
     vertex  1.921553e+02 -7.307956e+01  0.000000e+00
   endloop
 endfacet
 facet normal  0.000000e+00  0.000000e+00 -1.000000e+00
   outer loop
     vertex  2.040000e+02 -7.500000e+01  0.000000e+00
     vertex  1.925796e+02 -7.085529e+01  0.000000e+00
     vertex  1.926000e+02 -7.070000e+01  0.000000e+00
   endloop
 endfacet
 facet normal  0.000000e+00  0.000000e+00 -1.000000e+00
   outer loop
     vertex  1.915757e+02 -5.642426e+01  0.000000e+00
     vertex  1.796000e+02 -6.250000e+01  0.000000e+00
     vertex  1.795455e+02 -6.208589e+01  0.000000e+00
   endloop
 endfacet
 facet normal  0.000000e+00 -0.000000e+00 -1.000000e+00
   outer loop
     vertex  1.917000e+02 -5.651962e+01  0.000000e+00
     vertex  1.917000e+02 -6.838038e+01  0.000000e+00
     vertex  1.796000e+02 -6.250000e+01  0.000000e+00
   endloop
 endfacet
 facet normal -0.000000e+00  0.000000e+00 -1.000000e+00
   outer loop
     vertex  1.917000e+02 -5.651962e+01  0.000000e+00
     vertex  1.796000e+02 -6.250000e+01  0.000000e+00
     vertex  1.915757e+02 -5.642426e+01  0.000000e+00
   endloop
 endfacet
 facet normal  0.000000e+00  0.000000e+00 -1.000000e+00
   outer loop
     vertex  1.914804e+02 -5.630000e+01  0.000000e+00
     vertex  1.795455e+02 -6.208589e+01  0.000000e+00
     vertex  1.793856e+02 -6.170000e+01  0.000000e+00
   endloop
 endfacet
 facet normal  0.000000e+00 -0.000000e+00 -1.000000e+00
   outer loop
     vertex  1.914804e+02 -5.630000e+01  0.000000e+00
     vertex  1.915757e+02 -5.642426e+01  0.000000e+00
     vertex  1.795455e+02 -6.208589e+01  0.000000e+00
   endloop
 endfacet
 facet normal  0.000000e+00 -0.000000e+00 -1.000000e+00
   outer loop
     vertex  1.918447e+02 -5.657956e+01  0.000000e+00
     vertex  1.918447e+02 -6.832044e+01  0.000000e+00
     vertex  1.917000e+02 -6.838038e+01  0.000000e+00
   endloop
 endfacet
 facet normal  0.000000e+00  0.000000e+00 -1.000000e+00
   outer loop
     vertex  1.918447e+02 -5.657956e+01  0.000000e+00
     vertex  1.920000e+02 -6.830000e+01  0.000000e+00
     vertex  1.918447e+02 -6.832044e+01  0.000000e+00
   endloop
 endfacet
 facet normal -0.000000e+00  0.000000e+00 -1.000000e+00
   outer loop
     vertex  1.918447e+02 -5.657956e+01  0.000000e+00
     vertex  1.917000e+02 -6.838038e+01  0.000000e+00
     vertex  1.917000e+02 -5.651962e+01  0.000000e+00
   endloop
 endfacet
 facet normal  0.000000e+00 -0.000000e+00 -1.000000e+00
   outer loop
     vertex  1.914204e+02 -5.615529e+01  0.000000e+00
     vertex  1.914804e+02 -5.630000e+01  0.000000e+00
     vertex  1.793856e+02 -6.170000e+01  0.000000e+00
   endloop
 endfacet
 facet normal  0.000000e+00  0.000000e+00 -1.000000e+00
   outer loop
     vertex  1.914204e+02 -5.615529e+01  0.000000e+00
     vertex  1.793856e+02 -6.170000e+01  0.000000e+00
     vertex  1.791314e+02 -6.136863e+01  0.000000e+00
   endloop
 endfacet
 facet normal -0.000000e+00 -0.000000e+00 -1.000000e+00
   outer loop
     vertex  1.920000e+02 -5.660000e+01  0.000000e+00
     vertex  1.920000e+02 -6.830000e+01  0.000000e+00
     vertex  1.918447e+02 -5.657956e+01  0.000000e+00
   endloop
 endfacet
 facet normal  0.000000e+00 -0.000000e+00 -1.000000e+00
   outer loop
     vertex  1.914000e+02 -5.600000e+01  0.000000e+00
     vertex  1.914204e+02 -5.615529e+01  0.000000e+00
     vertex  1.791314e+02 -6.136863e+01  0.000000e+00
   endloop
 endfacet
 facet normal  0.000000e+00 -0.000000e+00 -1.000000e+00
   outer loop
     vertex  1.921553e+02 -5.657956e+01  0.000000e+00
     vertex  1.921553e+02 -6.832044e+01  0.000000e+00
     vertex  1.920000e+02 -6.830000e+01  0.000000e+00
   endloop
 endfacet
 facet normal  0.000000e+00  0.000000e+00 -1.000000e+00
   outer loop
     vertex  1.921553e+02 -5.657956e+01  0.000000e+00
     vertex  1.923000e+02 -6.838038e+01  0.000000e+00
     vertex  1.921553e+02 -6.832044e+01  0.000000e+00
   endloop
 endfacet
 facet normal  0.000000e+00  0.000000e+00 -1.000000e+00
   outer loop
     vertex  1.921553e+02 -5.657956e+01  0.000000e+00
     vertex  1.920000e+02 -6.830000e+01  0.000000e+00
     vertex  1.920000e+02 -5.660000e+01  0.000000e+00
   endloop
 endfacet
 facet normal  0.000000e+00 -0.000000e+00 -1.000000e+00
   outer loop
     vertex  1.923000e+02 -5.651962e+01  0.000000e+00
     vertex  1.923000e+02 -6.838038e+01  0.000000e+00
     vertex  1.921553e+02 -5.657956e+01  0.000000e+00
   endloop
 endfacet
 facet normal  0.000000e+00 -0.000000e+00 -1.000000e+00
   outer loop
     vertex  1.924243e+02 -5.642426e+01  0.000000e+00
     vertex  1.924243e+02 -6.847574e+01  0.000000e+00
     vertex  1.923000e+02 -6.838038e+01  0.000000e+00
   endloop
 endfacet
 facet normal  0.000000e+00  0.000000e+00 -1.000000e+00
   outer loop
     vertex  1.924243e+02 -5.642426e+01  0.000000e+00
     vertex  1.923000e+02 -6.838038e+01  0.000000e+00
     vertex  1.923000e+02 -5.651962e+01  0.000000e+00
   endloop
 endfacet
 facet normal  0.000000e+00 -0.000000e+00 -1.000000e+00
   outer loop
     vertex  1.925196e+02 -5.630000e+01  0.000000e+00
     vertex  1.925196e+02 -6.860000e+01  0.000000e+00
     vertex  1.924243e+02 -6.847574e+01  0.000000e+00
   endloop
 endfacet
 facet normal  0.000000e+00  0.000000e+00 -1.000000e+00
   outer loop
     vertex  1.925196e+02 -5.630000e+01  0.000000e+00
     vertex  1.924243e+02 -6.847574e+01  0.000000e+00
     vertex  1.924243e+02 -5.642426e+01  0.000000e+00
   endloop
 endfacet
 facet normal -0.000000e+00  0.000000e+00 -1.000000e+00
   outer loop
     vertex  1.917000e+02 -5.471962e+01  0.000000e+00
     vertex  1.915757e+02 -5.557574e+01  0.000000e+00
     vertex  1.915757e+02 -5.462426e+01  0.000000e+00
   endloop
 endfacet
 facet normal  0.000000e+00 -0.000000e+00 -1.000000e+00
   outer loop
     vertex  1.917000e+02 -5.471962e+01  0.000000e+00
     vertex  1.917000e+02 -5.548038e+01  0.000000e+00
     vertex  1.915757e+02 -5.557574e+01  0.000000e+00
   endloop
 endfacet
 facet normal  0.000000e+00  0.000000e+00 -1.000000e+00
   outer loop
     vertex  1.917000e+02 -5.471962e+01  0.000000e+00
     vertex  1.918447e+02 -5.542044e+01  0.000000e+00
     vertex  1.917000e+02 -5.548038e+01  0.000000e+00
   endloop
 endfacet
 facet normal  0.000000e+00  0.000000e+00 -1.000000e+00
   outer loop
     vertex  1.914804e+02 -5.450000e+01  0.000000e+00
     vertex  1.915757e+02 -5.462426e+01  0.000000e+00
     vertex  1.915757e+02 -5.557574e+01  0.000000e+00
   endloop
 endfacet
 facet normal  0.000000e+00  0.000000e+00 -1.000000e+00
   outer loop
     vertex  1.914804e+02 -5.450000e+01  0.000000e+00
     vertex  1.915757e+02 -5.557574e+01  0.000000e+00
     vertex  1.914804e+02 -5.570000e+01  0.000000e+00
   endloop
 endfacet
 facet normal -0.000000e+00 -0.000000e+00 -1.000000e+00
   outer loop
     vertex  1.918447e+02 -5.477956e+01  0.000000e+00
     vertex  1.918447e+02 -5.542044e+01  0.000000e+00
     vertex  1.917000e+02 -5.471962e+01  0.000000e+00
   endloop
 endfacet
 facet normal  0.000000e+00  0.000000e+00 -1.000000e+00
   outer loop
     vertex  1.914204e+02 -5.435529e+01  0.000000e+00
     vertex  1.914804e+02 -5.450000e+01  0.000000e+00
     vertex  1.914804e+02 -5.570000e+01  0.000000e+00
   endloop
 endfacet
 facet normal  0.000000e+00 -0.000000e+00 -1.000000e+00
   outer loop
     vertex  1.914204e+02 -5.435529e+01  0.000000e+00
     vertex  1.914204e+02 -5.584471e+01  0.000000e+00
     vertex  1.914000e+02 -5.600000e+01  0.000000e+00
   endloop
 endfacet
 facet normal  0.000000e+00  0.000000e+00 -1.000000e+00
   outer loop
     vertex  1.914204e+02 -5.435529e+01  0.000000e+00
     vertex  1.914804e+02 -5.570000e+01  0.000000e+00
     vertex  1.914204e+02 -5.584471e+01  0.000000e+00
   endloop
 endfacet
 facet normal -0.000000e+00  0.000000e+00 -1.000000e+00
   outer loop
     vertex  1.920000e+02 -5.480000e+01  0.000000e+00
     vertex  1.918447e+02 -5.542044e+01  0.000000e+00
     vertex  1.918447e+02 -5.477956e+01  0.000000e+00
   endloop
 endfacet
 facet normal  0.000000e+00 -0.000000e+00 -1.000000e+00
   outer loop
     vertex  1.920000e+02 -5.480000e+01  0.000000e+00
     vertex  1.920000e+02 -5.540000e+01  0.000000e+00
     vertex  1.918447e+02 -5.542044e+01  0.000000e+00
   endloop
 endfacet
 facet normal  0.000000e+00 -0.000000e+00 -1.000000e+00
   outer loop
     vertex  1.914000e+02 -5.420000e+01  0.000000e+00
     vertex  1.914000e+02 -5.600000e+01  0.000000e+00
     vertex  1.791314e+02 -6.136863e+01  0.000000e+00
   endloop
 endfacet
 facet normal  0.000000e+00  0.000000e+00 -1.000000e+00
   outer loop
     vertex  1.914000e+02 -5.420000e+01  0.000000e+00
     vertex  1.914204e+02 -5.435529e+01  0.000000e+00
     vertex  1.914000e+02 -5.600000e+01  0.000000e+00
   endloop
 endfacet
 facet normal  0.000000e+00  0.000000e+00 -1.000000e+00
   outer loop
     vertex  1.914000e+02 -5.420000e+01  0.000000e+00
     vertex  1.791314e+02 -6.136863e+01  0.000000e+00
     vertex  1.788000e+02 -6.111436e+01  0.000000e+00
   endloop
 endfacet
 facet normal  0.000000e+00  0.000000e+00 -1.000000e+00
   outer loop
     vertex  1.921553e+02 -5.477956e+01  0.000000e+00
     vertex  1.920000e+02 -5.540000e+01  0.000000e+00
     vertex  1.920000e+02 -5.480000e+01  0.000000e+00
   endloop
 endfacet
 facet normal  0.000000e+00 -0.000000e+00 -1.000000e+00
   outer loop
     vertex  1.921553e+02 -5.477956e+01  0.000000e+00
     vertex  1.921553e+02 -5.542044e+01  0.000000e+00
     vertex  1.920000e+02 -5.540000e+01  0.000000e+00
   endloop
 endfacet
 facet normal  0.000000e+00  0.000000e+00 -1.000000e+00
   outer loop
     vertex  1.923000e+02 -5.471962e+01  0.000000e+00
     vertex  1.921553e+02 -5.542044e+01  0.000000e+00
     vertex  1.921553e+02 -5.477956e+01  0.000000e+00
   endloop
 endfacet
 facet normal  0.000000e+00 -0.000000e+00 -1.000000e+00
   outer loop
     vertex  1.923000e+02 -5.471962e+01  0.000000e+00
     vertex  1.923000e+02 -5.548038e+01  0.000000e+00
     vertex  1.921553e+02 -5.542044e+01  0.000000e+00
   endloop
 endfacet
 facet normal  0.000000e+00  0.000000e+00 -1.000000e+00
   outer loop
     vertex  1.923000e+02 -5.471962e+01  0.000000e+00
     vertex  1.924243e+02 -5.557574e+01  0.000000e+00
     vertex  1.923000e+02 -5.548038e+01  0.000000e+00
   endloop
 endfacet
 facet normal  0.000000e+00 -0.000000e+00 -1.000000e+00
   outer loop
     vertex  1.924243e+02 -5.462426e+01  0.000000e+00
     vertex  1.924243e+02 -5.557574e+01  0.000000e+00
     vertex  1.923000e+02 -5.471962e+01  0.000000e+00
   endloop
 endfacet
 facet normal  0.000000e+00  0.000000e+00 -1.000000e+00
   outer loop
     vertex  1.924243e+02 -5.462426e+01  0.000000e+00
     vertex  1.925196e+02 -5.570000e+01  0.000000e+00
     vertex  1.924243e+02 -5.557574e+01  0.000000e+00
   endloop
 endfacet
 facet normal  0.000000e+00 -0.000000e+00 -1.000000e+00
   outer loop
     vertex  1.925196e+02 -5.450000e+01  0.000000e+00
     vertex  1.925196e+02 -5.570000e+01  0.000000e+00
     vertex  1.924243e+02 -5.462426e+01  0.000000e+00
   endloop
 endfacet
 facet normal  0.000000e+00  0.000000e+00 -1.000000e+00
   outer loop
     vertex  1.925796e+02 -5.435529e+01  0.000000e+00
     vertex  1.925196e+02 -5.570000e+01  0.000000e+00
     vertex  1.925196e+02 -5.450000e+01  0.000000e+00
   endloop
 endfacet
 facet normal  0.000000e+00 -0.000000e+00 -1.000000e+00
   outer loop
     vertex  1.925796e+02 -5.435529e+01  0.000000e+00
     vertex  1.925796e+02 -5.584471e+01  0.000000e+00
     vertex  1.925196e+02 -5.570000e+01  0.000000e+00
   endloop
 endfacet
 facet normal  0.000000e+00  0.000000e+00 -1.000000e+00
   outer loop
     vertex  1.926000e+02 -5.420000e+01  0.000000e+00
     vertex  1.925796e+02 -5.584471e+01  0.000000e+00
     vertex  1.925796e+02 -5.435529e+01  0.000000e+00
   endloop
 endfacet
 facet normal  0.000000e+00 -0.000000e+00 -1.000000e+00
   outer loop
     vertex  1.926000e+02 -5.420000e+01  0.000000e+00
     vertex  1.926000e+02 -5.600000e+01  0.000000e+00
     vertex  1.925796e+02 -5.584471e+01  0.000000e+00
   endloop
 endfacet
 facet normal  0.000000e+00  0.000000e+00 -1.000000e+00
   outer loop
     vertex  1.915757e+02 -5.282426e+01  0.000000e+00
     vertex  1.917000e+02 -5.368038e+01  0.000000e+00
     vertex  1.915757e+02 -5.377574e+01  0.000000e+00
   endloop
 endfacet
 facet normal  0.000000e+00  0.000000e+00 -1.000000e+00
   outer loop
     vertex  1.917000e+02 -5.291962e+01  0.000000e+00
     vertex  1.918447e+02 -5.362044e+01  0.000000e+00
     vertex  1.917000e+02 -5.368038e+01  0.000000e+00
   endloop
 endfacet
 facet normal -0.000000e+00 -0.000000e+00 -1.000000e+00
   outer loop
     vertex  1.917000e+02 -5.291962e+01  0.000000e+00
     vertex  1.917000e+02 -5.368038e+01  0.000000e+00
     vertex  1.915757e+02 -5.282426e+01  0.000000e+00
   endloop
 endfacet
 facet normal  0.000000e+00 -0.000000e+00 -1.000000e+00
   outer loop
     vertex  1.914804e+02 -5.270000e+01  0.000000e+00
     vertex  1.914804e+02 -5.390000e+01  0.000000e+00
     vertex  1.914204e+02 -5.404471e+01  0.000000e+00
   endloop
 endfacet
 facet normal  0.000000e+00  0.000000e+00 -1.000000e+00
   outer loop
     vertex  1.914804e+02 -5.270000e+01  0.000000e+00
     vertex  1.915757e+02 -5.377574e+01  0.000000e+00
     vertex  1.914804e+02 -5.390000e+01  0.000000e+00
   endloop
 endfacet
 facet normal  0.000000e+00  0.000000e+00 -1.000000e+00
   outer loop
     vertex  1.914804e+02 -5.270000e+01  0.000000e+00
     vertex  1.915757e+02 -5.282426e+01  0.000000e+00
     vertex  1.915757e+02 -5.377574e+01  0.000000e+00
   endloop
 endfacet
 facet normal  0.000000e+00  0.000000e+00 -1.000000e+00
   outer loop
     vertex  1.918447e+02 -5.297956e+01  0.000000e+00
     vertex  1.920000e+02 -5.360000e+01  0.000000e+00
     vertex  1.918447e+02 -5.362044e+01  0.000000e+00
   endloop
 endfacet
 facet normal -0.000000e+00 -0.000000e+00 -1.000000e+00
   outer loop
     vertex  1.918447e+02 -5.297956e+01  0.000000e+00
     vertex  1.918447e+02 -5.362044e+01  0.000000e+00
     vertex  1.917000e+02 -5.291962e+01  0.000000e+00
   endloop
 endfacet
 facet normal  0.000000e+00 -0.000000e+00 -1.000000e+00
   outer loop
     vertex  1.914204e+02 -5.255529e+01  0.000000e+00
     vertex  1.914204e+02 -5.404471e+01  0.000000e+00
     vertex  1.914000e+02 -5.420000e+01  0.000000e+00
   endloop
 endfacet
 facet normal  0.000000e+00  0.000000e+00 -1.000000e+00
   outer loop
     vertex  1.914204e+02 -5.255529e+01  0.000000e+00
     vertex  1.914804e+02 -5.270000e+01  0.000000e+00
     vertex  1.914204e+02 -5.404471e+01  0.000000e+00
   endloop
 endfacet
 facet normal -0.000000e+00 -0.000000e+00 -1.000000e+00
   outer loop
     vertex  1.920000e+02 -5.300000e+01  0.000000e+00
     vertex  1.920000e+02 -5.360000e+01  0.000000e+00
     vertex  1.918447e+02 -5.297956e+01  0.000000e+00
   endloop
 endfacet
 facet normal  0.000000e+00  0.000000e+00 -1.000000e+00
   outer loop
     vertex  1.914000e+02 -5.240000e+01  0.000000e+00
     vertex  1.914204e+02 -5.255529e+01  0.000000e+00
     vertex  1.914000e+02 -5.420000e+01  0.000000e+00
   endloop
 endfacet
 facet normal  0.000000e+00  0.000000e+00 -1.000000e+00
   outer loop
     vertex  1.914000e+02 -5.240000e+01  0.000000e+00
     vertex  1.788000e+02 -6.111436e+01  0.000000e+00
     vertex  1.784141e+02 -6.095452e+01  0.000000e+00
   endloop
 endfacet
 facet normal  0.000000e+00 -0.000000e+00 -1.000000e+00
   outer loop
     vertex  1.914000e+02 -5.240000e+01  0.000000e+00
     vertex  1.914000e+02 -5.420000e+01  0.000000e+00
     vertex  1.788000e+02 -6.111436e+01  0.000000e+00
   endloop
 endfacet
 facet normal  0.000000e+00  0.000000e+00 -1.000000e+00
   outer loop
     vertex  1.914204e+02 -5.224471e+01  0.000000e+00
     vertex  1.784141e+02 -6.095452e+01  0.000000e+00
     vertex  1.780000e+02 -6.090000e+01  0.000000e+00
   endloop
 endfacet
 facet normal  0.000000e+00  0.000000e+00 -1.000000e+00
   outer loop
     vertex  1.914204e+02 -5.224471e+01  0.000000e+00
     vertex  1.914000e+02 -5.240000e+01  0.000000e+00
     vertex  1.784141e+02 -6.095452e+01  0.000000e+00
   endloop
 endfacet
 facet normal  0.000000e+00  0.000000e+00 -1.000000e+00
   outer loop
     vertex  1.921553e+02 -5.297956e+01  0.000000e+00
     vertex  1.920000e+02 -5.360000e+01  0.000000e+00
     vertex  1.920000e+02 -5.300000e+01  0.000000e+00
   endloop
 endfacet
 facet normal  0.000000e+00 -0.000000e+00 -1.000000e+00
   outer loop
     vertex  1.921553e+02 -5.297956e+01  0.000000e+00
     vertex  1.921553e+02 -5.362044e+01  0.000000e+00
     vertex  1.920000e+02 -5.360000e+01  0.000000e+00
   endloop
 endfacet
 facet normal  0.000000e+00  0.000000e+00 -1.000000e+00
   outer loop
     vertex  1.921553e+02 -5.297956e+01  0.000000e+00
     vertex  1.923000e+02 -5.368038e+01  0.000000e+00
     vertex  1.921553e+02 -5.362044e+01  0.000000e+00
   endloop
 endfacet
 facet normal  0.000000e+00  0.000000e+00 -1.000000e+00
   outer loop
     vertex  1.914804e+02 -5.210000e+01  0.000000e+00
     vertex  1.914204e+02 -5.224471e+01  0.000000e+00
     vertex  1.780000e+02 -6.090000e+01  0.000000e+00
   endloop
 endfacet
 facet normal -0.000000e+00  0.000000e+00 -1.000000e+00
   outer loop
     vertex  1.914804e+02 -5.210000e+01  0.000000e+00
     vertex  1.780000e+02 -6.090000e+01  0.000000e+00
     vertex  1.645196e+02 -5.210000e+01  0.000000e+00
   endloop
 endfacet
 facet normal  0.000000e+00  0.000000e+00 -1.000000e+00
   outer loop
     vertex  1.923000e+02 -5.291962e+01  0.000000e+00
     vertex  1.924243e+02 -5.377574e+01  0.000000e+00
     vertex  1.923000e+02 -5.368038e+01  0.000000e+00
   endloop
 endfacet
 facet normal  0.000000e+00 -0.000000e+00 -1.000000e+00
   outer loop
     vertex  1.923000e+02 -5.291962e+01  0.000000e+00
     vertex  1.923000e+02 -5.368038e+01  0.000000e+00
     vertex  1.921553e+02 -5.297956e+01  0.000000e+00
   endloop
 endfacet
 facet normal  0.000000e+00  0.000000e+00 -1.000000e+00
   outer loop
     vertex  1.915757e+02 -5.197574e+01  0.000000e+00
     vertex  1.914804e+02 -5.210000e+01  0.000000e+00
     vertex  1.645196e+02 -5.210000e+01  0.000000e+00
   endloop
 endfacet
 facet normal  0.000000e+00  0.000000e+00 -1.000000e+00
   outer loop
     vertex  1.915757e+02 -5.197574e+01  0.000000e+00
     vertex  1.644243e+02 -5.197574e+01  0.000000e+00
     vertex  1.643000e+02 -5.188038e+01  0.000000e+00
   endloop
 endfacet
 facet normal -0.000000e+00  0.000000e+00 -1.000000e+00
   outer loop
     vertex  1.915757e+02 -5.197574e+01  0.000000e+00
     vertex  1.645196e+02 -5.210000e+01  0.000000e+00
     vertex  1.644243e+02 -5.197574e+01  0.000000e+00
   endloop
 endfacet
 facet normal  0.000000e+00 -0.000000e+00 -1.000000e+00
   outer loop
     vertex  1.924243e+02 -5.282426e+01  0.000000e+00
     vertex  1.924243e+02 -5.377574e+01  0.000000e+00
     vertex  1.923000e+02 -5.291962e+01  0.000000e+00
   endloop
 endfacet
 facet normal  0.000000e+00  0.000000e+00 -1.000000e+00
   outer loop
     vertex  1.924243e+02 -5.282426e+01  0.000000e+00
     vertex  1.925196e+02 -5.390000e+01  0.000000e+00
     vertex  1.924243e+02 -5.377574e+01  0.000000e+00
   endloop
 endfacet
 facet normal -0.000000e+00  0.000000e+00 -1.000000e+00
   outer loop
     vertex  1.917000e+02 -5.188038e+01  0.000000e+00
     vertex  1.915757e+02 -5.197574e+01  0.000000e+00
     vertex  1.643000e+02 -5.188038e+01  0.000000e+00
   endloop
 endfacet
 facet normal  0.000000e+00 -0.000000e+00 -1.000000e+00
   outer loop
     vertex  1.925196e+02 -5.270000e+01  0.000000e+00
     vertex  1.925196e+02 -5.390000e+01  0.000000e+00
     vertex  1.924243e+02 -5.282426e+01  0.000000e+00
   endloop
 endfacet
 facet normal  0.000000e+00  0.000000e+00 -1.000000e+00
   outer loop
     vertex  1.918447e+02 -5.182044e+01  0.000000e+00
     vertex  1.917000e+02 -5.188038e+01  0.000000e+00
     vertex  1.643000e+02 -5.188038e+01  0.000000e+00
   endloop
 endfacet
 facet normal -0.000000e+00  0.000000e+00 -1.000000e+00
   outer loop
     vertex  1.918447e+02 -5.182044e+01  0.000000e+00
     vertex  1.643000e+02 -5.188038e+01  0.000000e+00
     vertex  1.641553e+02 -5.182044e+01  0.000000e+00
   endloop
 endfacet
 facet normal  0.000000e+00  0.000000e+00 -1.000000e+00
   outer loop
     vertex  1.925796e+02 -5.255529e+01  0.000000e+00
     vertex  1.925196e+02 -5.390000e+01  0.000000e+00
     vertex  1.925196e+02 -5.270000e+01  0.000000e+00
   endloop
 endfacet
 facet normal  0.000000e+00 -0.000000e+00 -1.000000e+00
   outer loop
     vertex  1.925796e+02 -5.255529e+01  0.000000e+00
     vertex  1.925796e+02 -5.404471e+01  0.000000e+00
     vertex  1.925196e+02 -5.390000e+01  0.000000e+00
   endloop
 endfacet
 facet normal  0.000000e+00  0.000000e+00 -1.000000e+00
   outer loop
     vertex  2.040000e+02 -5.000000e+01  0.000000e+00
     vertex  1.926000e+02 -5.420000e+01  0.000000e+00
     vertex  1.925796e+02 -5.404471e+01  0.000000e+00
   endloop
 endfacet
 facet normal  0.000000e+00  0.000000e+00 -1.000000e+00
   outer loop
     vertex  2.040000e+02 -5.000000e+01  0.000000e+00
     vertex  1.925196e+02 -6.860000e+01  0.000000e+00
     vertex  1.925196e+02 -5.630000e+01  0.000000e+00
   endloop
 endfacet
 facet normal  0.000000e+00  0.000000e+00 -1.000000e+00
   outer loop
     vertex  2.040000e+02 -5.000000e+01  0.000000e+00
     vertex  1.925796e+02 -5.404471e+01  0.000000e+00
     vertex  1.925796e+02 -5.255529e+01  0.000000e+00
   endloop
 endfacet
 facet normal  0.000000e+00 -0.000000e+00 -1.000000e+00
   outer loop
     vertex  2.040000e+02 -5.000000e+01  0.000000e+00
     vertex  2.040000e+02 -7.500000e+01  0.000000e+00
     vertex  1.925196e+02 -6.860000e+01  0.000000e+00
   endloop
 endfacet
 facet normal  0.000000e+00  0.000000e+00 -1.000000e+00
   outer loop
     vertex  2.040000e+02 -5.000000e+01  0.000000e+00
     vertex  1.921553e+02 -5.182044e+01  0.000000e+00
     vertex  1.920000e+02 -5.180000e+01  0.000000e+00
   endloop
 endfacet
 facet normal  0.000000e+00  0.000000e+00 -1.000000e+00
   outer loop
     vertex  2.040000e+02 -5.000000e+01  0.000000e+00
     vertex  1.923000e+02 -5.188038e+01  0.000000e+00
     vertex  1.921553e+02 -5.182044e+01  0.000000e+00
   endloop
 endfacet
 facet normal  0.000000e+00  0.000000e+00 -1.000000e+00
   outer loop
     vertex  2.040000e+02 -5.000000e+01  0.000000e+00
     vertex  1.924243e+02 -5.197574e+01  0.000000e+00
     vertex  1.923000e+02 -5.188038e+01  0.000000e+00
   endloop
 endfacet
 facet normal  0.000000e+00  0.000000e+00 -1.000000e+00
   outer loop
     vertex  2.040000e+02 -5.000000e+01  0.000000e+00
     vertex  1.925196e+02 -5.210000e+01  0.000000e+00
     vertex  1.924243e+02 -5.197574e+01  0.000000e+00
   endloop
 endfacet
 facet normal  0.000000e+00  0.000000e+00 -1.000000e+00
   outer loop
     vertex  2.040000e+02 -5.000000e+01  0.000000e+00
     vertex  1.925796e+02 -5.224471e+01  0.000000e+00
     vertex  1.925196e+02 -5.210000e+01  0.000000e+00
   endloop
 endfacet
 facet normal  0.000000e+00  0.000000e+00 -1.000000e+00
   outer loop
     vertex  2.040000e+02 -5.000000e+01  0.000000e+00
     vertex  1.926000e+02 -5.240000e+01  0.000000e+00
     vertex  1.925796e+02 -5.224471e+01  0.000000e+00
   endloop
 endfacet
 facet normal  0.000000e+00  0.000000e+00 -1.000000e+00
   outer loop
     vertex  2.040000e+02 -5.000000e+01  0.000000e+00
     vertex  1.925796e+02 -5.255529e+01  0.000000e+00
     vertex  1.926000e+02 -5.240000e+01  0.000000e+00
   endloop
 endfacet
 facet normal  0.000000e+00  0.000000e+00 -1.000000e+00
   outer loop
     vertex  2.040000e+02 -5.000000e+01  0.000000e+00
     vertex  1.926000e+02 -5.600000e+01  0.000000e+00
     vertex  1.926000e+02 -5.420000e+01  0.000000e+00
   endloop
 endfacet
 facet normal  0.000000e+00  0.000000e+00 -1.000000e+00
   outer loop
     vertex  2.040000e+02 -5.000000e+01  0.000000e+00
     vertex  1.925796e+02 -5.615529e+01  0.000000e+00
     vertex  1.926000e+02 -5.600000e+01  0.000000e+00
   endloop
 endfacet
 facet normal  0.000000e+00  0.000000e+00 -1.000000e+00
   outer loop
     vertex  2.040000e+02 -5.000000e+01  0.000000e+00
     vertex  1.925196e+02 -5.630000e+01  0.000000e+00
     vertex  1.925796e+02 -5.615529e+01  0.000000e+00
   endloop
 endfacet
 facet normal  0.000000e+00  0.000000e+00 -1.000000e+00
   outer loop
     vertex  1.000000e+02 -7.500000e+01  0.000000e+00
     vertex  1.640000e+02 -7.310000e+01  0.000000e+00
     vertex  2.040000e+02 -7.500000e+01  0.000000e+00
   endloop
 endfacet
 facet normal  0.000000e+00  0.000000e+00 -1.000000e+00
   outer loop
     vertex  1.000000e+02 -7.500000e+01  0.000000e+00
     vertex  1.360000e+02 -7.310000e+01  0.000000e+00
     vertex  1.640000e+02 -7.310000e+01  0.000000e+00
   endloop
 endfacet
 facet normal -0.000000e+00  0.000000e+00 -1.000000e+00
   outer loop
     vertex  2.040000e+02 -5.000000e+01  0.000000e+00
     vertex  1.360000e+02 -5.180000e+01  0.000000e+00
     vertex  1.000000e+02 -5.000000e+01  0.000000e+00
   endloop
 endfacet
 facet normal -0.000000e+00  0.000000e+00 -1.000000e+00
   outer loop
     vertex  1.360000e+02 -5.180000e+01  0.000000e+00
     vertex  1.358447e+02 -5.182044e+01  0.000000e+00
     vertex  1.000000e+02 -5.000000e+01  0.000000e+00
   endloop
 endfacet
 facet normal -0.000000e+00  0.000000e+00 -1.000000e+00
   outer loop
     vertex  1.358447e+02 -5.182044e+01  0.000000e+00
     vertex  1.081553e+02 -5.182044e+01  0.000000e+00
     vertex  1.000000e+02 -5.000000e+01  0.000000e+00
   endloop
 endfacet
 facet normal  0.000000e+00  0.000000e+00 -1.000000e+00
   outer loop
     vertex  2.040000e+02 -5.000000e+01  0.000000e+00
     vertex  1.361553e+02 -5.182044e+01  0.000000e+00
     vertex  1.360000e+02 -5.180000e+01  0.000000e+00
   endloop
 endfacet
 facet normal  0.000000e+00  0.000000e+00 -1.000000e+00
   outer loop
     vertex  2.040000e+02 -5.000000e+01  0.000000e+00
     vertex  1.640000e+02 -5.180000e+01  0.000000e+00
     vertex  1.361553e+02 -5.182044e+01  0.000000e+00
   endloop
 endfacet
 facet normal  0.000000e+00  0.000000e+00 -1.000000e+00
   outer loop
     vertex  1.640000e+02 -5.180000e+01  0.000000e+00
     vertex  1.638447e+02 -5.182044e+01  0.000000e+00
     vertex  1.361553e+02 -5.182044e+01  0.000000e+00
   endloop
 endfacet
 facet normal  0.000000e+00  0.000000e+00 -1.000000e+00
   outer loop
     vertex  2.040000e+02 -5.000000e+01  0.000000e+00
     vertex  1.641553e+02 -5.182044e+01  0.000000e+00
     vertex  1.640000e+02 -5.180000e+01  0.000000e+00
   endloop
 endfacet
 facet normal  0.000000e+00  0.000000e+00 -1.000000e+00
   outer loop
     vertex  2.040000e+02 -5.000000e+01  0.000000e+00
     vertex  1.920000e+02 -5.180000e+01  0.000000e+00
     vertex  1.641553e+02 -5.182044e+01  0.000000e+00
   endloop
 endfacet
 facet normal  0.000000e+00  0.000000e+00 -1.000000e+00
   outer loop
     vertex  1.920000e+02 -5.180000e+01  0.000000e+00
     vertex  1.918447e+02 -5.182044e+01  0.000000e+00
     vertex  1.641553e+02 -5.182044e+01  0.000000e+00
   endloop
 endfacet
 facet normal  0.000000e+00  0.000000e+00  1.000000e+00
   outer loop
     vertex  1.077000e+02 -7.301962e+01  1.510000e+00
     vertex  1.075757e+02 -7.292426e+01  1.510000e+00
     vertex  1.000000e+02 -7.500000e+01  1.510000e+00
   endloop
 endfacet
 facet normal  0.000000e+00  0.000000e+00  1.000000e+00
   outer loop
     vertex  1.074804e+02 -7.280000e+01  1.510000e+00
     vertex  1.000000e+02 -7.500000e+01  1.510000e+00
     vertex  1.075757e+02 -7.292426e+01  1.510000e+00
   endloop
 endfacet
 facet normal  0.000000e+00  0.000000e+00  1.000000e+00
   outer loop
     vertex  1.078447e+02 -7.307956e+01  1.510000e+00
     vertex  1.077000e+02 -7.301962e+01  1.510000e+00
     vertex  1.000000e+02 -7.500000e+01  1.510000e+00
   endloop
 endfacet
 facet normal  0.000000e+00  0.000000e+00  1.000000e+00
   outer loop
     vertex  1.074204e+02 -7.265529e+01  1.510000e+00
     vertex  1.000000e+02 -7.500000e+01  1.510000e+00
     vertex  1.074804e+02 -7.280000e+01  1.510000e+00
   endloop
 endfacet
 facet normal  0.000000e+00  0.000000e+00  1.000000e+00
   outer loop
     vertex  1.080000e+02 -7.310000e+01  1.510000e+00
     vertex  1.078447e+02 -7.307956e+01  1.510000e+00
     vertex  1.000000e+02 -7.500000e+01  1.510000e+00
   endloop
 endfacet
 facet normal  0.000000e+00  0.000000e+00  1.000000e+00
   outer loop
     vertex  1.074000e+02 -7.250000e+01  1.510000e+00
     vertex  1.000000e+02 -7.500000e+01  1.510000e+00
     vertex  1.074204e+02 -7.265529e+01  1.510000e+00
   endloop
 endfacet
 facet normal  0.000000e+00  0.000000e+00  1.000000e+00
   outer loop
     vertex  1.074204e+02 -7.234471e+01  1.510000e+00
     vertex  1.000000e+02 -7.500000e+01  1.510000e+00
     vertex  1.074000e+02 -7.250000e+01  1.510000e+00
   endloop
 endfacet
 facet normal  0.000000e+00  0.000000e+00  1.000000e+00
   outer loop
     vertex  1.081553e+02 -7.307956e+01  1.510000e+00
     vertex  1.080000e+02 -7.310000e+01  1.510000e+00
     vertex  1.000000e+02 -7.500000e+01  1.510000e+00
   endloop
 endfacet
 facet normal  0.000000e+00  0.000000e+00  1.000000e+00
   outer loop
     vertex  1.077000e+02 -7.121962e+01  1.510000e+00
     vertex  1.075757e+02 -7.207574e+01  1.510000e+00
     vertex  1.077000e+02 -7.198038e+01  1.510000e+00
   endloop
 endfacet
 facet normal  0.000000e+00  0.000000e+00  1.000000e+00
   outer loop
     vertex  1.077000e+02 -7.121962e+01  1.510000e+00
     vertex  1.075757e+02 -7.112426e+01  1.510000e+00
     vertex  1.075757e+02 -7.207574e+01  1.510000e+00
   endloop
 endfacet
 facet normal  0.000000e+00  0.000000e+00  1.000000e+00
   outer loop
     vertex  1.074804e+02 -7.100000e+01  1.510000e+00
     vertex  1.074204e+02 -7.234471e+01  1.510000e+00
     vertex  1.074804e+02 -7.220000e+01  1.510000e+00
   endloop
 endfacet
 facet normal  0.000000e+00  0.000000e+00  1.000000e+00
   outer loop
     vertex  1.074804e+02 -7.100000e+01  1.510000e+00
     vertex  1.074804e+02 -7.220000e+01  1.510000e+00
     vertex  1.075757e+02 -7.207574e+01  1.510000e+00
   endloop
 endfacet
 facet normal  0.000000e+00  0.000000e+00  1.000000e+00
   outer loop
     vertex  1.074804e+02 -7.100000e+01  1.510000e+00
     vertex  1.075757e+02 -7.207574e+01  1.510000e+00
     vertex  1.075757e+02 -7.112426e+01  1.510000e+00
   endloop
 endfacet
 facet normal  0.000000e+00  0.000000e+00  1.000000e+00
   outer loop
     vertex  1.074204e+02 -7.085529e+01  1.510000e+00
     vertex  1.000000e+02 -7.500000e+01  1.510000e+00
     vertex  1.074204e+02 -7.234471e+01  1.510000e+00
   endloop
 endfacet
 facet normal  0.000000e+00  0.000000e+00  1.000000e+00
   outer loop
     vertex  1.074204e+02 -7.085529e+01  1.510000e+00
     vertex  1.074204e+02 -7.234471e+01  1.510000e+00
     vertex  1.074804e+02 -7.100000e+01  1.510000e+00
   endloop
 endfacet
 facet normal  0.000000e+00  0.000000e+00  1.000000e+00
   outer loop
     vertex  1.078447e+02 -7.127956e+01  1.510000e+00
     vertex  1.077000e+02 -7.198038e+01  1.510000e+00
     vertex  1.078447e+02 -7.192044e+01  1.510000e+00
   endloop
 endfacet
 facet normal  0.000000e+00  0.000000e+00  1.000000e+00
   outer loop
     vertex  1.078447e+02 -7.127956e+01  1.510000e+00
     vertex  1.077000e+02 -7.121962e+01  1.510000e+00
     vertex  1.077000e+02 -7.198038e+01  1.510000e+00
   endloop
 endfacet
 facet normal  0.000000e+00  0.000000e+00  1.000000e+00
   outer loop
     vertex  1.080000e+02 -7.130000e+01  1.510000e+00
     vertex  1.078447e+02 -7.192044e+01  1.510000e+00
     vertex  1.080000e+02 -7.190000e+01  1.510000e+00
   endloop
 endfacet
 facet normal  0.000000e+00  0.000000e+00  1.000000e+00
   outer loop
     vertex  1.080000e+02 -7.130000e+01  1.510000e+00
     vertex  1.078447e+02 -7.127956e+01  1.510000e+00
     vertex  1.078447e+02 -7.192044e+01  1.510000e+00
   endloop
 endfacet
 facet normal  0.000000e+00  0.000000e+00  1.000000e+00
   outer loop
     vertex  1.074000e+02 -7.070000e+01  1.510000e+00
     vertex  1.000000e+02 -7.500000e+01  1.510000e+00
     vertex  1.074204e+02 -7.085529e+01  1.510000e+00
   endloop
 endfacet
 facet normal  0.000000e+00  0.000000e+00  1.000000e+00
   outer loop
     vertex  1.074204e+02 -7.054471e+01  1.510000e+00
     vertex  1.000000e+02 -7.500000e+01  1.510000e+00
     vertex  1.074000e+02 -7.070000e+01  1.510000e+00
   endloop
 endfacet
 facet normal  0.000000e+00  0.000000e+00  1.000000e+00
   outer loop
     vertex  1.081553e+02 -7.127956e+01  1.510000e+00
     vertex  1.080000e+02 -7.190000e+01  1.510000e+00
     vertex  1.081553e+02 -7.192044e+01  1.510000e+00
   endloop
 endfacet
 facet normal  0.000000e+00  0.000000e+00  1.000000e+00
   outer loop
     vertex  1.081553e+02 -7.127956e+01  1.510000e+00
     vertex  1.080000e+02 -7.130000e+01  1.510000e+00
     vertex  1.080000e+02 -7.190000e+01  1.510000e+00
   endloop
 endfacet
 facet normal  0.000000e+00  0.000000e+00  1.000000e+00
   outer loop
     vertex  1.083000e+02 -7.121962e+01  1.510000e+00
     vertex  1.081553e+02 -7.127956e+01  1.510000e+00
     vertex  1.081553e+02 -7.192044e+01  1.510000e+00
   endloop
 endfacet
 facet normal  0.000000e+00  0.000000e+00  1.000000e+00
   outer loop
     vertex  1.083000e+02 -7.121962e+01  1.510000e+00
     vertex  1.081553e+02 -7.192044e+01  1.510000e+00
     vertex  1.083000e+02 -7.198038e+01  1.510000e+00
   endloop
 endfacet
 facet normal  0.000000e+00  0.000000e+00  1.000000e+00
   outer loop
     vertex  1.083000e+02 -7.121962e+01  1.510000e+00
     vertex  1.083000e+02 -7.198038e+01  1.510000e+00
     vertex  1.084243e+02 -7.207574e+01  1.510000e+00
   endloop
 endfacet
 facet normal  0.000000e+00  0.000000e+00  1.000000e+00
   outer loop
     vertex  1.084243e+02 -7.112426e+01  1.510000e+00
     vertex  1.083000e+02 -7.121962e+01  1.510000e+00
     vertex  1.084243e+02 -7.207574e+01  1.510000e+00
   endloop
 endfacet
 facet normal  0.000000e+00  0.000000e+00  1.000000e+00
   outer loop
     vertex  1.085196e+02 -7.100000e+01  1.510000e+00
     vertex  1.084243e+02 -7.207574e+01  1.510000e+00
     vertex  1.085196e+02 -7.220000e+01  1.510000e+00
   endloop
 endfacet
 facet normal  0.000000e+00  0.000000e+00  1.000000e+00
   outer loop
     vertex  1.085196e+02 -7.100000e+01  1.510000e+00
     vertex  1.085196e+02 -7.220000e+01  1.510000e+00
     vertex  1.085796e+02 -7.234471e+01  1.510000e+00
   endloop
 endfacet
 facet normal  0.000000e+00  0.000000e+00  1.000000e+00
   outer loop
     vertex  1.085196e+02 -7.100000e+01  1.510000e+00
     vertex  1.084243e+02 -7.112426e+01  1.510000e+00
     vertex  1.084243e+02 -7.207574e+01  1.510000e+00
   endloop
 endfacet
 facet normal  0.000000e+00  0.000000e+00  1.000000e+00
   outer loop
     vertex  1.085796e+02 -7.085529e+01  1.510000e+00
     vertex  1.085196e+02 -7.100000e+01  1.510000e+00
     vertex  1.085796e+02 -7.234471e+01  1.510000e+00
   endloop
 endfacet
 facet normal  0.000000e+00  0.000000e+00  1.000000e+00
   outer loop
     vertex  1.085796e+02 -7.085529e+01  1.510000e+00
     vertex  1.085796e+02 -7.234471e+01  1.510000e+00
     vertex  1.086000e+02 -7.250000e+01  1.510000e+00
   endloop
 endfacet
 facet normal  0.000000e+00  0.000000e+00  1.000000e+00
   outer loop
     vertex  1.086000e+02 -7.070000e+01  1.510000e+00
     vertex  1.085796e+02 -7.085529e+01  1.510000e+00
     vertex  1.086000e+02 -7.250000e+01  1.510000e+00
   endloop
 endfacet
 facet normal  0.000000e+00  0.000000e+00  1.000000e+00
   outer loop
     vertex  1.075757e+02 -6.932426e+01  1.510000e+00
     vertex  1.075757e+02 -7.027574e+01  1.510000e+00
     vertex  1.077000e+02 -7.018038e+01  1.510000e+00
   endloop
 endfacet
 facet normal  0.000000e+00  0.000000e+00  1.000000e+00
   outer loop
     vertex  1.074804e+02 -6.920000e+01  1.510000e+00
     vertex  1.075757e+02 -7.027574e+01  1.510000e+00
     vertex  1.075757e+02 -6.932426e+01  1.510000e+00
   endloop
 endfacet
 facet normal  0.000000e+00  0.000000e+00  1.000000e+00
   outer loop
     vertex  1.074804e+02 -6.920000e+01  1.510000e+00
     vertex  1.074204e+02 -7.054471e+01  1.510000e+00
     vertex  1.074804e+02 -7.040000e+01  1.510000e+00
   endloop
 endfacet
 facet normal  0.000000e+00  0.000000e+00  1.000000e+00
   outer loop
     vertex  1.074804e+02 -6.920000e+01  1.510000e+00
     vertex  1.074804e+02 -7.040000e+01  1.510000e+00
     vertex  1.075757e+02 -7.027574e+01  1.510000e+00
   endloop
 endfacet
 facet normal  0.000000e+00  0.000000e+00  1.000000e+00
   outer loop
     vertex  1.077000e+02 -6.941962e+01  1.510000e+00
     vertex  1.075757e+02 -6.932426e+01  1.510000e+00
     vertex  1.077000e+02 -7.018038e+01  1.510000e+00
   endloop
 endfacet
 facet normal  0.000000e+00  0.000000e+00  1.000000e+00
   outer loop
     vertex  1.078447e+02 -6.947956e+01  1.510000e+00
     vertex  1.077000e+02 -7.018038e+01  1.510000e+00
     vertex  1.078447e+02 -7.012044e+01  1.510000e+00
   endloop
 endfacet
 facet normal  0.000000e+00  0.000000e+00  1.000000e+00
   outer loop
     vertex  1.078447e+02 -6.947956e+01  1.510000e+00
     vertex  1.077000e+02 -6.941962e+01  1.510000e+00
     vertex  1.077000e+02 -7.018038e+01  1.510000e+00
   endloop
 endfacet
 facet normal  0.000000e+00  0.000000e+00  1.000000e+00
   outer loop
     vertex  1.074204e+02 -6.905529e+01  1.510000e+00
     vertex  1.000000e+02 -7.500000e+01  1.510000e+00
     vertex  1.074204e+02 -7.054471e+01  1.510000e+00
   endloop
 endfacet
 facet normal  0.000000e+00  0.000000e+00  1.000000e+00
   outer loop
     vertex  1.074204e+02 -6.905529e+01  1.510000e+00
     vertex  1.074204e+02 -7.054471e+01  1.510000e+00
     vertex  1.074804e+02 -6.920000e+01  1.510000e+00
   endloop
 endfacet
 facet normal  0.000000e+00  0.000000e+00  1.000000e+00
   outer loop
     vertex  1.080000e+02 -6.950000e+01  1.510000e+00
     vertex  1.078447e+02 -7.012044e+01  1.510000e+00
     vertex  1.080000e+02 -7.010000e+01  1.510000e+00
   endloop
 endfacet
 facet normal  0.000000e+00  0.000000e+00  1.000000e+00
   outer loop
     vertex  1.080000e+02 -6.950000e+01  1.510000e+00
     vertex  1.078447e+02 -6.947956e+01  1.510000e+00
     vertex  1.078447e+02 -7.012044e+01  1.510000e+00
   endloop
 endfacet
 facet normal  0.000000e+00  0.000000e+00  1.000000e+00
   outer loop
     vertex  1.074000e+02 -6.890000e+01  1.510000e+00
     vertex  1.000000e+02 -7.500000e+01  1.510000e+00
     vertex  1.074204e+02 -6.905529e+01  1.510000e+00
   endloop
 endfacet
 facet normal  0.000000e+00  0.000000e+00  1.000000e+00
   outer loop
     vertex  1.081553e+02 -6.947956e+01  1.510000e+00
     vertex  1.080000e+02 -7.010000e+01  1.510000e+00
     vertex  1.081553e+02 -7.012044e+01  1.510000e+00
   endloop
 endfacet
 facet normal  0.000000e+00  0.000000e+00  1.000000e+00
   outer loop
     vertex  1.081553e+02 -6.947956e+01  1.510000e+00
     vertex  1.080000e+02 -6.950000e+01  1.510000e+00
     vertex  1.080000e+02 -7.010000e+01  1.510000e+00
   endloop
 endfacet
 facet normal  0.000000e+00  0.000000e+00  1.000000e+00
   outer loop
     vertex  1.074204e+02 -6.874471e+01  1.510000e+00
     vertex  1.000000e+02 -7.500000e+01  1.510000e+00
     vertex  1.074000e+02 -6.890000e+01  1.510000e+00
   endloop
 endfacet
 facet normal  0.000000e+00  0.000000e+00  1.000000e+00
   outer loop
     vertex  1.083000e+02 -6.941962e+01  1.510000e+00
     vertex  1.081553e+02 -7.012044e+01  1.510000e+00
     vertex  1.083000e+02 -7.018038e+01  1.510000e+00
   endloop
 endfacet
 facet normal  0.000000e+00  0.000000e+00  1.000000e+00
   outer loop
     vertex  1.083000e+02 -6.941962e+01  1.510000e+00
     vertex  1.083000e+02 -7.018038e+01  1.510000e+00
     vertex  1.084243e+02 -7.027574e+01  1.510000e+00
   endloop
 endfacet
 facet normal  0.000000e+00  0.000000e+00  1.000000e+00
   outer loop
     vertex  1.083000e+02 -6.941962e+01  1.510000e+00
     vertex  1.081553e+02 -6.947956e+01  1.510000e+00
     vertex  1.081553e+02 -7.012044e+01  1.510000e+00
   endloop
 endfacet
 facet normal  0.000000e+00  0.000000e+00  1.000000e+00
   outer loop
     vertex  1.074804e+02 -6.860000e+01  1.510000e+00
     vertex  1.000000e+02 -7.500000e+01  1.510000e+00
     vertex  1.074204e+02 -6.874471e+01  1.510000e+00
   endloop
 endfacet
 facet normal  0.000000e+00  0.000000e+00  1.000000e+00
   outer loop
     vertex  1.084243e+02 -6.932426e+01  1.510000e+00
     vertex  1.084243e+02 -7.027574e+01  1.510000e+00
     vertex  1.085196e+02 -7.040000e+01  1.510000e+00
   endloop
 endfacet
 facet normal  0.000000e+00  0.000000e+00  1.000000e+00
   outer loop
     vertex  1.084243e+02 -6.932426e+01  1.510000e+00
     vertex  1.083000e+02 -6.941962e+01  1.510000e+00
     vertex  1.084243e+02 -7.027574e+01  1.510000e+00
   endloop
 endfacet
 facet normal  0.000000e+00  0.000000e+00  1.000000e+00
   outer loop
     vertex  1.085196e+02 -6.920000e+01  1.510000e+00
     vertex  1.085196e+02 -7.040000e+01  1.510000e+00
     vertex  1.085796e+02 -7.054471e+01  1.510000e+00
   endloop
 endfacet
 facet normal  0.000000e+00  0.000000e+00  1.000000e+00
   outer loop
     vertex  1.085196e+02 -6.920000e+01  1.510000e+00
     vertex  1.084243e+02 -6.932426e+01  1.510000e+00
     vertex  1.085196e+02 -7.040000e+01  1.510000e+00
   endloop
 endfacet
 facet normal  0.000000e+00  0.000000e+00  1.000000e+00
   outer loop
     vertex  1.085796e+02 -6.905529e+01  1.510000e+00
     vertex  1.085196e+02 -6.920000e+01  1.510000e+00
     vertex  1.085796e+02 -7.054471e+01  1.510000e+00
   endloop
 endfacet
 facet normal  0.000000e+00  0.000000e+00  1.000000e+00
   outer loop
     vertex  1.085796e+02 -6.905529e+01  1.510000e+00
     vertex  1.085796e+02 -7.054471e+01  1.510000e+00
     vertex  1.086000e+02 -7.070000e+01  1.510000e+00
   endloop
 endfacet
 facet normal  0.000000e+00  0.000000e+00  1.000000e+00
   outer loop
     vertex  1.086000e+02 -6.890000e+01  1.510000e+00
     vertex  1.085796e+02 -6.905529e+01  1.510000e+00
     vertex  1.086000e+02 -7.070000e+01  1.510000e+00
   endloop
 endfacet
 facet normal  0.000000e+00  0.000000e+00  1.000000e+00
   outer loop
     vertex  1.000000e+02 -5.000000e+01  1.510000e+00
     vertex  1.000000e+02 -7.500000e+01  1.510000e+00
     vertex  1.074804e+02 -6.860000e+01  1.510000e+00
   endloop
 endfacet
 facet normal  0.000000e+00  0.000000e+00  1.000000e+00
   outer loop
     vertex  1.075757e+02 -5.642426e+01  1.510000e+00
     vertex  1.075757e+02 -6.847574e+01  1.510000e+00
     vertex  1.077000e+02 -6.838038e+01  1.510000e+00
   endloop
 endfacet
 facet normal  0.000000e+00  0.000000e+00  1.000000e+00
   outer loop
     vertex  1.077000e+02 -5.651962e+01  1.510000e+00
     vertex  1.075757e+02 -5.642426e+01  1.510000e+00
     vertex  1.077000e+02 -6.838038e+01  1.510000e+00
   endloop
 endfacet
 facet normal  0.000000e+00  0.000000e+00  1.000000e+00
   outer loop
     vertex  1.074804e+02 -5.630000e+01  1.510000e+00
     vertex  1.074804e+02 -6.860000e+01  1.510000e+00
     vertex  1.075757e+02 -6.847574e+01  1.510000e+00
   endloop
 endfacet
 facet normal  0.000000e+00  0.000000e+00  1.000000e+00
   outer loop
     vertex  1.074804e+02 -5.630000e+01  1.510000e+00
     vertex  1.075757e+02 -6.847574e+01  1.510000e+00
     vertex  1.075757e+02 -5.642426e+01  1.510000e+00
   endloop
 endfacet
 facet normal  0.000000e+00  0.000000e+00  1.000000e+00
   outer loop
     vertex  1.074804e+02 -5.630000e+01  1.510000e+00
     vertex  1.000000e+02 -5.000000e+01  1.510000e+00
     vertex  1.074804e+02 -6.860000e+01  1.510000e+00
   endloop
 endfacet
 facet normal  0.000000e+00  0.000000e+00  1.000000e+00
   outer loop
     vertex  1.078447e+02 -5.657956e+01  1.510000e+00
     vertex  1.077000e+02 -6.838038e+01  1.510000e+00
     vertex  1.078447e+02 -6.832044e+01  1.510000e+00
   endloop
 endfacet
 facet normal  0.000000e+00  0.000000e+00  1.000000e+00
   outer loop
     vertex  1.078447e+02 -5.657956e+01  1.510000e+00
     vertex  1.078447e+02 -6.832044e+01  1.510000e+00
     vertex  1.080000e+02 -6.830000e+01  1.510000e+00
   endloop
 endfacet
 facet normal  0.000000e+00  0.000000e+00  1.000000e+00
   outer loop
     vertex  1.078447e+02 -5.657956e+01  1.510000e+00
     vertex  1.077000e+02 -5.651962e+01  1.510000e+00
     vertex  1.077000e+02 -6.838038e+01  1.510000e+00
   endloop
 endfacet
 facet normal  0.000000e+00  0.000000e+00  1.000000e+00
   outer loop
     vertex  1.074204e+02 -5.615529e+01  1.510000e+00
     vertex  1.000000e+02 -5.000000e+01  1.510000e+00
     vertex  1.074804e+02 -5.630000e+01  1.510000e+00
   endloop
 endfacet
 facet normal  0.000000e+00  0.000000e+00  1.000000e+00
   outer loop
     vertex  1.080000e+02 -5.660000e+01  1.510000e+00
     vertex  1.080000e+02 -6.830000e+01  1.510000e+00
     vertex  1.081553e+02 -6.832044e+01  1.510000e+00
   endloop
 endfacet
 facet normal  0.000000e+00  0.000000e+00  1.000000e+00
   outer loop
     vertex  1.080000e+02 -5.660000e+01  1.510000e+00
     vertex  1.078447e+02 -5.657956e+01  1.510000e+00
     vertex  1.080000e+02 -6.830000e+01  1.510000e+00
   endloop
 endfacet
 facet normal  0.000000e+00  0.000000e+00  1.000000e+00
   outer loop
     vertex  1.074000e+02 -5.600000e+01  1.510000e+00
     vertex  1.000000e+02 -5.000000e+01  1.510000e+00
     vertex  1.074204e+02 -5.615529e+01  1.510000e+00
   endloop
 endfacet
 facet normal  0.000000e+00  0.000000e+00  1.000000e+00
   outer loop
     vertex  1.074204e+02 -5.584471e+01  1.510000e+00
     vertex  1.000000e+02 -5.000000e+01  1.510000e+00
     vertex  1.074000e+02 -5.600000e+01  1.510000e+00
   endloop
 endfacet
 facet normal  0.000000e+00  0.000000e+00  1.000000e+00
   outer loop
     vertex  1.081553e+02 -5.657956e+01  1.510000e+00
     vertex  1.081553e+02 -6.832044e+01  1.510000e+00
     vertex  1.083000e+02 -6.838038e+01  1.510000e+00
   endloop
 endfacet
 facet normal  0.000000e+00  0.000000e+00  1.000000e+00
   outer loop
     vertex  1.081553e+02 -5.657956e+01  1.510000e+00
     vertex  1.080000e+02 -5.660000e+01  1.510000e+00
     vertex  1.081553e+02 -6.832044e+01  1.510000e+00
   endloop
 endfacet
 facet normal  0.000000e+00  0.000000e+00  1.000000e+00
   outer loop
     vertex  1.083000e+02 -5.651962e+01  1.510000e+00
     vertex  1.081553e+02 -5.657956e+01  1.510000e+00
     vertex  1.083000e+02 -6.838038e+01  1.510000e+00
   endloop
 endfacet
 facet normal  0.000000e+00  0.000000e+00  1.000000e+00
   outer loop
     vertex  1.074804e+02 -5.450000e+01  1.510000e+00
     vertex  1.075757e+02 -5.557574e+01  1.510000e+00
     vertex  1.075757e+02 -5.462426e+01  1.510000e+00
   endloop
 endfacet
 facet normal  0.000000e+00  0.000000e+00  1.000000e+00
   outer loop
     vertex  1.074804e+02 -5.450000e+01  1.510000e+00
     vertex  1.074204e+02 -5.584471e+01  1.510000e+00
     vertex  1.074804e+02 -5.570000e+01  1.510000e+00
   endloop
 endfacet
 facet normal  0.000000e+00  0.000000e+00  1.000000e+00
   outer loop
     vertex  1.074804e+02 -5.450000e+01  1.510000e+00
     vertex  1.074804e+02 -5.570000e+01  1.510000e+00
     vertex  1.075757e+02 -5.557574e+01  1.510000e+00
   endloop
 endfacet
 facet normal  0.000000e+00  0.000000e+00  1.000000e+00
   outer loop
     vertex  1.077000e+02 -5.471962e+01  1.510000e+00
     vertex  1.075757e+02 -5.462426e+01  1.510000e+00
     vertex  1.075757e+02 -5.557574e+01  1.510000e+00
   endloop
 endfacet
 facet normal  0.000000e+00  0.000000e+00  1.000000e+00
   outer loop
     vertex  1.077000e+02 -5.471962e+01  1.510000e+00
     vertex  1.075757e+02 -5.557574e+01  1.510000e+00
     vertex  1.077000e+02 -5.548038e+01  1.510000e+00
   endloop
 endfacet
 facet normal  0.000000e+00  0.000000e+00  1.000000e+00
   outer loop
     vertex  1.078447e+02 -5.477956e+01  1.510000e+00
     vertex  1.077000e+02 -5.471962e+01  1.510000e+00
     vertex  1.077000e+02 -5.548038e+01  1.510000e+00
   endloop
 endfacet
 facet normal  0.000000e+00  0.000000e+00  1.000000e+00
   outer loop
     vertex  1.078447e+02 -5.477956e+01  1.510000e+00
     vertex  1.077000e+02 -5.548038e+01  1.510000e+00
     vertex  1.078447e+02 -5.542044e+01  1.510000e+00
   endloop
 endfacet
 facet normal  0.000000e+00  0.000000e+00  1.000000e+00
   outer loop
     vertex  1.078447e+02 -5.477956e+01  1.510000e+00
     vertex  1.078447e+02 -5.542044e+01  1.510000e+00
     vertex  1.080000e+02 -5.540000e+01  1.510000e+00
   endloop
 endfacet
 facet normal  0.000000e+00  0.000000e+00  1.000000e+00
   outer loop
     vertex  1.074204e+02 -5.435529e+01  1.510000e+00
     vertex  1.000000e+02 -5.000000e+01  1.510000e+00
     vertex  1.074204e+02 -5.584471e+01  1.510000e+00
   endloop
 endfacet
 facet normal  0.000000e+00  0.000000e+00  1.000000e+00
   outer loop
     vertex  1.074204e+02 -5.435529e+01  1.510000e+00
     vertex  1.074204e+02 -5.584471e+01  1.510000e+00
     vertex  1.074804e+02 -5.450000e+01  1.510000e+00
   endloop
 endfacet
 facet normal  0.000000e+00  0.000000e+00  1.000000e+00
   outer loop
     vertex  1.080000e+02 -5.480000e+01  1.510000e+00
     vertex  1.078447e+02 -5.477956e+01  1.510000e+00
     vertex  1.080000e+02 -5.540000e+01  1.510000e+00
   endloop
 endfacet
 facet normal  0.000000e+00  0.000000e+00  1.000000e+00
   outer loop
     vertex  1.074000e+02 -5.420000e+01  1.510000e+00
     vertex  1.000000e+02 -5.000000e+01  1.510000e+00
     vertex  1.074204e+02 -5.435529e+01  1.510000e+00
   endloop
 endfacet
 facet normal  0.000000e+00  0.000000e+00  1.000000e+00
   outer loop
     vertex  1.081553e+02 -5.477956e+01  1.510000e+00
     vertex  1.080000e+02 -5.480000e+01  1.510000e+00
     vertex  1.080000e+02 -5.540000e+01  1.510000e+00
   endloop
 endfacet
 facet normal  0.000000e+00  0.000000e+00  1.000000e+00
   outer loop
     vertex  1.081553e+02 -5.477956e+01  1.510000e+00
     vertex  1.080000e+02 -5.540000e+01  1.510000e+00
     vertex  1.081553e+02 -5.542044e+01  1.510000e+00
   endloop
 endfacet
 facet normal  0.000000e+00  0.000000e+00  1.000000e+00
   outer loop
     vertex  1.081553e+02 -5.477956e+01  1.510000e+00
     vertex  1.081553e+02 -5.542044e+01  1.510000e+00
     vertex  1.083000e+02 -5.548038e+01  1.510000e+00
   endloop
 endfacet
 facet normal  0.000000e+00  0.000000e+00  1.000000e+00
   outer loop
     vertex  1.074204e+02 -5.404471e+01  1.510000e+00
     vertex  1.000000e+02 -5.000000e+01  1.510000e+00
     vertex  1.074000e+02 -5.420000e+01  1.510000e+00
   endloop
 endfacet
 facet normal  0.000000e+00  0.000000e+00  1.000000e+00
   outer loop
     vertex  1.083000e+02 -5.471962e+01  1.510000e+00
     vertex  1.081553e+02 -5.477956e+01  1.510000e+00
     vertex  1.083000e+02 -5.548038e+01  1.510000e+00
   endloop
 endfacet
 facet normal  0.000000e+00  0.000000e+00  1.000000e+00
   outer loop
     vertex  1.083000e+02 -5.471962e+01  1.510000e+00
     vertex  1.083000e+02 -5.548038e+01  1.510000e+00
     vertex  1.084243e+02 -5.557574e+01  1.510000e+00
   endloop
 endfacet
 facet normal  0.000000e+00  0.000000e+00  1.000000e+00
   outer loop
     vertex  1.084243e+02 -5.462426e+01  1.510000e+00
     vertex  1.083000e+02 -5.471962e+01  1.510000e+00
     vertex  1.084243e+02 -5.557574e+01  1.510000e+00
   endloop
 endfacet
 facet normal  0.000000e+00  0.000000e+00  1.000000e+00
   outer loop
     vertex  1.085196e+02 -5.450000e+01  1.510000e+00
     vertex  1.084243e+02 -5.462426e+01  1.510000e+00
     vertex  1.084243e+02 -5.557574e+01  1.510000e+00
   endloop
 endfacet
 facet normal  0.000000e+00  0.000000e+00  1.000000e+00
   outer loop
     vertex  1.085196e+02 -5.450000e+01  1.510000e+00
     vertex  1.084243e+02 -5.557574e+01  1.510000e+00
     vertex  1.085196e+02 -5.570000e+01  1.510000e+00
   endloop
 endfacet
 facet normal  0.000000e+00  0.000000e+00  1.000000e+00
   outer loop
     vertex  1.085196e+02 -5.450000e+01  1.510000e+00
     vertex  1.085196e+02 -5.570000e+01  1.510000e+00
     vertex  1.085796e+02 -5.584471e+01  1.510000e+00
   endloop
 endfacet
 facet normal  0.000000e+00  0.000000e+00  1.000000e+00
   outer loop
     vertex  1.085796e+02 -5.435529e+01  1.510000e+00
     vertex  1.085196e+02 -5.450000e+01  1.510000e+00
     vertex  1.085796e+02 -5.584471e+01  1.510000e+00
   endloop
 endfacet
 facet normal  0.000000e+00  0.000000e+00  1.000000e+00
   outer loop
     vertex  1.085796e+02 -5.435529e+01  1.510000e+00
     vertex  1.085796e+02 -5.584471e+01  1.510000e+00
     vertex  1.086000e+02 -5.600000e+01  1.510000e+00
   endloop
 endfacet
 facet normal  0.000000e+00  0.000000e+00  1.000000e+00
   outer loop
     vertex  1.086000e+02 -5.420000e+01  1.510000e+00
     vertex  1.085796e+02 -5.435529e+01  1.510000e+00
     vertex  1.086000e+02 -5.600000e+01  1.510000e+00
   endloop
 endfacet
 facet normal  0.000000e+00  0.000000e+00  1.000000e+00
   outer loop
     vertex  1.075757e+02 -5.282426e+01  1.510000e+00
     vertex  1.074804e+02 -5.390000e+01  1.510000e+00
     vertex  1.075757e+02 -5.377574e+01  1.510000e+00
   endloop
 endfacet
 facet normal  0.000000e+00  0.000000e+00  1.000000e+00
   outer loop
     vertex  1.075757e+02 -5.282426e+01  1.510000e+00
     vertex  1.075757e+02 -5.377574e+01  1.510000e+00
     vertex  1.077000e+02 -5.368038e+01  1.510000e+00
   endloop
 endfacet
 facet normal  0.000000e+00  0.000000e+00  1.000000e+00
   outer loop
     vertex  1.077000e+02 -5.291962e+01  1.510000e+00
     vertex  1.075757e+02 -5.282426e+01  1.510000e+00
     vertex  1.077000e+02 -5.368038e+01  1.510000e+00
   endloop
 endfacet
 facet normal  0.000000e+00  0.000000e+00  1.000000e+00
   outer loop
     vertex  1.074804e+02 -5.270000e+01  1.510000e+00
     vertex  1.074804e+02 -5.390000e+01  1.510000e+00
     vertex  1.075757e+02 -5.282426e+01  1.510000e+00
   endloop
 endfacet
 facet normal  0.000000e+00  0.000000e+00  1.000000e+00
   outer loop
     vertex  1.074804e+02 -5.270000e+01  1.510000e+00
     vertex  1.074204e+02 -5.404471e+01  1.510000e+00
     vertex  1.074804e+02 -5.390000e+01  1.510000e+00
   endloop
 endfacet
 facet normal  0.000000e+00  0.000000e+00  1.000000e+00
   outer loop
     vertex  1.078447e+02 -5.297956e+01  1.510000e+00
     vertex  1.077000e+02 -5.291962e+01  1.510000e+00
     vertex  1.077000e+02 -5.368038e+01  1.510000e+00
   endloop
 endfacet
 facet normal  0.000000e+00  0.000000e+00  1.000000e+00
   outer loop
     vertex  1.078447e+02 -5.297956e+01  1.510000e+00
     vertex  1.077000e+02 -5.368038e+01  1.510000e+00
     vertex  1.078447e+02 -5.362044e+01  1.510000e+00
   endloop
 endfacet
 facet normal  0.000000e+00  0.000000e+00  1.000000e+00
   outer loop
     vertex  1.078447e+02 -5.297956e+01  1.510000e+00
     vertex  1.078447e+02 -5.362044e+01  1.510000e+00
     vertex  1.080000e+02 -5.360000e+01  1.510000e+00
   endloop
 endfacet
 facet normal  0.000000e+00  0.000000e+00  1.000000e+00
   outer loop
     vertex  1.074204e+02 -5.255529e+01  1.510000e+00
     vertex  1.000000e+02 -5.000000e+01  1.510000e+00
     vertex  1.074204e+02 -5.404471e+01  1.510000e+00
   endloop
 endfacet
 facet normal  0.000000e+00  0.000000e+00  1.000000e+00
   outer loop
     vertex  1.074204e+02 -5.255529e+01  1.510000e+00
     vertex  1.074204e+02 -5.404471e+01  1.510000e+00
     vertex  1.074804e+02 -5.270000e+01  1.510000e+00
   endloop
 endfacet
 facet normal  0.000000e+00  0.000000e+00  1.000000e+00
   outer loop
     vertex  1.074000e+02 -5.240000e+01  1.510000e+00
     vertex  1.000000e+02 -5.000000e+01  1.510000e+00
     vertex  1.074204e+02 -5.255529e+01  1.510000e+00
   endloop
 endfacet
 facet normal  0.000000e+00  0.000000e+00  1.000000e+00
   outer loop
     vertex  1.080000e+02 -5.300000e+01  1.510000e+00
     vertex  1.078447e+02 -5.297956e+01  1.510000e+00
     vertex  1.080000e+02 -5.360000e+01  1.510000e+00
   endloop
 endfacet
 facet normal  0.000000e+00  0.000000e+00  1.000000e+00
   outer loop
     vertex  1.081553e+02 -5.297956e+01  1.510000e+00
     vertex  1.080000e+02 -5.360000e+01  1.510000e+00
     vertex  1.081553e+02 -5.362044e+01  1.510000e+00
   endloop
 endfacet
 facet normal  0.000000e+00  0.000000e+00  1.000000e+00
   outer loop
     vertex  1.081553e+02 -5.297956e+01  1.510000e+00
     vertex  1.080000e+02 -5.300000e+01  1.510000e+00
     vertex  1.080000e+02 -5.360000e+01  1.510000e+00
   endloop
 endfacet
 facet normal  0.000000e+00  0.000000e+00  1.000000e+00
   outer loop
     vertex  1.074204e+02 -5.224471e+01  1.510000e+00
     vertex  1.000000e+02 -5.000000e+01  1.510000e+00
     vertex  1.074000e+02 -5.240000e+01  1.510000e+00
   endloop
 endfacet
 facet normal  0.000000e+00  0.000000e+00  1.000000e+00
   outer loop
     vertex  1.083000e+02 -5.291962e+01  1.510000e+00
     vertex  1.081553e+02 -5.297956e+01  1.510000e+00
     vertex  1.081553e+02 -5.362044e+01  1.510000e+00
   endloop
 endfacet
 facet normal  0.000000e+00  0.000000e+00  1.000000e+00
   outer loop
     vertex  1.083000e+02 -5.291962e+01  1.510000e+00
     vertex  1.081553e+02 -5.362044e+01  1.510000e+00
     vertex  1.083000e+02 -5.368038e+01  1.510000e+00
   endloop
 endfacet
 facet normal  0.000000e+00  0.000000e+00  1.000000e+00
   outer loop
     vertex  1.074804e+02 -5.210000e+01  1.510000e+00
     vertex  1.000000e+02 -5.000000e+01  1.510000e+00
     vertex  1.074204e+02 -5.224471e+01  1.510000e+00
   endloop
 endfacet
 facet normal  0.000000e+00  0.000000e+00  1.000000e+00
   outer loop
     vertex  1.084243e+02 -5.282426e+01  1.510000e+00
     vertex  1.083000e+02 -5.291962e+01  1.510000e+00
     vertex  1.083000e+02 -5.368038e+01  1.510000e+00
   endloop
 endfacet
 facet normal  0.000000e+00  0.000000e+00  1.000000e+00
   outer loop
     vertex  1.084243e+02 -5.282426e+01  1.510000e+00
     vertex  1.083000e+02 -5.368038e+01  1.510000e+00
     vertex  1.084243e+02 -5.377574e+01  1.510000e+00
   endloop
 endfacet
 facet normal  0.000000e+00  0.000000e+00  1.000000e+00
   outer loop
     vertex  1.075757e+02 -5.197574e+01  1.510000e+00
     vertex  1.000000e+02 -5.000000e+01  1.510000e+00
     vertex  1.074804e+02 -5.210000e+01  1.510000e+00
   endloop
 endfacet
 facet normal  0.000000e+00  0.000000e+00  1.000000e+00
   outer loop
     vertex  1.085196e+02 -5.270000e+01  1.510000e+00
     vertex  1.084243e+02 -5.377574e+01  1.510000e+00
     vertex  1.085196e+02 -5.390000e+01  1.510000e+00
   endloop
 endfacet
 facet normal  0.000000e+00  0.000000e+00  1.000000e+00
   outer loop
     vertex  1.085196e+02 -5.270000e+01  1.510000e+00
     vertex  1.085196e+02 -5.390000e+01  1.510000e+00
     vertex  1.085796e+02 -5.404471e+01  1.510000e+00
   endloop
 endfacet
 facet normal  0.000000e+00  0.000000e+00  1.000000e+00
   outer loop
     vertex  1.085196e+02 -5.270000e+01  1.510000e+00
     vertex  1.084243e+02 -5.282426e+01  1.510000e+00
     vertex  1.084243e+02 -5.377574e+01  1.510000e+00
   endloop
 endfacet
 facet normal  0.000000e+00  0.000000e+00  1.000000e+00
   outer loop
     vertex  1.077000e+02 -5.188038e+01  1.510000e+00
     vertex  1.000000e+02 -5.000000e+01  1.510000e+00
     vertex  1.075757e+02 -5.197574e+01  1.510000e+00
   endloop
 endfacet
 facet normal  0.000000e+00  0.000000e+00  1.000000e+00
   outer loop
     vertex  1.078447e+02 -5.182044e+01  1.510000e+00
     vertex  1.000000e+02 -5.000000e+01  1.510000e+00
     vertex  1.077000e+02 -5.188038e+01  1.510000e+00
   endloop
 endfacet
 facet normal  0.000000e+00  0.000000e+00  1.000000e+00
   outer loop
     vertex  1.085796e+02 -5.255529e+01  1.510000e+00
     vertex  1.085796e+02 -5.404471e+01  1.510000e+00
     vertex  1.086000e+02 -5.420000e+01  1.510000e+00
   endloop
 endfacet
 facet normal  0.000000e+00  0.000000e+00  1.000000e+00
   outer loop
     vertex  1.085796e+02 -5.255529e+01  1.510000e+00
     vertex  1.085196e+02 -5.270000e+01  1.510000e+00
     vertex  1.085796e+02 -5.404471e+01  1.510000e+00
   endloop
 endfacet
 facet normal  0.000000e+00  0.000000e+00  1.000000e+00
   outer loop
     vertex  1.086000e+02 -5.240000e+01  1.510000e+00
     vertex  1.085796e+02 -5.255529e+01  1.510000e+00
     vertex  1.086000e+02 -5.420000e+01  1.510000e+00
   endloop
 endfacet
 facet normal  0.000000e+00  0.000000e+00  1.000000e+00
   outer loop
     vertex  1.080000e+02 -5.180000e+01  1.510000e+00
     vertex  1.000000e+02 -5.000000e+01  1.510000e+00
     vertex  1.078447e+02 -5.182044e+01  1.510000e+00
   endloop
 endfacet
 facet normal  0.000000e+00  0.000000e+00  1.000000e+00
   outer loop
     vertex  1.081553e+02 -5.182044e+01  1.510000e+00
     vertex  1.000000e+02 -5.000000e+01  1.510000e+00
     vertex  1.080000e+02 -5.180000e+01  1.510000e+00
   endloop
 endfacet
 facet normal  0.000000e+00  0.000000e+00  1.000000e+00
   outer loop
     vertex  1.208686e+02 -6.363137e+01  1.510000e+00
     vertex  1.085796e+02 -6.874471e+01  1.510000e+00
     vertex  1.086000e+02 -6.890000e+01  1.510000e+00
   endloop
 endfacet
 facet normal  0.000000e+00  0.000000e+00  1.000000e+00
   outer loop
     vertex  1.208686e+02 -6.363137e+01  1.510000e+00
     vertex  1.086000e+02 -6.890000e+01  1.510000e+00
     vertex  1.086000e+02 -7.070000e+01  1.510000e+00
   endloop
 endfacet
 facet normal  0.000000e+00  0.000000e+00  1.000000e+00
   outer loop
     vertex  1.206144e+02 -6.330000e+01  1.510000e+00
     vertex  1.085196e+02 -6.860000e+01  1.510000e+00
     vertex  1.085796e+02 -6.874471e+01  1.510000e+00
   endloop
 endfacet
 facet normal  0.000000e+00  0.000000e+00  1.000000e+00
   outer loop
     vertex  1.206144e+02 -6.330000e+01  1.510000e+00
     vertex  1.085796e+02 -6.874471e+01  1.510000e+00
     vertex  1.208686e+02 -6.363137e+01  1.510000e+00
   endloop
 endfacet
 facet normal  0.000000e+00  0.000000e+00  1.000000e+00
   outer loop
     vertex  1.212000e+02 -6.388564e+01  1.510000e+00
     vertex  1.208686e+02 -6.363137e+01  1.510000e+00
     vertex  1.086000e+02 -7.070000e+01  1.510000e+00
   endloop
 endfacet
 facet normal  0.000000e+00  0.000000e+00  1.000000e+00
   outer loop
     vertex  1.212000e+02 -6.388564e+01  1.510000e+00
     vertex  1.086000e+02 -7.070000e+01  1.510000e+00
     vertex  1.086000e+02 -7.250000e+01  1.510000e+00
   endloop
 endfacet
 facet normal  0.000000e+00  0.000000e+00  1.000000e+00
   outer loop
     vertex  1.204545e+02 -6.291411e+01  1.510000e+00
     vertex  1.084243e+02 -6.847574e+01  1.510000e+00
     vertex  1.085196e+02 -6.860000e+01  1.510000e+00
   endloop
 endfacet
 facet normal  0.000000e+00  0.000000e+00  1.000000e+00
   outer loop
     vertex  1.204545e+02 -6.291411e+01  1.510000e+00
     vertex  1.085196e+02 -6.860000e+01  1.510000e+00
     vertex  1.206144e+02 -6.330000e+01  1.510000e+00
   endloop
 endfacet
 facet normal  0.000000e+00  0.000000e+00  1.000000e+00
   outer loop
     vertex  1.215859e+02 -6.404548e+01  1.510000e+00
     vertex  1.212000e+02 -6.388564e+01  1.510000e+00
     vertex  1.086000e+02 -7.250000e+01  1.510000e+00
   endloop
 endfacet
 facet normal  0.000000e+00  0.000000e+00  1.000000e+00
   outer loop
     vertex  1.215859e+02 -6.404548e+01  1.510000e+00
     vertex  1.086000e+02 -7.250000e+01  1.510000e+00
     vertex  1.085796e+02 -7.265529e+01  1.510000e+00
   endloop
 endfacet
 facet normal  0.000000e+00  0.000000e+00  1.000000e+00
   outer loop
     vertex  1.204000e+02 -6.250000e+01  1.510000e+00
     vertex  1.084243e+02 -6.847574e+01  1.510000e+00
     vertex  1.204545e+02 -6.291411e+01  1.510000e+00
   endloop
 endfacet
 facet normal  0.000000e+00  0.000000e+00  1.000000e+00
   outer loop
     vertex  1.204000e+02 -6.250000e+01  1.510000e+00
     vertex  1.083000e+02 -6.838038e+01  1.510000e+00
     vertex  1.084243e+02 -6.847574e+01  1.510000e+00
   endloop
 endfacet
 facet normal  0.000000e+00  0.000000e+00  1.000000e+00
   outer loop
     vertex  1.204000e+02 -6.250000e+01  1.510000e+00
     vertex  1.084243e+02 -5.642426e+01  1.510000e+00
     vertex  1.083000e+02 -5.651962e+01  1.510000e+00
   endloop
 endfacet
 facet normal  0.000000e+00  0.000000e+00  1.000000e+00
   outer loop
     vertex  1.204000e+02 -6.250000e+01  1.510000e+00
     vertex  1.083000e+02 -5.651962e+01  1.510000e+00
     vertex  1.083000e+02 -6.838038e+01  1.510000e+00
   endloop
 endfacet
 facet normal  0.000000e+00  0.000000e+00  1.000000e+00
   outer loop
     vertex  1.220000e+02 -6.410000e+01  1.510000e+00
     vertex  1.085796e+02 -7.265529e+01  1.510000e+00
     vertex  1.085196e+02 -7.280000e+01  1.510000e+00
   endloop
 endfacet
 facet normal  0.000000e+00  0.000000e+00  1.000000e+00
   outer loop
     vertex  1.220000e+02 -6.410000e+01  1.510000e+00
     vertex  1.215859e+02 -6.404548e+01  1.510000e+00
     vertex  1.085796e+02 -7.265529e+01  1.510000e+00
   endloop
 endfacet
 facet normal  0.000000e+00  0.000000e+00  1.000000e+00
   outer loop
     vertex  1.204545e+02 -6.208589e+01  1.510000e+00
     vertex  1.084243e+02 -5.642426e+01  1.510000e+00
     vertex  1.204000e+02 -6.250000e+01  1.510000e+00
   endloop
 endfacet
 facet normal  0.000000e+00  0.000000e+00  1.000000e+00
   outer loop
     vertex  1.204545e+02 -6.208589e+01  1.510000e+00
     vertex  1.085196e+02 -5.630000e+01  1.510000e+00
     vertex  1.084243e+02 -5.642426e+01  1.510000e+00
   endloop
 endfacet
 facet normal  0.000000e+00  0.000000e+00  1.000000e+00
   outer loop
     vertex  1.206144e+02 -6.170000e+01  1.510000e+00
     vertex  1.085196e+02 -5.630000e+01  1.510000e+00
     vertex  1.204545e+02 -6.208589e+01  1.510000e+00
   endloop
 endfacet
 facet normal  0.000000e+00  0.000000e+00  1.000000e+00
   outer loop
     vertex  1.206144e+02 -6.170000e+01  1.510000e+00
     vertex  1.085796e+02 -5.615529e+01  1.510000e+00
     vertex  1.085196e+02 -5.630000e+01  1.510000e+00
   endloop
 endfacet
 facet normal  0.000000e+00  0.000000e+00  1.000000e+00
   outer loop
     vertex  1.208686e+02 -6.136863e+01  1.510000e+00
     vertex  1.086000e+02 -5.420000e+01  1.510000e+00
     vertex  1.086000e+02 -5.600000e+01  1.510000e+00
   endloop
 endfacet
 facet normal  0.000000e+00  0.000000e+00  1.000000e+00
   outer loop
     vertex  1.208686e+02 -6.136863e+01  1.510000e+00
     vertex  1.085796e+02 -5.615529e+01  1.510000e+00
     vertex  1.206144e+02 -6.170000e+01  1.510000e+00
   endloop
 endfacet
 facet normal  0.000000e+00  0.000000e+00  1.000000e+00
   outer loop
     vertex  1.208686e+02 -6.136863e+01  1.510000e+00
     vertex  1.086000e+02 -5.600000e+01  1.510000e+00
     vertex  1.085796e+02 -5.615529e+01  1.510000e+00
   endloop
 endfacet
 facet normal  0.000000e+00  0.000000e+00  1.000000e+00
   outer loop
     vertex  1.212000e+02 -6.111436e+01  1.510000e+00
     vertex  1.086000e+02 -5.420000e+01  1.510000e+00
     vertex  1.208686e+02 -6.136863e+01  1.510000e+00
   endloop
 endfacet
 facet normal  0.000000e+00  0.000000e+00  1.000000e+00
   outer loop
     vertex  1.212000e+02 -6.111436e+01  1.510000e+00
     vertex  1.086000e+02 -5.240000e+01  1.510000e+00
     vertex  1.086000e+02 -5.420000e+01  1.510000e+00
   endloop
 endfacet
 facet normal  0.000000e+00  0.000000e+00  1.000000e+00
   outer loop
     vertex  1.215859e+02 -6.095452e+01  1.510000e+00
     vertex  1.085796e+02 -5.224471e+01  1.510000e+00
     vertex  1.086000e+02 -5.240000e+01  1.510000e+00
   endloop
 endfacet
 facet normal  0.000000e+00  0.000000e+00  1.000000e+00
   outer loop
     vertex  1.215859e+02 -6.095452e+01  1.510000e+00
     vertex  1.086000e+02 -5.240000e+01  1.510000e+00
     vertex  1.212000e+02 -6.111436e+01  1.510000e+00
   endloop
 endfacet
 facet normal  0.000000e+00  0.000000e+00  1.000000e+00
   outer loop
     vertex  1.220000e+02 -6.090000e+01  1.510000e+00
     vertex  1.085196e+02 -5.210000e+01  1.510000e+00
     vertex  1.085796e+02 -5.224471e+01  1.510000e+00
   endloop
 endfacet
 facet normal  0.000000e+00  0.000000e+00  1.000000e+00
   outer loop
     vertex  1.220000e+02 -6.090000e+01  1.510000e+00
     vertex  1.085796e+02 -5.224471e+01  1.510000e+00
     vertex  1.215859e+02 -6.095452e+01  1.510000e+00
   endloop
 endfacet
 facet normal  0.000000e+00  0.000000e+00  1.000000e+00
   outer loop
     vertex  1.355757e+02 -7.292426e+01  1.510000e+00
     vertex  1.084243e+02 -7.292426e+01  1.510000e+00
     vertex  1.083000e+02 -7.301962e+01  1.510000e+00
   endloop
 endfacet
 facet normal  0.000000e+00  0.000000e+00  1.000000e+00
   outer loop
     vertex  1.357000e+02 -7.301962e+01  1.510000e+00
     vertex  1.083000e+02 -7.301962e+01  1.510000e+00
     vertex  1.081553e+02 -7.307956e+01  1.510000e+00
   endloop
 endfacet
 facet normal  0.000000e+00  0.000000e+00  1.000000e+00
   outer loop
     vertex  1.357000e+02 -7.301962e+01  1.510000e+00
     vertex  1.355757e+02 -7.292426e+01  1.510000e+00
     vertex  1.083000e+02 -7.301962e+01  1.510000e+00
   endloop
 endfacet
 facet normal  0.000000e+00  0.000000e+00  1.000000e+00
   outer loop
     vertex  1.354804e+02 -7.280000e+01  1.510000e+00
     vertex  1.085196e+02 -7.280000e+01  1.510000e+00
     vertex  1.084243e+02 -7.292426e+01  1.510000e+00
   endloop
 endfacet
 facet normal  0.000000e+00  0.000000e+00  1.000000e+00
   outer loop
     vertex  1.354804e+02 -7.280000e+01  1.510000e+00
     vertex  1.084243e+02 -7.292426e+01  1.510000e+00
     vertex  1.355757e+02 -7.292426e+01  1.510000e+00
   endloop
 endfacet
 facet normal  0.000000e+00  0.000000e+00  1.000000e+00
   outer loop
     vertex  1.354804e+02 -7.280000e+01  1.510000e+00
     vertex  1.220000e+02 -6.410000e+01  1.510000e+00
     vertex  1.085196e+02 -7.280000e+01  1.510000e+00
   endloop
 endfacet
 facet normal  0.000000e+00  0.000000e+00  1.000000e+00
   outer loop
     vertex  1.358447e+02 -7.307956e+01  1.510000e+00
     vertex  1.081553e+02 -7.307956e+01  1.510000e+00
     vertex  1.000000e+02 -7.500000e+01  1.510000e+00
   endloop
 endfacet
 facet normal  0.000000e+00  0.000000e+00  1.000000e+00
   outer loop
     vertex  1.358447e+02 -7.307956e+01  1.510000e+00
     vertex  1.357000e+02 -7.301962e+01  1.510000e+00
     vertex  1.081553e+02 -7.307956e+01  1.510000e+00
   endloop
 endfacet
 facet normal  0.000000e+00  0.000000e+00  1.000000e+00
   outer loop
     vertex  1.354204e+02 -7.265529e+01  1.510000e+00
     vertex  1.220000e+02 -6.410000e+01  1.510000e+00
     vertex  1.354804e+02 -7.280000e+01  1.510000e+00
   endloop
 endfacet
 facet normal  0.000000e+00  0.000000e+00  1.000000e+00
   outer loop
     vertex  1.354204e+02 -7.265529e+01  1.510000e+00
     vertex  1.224141e+02 -6.404548e+01  1.510000e+00
     vertex  1.220000e+02 -6.410000e+01  1.510000e+00
   endloop
 endfacet
 facet normal  0.000000e+00  0.000000e+00  1.000000e+00
   outer loop
     vertex  1.360000e+02 -7.310000e+01  1.510000e+00
     vertex  1.358447e+02 -7.307956e+01  1.510000e+00
     vertex  1.000000e+02 -7.500000e+01  1.510000e+00
   endloop
 endfacet
 facet normal  0.000000e+00  0.000000e+00  1.000000e+00
   outer loop
     vertex  1.354000e+02 -7.250000e+01  1.510000e+00
     vertex  1.228000e+02 -6.388564e+01  1.510000e+00
     vertex  1.224141e+02 -6.404548e+01  1.510000e+00
   endloop
 endfacet
 facet normal  0.000000e+00  0.000000e+00  1.000000e+00
   outer loop
     vertex  1.354000e+02 -7.250000e+01  1.510000e+00
     vertex  1.224141e+02 -6.404548e+01  1.510000e+00
     vertex  1.354204e+02 -7.265529e+01  1.510000e+00
   endloop
 endfacet
 facet normal  0.000000e+00  0.000000e+00  1.000000e+00
   outer loop
     vertex  1.355757e+02 -7.112426e+01  1.510000e+00
     vertex  1.355757e+02 -7.207574e+01  1.510000e+00
     vertex  1.357000e+02 -7.198038e+01  1.510000e+00
   endloop
 endfacet
 facet normal  0.000000e+00  0.000000e+00  1.000000e+00
   outer loop
     vertex  1.357000e+02 -7.121962e+01  1.510000e+00
     vertex  1.355757e+02 -7.112426e+01  1.510000e+00
     vertex  1.357000e+02 -7.198038e+01  1.510000e+00
   endloop
 endfacet
 facet normal  0.000000e+00  0.000000e+00  1.000000e+00
   outer loop
     vertex  1.354804e+02 -7.100000e+01  1.510000e+00
     vertex  1.355757e+02 -7.207574e+01  1.510000e+00
     vertex  1.355757e+02 -7.112426e+01  1.510000e+00
   endloop
 endfacet
 facet normal  0.000000e+00  0.000000e+00  1.000000e+00
   outer loop
     vertex  1.354804e+02 -7.100000e+01  1.510000e+00
     vertex  1.354804e+02 -7.220000e+01  1.510000e+00
     vertex  1.355757e+02 -7.207574e+01  1.510000e+00
   endloop
 endfacet
 facet normal  0.000000e+00  0.000000e+00  1.000000e+00
   outer loop
     vertex  1.358447e+02 -7.127956e+01  1.510000e+00
     vertex  1.357000e+02 -7.121962e+01  1.510000e+00
     vertex  1.357000e+02 -7.198038e+01  1.510000e+00
   endloop
 endfacet
 facet normal  0.000000e+00  0.000000e+00  1.000000e+00
   outer loop
     vertex  1.358447e+02 -7.127956e+01  1.510000e+00
     vertex  1.357000e+02 -7.198038e+01  1.510000e+00
     vertex  1.358447e+02 -7.192044e+01  1.510000e+00
   endloop
 endfacet
 facet normal  0.000000e+00  0.000000e+00  1.000000e+00
   outer loop
     vertex  1.358447e+02 -7.127956e+01  1.510000e+00
     vertex  1.358447e+02 -7.192044e+01  1.510000e+00
     vertex  1.360000e+02 -7.190000e+01  1.510000e+00
   endloop
 endfacet
 facet normal  0.000000e+00  0.000000e+00  1.000000e+00
   outer loop
     vertex  1.354204e+02 -7.085529e+01  1.510000e+00
     vertex  1.354804e+02 -7.220000e+01  1.510000e+00
     vertex  1.354804e+02 -7.100000e+01  1.510000e+00
   endloop
 endfacet
 facet normal  0.000000e+00  0.000000e+00  1.000000e+00
   outer loop
     vertex  1.354204e+02 -7.085529e+01  1.510000e+00
     vertex  1.354000e+02 -7.250000e+01  1.510000e+00
     vertex  1.354204e+02 -7.234471e+01  1.510000e+00
   endloop
 endfacet
 facet normal  0.000000e+00  0.000000e+00  1.000000e+00
   outer loop
     vertex  1.354204e+02 -7.085529e+01  1.510000e+00
     vertex  1.354204e+02 -7.234471e+01  1.510000e+00
     vertex  1.354804e+02 -7.220000e+01  1.510000e+00
   endloop
 endfacet
 facet normal  0.000000e+00  0.000000e+00  1.000000e+00
   outer loop
     vertex  1.360000e+02 -7.130000e+01  1.510000e+00
     vertex  1.358447e+02 -7.127956e+01  1.510000e+00
     vertex  1.360000e+02 -7.190000e+01  1.510000e+00
   endloop
 endfacet
 facet normal  0.000000e+00  0.000000e+00  1.000000e+00
   outer loop
     vertex  1.360000e+02 -7.130000e+01  1.510000e+00
     vertex  1.360000e+02 -7.190000e+01  1.510000e+00
     vertex  1.361553e+02 -7.192044e+01  1.510000e+00
   endloop
 endfacet
 facet normal  0.000000e+00  0.000000e+00  1.000000e+00
   outer loop
     vertex  1.354000e+02 -7.070000e+01  1.510000e+00
     vertex  1.354000e+02 -7.250000e+01  1.510000e+00
     vertex  1.354204e+02 -7.085529e+01  1.510000e+00
   endloop
 endfacet
 facet normal  0.000000e+00  0.000000e+00  1.000000e+00
   outer loop
     vertex  1.354000e+02 -7.070000e+01  1.510000e+00
     vertex  1.228000e+02 -6.388564e+01  1.510000e+00
     vertex  1.354000e+02 -7.250000e+01  1.510000e+00
   endloop
 endfacet
 facet normal  0.000000e+00  0.000000e+00  1.000000e+00
   outer loop
     vertex  1.354000e+02 -7.070000e+01  1.510000e+00
     vertex  1.231314e+02 -6.363137e+01  1.510000e+00
     vertex  1.228000e+02 -6.388564e+01  1.510000e+00
   endloop
 endfacet
 facet normal  0.000000e+00  0.000000e+00  1.000000e+00
   outer loop
     vertex  1.361553e+02 -7.127956e+01  1.510000e+00
     vertex  1.360000e+02 -7.130000e+01  1.510000e+00
     vertex  1.361553e+02 -7.192044e+01  1.510000e+00
   endloop
 endfacet
 facet normal  0.000000e+00  0.000000e+00  1.000000e+00
   outer loop
     vertex  1.363000e+02 -7.121962e+01  1.510000e+00
     vertex  1.361553e+02 -7.127956e+01  1.510000e+00
     vertex  1.361553e+02 -7.192044e+01  1.510000e+00
   endloop
 endfacet
 facet normal  0.000000e+00  0.000000e+00  1.000000e+00
   outer loop
     vertex  1.363000e+02 -7.121962e+01  1.510000e+00
     vertex  1.361553e+02 -7.192044e+01  1.510000e+00
     vertex  1.363000e+02 -7.198038e+01  1.510000e+00
   endloop
 endfacet
 facet normal  0.000000e+00  0.000000e+00  1.000000e+00
   outer loop
     vertex  1.364243e+02 -7.112426e+01  1.510000e+00
     vertex  1.363000e+02 -7.121962e+01  1.510000e+00
     vertex  1.363000e+02 -7.198038e+01  1.510000e+00
   endloop
 endfacet
 facet normal  0.000000e+00  0.000000e+00  1.000000e+00
   outer loop
     vertex  1.364243e+02 -7.112426e+01  1.510000e+00
     vertex  1.363000e+02 -7.198038e+01  1.510000e+00
     vertex  1.364243e+02 -7.207574e+01  1.510000e+00
   endloop
 endfacet
 facet normal  0.000000e+00  0.000000e+00  1.000000e+00
   outer loop
     vertex  1.365196e+02 -7.100000e+01  1.510000e+00
     vertex  1.364243e+02 -7.112426e+01  1.510000e+00
     vertex  1.364243e+02 -7.207574e+01  1.510000e+00
   endloop
 endfacet
 facet normal  0.000000e+00  0.000000e+00  1.000000e+00
   outer loop
     vertex  1.365196e+02 -7.100000e+01  1.510000e+00
     vertex  1.364243e+02 -7.207574e+01  1.510000e+00
     vertex  1.365196e+02 -7.220000e+01  1.510000e+00
   endloop
 endfacet
 facet normal  0.000000e+00  0.000000e+00  1.000000e+00
   outer loop
     vertex  1.365196e+02 -7.100000e+01  1.510000e+00
     vertex  1.365196e+02 -7.220000e+01  1.510000e+00
     vertex  1.365796e+02 -7.234471e+01  1.510000e+00
   endloop
 endfacet
 facet normal  0.000000e+00  0.000000e+00  1.000000e+00
   outer loop
     vertex  1.365796e+02 -7.085529e+01  1.510000e+00
     vertex  1.365196e+02 -7.100000e+01  1.510000e+00
     vertex  1.365796e+02 -7.234471e+01  1.510000e+00
   endloop
 endfacet
 facet normal  0.000000e+00  0.000000e+00  1.000000e+00
   outer loop
     vertex  1.366000e+02 -7.070000e+01  1.510000e+00
     vertex  1.365796e+02 -7.085529e+01  1.510000e+00
     vertex  1.365796e+02 -7.234471e+01  1.510000e+00
   endloop
 endfacet
 facet normal  0.000000e+00  0.000000e+00  1.000000e+00
   outer loop
     vertex  1.366000e+02 -7.070000e+01  1.510000e+00
     vertex  1.365796e+02 -7.234471e+01  1.510000e+00
     vertex  1.366000e+02 -7.250000e+01  1.510000e+00
   endloop
 endfacet
 facet normal  0.000000e+00  0.000000e+00  1.000000e+00
   outer loop
     vertex  1.355757e+02 -6.932426e+01  1.510000e+00
     vertex  1.355757e+02 -7.027574e+01  1.510000e+00
     vertex  1.357000e+02 -7.018038e+01  1.510000e+00
   endloop
 endfacet
 facet normal  0.000000e+00  0.000000e+00  1.000000e+00
   outer loop
     vertex  1.354804e+02 -6.920000e+01  1.510000e+00
     vertex  1.354804e+02 -7.040000e+01  1.510000e+00
     vertex  1.355757e+02 -7.027574e+01  1.510000e+00
   endloop
 endfacet
 facet normal  0.000000e+00  0.000000e+00  1.000000e+00
   outer loop
     vertex  1.354804e+02 -6.920000e+01  1.510000e+00
     vertex  1.355757e+02 -7.027574e+01  1.510000e+00
     vertex  1.355757e+02 -6.932426e+01  1.510000e+00
   endloop
 endfacet
 facet normal  0.000000e+00  0.000000e+00  1.000000e+00
   outer loop
     vertex  1.357000e+02 -6.941962e+01  1.510000e+00
     vertex  1.355757e+02 -6.932426e+01  1.510000e+00
     vertex  1.357000e+02 -7.018038e+01  1.510000e+00
   endloop
 endfacet
 facet normal  0.000000e+00  0.000000e+00  1.000000e+00
   outer loop
     vertex  1.358447e+02 -6.947956e+01  1.510000e+00
     vertex  1.357000e+02 -7.018038e+01  1.510000e+00
     vertex  1.358447e+02 -7.012044e+01  1.510000e+00
   endloop
 endfacet
 facet normal  0.000000e+00  0.000000e+00  1.000000e+00
   outer loop
     vertex  1.358447e+02 -6.947956e+01  1.510000e+00
     vertex  1.358447e+02 -7.012044e+01  1.510000e+00
     vertex  1.360000e+02 -7.010000e+01  1.510000e+00
   endloop
 endfacet
 facet normal  0.000000e+00  0.000000e+00  1.000000e+00
   outer loop
     vertex  1.358447e+02 -6.947956e+01  1.510000e+00
     vertex  1.357000e+02 -6.941962e+01  1.510000e+00
     vertex  1.357000e+02 -7.018038e+01  1.510000e+00
   endloop
 endfacet
 facet normal  0.000000e+00  0.000000e+00  1.000000e+00
   outer loop
     vertex  1.354204e+02 -6.905529e+01  1.510000e+00
     vertex  1.354000e+02 -7.070000e+01  1.510000e+00
     vertex  1.354204e+02 -7.054471e+01  1.510000e+00
   endloop
 endfacet
 facet normal  0.000000e+00  0.000000e+00  1.000000e+00
   outer loop
     vertex  1.354204e+02 -6.905529e+01  1.510000e+00
     vertex  1.354204e+02 -7.054471e+01  1.510000e+00
     vertex  1.354804e+02 -7.040000e+01  1.510000e+00
   endloop
 endfacet
 facet normal  0.000000e+00  0.000000e+00  1.000000e+00
   outer loop
     vertex  1.354204e+02 -6.905529e+01  1.510000e+00
     vertex  1.354804e+02 -7.040000e+01  1.510000e+00
     vertex  1.354804e+02 -6.920000e+01  1.510000e+00
   endloop
 endfacet
 facet normal  0.000000e+00  0.000000e+00  1.000000e+00
   outer loop
     vertex  1.354000e+02 -6.890000e+01  1.510000e+00
     vertex  1.231314e+02 -6.363137e+01  1.510000e+00
     vertex  1.354000e+02 -7.070000e+01  1.510000e+00
   endloop
 endfacet
 facet normal  0.000000e+00  0.000000e+00  1.000000e+00
   outer loop
     vertex  1.354000e+02 -6.890000e+01  1.510000e+00
     vertex  1.354000e+02 -7.070000e+01  1.510000e+00
     vertex  1.354204e+02 -6.905529e+01  1.510000e+00
   endloop
 endfacet
 facet normal  0.000000e+00  0.000000e+00  1.000000e+00
   outer loop
     vertex  1.360000e+02 -6.950000e+01  1.510000e+00
     vertex  1.358447e+02 -6.947956e+01  1.510000e+00
     vertex  1.360000e+02 -7.010000e+01  1.510000e+00
   endloop
 endfacet
 facet normal  0.000000e+00  0.000000e+00  1.000000e+00
   outer loop
     vertex  1.354204e+02 -6.874471e+01  1.510000e+00
     vertex  1.233856e+02 -6.330000e+01  1.510000e+00
     vertex  1.231314e+02 -6.363137e+01  1.510000e+00
   endloop
 endfacet
 facet normal  0.000000e+00  0.000000e+00  1.000000e+00
   outer loop
     vertex  1.354204e+02 -6.874471e+01  1.510000e+00
     vertex  1.231314e+02 -6.363137e+01  1.510000e+00
     vertex  1.354000e+02 -6.890000e+01  1.510000e+00
   endloop
 endfacet
 facet normal  0.000000e+00  0.000000e+00  1.000000e+00
   outer loop
     vertex  1.361553e+02 -6.947956e+01  1.510000e+00
     vertex  1.360000e+02 -7.010000e+01  1.510000e+00
     vertex  1.361553e+02 -7.012044e+01  1.510000e+00
   endloop
 endfacet
 facet normal  0.000000e+00  0.000000e+00  1.000000e+00
   outer loop
     vertex  1.361553e+02 -6.947956e+01  1.510000e+00
     vertex  1.360000e+02 -6.950000e+01  1.510000e+00
     vertex  1.360000e+02 -7.010000e+01  1.510000e+00
   endloop
 endfacet
 facet normal  0.000000e+00  0.000000e+00  1.000000e+00
   outer loop
     vertex  1.354804e+02 -6.860000e+01  1.510000e+00
     vertex  1.233856e+02 -6.330000e+01  1.510000e+00
     vertex  1.354204e+02 -6.874471e+01  1.510000e+00
   endloop
 endfacet
 facet normal  0.000000e+00  0.000000e+00  1.000000e+00
   outer loop
     vertex  1.354804e+02 -6.860000e+01  1.510000e+00
     vertex  1.235455e+02 -6.291411e+01  1.510000e+00
     vertex  1.233856e+02 -6.330000e+01  1.510000e+00
   endloop
 endfacet
 facet normal  0.000000e+00  0.000000e+00  1.000000e+00
   outer loop
     vertex  1.363000e+02 -6.941962e+01  1.510000e+00
     vertex  1.361553e+02 -7.012044e+01  1.510000e+00
     vertex  1.363000e+02 -7.018038e+01  1.510000e+00
   endloop
 endfacet
 facet normal  0.000000e+00  0.000000e+00  1.000000e+00
   outer loop
     vertex  1.363000e+02 -6.941962e+01  1.510000e+00
     vertex  1.361553e+02 -6.947956e+01  1.510000e+00
     vertex  1.361553e+02 -7.012044e+01  1.510000e+00
   endloop
 endfacet
 facet normal  0.000000e+00  0.000000e+00  1.000000e+00
   outer loop
     vertex  1.364243e+02 -6.932426e+01  1.510000e+00
     vertex  1.363000e+02 -7.018038e+01  1.510000e+00
     vertex  1.364243e+02 -7.027574e+01  1.510000e+00
   endloop
 endfacet
 facet normal  0.000000e+00  0.000000e+00  1.000000e+00
   outer loop
     vertex  1.364243e+02 -6.932426e+01  1.510000e+00
     vertex  1.364243e+02 -7.027574e+01  1.510000e+00
     vertex  1.365196e+02 -7.040000e+01  1.510000e+00
   endloop
 endfacet
 facet normal  0.000000e+00  0.000000e+00  1.000000e+00
   outer loop
     vertex  1.364243e+02 -6.932426e+01  1.510000e+00
     vertex  1.363000e+02 -6.941962e+01  1.510000e+00
     vertex  1.363000e+02 -7.018038e+01  1.510000e+00
   endloop
 endfacet
 facet normal  0.000000e+00  0.000000e+00  1.000000e+00
   outer loop
     vertex  1.355757e+02 -6.847574e+01  1.510000e+00
     vertex  1.235455e+02 -6.291411e+01  1.510000e+00
     vertex  1.354804e+02 -6.860000e+01  1.510000e+00
   endloop
 endfacet
 facet normal  0.000000e+00  0.000000e+00  1.000000e+00
   outer loop
     vertex  1.355757e+02 -6.847574e+01  1.510000e+00
     vertex  1.236000e+02 -6.250000e+01  1.510000e+00
     vertex  1.235455e+02 -6.291411e+01  1.510000e+00
   endloop
 endfacet
 facet normal  0.000000e+00  0.000000e+00  1.000000e+00
   outer loop
     vertex  1.357000e+02 -6.838038e+01  1.510000e+00
     vertex  1.236000e+02 -6.250000e+01  1.510000e+00
     vertex  1.355757e+02 -6.847574e+01  1.510000e+00
   endloop
 endfacet
 facet normal  0.000000e+00  0.000000e+00  1.000000e+00
   outer loop
     vertex  1.365196e+02 -6.920000e+01  1.510000e+00
     vertex  1.364243e+02 -6.932426e+01  1.510000e+00
     vertex  1.365196e+02 -7.040000e+01  1.510000e+00
   endloop
 endfacet
 facet normal  0.000000e+00  0.000000e+00  1.000000e+00
   outer loop
     vertex  1.365796e+02 -6.905529e+01  1.510000e+00
     vertex  1.365196e+02 -6.920000e+01  1.510000e+00
     vertex  1.365196e+02 -7.040000e+01  1.510000e+00
   endloop
 endfacet
 facet normal  0.000000e+00  0.000000e+00  1.000000e+00
   outer loop
     vertex  1.365796e+02 -6.905529e+01  1.510000e+00
     vertex  1.365196e+02 -7.040000e+01  1.510000e+00
     vertex  1.365796e+02 -7.054471e+01  1.510000e+00
   endloop
 endfacet
 facet normal  0.000000e+00  0.000000e+00  1.000000e+00
   outer loop
     vertex  1.366000e+02 -6.890000e+01  1.510000e+00
     vertex  1.365796e+02 -6.905529e+01  1.510000e+00
     vertex  1.365796e+02 -7.054471e+01  1.510000e+00
   endloop
 endfacet
 facet normal  0.000000e+00  0.000000e+00  1.000000e+00
   outer loop
     vertex  1.366000e+02 -6.890000e+01  1.510000e+00
     vertex  1.365796e+02 -7.054471e+01  1.510000e+00
     vertex  1.366000e+02 -7.070000e+01  1.510000e+00
   endloop
 endfacet
 facet normal  0.000000e+00  0.000000e+00  1.000000e+00
   outer loop
     vertex  1.355757e+02 -5.642426e+01  1.510000e+00
     vertex  1.235455e+02 -6.208589e+01  1.510000e+00
     vertex  1.236000e+02 -6.250000e+01  1.510000e+00
   endloop
 endfacet
 facet normal  0.000000e+00  0.000000e+00  1.000000e+00
   outer loop
     vertex  1.357000e+02 -5.651962e+01  1.510000e+00
     vertex  1.236000e+02 -6.250000e+01  1.510000e+00
     vertex  1.357000e+02 -6.838038e+01  1.510000e+00
   endloop
 endfacet
 facet normal  0.000000e+00  0.000000e+00  1.000000e+00
   outer loop
     vertex  1.357000e+02 -5.651962e+01  1.510000e+00
     vertex  1.355757e+02 -5.642426e+01  1.510000e+00
     vertex  1.236000e+02 -6.250000e+01  1.510000e+00
   endloop
 endfacet
 facet normal  0.000000e+00  0.000000e+00  1.000000e+00
   outer loop
     vertex  1.354804e+02 -5.630000e+01  1.510000e+00
     vertex  1.235455e+02 -6.208589e+01  1.510000e+00
     vertex  1.355757e+02 -5.642426e+01  1.510000e+00
   endloop
 endfacet
 facet normal  0.000000e+00  0.000000e+00  1.000000e+00
   outer loop
     vertex  1.354804e+02 -5.630000e+01  1.510000e+00
     vertex  1.233856e+02 -6.170000e+01  1.510000e+00
     vertex  1.235455e+02 -6.208589e+01  1.510000e+00
   endloop
 endfacet
 facet normal  0.000000e+00  0.000000e+00  1.000000e+00
   outer loop
     vertex  1.358447e+02 -5.657956e+01  1.510000e+00
     vertex  1.357000e+02 -5.651962e+01  1.510000e+00
     vertex  1.357000e+02 -6.838038e+01  1.510000e+00
   endloop
 endfacet
 facet normal  0.000000e+00  0.000000e+00  1.000000e+00
   outer loop
     vertex  1.358447e+02 -5.657956e+01  1.510000e+00
     vertex  1.357000e+02 -6.838038e+01  1.510000e+00
     vertex  1.358447e+02 -6.832044e+01  1.510000e+00
   endloop
 endfacet
 facet normal  0.000000e+00  0.000000e+00  1.000000e+00
   outer loop
     vertex  1.354204e+02 -5.615529e+01  1.510000e+00
     vertex  1.233856e+02 -6.170000e+01  1.510000e+00
     vertex  1.354804e+02 -5.630000e+01  1.510000e+00
   endloop
 endfacet
 facet normal  0.000000e+00  0.000000e+00  1.000000e+00
   outer loop
     vertex  1.354204e+02 -5.615529e+01  1.510000e+00
     vertex  1.231314e+02 -6.136863e+01  1.510000e+00
     vertex  1.233856e+02 -6.170000e+01  1.510000e+00
   endloop
 endfacet
 facet normal  0.000000e+00  0.000000e+00  1.000000e+00
   outer loop
     vertex  1.360000e+02 -5.660000e+01  1.510000e+00
     vertex  1.358447e+02 -6.832044e+01  1.510000e+00
     vertex  1.360000e+02 -6.830000e+01  1.510000e+00
   endloop
 endfacet
 facet normal  0.000000e+00  0.000000e+00  1.000000e+00
   outer loop
     vertex  1.360000e+02 -5.660000e+01  1.510000e+00
     vertex  1.360000e+02 -6.830000e+01  1.510000e+00
     vertex  1.361553e+02 -6.832044e+01  1.510000e+00
   endloop
 endfacet
 facet normal  0.000000e+00  0.000000e+00  1.000000e+00
   outer loop
     vertex  1.360000e+02 -5.660000e+01  1.510000e+00
     vertex  1.358447e+02 -5.657956e+01  1.510000e+00
     vertex  1.358447e+02 -6.832044e+01  1.510000e+00
   endloop
 endfacet
 facet normal  0.000000e+00  0.000000e+00  1.000000e+00
   outer loop
     vertex  1.354000e+02 -5.600000e+01  1.510000e+00
     vertex  1.231314e+02 -6.136863e+01  1.510000e+00
     vertex  1.354204e+02 -5.615529e+01  1.510000e+00
   endloop
 endfacet
 facet normal  0.000000e+00  0.000000e+00  1.000000e+00
   outer loop
     vertex  1.361553e+02 -5.657956e+01  1.510000e+00
     vertex  1.360000e+02 -5.660000e+01  1.510000e+00
     vertex  1.361553e+02 -6.832044e+01  1.510000e+00
   endloop
 endfacet
 facet normal  0.000000e+00  0.000000e+00  1.000000e+00
   outer loop
     vertex  1.363000e+02 -5.651962e+01  1.510000e+00
     vertex  1.361553e+02 -6.832044e+01  1.510000e+00
     vertex  1.363000e+02 -6.838038e+01  1.510000e+00
   endloop
 endfacet
 facet normal  0.000000e+00  0.000000e+00  1.000000e+00
   outer loop
     vertex  1.363000e+02 -5.651962e+01  1.510000e+00
     vertex  1.361553e+02 -5.657956e+01  1.510000e+00
     vertex  1.361553e+02 -6.832044e+01  1.510000e+00
   endloop
 endfacet
 facet normal  0.000000e+00  0.000000e+00  1.000000e+00
   outer loop
     vertex  1.354804e+02 -5.450000e+01  1.510000e+00
     vertex  1.354804e+02 -5.570000e+01  1.510000e+00
     vertex  1.355757e+02 -5.557574e+01  1.510000e+00
   endloop
 endfacet
 facet normal  0.000000e+00  0.000000e+00  1.000000e+00
   outer loop
     vertex  1.354804e+02 -5.450000e+01  1.510000e+00
     vertex  1.355757e+02 -5.557574e+01  1.510000e+00
     vertex  1.355757e+02 -5.462426e+01  1.510000e+00
   endloop
 endfacet
 facet normal  0.000000e+00  0.000000e+00  1.000000e+00
   outer loop
     vertex  1.357000e+02 -5.471962e+01  1.510000e+00
     vertex  1.355757e+02 -5.557574e+01  1.510000e+00
     vertex  1.357000e+02 -5.548038e+01  1.510000e+00
   endloop
 endfacet
 facet normal  0.000000e+00  0.000000e+00  1.000000e+00
   outer loop
     vertex  1.357000e+02 -5.471962e+01  1.510000e+00
     vertex  1.355757e+02 -5.462426e+01  1.510000e+00
     vertex  1.355757e+02 -5.557574e+01  1.510000e+00
   endloop
 endfacet
 facet normal  0.000000e+00  0.000000e+00  1.000000e+00
   outer loop
     vertex  1.358447e+02 -5.477956e+01  1.510000e+00
     vertex  1.357000e+02 -5.548038e+01  1.510000e+00
     vertex  1.358447e+02 -5.542044e+01  1.510000e+00
   endloop
 endfacet
 facet normal  0.000000e+00  0.000000e+00  1.000000e+00
   outer loop
     vertex  1.358447e+02 -5.477956e+01  1.510000e+00
     vertex  1.358447e+02 -5.542044e+01  1.510000e+00
     vertex  1.360000e+02 -5.540000e+01  1.510000e+00
   endloop
 endfacet
 facet normal  0.000000e+00  0.000000e+00  1.000000e+00
   outer loop
     vertex  1.358447e+02 -5.477956e+01  1.510000e+00
     vertex  1.357000e+02 -5.471962e+01  1.510000e+00
     vertex  1.357000e+02 -5.548038e+01  1.510000e+00
   endloop
 endfacet
 facet normal  0.000000e+00  0.000000e+00  1.000000e+00
   outer loop
     vertex  1.354204e+02 -5.435529e+01  1.510000e+00
     vertex  1.354000e+02 -5.600000e+01  1.510000e+00
     vertex  1.354204e+02 -5.584471e+01  1.510000e+00
   endloop
 endfacet
 facet normal  0.000000e+00  0.000000e+00  1.000000e+00
   outer loop
     vertex  1.354204e+02 -5.435529e+01  1.510000e+00
     vertex  1.354204e+02 -5.584471e+01  1.510000e+00
     vertex  1.354804e+02 -5.570000e+01  1.510000e+00
   endloop
 endfacet
 facet normal  0.000000e+00  0.000000e+00  1.000000e+00
   outer loop
     vertex  1.354204e+02 -5.435529e+01  1.510000e+00
     vertex  1.354804e+02 -5.570000e+01  1.510000e+00
     vertex  1.354804e+02 -5.450000e+01  1.510000e+00
   endloop
 endfacet
 facet normal  0.000000e+00  0.000000e+00  1.000000e+00
   outer loop
     vertex  1.360000e+02 -5.480000e+01  1.510000e+00
     vertex  1.360000e+02 -5.540000e+01  1.510000e+00
     vertex  1.361553e+02 -5.542044e+01  1.510000e+00
   endloop
 endfacet
 facet normal  0.000000e+00  0.000000e+00  1.000000e+00
   outer loop
     vertex  1.360000e+02 -5.480000e+01  1.510000e+00
     vertex  1.358447e+02 -5.477956e+01  1.510000e+00
     vertex  1.360000e+02 -5.540000e+01  1.510000e+00
   endloop
 endfacet
 facet normal  0.000000e+00  0.000000e+00  1.000000e+00
   outer loop
     vertex  1.354000e+02 -5.420000e+01  1.510000e+00
     vertex  1.231314e+02 -6.136863e+01  1.510000e+00
     vertex  1.354000e+02 -5.600000e+01  1.510000e+00
   endloop
 endfacet
 facet normal  0.000000e+00  0.000000e+00  1.000000e+00
   outer loop
     vertex  1.354000e+02 -5.420000e+01  1.510000e+00
     vertex  1.228000e+02 -6.111436e+01  1.510000e+00
     vertex  1.231314e+02 -6.136863e+01  1.510000e+00
   endloop
 endfacet
 facet normal  0.000000e+00  0.000000e+00  1.000000e+00
   outer loop
     vertex  1.354000e+02 -5.420000e+01  1.510000e+00
     vertex  1.354000e+02 -5.600000e+01  1.510000e+00
     vertex  1.354204e+02 -5.435529e+01  1.510000e+00
   endloop
 endfacet
 facet normal  0.000000e+00  0.000000e+00  1.000000e+00
   outer loop
     vertex  1.361553e+02 -5.477956e+01  1.510000e+00
     vertex  1.361553e+02 -5.542044e+01  1.510000e+00
     vertex  1.363000e+02 -5.548038e+01  1.510000e+00
   endloop
 endfacet
 facet normal  0.000000e+00  0.000000e+00  1.000000e+00
   outer loop
     vertex  1.361553e+02 -5.477956e+01  1.510000e+00
     vertex  1.360000e+02 -5.480000e+01  1.510000e+00
     vertex  1.361553e+02 -5.542044e+01  1.510000e+00
   endloop
 endfacet
 facet normal  0.000000e+00  0.000000e+00  1.000000e+00
   outer loop
     vertex  1.363000e+02 -5.471962e+01  1.510000e+00
     vertex  1.363000e+02 -5.548038e+01  1.510000e+00
     vertex  1.364243e+02 -5.557574e+01  1.510000e+00
   endloop
 endfacet
 facet normal  0.000000e+00  0.000000e+00  1.000000e+00
   outer loop
     vertex  1.363000e+02 -5.471962e+01  1.510000e+00
     vertex  1.361553e+02 -5.477956e+01  1.510000e+00
     vertex  1.363000e+02 -5.548038e+01  1.510000e+00
   endloop
 endfacet
 facet normal  0.000000e+00  0.000000e+00  1.000000e+00
   outer loop
     vertex  1.364243e+02 -5.462426e+01  1.510000e+00
     vertex  1.363000e+02 -5.471962e+01  1.510000e+00
     vertex  1.364243e+02 -5.557574e+01  1.510000e+00
   endloop
 endfacet
 facet normal  0.000000e+00  0.000000e+00  1.000000e+00
   outer loop
     vertex  1.365196e+02 -5.450000e+01  1.510000e+00
     vertex  1.364243e+02 -5.557574e+01  1.510000e+00
     vertex  1.365196e+02 -5.570000e+01  1.510000e+00
   endloop
 endfacet
 facet normal  0.000000e+00  0.000000e+00  1.000000e+00
   outer loop
     vertex  1.365196e+02 -5.450000e+01  1.510000e+00
     vertex  1.364243e+02 -5.462426e+01  1.510000e+00
     vertex  1.364243e+02 -5.557574e+01  1.510000e+00
   endloop
 endfacet
 facet normal  0.000000e+00  0.000000e+00  1.000000e+00
   outer loop
     vertex  1.365796e+02 -5.435529e+01  1.510000e+00
     vertex  1.365196e+02 -5.570000e+01  1.510000e+00
     vertex  1.365796e+02 -5.584471e+01  1.510000e+00
   endloop
 endfacet
 facet normal  0.000000e+00  0.000000e+00  1.000000e+00
   outer loop
     vertex  1.365796e+02 -5.435529e+01  1.510000e+00
     vertex  1.365196e+02 -5.450000e+01  1.510000e+00
     vertex  1.365196e+02 -5.570000e+01  1.510000e+00
   endloop
 endfacet
 facet normal  0.000000e+00  0.000000e+00  1.000000e+00
   outer loop
     vertex  1.366000e+02 -5.420000e+01  1.510000e+00
     vertex  1.365796e+02 -5.584471e+01  1.510000e+00
     vertex  1.366000e+02 -5.600000e+01  1.510000e+00
   endloop
 endfacet
 facet normal  0.000000e+00  0.000000e+00  1.000000e+00
   outer loop
     vertex  1.366000e+02 -5.420000e+01  1.510000e+00
     vertex  1.365796e+02 -5.435529e+01  1.510000e+00
     vertex  1.365796e+02 -5.584471e+01  1.510000e+00
   endloop
 endfacet
 facet normal  0.000000e+00  0.000000e+00  1.000000e+00
   outer loop
     vertex  1.357000e+02 -5.291962e+01  1.510000e+00
     vertex  1.355757e+02 -5.377574e+01  1.510000e+00
     vertex  1.357000e+02 -5.368038e+01  1.510000e+00
   endloop
 endfacet
 facet normal  0.000000e+00  0.000000e+00  1.000000e+00
   outer loop
     vertex  1.357000e+02 -5.291962e+01  1.510000e+00
     vertex  1.355757e+02 -5.282426e+01  1.510000e+00
     vertex  1.355757e+02 -5.377574e+01  1.510000e+00
   endloop
 endfacet
 facet normal  0.000000e+00  0.000000e+00  1.000000e+00
   outer loop
     vertex  1.354804e+02 -5.270000e+01  1.510000e+00
     vertex  1.354804e+02 -5.390000e+01  1.510000e+00
     vertex  1.355757e+02 -5.377574e+01  1.510000e+00
   endloop
 endfacet
 facet normal  0.000000e+00  0.000000e+00  1.000000e+00
   outer loop
     vertex  1.354804e+02 -5.270000e+01  1.510000e+00
     vertex  1.355757e+02 -5.377574e+01  1.510000e+00
     vertex  1.355757e+02 -5.282426e+01  1.510000e+00
   endloop
 endfacet
 facet normal  0.000000e+00  0.000000e+00  1.000000e+00
   outer loop
     vertex  1.358447e+02 -5.297956e+01  1.510000e+00
     vertex  1.357000e+02 -5.291962e+01  1.510000e+00
     vertex  1.357000e+02 -5.368038e+01  1.510000e+00
   endloop
 endfacet
 facet normal  0.000000e+00  0.000000e+00  1.000000e+00
   outer loop
     vertex  1.358447e+02 -5.297956e+01  1.510000e+00
     vertex  1.357000e+02 -5.368038e+01  1.510000e+00
     vertex  1.358447e+02 -5.362044e+01  1.510000e+00
   endloop
 endfacet
 facet normal  0.000000e+00  0.000000e+00  1.000000e+00
   outer loop
     vertex  1.358447e+02 -5.297956e+01  1.510000e+00
     vertex  1.358447e+02 -5.362044e+01  1.510000e+00
     vertex  1.360000e+02 -5.360000e+01  1.510000e+00
   endloop
 endfacet
 facet normal  0.000000e+00  0.000000e+00  1.000000e+00
   outer loop
     vertex  1.354204e+02 -5.255529e+01  1.510000e+00
     vertex  1.354804e+02 -5.390000e+01  1.510000e+00
     vertex  1.354804e+02 -5.270000e+01  1.510000e+00
   endloop
 endfacet
 facet normal  0.000000e+00  0.000000e+00  1.000000e+00
   outer loop
     vertex  1.354204e+02 -5.255529e+01  1.510000e+00
     vertex  1.354000e+02 -5.420000e+01  1.510000e+00
     vertex  1.354204e+02 -5.404471e+01  1.510000e+00
   endloop
 endfacet
 facet normal  0.000000e+00  0.000000e+00  1.000000e+00
   outer loop
     vertex  1.354204e+02 -5.255529e+01  1.510000e+00
     vertex  1.354204e+02 -5.404471e+01  1.510000e+00
     vertex  1.354804e+02 -5.390000e+01  1.510000e+00
   endloop
 endfacet
 facet normal  0.000000e+00  0.000000e+00  1.000000e+00
   outer loop
     vertex  1.360000e+02 -5.300000e+01  1.510000e+00
     vertex  1.360000e+02 -5.360000e+01  1.510000e+00
     vertex  1.361553e+02 -5.362044e+01  1.510000e+00
   endloop
 endfacet
 facet normal  0.000000e+00  0.000000e+00  1.000000e+00
   outer loop
     vertex  1.360000e+02 -5.300000e+01  1.510000e+00
     vertex  1.358447e+02 -5.297956e+01  1.510000e+00
     vertex  1.360000e+02 -5.360000e+01  1.510000e+00
   endloop
 endfacet
 facet normal  0.000000e+00  0.000000e+00  1.000000e+00
   outer loop
     vertex  1.354000e+02 -5.240000e+01  1.510000e+00
     vertex  1.224141e+02 -6.095452e+01  1.510000e+00
     vertex  1.228000e+02 -6.111436e+01  1.510000e+00
   endloop
 endfacet
 facet normal  0.000000e+00  0.000000e+00  1.000000e+00
   outer loop
     vertex  1.354000e+02 -5.240000e+01  1.510000e+00
     vertex  1.354000e+02 -5.420000e+01  1.510000e+00
     vertex  1.354204e+02 -5.255529e+01  1.510000e+00
   endloop
 endfacet
 facet normal  0.000000e+00  0.000000e+00  1.000000e+00
   outer loop
     vertex  1.354000e+02 -5.240000e+01  1.510000e+00
     vertex  1.228000e+02 -6.111436e+01  1.510000e+00
     vertex  1.354000e+02 -5.420000e+01  1.510000e+00
   endloop
 endfacet
 facet normal  0.000000e+00  0.000000e+00  1.000000e+00
   outer loop
     vertex  1.361553e+02 -5.297956e+01  1.510000e+00
     vertex  1.360000e+02 -5.300000e+01  1.510000e+00
     vertex  1.361553e+02 -5.362044e+01  1.510000e+00
   endloop
 endfacet
 facet normal  0.000000e+00  0.000000e+00  1.000000e+00
   outer loop
     vertex  1.354204e+02 -5.224471e+01  1.510000e+00
     vertex  1.220000e+02 -6.090000e+01  1.510000e+00
     vertex  1.224141e+02 -6.095452e+01  1.510000e+00
   endloop
 endfacet
 facet normal  0.000000e+00  0.000000e+00  1.000000e+00
   outer loop
     vertex  1.354204e+02 -5.224471e+01  1.510000e+00
     vertex  1.224141e+02 -6.095452e+01  1.510000e+00
     vertex  1.354000e+02 -5.240000e+01  1.510000e+00
   endloop
 endfacet
 facet normal  0.000000e+00  0.000000e+00  1.000000e+00
   outer loop
     vertex  1.354804e+02 -5.210000e+01  1.510000e+00
     vertex  1.084243e+02 -5.197574e+01  1.510000e+00
     vertex  1.085196e+02 -5.210000e+01  1.510000e+00
   endloop
 endfacet
 facet normal  0.000000e+00  0.000000e+00  1.000000e+00
   outer loop
     vertex  1.354804e+02 -5.210000e+01  1.510000e+00
     vertex  1.220000e+02 -6.090000e+01  1.510000e+00
     vertex  1.354204e+02 -5.224471e+01  1.510000e+00
   endloop
 endfacet
 facet normal  0.000000e+00  0.000000e+00  1.000000e+00
   outer loop
     vertex  1.354804e+02 -5.210000e+01  1.510000e+00
     vertex  1.085196e+02 -5.210000e+01  1.510000e+00
     vertex  1.220000e+02 -6.090000e+01  1.510000e+00
   endloop
 endfacet
 facet normal  0.000000e+00  0.000000e+00  1.000000e+00
   outer loop
     vertex  1.363000e+02 -5.291962e+01  1.510000e+00
     vertex  1.361553e+02 -5.297956e+01  1.510000e+00
     vertex  1.361553e+02 -5.362044e+01  1.510000e+00
   endloop
 endfacet
 facet normal  0.000000e+00  0.000000e+00  1.000000e+00
   outer loop
     vertex  1.363000e+02 -5.291962e+01  1.510000e+00
     vertex  1.361553e+02 -5.362044e+01  1.510000e+00
     vertex  1.363000e+02 -5.368038e+01  1.510000e+00
   endloop
 endfacet
 facet normal  0.000000e+00  0.000000e+00  1.000000e+00
   outer loop
     vertex  1.364243e+02 -5.282426e+01  1.510000e+00
     vertex  1.363000e+02 -5.291962e+01  1.510000e+00
     vertex  1.363000e+02 -5.368038e+01  1.510000e+00
   endloop
 endfacet
 facet normal  0.000000e+00  0.000000e+00  1.000000e+00
   outer loop
     vertex  1.364243e+02 -5.282426e+01  1.510000e+00
     vertex  1.363000e+02 -5.368038e+01  1.510000e+00
     vertex  1.364243e+02 -5.377574e+01  1.510000e+00
   endloop
 endfacet
 facet normal  0.000000e+00  0.000000e+00  1.000000e+00
   outer loop
     vertex  1.355757e+02 -5.197574e+01  1.510000e+00
     vertex  1.084243e+02 -5.197574e+01  1.510000e+00
     vertex  1.354804e+02 -5.210000e+01  1.510000e+00
   endloop
 endfacet
 facet normal  0.000000e+00  0.000000e+00  1.000000e+00
   outer loop
     vertex  1.357000e+02 -5.188038e+01  1.510000e+00
     vertex  1.083000e+02 -5.188038e+01  1.510000e+00
     vertex  1.084243e+02 -5.197574e+01  1.510000e+00
   endloop
 endfacet
 facet normal  0.000000e+00  0.000000e+00  1.000000e+00
   outer loop
     vertex  1.357000e+02 -5.188038e+01  1.510000e+00
     vertex  1.084243e+02 -5.197574e+01  1.510000e+00
     vertex  1.355757e+02 -5.197574e+01  1.510000e+00
   endloop
 endfacet
 facet normal  0.000000e+00  0.000000e+00  1.000000e+00
   outer loop
     vertex  1.365196e+02 -5.270000e+01  1.510000e+00
     vertex  1.364243e+02 -5.282426e+01  1.510000e+00
     vertex  1.364243e+02 -5.377574e+01  1.510000e+00
   endloop
 endfacet
 facet normal  0.000000e+00  0.000000e+00  1.000000e+00
   outer loop
     vertex  1.365196e+02 -5.270000e+01  1.510000e+00
     vertex  1.364243e+02 -5.377574e+01  1.510000e+00
     vertex  1.365196e+02 -5.390000e+01  1.510000e+00
   endloop
 endfacet
 facet normal  0.000000e+00  0.000000e+00  1.000000e+00
   outer loop
     vertex  1.365196e+02 -5.270000e+01  1.510000e+00
     vertex  1.365196e+02 -5.390000e+01  1.510000e+00
     vertex  1.365796e+02 -5.404471e+01  1.510000e+00
   endloop
 endfacet
 facet normal  0.000000e+00  0.000000e+00  1.000000e+00
   outer loop
     vertex  1.365796e+02 -5.255529e+01  1.510000e+00
     vertex  1.365196e+02 -5.270000e+01  1.510000e+00
     vertex  1.365796e+02 -5.404471e+01  1.510000e+00
   endloop
 endfacet
 facet normal  0.000000e+00  0.000000e+00  1.000000e+00
   outer loop
     vertex  1.358447e+02 -5.182044e+01  1.510000e+00
     vertex  1.081553e+02 -5.182044e+01  1.510000e+00
     vertex  1.083000e+02 -5.188038e+01  1.510000e+00
   endloop
 endfacet
 facet normal  0.000000e+00  0.000000e+00  1.000000e+00
   outer loop
     vertex  1.358447e+02 -5.182044e+01  1.510000e+00
     vertex  1.083000e+02 -5.188038e+01  1.510000e+00
     vertex  1.357000e+02 -5.188038e+01  1.510000e+00
   endloop
 endfacet
 facet normal  0.000000e+00  0.000000e+00  1.000000e+00
   outer loop
     vertex  1.366000e+02 -5.240000e+01  1.510000e+00
     vertex  1.365796e+02 -5.255529e+01  1.510000e+00
     vertex  1.365796e+02 -5.404471e+01  1.510000e+00
   endloop
 endfacet
 facet normal  0.000000e+00  0.000000e+00  1.000000e+00
   outer loop
     vertex  1.366000e+02 -5.240000e+01  1.510000e+00
     vertex  1.365796e+02 -5.404471e+01  1.510000e+00
     vertex  1.366000e+02 -5.420000e+01  1.510000e+00
   endloop
 endfacet
 facet normal  0.000000e+00  0.000000e+00  1.000000e+00
   outer loop
     vertex  1.488686e+02 -6.363137e+01  1.510000e+00
     vertex  1.366000e+02 -6.890000e+01  1.510000e+00
     vertex  1.366000e+02 -7.070000e+01  1.510000e+00
   endloop
 endfacet
 facet normal  0.000000e+00  0.000000e+00  1.000000e+00
   outer loop
     vertex  1.488686e+02 -6.363137e+01  1.510000e+00
     vertex  1.365796e+02 -6.874471e+01  1.510000e+00
     vertex  1.366000e+02 -6.890000e+01  1.510000e+00
   endloop
 endfacet
 facet normal  0.000000e+00  0.000000e+00  1.000000e+00
   outer loop
     vertex  1.492000e+02 -6.388564e+01  1.510000e+00
     vertex  1.366000e+02 -7.070000e+01  1.510000e+00
     vertex  1.366000e+02 -7.250000e+01  1.510000e+00
   endloop
 endfacet
 facet normal  0.000000e+00  0.000000e+00  1.000000e+00
   outer loop
     vertex  1.492000e+02 -6.388564e+01  1.510000e+00
     vertex  1.488686e+02 -6.363137e+01  1.510000e+00
     vertex  1.366000e+02 -7.070000e+01  1.510000e+00
   endloop
 endfacet
 facet normal  0.000000e+00  0.000000e+00  1.000000e+00
   outer loop
     vertex  1.486144e+02 -6.330000e+01  1.510000e+00
     vertex  1.365796e+02 -6.874471e+01  1.510000e+00
     vertex  1.488686e+02 -6.363137e+01  1.510000e+00
   endloop
 endfacet
 facet normal  0.000000e+00  0.000000e+00  1.000000e+00
   outer loop
     vertex  1.486144e+02 -6.330000e+01  1.510000e+00
     vertex  1.365196e+02 -6.860000e+01  1.510000e+00
     vertex  1.365796e+02 -6.874471e+01  1.510000e+00
   endloop
 endfacet
 facet normal  0.000000e+00  0.000000e+00  1.000000e+00
   outer loop
     vertex  1.495859e+02 -6.404548e+01  1.510000e+00
     vertex  1.492000e+02 -6.388564e+01  1.510000e+00
     vertex  1.366000e+02 -7.250000e+01  1.510000e+00
   endloop
 endfacet
 facet normal  0.000000e+00  0.000000e+00  1.000000e+00
   outer loop
     vertex  1.495859e+02 -6.404548e+01  1.510000e+00
     vertex  1.366000e+02 -7.250000e+01  1.510000e+00
     vertex  1.365796e+02 -7.265529e+01  1.510000e+00
   endloop
 endfacet
 facet normal  0.000000e+00  0.000000e+00  1.000000e+00
   outer loop
     vertex  1.484545e+02 -6.291411e+01  1.510000e+00
     vertex  1.364243e+02 -6.847574e+01  1.510000e+00
     vertex  1.365196e+02 -6.860000e+01  1.510000e+00
   endloop
 endfacet
 facet normal  0.000000e+00  0.000000e+00  1.000000e+00
   outer loop
     vertex  1.484545e+02 -6.291411e+01  1.510000e+00
     vertex  1.365196e+02 -6.860000e+01  1.510000e+00
     vertex  1.486144e+02 -6.330000e+01  1.510000e+00
   endloop
 endfacet
 facet normal  0.000000e+00  0.000000e+00  1.000000e+00
   outer loop
     vertex  1.500000e+02 -6.410000e+01  1.510000e+00
     vertex  1.495859e+02 -6.404548e+01  1.510000e+00
     vertex  1.365796e+02 -7.265529e+01  1.510000e+00
   endloop
 endfacet
 facet normal  0.000000e+00  0.000000e+00  1.000000e+00
   outer loop
     vertex  1.500000e+02 -6.410000e+01  1.510000e+00
     vertex  1.365796e+02 -7.265529e+01  1.510000e+00
     vertex  1.365196e+02 -7.280000e+01  1.510000e+00
   endloop
 endfacet
 facet normal  0.000000e+00  0.000000e+00  1.000000e+00
   outer loop
     vertex  1.484000e+02 -6.250000e+01  1.510000e+00
     vertex  1.364243e+02 -6.847574e+01  1.510000e+00
     vertex  1.484545e+02 -6.291411e+01  1.510000e+00
   endloop
 endfacet
 facet normal  0.000000e+00  0.000000e+00  1.000000e+00
   outer loop
     vertex  1.484000e+02 -6.250000e+01  1.510000e+00
     vertex  1.363000e+02 -6.838038e+01  1.510000e+00
     vertex  1.364243e+02 -6.847574e+01  1.510000e+00
   endloop
 endfacet
 facet normal  0.000000e+00  0.000000e+00  1.000000e+00
   outer loop
     vertex  1.484000e+02 -6.250000e+01  1.510000e+00
     vertex  1.363000e+02 -5.651962e+01  1.510000e+00
     vertex  1.363000e+02 -6.838038e+01  1.510000e+00
   endloop
 endfacet
 facet normal  0.000000e+00  0.000000e+00  1.000000e+00
   outer loop
     vertex  1.484000e+02 -6.250000e+01  1.510000e+00
     vertex  1.364243e+02 -5.642426e+01  1.510000e+00
     vertex  1.363000e+02 -5.651962e+01  1.510000e+00
   endloop
 endfacet
 facet normal  0.000000e+00  0.000000e+00  1.000000e+00
   outer loop
     vertex  1.484545e+02 -6.208589e+01  1.510000e+00
     vertex  1.364243e+02 -5.642426e+01  1.510000e+00
     vertex  1.484000e+02 -6.250000e+01  1.510000e+00
   endloop
 endfacet
 facet normal  0.000000e+00  0.000000e+00  1.000000e+00
   outer loop
     vertex  1.484545e+02 -6.208589e+01  1.510000e+00
     vertex  1.365196e+02 -5.630000e+01  1.510000e+00
     vertex  1.364243e+02 -5.642426e+01  1.510000e+00
   endloop
 endfacet
 facet normal  0.000000e+00  0.000000e+00  1.000000e+00
   outer loop
     vertex  1.486144e+02 -6.170000e+01  1.510000e+00
     vertex  1.365196e+02 -5.630000e+01  1.510000e+00
     vertex  1.484545e+02 -6.208589e+01  1.510000e+00
   endloop
 endfacet
 facet normal  0.000000e+00  0.000000e+00  1.000000e+00
   outer loop
     vertex  1.486144e+02 -6.170000e+01  1.510000e+00
     vertex  1.365796e+02 -5.615529e+01  1.510000e+00
     vertex  1.365196e+02 -5.630000e+01  1.510000e+00
   endloop
 endfacet
 facet normal  0.000000e+00  0.000000e+00  1.000000e+00
   outer loop
     vertex  1.488686e+02 -6.136863e+01  1.510000e+00
     vertex  1.366000e+02 -5.420000e+01  1.510000e+00
     vertex  1.366000e+02 -5.600000e+01  1.510000e+00
   endloop
 endfacet
 facet normal  0.000000e+00  0.000000e+00  1.000000e+00
   outer loop
     vertex  1.488686e+02 -6.136863e+01  1.510000e+00
     vertex  1.366000e+02 -5.600000e+01  1.510000e+00
     vertex  1.365796e+02 -5.615529e+01  1.510000e+00
   endloop
 endfacet
 facet normal  0.000000e+00  0.000000e+00  1.000000e+00
   outer loop
     vertex  1.488686e+02 -6.136863e+01  1.510000e+00
     vertex  1.365796e+02 -5.615529e+01  1.510000e+00
     vertex  1.486144e+02 -6.170000e+01  1.510000e+00
   endloop
 endfacet
 facet normal  0.000000e+00  0.000000e+00  1.000000e+00
   outer loop
     vertex  1.492000e+02 -6.111436e+01  1.510000e+00
     vertex  1.366000e+02 -5.240000e+01  1.510000e+00
     vertex  1.366000e+02 -5.420000e+01  1.510000e+00
   endloop
 endfacet
 facet normal  0.000000e+00  0.000000e+00  1.000000e+00
   outer loop
     vertex  1.492000e+02 -6.111436e+01  1.510000e+00
     vertex  1.366000e+02 -5.420000e+01  1.510000e+00
     vertex  1.488686e+02 -6.136863e+01  1.510000e+00
   endloop
 endfacet
 facet normal  0.000000e+00  0.000000e+00  1.000000e+00
   outer loop
     vertex  1.495859e+02 -6.095452e+01  1.510000e+00
     vertex  1.366000e+02 -5.240000e+01  1.510000e+00
     vertex  1.492000e+02 -6.111436e+01  1.510000e+00
   endloop
 endfacet
 facet normal  0.000000e+00  0.000000e+00  1.000000e+00
   outer loop
     vertex  1.495859e+02 -6.095452e+01  1.510000e+00
     vertex  1.365796e+02 -5.224471e+01  1.510000e+00
     vertex  1.366000e+02 -5.240000e+01  1.510000e+00
   endloop
 endfacet
 facet normal  0.000000e+00  0.000000e+00  1.000000e+00
   outer loop
     vertex  1.500000e+02 -6.090000e+01  1.510000e+00
     vertex  1.365796e+02 -5.224471e+01  1.510000e+00
     vertex  1.495859e+02 -6.095452e+01  1.510000e+00
   endloop
 endfacet
 facet normal  0.000000e+00  0.000000e+00  1.000000e+00
   outer loop
     vertex  1.500000e+02 -6.090000e+01  1.510000e+00
     vertex  1.365196e+02 -5.210000e+01  1.510000e+00
     vertex  1.365796e+02 -5.224471e+01  1.510000e+00
   endloop
 endfacet
 facet normal  0.000000e+00  0.000000e+00  1.000000e+00
   outer loop
     vertex  1.635757e+02 -7.292426e+01  1.510000e+00
     vertex  1.364243e+02 -7.292426e+01  1.510000e+00
     vertex  1.363000e+02 -7.301962e+01  1.510000e+00
   endloop
 endfacet
 facet normal  0.000000e+00  0.000000e+00  1.000000e+00
   outer loop
     vertex  1.637000e+02 -7.301962e+01  1.510000e+00
     vertex  1.635757e+02 -7.292426e+01  1.510000e+00
     vertex  1.363000e+02 -7.301962e+01  1.510000e+00
   endloop
 endfacet
 facet normal  0.000000e+00  0.000000e+00  1.000000e+00
   outer loop
     vertex  1.634804e+02 -7.280000e+01  1.510000e+00
     vertex  1.364243e+02 -7.292426e+01  1.510000e+00
     vertex  1.635757e+02 -7.292426e+01  1.510000e+00
   endloop
 endfacet
 facet normal  0.000000e+00  0.000000e+00  1.000000e+00
   outer loop
     vertex  1.634804e+02 -7.280000e+01  1.510000e+00
     vertex  1.500000e+02 -6.410000e+01  1.510000e+00
     vertex  1.365196e+02 -7.280000e+01  1.510000e+00
   endloop
 endfacet
 facet normal  0.000000e+00  0.000000e+00  1.000000e+00
   outer loop
     vertex  1.634804e+02 -7.280000e+01  1.510000e+00
     vertex  1.365196e+02 -7.280000e+01  1.510000e+00
     vertex  1.364243e+02 -7.292426e+01  1.510000e+00
   endloop
 endfacet
 facet normal  0.000000e+00  0.000000e+00  1.000000e+00
   outer loop
     vertex  1.638447e+02 -7.307956e+01  1.510000e+00
     vertex  1.637000e+02 -7.301962e+01  1.510000e+00
     vertex  1.363000e+02 -7.301962e+01  1.510000e+00
   endloop
 endfacet
 facet normal  0.000000e+00  0.000000e+00  1.000000e+00
   outer loop
     vertex  1.638447e+02 -7.307956e+01  1.510000e+00
     vertex  1.363000e+02 -7.301962e+01  1.510000e+00
     vertex  1.361553e+02 -7.307956e+01  1.510000e+00
   endloop
 endfacet
 facet normal  0.000000e+00  0.000000e+00  1.000000e+00
   outer loop
     vertex  1.638447e+02 -7.307956e+01  1.510000e+00
     vertex  1.361553e+02 -7.307956e+01  1.510000e+00
     vertex  1.360000e+02 -7.310000e+01  1.510000e+00
   endloop
 endfacet
 facet normal  0.000000e+00  0.000000e+00  1.000000e+00
   outer loop
     vertex  1.634204e+02 -7.265529e+01  1.510000e+00
     vertex  1.500000e+02 -6.410000e+01  1.510000e+00
     vertex  1.634804e+02 -7.280000e+01  1.510000e+00
   endloop
 endfacet
 facet normal  0.000000e+00  0.000000e+00  1.000000e+00
   outer loop
     vertex  1.634204e+02 -7.265529e+01  1.510000e+00
     vertex  1.504141e+02 -6.404548e+01  1.510000e+00
     vertex  1.500000e+02 -6.410000e+01  1.510000e+00
   endloop
 endfacet
 facet normal  0.000000e+00  0.000000e+00  1.000000e+00
   outer loop
     vertex  1.640000e+02 -7.310000e+01  1.510000e+00
     vertex  1.638447e+02 -7.307956e+01  1.510000e+00
     vertex  1.360000e+02 -7.310000e+01  1.510000e+00
   endloop
 endfacet
 facet normal  0.000000e+00  0.000000e+00  1.000000e+00
   outer loop
     vertex  1.634000e+02 -7.250000e+01  1.510000e+00
     vertex  1.504141e+02 -6.404548e+01  1.510000e+00
     vertex  1.634204e+02 -7.265529e+01  1.510000e+00
   endloop
 endfacet
 facet normal  0.000000e+00  0.000000e+00  1.000000e+00
   outer loop
     vertex  1.634000e+02 -7.250000e+01  1.510000e+00
     vertex  1.508000e+02 -6.388564e+01  1.510000e+00
     vertex  1.504141e+02 -6.404548e+01  1.510000e+00
   endloop
 endfacet
 facet normal  0.000000e+00  0.000000e+00  1.000000e+00
   outer loop
     vertex  1.635757e+02 -7.112426e+01  1.510000e+00
     vertex  1.634804e+02 -7.220000e+01  1.510000e+00
     vertex  1.635757e+02 -7.207574e+01  1.510000e+00
   endloop
 endfacet
 facet normal  0.000000e+00  0.000000e+00  1.000000e+00
   outer loop
     vertex  1.637000e+02 -7.121962e+01  1.510000e+00
     vertex  1.635757e+02 -7.112426e+01  1.510000e+00
     vertex  1.635757e+02 -7.207574e+01  1.510000e+00
   endloop
 endfacet
 facet normal  0.000000e+00  0.000000e+00  1.000000e+00
   outer loop
     vertex  1.637000e+02 -7.121962e+01  1.510000e+00
     vertex  1.635757e+02 -7.207574e+01  1.510000e+00
     vertex  1.637000e+02 -7.198038e+01  1.510000e+00
   endloop
 endfacet
 facet normal  0.000000e+00  0.000000e+00  1.000000e+00
   outer loop
     vertex  1.634804e+02 -7.100000e+01  1.510000e+00
     vertex  1.634204e+02 -7.234471e+01  1.510000e+00
     vertex  1.634804e+02 -7.220000e+01  1.510000e+00
   endloop
 endfacet
 facet normal  0.000000e+00  0.000000e+00  1.000000e+00
   outer loop
     vertex  1.634804e+02 -7.100000e+01  1.510000e+00
     vertex  1.634804e+02 -7.220000e+01  1.510000e+00
     vertex  1.635757e+02 -7.112426e+01  1.510000e+00
   endloop
 endfacet
 facet normal  0.000000e+00  0.000000e+00  1.000000e+00
   outer loop
     vertex  1.638447e+02 -7.127956e+01  1.510000e+00
     vertex  1.637000e+02 -7.121962e+01  1.510000e+00
     vertex  1.637000e+02 -7.198038e+01  1.510000e+00
   endloop
 endfacet
 facet normal  0.000000e+00  0.000000e+00  1.000000e+00
   outer loop
     vertex  1.638447e+02 -7.127956e+01  1.510000e+00
     vertex  1.637000e+02 -7.198038e+01  1.510000e+00
     vertex  1.638447e+02 -7.192044e+01  1.510000e+00
   endloop
 endfacet
 facet normal  0.000000e+00  0.000000e+00  1.000000e+00
   outer loop
     vertex  1.634204e+02 -7.085529e+01  1.510000e+00
     vertex  1.634204e+02 -7.234471e+01  1.510000e+00
     vertex  1.634804e+02 -7.100000e+01  1.510000e+00
   endloop
 endfacet
 facet normal  0.000000e+00  0.000000e+00  1.000000e+00
   outer loop
     vertex  1.640000e+02 -7.130000e+01  1.510000e+00
     vertex  1.638447e+02 -7.127956e+01  1.510000e+00
     vertex  1.638447e+02 -7.192044e+01  1.510000e+00
   endloop
 endfacet
 facet normal  0.000000e+00  0.000000e+00  1.000000e+00
   outer loop
     vertex  1.640000e+02 -7.130000e+01  1.510000e+00
     vertex  1.638447e+02 -7.192044e+01  1.510000e+00
     vertex  1.640000e+02 -7.190000e+01  1.510000e+00
   endloop
 endfacet
 facet normal  0.000000e+00  0.000000e+00  1.000000e+00
   outer loop
     vertex  1.634000e+02 -7.070000e+01  1.510000e+00
     vertex  1.508000e+02 -6.388564e+01  1.510000e+00
     vertex  1.634000e+02 -7.250000e+01  1.510000e+00
   endloop
 endfacet
 facet normal  0.000000e+00  0.000000e+00  1.000000e+00
   outer loop
     vertex  1.634000e+02 -7.070000e+01  1.510000e+00
     vertex  1.511314e+02 -6.363137e+01  1.510000e+00
     vertex  1.508000e+02 -6.388564e+01  1.510000e+00
   endloop
 endfacet
 facet normal  0.000000e+00  0.000000e+00  1.000000e+00
   outer loop
     vertex  1.634000e+02 -7.070000e+01  1.510000e+00
     vertex  1.634204e+02 -7.234471e+01  1.510000e+00
     vertex  1.634204e+02 -7.085529e+01  1.510000e+00
   endloop
 endfacet
 facet normal  0.000000e+00  0.000000e+00  1.000000e+00
   outer loop
     vertex  1.634000e+02 -7.070000e+01  1.510000e+00
     vertex  1.634000e+02 -7.250000e+01  1.510000e+00
     vertex  1.634204e+02 -7.234471e+01  1.510000e+00
   endloop
 endfacet
 facet normal  0.000000e+00  0.000000e+00  1.000000e+00
   outer loop
     vertex  1.641553e+02 -7.127956e+01  1.510000e+00
     vertex  1.640000e+02 -7.130000e+01  1.510000e+00
     vertex  1.640000e+02 -7.190000e+01  1.510000e+00
   endloop
 endfacet
 facet normal  0.000000e+00  0.000000e+00  1.000000e+00
   outer loop
     vertex  1.641553e+02 -7.127956e+01  1.510000e+00
     vertex  1.640000e+02 -7.190000e+01  1.510000e+00
     vertex  1.641553e+02 -7.192044e+01  1.510000e+00
   endloop
 endfacet
 facet normal  0.000000e+00  0.000000e+00  1.000000e+00
   outer loop
     vertex  1.643000e+02 -7.121962e+01  1.510000e+00
     vertex  1.641553e+02 -7.127956e+01  1.510000e+00
     vertex  1.641553e+02 -7.192044e+01  1.510000e+00
   endloop
 endfacet
 facet normal  0.000000e+00  0.000000e+00  1.000000e+00
   outer loop
     vertex  1.643000e+02 -7.121962e+01  1.510000e+00
     vertex  1.641553e+02 -7.192044e+01  1.510000e+00
     vertex  1.643000e+02 -7.198038e+01  1.510000e+00
   endloop
 endfacet
 facet normal  0.000000e+00  0.000000e+00  1.000000e+00
   outer loop
     vertex  1.643000e+02 -7.121962e+01  1.510000e+00
     vertex  1.643000e+02 -7.198038e+01  1.510000e+00
     vertex  1.644243e+02 -7.207574e+01  1.510000e+00
   endloop
 endfacet
 facet normal  0.000000e+00  0.000000e+00  1.000000e+00
   outer loop
     vertex  1.644243e+02 -7.112426e+01  1.510000e+00
     vertex  1.643000e+02 -7.121962e+01  1.510000e+00
     vertex  1.644243e+02 -7.207574e+01  1.510000e+00
   endloop
 endfacet
 facet normal  0.000000e+00  0.000000e+00  1.000000e+00
   outer loop
     vertex  1.645196e+02 -7.100000e+01  1.510000e+00
     vertex  1.644243e+02 -7.207574e+01  1.510000e+00
     vertex  1.645196e+02 -7.220000e+01  1.510000e+00
   endloop
 endfacet
 facet normal  0.000000e+00  0.000000e+00  1.000000e+00
   outer loop
     vertex  1.645196e+02 -7.100000e+01  1.510000e+00
     vertex  1.645196e+02 -7.220000e+01  1.510000e+00
     vertex  1.645796e+02 -7.234471e+01  1.510000e+00
   endloop
 endfacet
 facet normal  0.000000e+00  0.000000e+00  1.000000e+00
   outer loop
     vertex  1.645196e+02 -7.100000e+01  1.510000e+00
     vertex  1.644243e+02 -7.112426e+01  1.510000e+00
     vertex  1.644243e+02 -7.207574e+01  1.510000e+00
   endloop
 endfacet
 facet normal  0.000000e+00  0.000000e+00  1.000000e+00
   outer loop
     vertex  1.645796e+02 -7.085529e+01  1.510000e+00
     vertex  1.645196e+02 -7.100000e+01  1.510000e+00
     vertex  1.645796e+02 -7.234471e+01  1.510000e+00
   endloop
 endfacet
 facet normal  0.000000e+00  0.000000e+00  1.000000e+00
   outer loop
     vertex  1.646000e+02 -7.070000e+01  1.510000e+00
     vertex  1.645796e+02 -7.085529e+01  1.510000e+00
     vertex  1.645796e+02 -7.234471e+01  1.510000e+00
   endloop
 endfacet
 facet normal  0.000000e+00  0.000000e+00  1.000000e+00
   outer loop
     vertex  1.646000e+02 -7.070000e+01  1.510000e+00
     vertex  1.645796e+02 -7.234471e+01  1.510000e+00
     vertex  1.646000e+02 -7.250000e+01  1.510000e+00
   endloop
 endfacet
 facet normal  0.000000e+00  0.000000e+00  1.000000e+00
   outer loop
     vertex  1.637000e+02 -6.941962e+01  1.510000e+00
     vertex  1.635757e+02 -7.027574e+01  1.510000e+00
     vertex  1.637000e+02 -7.018038e+01  1.510000e+00
   endloop
 endfacet
 facet normal  0.000000e+00  0.000000e+00  1.000000e+00
   outer loop
     vertex  1.637000e+02 -6.941962e+01  1.510000e+00
     vertex  1.635757e+02 -6.932426e+01  1.510000e+00
     vertex  1.635757e+02 -7.027574e+01  1.510000e+00
   endloop
 endfacet
 facet normal  0.000000e+00  0.000000e+00  1.000000e+00
   outer loop
     vertex  1.634804e+02 -6.920000e+01  1.510000e+00
     vertex  1.634804e+02 -7.040000e+01  1.510000e+00
     vertex  1.635757e+02 -7.027574e+01  1.510000e+00
   endloop
 endfacet
 facet normal  0.000000e+00  0.000000e+00  1.000000e+00
   outer loop
     vertex  1.634804e+02 -6.920000e+01  1.510000e+00
     vertex  1.635757e+02 -7.027574e+01  1.510000e+00
     vertex  1.635757e+02 -6.932426e+01  1.510000e+00
   endloop
 endfacet
 facet normal  0.000000e+00  0.000000e+00  1.000000e+00
   outer loop
     vertex  1.638447e+02 -6.947956e+01  1.510000e+00
     vertex  1.637000e+02 -7.018038e+01  1.510000e+00
     vertex  1.638447e+02 -7.012044e+01  1.510000e+00
   endloop
 endfacet
 facet normal  0.000000e+00  0.000000e+00  1.000000e+00
   outer loop
     vertex  1.638447e+02 -6.947956e+01  1.510000e+00
     vertex  1.637000e+02 -6.941962e+01  1.510000e+00
     vertex  1.637000e+02 -7.018038e+01  1.510000e+00
   endloop
 endfacet
 facet normal  0.000000e+00  0.000000e+00  1.000000e+00
   outer loop
     vertex  1.634204e+02 -6.905529e+01  1.510000e+00
     vertex  1.634000e+02 -7.070000e+01  1.510000e+00
     vertex  1.634204e+02 -7.054471e+01  1.510000e+00
   endloop
 endfacet
 facet normal  0.000000e+00  0.000000e+00  1.000000e+00
   outer loop
     vertex  1.634204e+02 -6.905529e+01  1.510000e+00
     vertex  1.634204e+02 -7.054471e+01  1.510000e+00
     vertex  1.634804e+02 -7.040000e+01  1.510000e+00
   endloop
 endfacet
 facet normal  0.000000e+00  0.000000e+00  1.000000e+00
   outer loop
     vertex  1.634204e+02 -6.905529e+01  1.510000e+00
     vertex  1.634804e+02 -7.040000e+01  1.510000e+00
     vertex  1.634804e+02 -6.920000e+01  1.510000e+00
   endloop
 endfacet
 facet normal  0.000000e+00  0.000000e+00  1.000000e+00
   outer loop
     vertex  1.640000e+02 -6.950000e+01  1.510000e+00
     vertex  1.638447e+02 -7.012044e+01  1.510000e+00
     vertex  1.640000e+02 -7.010000e+01  1.510000e+00
   endloop
 endfacet
 facet normal  0.000000e+00  0.000000e+00  1.000000e+00
   outer loop
     vertex  1.640000e+02 -6.950000e+01  1.510000e+00
     vertex  1.638447e+02 -6.947956e+01  1.510000e+00
     vertex  1.638447e+02 -7.012044e+01  1.510000e+00
   endloop
 endfacet
 facet normal  0.000000e+00  0.000000e+00  1.000000e+00
   outer loop
     vertex  1.634000e+02 -6.890000e+01  1.510000e+00
     vertex  1.511314e+02 -6.363137e+01  1.510000e+00
     vertex  1.634000e+02 -7.070000e+01  1.510000e+00
   endloop
 endfacet
 facet normal  0.000000e+00  0.000000e+00  1.000000e+00
   outer loop
     vertex  1.634000e+02 -6.890000e+01  1.510000e+00
     vertex  1.634000e+02 -7.070000e+01  1.510000e+00
     vertex  1.634204e+02 -6.905529e+01  1.510000e+00
   endloop
 endfacet
 facet normal  0.000000e+00  0.000000e+00  1.000000e+00
   outer loop
     vertex  1.634204e+02 -6.874471e+01  1.510000e+00
     vertex  1.511314e+02 -6.363137e+01  1.510000e+00
     vertex  1.634000e+02 -6.890000e+01  1.510000e+00
   endloop
 endfacet
 facet normal  0.000000e+00  0.000000e+00  1.000000e+00
   outer loop
     vertex  1.634204e+02 -6.874471e+01  1.510000e+00
     vertex  1.513856e+02 -6.330000e+01  1.510000e+00
     vertex  1.511314e+02 -6.363137e+01  1.510000e+00
   endloop
 endfacet
 facet normal  0.000000e+00  0.000000e+00  1.000000e+00
   outer loop
     vertex  1.641553e+02 -6.947956e+01  1.510000e+00
     vertex  1.640000e+02 -7.010000e+01  1.510000e+00
     vertex  1.641553e+02 -7.012044e+01  1.510000e+00
   endloop
 endfacet
 facet normal  0.000000e+00  0.000000e+00  1.000000e+00
   outer loop
     vertex  1.641553e+02 -6.947956e+01  1.510000e+00
     vertex  1.641553e+02 -7.012044e+01  1.510000e+00
     vertex  1.643000e+02 -7.018038e+01  1.510000e+00
   endloop
 endfacet
 facet normal  0.000000e+00  0.000000e+00  1.000000e+00
   outer loop
     vertex  1.641553e+02 -6.947956e+01  1.510000e+00
     vertex  1.640000e+02 -6.950000e+01  1.510000e+00
     vertex  1.640000e+02 -7.010000e+01  1.510000e+00
   endloop
 endfacet
 facet normal  0.000000e+00  0.000000e+00  1.000000e+00
   outer loop
     vertex  1.634804e+02 -6.860000e+01  1.510000e+00
     vertex  1.513856e+02 -6.330000e+01  1.510000e+00
     vertex  1.634204e+02 -6.874471e+01  1.510000e+00
   endloop
 endfacet
 facet normal  0.000000e+00  0.000000e+00  1.000000e+00
   outer loop
     vertex  1.634804e+02 -6.860000e+01  1.510000e+00
     vertex  1.515455e+02 -6.291411e+01  1.510000e+00
     vertex  1.513856e+02 -6.330000e+01  1.510000e+00
   endloop
 endfacet
 facet normal  0.000000e+00  0.000000e+00  1.000000e+00
   outer loop
     vertex  1.643000e+02 -6.941962e+01  1.510000e+00
     vertex  1.641553e+02 -6.947956e+01  1.510000e+00
     vertex  1.643000e+02 -7.018038e+01  1.510000e+00
   endloop
 endfacet
 facet normal  0.000000e+00  0.000000e+00  1.000000e+00
   outer loop
     vertex  1.644243e+02 -6.932426e+01  1.510000e+00
     vertex  1.643000e+02 -7.018038e+01  1.510000e+00
     vertex  1.644243e+02 -7.027574e+01  1.510000e+00
   endloop
 endfacet
 facet normal  0.000000e+00  0.000000e+00  1.000000e+00
   outer loop
     vertex  1.644243e+02 -6.932426e+01  1.510000e+00
     vertex  1.643000e+02 -6.941962e+01  1.510000e+00
     vertex  1.643000e+02 -7.018038e+01  1.510000e+00
   endloop
 endfacet
 facet normal  0.000000e+00  0.000000e+00  1.000000e+00
   outer loop
     vertex  1.635757e+02 -6.847574e+01  1.510000e+00
     vertex  1.516000e+02 -6.250000e+01  1.510000e+00
     vertex  1.515455e+02 -6.291411e+01  1.510000e+00
   endloop
 endfacet
 facet normal  0.000000e+00  0.000000e+00  1.000000e+00
   outer loop
     vertex  1.635757e+02 -6.847574e+01  1.510000e+00
     vertex  1.515455e+02 -6.291411e+01  1.510000e+00
     vertex  1.634804e+02 -6.860000e+01  1.510000e+00
   endloop
 endfacet
 facet normal  0.000000e+00  0.000000e+00  1.000000e+00
   outer loop
     vertex  1.637000e+02 -6.838038e+01  1.510000e+00
     vertex  1.516000e+02 -6.250000e+01  1.510000e+00
     vertex  1.635757e+02 -6.847574e+01  1.510000e+00
   endloop
 endfacet
 facet normal  0.000000e+00  0.000000e+00  1.000000e+00
   outer loop
     vertex  1.645196e+02 -6.920000e+01  1.510000e+00
     vertex  1.644243e+02 -7.027574e+01  1.510000e+00
     vertex  1.645196e+02 -7.040000e+01  1.510000e+00
   endloop
 endfacet
 facet normal  0.000000e+00  0.000000e+00  1.000000e+00
   outer loop
     vertex  1.645196e+02 -6.920000e+01  1.510000e+00
     vertex  1.644243e+02 -6.932426e+01  1.510000e+00
     vertex  1.644243e+02 -7.027574e+01  1.510000e+00
   endloop
 endfacet
 facet normal  0.000000e+00  0.000000e+00  1.000000e+00
   outer loop
     vertex  1.645796e+02 -6.905529e+01  1.510000e+00
     vertex  1.645196e+02 -7.040000e+01  1.510000e+00
     vertex  1.645796e+02 -7.054471e+01  1.510000e+00
   endloop
 endfacet
 facet normal  0.000000e+00  0.000000e+00  1.000000e+00
   outer loop
     vertex  1.645796e+02 -6.905529e+01  1.510000e+00
     vertex  1.645796e+02 -7.054471e+01  1.510000e+00
     vertex  1.646000e+02 -7.070000e+01  1.510000e+00
   endloop
 endfacet
 facet normal  0.000000e+00  0.000000e+00  1.000000e+00
   outer loop
     vertex  1.645796e+02 -6.905529e+01  1.510000e+00
     vertex  1.645196e+02 -6.920000e+01  1.510000e+00
     vertex  1.645196e+02 -7.040000e+01  1.510000e+00
   endloop
 endfacet
 facet normal  0.000000e+00  0.000000e+00  1.000000e+00
   outer loop
     vertex  1.646000e+02 -6.890000e+01  1.510000e+00
     vertex  1.645796e+02 -6.905529e+01  1.510000e+00
     vertex  1.646000e+02 -7.070000e+01  1.510000e+00
   endloop
 endfacet
 facet normal  0.000000e+00  0.000000e+00  1.000000e+00
   outer loop
     vertex  1.635757e+02 -5.642426e+01  1.510000e+00
     vertex  1.515455e+02 -6.208589e+01  1.510000e+00
     vertex  1.516000e+02 -6.250000e+01  1.510000e+00
   endloop
 endfacet
 facet normal  0.000000e+00  0.000000e+00  1.000000e+00
   outer loop
     vertex  1.634804e+02 -5.630000e+01  1.510000e+00
     vertex  1.513856e+02 -6.170000e+01  1.510000e+00
     vertex  1.515455e+02 -6.208589e+01  1.510000e+00
   endloop
 endfacet
 facet normal  0.000000e+00  0.000000e+00  1.000000e+00
   outer loop
     vertex  1.634804e+02 -5.630000e+01  1.510000e+00
     vertex  1.515455e+02 -6.208589e+01  1.510000e+00
     vertex  1.635757e+02 -5.642426e+01  1.510000e+00
   endloop
 endfacet
 facet normal  0.000000e+00  0.000000e+00  1.000000e+00
   outer loop
     vertex  1.637000e+02 -5.651962e+01  1.510000e+00
     vertex  1.637000e+02 -6.838038e+01  1.510000e+00
     vertex  1.638447e+02 -6.832044e+01  1.510000e+00
   endloop
 endfacet
 facet normal  0.000000e+00  0.000000e+00  1.000000e+00
   outer loop
     vertex  1.637000e+02 -5.651962e+01  1.510000e+00
     vertex  1.635757e+02 -5.642426e+01  1.510000e+00
     vertex  1.516000e+02 -6.250000e+01  1.510000e+00
   endloop
 endfacet
 facet normal  0.000000e+00  0.000000e+00  1.000000e+00
   outer loop
     vertex  1.637000e+02 -5.651962e+01  1.510000e+00
     vertex  1.516000e+02 -6.250000e+01  1.510000e+00
     vertex  1.637000e+02 -6.838038e+01  1.510000e+00
   endloop
 endfacet
 facet normal  0.000000e+00  0.000000e+00  1.000000e+00
   outer loop
     vertex  1.638447e+02 -5.657956e+01  1.510000e+00
     vertex  1.637000e+02 -5.651962e+01  1.510000e+00
     vertex  1.638447e+02 -6.832044e+01  1.510000e+00
   endloop
 endfacet
 facet normal  0.000000e+00  0.000000e+00  1.000000e+00
   outer loop
     vertex  1.634204e+02 -5.615529e+01  1.510000e+00
     vertex  1.511314e+02 -6.136863e+01  1.510000e+00
     vertex  1.513856e+02 -6.170000e+01  1.510000e+00
   endloop
 endfacet
 facet normal  0.000000e+00  0.000000e+00  1.000000e+00
   outer loop
     vertex  1.634204e+02 -5.615529e+01  1.510000e+00
     vertex  1.513856e+02 -6.170000e+01  1.510000e+00
     vertex  1.634804e+02 -5.630000e+01  1.510000e+00
   endloop
 endfacet
 facet normal  0.000000e+00  0.000000e+00  1.000000e+00
   outer loop
     vertex  1.640000e+02 -5.660000e+01  1.510000e+00
     vertex  1.638447e+02 -6.832044e+01  1.510000e+00
     vertex  1.640000e+02 -6.830000e+01  1.510000e+00
   endloop
 endfacet
 facet normal  0.000000e+00  0.000000e+00  1.000000e+00
   outer loop
     vertex  1.640000e+02 -5.660000e+01  1.510000e+00
     vertex  1.640000e+02 -6.830000e+01  1.510000e+00
     vertex  1.641553e+02 -6.832044e+01  1.510000e+00
   endloop
 endfacet
 facet normal  0.000000e+00  0.000000e+00  1.000000e+00
   outer loop
     vertex  1.640000e+02 -5.660000e+01  1.510000e+00
     vertex  1.638447e+02 -5.657956e+01  1.510000e+00
     vertex  1.638447e+02 -6.832044e+01  1.510000e+00
   endloop
 endfacet
 facet normal  0.000000e+00  0.000000e+00  1.000000e+00
   outer loop
     vertex  1.634000e+02 -5.600000e+01  1.510000e+00
     vertex  1.511314e+02 -6.136863e+01  1.510000e+00
     vertex  1.634204e+02 -5.615529e+01  1.510000e+00
   endloop
 endfacet
 facet normal  0.000000e+00  0.000000e+00  1.000000e+00
   outer loop
     vertex  1.641553e+02 -5.657956e+01  1.510000e+00
     vertex  1.640000e+02 -5.660000e+01  1.510000e+00
     vertex  1.641553e+02 -6.832044e+01  1.510000e+00
   endloop
 endfacet
 facet normal  0.000000e+00  0.000000e+00  1.000000e+00
   outer loop
     vertex  1.643000e+02 -5.651962e+01  1.510000e+00
     vertex  1.641553e+02 -6.832044e+01  1.510000e+00
     vertex  1.643000e+02 -6.838038e+01  1.510000e+00
   endloop
 endfacet
 facet normal  0.000000e+00  0.000000e+00  1.000000e+00
   outer loop
     vertex  1.643000e+02 -5.651962e+01  1.510000e+00
     vertex  1.641553e+02 -5.657956e+01  1.510000e+00
     vertex  1.641553e+02 -6.832044e+01  1.510000e+00
   endloop
 endfacet
 facet normal  0.000000e+00  0.000000e+00  1.000000e+00
   outer loop
     vertex  1.635757e+02 -5.462426e+01  1.510000e+00
     vertex  1.634804e+02 -5.570000e+01  1.510000e+00
     vertex  1.635757e+02 -5.557574e+01  1.510000e+00
   endloop
 endfacet
 facet normal  0.000000e+00  0.000000e+00  1.000000e+00
   outer loop
     vertex  1.634804e+02 -5.450000e+01  1.510000e+00
     vertex  1.634804e+02 -5.570000e+01  1.510000e+00
     vertex  1.635757e+02 -5.462426e+01  1.510000e+00
   endloop
 endfacet
 facet normal  0.000000e+00  0.000000e+00  1.000000e+00
   outer loop
     vertex  1.637000e+02 -5.471962e+01  1.510000e+00
     vertex  1.635757e+02 -5.557574e+01  1.510000e+00
     vertex  1.637000e+02 -5.548038e+01  1.510000e+00
   endloop
 endfacet
 facet normal  0.000000e+00  0.000000e+00  1.000000e+00
   outer loop
     vertex  1.637000e+02 -5.471962e+01  1.510000e+00
     vertex  1.635757e+02 -5.462426e+01  1.510000e+00
     vertex  1.635757e+02 -5.557574e+01  1.510000e+00
   endloop
 endfacet
 facet normal  0.000000e+00  0.000000e+00  1.000000e+00
   outer loop
     vertex  1.638447e+02 -5.477956e+01  1.510000e+00
     vertex  1.637000e+02 -5.548038e+01  1.510000e+00
     vertex  1.638447e+02 -5.542044e+01  1.510000e+00
   endloop
 endfacet
 facet normal  0.000000e+00  0.000000e+00  1.000000e+00
   outer loop
     vertex  1.638447e+02 -5.477956e+01  1.510000e+00
     vertex  1.637000e+02 -5.471962e+01  1.510000e+00
     vertex  1.637000e+02 -5.548038e+01  1.510000e+00
   endloop
 endfacet
 facet normal  0.000000e+00  0.000000e+00  1.000000e+00
   outer loop
     vertex  1.634204e+02 -5.435529e+01  1.510000e+00
     vertex  1.634000e+02 -5.600000e+01  1.510000e+00
     vertex  1.634204e+02 -5.584471e+01  1.510000e+00
   endloop
 endfacet
 facet normal  0.000000e+00  0.000000e+00  1.000000e+00
   outer loop
     vertex  1.634204e+02 -5.435529e+01  1.510000e+00
     vertex  1.634204e+02 -5.584471e+01  1.510000e+00
     vertex  1.634804e+02 -5.570000e+01  1.510000e+00
   endloop
 endfacet
 facet normal  0.000000e+00  0.000000e+00  1.000000e+00
   outer loop
     vertex  1.634204e+02 -5.435529e+01  1.510000e+00
     vertex  1.634804e+02 -5.570000e+01  1.510000e+00
     vertex  1.634804e+02 -5.450000e+01  1.510000e+00
   endloop
 endfacet
 facet normal  0.000000e+00  0.000000e+00  1.000000e+00
   outer loop
     vertex  1.640000e+02 -5.480000e+01  1.510000e+00
     vertex  1.638447e+02 -5.542044e+01  1.510000e+00
     vertex  1.640000e+02 -5.540000e+01  1.510000e+00
   endloop
 endfacet
 facet normal  0.000000e+00  0.000000e+00  1.000000e+00
   outer loop
     vertex  1.640000e+02 -5.480000e+01  1.510000e+00
     vertex  1.638447e+02 -5.477956e+01  1.510000e+00
     vertex  1.638447e+02 -5.542044e+01  1.510000e+00
   endloop
 endfacet
 facet normal  0.000000e+00  0.000000e+00  1.000000e+00
   outer loop
     vertex  1.634000e+02 -5.420000e+01  1.510000e+00
     vertex  1.634000e+02 -5.600000e+01  1.510000e+00
     vertex  1.634204e+02 -5.435529e+01  1.510000e+00
   endloop
 endfacet
 facet normal  0.000000e+00  0.000000e+00  1.000000e+00
   outer loop
     vertex  1.634000e+02 -5.420000e+01  1.510000e+00
     vertex  1.508000e+02 -6.111436e+01  1.510000e+00
     vertex  1.511314e+02 -6.136863e+01  1.510000e+00
   endloop
 endfacet
 facet normal  0.000000e+00  0.000000e+00  1.000000e+00
   outer loop
     vertex  1.634000e+02 -5.420000e+01  1.510000e+00
     vertex  1.511314e+02 -6.136863e+01  1.510000e+00
     vertex  1.634000e+02 -5.600000e+01  1.510000e+00
   endloop
 endfacet
 facet normal  0.000000e+00  0.000000e+00  1.000000e+00
   outer loop
     vertex  1.641553e+02 -5.477956e+01  1.510000e+00
     vertex  1.640000e+02 -5.540000e+01  1.510000e+00
     vertex  1.641553e+02 -5.542044e+01  1.510000e+00
   endloop
 endfacet
 facet normal  0.000000e+00  0.000000e+00  1.000000e+00
   outer loop
     vertex  1.641553e+02 -5.477956e+01  1.510000e+00
     vertex  1.641553e+02 -5.542044e+01  1.510000e+00
     vertex  1.643000e+02 -5.548038e+01  1.510000e+00
   endloop
 endfacet
 facet normal  0.000000e+00  0.000000e+00  1.000000e+00
   outer loop
     vertex  1.641553e+02 -5.477956e+01  1.510000e+00
     vertex  1.640000e+02 -5.480000e+01  1.510000e+00
     vertex  1.640000e+02 -5.540000e+01  1.510000e+00
   endloop
 endfacet
 facet normal  0.000000e+00  0.000000e+00  1.000000e+00
   outer loop
     vertex  1.643000e+02 -5.471962e+01  1.510000e+00
     vertex  1.641553e+02 -5.477956e+01  1.510000e+00
     vertex  1.643000e+02 -5.548038e+01  1.510000e+00
   endloop
 endfacet
 facet normal  0.000000e+00  0.000000e+00  1.000000e+00
   outer loop
     vertex  1.644243e+02 -5.462426e+01  1.510000e+00
     vertex  1.643000e+02 -5.548038e+01  1.510000e+00
     vertex  1.644243e+02 -5.557574e+01  1.510000e+00
   endloop
 endfacet
 facet normal  0.000000e+00  0.000000e+00  1.000000e+00
   outer loop
     vertex  1.644243e+02 -5.462426e+01  1.510000e+00
     vertex  1.644243e+02 -5.557574e+01  1.510000e+00
     vertex  1.645196e+02 -5.570000e+01  1.510000e+00
   endloop
 endfacet
 facet normal  0.000000e+00  0.000000e+00  1.000000e+00
   outer loop
     vertex  1.644243e+02 -5.462426e+01  1.510000e+00
     vertex  1.643000e+02 -5.471962e+01  1.510000e+00
     vertex  1.643000e+02 -5.548038e+01  1.510000e+00
   endloop
 endfacet
 facet normal  0.000000e+00  0.000000e+00  1.000000e+00
   outer loop
     vertex  1.645196e+02 -5.450000e+01  1.510000e+00
     vertex  1.644243e+02 -5.462426e+01  1.510000e+00
     vertex  1.645196e+02 -5.570000e+01  1.510000e+00
   endloop
 endfacet
 facet normal  0.000000e+00  0.000000e+00  1.000000e+00
   outer loop
     vertex  1.645796e+02 -5.435529e+01  1.510000e+00
     vertex  1.645196e+02 -5.570000e+01  1.510000e+00
     vertex  1.645796e+02 -5.584471e+01  1.510000e+00
   endloop
 endfacet
 facet normal  0.000000e+00  0.000000e+00  1.000000e+00
   outer loop
     vertex  1.645796e+02 -5.435529e+01  1.510000e+00
     vertex  1.645796e+02 -5.584471e+01  1.510000e+00
     vertex  1.646000e+02 -5.600000e+01  1.510000e+00
   endloop
 endfacet
 facet normal  0.000000e+00  0.000000e+00  1.000000e+00
   outer loop
     vertex  1.645796e+02 -5.435529e+01  1.510000e+00
     vertex  1.645196e+02 -5.450000e+01  1.510000e+00
     vertex  1.645196e+02 -5.570000e+01  1.510000e+00
   endloop
 endfacet
 facet normal  0.000000e+00  0.000000e+00  1.000000e+00
   outer loop
     vertex  1.646000e+02 -5.420000e+01  1.510000e+00
     vertex  1.645796e+02 -5.435529e+01  1.510000e+00
     vertex  1.646000e+02 -5.600000e+01  1.510000e+00
   endloop
 endfacet
 facet normal  0.000000e+00  0.000000e+00  1.000000e+00
   outer loop
     vertex  1.635757e+02 -5.282426e+01  1.510000e+00
     vertex  1.634804e+02 -5.390000e+01  1.510000e+00
     vertex  1.635757e+02 -5.377574e+01  1.510000e+00
   endloop
 endfacet
 facet normal  0.000000e+00  0.000000e+00  1.000000e+00
   outer loop
     vertex  1.635757e+02 -5.282426e+01  1.510000e+00
     vertex  1.635757e+02 -5.377574e+01  1.510000e+00
     vertex  1.637000e+02 -5.368038e+01  1.510000e+00
   endloop
 endfacet
 facet normal  0.000000e+00  0.000000e+00  1.000000e+00
   outer loop
     vertex  1.634804e+02 -5.270000e+01  1.510000e+00
     vertex  1.634804e+02 -5.390000e+01  1.510000e+00
     vertex  1.635757e+02 -5.282426e+01  1.510000e+00
   endloop
 endfacet
 facet normal  0.000000e+00  0.000000e+00  1.000000e+00
   outer loop
     vertex  1.637000e+02 -5.291962e+01  1.510000e+00
     vertex  1.637000e+02 -5.368038e+01  1.510000e+00
     vertex  1.638447e+02 -5.362044e+01  1.510000e+00
   endloop
 endfacet
 facet normal  0.000000e+00  0.000000e+00  1.000000e+00
   outer loop
     vertex  1.637000e+02 -5.291962e+01  1.510000e+00
     vertex  1.635757e+02 -5.282426e+01  1.510000e+00
     vertex  1.637000e+02 -5.368038e+01  1.510000e+00
   endloop
 endfacet
 facet normal  0.000000e+00  0.000000e+00  1.000000e+00
   outer loop
     vertex  1.638447e+02 -5.297956e+01  1.510000e+00
     vertex  1.637000e+02 -5.291962e+01  1.510000e+00
     vertex  1.638447e+02 -5.362044e+01  1.510000e+00
   endloop
 endfacet
 facet normal  0.000000e+00  0.000000e+00  1.000000e+00
   outer loop
     vertex  1.634204e+02 -5.255529e+01  1.510000e+00
     vertex  1.634000e+02 -5.420000e+01  1.510000e+00
     vertex  1.634204e+02 -5.404471e+01  1.510000e+00
   endloop
 endfacet
 facet normal  0.000000e+00  0.000000e+00  1.000000e+00
   outer loop
     vertex  1.634204e+02 -5.255529e+01  1.510000e+00
     vertex  1.634204e+02 -5.404471e+01  1.510000e+00
     vertex  1.634804e+02 -5.390000e+01  1.510000e+00
   endloop
 endfacet
 facet normal  0.000000e+00  0.000000e+00  1.000000e+00
   outer loop
     vertex  1.634204e+02 -5.255529e+01  1.510000e+00
     vertex  1.634804e+02 -5.390000e+01  1.510000e+00
     vertex  1.634804e+02 -5.270000e+01  1.510000e+00
   endloop
 endfacet
 facet normal  0.000000e+00  0.000000e+00  1.000000e+00
   outer loop
     vertex  1.640000e+02 -5.300000e+01  1.510000e+00
     vertex  1.638447e+02 -5.362044e+01  1.510000e+00
     vertex  1.640000e+02 -5.360000e+01  1.510000e+00
   endloop
 endfacet
 facet normal  0.000000e+00  0.000000e+00  1.000000e+00
   outer loop
     vertex  1.640000e+02 -5.300000e+01  1.510000e+00
     vertex  1.640000e+02 -5.360000e+01  1.510000e+00
     vertex  1.641553e+02 -5.362044e+01  1.510000e+00
   endloop
 endfacet
 facet normal  0.000000e+00  0.000000e+00  1.000000e+00
   outer loop
     vertex  1.640000e+02 -5.300000e+01  1.510000e+00
     vertex  1.638447e+02 -5.297956e+01  1.510000e+00
     vertex  1.638447e+02 -5.362044e+01  1.510000e+00
   endloop
 endfacet
 facet normal  0.000000e+00  0.000000e+00  1.000000e+00
   outer loop
     vertex  1.634000e+02 -5.240000e+01  1.510000e+00
     vertex  1.504141e+02 -6.095452e+01  1.510000e+00
     vertex  1.508000e+02 -6.111436e+01  1.510000e+00
   endloop
 endfacet
 facet normal  0.000000e+00  0.000000e+00  1.000000e+00
   outer loop
     vertex  1.634000e+02 -5.240000e+01  1.510000e+00
     vertex  1.634000e+02 -5.420000e+01  1.510000e+00
     vertex  1.634204e+02 -5.255529e+01  1.510000e+00
   endloop
 endfacet
 facet normal  0.000000e+00  0.000000e+00  1.000000e+00
   outer loop
     vertex  1.634000e+02 -5.240000e+01  1.510000e+00
     vertex  1.508000e+02 -6.111436e+01  1.510000e+00
     vertex  1.634000e+02 -5.420000e+01  1.510000e+00
   endloop
 endfacet
 facet normal  0.000000e+00  0.000000e+00  1.000000e+00
   outer loop
     vertex  1.641553e+02 -5.297956e+01  1.510000e+00
     vertex  1.641553e+02 -5.362044e+01  1.510000e+00
     vertex  1.643000e+02 -5.368038e+01  1.510000e+00
   endloop
 endfacet
 facet normal  0.000000e+00  0.000000e+00  1.000000e+00
   outer loop
     vertex  1.641553e+02 -5.297956e+01  1.510000e+00
     vertex  1.640000e+02 -5.300000e+01  1.510000e+00
     vertex  1.641553e+02 -5.362044e+01  1.510000e+00
   endloop
 endfacet
 facet normal  0.000000e+00  0.000000e+00  1.000000e+00
   outer loop
     vertex  1.634204e+02 -5.224471e+01  1.510000e+00
     vertex  1.500000e+02 -6.090000e+01  1.510000e+00
     vertex  1.504141e+02 -6.095452e+01  1.510000e+00
   endloop
 endfacet
 facet normal  0.000000e+00  0.000000e+00  1.000000e+00
   outer loop
     vertex  1.634204e+02 -5.224471e+01  1.510000e+00
     vertex  1.504141e+02 -6.095452e+01  1.510000e+00
     vertex  1.634000e+02 -5.240000e+01  1.510000e+00
   endloop
 endfacet
 facet normal  0.000000e+00  0.000000e+00  1.000000e+00
   outer loop
     vertex  1.634804e+02 -5.210000e+01  1.510000e+00
     vertex  1.365196e+02 -5.210000e+01  1.510000e+00
     vertex  1.500000e+02 -6.090000e+01  1.510000e+00
   endloop
 endfacet
 facet normal  0.000000e+00  0.000000e+00  1.000000e+00
   outer loop
     vertex  1.634804e+02 -5.210000e+01  1.510000e+00
     vertex  1.500000e+02 -6.090000e+01  1.510000e+00
     vertex  1.634204e+02 -5.224471e+01  1.510000e+00
   endloop
 endfacet
 facet normal  0.000000e+00  0.000000e+00  1.000000e+00
   outer loop
     vertex  1.643000e+02 -5.291962e+01  1.510000e+00
     vertex  1.643000e+02 -5.368038e+01  1.510000e+00
     vertex  1.644243e+02 -5.377574e+01  1.510000e+00
   endloop
 endfacet
 facet normal  0.000000e+00  0.000000e+00  1.000000e+00
   outer loop
     vertex  1.643000e+02 -5.291962e+01  1.510000e+00
     vertex  1.641553e+02 -5.297956e+01  1.510000e+00
     vertex  1.643000e+02 -5.368038e+01  1.510000e+00
   endloop
 endfacet
 facet normal  0.000000e+00  0.000000e+00  1.000000e+00
   outer loop
     vertex  1.644243e+02 -5.282426e+01  1.510000e+00
     vertex  1.644243e+02 -5.377574e+01  1.510000e+00
     vertex  1.645196e+02 -5.390000e+01  1.510000e+00
   endloop
 endfacet
 facet normal  0.000000e+00  0.000000e+00  1.000000e+00
   outer loop
     vertex  1.644243e+02 -5.282426e+01  1.510000e+00
     vertex  1.643000e+02 -5.291962e+01  1.510000e+00
     vertex  1.644243e+02 -5.377574e+01  1.510000e+00
   endloop
 endfacet
 facet normal  0.000000e+00  0.000000e+00  1.000000e+00
   outer loop
     vertex  1.635757e+02 -5.197574e+01  1.510000e+00
     vertex  1.365196e+02 -5.210000e+01  1.510000e+00
     vertex  1.634804e+02 -5.210000e+01  1.510000e+00
   endloop
 endfacet
 facet normal  0.000000e+00  0.000000e+00  1.000000e+00
   outer loop
     vertex  1.635757e+02 -5.197574e+01  1.510000e+00
     vertex  1.364243e+02 -5.197574e+01  1.510000e+00
     vertex  1.365196e+02 -5.210000e+01  1.510000e+00
   endloop
 endfacet
 facet normal  0.000000e+00  0.000000e+00  1.000000e+00
   outer loop
     vertex  1.637000e+02 -5.188038e+01  1.510000e+00
     vertex  1.364243e+02 -5.197574e+01  1.510000e+00
     vertex  1.635757e+02 -5.197574e+01  1.510000e+00
   endloop
 endfacet
 facet normal  0.000000e+00  0.000000e+00  1.000000e+00
   outer loop
     vertex  1.637000e+02 -5.188038e+01  1.510000e+00
     vertex  1.363000e+02 -5.188038e+01  1.510000e+00
     vertex  1.364243e+02 -5.197574e+01  1.510000e+00
   endloop
 endfacet
 facet normal  0.000000e+00  0.000000e+00  1.000000e+00
   outer loop
     vertex  1.645196e+02 -5.270000e+01  1.510000e+00
     vertex  1.644243e+02 -5.282426e+01  1.510000e+00
     vertex  1.645196e+02 -5.390000e+01  1.510000e+00
   endloop
 endfacet
 facet normal  0.000000e+00  0.000000e+00  1.000000e+00
   outer loop
     vertex  1.645796e+02 -5.255529e+01  1.510000e+00
     vertex  1.645196e+02 -5.270000e+01  1.510000e+00
     vertex  1.645196e+02 -5.390000e+01  1.510000e+00
   endloop
 endfacet
 facet normal  0.000000e+00  0.000000e+00  1.000000e+00
   outer loop
     vertex  1.645796e+02 -5.255529e+01  1.510000e+00
     vertex  1.645196e+02 -5.390000e+01  1.510000e+00
     vertex  1.645796e+02 -5.404471e+01  1.510000e+00
   endloop
 endfacet
 facet normal  0.000000e+00  0.000000e+00  1.000000e+00
   outer loop
     vertex  1.645796e+02 -5.255529e+01  1.510000e+00
     vertex  1.645796e+02 -5.404471e+01  1.510000e+00
     vertex  1.646000e+02 -5.420000e+01  1.510000e+00
   endloop
 endfacet
 facet normal  0.000000e+00  0.000000e+00  1.000000e+00
   outer loop
     vertex  1.638447e+02 -5.182044e+01  1.510000e+00
     vertex  1.363000e+02 -5.188038e+01  1.510000e+00
     vertex  1.637000e+02 -5.188038e+01  1.510000e+00
   endloop
 endfacet
 facet normal  0.000000e+00  0.000000e+00  1.000000e+00
   outer loop
     vertex  1.638447e+02 -5.182044e+01  1.510000e+00
     vertex  1.361553e+02 -5.182044e+01  1.510000e+00
     vertex  1.363000e+02 -5.188038e+01  1.510000e+00
   endloop
 endfacet
 facet normal  0.000000e+00  0.000000e+00  1.000000e+00
   outer loop
     vertex  1.646000e+02 -5.240000e+01  1.510000e+00
     vertex  1.645796e+02 -5.255529e+01  1.510000e+00
     vertex  1.646000e+02 -5.420000e+01  1.510000e+00
   endloop
 endfacet
 facet normal  0.000000e+00  0.000000e+00  1.000000e+00
   outer loop
     vertex  1.768686e+02 -6.363137e+01  1.510000e+00
     vertex  1.645796e+02 -6.874471e+01  1.510000e+00
     vertex  1.646000e+02 -6.890000e+01  1.510000e+00
   endloop
 endfacet
 facet normal  0.000000e+00  0.000000e+00  1.000000e+00
   outer loop
     vertex  1.768686e+02 -6.363137e+01  1.510000e+00
     vertex  1.646000e+02 -6.890000e+01  1.510000e+00
     vertex  1.646000e+02 -7.070000e+01  1.510000e+00
   endloop
 endfacet
 facet normal  0.000000e+00  0.000000e+00  1.000000e+00
   outer loop
     vertex  1.772000e+02 -6.388564e+01  1.510000e+00
     vertex  1.646000e+02 -7.070000e+01  1.510000e+00
     vertex  1.646000e+02 -7.250000e+01  1.510000e+00
   endloop
 endfacet
 facet normal  0.000000e+00  0.000000e+00  1.000000e+00
   outer loop
     vertex  1.772000e+02 -6.388564e+01  1.510000e+00
     vertex  1.768686e+02 -6.363137e+01  1.510000e+00
     vertex  1.646000e+02 -7.070000e+01  1.510000e+00
   endloop
 endfacet
 facet normal  0.000000e+00  0.000000e+00  1.000000e+00
   outer loop
     vertex  1.766144e+02 -6.330000e+01  1.510000e+00
     vertex  1.645196e+02 -6.860000e+01  1.510000e+00
     vertex  1.645796e+02 -6.874471e+01  1.510000e+00
   endloop
 endfacet
 facet normal  0.000000e+00  0.000000e+00  1.000000e+00
   outer loop
     vertex  1.766144e+02 -6.330000e+01  1.510000e+00
     vertex  1.645796e+02 -6.874471e+01  1.510000e+00
     vertex  1.768686e+02 -6.363137e+01  1.510000e+00
   endloop
 endfacet
 facet normal  0.000000e+00  0.000000e+00  1.000000e+00
   outer loop
     vertex  1.775859e+02 -6.404548e+01  1.510000e+00
     vertex  1.772000e+02 -6.388564e+01  1.510000e+00
     vertex  1.646000e+02 -7.250000e+01  1.510000e+00
   endloop
 endfacet
 facet normal  0.000000e+00  0.000000e+00  1.000000e+00
   outer loop
     vertex  1.775859e+02 -6.404548e+01  1.510000e+00
     vertex  1.646000e+02 -7.250000e+01  1.510000e+00
     vertex  1.645796e+02 -7.265529e+01  1.510000e+00
   endloop
 endfacet
 facet normal  0.000000e+00  0.000000e+00  1.000000e+00
   outer loop
     vertex  1.764545e+02 -6.291411e+01  1.510000e+00
     vertex  1.644243e+02 -6.847574e+01  1.510000e+00
     vertex  1.645196e+02 -6.860000e+01  1.510000e+00
   endloop
 endfacet
 facet normal  0.000000e+00  0.000000e+00  1.000000e+00
   outer loop
     vertex  1.764545e+02 -6.291411e+01  1.510000e+00
     vertex  1.645196e+02 -6.860000e+01  1.510000e+00
     vertex  1.766144e+02 -6.330000e+01  1.510000e+00
   endloop
 endfacet
 facet normal  0.000000e+00  0.000000e+00  1.000000e+00
   outer loop
     vertex  1.780000e+02 -6.410000e+01  1.510000e+00
     vertex  1.775859e+02 -6.404548e+01  1.510000e+00
     vertex  1.645796e+02 -7.265529e+01  1.510000e+00
   endloop
 endfacet
 facet normal  0.000000e+00  0.000000e+00  1.000000e+00
   outer loop
     vertex  1.780000e+02 -6.410000e+01  1.510000e+00
     vertex  1.645796e+02 -7.265529e+01  1.510000e+00
     vertex  1.645196e+02 -7.280000e+01  1.510000e+00
   endloop
 endfacet
 facet normal  0.000000e+00  0.000000e+00  1.000000e+00
   outer loop
     vertex  1.764000e+02 -6.250000e+01  1.510000e+00
     vertex  1.644243e+02 -5.642426e+01  1.510000e+00
     vertex  1.643000e+02 -5.651962e+01  1.510000e+00
   endloop
 endfacet
 facet normal  0.000000e+00  0.000000e+00  1.000000e+00
   outer loop
     vertex  1.764000e+02 -6.250000e+01  1.510000e+00
     vertex  1.643000e+02 -6.838038e+01  1.510000e+00
     vertex  1.644243e+02 -6.847574e+01  1.510000e+00
   endloop
 endfacet
 facet normal  0.000000e+00  0.000000e+00  1.000000e+00
   outer loop
     vertex  1.764000e+02 -6.250000e+01  1.510000e+00
     vertex  1.643000e+02 -5.651962e+01  1.510000e+00
     vertex  1.643000e+02 -6.838038e+01  1.510000e+00
   endloop
 endfacet
 facet normal  0.000000e+00  0.000000e+00  1.000000e+00
   outer loop
     vertex  1.764000e+02 -6.250000e+01  1.510000e+00
     vertex  1.644243e+02 -6.847574e+01  1.510000e+00
     vertex  1.764545e+02 -6.291411e+01  1.510000e+00
   endloop
 endfacet
 facet normal  0.000000e+00  0.000000e+00  1.000000e+00
   outer loop
     vertex  1.764545e+02 -6.208589e+01  1.510000e+00
     vertex  1.645196e+02 -5.630000e+01  1.510000e+00
     vertex  1.644243e+02 -5.642426e+01  1.510000e+00
   endloop
 endfacet
 facet normal  0.000000e+00  0.000000e+00  1.000000e+00
   outer loop
     vertex  1.764545e+02 -6.208589e+01  1.510000e+00
     vertex  1.644243e+02 -5.642426e+01  1.510000e+00
     vertex  1.764000e+02 -6.250000e+01  1.510000e+00
   endloop
 endfacet
 facet normal  0.000000e+00  0.000000e+00  1.000000e+00
   outer loop
     vertex  1.766144e+02 -6.170000e+01  1.510000e+00
     vertex  1.645196e+02 -5.630000e+01  1.510000e+00
     vertex  1.764545e+02 -6.208589e+01  1.510000e+00
   endloop
 endfacet
 facet normal  0.000000e+00  0.000000e+00  1.000000e+00
   outer loop
     vertex  1.766144e+02 -6.170000e+01  1.510000e+00
     vertex  1.645796e+02 -5.615529e+01  1.510000e+00
     vertex  1.645196e+02 -5.630000e+01  1.510000e+00
   endloop
 endfacet
 facet normal  0.000000e+00  0.000000e+00  1.000000e+00
   outer loop
     vertex  1.768686e+02 -6.136863e+01  1.510000e+00
     vertex  1.646000e+02 -5.600000e+01  1.510000e+00
     vertex  1.645796e+02 -5.615529e+01  1.510000e+00
   endloop
 endfacet
 facet normal  0.000000e+00  0.000000e+00  1.000000e+00
   outer loop
     vertex  1.768686e+02 -6.136863e+01  1.510000e+00
     vertex  1.646000e+02 -5.420000e+01  1.510000e+00
     vertex  1.646000e+02 -5.600000e+01  1.510000e+00
   endloop
 endfacet
 facet normal  0.000000e+00  0.000000e+00  1.000000e+00
   outer loop
     vertex  1.768686e+02 -6.136863e+01  1.510000e+00
     vertex  1.645796e+02 -5.615529e+01  1.510000e+00
     vertex  1.766144e+02 -6.170000e+01  1.510000e+00
   endloop
 endfacet
 facet normal  0.000000e+00  0.000000e+00  1.000000e+00
   outer loop
     vertex  1.772000e+02 -6.111436e+01  1.510000e+00
     vertex  1.646000e+02 -5.420000e+01  1.510000e+00
     vertex  1.768686e+02 -6.136863e+01  1.510000e+00
   endloop
 endfacet
 facet normal  0.000000e+00  0.000000e+00  1.000000e+00
   outer loop
     vertex  1.772000e+02 -6.111436e+01  1.510000e+00
     vertex  1.646000e+02 -5.240000e+01  1.510000e+00
     vertex  1.646000e+02 -5.420000e+01  1.510000e+00
   endloop
 endfacet
 facet normal  0.000000e+00  0.000000e+00  1.000000e+00
   outer loop
     vertex  1.775859e+02 -6.095452e+01  1.510000e+00
     vertex  1.646000e+02 -5.240000e+01  1.510000e+00
     vertex  1.772000e+02 -6.111436e+01  1.510000e+00
   endloop
 endfacet
 facet normal  0.000000e+00  0.000000e+00  1.000000e+00
   outer loop
     vertex  1.775859e+02 -6.095452e+01  1.510000e+00
     vertex  1.645796e+02 -5.224471e+01  1.510000e+00
     vertex  1.646000e+02 -5.240000e+01  1.510000e+00
   endloop
 endfacet
 facet normal  0.000000e+00  0.000000e+00  1.000000e+00
   outer loop
     vertex  1.780000e+02 -6.090000e+01  1.510000e+00
     vertex  1.645796e+02 -5.224471e+01  1.510000e+00
     vertex  1.775859e+02 -6.095452e+01  1.510000e+00
   endloop
 endfacet
 facet normal  0.000000e+00  0.000000e+00  1.000000e+00
   outer loop
     vertex  1.780000e+02 -6.090000e+01  1.510000e+00
     vertex  1.645196e+02 -5.210000e+01  1.510000e+00
     vertex  1.645796e+02 -5.224471e+01  1.510000e+00
   endloop
 endfacet
 facet normal  0.000000e+00  0.000000e+00  1.000000e+00
   outer loop
     vertex  1.915757e+02 -7.292426e+01  1.510000e+00
     vertex  1.645196e+02 -7.280000e+01  1.510000e+00
     vertex  1.644243e+02 -7.292426e+01  1.510000e+00
   endloop
 endfacet
 facet normal  0.000000e+00  0.000000e+00  1.000000e+00
   outer loop
     vertex  1.915757e+02 -7.292426e+01  1.510000e+00
     vertex  1.644243e+02 -7.292426e+01  1.510000e+00
     vertex  1.643000e+02 -7.301962e+01  1.510000e+00
   endloop
 endfacet
 facet normal  0.000000e+00  0.000000e+00  1.000000e+00
   outer loop
     vertex  1.917000e+02 -7.301962e+01  1.510000e+00
     vertex  1.915757e+02 -7.292426e+01  1.510000e+00
     vertex  1.643000e+02 -7.301962e+01  1.510000e+00
   endloop
 endfacet
 facet normal  0.000000e+00  0.000000e+00  1.000000e+00
   outer loop
     vertex  1.914804e+02 -7.280000e+01  1.510000e+00
     vertex  1.645196e+02 -7.280000e+01  1.510000e+00
     vertex  1.915757e+02 -7.292426e+01  1.510000e+00
   endloop
 endfacet
 facet normal  0.000000e+00  0.000000e+00  1.000000e+00
   outer loop
     vertex  1.914804e+02 -7.280000e+01  1.510000e+00
     vertex  1.780000e+02 -6.410000e+01  1.510000e+00
     vertex  1.645196e+02 -7.280000e+01  1.510000e+00
   endloop
 endfacet
 facet normal  0.000000e+00  0.000000e+00  1.000000e+00
   outer loop
     vertex  1.918447e+02 -7.307956e+01  1.510000e+00
     vertex  1.917000e+02 -7.301962e+01  1.510000e+00
     vertex  1.643000e+02 -7.301962e+01  1.510000e+00
   endloop
 endfacet
 facet normal  0.000000e+00  0.000000e+00  1.000000e+00
   outer loop
     vertex  1.918447e+02 -7.307956e+01  1.510000e+00
     vertex  1.643000e+02 -7.301962e+01  1.510000e+00
     vertex  1.641553e+02 -7.307956e+01  1.510000e+00
   endloop
 endfacet
 facet normal  0.000000e+00  0.000000e+00  1.000000e+00
   outer loop
     vertex  1.914204e+02 -7.265529e+01  1.510000e+00
     vertex  1.780000e+02 -6.410000e+01  1.510000e+00
     vertex  1.914804e+02 -7.280000e+01  1.510000e+00
   endloop
 endfacet
 facet normal  0.000000e+00  0.000000e+00  1.000000e+00
   outer loop
     vertex  1.914204e+02 -7.265529e+01  1.510000e+00
     vertex  1.784141e+02 -6.404548e+01  1.510000e+00
     vertex  1.780000e+02 -6.410000e+01  1.510000e+00
   endloop
 endfacet
 facet normal  0.000000e+00  0.000000e+00  1.000000e+00
   outer loop
     vertex  1.920000e+02 -7.310000e+01  1.510000e+00
     vertex  1.918447e+02 -7.307956e+01  1.510000e+00
     vertex  1.641553e+02 -7.307956e+01  1.510000e+00
   endloop
 endfacet
 facet normal  0.000000e+00  0.000000e+00  1.000000e+00
   outer loop
     vertex  1.920000e+02 -7.310000e+01  1.510000e+00
     vertex  1.641553e+02 -7.307956e+01  1.510000e+00
     vertex  1.640000e+02 -7.310000e+01  1.510000e+00
   endloop
 endfacet
 facet normal  0.000000e+00  0.000000e+00  1.000000e+00
   outer loop
     vertex  1.914000e+02 -7.250000e+01  1.510000e+00
     vertex  1.788000e+02 -6.388564e+01  1.510000e+00
     vertex  1.784141e+02 -6.404548e+01  1.510000e+00
   endloop
 endfacet
 facet normal  0.000000e+00  0.000000e+00  1.000000e+00
   outer loop
     vertex  1.914000e+02 -7.250000e+01  1.510000e+00
     vertex  1.784141e+02 -6.404548e+01  1.510000e+00
     vertex  1.914204e+02 -7.265529e+01  1.510000e+00
   endloop
 endfacet
 facet normal  0.000000e+00  0.000000e+00  1.000000e+00
   outer loop
     vertex  1.917000e+02 -7.121962e+01  1.510000e+00
     vertex  1.915757e+02 -7.207574e+01  1.510000e+00
     vertex  1.917000e+02 -7.198038e+01  1.510000e+00
   endloop
 endfacet
 facet normal  0.000000e+00  0.000000e+00  1.000000e+00
   outer loop
     vertex  1.917000e+02 -7.121962e+01  1.510000e+00
     vertex  1.917000e+02 -7.198038e+01  1.510000e+00
     vertex  1.918447e+02 -7.192044e+01  1.510000e+00
   endloop
 endfacet
 facet normal  0.000000e+00  0.000000e+00  1.000000e+00
   outer loop
     vertex  1.917000e+02 -7.121962e+01  1.510000e+00
     vertex  1.915757e+02 -7.112426e+01  1.510000e+00
     vertex  1.915757e+02 -7.207574e+01  1.510000e+00
   endloop
 endfacet
 facet normal  0.000000e+00  0.000000e+00  1.000000e+00
   outer loop
     vertex  1.914804e+02 -7.100000e+01  1.510000e+00
     vertex  1.914804e+02 -7.220000e+01  1.510000e+00
     vertex  1.915757e+02 -7.207574e+01  1.510000e+00
   endloop
 endfacet
 facet normal  0.000000e+00  0.000000e+00  1.000000e+00
   outer loop
     vertex  1.914804e+02 -7.100000e+01  1.510000e+00
     vertex  1.915757e+02 -7.207574e+01  1.510000e+00
     vertex  1.915757e+02 -7.112426e+01  1.510000e+00
   endloop
 endfacet
 facet normal  0.000000e+00  0.000000e+00  1.000000e+00
   outer loop
     vertex  1.918447e+02 -7.127956e+01  1.510000e+00
     vertex  1.917000e+02 -7.121962e+01  1.510000e+00
     vertex  1.918447e+02 -7.192044e+01  1.510000e+00
   endloop
 endfacet
 facet normal  0.000000e+00  0.000000e+00  1.000000e+00
   outer loop
     vertex  1.914204e+02 -7.085529e+01  1.510000e+00
     vertex  1.914204e+02 -7.234471e+01  1.510000e+00
     vertex  1.914804e+02 -7.220000e+01  1.510000e+00
   endloop
 endfacet
 facet normal  0.000000e+00  0.000000e+00  1.000000e+00
   outer loop
     vertex  1.914204e+02 -7.085529e+01  1.510000e+00
     vertex  1.914804e+02 -7.220000e+01  1.510000e+00
     vertex  1.914804e+02 -7.100000e+01  1.510000e+00
   endloop
 endfacet
 facet normal  0.000000e+00  0.000000e+00  1.000000e+00
   outer loop
     vertex  1.920000e+02 -7.130000e+01  1.510000e+00
     vertex  1.918447e+02 -7.127956e+01  1.510000e+00
     vertex  1.918447e+02 -7.192044e+01  1.510000e+00
   endloop
 endfacet
 facet normal  0.000000e+00  0.000000e+00  1.000000e+00
   outer loop
     vertex  1.920000e+02 -7.130000e+01  1.510000e+00
     vertex  1.918447e+02 -7.192044e+01  1.510000e+00
     vertex  1.920000e+02 -7.190000e+01  1.510000e+00
   endloop
 endfacet
 facet normal  0.000000e+00  0.000000e+00  1.000000e+00
   outer loop
     vertex  1.920000e+02 -7.130000e+01  1.510000e+00
     vertex  1.920000e+02 -7.190000e+01  1.510000e+00
     vertex  1.921553e+02 -7.192044e+01  1.510000e+00
   endloop
 endfacet
 facet normal  0.000000e+00  0.000000e+00  1.000000e+00
   outer loop
     vertex  1.914000e+02 -7.070000e+01  1.510000e+00
     vertex  1.914000e+02 -7.250000e+01  1.510000e+00
     vertex  1.914204e+02 -7.234471e+01  1.510000e+00
   endloop
 endfacet
 facet normal  0.000000e+00  0.000000e+00  1.000000e+00
   outer loop
     vertex  1.914000e+02 -7.070000e+01  1.510000e+00
     vertex  1.791314e+02 -6.363137e+01  1.510000e+00
     vertex  1.788000e+02 -6.388564e+01  1.510000e+00
   endloop
 endfacet
 facet normal  0.000000e+00  0.000000e+00  1.000000e+00
   outer loop
     vertex  1.914000e+02 -7.070000e+01  1.510000e+00
     vertex  1.788000e+02 -6.388564e+01  1.510000e+00
     vertex  1.914000e+02 -7.250000e+01  1.510000e+00
   endloop
 endfacet
 facet normal  0.000000e+00  0.000000e+00  1.000000e+00
   outer loop
     vertex  1.914000e+02 -7.070000e+01  1.510000e+00
     vertex  1.914204e+02 -7.234471e+01  1.510000e+00
     vertex  1.914204e+02 -7.085529e+01  1.510000e+00
   endloop
 endfacet
 facet normal  0.000000e+00  0.000000e+00  1.000000e+00
   outer loop
     vertex  1.921553e+02 -7.127956e+01  1.510000e+00
     vertex  1.920000e+02 -7.130000e+01  1.510000e+00
     vertex  1.921553e+02 -7.192044e+01  1.510000e+00
   endloop
 endfacet
 facet normal  0.000000e+00  0.000000e+00  1.000000e+00
   outer loop
     vertex  1.923000e+02 -7.121962e+01  1.510000e+00
     vertex  1.921553e+02 -7.192044e+01  1.510000e+00
     vertex  1.923000e+02 -7.198038e+01  1.510000e+00
   endloop
 endfacet
 facet normal  0.000000e+00  0.000000e+00  1.000000e+00
   outer loop
     vertex  1.923000e+02 -7.121962e+01  1.510000e+00
     vertex  1.921553e+02 -7.127956e+01  1.510000e+00
     vertex  1.921553e+02 -7.192044e+01  1.510000e+00
   endloop
 endfacet
 facet normal  0.000000e+00  0.000000e+00  1.000000e+00
   outer loop
     vertex  1.924243e+02 -7.112426e+01  1.510000e+00
     vertex  1.923000e+02 -7.121962e+01  1.510000e+00
     vertex  1.923000e+02 -7.198038e+01  1.510000e+00
   endloop
 endfacet
 facet normal  0.000000e+00  0.000000e+00  1.000000e+00
   outer loop
     vertex  1.924243e+02 -7.112426e+01  1.510000e+00
     vertex  1.923000e+02 -7.198038e+01  1.510000e+00
     vertex  1.924243e+02 -7.207574e+01  1.510000e+00
   endloop
 endfacet
 facet normal  0.000000e+00  0.000000e+00  1.000000e+00
   outer loop
     vertex  1.925196e+02 -7.100000e+01  1.510000e+00
     vertex  1.924243e+02 -7.112426e+01  1.510000e+00
     vertex  1.924243e+02 -7.207574e+01  1.510000e+00
   endloop
 endfacet
 facet normal  0.000000e+00  0.000000e+00  1.000000e+00
   outer loop
     vertex  1.925196e+02 -7.100000e+01  1.510000e+00
     vertex  1.924243e+02 -7.207574e+01  1.510000e+00
     vertex  1.925196e+02 -7.220000e+01  1.510000e+00
   endloop
 endfacet
 facet normal  0.000000e+00  0.000000e+00  1.000000e+00
   outer loop
     vertex  1.925796e+02 -7.085529e+01  1.510000e+00
     vertex  1.925196e+02 -7.100000e+01  1.510000e+00
     vertex  1.925196e+02 -7.220000e+01  1.510000e+00
   endloop
 endfacet
 facet normal  0.000000e+00  0.000000e+00  1.000000e+00
   outer loop
     vertex  1.925796e+02 -7.085529e+01  1.510000e+00
     vertex  1.925196e+02 -7.220000e+01  1.510000e+00
     vertex  1.925796e+02 -7.234471e+01  1.510000e+00
   endloop
 endfacet
 facet normal  0.000000e+00  0.000000e+00  1.000000e+00
   outer loop
     vertex  1.917000e+02 -6.941962e+01  1.510000e+00
     vertex  1.915757e+02 -6.932426e+01  1.510000e+00
     vertex  1.915757e+02 -7.027574e+01  1.510000e+00
   endloop
 endfacet
 facet normal  0.000000e+00  0.000000e+00  1.000000e+00
   outer loop
     vertex  1.917000e+02 -6.941962e+01  1.510000e+00
     vertex  1.915757e+02 -7.027574e+01  1.510000e+00
     vertex  1.917000e+02 -7.018038e+01  1.510000e+00
   endloop
 endfacet
 facet normal  0.000000e+00  0.000000e+00  1.000000e+00
   outer loop
     vertex  1.917000e+02 -6.941962e+01  1.510000e+00
     vertex  1.917000e+02 -7.018038e+01  1.510000e+00
     vertex  1.918447e+02 -7.012044e+01  1.510000e+00
   endloop
 endfacet
 facet normal  0.000000e+00  0.000000e+00  1.000000e+00
   outer loop
     vertex  1.914804e+02 -6.920000e+01  1.510000e+00
     vertex  1.915757e+02 -7.027574e+01  1.510000e+00
     vertex  1.915757e+02 -6.932426e+01  1.510000e+00
   endloop
 endfacet
 facet normal  0.000000e+00  0.000000e+00  1.000000e+00
   outer loop
     vertex  1.914804e+02 -6.920000e+01  1.510000e+00
     vertex  1.914804e+02 -7.040000e+01  1.510000e+00
     vertex  1.915757e+02 -7.027574e+01  1.510000e+00
   endloop
 endfacet
 facet normal  0.000000e+00  0.000000e+00  1.000000e+00
   outer loop
     vertex  1.918447e+02 -6.947956e+01  1.510000e+00
     vertex  1.917000e+02 -6.941962e+01  1.510000e+00
     vertex  1.918447e+02 -7.012044e+01  1.510000e+00
   endloop
 endfacet
 facet normal  0.000000e+00  0.000000e+00  1.000000e+00
   outer loop
     vertex  1.914204e+02 -6.905529e+01  1.510000e+00
     vertex  1.914804e+02 -7.040000e+01  1.510000e+00
     vertex  1.914804e+02 -6.920000e+01  1.510000e+00
   endloop
 endfacet
 facet normal  0.000000e+00  0.000000e+00  1.000000e+00
   outer loop
     vertex  1.914204e+02 -6.905529e+01  1.510000e+00
     vertex  1.914000e+02 -7.070000e+01  1.510000e+00
     vertex  1.914204e+02 -7.054471e+01  1.510000e+00
   endloop
 endfacet
 facet normal  0.000000e+00  0.000000e+00  1.000000e+00
   outer loop
     vertex  1.914204e+02 -6.905529e+01  1.510000e+00
     vertex  1.914204e+02 -7.054471e+01  1.510000e+00
     vertex  1.914804e+02 -7.040000e+01  1.510000e+00
   endloop
 endfacet
 facet normal  0.000000e+00  0.000000e+00  1.000000e+00
   outer loop
     vertex  1.920000e+02 -6.950000e+01  1.510000e+00
     vertex  1.918447e+02 -6.947956e+01  1.510000e+00
     vertex  1.918447e+02 -7.012044e+01  1.510000e+00
   endloop
 endfacet
 facet normal  0.000000e+00  0.000000e+00  1.000000e+00
   outer loop
     vertex  1.920000e+02 -6.950000e+01  1.510000e+00
     vertex  1.918447e+02 -7.012044e+01  1.510000e+00
     vertex  1.920000e+02 -7.010000e+01  1.510000e+00
   endloop
 endfacet
 facet normal  0.000000e+00  0.000000e+00  1.000000e+00
   outer loop
     vertex  1.920000e+02 -6.950000e+01  1.510000e+00
     vertex  1.920000e+02 -7.010000e+01  1.510000e+00
     vertex  1.921553e+02 -7.012044e+01  1.510000e+00
   endloop
 endfacet
 facet normal  0.000000e+00  0.000000e+00  1.000000e+00
   outer loop
     vertex  1.914000e+02 -6.890000e+01  1.510000e+00
     vertex  1.914000e+02 -7.070000e+01  1.510000e+00
     vertex  1.914204e+02 -6.905529e+01  1.510000e+00
   endloop
 endfacet
 facet normal  0.000000e+00  0.000000e+00  1.000000e+00
   outer loop
     vertex  1.914000e+02 -6.890000e+01  1.510000e+00
     vertex  1.791314e+02 -6.363137e+01  1.510000e+00
     vertex  1.914000e+02 -7.070000e+01  1.510000e+00
   endloop
 endfacet
 facet normal  0.000000e+00  0.000000e+00  1.000000e+00
   outer loop
     vertex  1.914204e+02 -6.874471e+01  1.510000e+00
     vertex  1.791314e+02 -6.363137e+01  1.510000e+00
     vertex  1.914000e+02 -6.890000e+01  1.510000e+00
   endloop
 endfacet
 facet normal  0.000000e+00  0.000000e+00  1.000000e+00
   outer loop
     vertex  1.914204e+02 -6.874471e+01  1.510000e+00
     vertex  1.793856e+02 -6.330000e+01  1.510000e+00
     vertex  1.791314e+02 -6.363137e+01  1.510000e+00
   endloop
 endfacet
 facet normal  0.000000e+00  0.000000e+00  1.000000e+00
   outer loop
     vertex  1.921553e+02 -6.947956e+01  1.510000e+00
     vertex  1.920000e+02 -6.950000e+01  1.510000e+00
     vertex  1.921553e+02 -7.012044e+01  1.510000e+00
   endloop
 endfacet
 facet normal  0.000000e+00  0.000000e+00  1.000000e+00
   outer loop
     vertex  1.914804e+02 -6.860000e+01  1.510000e+00
     vertex  1.793856e+02 -6.330000e+01  1.510000e+00
     vertex  1.914204e+02 -6.874471e+01  1.510000e+00
   endloop
 endfacet
 facet normal  0.000000e+00  0.000000e+00  1.000000e+00
   outer loop
     vertex  1.914804e+02 -6.860000e+01  1.510000e+00
     vertex  1.795455e+02 -6.291411e+01  1.510000e+00
     vertex  1.793856e+02 -6.330000e+01  1.510000e+00
   endloop
 endfacet
 facet normal  0.000000e+00  0.000000e+00  1.000000e+00
   outer loop
     vertex  1.923000e+02 -6.941962e+01  1.510000e+00
     vertex  1.921553e+02 -6.947956e+01  1.510000e+00
     vertex  1.921553e+02 -7.012044e+01  1.510000e+00
   endloop
 endfacet
 facet normal  0.000000e+00  0.000000e+00  1.000000e+00
   outer loop
     vertex  1.923000e+02 -6.941962e+01  1.510000e+00
     vertex  1.921553e+02 -7.012044e+01  1.510000e+00
     vertex  1.923000e+02 -7.018038e+01  1.510000e+00
   endloop
 endfacet
 facet normal  0.000000e+00  0.000000e+00  1.000000e+00
   outer loop
     vertex  1.924243e+02 -6.932426e+01  1.510000e+00
     vertex  1.923000e+02 -6.941962e+01  1.510000e+00
     vertex  1.923000e+02 -7.018038e+01  1.510000e+00
   endloop
 endfacet
 facet normal  0.000000e+00  0.000000e+00  1.000000e+00
   outer loop
     vertex  1.924243e+02 -6.932426e+01  1.510000e+00
     vertex  1.923000e+02 -7.018038e+01  1.510000e+00
     vertex  1.924243e+02 -7.027574e+01  1.510000e+00
   endloop
 endfacet
 facet normal  0.000000e+00  0.000000e+00  1.000000e+00
   outer loop
     vertex  1.915757e+02 -6.847574e+01  1.510000e+00
     vertex  1.795455e+02 -6.291411e+01  1.510000e+00
     vertex  1.914804e+02 -6.860000e+01  1.510000e+00
   endloop
 endfacet
 facet normal  0.000000e+00  0.000000e+00  1.000000e+00
   outer loop
     vertex  1.915757e+02 -6.847574e+01  1.510000e+00
     vertex  1.796000e+02 -6.250000e+01  1.510000e+00
     vertex  1.795455e+02 -6.291411e+01  1.510000e+00
   endloop
 endfacet
 facet normal  0.000000e+00  0.000000e+00  1.000000e+00
   outer loop
     vertex  1.917000e+02 -6.838038e+01  1.510000e+00
     vertex  1.796000e+02 -6.250000e+01  1.510000e+00
     vertex  1.915757e+02 -6.847574e+01  1.510000e+00
   endloop
 endfacet
 facet normal  0.000000e+00  0.000000e+00  1.000000e+00
   outer loop
     vertex  1.925196e+02 -6.920000e+01  1.510000e+00
     vertex  1.924243e+02 -6.932426e+01  1.510000e+00
     vertex  1.924243e+02 -7.027574e+01  1.510000e+00
   endloop
 endfacet
 facet normal  0.000000e+00  0.000000e+00  1.000000e+00
   outer loop
     vertex  1.925196e+02 -6.920000e+01  1.510000e+00
     vertex  1.924243e+02 -7.027574e+01  1.510000e+00
     vertex  1.925196e+02 -7.040000e+01  1.510000e+00
   endloop
 endfacet
 facet normal  0.000000e+00  0.000000e+00  1.000000e+00
   outer loop
     vertex  1.925796e+02 -6.905529e+01  1.510000e+00
     vertex  1.925196e+02 -6.920000e+01  1.510000e+00
     vertex  1.925196e+02 -7.040000e+01  1.510000e+00
   endloop
 endfacet
 facet normal  0.000000e+00  0.000000e+00  1.000000e+00
   outer loop
     vertex  1.925796e+02 -6.905529e+01  1.510000e+00
     vertex  1.925196e+02 -7.040000e+01  1.510000e+00
     vertex  1.925796e+02 -7.054471e+01  1.510000e+00
   endloop
 endfacet
 facet normal  0.000000e+00  0.000000e+00  1.000000e+00
   outer loop
     vertex  1.926000e+02 -6.890000e+01  1.510000e+00
     vertex  1.925796e+02 -6.905529e+01  1.510000e+00
     vertex  1.925796e+02 -7.054471e+01  1.510000e+00
   endloop
 endfacet
 facet normal  0.000000e+00  0.000000e+00  1.000000e+00
   outer loop
     vertex  1.926000e+02 -6.890000e+01  1.510000e+00
     vertex  1.925796e+02 -7.054471e+01  1.510000e+00
     vertex  1.926000e+02 -7.070000e+01  1.510000e+00
   endloop
 endfacet
 facet normal  0.000000e+00  0.000000e+00  1.000000e+00
   outer loop
     vertex  2.040000e+02 -7.500000e+01  1.510000e+00
     vertex  1.925196e+02 -6.860000e+01  1.510000e+00
     vertex  1.925796e+02 -6.874471e+01  1.510000e+00
   endloop
 endfacet
 facet normal  0.000000e+00  0.000000e+00  1.000000e+00
   outer loop
     vertex  2.040000e+02 -7.500000e+01  1.510000e+00
     vertex  1.925796e+02 -6.874471e+01  1.510000e+00
     vertex  1.926000e+02 -6.890000e+01  1.510000e+00
   endloop
 endfacet
 facet normal  0.000000e+00  0.000000e+00  1.000000e+00
   outer loop
     vertex  2.040000e+02 -7.500000e+01  1.510000e+00
     vertex  1.920000e+02 -7.310000e+01  1.510000e+00
     vertex  1.640000e+02 -7.310000e+01  1.510000e+00
   endloop
 endfacet
 facet normal  0.000000e+00  0.000000e+00  1.000000e+00
   outer loop
     vertex  2.040000e+02 -7.500000e+01  1.510000e+00
     vertex  1.925796e+02 -7.085529e+01  1.510000e+00
     vertex  1.925796e+02 -7.234471e+01  1.510000e+00
   endloop
 endfacet
 facet normal  0.000000e+00  0.000000e+00  1.000000e+00
   outer loop
     vertex  2.040000e+02 -7.500000e+01  1.510000e+00
     vertex  1.926000e+02 -6.890000e+01  1.510000e+00
     vertex  1.926000e+02 -7.070000e+01  1.510000e+00
   endloop
 endfacet
 facet normal  0.000000e+00  0.000000e+00  1.000000e+00
   outer loop
     vertex  2.040000e+02 -7.500000e+01  1.510000e+00
     vertex  1.925796e+02 -7.234471e+01  1.510000e+00
     vertex  1.926000e+02 -7.250000e+01  1.510000e+00
   endloop
 endfacet
 facet normal  0.000000e+00  0.000000e+00  1.000000e+00
   outer loop
     vertex  2.040000e+02 -7.500000e+01  1.510000e+00
     vertex  1.926000e+02 -7.250000e+01  1.510000e+00
     vertex  1.925796e+02 -7.265529e+01  1.510000e+00
   endloop
 endfacet
 facet normal  0.000000e+00  0.000000e+00  1.000000e+00
   outer loop
     vertex  2.040000e+02 -7.500000e+01  1.510000e+00
     vertex  1.925796e+02 -7.265529e+01  1.510000e+00
     vertex  1.925196e+02 -7.280000e+01  1.510000e+00
   endloop
 endfacet
 facet normal  0.000000e+00  0.000000e+00  1.000000e+00
   outer loop
     vertex  2.040000e+02 -7.500000e+01  1.510000e+00
     vertex  1.925196e+02 -7.280000e+01  1.510000e+00
     vertex  1.924243e+02 -7.292426e+01  1.510000e+00
   endloop
 endfacet
 facet normal  0.000000e+00  0.000000e+00  1.000000e+00
   outer loop
     vertex  2.040000e+02 -7.500000e+01  1.510000e+00
     vertex  1.924243e+02 -7.292426e+01  1.510000e+00
     vertex  1.923000e+02 -7.301962e+01  1.510000e+00
   endloop
 endfacet
 facet normal  0.000000e+00  0.000000e+00  1.000000e+00
   outer loop
     vertex  2.040000e+02 -7.500000e+01  1.510000e+00
     vertex  1.923000e+02 -7.301962e+01  1.510000e+00
     vertex  1.921553e+02 -7.307956e+01  1.510000e+00
   endloop
 endfacet
 facet normal  0.000000e+00  0.000000e+00  1.000000e+00
   outer loop
     vertex  2.040000e+02 -7.500000e+01  1.510000e+00
     vertex  1.921553e+02 -7.307956e+01  1.510000e+00
     vertex  1.920000e+02 -7.310000e+01  1.510000e+00
   endloop
 endfacet
 facet normal  0.000000e+00  0.000000e+00  1.000000e+00
   outer loop
     vertex  2.040000e+02 -7.500000e+01  1.510000e+00
     vertex  1.926000e+02 -7.070000e+01  1.510000e+00
     vertex  1.925796e+02 -7.085529e+01  1.510000e+00
   endloop
 endfacet
 facet normal  0.000000e+00  0.000000e+00  1.000000e+00
   outer loop
     vertex  1.915757e+02 -5.642426e+01  1.510000e+00
     vertex  1.795455e+02 -6.208589e+01  1.510000e+00
     vertex  1.796000e+02 -6.250000e+01  1.510000e+00
   endloop
 endfacet
 facet normal  0.000000e+00  0.000000e+00  1.000000e+00
   outer loop
     vertex  1.917000e+02 -5.651962e+01  1.510000e+00
     vertex  1.796000e+02 -6.250000e+01  1.510000e+00
     vertex  1.917000e+02 -6.838038e+01  1.510000e+00
   endloop
 endfacet
 facet normal  0.000000e+00  0.000000e+00  1.000000e+00
   outer loop
     vertex  1.917000e+02 -5.651962e+01  1.510000e+00
     vertex  1.915757e+02 -5.642426e+01  1.510000e+00
     vertex  1.796000e+02 -6.250000e+01  1.510000e+00
   endloop
 endfacet
 facet normal  0.000000e+00  0.000000e+00  1.000000e+00
   outer loop
     vertex  1.914804e+02 -5.630000e+01  1.510000e+00
     vertex  1.793856e+02 -6.170000e+01  1.510000e+00
     vertex  1.795455e+02 -6.208589e+01  1.510000e+00
   endloop
 endfacet
 facet normal  0.000000e+00  0.000000e+00  1.000000e+00
   outer loop
     vertex  1.914804e+02 -5.630000e+01  1.510000e+00
     vertex  1.795455e+02 -6.208589e+01  1.510000e+00
     vertex  1.915757e+02 -5.642426e+01  1.510000e+00
   endloop
 endfacet
 facet normal  0.000000e+00  0.000000e+00  1.000000e+00
   outer loop
     vertex  1.918447e+02 -5.657956e+01  1.510000e+00
     vertex  1.917000e+02 -6.838038e+01  1.510000e+00
     vertex  1.918447e+02 -6.832044e+01  1.510000e+00
   endloop
 endfacet
 facet normal  0.000000e+00  0.000000e+00  1.000000e+00
   outer loop
     vertex  1.918447e+02 -5.657956e+01  1.510000e+00
     vertex  1.918447e+02 -6.832044e+01  1.510000e+00
     vertex  1.920000e+02 -6.830000e+01  1.510000e+00
   endloop
 endfacet
 facet normal  0.000000e+00  0.000000e+00  1.000000e+00
   outer loop
     vertex  1.918447e+02 -5.657956e+01  1.510000e+00
     vertex  1.917000e+02 -5.651962e+01  1.510000e+00
     vertex  1.917000e+02 -6.838038e+01  1.510000e+00
   endloop
 endfacet
 facet normal  0.000000e+00  0.000000e+00  1.000000e+00
   outer loop
     vertex  1.914204e+02 -5.615529e+01  1.510000e+00
     vertex  1.793856e+02 -6.170000e+01  1.510000e+00
     vertex  1.914804e+02 -5.630000e+01  1.510000e+00
   endloop
 endfacet
 facet normal  0.000000e+00  0.000000e+00  1.000000e+00
   outer loop
     vertex  1.914204e+02 -5.615529e+01  1.510000e+00
     vertex  1.791314e+02 -6.136863e+01  1.510000e+00
     vertex  1.793856e+02 -6.170000e+01  1.510000e+00
   endloop
 endfacet
 facet normal  0.000000e+00  0.000000e+00  1.000000e+00
   outer loop
     vertex  1.920000e+02 -5.660000e+01  1.510000e+00
     vertex  1.918447e+02 -5.657956e+01  1.510000e+00
     vertex  1.920000e+02 -6.830000e+01  1.510000e+00
   endloop
 endfacet
 facet normal  0.000000e+00  0.000000e+00  1.000000e+00
   outer loop
     vertex  1.914000e+02 -5.600000e+01  1.510000e+00
     vertex  1.791314e+02 -6.136863e+01  1.510000e+00
     vertex  1.914204e+02 -5.615529e+01  1.510000e+00
   endloop
 endfacet
 facet normal  0.000000e+00  0.000000e+00  1.000000e+00
   outer loop
     vertex  1.921553e+02 -5.657956e+01  1.510000e+00
     vertex  1.920000e+02 -6.830000e+01  1.510000e+00
     vertex  1.921553e+02 -6.832044e+01  1.510000e+00
   endloop
 endfacet
 facet normal  0.000000e+00  0.000000e+00  1.000000e+00
   outer loop
     vertex  1.921553e+02 -5.657956e+01  1.510000e+00
     vertex  1.921553e+02 -6.832044e+01  1.510000e+00
     vertex  1.923000e+02 -6.838038e+01  1.510000e+00
   endloop
 endfacet
 facet normal  0.000000e+00  0.000000e+00  1.000000e+00
   outer loop
     vertex  1.921553e+02 -5.657956e+01  1.510000e+00
     vertex  1.920000e+02 -5.660000e+01  1.510000e+00
     vertex  1.920000e+02 -6.830000e+01  1.510000e+00
   endloop
 endfacet
 facet normal  0.000000e+00  0.000000e+00  1.000000e+00
   outer loop
     vertex  1.923000e+02 -5.651962e+01  1.510000e+00
     vertex  1.921553e+02 -5.657956e+01  1.510000e+00
     vertex  1.923000e+02 -6.838038e+01  1.510000e+00
   endloop
 endfacet
 facet normal  0.000000e+00  0.000000e+00  1.000000e+00
   outer loop
     vertex  1.924243e+02 -5.642426e+01  1.510000e+00
     vertex  1.923000e+02 -6.838038e+01  1.510000e+00
     vertex  1.924243e+02 -6.847574e+01  1.510000e+00
   endloop
 endfacet
 facet normal  0.000000e+00  0.000000e+00  1.000000e+00
   outer loop
     vertex  1.924243e+02 -5.642426e+01  1.510000e+00
     vertex  1.923000e+02 -5.651962e+01  1.510000e+00
     vertex  1.923000e+02 -6.838038e+01  1.510000e+00
   endloop
 endfacet
 facet normal  0.000000e+00  0.000000e+00  1.000000e+00
   outer loop
     vertex  1.925196e+02 -5.630000e+01  1.510000e+00
     vertex  1.924243e+02 -6.847574e+01  1.510000e+00
     vertex  1.925196e+02 -6.860000e+01  1.510000e+00
   endloop
 endfacet
 facet normal  0.000000e+00  0.000000e+00  1.000000e+00
   outer loop
     vertex  1.925196e+02 -5.630000e+01  1.510000e+00
     vertex  1.924243e+02 -5.642426e+01  1.510000e+00
     vertex  1.924243e+02 -6.847574e+01  1.510000e+00
   endloop
 endfacet
 facet normal  0.000000e+00  0.000000e+00  1.000000e+00
   outer loop
     vertex  1.917000e+02 -5.471962e+01  1.510000e+00
     vertex  1.915757e+02 -5.462426e+01  1.510000e+00
     vertex  1.915757e+02 -5.557574e+01  1.510000e+00
   endloop
 endfacet
 facet normal  0.000000e+00  0.000000e+00  1.000000e+00
   outer loop
     vertex  1.917000e+02 -5.471962e+01  1.510000e+00
     vertex  1.915757e+02 -5.557574e+01  1.510000e+00
     vertex  1.917000e+02 -5.548038e+01  1.510000e+00
   endloop
 endfacet
 facet normal  0.000000e+00  0.000000e+00  1.000000e+00
   outer loop
     vertex  1.917000e+02 -5.471962e+01  1.510000e+00
     vertex  1.917000e+02 -5.548038e+01  1.510000e+00
     vertex  1.918447e+02 -5.542044e+01  1.510000e+00
   endloop
 endfacet
 facet normal  0.000000e+00  0.000000e+00  1.000000e+00
   outer loop
     vertex  1.914804e+02 -5.450000e+01  1.510000e+00
     vertex  1.915757e+02 -5.557574e+01  1.510000e+00
     vertex  1.915757e+02 -5.462426e+01  1.510000e+00
   endloop
 endfacet
 facet normal  0.000000e+00  0.000000e+00  1.000000e+00
   outer loop
     vertex  1.914804e+02 -5.450000e+01  1.510000e+00
     vertex  1.914804e+02 -5.570000e+01  1.510000e+00
     vertex  1.915757e+02 -5.557574e+01  1.510000e+00
   endloop
 endfacet
 facet normal  0.000000e+00  0.000000e+00  1.000000e+00
   outer loop
     vertex  1.918447e+02 -5.477956e+01  1.510000e+00
     vertex  1.917000e+02 -5.471962e+01  1.510000e+00
     vertex  1.918447e+02 -5.542044e+01  1.510000e+00
   endloop
 endfacet
 facet normal  0.000000e+00  0.000000e+00  1.000000e+00
   outer loop
     vertex  1.914204e+02 -5.435529e+01  1.510000e+00
     vertex  1.914804e+02 -5.570000e+01  1.510000e+00
     vertex  1.914804e+02 -5.450000e+01  1.510000e+00
   endloop
 endfacet
 facet normal  0.000000e+00  0.000000e+00  1.000000e+00
   outer loop
     vertex  1.914204e+02 -5.435529e+01  1.510000e+00
     vertex  1.914000e+02 -5.600000e+01  1.510000e+00
     vertex  1.914204e+02 -5.584471e+01  1.510000e+00
   endloop
 endfacet
 facet normal  0.000000e+00  0.000000e+00  1.000000e+00
   outer loop
     vertex  1.914204e+02 -5.435529e+01  1.510000e+00
     vertex  1.914204e+02 -5.584471e+01  1.510000e+00
     vertex  1.914804e+02 -5.570000e+01  1.510000e+00
   endloop
 endfacet
 facet normal  0.000000e+00  0.000000e+00  1.000000e+00
   outer loop
     vertex  1.920000e+02 -5.480000e+01  1.510000e+00
     vertex  1.918447e+02 -5.477956e+01  1.510000e+00
     vertex  1.918447e+02 -5.542044e+01  1.510000e+00
   endloop
 endfacet
 facet normal  0.000000e+00  0.000000e+00  1.000000e+00
   outer loop
     vertex  1.920000e+02 -5.480000e+01  1.510000e+00
     vertex  1.918447e+02 -5.542044e+01  1.510000e+00
     vertex  1.920000e+02 -5.540000e+01  1.510000e+00
   endloop
 endfacet
 facet normal  0.000000e+00  0.000000e+00  1.000000e+00
   outer loop
     vertex  1.914000e+02 -5.420000e+01  1.510000e+00
     vertex  1.791314e+02 -6.136863e+01  1.510000e+00
     vertex  1.914000e+02 -5.600000e+01  1.510000e+00
   endloop
 endfacet
 facet normal  0.000000e+00  0.000000e+00  1.000000e+00
   outer loop
     vertex  1.914000e+02 -5.420000e+01  1.510000e+00
     vertex  1.914000e+02 -5.600000e+01  1.510000e+00
     vertex  1.914204e+02 -5.435529e+01  1.510000e+00
   endloop
 endfacet
 facet normal  0.000000e+00  0.000000e+00  1.000000e+00
   outer loop
     vertex  1.914000e+02 -5.420000e+01  1.510000e+00
     vertex  1.788000e+02 -6.111436e+01  1.510000e+00
     vertex  1.791314e+02 -6.136863e+01  1.510000e+00
   endloop
 endfacet
 facet normal  0.000000e+00  0.000000e+00  1.000000e+00
   outer loop
     vertex  1.921553e+02 -5.477956e+01  1.510000e+00
     vertex  1.920000e+02 -5.480000e+01  1.510000e+00
     vertex  1.920000e+02 -5.540000e+01  1.510000e+00
   endloop
 endfacet
 facet normal  0.000000e+00  0.000000e+00  1.000000e+00
   outer loop
     vertex  1.921553e+02 -5.477956e+01  1.510000e+00
     vertex  1.920000e+02 -5.540000e+01  1.510000e+00
     vertex  1.921553e+02 -5.542044e+01  1.510000e+00
   endloop
 endfacet
 facet normal  0.000000e+00  0.000000e+00  1.000000e+00
   outer loop
     vertex  1.923000e+02 -5.471962e+01  1.510000e+00
     vertex  1.921553e+02 -5.477956e+01  1.510000e+00
     vertex  1.921553e+02 -5.542044e+01  1.510000e+00
   endloop
 endfacet
 facet normal  0.000000e+00  0.000000e+00  1.000000e+00
   outer loop
     vertex  1.923000e+02 -5.471962e+01  1.510000e+00
     vertex  1.921553e+02 -5.542044e+01  1.510000e+00
     vertex  1.923000e+02 -5.548038e+01  1.510000e+00
   endloop
 endfacet
 facet normal  0.000000e+00  0.000000e+00  1.000000e+00
   outer loop
     vertex  1.923000e+02 -5.471962e+01  1.510000e+00
     vertex  1.923000e+02 -5.548038e+01  1.510000e+00
     vertex  1.924243e+02 -5.557574e+01  1.510000e+00
   endloop
 endfacet
 facet normal  0.000000e+00  0.000000e+00  1.000000e+00
   outer loop
     vertex  1.924243e+02 -5.462426e+01  1.510000e+00
     vertex  1.923000e+02 -5.471962e+01  1.510000e+00
     vertex  1.924243e+02 -5.557574e+01  1.510000e+00
   endloop
 endfacet
 facet normal  0.000000e+00  0.000000e+00  1.000000e+00
   outer loop
     vertex  1.924243e+02 -5.462426e+01  1.510000e+00
     vertex  1.924243e+02 -5.557574e+01  1.510000e+00
     vertex  1.925196e+02 -5.570000e+01  1.510000e+00
   endloop
 endfacet
 facet normal  0.000000e+00  0.000000e+00  1.000000e+00
   outer loop
     vertex  1.925196e+02 -5.450000e+01  1.510000e+00
     vertex  1.924243e+02 -5.462426e+01  1.510000e+00
     vertex  1.925196e+02 -5.570000e+01  1.510000e+00
   endloop
 endfacet
 facet normal  0.000000e+00  0.000000e+00  1.000000e+00
   outer loop
     vertex  1.925796e+02 -5.435529e+01  1.510000e+00
     vertex  1.925196e+02 -5.450000e+01  1.510000e+00
     vertex  1.925196e+02 -5.570000e+01  1.510000e+00
   endloop
 endfacet
 facet normal  0.000000e+00  0.000000e+00  1.000000e+00
   outer loop
     vertex  1.925796e+02 -5.435529e+01  1.510000e+00
     vertex  1.925196e+02 -5.570000e+01  1.510000e+00
     vertex  1.925796e+02 -5.584471e+01  1.510000e+00
   endloop
 endfacet
 facet normal  0.000000e+00  0.000000e+00  1.000000e+00
   outer loop
     vertex  1.926000e+02 -5.420000e+01  1.510000e+00
     vertex  1.925796e+02 -5.435529e+01  1.510000e+00
     vertex  1.925796e+02 -5.584471e+01  1.510000e+00
   endloop
 endfacet
 facet normal  0.000000e+00  0.000000e+00  1.000000e+00
   outer loop
     vertex  1.926000e+02 -5.420000e+01  1.510000e+00
     vertex  1.925796e+02 -5.584471e+01  1.510000e+00
     vertex  1.926000e+02 -5.600000e+01  1.510000e+00
   endloop
 endfacet
 facet normal  0.000000e+00  0.000000e+00  1.000000e+00
   outer loop
     vertex  1.915757e+02 -5.282426e+01  1.510000e+00
     vertex  1.915757e+02 -5.377574e+01  1.510000e+00
     vertex  1.917000e+02 -5.368038e+01  1.510000e+00
   endloop
 endfacet
 facet normal  0.000000e+00  0.000000e+00  1.000000e+00
   outer loop
     vertex  1.917000e+02 -5.291962e+01  1.510000e+00
     vertex  1.917000e+02 -5.368038e+01  1.510000e+00
     vertex  1.918447e+02 -5.362044e+01  1.510000e+00
   endloop
 endfacet
 facet normal  0.000000e+00  0.000000e+00  1.000000e+00
   outer loop
     vertex  1.917000e+02 -5.291962e+01  1.510000e+00
     vertex  1.915757e+02 -5.282426e+01  1.510000e+00
     vertex  1.917000e+02 -5.368038e+01  1.510000e+00
   endloop
 endfacet
 facet normal  0.000000e+00  0.000000e+00  1.000000e+00
   outer loop
     vertex  1.914804e+02 -5.270000e+01  1.510000e+00
     vertex  1.914204e+02 -5.404471e+01  1.510000e+00
     vertex  1.914804e+02 -5.390000e+01  1.510000e+00
   endloop
 endfacet
 facet normal  0.000000e+00  0.000000e+00  1.000000e+00
   outer loop
     vertex  1.914804e+02 -5.270000e+01  1.510000e+00
     vertex  1.914804e+02 -5.390000e+01  1.510000e+00
     vertex  1.915757e+02 -5.377574e+01  1.510000e+00
   endloop
 endfacet
 facet normal  0.000000e+00  0.000000e+00  1.000000e+00
   outer loop
     vertex  1.914804e+02 -5.270000e+01  1.510000e+00
     vertex  1.915757e+02 -5.377574e+01  1.510000e+00
     vertex  1.915757e+02 -5.282426e+01  1.510000e+00
   endloop
 endfacet
 facet normal  0.000000e+00  0.000000e+00  1.000000e+00
   outer loop
     vertex  1.918447e+02 -5.297956e+01  1.510000e+00
     vertex  1.918447e+02 -5.362044e+01  1.510000e+00
     vertex  1.920000e+02 -5.360000e+01  1.510000e+00
   endloop
 endfacet
 facet normal  0.000000e+00  0.000000e+00  1.000000e+00
   outer loop
     vertex  1.918447e+02 -5.297956e+01  1.510000e+00
     vertex  1.917000e+02 -5.291962e+01  1.510000e+00
     vertex  1.918447e+02 -5.362044e+01  1.510000e+00
   endloop
 endfacet
 facet normal  0.000000e+00  0.000000e+00  1.000000e+00
   outer loop
     vertex  1.914204e+02 -5.255529e+01  1.510000e+00
     vertex  1.914000e+02 -5.420000e+01  1.510000e+00
     vertex  1.914204e+02 -5.404471e+01  1.510000e+00
   endloop
 endfacet
 facet normal  0.000000e+00  0.000000e+00  1.000000e+00
   outer loop
     vertex  1.914204e+02 -5.255529e+01  1.510000e+00
     vertex  1.914204e+02 -5.404471e+01  1.510000e+00
     vertex  1.914804e+02 -5.270000e+01  1.510000e+00
   endloop
 endfacet
 facet normal  0.000000e+00  0.000000e+00  1.000000e+00
   outer loop
     vertex  1.920000e+02 -5.300000e+01  1.510000e+00
     vertex  1.918447e+02 -5.297956e+01  1.510000e+00
     vertex  1.920000e+02 -5.360000e+01  1.510000e+00
   endloop
 endfacet
 facet normal  0.000000e+00  0.000000e+00  1.000000e+00
   outer loop
     vertex  1.914000e+02 -5.240000e+01  1.510000e+00
     vertex  1.914000e+02 -5.420000e+01  1.510000e+00
     vertex  1.914204e+02 -5.255529e+01  1.510000e+00
   endloop
 endfacet
 facet normal  0.000000e+00  0.000000e+00  1.000000e+00
   outer loop
     vertex  1.914000e+02 -5.240000e+01  1.510000e+00
     vertex  1.784141e+02 -6.095452e+01  1.510000e+00
     vertex  1.788000e+02 -6.111436e+01  1.510000e+00
   endloop
 endfacet
 facet normal  0.000000e+00  0.000000e+00  1.000000e+00
   outer loop
     vertex  1.914000e+02 -5.240000e+01  1.510000e+00
     vertex  1.788000e+02 -6.111436e+01  1.510000e+00
     vertex  1.914000e+02 -5.420000e+01  1.510000e+00
   endloop
 endfacet
 facet normal  0.000000e+00  0.000000e+00  1.000000e+00
   outer loop
     vertex  1.914204e+02 -5.224471e+01  1.510000e+00
     vertex  1.780000e+02 -6.090000e+01  1.510000e+00
     vertex  1.784141e+02 -6.095452e+01  1.510000e+00
   endloop
 endfacet
 facet normal  0.000000e+00  0.000000e+00  1.000000e+00
   outer loop
     vertex  1.914204e+02 -5.224471e+01  1.510000e+00
     vertex  1.784141e+02 -6.095452e+01  1.510000e+00
     vertex  1.914000e+02 -5.240000e+01  1.510000e+00
   endloop
 endfacet
 facet normal  0.000000e+00  0.000000e+00  1.000000e+00
   outer loop
     vertex  1.921553e+02 -5.297956e+01  1.510000e+00
     vertex  1.920000e+02 -5.300000e+01  1.510000e+00
     vertex  1.920000e+02 -5.360000e+01  1.510000e+00
   endloop
 endfacet
 facet normal  0.000000e+00  0.000000e+00  1.000000e+00
   outer loop
     vertex  1.921553e+02 -5.297956e+01  1.510000e+00
     vertex  1.920000e+02 -5.360000e+01  1.510000e+00
     vertex  1.921553e+02 -5.362044e+01  1.510000e+00
   endloop
 endfacet
 facet normal  0.000000e+00  0.000000e+00  1.000000e+00
   outer loop
     vertex  1.921553e+02 -5.297956e+01  1.510000e+00
     vertex  1.921553e+02 -5.362044e+01  1.510000e+00
     vertex  1.923000e+02 -5.368038e+01  1.510000e+00
   endloop
 endfacet
 facet normal  0.000000e+00  0.000000e+00  1.000000e+00
   outer loop
     vertex  1.914804e+02 -5.210000e+01  1.510000e+00
     vertex  1.780000e+02 -6.090000e+01  1.510000e+00
     vertex  1.914204e+02 -5.224471e+01  1.510000e+00
   endloop
 endfacet
 facet normal  0.000000e+00  0.000000e+00  1.000000e+00
   outer loop
     vertex  1.914804e+02 -5.210000e+01  1.510000e+00
     vertex  1.645196e+02 -5.210000e+01  1.510000e+00
     vertex  1.780000e+02 -6.090000e+01  1.510000e+00
   endloop
 endfacet
 facet normal  0.000000e+00  0.000000e+00  1.000000e+00
   outer loop
     vertex  1.923000e+02 -5.291962e+01  1.510000e+00
     vertex  1.923000e+02 -5.368038e+01  1.510000e+00
     vertex  1.924243e+02 -5.377574e+01  1.510000e+00
   endloop
 endfacet
 facet normal  0.000000e+00  0.000000e+00  1.000000e+00
   outer loop
     vertex  1.923000e+02 -5.291962e+01  1.510000e+00
     vertex  1.921553e+02 -5.297956e+01  1.510000e+00
     vertex  1.923000e+02 -5.368038e+01  1.510000e+00
   endloop
 endfacet
 facet normal  0.000000e+00  0.000000e+00  1.000000e+00
   outer loop
     vertex  1.915757e+02 -5.197574e+01  1.510000e+00
     vertex  1.645196e+02 -5.210000e+01  1.510000e+00
     vertex  1.914804e+02 -5.210000e+01  1.510000e+00
   endloop
 endfacet
 facet normal  0.000000e+00  0.000000e+00  1.000000e+00
   outer loop
     vertex  1.915757e+02 -5.197574e+01  1.510000e+00
     vertex  1.643000e+02 -5.188038e+01  1.510000e+00
     vertex  1.644243e+02 -5.197574e+01  1.510000e+00
   endloop
 endfacet
 facet normal  0.000000e+00  0.000000e+00  1.000000e+00
   outer loop
     vertex  1.915757e+02 -5.197574e+01  1.510000e+00
     vertex  1.644243e+02 -5.197574e+01  1.510000e+00
     vertex  1.645196e+02 -5.210000e+01  1.510000e+00
   endloop
 endfacet
 facet normal  0.000000e+00  0.000000e+00  1.000000e+00
   outer loop
     vertex  1.924243e+02 -5.282426e+01  1.510000e+00
     vertex  1.923000e+02 -5.291962e+01  1.510000e+00
     vertex  1.924243e+02 -5.377574e+01  1.510000e+00
   endloop
 endfacet
 facet normal  0.000000e+00  0.000000e+00  1.000000e+00
   outer loop
     vertex  1.924243e+02 -5.282426e+01  1.510000e+00
     vertex  1.924243e+02 -5.377574e+01  1.510000e+00
     vertex  1.925196e+02 -5.390000e+01  1.510000e+00
   endloop
 endfacet
 facet normal  0.000000e+00  0.000000e+00  1.000000e+00
   outer loop
     vertex  1.917000e+02 -5.188038e+01  1.510000e+00
     vertex  1.643000e+02 -5.188038e+01  1.510000e+00
     vertex  1.915757e+02 -5.197574e+01  1.510000e+00
   endloop
 endfacet
 facet normal  0.000000e+00  0.000000e+00  1.000000e+00
   outer loop
     vertex  1.925196e+02 -5.270000e+01  1.510000e+00
     vertex  1.924243e+02 -5.282426e+01  1.510000e+00
     vertex  1.925196e+02 -5.390000e+01  1.510000e+00
   endloop
 endfacet
 facet normal  0.000000e+00  0.000000e+00  1.000000e+00
   outer loop
     vertex  1.918447e+02 -5.182044e+01  1.510000e+00
     vertex  1.643000e+02 -5.188038e+01  1.510000e+00
     vertex  1.917000e+02 -5.188038e+01  1.510000e+00
   endloop
 endfacet
 facet normal  0.000000e+00  0.000000e+00  1.000000e+00
   outer loop
     vertex  1.918447e+02 -5.182044e+01  1.510000e+00
     vertex  1.641553e+02 -5.182044e+01  1.510000e+00
     vertex  1.643000e+02 -5.188038e+01  1.510000e+00
   endloop
 endfacet
 facet normal  0.000000e+00  0.000000e+00  1.000000e+00
   outer loop
     vertex  1.925796e+02 -5.255529e+01  1.510000e+00
     vertex  1.925196e+02 -5.270000e+01  1.510000e+00
     vertex  1.925196e+02 -5.390000e+01  1.510000e+00
   endloop
 endfacet
 facet normal  0.000000e+00  0.000000e+00  1.000000e+00
   outer loop
     vertex  1.925796e+02 -5.255529e+01  1.510000e+00
     vertex  1.925196e+02 -5.390000e+01  1.510000e+00
     vertex  1.925796e+02 -5.404471e+01  1.510000e+00
   endloop
 endfacet
 facet normal  0.000000e+00  0.000000e+00  1.000000e+00
   outer loop
     vertex  2.040000e+02 -5.000000e+01  1.510000e+00
     vertex  1.925796e+02 -5.404471e+01  1.510000e+00
     vertex  1.926000e+02 -5.420000e+01  1.510000e+00
   endloop
 endfacet
 facet normal  0.000000e+00  0.000000e+00  1.000000e+00
   outer loop
     vertex  2.040000e+02 -5.000000e+01  1.510000e+00
     vertex  1.925196e+02 -5.630000e+01  1.510000e+00
     vertex  1.925196e+02 -6.860000e+01  1.510000e+00
   endloop
 endfacet
 facet normal  0.000000e+00  0.000000e+00  1.000000e+00
   outer loop
     vertex  2.040000e+02 -5.000000e+01  1.510000e+00
     vertex  1.925796e+02 -5.255529e+01  1.510000e+00
     vertex  1.925796e+02 -5.404471e+01  1.510000e+00
   endloop
 endfacet
 facet normal  0.000000e+00  0.000000e+00  1.000000e+00
   outer loop
     vertex  2.040000e+02 -5.000000e+01  1.510000e+00
     vertex  1.925196e+02 -6.860000e+01  1.510000e+00
     vertex  2.040000e+02 -7.500000e+01  1.510000e+00
   endloop
 endfacet
 facet normal  0.000000e+00  0.000000e+00  1.000000e+00
   outer loop
     vertex  2.040000e+02 -5.000000e+01  1.510000e+00
     vertex  1.920000e+02 -5.180000e+01  1.510000e+00
     vertex  1.921553e+02 -5.182044e+01  1.510000e+00
   endloop
 endfacet
 facet normal  0.000000e+00  0.000000e+00  1.000000e+00
   outer loop
     vertex  2.040000e+02 -5.000000e+01  1.510000e+00
     vertex  1.921553e+02 -5.182044e+01  1.510000e+00
     vertex  1.923000e+02 -5.188038e+01  1.510000e+00
   endloop
 endfacet
 facet normal  0.000000e+00  0.000000e+00  1.000000e+00
   outer loop
     vertex  2.040000e+02 -5.000000e+01  1.510000e+00
     vertex  1.923000e+02 -5.188038e+01  1.510000e+00
     vertex  1.924243e+02 -5.197574e+01  1.510000e+00
   endloop
 endfacet
 facet normal  0.000000e+00  0.000000e+00  1.000000e+00
   outer loop
     vertex  2.040000e+02 -5.000000e+01  1.510000e+00
     vertex  1.924243e+02 -5.197574e+01  1.510000e+00
     vertex  1.925196e+02 -5.210000e+01  1.510000e+00
   endloop
 endfacet
 facet normal  0.000000e+00  0.000000e+00  1.000000e+00
   outer loop
     vertex  2.040000e+02 -5.000000e+01  1.510000e+00
     vertex  1.925196e+02 -5.210000e+01  1.510000e+00
     vertex  1.925796e+02 -5.224471e+01  1.510000e+00
   endloop
 endfacet
 facet normal  0.000000e+00  0.000000e+00  1.000000e+00
   outer loop
     vertex  2.040000e+02 -5.000000e+01  1.510000e+00
     vertex  1.925796e+02 -5.224471e+01  1.510000e+00
     vertex  1.926000e+02 -5.240000e+01  1.510000e+00
   endloop
 endfacet
 facet normal  0.000000e+00  0.000000e+00  1.000000e+00
   outer loop
     vertex  2.040000e+02 -5.000000e+01  1.510000e+00
     vertex  1.926000e+02 -5.240000e+01  1.510000e+00
     vertex  1.925796e+02 -5.255529e+01  1.510000e+00
   endloop
 endfacet
 facet normal  0.000000e+00  0.000000e+00  1.000000e+00
   outer loop
     vertex  2.040000e+02 -5.000000e+01  1.510000e+00
     vertex  1.926000e+02 -5.420000e+01  1.510000e+00
     vertex  1.926000e+02 -5.600000e+01  1.510000e+00
   endloop
 endfacet
 facet normal  0.000000e+00  0.000000e+00  1.000000e+00
   outer loop
     vertex  2.040000e+02 -5.000000e+01  1.510000e+00
     vertex  1.926000e+02 -5.600000e+01  1.510000e+00
     vertex  1.925796e+02 -5.615529e+01  1.510000e+00
   endloop
 endfacet
 facet normal  0.000000e+00  0.000000e+00  1.000000e+00
   outer loop
     vertex  2.040000e+02 -5.000000e+01  1.510000e+00
     vertex  1.925796e+02 -5.615529e+01  1.510000e+00
     vertex  1.925196e+02 -5.630000e+01  1.510000e+00
   endloop
 endfacet
 facet normal  0.000000e+00  0.000000e+00  1.000000e+00
   outer loop
     vertex  1.000000e+02 -7.500000e+01  1.510000e+00
     vertex  2.040000e+02 -7.500000e+01  1.510000e+00
     vertex  1.640000e+02 -7.310000e+01  1.510000e+00
   endloop
 endfacet
 facet normal  0.000000e+00  0.000000e+00  1.000000e+00
   outer loop
     vertex  1.000000e+02 -7.500000e+01  1.510000e+00
     vertex  1.640000e+02 -7.310000e+01  1.510000e+00
     vertex  1.360000e+02 -7.310000e+01  1.510000e+00
   endloop
 endfacet
 facet normal  0.000000e+00  0.000000e+00  1.000000e+00
   outer loop
     vertex  2.040000e+02 -5.000000e+01  1.510000e+00
     vertex  1.000000e+02 -5.000000e+01  1.510000e+00
     vertex  1.360000e+02 -5.180000e+01  1.510000e+00
   endloop
 endfacet
 facet normal  0.000000e+00  0.000000e+00  1.000000e+00
   outer loop
     vertex  1.360000e+02 -5.180000e+01  1.510000e+00
     vertex  1.000000e+02 -5.000000e+01  1.510000e+00
     vertex  1.358447e+02 -5.182044e+01  1.510000e+00
   endloop
 endfacet
 facet normal  0.000000e+00  0.000000e+00  1.000000e+00
   outer loop
     vertex  1.358447e+02 -5.182044e+01  1.510000e+00
     vertex  1.000000e+02 -5.000000e+01  1.510000e+00
     vertex  1.081553e+02 -5.182044e+01  1.510000e+00
   endloop
 endfacet
 facet normal  0.000000e+00  0.000000e+00  1.000000e+00
   outer loop
     vertex  2.040000e+02 -5.000000e+01  1.510000e+00
     vertex  1.360000e+02 -5.180000e+01  1.510000e+00
     vertex  1.361553e+02 -5.182044e+01  1.510000e+00
   endloop
 endfacet
 facet normal  0.000000e+00  0.000000e+00  1.000000e+00
   outer loop
     vertex  2.040000e+02 -5.000000e+01  1.510000e+00
     vertex  1.361553e+02 -5.182044e+01  1.510000e+00
     vertex  1.640000e+02 -5.180000e+01  1.510000e+00
   endloop
 endfacet
 facet normal  0.000000e+00  0.000000e+00  1.000000e+00
   outer loop
     vertex  1.640000e+02 -5.180000e+01  1.510000e+00
     vertex  1.361553e+02 -5.182044e+01  1.510000e+00
     vertex  1.638447e+02 -5.182044e+01  1.510000e+00
   endloop
 endfacet
 facet normal  0.000000e+00  0.000000e+00  1.000000e+00
   outer loop
     vertex  2.040000e+02 -5.000000e+01  1.510000e+00
     vertex  1.640000e+02 -5.180000e+01  1.510000e+00
     vertex  1.641553e+02 -5.182044e+01  1.510000e+00
   endloop
 endfacet
 facet normal  0.000000e+00  0.000000e+00  1.000000e+00
   outer loop
     vertex  2.040000e+02 -5.000000e+01  1.510000e+00
     vertex  1.641553e+02 -5.182044e+01  1.510000e+00
     vertex  1.920000e+02 -5.180000e+01  1.510000e+00
   endloop
 endfacet
 facet normal  0.000000e+00  0.000000e+00  1.000000e+00
   outer loop
     vertex  1.920000e+02 -5.180000e+01  1.510000e+00
     vertex  1.641553e+02 -5.182044e+01  1.510000e+00
     vertex  1.918447e+02 -5.182044e+01  1.510000e+00
   endloop
 endfacet
 facet normal  0.000000e+00  1.000000e+00  0.000000e+00
   outer loop
     vertex  2.040000e+02 -5.000000e+01  0.000000e+00
     vertex  1.000000e+02 -5.000000e+01  0.000000e+00
     vertex  1.000000e+02 -5.000000e+01  1.510000e+00
   endloop
 endfacet
 facet normal  0.000000e+00  1.000000e+00 -0.000000e+00
   outer loop
     vertex  2.040000e+02 -5.000000e+01  0.000000e+00
     vertex  1.000000e+02 -5.000000e+01  1.510000e+00
     vertex  2.040000e+02 -5.000000e+01  1.510000e+00
   endloop
 endfacet
 facet normal -1.305262e-01  9.914449e-01  0.000000e+00
   outer loop
     vertex  1.081553e+02 -7.307956e+01  0.000000e+00
     vertex  1.080000e+02 -7.310000e+01  0.000000e+00
     vertex  1.080000e+02 -7.310000e+01  1.510000e+00
   endloop
 endfacet
 facet normal -1.305262e-01  9.914449e-01  0.000000e+00
   outer loop
     vertex  1.081553e+02 -7.307956e+01  0.000000e+00
     vertex  1.080000e+02 -7.310000e+01  1.510000e+00
     vertex  1.081553e+02 -7.307956e+01  1.510000e+00
   endloop
 endfacet
 facet normal -3.826834e-01  9.238795e-01  0.000000e+00
   outer loop
     vertex  1.083000e+02 -7.301962e+01  0.000000e+00
     vertex  1.081553e+02 -7.307956e+01  1.510000e+00
     vertex  1.083000e+02 -7.301962e+01  1.510000e+00
   endloop
 endfacet
 facet normal -3.826834e-01  9.238795e-01  0.000000e+00
   outer loop
     vertex  1.083000e+02 -7.301962e+01  0.000000e+00
     vertex  1.081553e+02 -7.307956e+01  0.000000e+00
     vertex  1.081553e+02 -7.307956e+01  1.510000e+00
   endloop
 endfacet
 facet normal -6.087614e-01  7.933533e-01  0.000000e+00
   outer loop
     vertex  1.084243e+02 -7.292426e+01  0.000000e+00
     vertex  1.083000e+02 -7.301962e+01  1.510000e+00
     vertex  1.084243e+02 -7.292426e+01  1.510000e+00
   endloop
 endfacet
 facet normal -6.087614e-01  7.933533e-01  0.000000e+00
   outer loop
     vertex  1.084243e+02 -7.292426e+01  0.000000e+00
     vertex  1.083000e+02 -7.301962e+01  0.000000e+00
     vertex  1.083000e+02 -7.301962e+01  1.510000e+00
   endloop
 endfacet
 facet normal -7.933533e-01  6.087614e-01  0.000000e+00
   outer loop
     vertex  1.085196e+02 -7.280000e+01  0.000000e+00
     vertex  1.084243e+02 -7.292426e+01  1.510000e+00
     vertex  1.085196e+02 -7.280000e+01  1.510000e+00
   endloop
 endfacet
 facet normal -7.933533e-01  6.087614e-01  0.000000e+00
   outer loop
     vertex  1.085196e+02 -7.280000e+01  0.000000e+00
     vertex  1.084243e+02 -7.292426e+01  0.000000e+00
     vertex  1.084243e+02 -7.292426e+01  1.510000e+00
   endloop
 endfacet
 facet normal -9.238795e-01  3.826834e-01  0.000000e+00
   outer loop
     vertex  1.085796e+02 -7.265529e+01  0.000000e+00
     vertex  1.085196e+02 -7.280000e+01  1.510000e+00
     vertex  1.085796e+02 -7.265529e+01  1.510000e+00
   endloop
 endfacet
 facet normal -9.238795e-01  3.826834e-01  0.000000e+00
   outer loop
     vertex  1.085796e+02 -7.265529e+01  0.000000e+00
     vertex  1.085196e+02 -7.280000e+01  0.000000e+00
     vertex  1.085196e+02 -7.280000e+01  1.510000e+00
   endloop
 endfacet
 facet normal -9.914449e-01  1.305262e-01  0.000000e+00
   outer loop
     vertex  1.086000e+02 -7.250000e+01  0.000000e+00
     vertex  1.085796e+02 -7.265529e+01  1.510000e+00
     vertex  1.086000e+02 -7.250000e+01  1.510000e+00
   endloop
 endfacet
 facet normal -9.914449e-01  1.305262e-01  0.000000e+00
   outer loop
     vertex  1.086000e+02 -7.250000e+01  0.000000e+00
     vertex  1.085796e+02 -7.265529e+01  0.000000e+00
     vertex  1.085796e+02 -7.265529e+01  1.510000e+00
   endloop
 endfacet
 facet normal -9.914449e-01 -1.305262e-01  0.000000e+00
   outer loop
     vertex  1.085796e+02 -7.234471e+01  0.000000e+00
     vertex  1.086000e+02 -7.250000e+01  1.510000e+00
     vertex  1.085796e+02 -7.234471e+01  1.510000e+00
   endloop
 endfacet
 facet normal -9.914449e-01 -1.305262e-01  0.000000e+00
   outer loop
     vertex  1.085796e+02 -7.234471e+01  0.000000e+00
     vertex  1.086000e+02 -7.250000e+01  0.000000e+00
     vertex  1.086000e+02 -7.250000e+01  1.510000e+00
   endloop
 endfacet
 facet normal -9.238795e-01 -3.826834e-01  0.000000e+00
   outer loop
     vertex  1.085196e+02 -7.220000e+01  0.000000e+00
     vertex  1.085796e+02 -7.234471e+01  1.510000e+00
     vertex  1.085196e+02 -7.220000e+01  1.510000e+00
   endloop
 endfacet
 facet normal -9.238795e-01 -3.826834e-01  0.000000e+00
   outer loop
     vertex  1.085196e+02 -7.220000e+01  0.000000e+00
     vertex  1.085796e+02 -7.234471e+01  0.000000e+00
     vertex  1.085796e+02 -7.234471e+01  1.510000e+00
   endloop
 endfacet
 facet normal -7.933533e-01 -6.087614e-01  0.000000e+00
   outer loop
     vertex  1.084243e+02 -7.207574e+01  0.000000e+00
     vertex  1.085196e+02 -7.220000e+01  1.510000e+00
     vertex  1.084243e+02 -7.207574e+01  1.510000e+00
   endloop
 endfacet
 facet normal -7.933533e-01 -6.087614e-01  0.000000e+00
   outer loop
     vertex  1.084243e+02 -7.207574e+01  0.000000e+00
     vertex  1.085196e+02 -7.220000e+01  0.000000e+00
     vertex  1.085196e+02 -7.220000e+01  1.510000e+00
   endloop
 endfacet
 facet normal -6.087614e-01 -7.933533e-01  0.000000e+00
   outer loop
     vertex  1.083000e+02 -7.198038e+01  0.000000e+00
     vertex  1.084243e+02 -7.207574e+01  1.510000e+00
     vertex  1.083000e+02 -7.198038e+01  1.510000e+00
   endloop
 endfacet
 facet normal -6.087614e-01 -7.933533e-01  0.000000e+00
   outer loop
     vertex  1.083000e+02 -7.198038e+01  0.000000e+00
     vertex  1.084243e+02 -7.207574e+01  0.000000e+00
     vertex  1.084243e+02 -7.207574e+01  1.510000e+00
   endloop
 endfacet
 facet normal -3.826834e-01 -9.238795e-01  0.000000e+00
   outer loop
     vertex  1.081553e+02 -7.192044e+01  0.000000e+00
     vertex  1.083000e+02 -7.198038e+01  1.510000e+00
     vertex  1.081553e+02 -7.192044e+01  1.510000e+00
   endloop
 endfacet
 facet normal -3.826834e-01 -9.238795e-01  0.000000e+00
   outer loop
     vertex  1.081553e+02 -7.192044e+01  0.000000e+00
     vertex  1.083000e+02 -7.198038e+01  0.000000e+00
     vertex  1.083000e+02 -7.198038e+01  1.510000e+00
   endloop
 endfacet
 facet normal -1.305262e-01 -9.914449e-01  0.000000e+00
   outer loop
     vertex  1.080000e+02 -7.190000e+01  0.000000e+00
     vertex  1.081553e+02 -7.192044e+01  1.510000e+00
     vertex  1.080000e+02 -7.190000e+01  1.510000e+00
   endloop
 endfacet
 facet normal -1.305262e-01 -9.914449e-01  0.000000e+00
   outer loop
     vertex  1.080000e+02 -7.190000e+01  0.000000e+00
     vertex  1.081553e+02 -7.192044e+01  0.000000e+00
     vertex  1.081553e+02 -7.192044e+01  1.510000e+00
   endloop
 endfacet
 facet normal  1.305262e-01 -9.914449e-01  0.000000e+00
   outer loop
     vertex  1.078447e+02 -7.192044e+01  0.000000e+00
     vertex  1.080000e+02 -7.190000e+01  1.510000e+00
     vertex  1.078447e+02 -7.192044e+01  1.510000e+00
   endloop
 endfacet
 facet normal  1.305262e-01 -9.914449e-01  0.000000e+00
   outer loop
     vertex  1.078447e+02 -7.192044e+01  0.000000e+00
     vertex  1.080000e+02 -7.190000e+01  0.000000e+00
     vertex  1.080000e+02 -7.190000e+01  1.510000e+00
   endloop
 endfacet
 facet normal  3.826834e-01 -9.238795e-01  0.000000e+00
   outer loop
     vertex  1.077000e+02 -7.198038e+01  0.000000e+00
     vertex  1.078447e+02 -7.192044e+01  0.000000e+00
     vertex  1.078447e+02 -7.192044e+01  1.510000e+00
   endloop
 endfacet
 facet normal  3.826834e-01 -9.238795e-01  0.000000e+00
   outer loop
     vertex  1.077000e+02 -7.198038e+01  0.000000e+00
     vertex  1.078447e+02 -7.192044e+01  1.510000e+00
     vertex  1.077000e+02 -7.198038e+01  1.510000e+00
   endloop
 endfacet
 facet normal  6.087614e-01 -7.933533e-01  0.000000e+00
   outer loop
     vertex  1.075757e+02 -7.207574e+01  0.000000e+00
     vertex  1.077000e+02 -7.198038e+01  0.000000e+00
     vertex  1.077000e+02 -7.198038e+01  1.510000e+00
   endloop
 endfacet
 facet normal  7.933533e-01 -6.087614e-01  0.000000e+00
   outer loop
     vertex  1.075757e+02 -7.207574e+01  0.000000e+00
     vertex  1.075757e+02 -7.207574e+01  1.510000e+00
     vertex  1.074804e+02 -7.220000e+01  1.510000e+00
   endloop
 endfacet
 facet normal  6.087614e-01 -7.933533e-01  0.000000e+00
   outer loop
     vertex  1.075757e+02 -7.207574e+01  0.000000e+00
     vertex  1.077000e+02 -7.198038e+01  1.510000e+00
     vertex  1.075757e+02 -7.207574e+01  1.510000e+00
   endloop
 endfacet
 facet normal  7.933533e-01 -6.087614e-01  0.000000e+00
   outer loop
     vertex  1.074804e+02 -7.220000e+01  0.000000e+00
     vertex  1.075757e+02 -7.207574e+01  0.000000e+00
     vertex  1.074804e+02 -7.220000e+01  1.510000e+00
   endloop
 endfacet
 facet normal  9.238795e-01 -3.826834e-01  0.000000e+00
   outer loop
     vertex  1.074804e+02 -7.220000e+01  0.000000e+00
     vertex  1.074804e+02 -7.220000e+01  1.510000e+00
     vertex  1.074204e+02 -7.234471e+01  1.510000e+00
   endloop
 endfacet
 facet normal  9.238795e-01 -3.826834e-01  0.000000e+00
   outer loop
     vertex  1.074204e+02 -7.234471e+01  0.000000e+00
     vertex  1.074804e+02 -7.220000e+01  0.000000e+00
     vertex  1.074204e+02 -7.234471e+01  1.510000e+00
   endloop
 endfacet
 facet normal  9.914449e-01 -1.305262e-01  0.000000e+00
   outer loop
     vertex  1.074000e+02 -7.250000e+01  0.000000e+00
     vertex  1.074204e+02 -7.234471e+01  0.000000e+00
     vertex  1.074204e+02 -7.234471e+01  1.510000e+00
   endloop
 endfacet
 facet normal  9.914449e-01 -1.305262e-01  0.000000e+00
   outer loop
     vertex  1.074000e+02 -7.250000e+01  0.000000e+00
     vertex  1.074204e+02 -7.234471e+01  1.510000e+00
     vertex  1.074000e+02 -7.250000e+01  1.510000e+00
   endloop
 endfacet
 facet normal  9.914449e-01  1.305262e-01 -0.000000e+00
   outer loop
     vertex  1.074204e+02 -7.265529e+01  0.000000e+00
     vertex  1.074000e+02 -7.250000e+01  1.510000e+00
     vertex  1.074204e+02 -7.265529e+01  1.510000e+00
   endloop
 endfacet
 facet normal  9.914449e-01  1.305262e-01  0.000000e+00
   outer loop
     vertex  1.074204e+02 -7.265529e+01  0.000000e+00
     vertex  1.074000e+02 -7.250000e+01  0.000000e+00
     vertex  1.074000e+02 -7.250000e+01  1.510000e+00
   endloop
 endfacet
 facet normal  9.238795e-01  3.826834e-01 -0.000000e+00
   outer loop
     vertex  1.074804e+02 -7.280000e+01  0.000000e+00
     vertex  1.074204e+02 -7.265529e+01  1.510000e+00
     vertex  1.074804e+02 -7.280000e+01  1.510000e+00
   endloop
 endfacet
 facet normal  9.238795e-01  3.826834e-01  0.000000e+00
   outer loop
     vertex  1.074804e+02 -7.280000e+01  0.000000e+00
     vertex  1.074204e+02 -7.265529e+01  0.000000e+00
     vertex  1.074204e+02 -7.265529e+01  1.510000e+00
   endloop
 endfacet
 facet normal  6.087614e-01  7.933533e-01 -0.000000e+00
   outer loop
     vertex  1.075757e+02 -7.292426e+01  0.000000e+00
     vertex  1.075757e+02 -7.292426e+01  1.510000e+00
     vertex  1.077000e+02 -7.301962e+01  1.510000e+00
   endloop
 endfacet
 facet normal  7.933533e-01  6.087614e-01 -0.000000e+00
   outer loop
     vertex  1.075757e+02 -7.292426e+01  0.000000e+00
     vertex  1.074804e+02 -7.280000e+01  1.510000e+00
     vertex  1.075757e+02 -7.292426e+01  1.510000e+00
   endloop
 endfacet
 facet normal  7.933533e-01  6.087614e-01  0.000000e+00
   outer loop
     vertex  1.075757e+02 -7.292426e+01  0.000000e+00
     vertex  1.074804e+02 -7.280000e+01  0.000000e+00
     vertex  1.074804e+02 -7.280000e+01  1.510000e+00
   endloop
 endfacet
 facet normal  6.087614e-01  7.933533e-01 -0.000000e+00
   outer loop
     vertex  1.077000e+02 -7.301962e+01  0.000000e+00
     vertex  1.075757e+02 -7.292426e+01  0.000000e+00
     vertex  1.077000e+02 -7.301962e+01  1.510000e+00
   endloop
 endfacet
 facet normal  3.826834e-01  9.238795e-01 -0.000000e+00
   outer loop
     vertex  1.078447e+02 -7.307956e+01  0.000000e+00
     vertex  1.077000e+02 -7.301962e+01  1.510000e+00
     vertex  1.078447e+02 -7.307956e+01  1.510000e+00
   endloop
 endfacet
 facet normal  3.826834e-01  9.238795e-01  0.000000e+00
   outer loop
     vertex  1.078447e+02 -7.307956e+01  0.000000e+00
     vertex  1.077000e+02 -7.301962e+01  0.000000e+00
     vertex  1.077000e+02 -7.301962e+01  1.510000e+00
   endloop
 endfacet
 facet normal  1.305262e-01  9.914449e-01 -0.000000e+00
   outer loop
     vertex  1.080000e+02 -7.310000e+01  0.000000e+00
     vertex  1.078447e+02 -7.307956e+01  1.510000e+00
     vertex  1.080000e+02 -7.310000e+01  1.510000e+00
   endloop
 endfacet
 facet normal  1.305262e-01  9.914449e-01  0.000000e+00
   outer loop
     vertex  1.080000e+02 -7.310000e+01  0.000000e+00
     vertex  1.078447e+02 -7.307956e+01  0.000000e+00
     vertex  1.078447e+02 -7.307956e+01  1.510000e+00
   endloop
 endfacet
 facet normal -1.305262e-01  9.914449e-01  0.000000e+00
   outer loop
     vertex  1.081553e+02 -7.127956e+01  0.000000e+00
     vertex  1.080000e+02 -7.130000e+01  0.000000e+00
     vertex  1.080000e+02 -7.130000e+01  1.510000e+00
   endloop
 endfacet
 facet normal -1.305262e-01  9.914449e-01  0.000000e+00
   outer loop
     vertex  1.081553e+02 -7.127956e+01  0.000000e+00
     vertex  1.080000e+02 -7.130000e+01  1.510000e+00
     vertex  1.081553e+02 -7.127956e+01  1.510000e+00
   endloop
 endfacet
 facet normal -3.826834e-01  9.238795e-01  0.000000e+00
   outer loop
     vertex  1.083000e+02 -7.121962e+01  0.000000e+00
     vertex  1.081553e+02 -7.127956e+01  1.510000e+00
     vertex  1.083000e+02 -7.121962e+01  1.510000e+00
   endloop
 endfacet
 facet normal -3.826834e-01  9.238795e-01  0.000000e+00
   outer loop
     vertex  1.083000e+02 -7.121962e+01  0.000000e+00
     vertex  1.081553e+02 -7.127956e+01  0.000000e+00
     vertex  1.081553e+02 -7.127956e+01  1.510000e+00
   endloop
 endfacet
 facet normal -6.087614e-01  7.933533e-01  0.000000e+00
   outer loop
     vertex  1.084243e+02 -7.112426e+01  0.000000e+00
     vertex  1.083000e+02 -7.121962e+01  1.510000e+00
     vertex  1.084243e+02 -7.112426e+01  1.510000e+00
   endloop
 endfacet
 facet normal -6.087614e-01  7.933533e-01  0.000000e+00
   outer loop
     vertex  1.084243e+02 -7.112426e+01  0.000000e+00
     vertex  1.083000e+02 -7.121962e+01  0.000000e+00
     vertex  1.083000e+02 -7.121962e+01  1.510000e+00
   endloop
 endfacet
 facet normal -7.933533e-01  6.087614e-01  0.000000e+00
   outer loop
     vertex  1.085196e+02 -7.100000e+01  0.000000e+00
     vertex  1.084243e+02 -7.112426e+01  1.510000e+00
     vertex  1.085196e+02 -7.100000e+01  1.510000e+00
   endloop
 endfacet
 facet normal -7.933533e-01  6.087614e-01  0.000000e+00
   outer loop
     vertex  1.085196e+02 -7.100000e+01  0.000000e+00
     vertex  1.084243e+02 -7.112426e+01  0.000000e+00
     vertex  1.084243e+02 -7.112426e+01  1.510000e+00
   endloop
 endfacet
 facet normal -9.238795e-01  3.826834e-01  0.000000e+00
   outer loop
     vertex  1.085796e+02 -7.085529e+01  0.000000e+00
     vertex  1.085196e+02 -7.100000e+01  1.510000e+00
     vertex  1.085796e+02 -7.085529e+01  1.510000e+00
   endloop
 endfacet
 facet normal -9.238795e-01  3.826834e-01  0.000000e+00
   outer loop
     vertex  1.085796e+02 -7.085529e+01  0.000000e+00
     vertex  1.085196e+02 -7.100000e+01  0.000000e+00
     vertex  1.085196e+02 -7.100000e+01  1.510000e+00
   endloop
 endfacet
 facet normal -9.914449e-01  1.305262e-01  0.000000e+00
   outer loop
     vertex  1.086000e+02 -7.070000e+01  0.000000e+00
     vertex  1.085796e+02 -7.085529e+01  1.510000e+00
     vertex  1.086000e+02 -7.070000e+01  1.510000e+00
   endloop
 endfacet
 facet normal -9.914449e-01  1.305262e-01  0.000000e+00
   outer loop
     vertex  1.086000e+02 -7.070000e+01  0.000000e+00
     vertex  1.085796e+02 -7.085529e+01  0.000000e+00
     vertex  1.085796e+02 -7.085529e+01  1.510000e+00
   endloop
 endfacet
 facet normal -9.914449e-01 -1.305262e-01  0.000000e+00
   outer loop
     vertex  1.085796e+02 -7.054471e+01  0.000000e+00
     vertex  1.086000e+02 -7.070000e+01  1.510000e+00
     vertex  1.085796e+02 -7.054471e+01  1.510000e+00
   endloop
 endfacet
 facet normal -9.914449e-01 -1.305262e-01  0.000000e+00
   outer loop
     vertex  1.085796e+02 -7.054471e+01  0.000000e+00
     vertex  1.086000e+02 -7.070000e+01  0.000000e+00
     vertex  1.086000e+02 -7.070000e+01  1.510000e+00
   endloop
 endfacet
 facet normal -9.238795e-01 -3.826834e-01  0.000000e+00
   outer loop
     vertex  1.085196e+02 -7.040000e+01  0.000000e+00
     vertex  1.085796e+02 -7.054471e+01  1.510000e+00
     vertex  1.085196e+02 -7.040000e+01  1.510000e+00
   endloop
 endfacet
 facet normal -9.238795e-01 -3.826834e-01  0.000000e+00
   outer loop
     vertex  1.085196e+02 -7.040000e+01  0.000000e+00
     vertex  1.085796e+02 -7.054471e+01  0.000000e+00
     vertex  1.085796e+02 -7.054471e+01  1.510000e+00
   endloop
 endfacet
 facet normal -7.933533e-01 -6.087614e-01  0.000000e+00
   outer loop
     vertex  1.084243e+02 -7.027574e+01  0.000000e+00
     vertex  1.085196e+02 -7.040000e+01  1.510000e+00
     vertex  1.084243e+02 -7.027574e+01  1.510000e+00
   endloop
 endfacet
 facet normal -7.933533e-01 -6.087614e-01  0.000000e+00
   outer loop
     vertex  1.084243e+02 -7.027574e+01  0.000000e+00
     vertex  1.085196e+02 -7.040000e+01  0.000000e+00
     vertex  1.085196e+02 -7.040000e+01  1.510000e+00
   endloop
 endfacet
 facet normal -6.087614e-01 -7.933533e-01  0.000000e+00
   outer loop
     vertex  1.083000e+02 -7.018038e+01  0.000000e+00
     vertex  1.084243e+02 -7.027574e+01  1.510000e+00
     vertex  1.083000e+02 -7.018038e+01  1.510000e+00
   endloop
 endfacet
 facet normal -6.087614e-01 -7.933533e-01  0.000000e+00
   outer loop
     vertex  1.083000e+02 -7.018038e+01  0.000000e+00
     vertex  1.084243e+02 -7.027574e+01  0.000000e+00
     vertex  1.084243e+02 -7.027574e+01  1.510000e+00
   endloop
 endfacet
 facet normal -3.826834e-01 -9.238795e-01  0.000000e+00
   outer loop
     vertex  1.081553e+02 -7.012044e+01  0.000000e+00
     vertex  1.083000e+02 -7.018038e+01  1.510000e+00
     vertex  1.081553e+02 -7.012044e+01  1.510000e+00
   endloop
 endfacet
 facet normal -3.826834e-01 -9.238795e-01  0.000000e+00
   outer loop
     vertex  1.081553e+02 -7.012044e+01  0.000000e+00
     vertex  1.083000e+02 -7.018038e+01  0.000000e+00
     vertex  1.083000e+02 -7.018038e+01  1.510000e+00
   endloop
 endfacet
 facet normal -1.305262e-01 -9.914449e-01  0.000000e+00
   outer loop
     vertex  1.080000e+02 -7.010000e+01  0.000000e+00
     vertex  1.081553e+02 -7.012044e+01  1.510000e+00
     vertex  1.080000e+02 -7.010000e+01  1.510000e+00
   endloop
 endfacet
 facet normal -1.305262e-01 -9.914449e-01  0.000000e+00
   outer loop
     vertex  1.080000e+02 -7.010000e+01  0.000000e+00
     vertex  1.081553e+02 -7.012044e+01  0.000000e+00
     vertex  1.081553e+02 -7.012044e+01  1.510000e+00
   endloop
 endfacet
 facet normal  1.305262e-01 -9.914449e-01  0.000000e+00
   outer loop
     vertex  1.078447e+02 -7.012044e+01  0.000000e+00
     vertex  1.080000e+02 -7.010000e+01  1.510000e+00
     vertex  1.078447e+02 -7.012044e+01  1.510000e+00
   endloop
 endfacet
 facet normal  1.305262e-01 -9.914449e-01  0.000000e+00
   outer loop
     vertex  1.078447e+02 -7.012044e+01  0.000000e+00
     vertex  1.080000e+02 -7.010000e+01  0.000000e+00
     vertex  1.080000e+02 -7.010000e+01  1.510000e+00
   endloop
 endfacet
 facet normal  3.826834e-01 -9.238795e-01  0.000000e+00
   outer loop
     vertex  1.077000e+02 -7.018038e+01  0.000000e+00
     vertex  1.078447e+02 -7.012044e+01  0.000000e+00
     vertex  1.078447e+02 -7.012044e+01  1.510000e+00
   endloop
 endfacet
 facet normal  3.826834e-01 -9.238795e-01  0.000000e+00
   outer loop
     vertex  1.077000e+02 -7.018038e+01  0.000000e+00
     vertex  1.078447e+02 -7.012044e+01  1.510000e+00
     vertex  1.077000e+02 -7.018038e+01  1.510000e+00
   endloop
 endfacet
 facet normal  6.087614e-01 -7.933533e-01  0.000000e+00
   outer loop
     vertex  1.075757e+02 -7.027574e+01  0.000000e+00
     vertex  1.077000e+02 -7.018038e+01  0.000000e+00
     vertex  1.077000e+02 -7.018038e+01  1.510000e+00
   endloop
 endfacet
 facet normal  7.933533e-01 -6.087614e-01  0.000000e+00
   outer loop
     vertex  1.075757e+02 -7.027574e+01  0.000000e+00
     vertex  1.075757e+02 -7.027574e+01  1.510000e+00
     vertex  1.074804e+02 -7.040000e+01  1.510000e+00
   endloop
 endfacet
 facet normal  6.087614e-01 -7.933533e-01  0.000000e+00
   outer loop
     vertex  1.075757e+02 -7.027574e+01  0.000000e+00
     vertex  1.077000e+02 -7.018038e+01  1.510000e+00
     vertex  1.075757e+02 -7.027574e+01  1.510000e+00
   endloop
 endfacet
 facet normal  7.933533e-01 -6.087614e-01  0.000000e+00
   outer loop
     vertex  1.074804e+02 -7.040000e+01  0.000000e+00
     vertex  1.075757e+02 -7.027574e+01  0.000000e+00
     vertex  1.074804e+02 -7.040000e+01  1.510000e+00
   endloop
 endfacet
 facet normal  9.238795e-01 -3.826834e-01  0.000000e+00
   outer loop
     vertex  1.074804e+02 -7.040000e+01  0.000000e+00
     vertex  1.074804e+02 -7.040000e+01  1.510000e+00
     vertex  1.074204e+02 -7.054471e+01  1.510000e+00
   endloop
 endfacet
 facet normal  9.238795e-01 -3.826834e-01  0.000000e+00
   outer loop
     vertex  1.074204e+02 -7.054471e+01  0.000000e+00
     vertex  1.074804e+02 -7.040000e+01  0.000000e+00
     vertex  1.074204e+02 -7.054471e+01  1.510000e+00
   endloop
 endfacet
 facet normal  9.914449e-01 -1.305262e-01  0.000000e+00
   outer loop
     vertex  1.074000e+02 -7.070000e+01  0.000000e+00
     vertex  1.074204e+02 -7.054471e+01  0.000000e+00
     vertex  1.074204e+02 -7.054471e+01  1.510000e+00
   endloop
 endfacet
 facet normal  9.914449e-01 -1.305262e-01  0.000000e+00
   outer loop
     vertex  1.074000e+02 -7.070000e+01  0.000000e+00
     vertex  1.074204e+02 -7.054471e+01  1.510000e+00
     vertex  1.074000e+02 -7.070000e+01  1.510000e+00
   endloop
 endfacet
 facet normal  9.914449e-01  1.305262e-01 -0.000000e+00
   outer loop
     vertex  1.074204e+02 -7.085529e+01  0.000000e+00
     vertex  1.074000e+02 -7.070000e+01  1.510000e+00
     vertex  1.074204e+02 -7.085529e+01  1.510000e+00
   endloop
 endfacet
 facet normal  9.914449e-01  1.305262e-01  0.000000e+00
   outer loop
     vertex  1.074204e+02 -7.085529e+01  0.000000e+00
     vertex  1.074000e+02 -7.070000e+01  0.000000e+00
     vertex  1.074000e+02 -7.070000e+01  1.510000e+00
   endloop
 endfacet
 facet normal  9.238795e-01  3.826834e-01 -0.000000e+00
   outer loop
     vertex  1.074804e+02 -7.100000e+01  0.000000e+00
     vertex  1.074204e+02 -7.085529e+01  1.510000e+00
     vertex  1.074804e+02 -7.100000e+01  1.510000e+00
   endloop
 endfacet
 facet normal  9.238795e-01  3.826834e-01  0.000000e+00
   outer loop
     vertex  1.074804e+02 -7.100000e+01  0.000000e+00
     vertex  1.074204e+02 -7.085529e+01  0.000000e+00
     vertex  1.074204e+02 -7.085529e+01  1.510000e+00
   endloop
 endfacet
 facet normal  6.087614e-01  7.933533e-01 -0.000000e+00
   outer loop
     vertex  1.075757e+02 -7.112426e+01  0.000000e+00
     vertex  1.075757e+02 -7.112426e+01  1.510000e+00
     vertex  1.077000e+02 -7.121962e+01  1.510000e+00
   endloop
 endfacet
 facet normal  7.933533e-01  6.087614e-01 -0.000000e+00
   outer loop
     vertex  1.075757e+02 -7.112426e+01  0.000000e+00
     vertex  1.074804e+02 -7.100000e+01  1.510000e+00
     vertex  1.075757e+02 -7.112426e+01  1.510000e+00
   endloop
 endfacet
 facet normal  7.933533e-01  6.087614e-01  0.000000e+00
   outer loop
     vertex  1.075757e+02 -7.112426e+01  0.000000e+00
     vertex  1.074804e+02 -7.100000e+01  0.000000e+00
     vertex  1.074804e+02 -7.100000e+01  1.510000e+00
   endloop
 endfacet
 facet normal  6.087614e-01  7.933533e-01 -0.000000e+00
   outer loop
     vertex  1.077000e+02 -7.121962e+01  0.000000e+00
     vertex  1.075757e+02 -7.112426e+01  0.000000e+00
     vertex  1.077000e+02 -7.121962e+01  1.510000e+00
   endloop
 endfacet
 facet normal  3.826834e-01  9.238795e-01 -0.000000e+00
   outer loop
     vertex  1.078447e+02 -7.127956e+01  0.000000e+00
     vertex  1.077000e+02 -7.121962e+01  1.510000e+00
     vertex  1.078447e+02 -7.127956e+01  1.510000e+00
   endloop
 endfacet
 facet normal  3.826834e-01  9.238795e-01  0.000000e+00
   outer loop
     vertex  1.078447e+02 -7.127956e+01  0.000000e+00
     vertex  1.077000e+02 -7.121962e+01  0.000000e+00
     vertex  1.077000e+02 -7.121962e+01  1.510000e+00
   endloop
 endfacet
 facet normal  1.305262e-01  9.914449e-01 -0.000000e+00
   outer loop
     vertex  1.080000e+02 -7.130000e+01  0.000000e+00
     vertex  1.078447e+02 -7.127956e+01  1.510000e+00
     vertex  1.080000e+02 -7.130000e+01  1.510000e+00
   endloop
 endfacet
 facet normal  1.305262e-01  9.914449e-01  0.000000e+00
   outer loop
     vertex  1.080000e+02 -7.130000e+01  0.000000e+00
     vertex  1.078447e+02 -7.127956e+01  0.000000e+00
     vertex  1.078447e+02 -7.127956e+01  1.510000e+00
   endloop
 endfacet
 facet normal -1.305262e-01  9.914449e-01  0.000000e+00
   outer loop
     vertex  1.081553e+02 -6.947956e+01  0.000000e+00
     vertex  1.080000e+02 -6.950000e+01  0.000000e+00
     vertex  1.080000e+02 -6.950000e+01  1.510000e+00
   endloop
 endfacet
 facet normal -1.305262e-01  9.914449e-01  0.000000e+00
   outer loop
     vertex  1.081553e+02 -6.947956e+01  0.000000e+00
     vertex  1.080000e+02 -6.950000e+01  1.510000e+00
     vertex  1.081553e+02 -6.947956e+01  1.510000e+00
   endloop
 endfacet
 facet normal -3.826834e-01  9.238795e-01  0.000000e+00
   outer loop
     vertex  1.083000e+02 -6.941962e+01  0.000000e+00
     vertex  1.081553e+02 -6.947956e+01  1.510000e+00
     vertex  1.083000e+02 -6.941962e+01  1.510000e+00
   endloop
 endfacet
 facet normal -3.826834e-01  9.238795e-01  0.000000e+00
   outer loop
     vertex  1.083000e+02 -6.941962e+01  0.000000e+00
     vertex  1.081553e+02 -6.947956e+01  0.000000e+00
     vertex  1.081553e+02 -6.947956e+01  1.510000e+00
   endloop
 endfacet
 facet normal -6.087614e-01  7.933533e-01  0.000000e+00
   outer loop
     vertex  1.084243e+02 -6.932426e+01  0.000000e+00
     vertex  1.083000e+02 -6.941962e+01  1.510000e+00
     vertex  1.084243e+02 -6.932426e+01  1.510000e+00
   endloop
 endfacet
 facet normal -6.087614e-01  7.933533e-01  0.000000e+00
   outer loop
     vertex  1.084243e+02 -6.932426e+01  0.000000e+00
     vertex  1.083000e+02 -6.941962e+01  0.000000e+00
     vertex  1.083000e+02 -6.941962e+01  1.510000e+00
   endloop
 endfacet
 facet normal -7.933533e-01  6.087614e-01  0.000000e+00
   outer loop
     vertex  1.085196e+02 -6.920000e+01  0.000000e+00
     vertex  1.084243e+02 -6.932426e+01  1.510000e+00
     vertex  1.085196e+02 -6.920000e+01  1.510000e+00
   endloop
 endfacet
 facet normal -7.933533e-01  6.087614e-01  0.000000e+00
   outer loop
     vertex  1.085196e+02 -6.920000e+01  0.000000e+00
     vertex  1.084243e+02 -6.932426e+01  0.000000e+00
     vertex  1.084243e+02 -6.932426e+01  1.510000e+00
   endloop
 endfacet
 facet normal -9.238795e-01  3.826834e-01  0.000000e+00
   outer loop
     vertex  1.085796e+02 -6.905529e+01  0.000000e+00
     vertex  1.085196e+02 -6.920000e+01  1.510000e+00
     vertex  1.085796e+02 -6.905529e+01  1.510000e+00
   endloop
 endfacet
 facet normal -9.238795e-01  3.826834e-01  0.000000e+00
   outer loop
     vertex  1.085796e+02 -6.905529e+01  0.000000e+00
     vertex  1.085196e+02 -6.920000e+01  0.000000e+00
     vertex  1.085196e+02 -6.920000e+01  1.510000e+00
   endloop
 endfacet
 facet normal -9.914449e-01  1.305262e-01  0.000000e+00
   outer loop
     vertex  1.086000e+02 -6.890000e+01  0.000000e+00
     vertex  1.085796e+02 -6.905529e+01  1.510000e+00
     vertex  1.086000e+02 -6.890000e+01  1.510000e+00
   endloop
 endfacet
 facet normal -9.914449e-01  1.305262e-01  0.000000e+00
   outer loop
     vertex  1.086000e+02 -6.890000e+01  0.000000e+00
     vertex  1.085796e+02 -6.905529e+01  0.000000e+00
     vertex  1.085796e+02 -6.905529e+01  1.510000e+00
   endloop
 endfacet
 facet normal -9.914449e-01 -1.305262e-01  0.000000e+00
   outer loop
     vertex  1.085796e+02 -6.874471e+01  0.000000e+00
     vertex  1.086000e+02 -6.890000e+01  1.510000e+00
     vertex  1.085796e+02 -6.874471e+01  1.510000e+00
   endloop
 endfacet
 facet normal -9.914449e-01 -1.305262e-01  0.000000e+00
   outer loop
     vertex  1.085796e+02 -6.874471e+01  0.000000e+00
     vertex  1.086000e+02 -6.890000e+01  0.000000e+00
     vertex  1.086000e+02 -6.890000e+01  1.510000e+00
   endloop
 endfacet
 facet normal -9.238795e-01 -3.826834e-01  0.000000e+00
   outer loop
     vertex  1.085196e+02 -6.860000e+01  0.000000e+00
     vertex  1.085796e+02 -6.874471e+01  1.510000e+00
     vertex  1.085196e+02 -6.860000e+01  1.510000e+00
   endloop
 endfacet
 facet normal -9.238795e-01 -3.826834e-01  0.000000e+00
   outer loop
     vertex  1.085196e+02 -6.860000e+01  0.000000e+00
     vertex  1.085796e+02 -6.874471e+01  0.000000e+00
     vertex  1.085796e+02 -6.874471e+01  1.510000e+00
   endloop
 endfacet
 facet normal -7.933533e-01 -6.087614e-01  0.000000e+00
   outer loop
     vertex  1.084243e+02 -6.847574e+01  0.000000e+00
     vertex  1.085196e+02 -6.860000e+01  1.510000e+00
     vertex  1.084243e+02 -6.847574e+01  1.510000e+00
   endloop
 endfacet
 facet normal -7.933533e-01 -6.087614e-01  0.000000e+00
   outer loop
     vertex  1.084243e+02 -6.847574e+01  0.000000e+00
     vertex  1.085196e+02 -6.860000e+01  0.000000e+00
     vertex  1.085196e+02 -6.860000e+01  1.510000e+00
   endloop
 endfacet
 facet normal -6.087614e-01 -7.933533e-01  0.000000e+00
   outer loop
     vertex  1.083000e+02 -6.838038e+01  0.000000e+00
     vertex  1.084243e+02 -6.847574e+01  1.510000e+00
     vertex  1.083000e+02 -6.838038e+01  1.510000e+00
   endloop
 endfacet
 facet normal -6.087614e-01 -7.933533e-01  0.000000e+00
   outer loop
     vertex  1.083000e+02 -6.838038e+01  0.000000e+00
     vertex  1.084243e+02 -6.847574e+01  0.000000e+00
     vertex  1.084243e+02 -6.847574e+01  1.510000e+00
   endloop
 endfacet
 facet normal -3.826834e-01 -9.238795e-01  0.000000e+00
   outer loop
     vertex  1.081553e+02 -6.832044e+01  0.000000e+00
     vertex  1.083000e+02 -6.838038e+01  1.510000e+00
     vertex  1.081553e+02 -6.832044e+01  1.510000e+00
   endloop
 endfacet
 facet normal -3.826834e-01 -9.238795e-01  0.000000e+00
   outer loop
     vertex  1.081553e+02 -6.832044e+01  0.000000e+00
     vertex  1.083000e+02 -6.838038e+01  0.000000e+00
     vertex  1.083000e+02 -6.838038e+01  1.510000e+00
   endloop
 endfacet
 facet normal -1.305262e-01 -9.914449e-01  0.000000e+00
   outer loop
     vertex  1.080000e+02 -6.830000e+01  0.000000e+00
     vertex  1.081553e+02 -6.832044e+01  1.510000e+00
     vertex  1.080000e+02 -6.830000e+01  1.510000e+00
   endloop
 endfacet
 facet normal -1.305262e-01 -9.914449e-01  0.000000e+00
   outer loop
     vertex  1.080000e+02 -6.830000e+01  0.000000e+00
     vertex  1.081553e+02 -6.832044e+01  0.000000e+00
     vertex  1.081553e+02 -6.832044e+01  1.510000e+00
   endloop
 endfacet
 facet normal  1.305262e-01 -9.914449e-01  0.000000e+00
   outer loop
     vertex  1.078447e+02 -6.832044e+01  0.000000e+00
     vertex  1.080000e+02 -6.830000e+01  1.510000e+00
     vertex  1.078447e+02 -6.832044e+01  1.510000e+00
   endloop
 endfacet
 facet normal  1.305262e-01 -9.914449e-01  0.000000e+00
   outer loop
     vertex  1.078447e+02 -6.832044e+01  0.000000e+00
     vertex  1.080000e+02 -6.830000e+01  0.000000e+00
     vertex  1.080000e+02 -6.830000e+01  1.510000e+00
   endloop
 endfacet
 facet normal  3.826834e-01 -9.238795e-01  0.000000e+00
   outer loop
     vertex  1.077000e+02 -6.838038e+01  0.000000e+00
     vertex  1.078447e+02 -6.832044e+01  0.000000e+00
     vertex  1.078447e+02 -6.832044e+01  1.510000e+00
   endloop
 endfacet
 facet normal  3.826834e-01 -9.238795e-01  0.000000e+00
   outer loop
     vertex  1.077000e+02 -6.838038e+01  0.000000e+00
     vertex  1.078447e+02 -6.832044e+01  1.510000e+00
     vertex  1.077000e+02 -6.838038e+01  1.510000e+00
   endloop
 endfacet
 facet normal  6.087614e-01 -7.933533e-01  0.000000e+00
   outer loop
     vertex  1.075757e+02 -6.847574e+01  0.000000e+00
     vertex  1.077000e+02 -6.838038e+01  0.000000e+00
     vertex  1.077000e+02 -6.838038e+01  1.510000e+00
   endloop
 endfacet
 facet normal  7.933533e-01 -6.087614e-01  0.000000e+00
   outer loop
     vertex  1.075757e+02 -6.847574e+01  0.000000e+00
     vertex  1.075757e+02 -6.847574e+01  1.510000e+00
     vertex  1.074804e+02 -6.860000e+01  1.510000e+00
   endloop
 endfacet
 facet normal  6.087614e-01 -7.933533e-01  0.000000e+00
   outer loop
     vertex  1.075757e+02 -6.847574e+01  0.000000e+00
     vertex  1.077000e+02 -6.838038e+01  1.510000e+00
     vertex  1.075757e+02 -6.847574e+01  1.510000e+00
   endloop
 endfacet
 facet normal  7.933533e-01 -6.087614e-01  0.000000e+00
   outer loop
     vertex  1.074804e+02 -6.860000e+01  0.000000e+00
     vertex  1.075757e+02 -6.847574e+01  0.000000e+00
     vertex  1.074804e+02 -6.860000e+01  1.510000e+00
   endloop
 endfacet
 facet normal  9.238795e-01 -3.826834e-01  0.000000e+00
   outer loop
     vertex  1.074804e+02 -6.860000e+01  0.000000e+00
     vertex  1.074804e+02 -6.860000e+01  1.510000e+00
     vertex  1.074204e+02 -6.874471e+01  1.510000e+00
   endloop
 endfacet
 facet normal  9.238795e-01 -3.826834e-01  0.000000e+00
   outer loop
     vertex  1.074204e+02 -6.874471e+01  0.000000e+00
     vertex  1.074804e+02 -6.860000e+01  0.000000e+00
     vertex  1.074204e+02 -6.874471e+01  1.510000e+00
   endloop
 endfacet
 facet normal  9.914449e-01 -1.305262e-01  0.000000e+00
   outer loop
     vertex  1.074000e+02 -6.890000e+01  0.000000e+00
     vertex  1.074204e+02 -6.874471e+01  0.000000e+00
     vertex  1.074204e+02 -6.874471e+01  1.510000e+00
   endloop
 endfacet
 facet normal  9.914449e-01 -1.305262e-01  0.000000e+00
   outer loop
     vertex  1.074000e+02 -6.890000e+01  0.000000e+00
     vertex  1.074204e+02 -6.874471e+01  1.510000e+00
     vertex  1.074000e+02 -6.890000e+01  1.510000e+00
   endloop
 endfacet
 facet normal  9.914449e-01  1.305262e-01 -0.000000e+00
   outer loop
     vertex  1.074204e+02 -6.905529e+01  0.000000e+00
     vertex  1.074000e+02 -6.890000e+01  1.510000e+00
     vertex  1.074204e+02 -6.905529e+01  1.510000e+00
   endloop
 endfacet
 facet normal  9.914449e-01  1.305262e-01  0.000000e+00
   outer loop
     vertex  1.074204e+02 -6.905529e+01  0.000000e+00
     vertex  1.074000e+02 -6.890000e+01  0.000000e+00
     vertex  1.074000e+02 -6.890000e+01  1.510000e+00
   endloop
 endfacet
 facet normal  9.238795e-01  3.826834e-01 -0.000000e+00
   outer loop
     vertex  1.074804e+02 -6.920000e+01  0.000000e+00
     vertex  1.074204e+02 -6.905529e+01  1.510000e+00
     vertex  1.074804e+02 -6.920000e+01  1.510000e+00
   endloop
 endfacet
 facet normal  9.238795e-01  3.826834e-01  0.000000e+00
   outer loop
     vertex  1.074804e+02 -6.920000e+01  0.000000e+00
     vertex  1.074204e+02 -6.905529e+01  0.000000e+00
     vertex  1.074204e+02 -6.905529e+01  1.510000e+00
   endloop
 endfacet
 facet normal  6.087614e-01  7.933533e-01 -0.000000e+00
   outer loop
     vertex  1.075757e+02 -6.932426e+01  0.000000e+00
     vertex  1.075757e+02 -6.932426e+01  1.510000e+00
     vertex  1.077000e+02 -6.941962e+01  1.510000e+00
   endloop
 endfacet
 facet normal  7.933533e-01  6.087614e-01 -0.000000e+00
   outer loop
     vertex  1.075757e+02 -6.932426e+01  0.000000e+00
     vertex  1.074804e+02 -6.920000e+01  1.510000e+00
     vertex  1.075757e+02 -6.932426e+01  1.510000e+00
   endloop
 endfacet
 facet normal  7.933533e-01  6.087614e-01  0.000000e+00
   outer loop
     vertex  1.075757e+02 -6.932426e+01  0.000000e+00
     vertex  1.074804e+02 -6.920000e+01  0.000000e+00
     vertex  1.074804e+02 -6.920000e+01  1.510000e+00
   endloop
 endfacet
 facet normal  6.087614e-01  7.933533e-01 -0.000000e+00
   outer loop
     vertex  1.077000e+02 -6.941962e+01  0.000000e+00
     vertex  1.075757e+02 -6.932426e+01  0.000000e+00
     vertex  1.077000e+02 -6.941962e+01  1.510000e+00
   endloop
 endfacet
 facet normal  3.826834e-01  9.238795e-01 -0.000000e+00
   outer loop
     vertex  1.078447e+02 -6.947956e+01  0.000000e+00
     vertex  1.077000e+02 -6.941962e+01  1.510000e+00
     vertex  1.078447e+02 -6.947956e+01  1.510000e+00
   endloop
 endfacet
 facet normal  3.826834e-01  9.238795e-01  0.000000e+00
   outer loop
     vertex  1.078447e+02 -6.947956e+01  0.000000e+00
     vertex  1.077000e+02 -6.941962e+01  0.000000e+00
     vertex  1.077000e+02 -6.941962e+01  1.510000e+00
   endloop
 endfacet
 facet normal  1.305262e-01  9.914449e-01 -0.000000e+00
   outer loop
     vertex  1.080000e+02 -6.950000e+01  0.000000e+00
     vertex  1.078447e+02 -6.947956e+01  1.510000e+00
     vertex  1.080000e+02 -6.950000e+01  1.510000e+00
   endloop
 endfacet
 facet normal  1.305262e-01  9.914449e-01  0.000000e+00
   outer loop
     vertex  1.080000e+02 -6.950000e+01  0.000000e+00
     vertex  1.078447e+02 -6.947956e+01  0.000000e+00
     vertex  1.078447e+02 -6.947956e+01  1.510000e+00
   endloop
 endfacet
 facet normal -1.305262e-01  9.914449e-01  0.000000e+00
   outer loop
     vertex  1.361553e+02 -7.307956e+01  0.000000e+00
     vertex  1.360000e+02 -7.310000e+01  0.000000e+00
     vertex  1.360000e+02 -7.310000e+01  1.510000e+00
   endloop
 endfacet
 facet normal -1.305262e-01  9.914449e-01  0.000000e+00
   outer loop
     vertex  1.361553e+02 -7.307956e+01  0.000000e+00
     vertex  1.360000e+02 -7.310000e+01  1.510000e+00
     vertex  1.361553e+02 -7.307956e+01  1.510000e+00
   endloop
 endfacet
 facet normal -3.826834e-01  9.238795e-01  0.000000e+00
   outer loop
     vertex  1.363000e+02 -7.301962e+01  0.000000e+00
     vertex  1.361553e+02 -7.307956e+01  1.510000e+00
     vertex  1.363000e+02 -7.301962e+01  1.510000e+00
   endloop
 endfacet
 facet normal -3.826834e-01  9.238795e-01  0.000000e+00
   outer loop
     vertex  1.363000e+02 -7.301962e+01  0.000000e+00
     vertex  1.361553e+02 -7.307956e+01  0.000000e+00
     vertex  1.361553e+02 -7.307956e+01  1.510000e+00
   endloop
 endfacet
 facet normal -6.087614e-01  7.933533e-01  0.000000e+00
   outer loop
     vertex  1.364243e+02 -7.292426e+01  0.000000e+00
     vertex  1.363000e+02 -7.301962e+01  1.510000e+00
     vertex  1.364243e+02 -7.292426e+01  1.510000e+00
   endloop
 endfacet
 facet normal -6.087614e-01  7.933533e-01  0.000000e+00
   outer loop
     vertex  1.364243e+02 -7.292426e+01  0.000000e+00
     vertex  1.363000e+02 -7.301962e+01  0.000000e+00
     vertex  1.363000e+02 -7.301962e+01  1.510000e+00
   endloop
 endfacet
 facet normal -7.933533e-01  6.087614e-01  0.000000e+00
   outer loop
     vertex  1.365196e+02 -7.280000e+01  0.000000e+00
     vertex  1.364243e+02 -7.292426e+01  1.510000e+00
     vertex  1.365196e+02 -7.280000e+01  1.510000e+00
   endloop
 endfacet
 facet normal -7.933533e-01  6.087614e-01  0.000000e+00
   outer loop
     vertex  1.365196e+02 -7.280000e+01  0.000000e+00
     vertex  1.364243e+02 -7.292426e+01  0.000000e+00
     vertex  1.364243e+02 -7.292426e+01  1.510000e+00
   endloop
 endfacet
 facet normal -9.238795e-01  3.826834e-01  0.000000e+00
   outer loop
     vertex  1.365796e+02 -7.265529e+01  0.000000e+00
     vertex  1.365196e+02 -7.280000e+01  1.510000e+00
     vertex  1.365796e+02 -7.265529e+01  1.510000e+00
   endloop
 endfacet
 facet normal -9.238795e-01  3.826834e-01  0.000000e+00
   outer loop
     vertex  1.365796e+02 -7.265529e+01  0.000000e+00
     vertex  1.365196e+02 -7.280000e+01  0.000000e+00
     vertex  1.365196e+02 -7.280000e+01  1.510000e+00
   endloop
 endfacet
 facet normal -9.914449e-01  1.305262e-01  0.000000e+00
   outer loop
     vertex  1.366000e+02 -7.250000e+01  0.000000e+00
     vertex  1.365796e+02 -7.265529e+01  1.510000e+00
     vertex  1.366000e+02 -7.250000e+01  1.510000e+00
   endloop
 endfacet
 facet normal -9.914449e-01  1.305262e-01  0.000000e+00
   outer loop
     vertex  1.366000e+02 -7.250000e+01  0.000000e+00
     vertex  1.365796e+02 -7.265529e+01  0.000000e+00
     vertex  1.365796e+02 -7.265529e+01  1.510000e+00
   endloop
 endfacet
 facet normal -9.914449e-01 -1.305262e-01  0.000000e+00
   outer loop
     vertex  1.365796e+02 -7.234471e+01  0.000000e+00
     vertex  1.366000e+02 -7.250000e+01  1.510000e+00
     vertex  1.365796e+02 -7.234471e+01  1.510000e+00
   endloop
 endfacet
 facet normal -9.914449e-01 -1.305262e-01  0.000000e+00
   outer loop
     vertex  1.365796e+02 -7.234471e+01  0.000000e+00
     vertex  1.366000e+02 -7.250000e+01  0.000000e+00
     vertex  1.366000e+02 -7.250000e+01  1.510000e+00
   endloop
 endfacet
 facet normal -9.238795e-01 -3.826834e-01  0.000000e+00
   outer loop
     vertex  1.365196e+02 -7.220000e+01  0.000000e+00
     vertex  1.365796e+02 -7.234471e+01  1.510000e+00
     vertex  1.365196e+02 -7.220000e+01  1.510000e+00
   endloop
 endfacet
 facet normal -9.238795e-01 -3.826834e-01  0.000000e+00
   outer loop
     vertex  1.365196e+02 -7.220000e+01  0.000000e+00
     vertex  1.365796e+02 -7.234471e+01  0.000000e+00
     vertex  1.365796e+02 -7.234471e+01  1.510000e+00
   endloop
 endfacet
 facet normal -7.933533e-01 -6.087614e-01  0.000000e+00
   outer loop
     vertex  1.364243e+02 -7.207574e+01  0.000000e+00
     vertex  1.365196e+02 -7.220000e+01  1.510000e+00
     vertex  1.364243e+02 -7.207574e+01  1.510000e+00
   endloop
 endfacet
 facet normal -7.933533e-01 -6.087614e-01  0.000000e+00
   outer loop
     vertex  1.364243e+02 -7.207574e+01  0.000000e+00
     vertex  1.365196e+02 -7.220000e+01  0.000000e+00
     vertex  1.365196e+02 -7.220000e+01  1.510000e+00
   endloop
 endfacet
 facet normal -6.087614e-01 -7.933533e-01  0.000000e+00
   outer loop
     vertex  1.363000e+02 -7.198038e+01  0.000000e+00
     vertex  1.364243e+02 -7.207574e+01  1.510000e+00
     vertex  1.363000e+02 -7.198038e+01  1.510000e+00
   endloop
 endfacet
 facet normal -6.087614e-01 -7.933533e-01  0.000000e+00
   outer loop
     vertex  1.363000e+02 -7.198038e+01  0.000000e+00
     vertex  1.364243e+02 -7.207574e+01  0.000000e+00
     vertex  1.364243e+02 -7.207574e+01  1.510000e+00
   endloop
 endfacet
 facet normal -3.826834e-01 -9.238795e-01  0.000000e+00
   outer loop
     vertex  1.361553e+02 -7.192044e+01  0.000000e+00
     vertex  1.363000e+02 -7.198038e+01  1.510000e+00
     vertex  1.361553e+02 -7.192044e+01  1.510000e+00
   endloop
 endfacet
 facet normal -3.826834e-01 -9.238795e-01  0.000000e+00
   outer loop
     vertex  1.361553e+02 -7.192044e+01  0.000000e+00
     vertex  1.363000e+02 -7.198038e+01  0.000000e+00
     vertex  1.363000e+02 -7.198038e+01  1.510000e+00
   endloop
 endfacet
 facet normal -1.305262e-01 -9.914449e-01  0.000000e+00
   outer loop
     vertex  1.360000e+02 -7.190000e+01  0.000000e+00
     vertex  1.361553e+02 -7.192044e+01  1.510000e+00
     vertex  1.360000e+02 -7.190000e+01  1.510000e+00
   endloop
 endfacet
 facet normal -1.305262e-01 -9.914449e-01  0.000000e+00
   outer loop
     vertex  1.360000e+02 -7.190000e+01  0.000000e+00
     vertex  1.361553e+02 -7.192044e+01  0.000000e+00
     vertex  1.361553e+02 -7.192044e+01  1.510000e+00
   endloop
 endfacet
 facet normal  1.305262e-01 -9.914449e-01  0.000000e+00
   outer loop
     vertex  1.358447e+02 -7.192044e+01  0.000000e+00
     vertex  1.360000e+02 -7.190000e+01  1.510000e+00
     vertex  1.358447e+02 -7.192044e+01  1.510000e+00
   endloop
 endfacet
 facet normal  1.305262e-01 -9.914449e-01  0.000000e+00
   outer loop
     vertex  1.358447e+02 -7.192044e+01  0.000000e+00
     vertex  1.360000e+02 -7.190000e+01  0.000000e+00
     vertex  1.360000e+02 -7.190000e+01  1.510000e+00
   endloop
 endfacet
 facet normal  3.826834e-01 -9.238795e-01  0.000000e+00
   outer loop
     vertex  1.357000e+02 -7.198038e+01  0.000000e+00
     vertex  1.358447e+02 -7.192044e+01  0.000000e+00
     vertex  1.358447e+02 -7.192044e+01  1.510000e+00
   endloop
 endfacet
 facet normal  3.826834e-01 -9.238795e-01  0.000000e+00
   outer loop
     vertex  1.357000e+02 -7.198038e+01  0.000000e+00
     vertex  1.358447e+02 -7.192044e+01  1.510000e+00
     vertex  1.357000e+02 -7.198038e+01  1.510000e+00
   endloop
 endfacet
 facet normal  6.087614e-01 -7.933533e-01  0.000000e+00
   outer loop
     vertex  1.355757e+02 -7.207574e+01  0.000000e+00
     vertex  1.357000e+02 -7.198038e+01  0.000000e+00
     vertex  1.357000e+02 -7.198038e+01  1.510000e+00
   endloop
 endfacet
 facet normal  7.933533e-01 -6.087614e-01  0.000000e+00
   outer loop
     vertex  1.355757e+02 -7.207574e+01  0.000000e+00
     vertex  1.355757e+02 -7.207574e+01  1.510000e+00
     vertex  1.354804e+02 -7.220000e+01  1.510000e+00
   endloop
 endfacet
 facet normal  6.087614e-01 -7.933533e-01  0.000000e+00
   outer loop
     vertex  1.355757e+02 -7.207574e+01  0.000000e+00
     vertex  1.357000e+02 -7.198038e+01  1.510000e+00
     vertex  1.355757e+02 -7.207574e+01  1.510000e+00
   endloop
 endfacet
 facet normal  7.933533e-01 -6.087614e-01  0.000000e+00
   outer loop
     vertex  1.354804e+02 -7.220000e+01  0.000000e+00
     vertex  1.355757e+02 -7.207574e+01  0.000000e+00
     vertex  1.354804e+02 -7.220000e+01  1.510000e+00
   endloop
 endfacet
 facet normal  9.238795e-01 -3.826834e-01  0.000000e+00
   outer loop
     vertex  1.354804e+02 -7.220000e+01  0.000000e+00
     vertex  1.354804e+02 -7.220000e+01  1.510000e+00
     vertex  1.354204e+02 -7.234471e+01  1.510000e+00
   endloop
 endfacet
 facet normal  9.238795e-01 -3.826834e-01  0.000000e+00
   outer loop
     vertex  1.354204e+02 -7.234471e+01  0.000000e+00
     vertex  1.354804e+02 -7.220000e+01  0.000000e+00
     vertex  1.354204e+02 -7.234471e+01  1.510000e+00
   endloop
 endfacet
 facet normal  9.914449e-01 -1.305262e-01  0.000000e+00
   outer loop
     vertex  1.354000e+02 -7.250000e+01  0.000000e+00
     vertex  1.354204e+02 -7.234471e+01  0.000000e+00
     vertex  1.354204e+02 -7.234471e+01  1.510000e+00
   endloop
 endfacet
 facet normal  9.914449e-01 -1.305262e-01  0.000000e+00
   outer loop
     vertex  1.354000e+02 -7.250000e+01  0.000000e+00
     vertex  1.354204e+02 -7.234471e+01  1.510000e+00
     vertex  1.354000e+02 -7.250000e+01  1.510000e+00
   endloop
 endfacet
 facet normal  9.914449e-01  1.305262e-01 -0.000000e+00
   outer loop
     vertex  1.354204e+02 -7.265529e+01  0.000000e+00
     vertex  1.354000e+02 -7.250000e+01  1.510000e+00
     vertex  1.354204e+02 -7.265529e+01  1.510000e+00
   endloop
 endfacet
 facet normal  9.914449e-01  1.305262e-01  0.000000e+00
   outer loop
     vertex  1.354204e+02 -7.265529e+01  0.000000e+00
     vertex  1.354000e+02 -7.250000e+01  0.000000e+00
     vertex  1.354000e+02 -7.250000e+01  1.510000e+00
   endloop
 endfacet
 facet normal  9.238795e-01  3.826834e-01 -0.000000e+00
   outer loop
     vertex  1.354804e+02 -7.280000e+01  0.000000e+00
     vertex  1.354204e+02 -7.265529e+01  1.510000e+00
     vertex  1.354804e+02 -7.280000e+01  1.510000e+00
   endloop
 endfacet
 facet normal  9.238795e-01  3.826834e-01  0.000000e+00
   outer loop
     vertex  1.354804e+02 -7.280000e+01  0.000000e+00
     vertex  1.354204e+02 -7.265529e+01  0.000000e+00
     vertex  1.354204e+02 -7.265529e+01  1.510000e+00
   endloop
 endfacet
 facet normal  6.087614e-01  7.933533e-01 -0.000000e+00
   outer loop
     vertex  1.355757e+02 -7.292426e+01  0.000000e+00
     vertex  1.355757e+02 -7.292426e+01  1.510000e+00
     vertex  1.357000e+02 -7.301962e+01  1.510000e+00
   endloop
 endfacet
 facet normal  7.933533e-01  6.087614e-01 -0.000000e+00
   outer loop
     vertex  1.355757e+02 -7.292426e+01  0.000000e+00
     vertex  1.354804e+02 -7.280000e+01  1.510000e+00
     vertex  1.355757e+02 -7.292426e+01  1.510000e+00
   endloop
 endfacet
 facet normal  7.933533e-01  6.087614e-01  0.000000e+00
   outer loop
     vertex  1.355757e+02 -7.292426e+01  0.000000e+00
     vertex  1.354804e+02 -7.280000e+01  0.000000e+00
     vertex  1.354804e+02 -7.280000e+01  1.510000e+00
   endloop
 endfacet
 facet normal  6.087614e-01  7.933533e-01 -0.000000e+00
   outer loop
     vertex  1.357000e+02 -7.301962e+01  0.000000e+00
     vertex  1.355757e+02 -7.292426e+01  0.000000e+00
     vertex  1.357000e+02 -7.301962e+01  1.510000e+00
   endloop
 endfacet
 facet normal  3.826834e-01  9.238795e-01 -0.000000e+00
   outer loop
     vertex  1.358447e+02 -7.307956e+01  0.000000e+00
     vertex  1.357000e+02 -7.301962e+01  1.510000e+00
     vertex  1.358447e+02 -7.307956e+01  1.510000e+00
   endloop
 endfacet
 facet normal  3.826834e-01  9.238795e-01  0.000000e+00
   outer loop
     vertex  1.358447e+02 -7.307956e+01  0.000000e+00
     vertex  1.357000e+02 -7.301962e+01  0.000000e+00
     vertex  1.357000e+02 -7.301962e+01  1.510000e+00
   endloop
 endfacet
 facet normal  1.305262e-01  9.914449e-01 -0.000000e+00
   outer loop
     vertex  1.360000e+02 -7.310000e+01  0.000000e+00
     vertex  1.358447e+02 -7.307956e+01  1.510000e+00
     vertex  1.360000e+02 -7.310000e+01  1.510000e+00
   endloop
 endfacet
 facet normal  1.305262e-01  9.914449e-01  0.000000e+00
   outer loop
     vertex  1.360000e+02 -7.310000e+01  0.000000e+00
     vertex  1.358447e+02 -7.307956e+01  0.000000e+00
     vertex  1.358447e+02 -7.307956e+01  1.510000e+00
   endloop
 endfacet
 facet normal -1.305262e-01  9.914449e-01  0.000000e+00
   outer loop
     vertex  1.361553e+02 -7.127956e+01  0.000000e+00
     vertex  1.360000e+02 -7.130000e+01  0.000000e+00
     vertex  1.360000e+02 -7.130000e+01  1.510000e+00
   endloop
 endfacet
 facet normal -1.305262e-01  9.914449e-01  0.000000e+00
   outer loop
     vertex  1.361553e+02 -7.127956e+01  0.000000e+00
     vertex  1.360000e+02 -7.130000e+01  1.510000e+00
     vertex  1.361553e+02 -7.127956e+01  1.510000e+00
   endloop
 endfacet
 facet normal -3.826834e-01  9.238795e-01  0.000000e+00
   outer loop
     vertex  1.363000e+02 -7.121962e+01  0.000000e+00
     vertex  1.361553e+02 -7.127956e+01  1.510000e+00
     vertex  1.363000e+02 -7.121962e+01  1.510000e+00
   endloop
 endfacet
 facet normal -3.826834e-01  9.238795e-01  0.000000e+00
   outer loop
     vertex  1.363000e+02 -7.121962e+01  0.000000e+00
     vertex  1.361553e+02 -7.127956e+01  0.000000e+00
     vertex  1.361553e+02 -7.127956e+01  1.510000e+00
   endloop
 endfacet
 facet normal -6.087614e-01  7.933533e-01  0.000000e+00
   outer loop
     vertex  1.364243e+02 -7.112426e+01  0.000000e+00
     vertex  1.363000e+02 -7.121962e+01  1.510000e+00
     vertex  1.364243e+02 -7.112426e+01  1.510000e+00
   endloop
 endfacet
 facet normal -6.087614e-01  7.933533e-01  0.000000e+00
   outer loop
     vertex  1.364243e+02 -7.112426e+01  0.000000e+00
     vertex  1.363000e+02 -7.121962e+01  0.000000e+00
     vertex  1.363000e+02 -7.121962e+01  1.510000e+00
   endloop
 endfacet
 facet normal -7.933533e-01  6.087614e-01  0.000000e+00
   outer loop
     vertex  1.365196e+02 -7.100000e+01  0.000000e+00
     vertex  1.364243e+02 -7.112426e+01  1.510000e+00
     vertex  1.365196e+02 -7.100000e+01  1.510000e+00
   endloop
 endfacet
 facet normal -7.933533e-01  6.087614e-01  0.000000e+00
   outer loop
     vertex  1.365196e+02 -7.100000e+01  0.000000e+00
     vertex  1.364243e+02 -7.112426e+01  0.000000e+00
     vertex  1.364243e+02 -7.112426e+01  1.510000e+00
   endloop
 endfacet
 facet normal -9.238795e-01  3.826834e-01  0.000000e+00
   outer loop
     vertex  1.365796e+02 -7.085529e+01  0.000000e+00
     vertex  1.365196e+02 -7.100000e+01  1.510000e+00
     vertex  1.365796e+02 -7.085529e+01  1.510000e+00
   endloop
 endfacet
 facet normal -9.238795e-01  3.826834e-01  0.000000e+00
   outer loop
     vertex  1.365796e+02 -7.085529e+01  0.000000e+00
     vertex  1.365196e+02 -7.100000e+01  0.000000e+00
     vertex  1.365196e+02 -7.100000e+01  1.510000e+00
   endloop
 endfacet
 facet normal -9.914449e-01  1.305262e-01  0.000000e+00
   outer loop
     vertex  1.366000e+02 -7.070000e+01  0.000000e+00
     vertex  1.365796e+02 -7.085529e+01  1.510000e+00
     vertex  1.366000e+02 -7.070000e+01  1.510000e+00
   endloop
 endfacet
 facet normal -9.914449e-01  1.305262e-01  0.000000e+00
   outer loop
     vertex  1.366000e+02 -7.070000e+01  0.000000e+00
     vertex  1.365796e+02 -7.085529e+01  0.000000e+00
     vertex  1.365796e+02 -7.085529e+01  1.510000e+00
   endloop
 endfacet
 facet normal -9.914449e-01 -1.305262e-01  0.000000e+00
   outer loop
     vertex  1.365796e+02 -7.054471e+01  0.000000e+00
     vertex  1.366000e+02 -7.070000e+01  1.510000e+00
     vertex  1.365796e+02 -7.054471e+01  1.510000e+00
   endloop
 endfacet
 facet normal -9.914449e-01 -1.305262e-01  0.000000e+00
   outer loop
     vertex  1.365796e+02 -7.054471e+01  0.000000e+00
     vertex  1.366000e+02 -7.070000e+01  0.000000e+00
     vertex  1.366000e+02 -7.070000e+01  1.510000e+00
   endloop
 endfacet
 facet normal -9.238795e-01 -3.826834e-01  0.000000e+00
   outer loop
     vertex  1.365196e+02 -7.040000e+01  0.000000e+00
     vertex  1.365796e+02 -7.054471e+01  1.510000e+00
     vertex  1.365196e+02 -7.040000e+01  1.510000e+00
   endloop
 endfacet
 facet normal -9.238795e-01 -3.826834e-01  0.000000e+00
   outer loop
     vertex  1.365196e+02 -7.040000e+01  0.000000e+00
     vertex  1.365796e+02 -7.054471e+01  0.000000e+00
     vertex  1.365796e+02 -7.054471e+01  1.510000e+00
   endloop
 endfacet
 facet normal -7.933533e-01 -6.087614e-01  0.000000e+00
   outer loop
     vertex  1.364243e+02 -7.027574e+01  0.000000e+00
     vertex  1.365196e+02 -7.040000e+01  1.510000e+00
     vertex  1.364243e+02 -7.027574e+01  1.510000e+00
   endloop
 endfacet
 facet normal -7.933533e-01 -6.087614e-01  0.000000e+00
   outer loop
     vertex  1.364243e+02 -7.027574e+01  0.000000e+00
     vertex  1.365196e+02 -7.040000e+01  0.000000e+00
     vertex  1.365196e+02 -7.040000e+01  1.510000e+00
   endloop
 endfacet
 facet normal -6.087614e-01 -7.933533e-01  0.000000e+00
   outer loop
     vertex  1.363000e+02 -7.018038e+01  0.000000e+00
     vertex  1.364243e+02 -7.027574e+01  1.510000e+00
     vertex  1.363000e+02 -7.018038e+01  1.510000e+00
   endloop
 endfacet
 facet normal -6.087614e-01 -7.933533e-01  0.000000e+00
   outer loop
     vertex  1.363000e+02 -7.018038e+01  0.000000e+00
     vertex  1.364243e+02 -7.027574e+01  0.000000e+00
     vertex  1.364243e+02 -7.027574e+01  1.510000e+00
   endloop
 endfacet
 facet normal -3.826834e-01 -9.238795e-01  0.000000e+00
   outer loop
     vertex  1.361553e+02 -7.012044e+01  0.000000e+00
     vertex  1.363000e+02 -7.018038e+01  1.510000e+00
     vertex  1.361553e+02 -7.012044e+01  1.510000e+00
   endloop
 endfacet
 facet normal -3.826834e-01 -9.238795e-01  0.000000e+00
   outer loop
     vertex  1.361553e+02 -7.012044e+01  0.000000e+00
     vertex  1.363000e+02 -7.018038e+01  0.000000e+00
     vertex  1.363000e+02 -7.018038e+01  1.510000e+00
   endloop
 endfacet
 facet normal -1.305262e-01 -9.914449e-01  0.000000e+00
   outer loop
     vertex  1.360000e+02 -7.010000e+01  0.000000e+00
     vertex  1.361553e+02 -7.012044e+01  1.510000e+00
     vertex  1.360000e+02 -7.010000e+01  1.510000e+00
   endloop
 endfacet
 facet normal -1.305262e-01 -9.914449e-01  0.000000e+00
   outer loop
     vertex  1.360000e+02 -7.010000e+01  0.000000e+00
     vertex  1.361553e+02 -7.012044e+01  0.000000e+00
     vertex  1.361553e+02 -7.012044e+01  1.510000e+00
   endloop
 endfacet
 facet normal  1.305262e-01 -9.914449e-01  0.000000e+00
   outer loop
     vertex  1.358447e+02 -7.012044e+01  0.000000e+00
     vertex  1.360000e+02 -7.010000e+01  1.510000e+00
     vertex  1.358447e+02 -7.012044e+01  1.510000e+00
   endloop
 endfacet
 facet normal  1.305262e-01 -9.914449e-01  0.000000e+00
   outer loop
     vertex  1.358447e+02 -7.012044e+01  0.000000e+00
     vertex  1.360000e+02 -7.010000e+01  0.000000e+00
     vertex  1.360000e+02 -7.010000e+01  1.510000e+00
   endloop
 endfacet
 facet normal  3.826834e-01 -9.238795e-01  0.000000e+00
   outer loop
     vertex  1.357000e+02 -7.018038e+01  0.000000e+00
     vertex  1.358447e+02 -7.012044e+01  0.000000e+00
     vertex  1.358447e+02 -7.012044e+01  1.510000e+00
   endloop
 endfacet
 facet normal  3.826834e-01 -9.238795e-01  0.000000e+00
   outer loop
     vertex  1.357000e+02 -7.018038e+01  0.000000e+00
     vertex  1.358447e+02 -7.012044e+01  1.510000e+00
     vertex  1.357000e+02 -7.018038e+01  1.510000e+00
   endloop
 endfacet
 facet normal  6.087614e-01 -7.933533e-01  0.000000e+00
   outer loop
     vertex  1.355757e+02 -7.027574e+01  0.000000e+00
     vertex  1.357000e+02 -7.018038e+01  0.000000e+00
     vertex  1.357000e+02 -7.018038e+01  1.510000e+00
   endloop
 endfacet
 facet normal  7.933533e-01 -6.087614e-01  0.000000e+00
   outer loop
     vertex  1.355757e+02 -7.027574e+01  0.000000e+00
     vertex  1.355757e+02 -7.027574e+01  1.510000e+00
     vertex  1.354804e+02 -7.040000e+01  1.510000e+00
   endloop
 endfacet
 facet normal  6.087614e-01 -7.933533e-01  0.000000e+00
   outer loop
     vertex  1.355757e+02 -7.027574e+01  0.000000e+00
     vertex  1.357000e+02 -7.018038e+01  1.510000e+00
     vertex  1.355757e+02 -7.027574e+01  1.510000e+00
   endloop
 endfacet
 facet normal  7.933533e-01 -6.087614e-01  0.000000e+00
   outer loop
     vertex  1.354804e+02 -7.040000e+01  0.000000e+00
     vertex  1.355757e+02 -7.027574e+01  0.000000e+00
     vertex  1.354804e+02 -7.040000e+01  1.510000e+00
   endloop
 endfacet
 facet normal  9.238795e-01 -3.826834e-01  0.000000e+00
   outer loop
     vertex  1.354804e+02 -7.040000e+01  0.000000e+00
     vertex  1.354804e+02 -7.040000e+01  1.510000e+00
     vertex  1.354204e+02 -7.054471e+01  1.510000e+00
   endloop
 endfacet
 facet normal  9.238795e-01 -3.826834e-01  0.000000e+00
   outer loop
     vertex  1.354204e+02 -7.054471e+01  0.000000e+00
     vertex  1.354804e+02 -7.040000e+01  0.000000e+00
     vertex  1.354204e+02 -7.054471e+01  1.510000e+00
   endloop
 endfacet
 facet normal  9.914449e-01 -1.305262e-01  0.000000e+00
   outer loop
     vertex  1.354000e+02 -7.070000e+01  0.000000e+00
     vertex  1.354204e+02 -7.054471e+01  0.000000e+00
     vertex  1.354204e+02 -7.054471e+01  1.510000e+00
   endloop
 endfacet
 facet normal  9.914449e-01 -1.305262e-01  0.000000e+00
   outer loop
     vertex  1.354000e+02 -7.070000e+01  0.000000e+00
     vertex  1.354204e+02 -7.054471e+01  1.510000e+00
     vertex  1.354000e+02 -7.070000e+01  1.510000e+00
   endloop
 endfacet
 facet normal  9.914449e-01  1.305262e-01 -0.000000e+00
   outer loop
     vertex  1.354204e+02 -7.085529e+01  0.000000e+00
     vertex  1.354000e+02 -7.070000e+01  1.510000e+00
     vertex  1.354204e+02 -7.085529e+01  1.510000e+00
   endloop
 endfacet
 facet normal  9.914449e-01  1.305262e-01  0.000000e+00
   outer loop
     vertex  1.354204e+02 -7.085529e+01  0.000000e+00
     vertex  1.354000e+02 -7.070000e+01  0.000000e+00
     vertex  1.354000e+02 -7.070000e+01  1.510000e+00
   endloop
 endfacet
 facet normal  9.238795e-01  3.826834e-01 -0.000000e+00
   outer loop
     vertex  1.354804e+02 -7.100000e+01  0.000000e+00
     vertex  1.354204e+02 -7.085529e+01  1.510000e+00
     vertex  1.354804e+02 -7.100000e+01  1.510000e+00
   endloop
 endfacet
 facet normal  9.238795e-01  3.826834e-01  0.000000e+00
   outer loop
     vertex  1.354804e+02 -7.100000e+01  0.000000e+00
     vertex  1.354204e+02 -7.085529e+01  0.000000e+00
     vertex  1.354204e+02 -7.085529e+01  1.510000e+00
   endloop
 endfacet
 facet normal  6.087614e-01  7.933533e-01 -0.000000e+00
   outer loop
     vertex  1.355757e+02 -7.112426e+01  0.000000e+00
     vertex  1.355757e+02 -7.112426e+01  1.510000e+00
     vertex  1.357000e+02 -7.121962e+01  1.510000e+00
   endloop
 endfacet
 facet normal  7.933533e-01  6.087614e-01 -0.000000e+00
   outer loop
     vertex  1.355757e+02 -7.112426e+01  0.000000e+00
     vertex  1.354804e+02 -7.100000e+01  1.510000e+00
     vertex  1.355757e+02 -7.112426e+01  1.510000e+00
   endloop
 endfacet
 facet normal  7.933533e-01  6.087614e-01  0.000000e+00
   outer loop
     vertex  1.355757e+02 -7.112426e+01  0.000000e+00
     vertex  1.354804e+02 -7.100000e+01  0.000000e+00
     vertex  1.354804e+02 -7.100000e+01  1.510000e+00
   endloop
 endfacet
 facet normal  6.087614e-01  7.933533e-01 -0.000000e+00
   outer loop
     vertex  1.357000e+02 -7.121962e+01  0.000000e+00
     vertex  1.355757e+02 -7.112426e+01  0.000000e+00
     vertex  1.357000e+02 -7.121962e+01  1.510000e+00
   endloop
 endfacet
 facet normal  3.826834e-01  9.238795e-01 -0.000000e+00
   outer loop
     vertex  1.358447e+02 -7.127956e+01  0.000000e+00
     vertex  1.357000e+02 -7.121962e+01  1.510000e+00
     vertex  1.358447e+02 -7.127956e+01  1.510000e+00
   endloop
 endfacet
 facet normal  3.826834e-01  9.238795e-01  0.000000e+00
   outer loop
     vertex  1.358447e+02 -7.127956e+01  0.000000e+00
     vertex  1.357000e+02 -7.121962e+01  0.000000e+00
     vertex  1.357000e+02 -7.121962e+01  1.510000e+00
   endloop
 endfacet
 facet normal  1.305262e-01  9.914449e-01 -0.000000e+00
   outer loop
     vertex  1.360000e+02 -7.130000e+01  0.000000e+00
     vertex  1.358447e+02 -7.127956e+01  1.510000e+00
     vertex  1.360000e+02 -7.130000e+01  1.510000e+00
   endloop
 endfacet
 facet normal  1.305262e-01  9.914449e-01  0.000000e+00
   outer loop
     vertex  1.360000e+02 -7.130000e+01  0.000000e+00
     vertex  1.358447e+02 -7.127956e+01  0.000000e+00
     vertex  1.358447e+02 -7.127956e+01  1.510000e+00
   endloop
 endfacet
 facet normal -1.305262e-01  9.914449e-01  0.000000e+00
   outer loop
     vertex  1.361553e+02 -6.947956e+01  0.000000e+00
     vertex  1.360000e+02 -6.950000e+01  0.000000e+00
     vertex  1.360000e+02 -6.950000e+01  1.510000e+00
   endloop
 endfacet
 facet normal -1.305262e-01  9.914449e-01  0.000000e+00
   outer loop
     vertex  1.361553e+02 -6.947956e+01  0.000000e+00
     vertex  1.360000e+02 -6.950000e+01  1.510000e+00
     vertex  1.361553e+02 -6.947956e+01  1.510000e+00
   endloop
 endfacet
 facet normal -3.826834e-01  9.238795e-01  0.000000e+00
   outer loop
     vertex  1.363000e+02 -6.941962e+01  0.000000e+00
     vertex  1.361553e+02 -6.947956e+01  1.510000e+00
     vertex  1.363000e+02 -6.941962e+01  1.510000e+00
   endloop
 endfacet
 facet normal -3.826834e-01  9.238795e-01  0.000000e+00
   outer loop
     vertex  1.363000e+02 -6.941962e+01  0.000000e+00
     vertex  1.361553e+02 -6.947956e+01  0.000000e+00
     vertex  1.361553e+02 -6.947956e+01  1.510000e+00
   endloop
 endfacet
 facet normal -6.087614e-01  7.933533e-01  0.000000e+00
   outer loop
     vertex  1.364243e+02 -6.932426e+01  0.000000e+00
     vertex  1.363000e+02 -6.941962e+01  1.510000e+00
     vertex  1.364243e+02 -6.932426e+01  1.510000e+00
   endloop
 endfacet
 facet normal -6.087614e-01  7.933533e-01  0.000000e+00
   outer loop
     vertex  1.364243e+02 -6.932426e+01  0.000000e+00
     vertex  1.363000e+02 -6.941962e+01  0.000000e+00
     vertex  1.363000e+02 -6.941962e+01  1.510000e+00
   endloop
 endfacet
 facet normal -7.933533e-01  6.087614e-01  0.000000e+00
   outer loop
     vertex  1.365196e+02 -6.920000e+01  0.000000e+00
     vertex  1.364243e+02 -6.932426e+01  1.510000e+00
     vertex  1.365196e+02 -6.920000e+01  1.510000e+00
   endloop
 endfacet
 facet normal -7.933533e-01  6.087614e-01  0.000000e+00
   outer loop
     vertex  1.365196e+02 -6.920000e+01  0.000000e+00
     vertex  1.364243e+02 -6.932426e+01  0.000000e+00
     vertex  1.364243e+02 -6.932426e+01  1.510000e+00
   endloop
 endfacet
 facet normal -9.238795e-01  3.826834e-01  0.000000e+00
   outer loop
     vertex  1.365796e+02 -6.905529e+01  0.000000e+00
     vertex  1.365196e+02 -6.920000e+01  1.510000e+00
     vertex  1.365796e+02 -6.905529e+01  1.510000e+00
   endloop
 endfacet
 facet normal -9.238795e-01  3.826834e-01  0.000000e+00
   outer loop
     vertex  1.365796e+02 -6.905529e+01  0.000000e+00
     vertex  1.365196e+02 -6.920000e+01  0.000000e+00
     vertex  1.365196e+02 -6.920000e+01  1.510000e+00
   endloop
 endfacet
 facet normal -9.914449e-01  1.305262e-01  0.000000e+00
   outer loop
     vertex  1.366000e+02 -6.890000e+01  0.000000e+00
     vertex  1.365796e+02 -6.905529e+01  1.510000e+00
     vertex  1.366000e+02 -6.890000e+01  1.510000e+00
   endloop
 endfacet
 facet normal -9.914449e-01  1.305262e-01  0.000000e+00
   outer loop
     vertex  1.366000e+02 -6.890000e+01  0.000000e+00
     vertex  1.365796e+02 -6.905529e+01  0.000000e+00
     vertex  1.365796e+02 -6.905529e+01  1.510000e+00
   endloop
 endfacet
 facet normal -9.914449e-01 -1.305262e-01  0.000000e+00
   outer loop
     vertex  1.365796e+02 -6.874471e+01  0.000000e+00
     vertex  1.366000e+02 -6.890000e+01  1.510000e+00
     vertex  1.365796e+02 -6.874471e+01  1.510000e+00
   endloop
 endfacet
 facet normal -9.914449e-01 -1.305262e-01  0.000000e+00
   outer loop
     vertex  1.365796e+02 -6.874471e+01  0.000000e+00
     vertex  1.366000e+02 -6.890000e+01  0.000000e+00
     vertex  1.366000e+02 -6.890000e+01  1.510000e+00
   endloop
 endfacet
 facet normal -9.238795e-01 -3.826834e-01  0.000000e+00
   outer loop
     vertex  1.365196e+02 -6.860000e+01  0.000000e+00
     vertex  1.365796e+02 -6.874471e+01  1.510000e+00
     vertex  1.365196e+02 -6.860000e+01  1.510000e+00
   endloop
 endfacet
 facet normal -9.238795e-01 -3.826834e-01  0.000000e+00
   outer loop
     vertex  1.365196e+02 -6.860000e+01  0.000000e+00
     vertex  1.365796e+02 -6.874471e+01  0.000000e+00
     vertex  1.365796e+02 -6.874471e+01  1.510000e+00
   endloop
 endfacet
 facet normal -7.933533e-01 -6.087614e-01  0.000000e+00
   outer loop
     vertex  1.364243e+02 -6.847574e+01  0.000000e+00
     vertex  1.365196e+02 -6.860000e+01  1.510000e+00
     vertex  1.364243e+02 -6.847574e+01  1.510000e+00
   endloop
 endfacet
 facet normal -7.933533e-01 -6.087614e-01  0.000000e+00
   outer loop
     vertex  1.364243e+02 -6.847574e+01  0.000000e+00
     vertex  1.365196e+02 -6.860000e+01  0.000000e+00
     vertex  1.365196e+02 -6.860000e+01  1.510000e+00
   endloop
 endfacet
 facet normal -6.087614e-01 -7.933533e-01  0.000000e+00
   outer loop
     vertex  1.363000e+02 -6.838038e+01  0.000000e+00
     vertex  1.364243e+02 -6.847574e+01  1.510000e+00
     vertex  1.363000e+02 -6.838038e+01  1.510000e+00
   endloop
 endfacet
 facet normal -6.087614e-01 -7.933533e-01  0.000000e+00
   outer loop
     vertex  1.363000e+02 -6.838038e+01  0.000000e+00
     vertex  1.364243e+02 -6.847574e+01  0.000000e+00
     vertex  1.364243e+02 -6.847574e+01  1.510000e+00
   endloop
 endfacet
 facet normal -3.826834e-01 -9.238795e-01  0.000000e+00
   outer loop
     vertex  1.361553e+02 -6.832044e+01  0.000000e+00
     vertex  1.363000e+02 -6.838038e+01  1.510000e+00
     vertex  1.361553e+02 -6.832044e+01  1.510000e+00
   endloop
 endfacet
 facet normal -3.826834e-01 -9.238795e-01  0.000000e+00
   outer loop
     vertex  1.361553e+02 -6.832044e+01  0.000000e+00
     vertex  1.363000e+02 -6.838038e+01  0.000000e+00
     vertex  1.363000e+02 -6.838038e+01  1.510000e+00
   endloop
 endfacet
 facet normal -1.305262e-01 -9.914449e-01  0.000000e+00
   outer loop
     vertex  1.360000e+02 -6.830000e+01  0.000000e+00
     vertex  1.361553e+02 -6.832044e+01  1.510000e+00
     vertex  1.360000e+02 -6.830000e+01  1.510000e+00
   endloop
 endfacet
 facet normal -1.305262e-01 -9.914449e-01  0.000000e+00
   outer loop
     vertex  1.360000e+02 -6.830000e+01  0.000000e+00
     vertex  1.361553e+02 -6.832044e+01  0.000000e+00
     vertex  1.361553e+02 -6.832044e+01  1.510000e+00
   endloop
 endfacet
 facet normal  1.305262e-01 -9.914449e-01  0.000000e+00
   outer loop
     vertex  1.358447e+02 -6.832044e+01  0.000000e+00
     vertex  1.360000e+02 -6.830000e+01  1.510000e+00
     vertex  1.358447e+02 -6.832044e+01  1.510000e+00
   endloop
 endfacet
 facet normal  1.305262e-01 -9.914449e-01  0.000000e+00
   outer loop
     vertex  1.358447e+02 -6.832044e+01  0.000000e+00
     vertex  1.360000e+02 -6.830000e+01  0.000000e+00
     vertex  1.360000e+02 -6.830000e+01  1.510000e+00
   endloop
 endfacet
 facet normal  3.826834e-01 -9.238795e-01  0.000000e+00
   outer loop
     vertex  1.357000e+02 -6.838038e+01  0.000000e+00
     vertex  1.358447e+02 -6.832044e+01  0.000000e+00
     vertex  1.358447e+02 -6.832044e+01  1.510000e+00
   endloop
 endfacet
 facet normal  3.826834e-01 -9.238795e-01  0.000000e+00
   outer loop
     vertex  1.357000e+02 -6.838038e+01  0.000000e+00
     vertex  1.358447e+02 -6.832044e+01  1.510000e+00
     vertex  1.357000e+02 -6.838038e+01  1.510000e+00
   endloop
 endfacet
 facet normal  6.087614e-01 -7.933533e-01  0.000000e+00
   outer loop
     vertex  1.355757e+02 -6.847574e+01  0.000000e+00
     vertex  1.357000e+02 -6.838038e+01  0.000000e+00
     vertex  1.357000e+02 -6.838038e+01  1.510000e+00
   endloop
 endfacet
 facet normal  7.933533e-01 -6.087614e-01  0.000000e+00
   outer loop
     vertex  1.355757e+02 -6.847574e+01  0.000000e+00
     vertex  1.355757e+02 -6.847574e+01  1.510000e+00
     vertex  1.354804e+02 -6.860000e+01  1.510000e+00
   endloop
 endfacet
 facet normal  6.087614e-01 -7.933533e-01  0.000000e+00
   outer loop
     vertex  1.355757e+02 -6.847574e+01  0.000000e+00
     vertex  1.357000e+02 -6.838038e+01  1.510000e+00
     vertex  1.355757e+02 -6.847574e+01  1.510000e+00
   endloop
 endfacet
 facet normal  7.933533e-01 -6.087614e-01  0.000000e+00
   outer loop
     vertex  1.354804e+02 -6.860000e+01  0.000000e+00
     vertex  1.355757e+02 -6.847574e+01  0.000000e+00
     vertex  1.354804e+02 -6.860000e+01  1.510000e+00
   endloop
 endfacet
 facet normal  9.238795e-01 -3.826834e-01  0.000000e+00
   outer loop
     vertex  1.354804e+02 -6.860000e+01  0.000000e+00
     vertex  1.354804e+02 -6.860000e+01  1.510000e+00
     vertex  1.354204e+02 -6.874471e+01  1.510000e+00
   endloop
 endfacet
 facet normal  9.238795e-01 -3.826834e-01  0.000000e+00
   outer loop
     vertex  1.354204e+02 -6.874471e+01  0.000000e+00
     vertex  1.354804e+02 -6.860000e+01  0.000000e+00
     vertex  1.354204e+02 -6.874471e+01  1.510000e+00
   endloop
 endfacet
 facet normal  9.914449e-01 -1.305262e-01  0.000000e+00
   outer loop
     vertex  1.354000e+02 -6.890000e+01  0.000000e+00
     vertex  1.354204e+02 -6.874471e+01  0.000000e+00
     vertex  1.354204e+02 -6.874471e+01  1.510000e+00
   endloop
 endfacet
 facet normal  9.914449e-01 -1.305262e-01  0.000000e+00
   outer loop
     vertex  1.354000e+02 -6.890000e+01  0.000000e+00
     vertex  1.354204e+02 -6.874471e+01  1.510000e+00
     vertex  1.354000e+02 -6.890000e+01  1.510000e+00
   endloop
 endfacet
 facet normal  9.914449e-01  1.305262e-01 -0.000000e+00
   outer loop
     vertex  1.354204e+02 -6.905529e+01  0.000000e+00
     vertex  1.354000e+02 -6.890000e+01  1.510000e+00
     vertex  1.354204e+02 -6.905529e+01  1.510000e+00
   endloop
 endfacet
 facet normal  9.914449e-01  1.305262e-01  0.000000e+00
   outer loop
     vertex  1.354204e+02 -6.905529e+01  0.000000e+00
     vertex  1.354000e+02 -6.890000e+01  0.000000e+00
     vertex  1.354000e+02 -6.890000e+01  1.510000e+00
   endloop
 endfacet
 facet normal  9.238795e-01  3.826834e-01 -0.000000e+00
   outer loop
     vertex  1.354804e+02 -6.920000e+01  0.000000e+00
     vertex  1.354204e+02 -6.905529e+01  1.510000e+00
     vertex  1.354804e+02 -6.920000e+01  1.510000e+00
   endloop
 endfacet
 facet normal  9.238795e-01  3.826834e-01  0.000000e+00
   outer loop
     vertex  1.354804e+02 -6.920000e+01  0.000000e+00
     vertex  1.354204e+02 -6.905529e+01  0.000000e+00
     vertex  1.354204e+02 -6.905529e+01  1.510000e+00
   endloop
 endfacet
 facet normal  6.087614e-01  7.933533e-01 -0.000000e+00
   outer loop
     vertex  1.355757e+02 -6.932426e+01  0.000000e+00
     vertex  1.355757e+02 -6.932426e+01  1.510000e+00
     vertex  1.357000e+02 -6.941962e+01  1.510000e+00
   endloop
 endfacet
 facet normal  7.933533e-01  6.087614e-01 -0.000000e+00
   outer loop
     vertex  1.355757e+02 -6.932426e+01  0.000000e+00
     vertex  1.354804e+02 -6.920000e+01  1.510000e+00
     vertex  1.355757e+02 -6.932426e+01  1.510000e+00
   endloop
 endfacet
 facet normal  7.933533e-01  6.087614e-01  0.000000e+00
   outer loop
     vertex  1.355757e+02 -6.932426e+01  0.000000e+00
     vertex  1.354804e+02 -6.920000e+01  0.000000e+00
     vertex  1.354804e+02 -6.920000e+01  1.510000e+00
   endloop
 endfacet
 facet normal  6.087614e-01  7.933533e-01 -0.000000e+00
   outer loop
     vertex  1.357000e+02 -6.941962e+01  0.000000e+00
     vertex  1.355757e+02 -6.932426e+01  0.000000e+00
     vertex  1.357000e+02 -6.941962e+01  1.510000e+00
   endloop
 endfacet
 facet normal  3.826834e-01  9.238795e-01 -0.000000e+00
   outer loop
     vertex  1.358447e+02 -6.947956e+01  0.000000e+00
     vertex  1.357000e+02 -6.941962e+01  1.510000e+00
     vertex  1.358447e+02 -6.947956e+01  1.510000e+00
   endloop
 endfacet
 facet normal  3.826834e-01  9.238795e-01  0.000000e+00
   outer loop
     vertex  1.358447e+02 -6.947956e+01  0.000000e+00
     vertex  1.357000e+02 -6.941962e+01  0.000000e+00
     vertex  1.357000e+02 -6.941962e+01  1.510000e+00
   endloop
 endfacet
 facet normal  1.305262e-01  9.914449e-01 -0.000000e+00
   outer loop
     vertex  1.360000e+02 -6.950000e+01  0.000000e+00
     vertex  1.358447e+02 -6.947956e+01  1.510000e+00
     vertex  1.360000e+02 -6.950000e+01  1.510000e+00
   endloop
 endfacet
 facet normal  1.305262e-01  9.914449e-01  0.000000e+00
   outer loop
     vertex  1.360000e+02 -6.950000e+01  0.000000e+00
     vertex  1.358447e+02 -6.947956e+01  0.000000e+00
     vertex  1.358447e+02 -6.947956e+01  1.510000e+00
   endloop
 endfacet
 facet normal -1.305262e-01  9.914449e-01  0.000000e+00
   outer loop
     vertex  1.224141e+02 -6.404548e+01  0.000000e+00
     vertex  1.220000e+02 -6.410000e+01  0.000000e+00
     vertex  1.220000e+02 -6.410000e+01  1.510000e+00
   endloop
 endfacet
 facet normal -1.305262e-01  9.914449e-01  0.000000e+00
   outer loop
     vertex  1.224141e+02 -6.404548e+01  0.000000e+00
     vertex  1.220000e+02 -6.410000e+01  1.510000e+00
     vertex  1.224141e+02 -6.404548e+01  1.510000e+00
   endloop
 endfacet
 facet normal -3.826834e-01  9.238795e-01  0.000000e+00
   outer loop
     vertex  1.228000e+02 -6.388564e+01  0.000000e+00
     vertex  1.224141e+02 -6.404548e+01  1.510000e+00
     vertex  1.228000e+02 -6.388564e+01  1.510000e+00
   endloop
 endfacet
 facet normal -3.826834e-01  9.238795e-01  0.000000e+00
   outer loop
     vertex  1.228000e+02 -6.388564e+01  0.000000e+00
     vertex  1.224141e+02 -6.404548e+01  0.000000e+00
     vertex  1.224141e+02 -6.404548e+01  1.510000e+00
   endloop
 endfacet
 facet normal -6.087614e-01  7.933533e-01  0.000000e+00
   outer loop
     vertex  1.231314e+02 -6.363137e+01  0.000000e+00
     vertex  1.228000e+02 -6.388564e+01  1.510000e+00
     vertex  1.231314e+02 -6.363137e+01  1.510000e+00
   endloop
 endfacet
 facet normal -6.087614e-01  7.933533e-01  0.000000e+00
   outer loop
     vertex  1.231314e+02 -6.363137e+01  0.000000e+00
     vertex  1.228000e+02 -6.388564e+01  0.000000e+00
     vertex  1.228000e+02 -6.388564e+01  1.510000e+00
   endloop
 endfacet
 facet normal -7.933533e-01  6.087614e-01  0.000000e+00
   outer loop
     vertex  1.233856e+02 -6.330000e+01  0.000000e+00
     vertex  1.231314e+02 -6.363137e+01  1.510000e+00
     vertex  1.233856e+02 -6.330000e+01  1.510000e+00
   endloop
 endfacet
 facet normal -7.933533e-01  6.087614e-01  0.000000e+00
   outer loop
     vertex  1.233856e+02 -6.330000e+01  0.000000e+00
     vertex  1.231314e+02 -6.363137e+01  0.000000e+00
     vertex  1.231314e+02 -6.363137e+01  1.510000e+00
   endloop
 endfacet
 facet normal -9.238795e-01  3.826834e-01  0.000000e+00
   outer loop
     vertex  1.235455e+02 -6.291411e+01  0.000000e+00
     vertex  1.233856e+02 -6.330000e+01  1.510000e+00
     vertex  1.235455e+02 -6.291411e+01  1.510000e+00
   endloop
 endfacet
 facet normal -9.238795e-01  3.826834e-01  0.000000e+00
   outer loop
     vertex  1.235455e+02 -6.291411e+01  0.000000e+00
     vertex  1.233856e+02 -6.330000e+01  0.000000e+00
     vertex  1.233856e+02 -6.330000e+01  1.510000e+00
   endloop
 endfacet
 facet normal -9.914449e-01  1.305262e-01  0.000000e+00
   outer loop
     vertex  1.236000e+02 -6.250000e+01  0.000000e+00
     vertex  1.235455e+02 -6.291411e+01  1.510000e+00
     vertex  1.236000e+02 -6.250000e+01  1.510000e+00
   endloop
 endfacet
 facet normal -9.914449e-01  1.305262e-01  0.000000e+00
   outer loop
     vertex  1.236000e+02 -6.250000e+01  0.000000e+00
     vertex  1.235455e+02 -6.291411e+01  0.000000e+00
     vertex  1.235455e+02 -6.291411e+01  1.510000e+00
   endloop
 endfacet
 facet normal -9.914449e-01 -1.305262e-01  0.000000e+00
   outer loop
     vertex  1.235455e+02 -6.208589e+01  0.000000e+00
     vertex  1.236000e+02 -6.250000e+01  1.510000e+00
     vertex  1.235455e+02 -6.208589e+01  1.510000e+00
   endloop
 endfacet
 facet normal -9.914449e-01 -1.305262e-01  0.000000e+00
   outer loop
     vertex  1.235455e+02 -6.208589e+01  0.000000e+00
     vertex  1.236000e+02 -6.250000e+01  0.000000e+00
     vertex  1.236000e+02 -6.250000e+01  1.510000e+00
   endloop
 endfacet
 facet normal -9.238795e-01 -3.826834e-01  0.000000e+00
   outer loop
     vertex  1.233856e+02 -6.170000e+01  0.000000e+00
     vertex  1.235455e+02 -6.208589e+01  1.510000e+00
     vertex  1.233856e+02 -6.170000e+01  1.510000e+00
   endloop
 endfacet
 facet normal -9.238795e-01 -3.826834e-01  0.000000e+00
   outer loop
     vertex  1.233856e+02 -6.170000e+01  0.000000e+00
     vertex  1.235455e+02 -6.208589e+01  0.000000e+00
     vertex  1.235455e+02 -6.208589e+01  1.510000e+00
   endloop
 endfacet
 facet normal -7.933533e-01 -6.087614e-01  0.000000e+00
   outer loop
     vertex  1.231314e+02 -6.136863e+01  0.000000e+00
     vertex  1.233856e+02 -6.170000e+01  1.510000e+00
     vertex  1.231314e+02 -6.136863e+01  1.510000e+00
   endloop
 endfacet
 facet normal -7.933533e-01 -6.087614e-01  0.000000e+00
   outer loop
     vertex  1.231314e+02 -6.136863e+01  0.000000e+00
     vertex  1.233856e+02 -6.170000e+01  0.000000e+00
     vertex  1.233856e+02 -6.170000e+01  1.510000e+00
   endloop
 endfacet
 facet normal -6.087614e-01 -7.933533e-01  0.000000e+00
   outer loop
     vertex  1.228000e+02 -6.111436e+01  0.000000e+00
     vertex  1.231314e+02 -6.136863e+01  1.510000e+00
     vertex  1.228000e+02 -6.111436e+01  1.510000e+00
   endloop
 endfacet
 facet normal -6.087614e-01 -7.933533e-01  0.000000e+00
   outer loop
     vertex  1.228000e+02 -6.111436e+01  0.000000e+00
     vertex  1.231314e+02 -6.136863e+01  0.000000e+00
     vertex  1.231314e+02 -6.136863e+01  1.510000e+00
   endloop
 endfacet
 facet normal -3.826834e-01 -9.238795e-01  0.000000e+00
   outer loop
     vertex  1.224141e+02 -6.095452e+01  0.000000e+00
     vertex  1.228000e+02 -6.111436e+01  1.510000e+00
     vertex  1.224141e+02 -6.095452e+01  1.510000e+00
   endloop
 endfacet
 facet normal -3.826834e-01 -9.238795e-01  0.000000e+00
   outer loop
     vertex  1.224141e+02 -6.095452e+01  0.000000e+00
     vertex  1.228000e+02 -6.111436e+01  0.000000e+00
     vertex  1.228000e+02 -6.111436e+01  1.510000e+00
   endloop
 endfacet
 facet normal -1.305262e-01 -9.914449e-01  0.000000e+00
   outer loop
     vertex  1.220000e+02 -6.090000e+01  0.000000e+00
     vertex  1.224141e+02 -6.095452e+01  1.510000e+00
     vertex  1.220000e+02 -6.090000e+01  1.510000e+00
   endloop
 endfacet
 facet normal -1.305262e-01 -9.914449e-01  0.000000e+00
   outer loop
     vertex  1.220000e+02 -6.090000e+01  0.000000e+00
     vertex  1.224141e+02 -6.095452e+01  0.000000e+00
     vertex  1.224141e+02 -6.095452e+01  1.510000e+00
   endloop
 endfacet
 facet normal  1.305262e-01 -9.914449e-01  0.000000e+00
   outer loop
     vertex  1.215859e+02 -6.095452e+01  0.000000e+00
     vertex  1.220000e+02 -6.090000e+01  1.510000e+00
     vertex  1.215859e+02 -6.095452e+01  1.510000e+00
   endloop
 endfacet
 facet normal  1.305262e-01 -9.914449e-01  0.000000e+00
   outer loop
     vertex  1.215859e+02 -6.095452e+01  0.000000e+00
     vertex  1.220000e+02 -6.090000e+01  0.000000e+00
     vertex  1.220000e+02 -6.090000e+01  1.510000e+00
   endloop
 endfacet
 facet normal  3.826834e-01 -9.238795e-01  0.000000e+00
   outer loop
     vertex  1.212000e+02 -6.111436e+01  0.000000e+00
     vertex  1.215859e+02 -6.095452e+01  0.000000e+00
     vertex  1.215859e+02 -6.095452e+01  1.510000e+00
   endloop
 endfacet
 facet normal  3.826834e-01 -9.238795e-01  0.000000e+00
   outer loop
     vertex  1.212000e+02 -6.111436e+01  0.000000e+00
     vertex  1.215859e+02 -6.095452e+01  1.510000e+00
     vertex  1.212000e+02 -6.111436e+01  1.510000e+00
   endloop
 endfacet
 facet normal  6.087614e-01 -7.933533e-01  0.000000e+00
   outer loop
     vertex  1.208686e+02 -6.136863e+01  0.000000e+00
     vertex  1.212000e+02 -6.111436e+01  0.000000e+00
     vertex  1.212000e+02 -6.111436e+01  1.510000e+00
   endloop
 endfacet
 facet normal  7.933533e-01 -6.087614e-01  0.000000e+00
   outer loop
     vertex  1.208686e+02 -6.136863e+01  0.000000e+00
     vertex  1.208686e+02 -6.136863e+01  1.510000e+00
     vertex  1.206144e+02 -6.170000e+01  1.510000e+00
   endloop
 endfacet
 facet normal  6.087614e-01 -7.933533e-01  0.000000e+00
   outer loop
     vertex  1.208686e+02 -6.136863e+01  0.000000e+00
     vertex  1.212000e+02 -6.111436e+01  1.510000e+00
     vertex  1.208686e+02 -6.136863e+01  1.510000e+00
   endloop
 endfacet
 facet normal  7.933533e-01 -6.087614e-01  0.000000e+00
   outer loop
     vertex  1.206144e+02 -6.170000e+01  0.000000e+00
     vertex  1.208686e+02 -6.136863e+01  0.000000e+00
     vertex  1.206144e+02 -6.170000e+01  1.510000e+00
   endloop
 endfacet
 facet normal  9.238795e-01 -3.826834e-01  0.000000e+00
   outer loop
     vertex  1.206144e+02 -6.170000e+01  0.000000e+00
     vertex  1.206144e+02 -6.170000e+01  1.510000e+00
     vertex  1.204545e+02 -6.208589e+01  1.510000e+00
   endloop
 endfacet
 facet normal  9.238795e-01 -3.826834e-01  0.000000e+00
   outer loop
     vertex  1.204545e+02 -6.208589e+01  0.000000e+00
     vertex  1.206144e+02 -6.170000e+01  0.000000e+00
     vertex  1.204545e+02 -6.208589e+01  1.510000e+00
   endloop
 endfacet
 facet normal  9.914449e-01 -1.305262e-01  0.000000e+00
   outer loop
     vertex  1.204000e+02 -6.250000e+01  0.000000e+00
     vertex  1.204545e+02 -6.208589e+01  0.000000e+00
     vertex  1.204545e+02 -6.208589e+01  1.510000e+00
   endloop
 endfacet
 facet normal  9.914449e-01 -1.305262e-01  0.000000e+00
   outer loop
     vertex  1.204000e+02 -6.250000e+01  0.000000e+00
     vertex  1.204545e+02 -6.208589e+01  1.510000e+00
     vertex  1.204000e+02 -6.250000e+01  1.510000e+00
   endloop
 endfacet
 facet normal  9.914449e-01  1.305262e-01 -0.000000e+00
   outer loop
     vertex  1.204545e+02 -6.291411e+01  0.000000e+00
     vertex  1.204000e+02 -6.250000e+01  1.510000e+00
     vertex  1.204545e+02 -6.291411e+01  1.510000e+00
   endloop
 endfacet
 facet normal  9.914449e-01  1.305262e-01  0.000000e+00
   outer loop
     vertex  1.204545e+02 -6.291411e+01  0.000000e+00
     vertex  1.204000e+02 -6.250000e+01  0.000000e+00
     vertex  1.204000e+02 -6.250000e+01  1.510000e+00
   endloop
 endfacet
 facet normal  9.238795e-01  3.826834e-01 -0.000000e+00
   outer loop
     vertex  1.206144e+02 -6.330000e+01  0.000000e+00
     vertex  1.204545e+02 -6.291411e+01  1.510000e+00
     vertex  1.206144e+02 -6.330000e+01  1.510000e+00
   endloop
 endfacet
 facet normal  9.238795e-01  3.826834e-01  0.000000e+00
   outer loop
     vertex  1.206144e+02 -6.330000e+01  0.000000e+00
     vertex  1.204545e+02 -6.291411e+01  0.000000e+00
     vertex  1.204545e+02 -6.291411e+01  1.510000e+00
   endloop
 endfacet
 facet normal  6.087614e-01  7.933533e-01 -0.000000e+00
   outer loop
     vertex  1.208686e+02 -6.363137e+01  0.000000e+00
     vertex  1.208686e+02 -6.363137e+01  1.510000e+00
     vertex  1.212000e+02 -6.388564e+01  1.510000e+00
   endloop
 endfacet
 facet normal  7.933533e-01  6.087614e-01 -0.000000e+00
   outer loop
     vertex  1.208686e+02 -6.363137e+01  0.000000e+00
     vertex  1.206144e+02 -6.330000e+01  1.510000e+00
     vertex  1.208686e+02 -6.363137e+01  1.510000e+00
   endloop
 endfacet
 facet normal  7.933533e-01  6.087614e-01  0.000000e+00
   outer loop
     vertex  1.208686e+02 -6.363137e+01  0.000000e+00
     vertex  1.206144e+02 -6.330000e+01  0.000000e+00
     vertex  1.206144e+02 -6.330000e+01  1.510000e+00
   endloop
 endfacet
 facet normal  6.087614e-01  7.933533e-01 -0.000000e+00
   outer loop
     vertex  1.212000e+02 -6.388564e+01  0.000000e+00
     vertex  1.208686e+02 -6.363137e+01  0.000000e+00
     vertex  1.212000e+02 -6.388564e+01  1.510000e+00
   endloop
 endfacet
 facet normal  3.826834e-01  9.238795e-01 -0.000000e+00
   outer loop
     vertex  1.215859e+02 -6.404548e+01  0.000000e+00
     vertex  1.212000e+02 -6.388564e+01  1.510000e+00
     vertex  1.215859e+02 -6.404548e+01  1.510000e+00
   endloop
 endfacet
 facet normal  3.826834e-01  9.238795e-01  0.000000e+00
   outer loop
     vertex  1.215859e+02 -6.404548e+01  0.000000e+00
     vertex  1.212000e+02 -6.388564e+01  0.000000e+00
     vertex  1.212000e+02 -6.388564e+01  1.510000e+00
   endloop
 endfacet
 facet normal  1.305262e-01  9.914449e-01 -0.000000e+00
   outer loop
     vertex  1.220000e+02 -6.410000e+01  0.000000e+00
     vertex  1.215859e+02 -6.404548e+01  1.510000e+00
     vertex  1.220000e+02 -6.410000e+01  1.510000e+00
   endloop
 endfacet
 facet normal  1.305262e-01  9.914449e-01  0.000000e+00
   outer loop
     vertex  1.220000e+02 -6.410000e+01  0.000000e+00
     vertex  1.215859e+02 -6.404548e+01  0.000000e+00
     vertex  1.215859e+02 -6.404548e+01  1.510000e+00
   endloop
 endfacet
 facet normal -1.305262e-01  9.914449e-01  0.000000e+00
   outer loop
     vertex  1.641553e+02 -7.307956e+01  0.000000e+00
     vertex  1.640000e+02 -7.310000e+01  0.000000e+00
     vertex  1.640000e+02 -7.310000e+01  1.510000e+00
   endloop
 endfacet
 facet normal -1.305262e-01  9.914449e-01  0.000000e+00
   outer loop
     vertex  1.641553e+02 -7.307956e+01  0.000000e+00
     vertex  1.640000e+02 -7.310000e+01  1.510000e+00
     vertex  1.641553e+02 -7.307956e+01  1.510000e+00
   endloop
 endfacet
 facet normal -3.826834e-01  9.238795e-01  0.000000e+00
   outer loop
     vertex  1.643000e+02 -7.301962e+01  0.000000e+00
     vertex  1.641553e+02 -7.307956e+01  1.510000e+00
     vertex  1.643000e+02 -7.301962e+01  1.510000e+00
   endloop
 endfacet
 facet normal -3.826834e-01  9.238795e-01  0.000000e+00
   outer loop
     vertex  1.643000e+02 -7.301962e+01  0.000000e+00
     vertex  1.641553e+02 -7.307956e+01  0.000000e+00
     vertex  1.641553e+02 -7.307956e+01  1.510000e+00
   endloop
 endfacet
 facet normal -6.087614e-01  7.933533e-01  0.000000e+00
   outer loop
     vertex  1.644243e+02 -7.292426e+01  0.000000e+00
     vertex  1.643000e+02 -7.301962e+01  1.510000e+00
     vertex  1.644243e+02 -7.292426e+01  1.510000e+00
   endloop
 endfacet
 facet normal -6.087614e-01  7.933533e-01  0.000000e+00
   outer loop
     vertex  1.644243e+02 -7.292426e+01  0.000000e+00
     vertex  1.643000e+02 -7.301962e+01  0.000000e+00
     vertex  1.643000e+02 -7.301962e+01  1.510000e+00
   endloop
 endfacet
 facet normal -7.933533e-01  6.087614e-01  0.000000e+00
   outer loop
     vertex  1.645196e+02 -7.280000e+01  0.000000e+00
     vertex  1.644243e+02 -7.292426e+01  1.510000e+00
     vertex  1.645196e+02 -7.280000e+01  1.510000e+00
   endloop
 endfacet
 facet normal -7.933533e-01  6.087614e-01  0.000000e+00
   outer loop
     vertex  1.645196e+02 -7.280000e+01  0.000000e+00
     vertex  1.644243e+02 -7.292426e+01  0.000000e+00
     vertex  1.644243e+02 -7.292426e+01  1.510000e+00
   endloop
 endfacet
 facet normal -9.238795e-01  3.826834e-01  0.000000e+00
   outer loop
     vertex  1.645796e+02 -7.265529e+01  0.000000e+00
     vertex  1.645196e+02 -7.280000e+01  1.510000e+00
     vertex  1.645796e+02 -7.265529e+01  1.510000e+00
   endloop
 endfacet
 facet normal -9.238795e-01  3.826834e-01  0.000000e+00
   outer loop
     vertex  1.645796e+02 -7.265529e+01  0.000000e+00
     vertex  1.645196e+02 -7.280000e+01  0.000000e+00
     vertex  1.645196e+02 -7.280000e+01  1.510000e+00
   endloop
 endfacet
 facet normal -9.914449e-01  1.305262e-01  0.000000e+00
   outer loop
     vertex  1.646000e+02 -7.250000e+01  0.000000e+00
     vertex  1.645796e+02 -7.265529e+01  1.510000e+00
     vertex  1.646000e+02 -7.250000e+01  1.510000e+00
   endloop
 endfacet
 facet normal -9.914449e-01  1.305262e-01  0.000000e+00
   outer loop
     vertex  1.646000e+02 -7.250000e+01  0.000000e+00
     vertex  1.645796e+02 -7.265529e+01  0.000000e+00
     vertex  1.645796e+02 -7.265529e+01  1.510000e+00
   endloop
 endfacet
 facet normal -9.914449e-01 -1.305262e-01  0.000000e+00
   outer loop
     vertex  1.645796e+02 -7.234471e+01  0.000000e+00
     vertex  1.646000e+02 -7.250000e+01  1.510000e+00
     vertex  1.645796e+02 -7.234471e+01  1.510000e+00
   endloop
 endfacet
 facet normal -9.914449e-01 -1.305262e-01  0.000000e+00
   outer loop
     vertex  1.645796e+02 -7.234471e+01  0.000000e+00
     vertex  1.646000e+02 -7.250000e+01  0.000000e+00
     vertex  1.646000e+02 -7.250000e+01  1.510000e+00
   endloop
 endfacet
 facet normal -9.238795e-01 -3.826834e-01  0.000000e+00
   outer loop
     vertex  1.645196e+02 -7.220000e+01  0.000000e+00
     vertex  1.645796e+02 -7.234471e+01  1.510000e+00
     vertex  1.645196e+02 -7.220000e+01  1.510000e+00
   endloop
 endfacet
 facet normal -9.238795e-01 -3.826834e-01  0.000000e+00
   outer loop
     vertex  1.645196e+02 -7.220000e+01  0.000000e+00
     vertex  1.645796e+02 -7.234471e+01  0.000000e+00
     vertex  1.645796e+02 -7.234471e+01  1.510000e+00
   endloop
 endfacet
 facet normal -7.933533e-01 -6.087614e-01  0.000000e+00
   outer loop
     vertex  1.644243e+02 -7.207574e+01  0.000000e+00
     vertex  1.645196e+02 -7.220000e+01  1.510000e+00
     vertex  1.644243e+02 -7.207574e+01  1.510000e+00
   endloop
 endfacet
 facet normal -7.933533e-01 -6.087614e-01  0.000000e+00
   outer loop
     vertex  1.644243e+02 -7.207574e+01  0.000000e+00
     vertex  1.645196e+02 -7.220000e+01  0.000000e+00
     vertex  1.645196e+02 -7.220000e+01  1.510000e+00
   endloop
 endfacet
 facet normal -6.087614e-01 -7.933533e-01  0.000000e+00
   outer loop
     vertex  1.643000e+02 -7.198038e+01  0.000000e+00
     vertex  1.644243e+02 -7.207574e+01  1.510000e+00
     vertex  1.643000e+02 -7.198038e+01  1.510000e+00
   endloop
 endfacet
 facet normal -6.087614e-01 -7.933533e-01  0.000000e+00
   outer loop
     vertex  1.643000e+02 -7.198038e+01  0.000000e+00
     vertex  1.644243e+02 -7.207574e+01  0.000000e+00
     vertex  1.644243e+02 -7.207574e+01  1.510000e+00
   endloop
 endfacet
 facet normal -3.826834e-01 -9.238795e-01  0.000000e+00
   outer loop
     vertex  1.641553e+02 -7.192044e+01  0.000000e+00
     vertex  1.643000e+02 -7.198038e+01  1.510000e+00
     vertex  1.641553e+02 -7.192044e+01  1.510000e+00
   endloop
 endfacet
 facet normal -3.826834e-01 -9.238795e-01  0.000000e+00
   outer loop
     vertex  1.641553e+02 -7.192044e+01  0.000000e+00
     vertex  1.643000e+02 -7.198038e+01  0.000000e+00
     vertex  1.643000e+02 -7.198038e+01  1.510000e+00
   endloop
 endfacet
 facet normal -1.305262e-01 -9.914449e-01  0.000000e+00
   outer loop
     vertex  1.640000e+02 -7.190000e+01  0.000000e+00
     vertex  1.641553e+02 -7.192044e+01  1.510000e+00
     vertex  1.640000e+02 -7.190000e+01  1.510000e+00
   endloop
 endfacet
 facet normal -1.305262e-01 -9.914449e-01  0.000000e+00
   outer loop
     vertex  1.640000e+02 -7.190000e+01  0.000000e+00
     vertex  1.641553e+02 -7.192044e+01  0.000000e+00
     vertex  1.641553e+02 -7.192044e+01  1.510000e+00
   endloop
 endfacet
 facet normal  1.305262e-01 -9.914449e-01  0.000000e+00
   outer loop
     vertex  1.638447e+02 -7.192044e+01  0.000000e+00
     vertex  1.640000e+02 -7.190000e+01  1.510000e+00
     vertex  1.638447e+02 -7.192044e+01  1.510000e+00
   endloop
 endfacet
 facet normal  1.305262e-01 -9.914449e-01  0.000000e+00
   outer loop
     vertex  1.638447e+02 -7.192044e+01  0.000000e+00
     vertex  1.640000e+02 -7.190000e+01  0.000000e+00
     vertex  1.640000e+02 -7.190000e+01  1.510000e+00
   endloop
 endfacet
 facet normal  3.826834e-01 -9.238795e-01  0.000000e+00
   outer loop
     vertex  1.637000e+02 -7.198038e+01  0.000000e+00
     vertex  1.638447e+02 -7.192044e+01  0.000000e+00
     vertex  1.638447e+02 -7.192044e+01  1.510000e+00
   endloop
 endfacet
 facet normal  3.826834e-01 -9.238795e-01  0.000000e+00
   outer loop
     vertex  1.637000e+02 -7.198038e+01  0.000000e+00
     vertex  1.638447e+02 -7.192044e+01  1.510000e+00
     vertex  1.637000e+02 -7.198038e+01  1.510000e+00
   endloop
 endfacet
 facet normal  6.087614e-01 -7.933533e-01  0.000000e+00
   outer loop
     vertex  1.635757e+02 -7.207574e+01  0.000000e+00
     vertex  1.637000e+02 -7.198038e+01  0.000000e+00
     vertex  1.637000e+02 -7.198038e+01  1.510000e+00
   endloop
 endfacet
 facet normal  7.933533e-01 -6.087614e-01  0.000000e+00
   outer loop
     vertex  1.635757e+02 -7.207574e+01  0.000000e+00
     vertex  1.635757e+02 -7.207574e+01  1.510000e+00
     vertex  1.634804e+02 -7.220000e+01  1.510000e+00
   endloop
 endfacet
 facet normal  6.087614e-01 -7.933533e-01  0.000000e+00
   outer loop
     vertex  1.635757e+02 -7.207574e+01  0.000000e+00
     vertex  1.637000e+02 -7.198038e+01  1.510000e+00
     vertex  1.635757e+02 -7.207574e+01  1.510000e+00
   endloop
 endfacet
 facet normal  7.933533e-01 -6.087614e-01  0.000000e+00
   outer loop
     vertex  1.634804e+02 -7.220000e+01  0.000000e+00
     vertex  1.635757e+02 -7.207574e+01  0.000000e+00
     vertex  1.634804e+02 -7.220000e+01  1.510000e+00
   endloop
 endfacet
 facet normal  9.238795e-01 -3.826834e-01  0.000000e+00
   outer loop
     vertex  1.634804e+02 -7.220000e+01  0.000000e+00
     vertex  1.634804e+02 -7.220000e+01  1.510000e+00
     vertex  1.634204e+02 -7.234471e+01  1.510000e+00
   endloop
 endfacet
 facet normal  9.238795e-01 -3.826834e-01  0.000000e+00
   outer loop
     vertex  1.634204e+02 -7.234471e+01  0.000000e+00
     vertex  1.634804e+02 -7.220000e+01  0.000000e+00
     vertex  1.634204e+02 -7.234471e+01  1.510000e+00
   endloop
 endfacet
 facet normal  9.914449e-01 -1.305262e-01  0.000000e+00
   outer loop
     vertex  1.634000e+02 -7.250000e+01  0.000000e+00
     vertex  1.634204e+02 -7.234471e+01  0.000000e+00
     vertex  1.634204e+02 -7.234471e+01  1.510000e+00
   endloop
 endfacet
 facet normal  9.914449e-01 -1.305262e-01  0.000000e+00
   outer loop
     vertex  1.634000e+02 -7.250000e+01  0.000000e+00
     vertex  1.634204e+02 -7.234471e+01  1.510000e+00
     vertex  1.634000e+02 -7.250000e+01  1.510000e+00
   endloop
 endfacet
 facet normal  9.914449e-01  1.305262e-01 -0.000000e+00
   outer loop
     vertex  1.634204e+02 -7.265529e+01  0.000000e+00
     vertex  1.634000e+02 -7.250000e+01  1.510000e+00
     vertex  1.634204e+02 -7.265529e+01  1.510000e+00
   endloop
 endfacet
 facet normal  9.914449e-01  1.305262e-01  0.000000e+00
   outer loop
     vertex  1.634204e+02 -7.265529e+01  0.000000e+00
     vertex  1.634000e+02 -7.250000e+01  0.000000e+00
     vertex  1.634000e+02 -7.250000e+01  1.510000e+00
   endloop
 endfacet
 facet normal  9.238795e-01  3.826834e-01 -0.000000e+00
   outer loop
     vertex  1.634804e+02 -7.280000e+01  0.000000e+00
     vertex  1.634204e+02 -7.265529e+01  1.510000e+00
     vertex  1.634804e+02 -7.280000e+01  1.510000e+00
   endloop
 endfacet
 facet normal  9.238795e-01  3.826834e-01  0.000000e+00
   outer loop
     vertex  1.634804e+02 -7.280000e+01  0.000000e+00
     vertex  1.634204e+02 -7.265529e+01  0.000000e+00
     vertex  1.634204e+02 -7.265529e+01  1.510000e+00
   endloop
 endfacet
 facet normal  6.087614e-01  7.933533e-01 -0.000000e+00
   outer loop
     vertex  1.635757e+02 -7.292426e+01  0.000000e+00
     vertex  1.635757e+02 -7.292426e+01  1.510000e+00
     vertex  1.637000e+02 -7.301962e+01  1.510000e+00
   endloop
 endfacet
 facet normal  7.933533e-01  6.087614e-01 -0.000000e+00
   outer loop
     vertex  1.635757e+02 -7.292426e+01  0.000000e+00
     vertex  1.634804e+02 -7.280000e+01  1.510000e+00
     vertex  1.635757e+02 -7.292426e+01  1.510000e+00
   endloop
 endfacet
 facet normal  7.933533e-01  6.087614e-01  0.000000e+00
   outer loop
     vertex  1.635757e+02 -7.292426e+01  0.000000e+00
     vertex  1.634804e+02 -7.280000e+01  0.000000e+00
     vertex  1.634804e+02 -7.280000e+01  1.510000e+00
   endloop
 endfacet
 facet normal  6.087614e-01  7.933533e-01 -0.000000e+00
   outer loop
     vertex  1.637000e+02 -7.301962e+01  0.000000e+00
     vertex  1.635757e+02 -7.292426e+01  0.000000e+00
     vertex  1.637000e+02 -7.301962e+01  1.510000e+00
   endloop
 endfacet
 facet normal  3.826834e-01  9.238795e-01 -0.000000e+00
   outer loop
     vertex  1.638447e+02 -7.307956e+01  0.000000e+00
     vertex  1.637000e+02 -7.301962e+01  1.510000e+00
     vertex  1.638447e+02 -7.307956e+01  1.510000e+00
   endloop
 endfacet
 facet normal  3.826834e-01  9.238795e-01  0.000000e+00
   outer loop
     vertex  1.638447e+02 -7.307956e+01  0.000000e+00
     vertex  1.637000e+02 -7.301962e+01  0.000000e+00
     vertex  1.637000e+02 -7.301962e+01  1.510000e+00
   endloop
 endfacet
 facet normal  1.305262e-01  9.914449e-01 -0.000000e+00
   outer loop
     vertex  1.640000e+02 -7.310000e+01  0.000000e+00
     vertex  1.638447e+02 -7.307956e+01  1.510000e+00
     vertex  1.640000e+02 -7.310000e+01  1.510000e+00
   endloop
 endfacet
 facet normal  1.305262e-01  9.914449e-01  0.000000e+00
   outer loop
     vertex  1.640000e+02 -7.310000e+01  0.000000e+00
     vertex  1.638447e+02 -7.307956e+01  0.000000e+00
     vertex  1.638447e+02 -7.307956e+01  1.510000e+00
   endloop
 endfacet
 facet normal -1.305262e-01  9.914449e-01  0.000000e+00
   outer loop
     vertex  1.641553e+02 -7.127956e+01  0.000000e+00
     vertex  1.640000e+02 -7.130000e+01  0.000000e+00
     vertex  1.640000e+02 -7.130000e+01  1.510000e+00
   endloop
 endfacet
 facet normal -1.305262e-01  9.914449e-01  0.000000e+00
   outer loop
     vertex  1.641553e+02 -7.127956e+01  0.000000e+00
     vertex  1.640000e+02 -7.130000e+01  1.510000e+00
     vertex  1.641553e+02 -7.127956e+01  1.510000e+00
   endloop
 endfacet
 facet normal -3.826834e-01  9.238795e-01  0.000000e+00
   outer loop
     vertex  1.643000e+02 -7.121962e+01  0.000000e+00
     vertex  1.641553e+02 -7.127956e+01  1.510000e+00
     vertex  1.643000e+02 -7.121962e+01  1.510000e+00
   endloop
 endfacet
 facet normal -3.826834e-01  9.238795e-01  0.000000e+00
   outer loop
     vertex  1.643000e+02 -7.121962e+01  0.000000e+00
     vertex  1.641553e+02 -7.127956e+01  0.000000e+00
     vertex  1.641553e+02 -7.127956e+01  1.510000e+00
   endloop
 endfacet
 facet normal -6.087614e-01  7.933533e-01  0.000000e+00
   outer loop
     vertex  1.644243e+02 -7.112426e+01  0.000000e+00
     vertex  1.643000e+02 -7.121962e+01  1.510000e+00
     vertex  1.644243e+02 -7.112426e+01  1.510000e+00
   endloop
 endfacet
 facet normal -6.087614e-01  7.933533e-01  0.000000e+00
   outer loop
     vertex  1.644243e+02 -7.112426e+01  0.000000e+00
     vertex  1.643000e+02 -7.121962e+01  0.000000e+00
     vertex  1.643000e+02 -7.121962e+01  1.510000e+00
   endloop
 endfacet
 facet normal -7.933533e-01  6.087614e-01  0.000000e+00
   outer loop
     vertex  1.645196e+02 -7.100000e+01  0.000000e+00
     vertex  1.644243e+02 -7.112426e+01  1.510000e+00
     vertex  1.645196e+02 -7.100000e+01  1.510000e+00
   endloop
 endfacet
 facet normal -7.933533e-01  6.087614e-01  0.000000e+00
   outer loop
     vertex  1.645196e+02 -7.100000e+01  0.000000e+00
     vertex  1.644243e+02 -7.112426e+01  0.000000e+00
     vertex  1.644243e+02 -7.112426e+01  1.510000e+00
   endloop
 endfacet
 facet normal -9.238795e-01  3.826834e-01  0.000000e+00
   outer loop
     vertex  1.645796e+02 -7.085529e+01  0.000000e+00
     vertex  1.645196e+02 -7.100000e+01  1.510000e+00
     vertex  1.645796e+02 -7.085529e+01  1.510000e+00
   endloop
 endfacet
 facet normal -9.238795e-01  3.826834e-01  0.000000e+00
   outer loop
     vertex  1.645796e+02 -7.085529e+01  0.000000e+00
     vertex  1.645196e+02 -7.100000e+01  0.000000e+00
     vertex  1.645196e+02 -7.100000e+01  1.510000e+00
   endloop
 endfacet
 facet normal -9.914449e-01  1.305262e-01  0.000000e+00
   outer loop
     vertex  1.646000e+02 -7.070000e+01  0.000000e+00
     vertex  1.645796e+02 -7.085529e+01  1.510000e+00
     vertex  1.646000e+02 -7.070000e+01  1.510000e+00
   endloop
 endfacet
 facet normal -9.914449e-01  1.305262e-01  0.000000e+00
   outer loop
     vertex  1.646000e+02 -7.070000e+01  0.000000e+00
     vertex  1.645796e+02 -7.085529e+01  0.000000e+00
     vertex  1.645796e+02 -7.085529e+01  1.510000e+00
   endloop
 endfacet
 facet normal -9.914449e-01 -1.305262e-01  0.000000e+00
   outer loop
     vertex  1.645796e+02 -7.054471e+01  0.000000e+00
     vertex  1.646000e+02 -7.070000e+01  1.510000e+00
     vertex  1.645796e+02 -7.054471e+01  1.510000e+00
   endloop
 endfacet
 facet normal -9.914449e-01 -1.305262e-01  0.000000e+00
   outer loop
     vertex  1.645796e+02 -7.054471e+01  0.000000e+00
     vertex  1.646000e+02 -7.070000e+01  0.000000e+00
     vertex  1.646000e+02 -7.070000e+01  1.510000e+00
   endloop
 endfacet
 facet normal -9.238795e-01 -3.826834e-01  0.000000e+00
   outer loop
     vertex  1.645196e+02 -7.040000e+01  0.000000e+00
     vertex  1.645796e+02 -7.054471e+01  1.510000e+00
     vertex  1.645196e+02 -7.040000e+01  1.510000e+00
   endloop
 endfacet
 facet normal -9.238795e-01 -3.826834e-01  0.000000e+00
   outer loop
     vertex  1.645196e+02 -7.040000e+01  0.000000e+00
     vertex  1.645796e+02 -7.054471e+01  0.000000e+00
     vertex  1.645796e+02 -7.054471e+01  1.510000e+00
   endloop
 endfacet
 facet normal -7.933533e-01 -6.087614e-01  0.000000e+00
   outer loop
     vertex  1.644243e+02 -7.027574e+01  0.000000e+00
     vertex  1.645196e+02 -7.040000e+01  1.510000e+00
     vertex  1.644243e+02 -7.027574e+01  1.510000e+00
   endloop
 endfacet
 facet normal -7.933533e-01 -6.087614e-01  0.000000e+00
   outer loop
     vertex  1.644243e+02 -7.027574e+01  0.000000e+00
     vertex  1.645196e+02 -7.040000e+01  0.000000e+00
     vertex  1.645196e+02 -7.040000e+01  1.510000e+00
   endloop
 endfacet
 facet normal -6.087614e-01 -7.933533e-01  0.000000e+00
   outer loop
     vertex  1.643000e+02 -7.018038e+01  0.000000e+00
     vertex  1.644243e+02 -7.027574e+01  1.510000e+00
     vertex  1.643000e+02 -7.018038e+01  1.510000e+00
   endloop
 endfacet
 facet normal -6.087614e-01 -7.933533e-01  0.000000e+00
   outer loop
     vertex  1.643000e+02 -7.018038e+01  0.000000e+00
     vertex  1.644243e+02 -7.027574e+01  0.000000e+00
     vertex  1.644243e+02 -7.027574e+01  1.510000e+00
   endloop
 endfacet
 facet normal -3.826834e-01 -9.238795e-01  0.000000e+00
   outer loop
     vertex  1.641553e+02 -7.012044e+01  0.000000e+00
     vertex  1.643000e+02 -7.018038e+01  1.510000e+00
     vertex  1.641553e+02 -7.012044e+01  1.510000e+00
   endloop
 endfacet
 facet normal -3.826834e-01 -9.238795e-01  0.000000e+00
   outer loop
     vertex  1.641553e+02 -7.012044e+01  0.000000e+00
     vertex  1.643000e+02 -7.018038e+01  0.000000e+00
     vertex  1.643000e+02 -7.018038e+01  1.510000e+00
   endloop
 endfacet
 facet normal -1.305262e-01 -9.914449e-01  0.000000e+00
   outer loop
     vertex  1.640000e+02 -7.010000e+01  0.000000e+00
     vertex  1.641553e+02 -7.012044e+01  1.510000e+00
     vertex  1.640000e+02 -7.010000e+01  1.510000e+00
   endloop
 endfacet
 facet normal -1.305262e-01 -9.914449e-01  0.000000e+00
   outer loop
     vertex  1.640000e+02 -7.010000e+01  0.000000e+00
     vertex  1.641553e+02 -7.012044e+01  0.000000e+00
     vertex  1.641553e+02 -7.012044e+01  1.510000e+00
   endloop
 endfacet
 facet normal  1.305262e-01 -9.914449e-01  0.000000e+00
   outer loop
     vertex  1.638447e+02 -7.012044e+01  0.000000e+00
     vertex  1.640000e+02 -7.010000e+01  1.510000e+00
     vertex  1.638447e+02 -7.012044e+01  1.510000e+00
   endloop
 endfacet
 facet normal  1.305262e-01 -9.914449e-01  0.000000e+00
   outer loop
     vertex  1.638447e+02 -7.012044e+01  0.000000e+00
     vertex  1.640000e+02 -7.010000e+01  0.000000e+00
     vertex  1.640000e+02 -7.010000e+01  1.510000e+00
   endloop
 endfacet
 facet normal  3.826834e-01 -9.238795e-01  0.000000e+00
   outer loop
     vertex  1.637000e+02 -7.018038e+01  0.000000e+00
     vertex  1.638447e+02 -7.012044e+01  0.000000e+00
     vertex  1.638447e+02 -7.012044e+01  1.510000e+00
   endloop
 endfacet
 facet normal  3.826834e-01 -9.238795e-01  0.000000e+00
   outer loop
     vertex  1.637000e+02 -7.018038e+01  0.000000e+00
     vertex  1.638447e+02 -7.012044e+01  1.510000e+00
     vertex  1.637000e+02 -7.018038e+01  1.510000e+00
   endloop
 endfacet
 facet normal  6.087614e-01 -7.933533e-01  0.000000e+00
   outer loop
     vertex  1.635757e+02 -7.027574e+01  0.000000e+00
     vertex  1.637000e+02 -7.018038e+01  0.000000e+00
     vertex  1.637000e+02 -7.018038e+01  1.510000e+00
   endloop
 endfacet
 facet normal  7.933533e-01 -6.087614e-01  0.000000e+00
   outer loop
     vertex  1.635757e+02 -7.027574e+01  0.000000e+00
     vertex  1.635757e+02 -7.027574e+01  1.510000e+00
     vertex  1.634804e+02 -7.040000e+01  1.510000e+00
   endloop
 endfacet
 facet normal  6.087614e-01 -7.933533e-01  0.000000e+00
   outer loop
     vertex  1.635757e+02 -7.027574e+01  0.000000e+00
     vertex  1.637000e+02 -7.018038e+01  1.510000e+00
     vertex  1.635757e+02 -7.027574e+01  1.510000e+00
   endloop
 endfacet
 facet normal  7.933533e-01 -6.087614e-01  0.000000e+00
   outer loop
     vertex  1.634804e+02 -7.040000e+01  0.000000e+00
     vertex  1.635757e+02 -7.027574e+01  0.000000e+00
     vertex  1.634804e+02 -7.040000e+01  1.510000e+00
   endloop
 endfacet
 facet normal  9.238795e-01 -3.826834e-01  0.000000e+00
   outer loop
     vertex  1.634804e+02 -7.040000e+01  0.000000e+00
     vertex  1.634804e+02 -7.040000e+01  1.510000e+00
     vertex  1.634204e+02 -7.054471e+01  1.510000e+00
   endloop
 endfacet
 facet normal  9.238795e-01 -3.826834e-01  0.000000e+00
   outer loop
     vertex  1.634204e+02 -7.054471e+01  0.000000e+00
     vertex  1.634804e+02 -7.040000e+01  0.000000e+00
     vertex  1.634204e+02 -7.054471e+01  1.510000e+00
   endloop
 endfacet
 facet normal  9.914449e-01 -1.305262e-01  0.000000e+00
   outer loop
     vertex  1.634000e+02 -7.070000e+01  0.000000e+00
     vertex  1.634204e+02 -7.054471e+01  0.000000e+00
     vertex  1.634204e+02 -7.054471e+01  1.510000e+00
   endloop
 endfacet
 facet normal  9.914449e-01 -1.305262e-01  0.000000e+00
   outer loop
     vertex  1.634000e+02 -7.070000e+01  0.000000e+00
     vertex  1.634204e+02 -7.054471e+01  1.510000e+00
     vertex  1.634000e+02 -7.070000e+01  1.510000e+00
   endloop
 endfacet
 facet normal  9.914449e-01  1.305262e-01 -0.000000e+00
   outer loop
     vertex  1.634204e+02 -7.085529e+01  0.000000e+00
     vertex  1.634000e+02 -7.070000e+01  1.510000e+00
     vertex  1.634204e+02 -7.085529e+01  1.510000e+00
   endloop
 endfacet
 facet normal  9.914449e-01  1.305262e-01  0.000000e+00
   outer loop
     vertex  1.634204e+02 -7.085529e+01  0.000000e+00
     vertex  1.634000e+02 -7.070000e+01  0.000000e+00
     vertex  1.634000e+02 -7.070000e+01  1.510000e+00
   endloop
 endfacet
 facet normal  9.238795e-01  3.826834e-01 -0.000000e+00
   outer loop
     vertex  1.634804e+02 -7.100000e+01  0.000000e+00
     vertex  1.634204e+02 -7.085529e+01  1.510000e+00
     vertex  1.634804e+02 -7.100000e+01  1.510000e+00
   endloop
 endfacet
 facet normal  9.238795e-01  3.826834e-01  0.000000e+00
   outer loop
     vertex  1.634804e+02 -7.100000e+01  0.000000e+00
     vertex  1.634204e+02 -7.085529e+01  0.000000e+00
     vertex  1.634204e+02 -7.085529e+01  1.510000e+00
   endloop
 endfacet
 facet normal  6.087614e-01  7.933533e-01 -0.000000e+00
   outer loop
     vertex  1.635757e+02 -7.112426e+01  0.000000e+00
     vertex  1.635757e+02 -7.112426e+01  1.510000e+00
     vertex  1.637000e+02 -7.121962e+01  1.510000e+00
   endloop
 endfacet
 facet normal  7.933533e-01  6.087614e-01 -0.000000e+00
   outer loop
     vertex  1.635757e+02 -7.112426e+01  0.000000e+00
     vertex  1.634804e+02 -7.100000e+01  1.510000e+00
     vertex  1.635757e+02 -7.112426e+01  1.510000e+00
   endloop
 endfacet
 facet normal  7.933533e-01  6.087614e-01  0.000000e+00
   outer loop
     vertex  1.635757e+02 -7.112426e+01  0.000000e+00
     vertex  1.634804e+02 -7.100000e+01  0.000000e+00
     vertex  1.634804e+02 -7.100000e+01  1.510000e+00
   endloop
 endfacet
 facet normal  6.087614e-01  7.933533e-01 -0.000000e+00
   outer loop
     vertex  1.637000e+02 -7.121962e+01  0.000000e+00
     vertex  1.635757e+02 -7.112426e+01  0.000000e+00
     vertex  1.637000e+02 -7.121962e+01  1.510000e+00
   endloop
 endfacet
 facet normal  3.826834e-01  9.238795e-01 -0.000000e+00
   outer loop
     vertex  1.638447e+02 -7.127956e+01  0.000000e+00
     vertex  1.637000e+02 -7.121962e+01  1.510000e+00
     vertex  1.638447e+02 -7.127956e+01  1.510000e+00
   endloop
 endfacet
 facet normal  3.826834e-01  9.238795e-01  0.000000e+00
   outer loop
     vertex  1.638447e+02 -7.127956e+01  0.000000e+00
     vertex  1.637000e+02 -7.121962e+01  0.000000e+00
     vertex  1.637000e+02 -7.121962e+01  1.510000e+00
   endloop
 endfacet
 facet normal  1.305262e-01  9.914449e-01 -0.000000e+00
   outer loop
     vertex  1.640000e+02 -7.130000e+01  0.000000e+00
     vertex  1.638447e+02 -7.127956e+01  1.510000e+00
     vertex  1.640000e+02 -7.130000e+01  1.510000e+00
   endloop
 endfacet
 facet normal  1.305262e-01  9.914449e-01  0.000000e+00
   outer loop
     vertex  1.640000e+02 -7.130000e+01  0.000000e+00
     vertex  1.638447e+02 -7.127956e+01  0.000000e+00
     vertex  1.638447e+02 -7.127956e+01  1.510000e+00
   endloop
 endfacet
 facet normal -1.305262e-01  9.914449e-01  0.000000e+00
   outer loop
     vertex  1.641553e+02 -6.947956e+01  0.000000e+00
     vertex  1.640000e+02 -6.950000e+01  0.000000e+00
     vertex  1.640000e+02 -6.950000e+01  1.510000e+00
   endloop
 endfacet
 facet normal -1.305262e-01  9.914449e-01  0.000000e+00
   outer loop
     vertex  1.641553e+02 -6.947956e+01  0.000000e+00
     vertex  1.640000e+02 -6.950000e+01  1.510000e+00
     vertex  1.641553e+02 -6.947956e+01  1.510000e+00
   endloop
 endfacet
 facet normal -3.826834e-01  9.238795e-01  0.000000e+00
   outer loop
     vertex  1.643000e+02 -6.941962e+01  0.000000e+00
     vertex  1.641553e+02 -6.947956e+01  1.510000e+00
     vertex  1.643000e+02 -6.941962e+01  1.510000e+00
   endloop
 endfacet
 facet normal -3.826834e-01  9.238795e-01  0.000000e+00
   outer loop
     vertex  1.643000e+02 -6.941962e+01  0.000000e+00
     vertex  1.641553e+02 -6.947956e+01  0.000000e+00
     vertex  1.641553e+02 -6.947956e+01  1.510000e+00
   endloop
 endfacet
 facet normal -6.087614e-01  7.933533e-01  0.000000e+00
   outer loop
     vertex  1.644243e+02 -6.932426e+01  0.000000e+00
     vertex  1.643000e+02 -6.941962e+01  1.510000e+00
     vertex  1.644243e+02 -6.932426e+01  1.510000e+00
   endloop
 endfacet
 facet normal -6.087614e-01  7.933533e-01  0.000000e+00
   outer loop
     vertex  1.644243e+02 -6.932426e+01  0.000000e+00
     vertex  1.643000e+02 -6.941962e+01  0.000000e+00
     vertex  1.643000e+02 -6.941962e+01  1.510000e+00
   endloop
 endfacet
 facet normal -7.933533e-01  6.087614e-01  0.000000e+00
   outer loop
     vertex  1.645196e+02 -6.920000e+01  0.000000e+00
     vertex  1.644243e+02 -6.932426e+01  1.510000e+00
     vertex  1.645196e+02 -6.920000e+01  1.510000e+00
   endloop
 endfacet
 facet normal -7.933533e-01  6.087614e-01  0.000000e+00
   outer loop
     vertex  1.645196e+02 -6.920000e+01  0.000000e+00
     vertex  1.644243e+02 -6.932426e+01  0.000000e+00
     vertex  1.644243e+02 -6.932426e+01  1.510000e+00
   endloop
 endfacet
 facet normal -9.238795e-01  3.826834e-01  0.000000e+00
   outer loop
     vertex  1.645796e+02 -6.905529e+01  0.000000e+00
     vertex  1.645196e+02 -6.920000e+01  1.510000e+00
     vertex  1.645796e+02 -6.905529e+01  1.510000e+00
   endloop
 endfacet
 facet normal -9.238795e-01  3.826834e-01  0.000000e+00
   outer loop
     vertex  1.645796e+02 -6.905529e+01  0.000000e+00
     vertex  1.645196e+02 -6.920000e+01  0.000000e+00
     vertex  1.645196e+02 -6.920000e+01  1.510000e+00
   endloop
 endfacet
 facet normal -9.914449e-01  1.305262e-01  0.000000e+00
   outer loop
     vertex  1.646000e+02 -6.890000e+01  0.000000e+00
     vertex  1.645796e+02 -6.905529e+01  1.510000e+00
     vertex  1.646000e+02 -6.890000e+01  1.510000e+00
   endloop
 endfacet
 facet normal -9.914449e-01  1.305262e-01  0.000000e+00
   outer loop
     vertex  1.646000e+02 -6.890000e+01  0.000000e+00
     vertex  1.645796e+02 -6.905529e+01  0.000000e+00
     vertex  1.645796e+02 -6.905529e+01  1.510000e+00
   endloop
 endfacet
 facet normal -9.914449e-01 -1.305262e-01  0.000000e+00
   outer loop
     vertex  1.645796e+02 -6.874471e+01  0.000000e+00
     vertex  1.646000e+02 -6.890000e+01  1.510000e+00
     vertex  1.645796e+02 -6.874471e+01  1.510000e+00
   endloop
 endfacet
 facet normal -9.914449e-01 -1.305262e-01  0.000000e+00
   outer loop
     vertex  1.645796e+02 -6.874471e+01  0.000000e+00
     vertex  1.646000e+02 -6.890000e+01  0.000000e+00
     vertex  1.646000e+02 -6.890000e+01  1.510000e+00
   endloop
 endfacet
 facet normal -9.238795e-01 -3.826834e-01  0.000000e+00
   outer loop
     vertex  1.645196e+02 -6.860000e+01  0.000000e+00
     vertex  1.645796e+02 -6.874471e+01  1.510000e+00
     vertex  1.645196e+02 -6.860000e+01  1.510000e+00
   endloop
 endfacet
 facet normal -9.238795e-01 -3.826834e-01  0.000000e+00
   outer loop
     vertex  1.645196e+02 -6.860000e+01  0.000000e+00
     vertex  1.645796e+02 -6.874471e+01  0.000000e+00
     vertex  1.645796e+02 -6.874471e+01  1.510000e+00
   endloop
 endfacet
 facet normal -7.933533e-01 -6.087614e-01  0.000000e+00
   outer loop
     vertex  1.644243e+02 -6.847574e+01  0.000000e+00
     vertex  1.645196e+02 -6.860000e+01  1.510000e+00
     vertex  1.644243e+02 -6.847574e+01  1.510000e+00
   endloop
 endfacet
 facet normal -7.933533e-01 -6.087614e-01  0.000000e+00
   outer loop
     vertex  1.644243e+02 -6.847574e+01  0.000000e+00
     vertex  1.645196e+02 -6.860000e+01  0.000000e+00
     vertex  1.645196e+02 -6.860000e+01  1.510000e+00
   endloop
 endfacet
 facet normal -6.087614e-01 -7.933533e-01  0.000000e+00
   outer loop
     vertex  1.643000e+02 -6.838038e+01  0.000000e+00
     vertex  1.644243e+02 -6.847574e+01  1.510000e+00
     vertex  1.643000e+02 -6.838038e+01  1.510000e+00
   endloop
 endfacet
 facet normal -6.087614e-01 -7.933533e-01  0.000000e+00
   outer loop
     vertex  1.643000e+02 -6.838038e+01  0.000000e+00
     vertex  1.644243e+02 -6.847574e+01  0.000000e+00
     vertex  1.644243e+02 -6.847574e+01  1.510000e+00
   endloop
 endfacet
 facet normal -3.826834e-01 -9.238795e-01  0.000000e+00
   outer loop
     vertex  1.641553e+02 -6.832044e+01  0.000000e+00
     vertex  1.643000e+02 -6.838038e+01  1.510000e+00
     vertex  1.641553e+02 -6.832044e+01  1.510000e+00
   endloop
 endfacet
 facet normal -3.826834e-01 -9.238795e-01  0.000000e+00
   outer loop
     vertex  1.641553e+02 -6.832044e+01  0.000000e+00
     vertex  1.643000e+02 -6.838038e+01  0.000000e+00
     vertex  1.643000e+02 -6.838038e+01  1.510000e+00
   endloop
 endfacet
 facet normal -1.305262e-01 -9.914449e-01  0.000000e+00
   outer loop
     vertex  1.640000e+02 -6.830000e+01  0.000000e+00
     vertex  1.641553e+02 -6.832044e+01  1.510000e+00
     vertex  1.640000e+02 -6.830000e+01  1.510000e+00
   endloop
 endfacet
 facet normal -1.305262e-01 -9.914449e-01  0.000000e+00
   outer loop
     vertex  1.640000e+02 -6.830000e+01  0.000000e+00
     vertex  1.641553e+02 -6.832044e+01  0.000000e+00
     vertex  1.641553e+02 -6.832044e+01  1.510000e+00
   endloop
 endfacet
 facet normal  1.305262e-01 -9.914449e-01  0.000000e+00
   outer loop
     vertex  1.638447e+02 -6.832044e+01  0.000000e+00
     vertex  1.640000e+02 -6.830000e+01  1.510000e+00
     vertex  1.638447e+02 -6.832044e+01  1.510000e+00
   endloop
 endfacet
 facet normal  1.305262e-01 -9.914449e-01  0.000000e+00
   outer loop
     vertex  1.638447e+02 -6.832044e+01  0.000000e+00
     vertex  1.640000e+02 -6.830000e+01  0.000000e+00
     vertex  1.640000e+02 -6.830000e+01  1.510000e+00
   endloop
 endfacet
 facet normal  3.826834e-01 -9.238795e-01  0.000000e+00
   outer loop
     vertex  1.637000e+02 -6.838038e+01  0.000000e+00
     vertex  1.638447e+02 -6.832044e+01  0.000000e+00
     vertex  1.638447e+02 -6.832044e+01  1.510000e+00
   endloop
 endfacet
 facet normal  3.826834e-01 -9.238795e-01  0.000000e+00
   outer loop
     vertex  1.637000e+02 -6.838038e+01  0.000000e+00
     vertex  1.638447e+02 -6.832044e+01  1.510000e+00
     vertex  1.637000e+02 -6.838038e+01  1.510000e+00
   endloop
 endfacet
 facet normal  6.087614e-01 -7.933533e-01  0.000000e+00
   outer loop
     vertex  1.635757e+02 -6.847574e+01  0.000000e+00
     vertex  1.637000e+02 -6.838038e+01  0.000000e+00
     vertex  1.637000e+02 -6.838038e+01  1.510000e+00
   endloop
 endfacet
 facet normal  7.933533e-01 -6.087614e-01  0.000000e+00
   outer loop
     vertex  1.635757e+02 -6.847574e+01  0.000000e+00
     vertex  1.635757e+02 -6.847574e+01  1.510000e+00
     vertex  1.634804e+02 -6.860000e+01  1.510000e+00
   endloop
 endfacet
 facet normal  6.087614e-01 -7.933533e-01  0.000000e+00
   outer loop
     vertex  1.635757e+02 -6.847574e+01  0.000000e+00
     vertex  1.637000e+02 -6.838038e+01  1.510000e+00
     vertex  1.635757e+02 -6.847574e+01  1.510000e+00
   endloop
 endfacet
 facet normal  7.933533e-01 -6.087614e-01  0.000000e+00
   outer loop
     vertex  1.634804e+02 -6.860000e+01  0.000000e+00
     vertex  1.635757e+02 -6.847574e+01  0.000000e+00
     vertex  1.634804e+02 -6.860000e+01  1.510000e+00
   endloop
 endfacet
 facet normal  9.238795e-01 -3.826834e-01  0.000000e+00
   outer loop
     vertex  1.634804e+02 -6.860000e+01  0.000000e+00
     vertex  1.634804e+02 -6.860000e+01  1.510000e+00
     vertex  1.634204e+02 -6.874471e+01  1.510000e+00
   endloop
 endfacet
 facet normal  9.238795e-01 -3.826834e-01  0.000000e+00
   outer loop
     vertex  1.634204e+02 -6.874471e+01  0.000000e+00
     vertex  1.634804e+02 -6.860000e+01  0.000000e+00
     vertex  1.634204e+02 -6.874471e+01  1.510000e+00
   endloop
 endfacet
 facet normal  9.914449e-01 -1.305262e-01  0.000000e+00
   outer loop
     vertex  1.634000e+02 -6.890000e+01  0.000000e+00
     vertex  1.634204e+02 -6.874471e+01  0.000000e+00
     vertex  1.634204e+02 -6.874471e+01  1.510000e+00
   endloop
 endfacet
 facet normal  9.914449e-01 -1.305262e-01  0.000000e+00
   outer loop
     vertex  1.634000e+02 -6.890000e+01  0.000000e+00
     vertex  1.634204e+02 -6.874471e+01  1.510000e+00
     vertex  1.634000e+02 -6.890000e+01  1.510000e+00
   endloop
 endfacet
 facet normal  9.914449e-01  1.305262e-01 -0.000000e+00
   outer loop
     vertex  1.634204e+02 -6.905529e+01  0.000000e+00
     vertex  1.634000e+02 -6.890000e+01  1.510000e+00
     vertex  1.634204e+02 -6.905529e+01  1.510000e+00
   endloop
 endfacet
 facet normal  9.914449e-01  1.305262e-01  0.000000e+00
   outer loop
     vertex  1.634204e+02 -6.905529e+01  0.000000e+00
     vertex  1.634000e+02 -6.890000e+01  0.000000e+00
     vertex  1.634000e+02 -6.890000e+01  1.510000e+00
   endloop
 endfacet
 facet normal  9.238795e-01  3.826834e-01 -0.000000e+00
   outer loop
     vertex  1.634804e+02 -6.920000e+01  0.000000e+00
     vertex  1.634204e+02 -6.905529e+01  1.510000e+00
     vertex  1.634804e+02 -6.920000e+01  1.510000e+00
   endloop
 endfacet
 facet normal  9.238795e-01  3.826834e-01  0.000000e+00
   outer loop
     vertex  1.634804e+02 -6.920000e+01  0.000000e+00
     vertex  1.634204e+02 -6.905529e+01  0.000000e+00
     vertex  1.634204e+02 -6.905529e+01  1.510000e+00
   endloop
 endfacet
 facet normal  6.087614e-01  7.933533e-01 -0.000000e+00
   outer loop
     vertex  1.635757e+02 -6.932426e+01  0.000000e+00
     vertex  1.635757e+02 -6.932426e+01  1.510000e+00
     vertex  1.637000e+02 -6.941962e+01  1.510000e+00
   endloop
 endfacet
 facet normal  7.933533e-01  6.087614e-01 -0.000000e+00
   outer loop
     vertex  1.635757e+02 -6.932426e+01  0.000000e+00
     vertex  1.634804e+02 -6.920000e+01  1.510000e+00
     vertex  1.635757e+02 -6.932426e+01  1.510000e+00
   endloop
 endfacet
 facet normal  7.933533e-01  6.087614e-01  0.000000e+00
   outer loop
     vertex  1.635757e+02 -6.932426e+01  0.000000e+00
     vertex  1.634804e+02 -6.920000e+01  0.000000e+00
     vertex  1.634804e+02 -6.920000e+01  1.510000e+00
   endloop
 endfacet
 facet normal  6.087614e-01  7.933533e-01 -0.000000e+00
   outer loop
     vertex  1.637000e+02 -6.941962e+01  0.000000e+00
     vertex  1.635757e+02 -6.932426e+01  0.000000e+00
     vertex  1.637000e+02 -6.941962e+01  1.510000e+00
   endloop
 endfacet
 facet normal  3.826834e-01  9.238795e-01 -0.000000e+00
   outer loop
     vertex  1.638447e+02 -6.947956e+01  0.000000e+00
     vertex  1.637000e+02 -6.941962e+01  1.510000e+00
     vertex  1.638447e+02 -6.947956e+01  1.510000e+00
   endloop
 endfacet
 facet normal  3.826834e-01  9.238795e-01  0.000000e+00
   outer loop
     vertex  1.638447e+02 -6.947956e+01  0.000000e+00
     vertex  1.637000e+02 -6.941962e+01  0.000000e+00
     vertex  1.637000e+02 -6.941962e+01  1.510000e+00
   endloop
 endfacet
 facet normal  1.305262e-01  9.914449e-01 -0.000000e+00
   outer loop
     vertex  1.640000e+02 -6.950000e+01  0.000000e+00
     vertex  1.638447e+02 -6.947956e+01  1.510000e+00
     vertex  1.640000e+02 -6.950000e+01  1.510000e+00
   endloop
 endfacet
 facet normal  1.305262e-01  9.914449e-01  0.000000e+00
   outer loop
     vertex  1.640000e+02 -6.950000e+01  0.000000e+00
     vertex  1.638447e+02 -6.947956e+01  0.000000e+00
     vertex  1.638447e+02 -6.947956e+01  1.510000e+00
   endloop
 endfacet
 facet normal -1.305262e-01  9.914449e-01  0.000000e+00
   outer loop
     vertex  1.921553e+02 -7.307956e+01  0.000000e+00
     vertex  1.920000e+02 -7.310000e+01  0.000000e+00
     vertex  1.920000e+02 -7.310000e+01  1.510000e+00
   endloop
 endfacet
 facet normal -1.305262e-01  9.914449e-01  0.000000e+00
   outer loop
     vertex  1.921553e+02 -7.307956e+01  0.000000e+00
     vertex  1.920000e+02 -7.310000e+01  1.510000e+00
     vertex  1.921553e+02 -7.307956e+01  1.510000e+00
   endloop
 endfacet
 facet normal -3.826834e-01  9.238795e-01  0.000000e+00
   outer loop
     vertex  1.923000e+02 -7.301962e+01  0.000000e+00
     vertex  1.921553e+02 -7.307956e+01  1.510000e+00
     vertex  1.923000e+02 -7.301962e+01  1.510000e+00
   endloop
 endfacet
 facet normal -3.826834e-01  9.238795e-01  0.000000e+00
   outer loop
     vertex  1.923000e+02 -7.301962e+01  0.000000e+00
     vertex  1.921553e+02 -7.307956e+01  0.000000e+00
     vertex  1.921553e+02 -7.307956e+01  1.510000e+00
   endloop
 endfacet
 facet normal -6.087614e-01  7.933533e-01  0.000000e+00
   outer loop
     vertex  1.924243e+02 -7.292426e+01  0.000000e+00
     vertex  1.923000e+02 -7.301962e+01  1.510000e+00
     vertex  1.924243e+02 -7.292426e+01  1.510000e+00
   endloop
 endfacet
 facet normal -6.087614e-01  7.933533e-01  0.000000e+00
   outer loop
     vertex  1.924243e+02 -7.292426e+01  0.000000e+00
     vertex  1.923000e+02 -7.301962e+01  0.000000e+00
     vertex  1.923000e+02 -7.301962e+01  1.510000e+00
   endloop
 endfacet
 facet normal -7.933533e-01  6.087614e-01  0.000000e+00
   outer loop
     vertex  1.925196e+02 -7.280000e+01  0.000000e+00
     vertex  1.924243e+02 -7.292426e+01  1.510000e+00
     vertex  1.925196e+02 -7.280000e+01  1.510000e+00
   endloop
 endfacet
 facet normal -7.933533e-01  6.087614e-01  0.000000e+00
   outer loop
     vertex  1.925196e+02 -7.280000e+01  0.000000e+00
     vertex  1.924243e+02 -7.292426e+01  0.000000e+00
     vertex  1.924243e+02 -7.292426e+01  1.510000e+00
   endloop
 endfacet
 facet normal -9.238795e-01  3.826834e-01  0.000000e+00
   outer loop
     vertex  1.925796e+02 -7.265529e+01  0.000000e+00
     vertex  1.925196e+02 -7.280000e+01  1.510000e+00
     vertex  1.925796e+02 -7.265529e+01  1.510000e+00
   endloop
 endfacet
 facet normal -9.238795e-01  3.826834e-01  0.000000e+00
   outer loop
     vertex  1.925796e+02 -7.265529e+01  0.000000e+00
     vertex  1.925196e+02 -7.280000e+01  0.000000e+00
     vertex  1.925196e+02 -7.280000e+01  1.510000e+00
   endloop
 endfacet
 facet normal -9.914449e-01  1.305262e-01  0.000000e+00
   outer loop
     vertex  1.926000e+02 -7.250000e+01  0.000000e+00
     vertex  1.925796e+02 -7.265529e+01  1.510000e+00
     vertex  1.926000e+02 -7.250000e+01  1.510000e+00
   endloop
 endfacet
 facet normal -9.914449e-01  1.305262e-01  0.000000e+00
   outer loop
     vertex  1.926000e+02 -7.250000e+01  0.000000e+00
     vertex  1.925796e+02 -7.265529e+01  0.000000e+00
     vertex  1.925796e+02 -7.265529e+01  1.510000e+00
   endloop
 endfacet
 facet normal -9.914449e-01 -1.305262e-01  0.000000e+00
   outer loop
     vertex  1.925796e+02 -7.234471e+01  0.000000e+00
     vertex  1.926000e+02 -7.250000e+01  1.510000e+00
     vertex  1.925796e+02 -7.234471e+01  1.510000e+00
   endloop
 endfacet
 facet normal -9.914449e-01 -1.305262e-01  0.000000e+00
   outer loop
     vertex  1.925796e+02 -7.234471e+01  0.000000e+00
     vertex  1.926000e+02 -7.250000e+01  0.000000e+00
     vertex  1.926000e+02 -7.250000e+01  1.510000e+00
   endloop
 endfacet
 facet normal -9.238795e-01 -3.826834e-01  0.000000e+00
   outer loop
     vertex  1.925196e+02 -7.220000e+01  0.000000e+00
     vertex  1.925796e+02 -7.234471e+01  1.510000e+00
     vertex  1.925196e+02 -7.220000e+01  1.510000e+00
   endloop
 endfacet
 facet normal -9.238795e-01 -3.826834e-01  0.000000e+00
   outer loop
     vertex  1.925196e+02 -7.220000e+01  0.000000e+00
     vertex  1.925796e+02 -7.234471e+01  0.000000e+00
     vertex  1.925796e+02 -7.234471e+01  1.510000e+00
   endloop
 endfacet
 facet normal -7.933533e-01 -6.087614e-01  0.000000e+00
   outer loop
     vertex  1.924243e+02 -7.207574e+01  0.000000e+00
     vertex  1.925196e+02 -7.220000e+01  1.510000e+00
     vertex  1.924243e+02 -7.207574e+01  1.510000e+00
   endloop
 endfacet
 facet normal -7.933533e-01 -6.087614e-01  0.000000e+00
   outer loop
     vertex  1.924243e+02 -7.207574e+01  0.000000e+00
     vertex  1.925196e+02 -7.220000e+01  0.000000e+00
     vertex  1.925196e+02 -7.220000e+01  1.510000e+00
   endloop
 endfacet
 facet normal -6.087614e-01 -7.933533e-01  0.000000e+00
   outer loop
     vertex  1.923000e+02 -7.198038e+01  0.000000e+00
     vertex  1.924243e+02 -7.207574e+01  1.510000e+00
     vertex  1.923000e+02 -7.198038e+01  1.510000e+00
   endloop
 endfacet
 facet normal -6.087614e-01 -7.933533e-01  0.000000e+00
   outer loop
     vertex  1.923000e+02 -7.198038e+01  0.000000e+00
     vertex  1.924243e+02 -7.207574e+01  0.000000e+00
     vertex  1.924243e+02 -7.207574e+01  1.510000e+00
   endloop
 endfacet
 facet normal -3.826834e-01 -9.238795e-01  0.000000e+00
   outer loop
     vertex  1.921553e+02 -7.192044e+01  0.000000e+00
     vertex  1.923000e+02 -7.198038e+01  1.510000e+00
     vertex  1.921553e+02 -7.192044e+01  1.510000e+00
   endloop
 endfacet
 facet normal -3.826834e-01 -9.238795e-01  0.000000e+00
   outer loop
     vertex  1.921553e+02 -7.192044e+01  0.000000e+00
     vertex  1.923000e+02 -7.198038e+01  0.000000e+00
     vertex  1.923000e+02 -7.198038e+01  1.510000e+00
   endloop
 endfacet
 facet normal -1.305262e-01 -9.914449e-01  0.000000e+00
   outer loop
     vertex  1.920000e+02 -7.190000e+01  0.000000e+00
     vertex  1.921553e+02 -7.192044e+01  1.510000e+00
     vertex  1.920000e+02 -7.190000e+01  1.510000e+00
   endloop
 endfacet
 facet normal -1.305262e-01 -9.914449e-01  0.000000e+00
   outer loop
     vertex  1.920000e+02 -7.190000e+01  0.000000e+00
     vertex  1.921553e+02 -7.192044e+01  0.000000e+00
     vertex  1.921553e+02 -7.192044e+01  1.510000e+00
   endloop
 endfacet
 facet normal  1.305262e-01 -9.914449e-01  0.000000e+00
   outer loop
     vertex  1.918447e+02 -7.192044e+01  0.000000e+00
     vertex  1.920000e+02 -7.190000e+01  1.510000e+00
     vertex  1.918447e+02 -7.192044e+01  1.510000e+00
   endloop
 endfacet
 facet normal  1.305262e-01 -9.914449e-01  0.000000e+00
   outer loop
     vertex  1.918447e+02 -7.192044e+01  0.000000e+00
     vertex  1.920000e+02 -7.190000e+01  0.000000e+00
     vertex  1.920000e+02 -7.190000e+01  1.510000e+00
   endloop
 endfacet
 facet normal  3.826834e-01 -9.238795e-01  0.000000e+00
   outer loop
     vertex  1.917000e+02 -7.198038e+01  0.000000e+00
     vertex  1.918447e+02 -7.192044e+01  0.000000e+00
     vertex  1.918447e+02 -7.192044e+01  1.510000e+00
   endloop
 endfacet
 facet normal  3.826834e-01 -9.238795e-01  0.000000e+00
   outer loop
     vertex  1.917000e+02 -7.198038e+01  0.000000e+00
     vertex  1.918447e+02 -7.192044e+01  1.510000e+00
     vertex  1.917000e+02 -7.198038e+01  1.510000e+00
   endloop
 endfacet
 facet normal  6.087614e-01 -7.933533e-01  0.000000e+00
   outer loop
     vertex  1.915757e+02 -7.207574e+01  0.000000e+00
     vertex  1.917000e+02 -7.198038e+01  0.000000e+00
     vertex  1.917000e+02 -7.198038e+01  1.510000e+00
   endloop
 endfacet
 facet normal  7.933533e-01 -6.087614e-01  0.000000e+00
   outer loop
     vertex  1.915757e+02 -7.207574e+01  0.000000e+00
     vertex  1.915757e+02 -7.207574e+01  1.510000e+00
     vertex  1.914804e+02 -7.220000e+01  1.510000e+00
   endloop
 endfacet
 facet normal  6.087614e-01 -7.933533e-01  0.000000e+00
   outer loop
     vertex  1.915757e+02 -7.207574e+01  0.000000e+00
     vertex  1.917000e+02 -7.198038e+01  1.510000e+00
     vertex  1.915757e+02 -7.207574e+01  1.510000e+00
   endloop
 endfacet
 facet normal  7.933533e-01 -6.087614e-01  0.000000e+00
   outer loop
     vertex  1.914804e+02 -7.220000e+01  0.000000e+00
     vertex  1.915757e+02 -7.207574e+01  0.000000e+00
     vertex  1.914804e+02 -7.220000e+01  1.510000e+00
   endloop
 endfacet
 facet normal  9.238795e-01 -3.826834e-01  0.000000e+00
   outer loop
     vertex  1.914804e+02 -7.220000e+01  0.000000e+00
     vertex  1.914804e+02 -7.220000e+01  1.510000e+00
     vertex  1.914204e+02 -7.234471e+01  1.510000e+00
   endloop
 endfacet
 facet normal  9.238795e-01 -3.826834e-01  0.000000e+00
   outer loop
     vertex  1.914204e+02 -7.234471e+01  0.000000e+00
     vertex  1.914804e+02 -7.220000e+01  0.000000e+00
     vertex  1.914204e+02 -7.234471e+01  1.510000e+00
   endloop
 endfacet
 facet normal  9.914449e-01 -1.305262e-01  0.000000e+00
   outer loop
     vertex  1.914000e+02 -7.250000e+01  0.000000e+00
     vertex  1.914204e+02 -7.234471e+01  0.000000e+00
     vertex  1.914204e+02 -7.234471e+01  1.510000e+00
   endloop
 endfacet
 facet normal  9.914449e-01 -1.305262e-01  0.000000e+00
   outer loop
     vertex  1.914000e+02 -7.250000e+01  0.000000e+00
     vertex  1.914204e+02 -7.234471e+01  1.510000e+00
     vertex  1.914000e+02 -7.250000e+01  1.510000e+00
   endloop
 endfacet
 facet normal  9.914449e-01  1.305262e-01 -0.000000e+00
   outer loop
     vertex  1.914204e+02 -7.265529e+01  0.000000e+00
     vertex  1.914000e+02 -7.250000e+01  1.510000e+00
     vertex  1.914204e+02 -7.265529e+01  1.510000e+00
   endloop
 endfacet
 facet normal  9.914449e-01  1.305262e-01  0.000000e+00
   outer loop
     vertex  1.914204e+02 -7.265529e+01  0.000000e+00
     vertex  1.914000e+02 -7.250000e+01  0.000000e+00
     vertex  1.914000e+02 -7.250000e+01  1.510000e+00
   endloop
 endfacet
 facet normal  9.238795e-01  3.826834e-01 -0.000000e+00
   outer loop
     vertex  1.914804e+02 -7.280000e+01  0.000000e+00
     vertex  1.914204e+02 -7.265529e+01  1.510000e+00
     vertex  1.914804e+02 -7.280000e+01  1.510000e+00
   endloop
 endfacet
 facet normal  9.238795e-01  3.826834e-01  0.000000e+00
   outer loop
     vertex  1.914804e+02 -7.280000e+01  0.000000e+00
     vertex  1.914204e+02 -7.265529e+01  0.000000e+00
     vertex  1.914204e+02 -7.265529e+01  1.510000e+00
   endloop
 endfacet
 facet normal  6.087614e-01  7.933533e-01 -0.000000e+00
   outer loop
     vertex  1.915757e+02 -7.292426e+01  0.000000e+00
     vertex  1.915757e+02 -7.292426e+01  1.510000e+00
     vertex  1.917000e+02 -7.301962e+01  1.510000e+00
   endloop
 endfacet
 facet normal  7.933533e-01  6.087614e-01 -0.000000e+00
   outer loop
     vertex  1.915757e+02 -7.292426e+01  0.000000e+00
     vertex  1.914804e+02 -7.280000e+01  1.510000e+00
     vertex  1.915757e+02 -7.292426e+01  1.510000e+00
   endloop
 endfacet
 facet normal  7.933533e-01  6.087614e-01  0.000000e+00
   outer loop
     vertex  1.915757e+02 -7.292426e+01  0.000000e+00
     vertex  1.914804e+02 -7.280000e+01  0.000000e+00
     vertex  1.914804e+02 -7.280000e+01  1.510000e+00
   endloop
 endfacet
 facet normal  6.087614e-01  7.933533e-01 -0.000000e+00
   outer loop
     vertex  1.917000e+02 -7.301962e+01  0.000000e+00
     vertex  1.915757e+02 -7.292426e+01  0.000000e+00
     vertex  1.917000e+02 -7.301962e+01  1.510000e+00
   endloop
 endfacet
 facet normal  3.826834e-01  9.238795e-01 -0.000000e+00
   outer loop
     vertex  1.918447e+02 -7.307956e+01  0.000000e+00
     vertex  1.917000e+02 -7.301962e+01  1.510000e+00
     vertex  1.918447e+02 -7.307956e+01  1.510000e+00
   endloop
 endfacet
 facet normal  3.826834e-01  9.238795e-01  0.000000e+00
   outer loop
     vertex  1.918447e+02 -7.307956e+01  0.000000e+00
     vertex  1.917000e+02 -7.301962e+01  0.000000e+00
     vertex  1.917000e+02 -7.301962e+01  1.510000e+00
   endloop
 endfacet
 facet normal  1.305262e-01  9.914449e-01 -0.000000e+00
   outer loop
     vertex  1.920000e+02 -7.310000e+01  0.000000e+00
     vertex  1.918447e+02 -7.307956e+01  1.510000e+00
     vertex  1.920000e+02 -7.310000e+01  1.510000e+00
   endloop
 endfacet
 facet normal  1.305262e-01  9.914449e-01  0.000000e+00
   outer loop
     vertex  1.920000e+02 -7.310000e+01  0.000000e+00
     vertex  1.918447e+02 -7.307956e+01  0.000000e+00
     vertex  1.918447e+02 -7.307956e+01  1.510000e+00
   endloop
 endfacet
 facet normal -1.305262e-01  9.914449e-01  0.000000e+00
   outer loop
     vertex  1.921553e+02 -7.127956e+01  0.000000e+00
     vertex  1.920000e+02 -7.130000e+01  0.000000e+00
     vertex  1.920000e+02 -7.130000e+01  1.510000e+00
   endloop
 endfacet
 facet normal -1.305262e-01  9.914449e-01  0.000000e+00
   outer loop
     vertex  1.921553e+02 -7.127956e+01  0.000000e+00
     vertex  1.920000e+02 -7.130000e+01  1.510000e+00
     vertex  1.921553e+02 -7.127956e+01  1.510000e+00
   endloop
 endfacet
 facet normal -3.826834e-01  9.238795e-01  0.000000e+00
   outer loop
     vertex  1.923000e+02 -7.121962e+01  0.000000e+00
     vertex  1.921553e+02 -7.127956e+01  1.510000e+00
     vertex  1.923000e+02 -7.121962e+01  1.510000e+00
   endloop
 endfacet
 facet normal -3.826834e-01  9.238795e-01  0.000000e+00
   outer loop
     vertex  1.923000e+02 -7.121962e+01  0.000000e+00
     vertex  1.921553e+02 -7.127956e+01  0.000000e+00
     vertex  1.921553e+02 -7.127956e+01  1.510000e+00
   endloop
 endfacet
 facet normal -6.087614e-01  7.933533e-01  0.000000e+00
   outer loop
     vertex  1.924243e+02 -7.112426e+01  0.000000e+00
     vertex  1.923000e+02 -7.121962e+01  1.510000e+00
     vertex  1.924243e+02 -7.112426e+01  1.510000e+00
   endloop
 endfacet
 facet normal -6.087614e-01  7.933533e-01  0.000000e+00
   outer loop
     vertex  1.924243e+02 -7.112426e+01  0.000000e+00
     vertex  1.923000e+02 -7.121962e+01  0.000000e+00
     vertex  1.923000e+02 -7.121962e+01  1.510000e+00
   endloop
 endfacet
 facet normal -7.933533e-01  6.087614e-01  0.000000e+00
   outer loop
     vertex  1.925196e+02 -7.100000e+01  0.000000e+00
     vertex  1.924243e+02 -7.112426e+01  1.510000e+00
     vertex  1.925196e+02 -7.100000e+01  1.510000e+00
   endloop
 endfacet
 facet normal -7.933533e-01  6.087614e-01  0.000000e+00
   outer loop
     vertex  1.925196e+02 -7.100000e+01  0.000000e+00
     vertex  1.924243e+02 -7.112426e+01  0.000000e+00
     vertex  1.924243e+02 -7.112426e+01  1.510000e+00
   endloop
 endfacet
 facet normal -9.238795e-01  3.826834e-01  0.000000e+00
   outer loop
     vertex  1.925796e+02 -7.085529e+01  0.000000e+00
     vertex  1.925196e+02 -7.100000e+01  1.510000e+00
     vertex  1.925796e+02 -7.085529e+01  1.510000e+00
   endloop
 endfacet
 facet normal -9.238795e-01  3.826834e-01  0.000000e+00
   outer loop
     vertex  1.925796e+02 -7.085529e+01  0.000000e+00
     vertex  1.925196e+02 -7.100000e+01  0.000000e+00
     vertex  1.925196e+02 -7.100000e+01  1.510000e+00
   endloop
 endfacet
 facet normal -9.914449e-01  1.305262e-01  0.000000e+00
   outer loop
     vertex  1.926000e+02 -7.070000e+01  0.000000e+00
     vertex  1.925796e+02 -7.085529e+01  1.510000e+00
     vertex  1.926000e+02 -7.070000e+01  1.510000e+00
   endloop
 endfacet
 facet normal -9.914449e-01  1.305262e-01  0.000000e+00
   outer loop
     vertex  1.926000e+02 -7.070000e+01  0.000000e+00
     vertex  1.925796e+02 -7.085529e+01  0.000000e+00
     vertex  1.925796e+02 -7.085529e+01  1.510000e+00
   endloop
 endfacet
 facet normal -9.914449e-01 -1.305262e-01  0.000000e+00
   outer loop
     vertex  1.925796e+02 -7.054471e+01  0.000000e+00
     vertex  1.926000e+02 -7.070000e+01  1.510000e+00
     vertex  1.925796e+02 -7.054471e+01  1.510000e+00
   endloop
 endfacet
 facet normal -9.914449e-01 -1.305262e-01  0.000000e+00
   outer loop
     vertex  1.925796e+02 -7.054471e+01  0.000000e+00
     vertex  1.926000e+02 -7.070000e+01  0.000000e+00
     vertex  1.926000e+02 -7.070000e+01  1.510000e+00
   endloop
 endfacet
 facet normal -9.238795e-01 -3.826834e-01  0.000000e+00
   outer loop
     vertex  1.925196e+02 -7.040000e+01  0.000000e+00
     vertex  1.925796e+02 -7.054471e+01  1.510000e+00
     vertex  1.925196e+02 -7.040000e+01  1.510000e+00
   endloop
 endfacet
 facet normal -9.238795e-01 -3.826834e-01  0.000000e+00
   outer loop
     vertex  1.925196e+02 -7.040000e+01  0.000000e+00
     vertex  1.925796e+02 -7.054471e+01  0.000000e+00
     vertex  1.925796e+02 -7.054471e+01  1.510000e+00
   endloop
 endfacet
 facet normal -7.933533e-01 -6.087614e-01  0.000000e+00
   outer loop
     vertex  1.924243e+02 -7.027574e+01  0.000000e+00
     vertex  1.925196e+02 -7.040000e+01  1.510000e+00
     vertex  1.924243e+02 -7.027574e+01  1.510000e+00
   endloop
 endfacet
 facet normal -7.933533e-01 -6.087614e-01  0.000000e+00
   outer loop
     vertex  1.924243e+02 -7.027574e+01  0.000000e+00
     vertex  1.925196e+02 -7.040000e+01  0.000000e+00
     vertex  1.925196e+02 -7.040000e+01  1.510000e+00
   endloop
 endfacet
 facet normal -6.087614e-01 -7.933533e-01  0.000000e+00
   outer loop
     vertex  1.923000e+02 -7.018038e+01  0.000000e+00
     vertex  1.924243e+02 -7.027574e+01  1.510000e+00
     vertex  1.923000e+02 -7.018038e+01  1.510000e+00
   endloop
 endfacet
 facet normal -6.087614e-01 -7.933533e-01  0.000000e+00
   outer loop
     vertex  1.923000e+02 -7.018038e+01  0.000000e+00
     vertex  1.924243e+02 -7.027574e+01  0.000000e+00
     vertex  1.924243e+02 -7.027574e+01  1.510000e+00
   endloop
 endfacet
 facet normal -3.826834e-01 -9.238795e-01  0.000000e+00
   outer loop
     vertex  1.921553e+02 -7.012044e+01  0.000000e+00
     vertex  1.923000e+02 -7.018038e+01  1.510000e+00
     vertex  1.921553e+02 -7.012044e+01  1.510000e+00
   endloop
 endfacet
 facet normal -3.826834e-01 -9.238795e-01  0.000000e+00
   outer loop
     vertex  1.921553e+02 -7.012044e+01  0.000000e+00
     vertex  1.923000e+02 -7.018038e+01  0.000000e+00
     vertex  1.923000e+02 -7.018038e+01  1.510000e+00
   endloop
 endfacet
 facet normal -1.305262e-01 -9.914449e-01  0.000000e+00
   outer loop
     vertex  1.920000e+02 -7.010000e+01  0.000000e+00
     vertex  1.921553e+02 -7.012044e+01  1.510000e+00
     vertex  1.920000e+02 -7.010000e+01  1.510000e+00
   endloop
 endfacet
 facet normal -1.305262e-01 -9.914449e-01  0.000000e+00
   outer loop
     vertex  1.920000e+02 -7.010000e+01  0.000000e+00
     vertex  1.921553e+02 -7.012044e+01  0.000000e+00
     vertex  1.921553e+02 -7.012044e+01  1.510000e+00
   endloop
 endfacet
 facet normal  1.305262e-01 -9.914449e-01  0.000000e+00
   outer loop
     vertex  1.918447e+02 -7.012044e+01  0.000000e+00
     vertex  1.920000e+02 -7.010000e+01  1.510000e+00
     vertex  1.918447e+02 -7.012044e+01  1.510000e+00
   endloop
 endfacet
 facet normal  1.305262e-01 -9.914449e-01  0.000000e+00
   outer loop
     vertex  1.918447e+02 -7.012044e+01  0.000000e+00
     vertex  1.920000e+02 -7.010000e+01  0.000000e+00
     vertex  1.920000e+02 -7.010000e+01  1.510000e+00
   endloop
 endfacet
 facet normal  3.826834e-01 -9.238795e-01  0.000000e+00
   outer loop
     vertex  1.917000e+02 -7.018038e+01  0.000000e+00
     vertex  1.918447e+02 -7.012044e+01  0.000000e+00
     vertex  1.918447e+02 -7.012044e+01  1.510000e+00
   endloop
 endfacet
 facet normal  3.826834e-01 -9.238795e-01  0.000000e+00
   outer loop
     vertex  1.917000e+02 -7.018038e+01  0.000000e+00
     vertex  1.918447e+02 -7.012044e+01  1.510000e+00
     vertex  1.917000e+02 -7.018038e+01  1.510000e+00
   endloop
 endfacet
 facet normal  6.087614e-01 -7.933533e-01  0.000000e+00
   outer loop
     vertex  1.915757e+02 -7.027574e+01  0.000000e+00
     vertex  1.917000e+02 -7.018038e+01  0.000000e+00
     vertex  1.917000e+02 -7.018038e+01  1.510000e+00
   endloop
 endfacet
 facet normal  7.933533e-01 -6.087614e-01  0.000000e+00
   outer loop
     vertex  1.915757e+02 -7.027574e+01  0.000000e+00
     vertex  1.915757e+02 -7.027574e+01  1.510000e+00
     vertex  1.914804e+02 -7.040000e+01  1.510000e+00
   endloop
 endfacet
 facet normal  6.087614e-01 -7.933533e-01  0.000000e+00
   outer loop
     vertex  1.915757e+02 -7.027574e+01  0.000000e+00
     vertex  1.917000e+02 -7.018038e+01  1.510000e+00
     vertex  1.915757e+02 -7.027574e+01  1.510000e+00
   endloop
 endfacet
 facet normal  7.933533e-01 -6.087614e-01  0.000000e+00
   outer loop
     vertex  1.914804e+02 -7.040000e+01  0.000000e+00
     vertex  1.915757e+02 -7.027574e+01  0.000000e+00
     vertex  1.914804e+02 -7.040000e+01  1.510000e+00
   endloop
 endfacet
 facet normal  9.238795e-01 -3.826834e-01  0.000000e+00
   outer loop
     vertex  1.914804e+02 -7.040000e+01  0.000000e+00
     vertex  1.914804e+02 -7.040000e+01  1.510000e+00
     vertex  1.914204e+02 -7.054471e+01  1.510000e+00
   endloop
 endfacet
 facet normal  9.238795e-01 -3.826834e-01  0.000000e+00
   outer loop
     vertex  1.914204e+02 -7.054471e+01  0.000000e+00
     vertex  1.914804e+02 -7.040000e+01  0.000000e+00
     vertex  1.914204e+02 -7.054471e+01  1.510000e+00
   endloop
 endfacet
 facet normal  9.914449e-01 -1.305262e-01  0.000000e+00
   outer loop
     vertex  1.914000e+02 -7.070000e+01  0.000000e+00
     vertex  1.914204e+02 -7.054471e+01  0.000000e+00
     vertex  1.914204e+02 -7.054471e+01  1.510000e+00
   endloop
 endfacet
 facet normal  9.914449e-01 -1.305262e-01  0.000000e+00
   outer loop
     vertex  1.914000e+02 -7.070000e+01  0.000000e+00
     vertex  1.914204e+02 -7.054471e+01  1.510000e+00
     vertex  1.914000e+02 -7.070000e+01  1.510000e+00
   endloop
 endfacet
 facet normal  9.914449e-01  1.305262e-01 -0.000000e+00
   outer loop
     vertex  1.914204e+02 -7.085529e+01  0.000000e+00
     vertex  1.914000e+02 -7.070000e+01  1.510000e+00
     vertex  1.914204e+02 -7.085529e+01  1.510000e+00
   endloop
 endfacet
 facet normal  9.914449e-01  1.305262e-01  0.000000e+00
   outer loop
     vertex  1.914204e+02 -7.085529e+01  0.000000e+00
     vertex  1.914000e+02 -7.070000e+01  0.000000e+00
     vertex  1.914000e+02 -7.070000e+01  1.510000e+00
   endloop
 endfacet
 facet normal  9.238795e-01  3.826834e-01 -0.000000e+00
   outer loop
     vertex  1.914804e+02 -7.100000e+01  0.000000e+00
     vertex  1.914204e+02 -7.085529e+01  1.510000e+00
     vertex  1.914804e+02 -7.100000e+01  1.510000e+00
   endloop
 endfacet
 facet normal  9.238795e-01  3.826834e-01  0.000000e+00
   outer loop
     vertex  1.914804e+02 -7.100000e+01  0.000000e+00
     vertex  1.914204e+02 -7.085529e+01  0.000000e+00
     vertex  1.914204e+02 -7.085529e+01  1.510000e+00
   endloop
 endfacet
 facet normal  6.087614e-01  7.933533e-01 -0.000000e+00
   outer loop
     vertex  1.915757e+02 -7.112426e+01  0.000000e+00
     vertex  1.915757e+02 -7.112426e+01  1.510000e+00
     vertex  1.917000e+02 -7.121962e+01  1.510000e+00
   endloop
 endfacet
 facet normal  7.933533e-01  6.087614e-01 -0.000000e+00
   outer loop
     vertex  1.915757e+02 -7.112426e+01  0.000000e+00
     vertex  1.914804e+02 -7.100000e+01  1.510000e+00
     vertex  1.915757e+02 -7.112426e+01  1.510000e+00
   endloop
 endfacet
 facet normal  7.933533e-01  6.087614e-01  0.000000e+00
   outer loop
     vertex  1.915757e+02 -7.112426e+01  0.000000e+00
     vertex  1.914804e+02 -7.100000e+01  0.000000e+00
     vertex  1.914804e+02 -7.100000e+01  1.510000e+00
   endloop
 endfacet
 facet normal  6.087614e-01  7.933533e-01 -0.000000e+00
   outer loop
     vertex  1.917000e+02 -7.121962e+01  0.000000e+00
     vertex  1.915757e+02 -7.112426e+01  0.000000e+00
     vertex  1.917000e+02 -7.121962e+01  1.510000e+00
   endloop
 endfacet
 facet normal  3.826834e-01  9.238795e-01 -0.000000e+00
   outer loop
     vertex  1.918447e+02 -7.127956e+01  0.000000e+00
     vertex  1.917000e+02 -7.121962e+01  1.510000e+00
     vertex  1.918447e+02 -7.127956e+01  1.510000e+00
   endloop
 endfacet
 facet normal  3.826834e-01  9.238795e-01  0.000000e+00
   outer loop
     vertex  1.918447e+02 -7.127956e+01  0.000000e+00
     vertex  1.917000e+02 -7.121962e+01  0.000000e+00
     vertex  1.917000e+02 -7.121962e+01  1.510000e+00
   endloop
 endfacet
 facet normal  1.305262e-01  9.914449e-01 -0.000000e+00
   outer loop
     vertex  1.920000e+02 -7.130000e+01  0.000000e+00
     vertex  1.918447e+02 -7.127956e+01  1.510000e+00
     vertex  1.920000e+02 -7.130000e+01  1.510000e+00
   endloop
 endfacet
 facet normal  1.305262e-01  9.914449e-01  0.000000e+00
   outer loop
     vertex  1.920000e+02 -7.130000e+01  0.000000e+00
     vertex  1.918447e+02 -7.127956e+01  0.000000e+00
     vertex  1.918447e+02 -7.127956e+01  1.510000e+00
   endloop
 endfacet
 facet normal -1.305262e-01  9.914449e-01  0.000000e+00
   outer loop
     vertex  1.921553e+02 -6.947956e+01  0.000000e+00
     vertex  1.920000e+02 -6.950000e+01  0.000000e+00
     vertex  1.920000e+02 -6.950000e+01  1.510000e+00
   endloop
 endfacet
 facet normal -1.305262e-01  9.914449e-01  0.000000e+00
   outer loop
     vertex  1.921553e+02 -6.947956e+01  0.000000e+00
     vertex  1.920000e+02 -6.950000e+01  1.510000e+00
     vertex  1.921553e+02 -6.947956e+01  1.510000e+00
   endloop
 endfacet
 facet normal -3.826834e-01  9.238795e-01  0.000000e+00
   outer loop
     vertex  1.923000e+02 -6.941962e+01  0.000000e+00
     vertex  1.921553e+02 -6.947956e+01  1.510000e+00
     vertex  1.923000e+02 -6.941962e+01  1.510000e+00
   endloop
 endfacet
 facet normal -3.826834e-01  9.238795e-01  0.000000e+00
   outer loop
     vertex  1.923000e+02 -6.941962e+01  0.000000e+00
     vertex  1.921553e+02 -6.947956e+01  0.000000e+00
     vertex  1.921553e+02 -6.947956e+01  1.510000e+00
   endloop
 endfacet
 facet normal -6.087614e-01  7.933533e-01  0.000000e+00
   outer loop
     vertex  1.924243e+02 -6.932426e+01  0.000000e+00
     vertex  1.923000e+02 -6.941962e+01  1.510000e+00
     vertex  1.924243e+02 -6.932426e+01  1.510000e+00
   endloop
 endfacet
 facet normal -6.087614e-01  7.933533e-01  0.000000e+00
   outer loop
     vertex  1.924243e+02 -6.932426e+01  0.000000e+00
     vertex  1.923000e+02 -6.941962e+01  0.000000e+00
     vertex  1.923000e+02 -6.941962e+01  1.510000e+00
   endloop
 endfacet
 facet normal -7.933533e-01  6.087614e-01  0.000000e+00
   outer loop
     vertex  1.925196e+02 -6.920000e+01  0.000000e+00
     vertex  1.924243e+02 -6.932426e+01  1.510000e+00
     vertex  1.925196e+02 -6.920000e+01  1.510000e+00
   endloop
 endfacet
 facet normal -7.933533e-01  6.087614e-01  0.000000e+00
   outer loop
     vertex  1.925196e+02 -6.920000e+01  0.000000e+00
     vertex  1.924243e+02 -6.932426e+01  0.000000e+00
     vertex  1.924243e+02 -6.932426e+01  1.510000e+00
   endloop
 endfacet
 facet normal -9.238795e-01  3.826834e-01  0.000000e+00
   outer loop
     vertex  1.925796e+02 -6.905529e+01  0.000000e+00
     vertex  1.925196e+02 -6.920000e+01  1.510000e+00
     vertex  1.925796e+02 -6.905529e+01  1.510000e+00
   endloop
 endfacet
 facet normal -9.238795e-01  3.826834e-01  0.000000e+00
   outer loop
     vertex  1.925796e+02 -6.905529e+01  0.000000e+00
     vertex  1.925196e+02 -6.920000e+01  0.000000e+00
     vertex  1.925196e+02 -6.920000e+01  1.510000e+00
   endloop
 endfacet
 facet normal -9.914449e-01  1.305262e-01  0.000000e+00
   outer loop
     vertex  1.926000e+02 -6.890000e+01  0.000000e+00
     vertex  1.925796e+02 -6.905529e+01  1.510000e+00
     vertex  1.926000e+02 -6.890000e+01  1.510000e+00
   endloop
 endfacet
 facet normal -9.914449e-01  1.305262e-01  0.000000e+00
   outer loop
     vertex  1.926000e+02 -6.890000e+01  0.000000e+00
     vertex  1.925796e+02 -6.905529e+01  0.000000e+00
     vertex  1.925796e+02 -6.905529e+01  1.510000e+00
   endloop
 endfacet
 facet normal -9.914449e-01 -1.305262e-01  0.000000e+00
   outer loop
     vertex  1.925796e+02 -6.874471e+01  0.000000e+00
     vertex  1.926000e+02 -6.890000e+01  1.510000e+00
     vertex  1.925796e+02 -6.874471e+01  1.510000e+00
   endloop
 endfacet
 facet normal -9.914449e-01 -1.305262e-01  0.000000e+00
   outer loop
     vertex  1.925796e+02 -6.874471e+01  0.000000e+00
     vertex  1.926000e+02 -6.890000e+01  0.000000e+00
     vertex  1.926000e+02 -6.890000e+01  1.510000e+00
   endloop
 endfacet
 facet normal -9.238795e-01 -3.826834e-01  0.000000e+00
   outer loop
     vertex  1.925196e+02 -6.860000e+01  0.000000e+00
     vertex  1.925796e+02 -6.874471e+01  1.510000e+00
     vertex  1.925196e+02 -6.860000e+01  1.510000e+00
   endloop
 endfacet
 facet normal -9.238795e-01 -3.826834e-01  0.000000e+00
   outer loop
     vertex  1.925196e+02 -6.860000e+01  0.000000e+00
     vertex  1.925796e+02 -6.874471e+01  0.000000e+00
     vertex  1.925796e+02 -6.874471e+01  1.510000e+00
   endloop
 endfacet
 facet normal -7.933533e-01 -6.087614e-01  0.000000e+00
   outer loop
     vertex  1.924243e+02 -6.847574e+01  0.000000e+00
     vertex  1.925196e+02 -6.860000e+01  1.510000e+00
     vertex  1.924243e+02 -6.847574e+01  1.510000e+00
   endloop
 endfacet
 facet normal -7.933533e-01 -6.087614e-01  0.000000e+00
   outer loop
     vertex  1.924243e+02 -6.847574e+01  0.000000e+00
     vertex  1.925196e+02 -6.860000e+01  0.000000e+00
     vertex  1.925196e+02 -6.860000e+01  1.510000e+00
   endloop
 endfacet
 facet normal -6.087614e-01 -7.933533e-01  0.000000e+00
   outer loop
     vertex  1.923000e+02 -6.838038e+01  0.000000e+00
     vertex  1.924243e+02 -6.847574e+01  1.510000e+00
     vertex  1.923000e+02 -6.838038e+01  1.510000e+00
   endloop
 endfacet
 facet normal -6.087614e-01 -7.933533e-01  0.000000e+00
   outer loop
     vertex  1.923000e+02 -6.838038e+01  0.000000e+00
     vertex  1.924243e+02 -6.847574e+01  0.000000e+00
     vertex  1.924243e+02 -6.847574e+01  1.510000e+00
   endloop
 endfacet
 facet normal -3.826834e-01 -9.238795e-01  0.000000e+00
   outer loop
     vertex  1.921553e+02 -6.832044e+01  0.000000e+00
     vertex  1.923000e+02 -6.838038e+01  1.510000e+00
     vertex  1.921553e+02 -6.832044e+01  1.510000e+00
   endloop
 endfacet
 facet normal -3.826834e-01 -9.238795e-01  0.000000e+00
   outer loop
     vertex  1.921553e+02 -6.832044e+01  0.000000e+00
     vertex  1.923000e+02 -6.838038e+01  0.000000e+00
     vertex  1.923000e+02 -6.838038e+01  1.510000e+00
   endloop
 endfacet
 facet normal -1.305262e-01 -9.914449e-01  0.000000e+00
   outer loop
     vertex  1.920000e+02 -6.830000e+01  0.000000e+00
     vertex  1.921553e+02 -6.832044e+01  1.510000e+00
     vertex  1.920000e+02 -6.830000e+01  1.510000e+00
   endloop
 endfacet
 facet normal -1.305262e-01 -9.914449e-01  0.000000e+00
   outer loop
     vertex  1.920000e+02 -6.830000e+01  0.000000e+00
     vertex  1.921553e+02 -6.832044e+01  0.000000e+00
     vertex  1.921553e+02 -6.832044e+01  1.510000e+00
   endloop
 endfacet
 facet normal  1.305262e-01 -9.914449e-01  0.000000e+00
   outer loop
     vertex  1.918447e+02 -6.832044e+01  0.000000e+00
     vertex  1.920000e+02 -6.830000e+01  1.510000e+00
     vertex  1.918447e+02 -6.832044e+01  1.510000e+00
   endloop
 endfacet
 facet normal  1.305262e-01 -9.914449e-01  0.000000e+00
   outer loop
     vertex  1.918447e+02 -6.832044e+01  0.000000e+00
     vertex  1.920000e+02 -6.830000e+01  0.000000e+00
     vertex  1.920000e+02 -6.830000e+01  1.510000e+00
   endloop
 endfacet
 facet normal  3.826834e-01 -9.238795e-01  0.000000e+00
   outer loop
     vertex  1.917000e+02 -6.838038e+01  0.000000e+00
     vertex  1.918447e+02 -6.832044e+01  0.000000e+00
     vertex  1.918447e+02 -6.832044e+01  1.510000e+00
   endloop
 endfacet
 facet normal  3.826834e-01 -9.238795e-01  0.000000e+00
   outer loop
     vertex  1.917000e+02 -6.838038e+01  0.000000e+00
     vertex  1.918447e+02 -6.832044e+01  1.510000e+00
     vertex  1.917000e+02 -6.838038e+01  1.510000e+00
   endloop
 endfacet
 facet normal  6.087614e-01 -7.933533e-01  0.000000e+00
   outer loop
     vertex  1.915757e+02 -6.847574e+01  0.000000e+00
     vertex  1.917000e+02 -6.838038e+01  0.000000e+00
     vertex  1.917000e+02 -6.838038e+01  1.510000e+00
   endloop
 endfacet
 facet normal  7.933533e-01 -6.087614e-01  0.000000e+00
   outer loop
     vertex  1.915757e+02 -6.847574e+01  0.000000e+00
     vertex  1.915757e+02 -6.847574e+01  1.510000e+00
     vertex  1.914804e+02 -6.860000e+01  1.510000e+00
   endloop
 endfacet
 facet normal  6.087614e-01 -7.933533e-01  0.000000e+00
   outer loop
     vertex  1.915757e+02 -6.847574e+01  0.000000e+00
     vertex  1.917000e+02 -6.838038e+01  1.510000e+00
     vertex  1.915757e+02 -6.847574e+01  1.510000e+00
   endloop
 endfacet
 facet normal  7.933533e-01 -6.087614e-01  0.000000e+00
   outer loop
     vertex  1.914804e+02 -6.860000e+01  0.000000e+00
     vertex  1.915757e+02 -6.847574e+01  0.000000e+00
     vertex  1.914804e+02 -6.860000e+01  1.510000e+00
   endloop
 endfacet
 facet normal  9.238795e-01 -3.826834e-01  0.000000e+00
   outer loop
     vertex  1.914804e+02 -6.860000e+01  0.000000e+00
     vertex  1.914804e+02 -6.860000e+01  1.510000e+00
     vertex  1.914204e+02 -6.874471e+01  1.510000e+00
   endloop
 endfacet
 facet normal  9.238795e-01 -3.826834e-01  0.000000e+00
   outer loop
     vertex  1.914204e+02 -6.874471e+01  0.000000e+00
     vertex  1.914804e+02 -6.860000e+01  0.000000e+00
     vertex  1.914204e+02 -6.874471e+01  1.510000e+00
   endloop
 endfacet
 facet normal  9.914449e-01 -1.305262e-01  0.000000e+00
   outer loop
     vertex  1.914000e+02 -6.890000e+01  0.000000e+00
     vertex  1.914204e+02 -6.874471e+01  0.000000e+00
     vertex  1.914204e+02 -6.874471e+01  1.510000e+00
   endloop
 endfacet
 facet normal  9.914449e-01 -1.305262e-01  0.000000e+00
   outer loop
     vertex  1.914000e+02 -6.890000e+01  0.000000e+00
     vertex  1.914204e+02 -6.874471e+01  1.510000e+00
     vertex  1.914000e+02 -6.890000e+01  1.510000e+00
   endloop
 endfacet
 facet normal  9.914449e-01  1.305262e-01 -0.000000e+00
   outer loop
     vertex  1.914204e+02 -6.905529e+01  0.000000e+00
     vertex  1.914000e+02 -6.890000e+01  1.510000e+00
     vertex  1.914204e+02 -6.905529e+01  1.510000e+00
   endloop
 endfacet
 facet normal  9.914449e-01  1.305262e-01  0.000000e+00
   outer loop
     vertex  1.914204e+02 -6.905529e+01  0.000000e+00
     vertex  1.914000e+02 -6.890000e+01  0.000000e+00
     vertex  1.914000e+02 -6.890000e+01  1.510000e+00
   endloop
 endfacet
 facet normal  9.238795e-01  3.826834e-01 -0.000000e+00
   outer loop
     vertex  1.914804e+02 -6.920000e+01  0.000000e+00
     vertex  1.914204e+02 -6.905529e+01  1.510000e+00
     vertex  1.914804e+02 -6.920000e+01  1.510000e+00
   endloop
 endfacet
 facet normal  9.238795e-01  3.826834e-01  0.000000e+00
   outer loop
     vertex  1.914804e+02 -6.920000e+01  0.000000e+00
     vertex  1.914204e+02 -6.905529e+01  0.000000e+00
     vertex  1.914204e+02 -6.905529e+01  1.510000e+00
   endloop
 endfacet
 facet normal  6.087614e-01  7.933533e-01 -0.000000e+00
   outer loop
     vertex  1.915757e+02 -6.932426e+01  0.000000e+00
     vertex  1.915757e+02 -6.932426e+01  1.510000e+00
     vertex  1.917000e+02 -6.941962e+01  1.510000e+00
   endloop
 endfacet
 facet normal  7.933533e-01  6.087614e-01 -0.000000e+00
   outer loop
     vertex  1.915757e+02 -6.932426e+01  0.000000e+00
     vertex  1.914804e+02 -6.920000e+01  1.510000e+00
     vertex  1.915757e+02 -6.932426e+01  1.510000e+00
   endloop
 endfacet
 facet normal  7.933533e-01  6.087614e-01  0.000000e+00
   outer loop
     vertex  1.915757e+02 -6.932426e+01  0.000000e+00
     vertex  1.914804e+02 -6.920000e+01  0.000000e+00
     vertex  1.914804e+02 -6.920000e+01  1.510000e+00
   endloop
 endfacet
 facet normal  6.087614e-01  7.933533e-01 -0.000000e+00
   outer loop
     vertex  1.917000e+02 -6.941962e+01  0.000000e+00
     vertex  1.915757e+02 -6.932426e+01  0.000000e+00
     vertex  1.917000e+02 -6.941962e+01  1.510000e+00
   endloop
 endfacet
 facet normal  3.826834e-01  9.238795e-01 -0.000000e+00
   outer loop
     vertex  1.918447e+02 -6.947956e+01  0.000000e+00
     vertex  1.917000e+02 -6.941962e+01  1.510000e+00
     vertex  1.918447e+02 -6.947956e+01  1.510000e+00
   endloop
 endfacet
 facet normal  3.826834e-01  9.238795e-01  0.000000e+00
   outer loop
     vertex  1.918447e+02 -6.947956e+01  0.000000e+00
     vertex  1.917000e+02 -6.941962e+01  0.000000e+00
     vertex  1.917000e+02 -6.941962e+01  1.510000e+00
   endloop
 endfacet
 facet normal  1.305262e-01  9.914449e-01 -0.000000e+00
   outer loop
     vertex  1.920000e+02 -6.950000e+01  0.000000e+00
     vertex  1.918447e+02 -6.947956e+01  1.510000e+00
     vertex  1.920000e+02 -6.950000e+01  1.510000e+00
   endloop
 endfacet
 facet normal  1.305262e-01  9.914449e-01  0.000000e+00
   outer loop
     vertex  1.920000e+02 -6.950000e+01  0.000000e+00
     vertex  1.918447e+02 -6.947956e+01  0.000000e+00
     vertex  1.918447e+02 -6.947956e+01  1.510000e+00
   endloop
 endfacet
 facet normal -1.305262e-01  9.914449e-01  0.000000e+00
   outer loop
     vertex  1.504141e+02 -6.404548e+01  0.000000e+00
     vertex  1.500000e+02 -6.410000e+01  0.000000e+00
     vertex  1.500000e+02 -6.410000e+01  1.510000e+00
   endloop
 endfacet
 facet normal -1.305262e-01  9.914449e-01  0.000000e+00
   outer loop
     vertex  1.504141e+02 -6.404548e+01  0.000000e+00
     vertex  1.500000e+02 -6.410000e+01  1.510000e+00
     vertex  1.504141e+02 -6.404548e+01  1.510000e+00
   endloop
 endfacet
 facet normal -3.826834e-01  9.238795e-01  0.000000e+00
   outer loop
     vertex  1.508000e+02 -6.388564e+01  0.000000e+00
     vertex  1.504141e+02 -6.404548e+01  1.510000e+00
     vertex  1.508000e+02 -6.388564e+01  1.510000e+00
   endloop
 endfacet
 facet normal -3.826834e-01  9.238795e-01  0.000000e+00
   outer loop
     vertex  1.508000e+02 -6.388564e+01  0.000000e+00
     vertex  1.504141e+02 -6.404548e+01  0.000000e+00
     vertex  1.504141e+02 -6.404548e+01  1.510000e+00
   endloop
 endfacet
 facet normal -6.087614e-01  7.933533e-01  0.000000e+00
   outer loop
     vertex  1.511314e+02 -6.363137e+01  0.000000e+00
     vertex  1.508000e+02 -6.388564e+01  1.510000e+00
     vertex  1.511314e+02 -6.363137e+01  1.510000e+00
   endloop
 endfacet
 facet normal -6.087614e-01  7.933533e-01  0.000000e+00
   outer loop
     vertex  1.511314e+02 -6.363137e+01  0.000000e+00
     vertex  1.508000e+02 -6.388564e+01  0.000000e+00
     vertex  1.508000e+02 -6.388564e+01  1.510000e+00
   endloop
 endfacet
 facet normal -7.933533e-01  6.087614e-01  0.000000e+00
   outer loop
     vertex  1.513856e+02 -6.330000e+01  0.000000e+00
     vertex  1.511314e+02 -6.363137e+01  1.510000e+00
     vertex  1.513856e+02 -6.330000e+01  1.510000e+00
   endloop
 endfacet
 facet normal -7.933533e-01  6.087614e-01  0.000000e+00
   outer loop
     vertex  1.513856e+02 -6.330000e+01  0.000000e+00
     vertex  1.511314e+02 -6.363137e+01  0.000000e+00
     vertex  1.511314e+02 -6.363137e+01  1.510000e+00
   endloop
 endfacet
 facet normal -9.238795e-01  3.826834e-01  0.000000e+00
   outer loop
     vertex  1.515455e+02 -6.291411e+01  0.000000e+00
     vertex  1.513856e+02 -6.330000e+01  1.510000e+00
     vertex  1.515455e+02 -6.291411e+01  1.510000e+00
   endloop
 endfacet
 facet normal -9.238795e-01  3.826834e-01  0.000000e+00
   outer loop
     vertex  1.515455e+02 -6.291411e+01  0.000000e+00
     vertex  1.513856e+02 -6.330000e+01  0.000000e+00
     vertex  1.513856e+02 -6.330000e+01  1.510000e+00
   endloop
 endfacet
 facet normal -9.914449e-01  1.305262e-01  0.000000e+00
   outer loop
     vertex  1.516000e+02 -6.250000e+01  0.000000e+00
     vertex  1.515455e+02 -6.291411e+01  1.510000e+00
     vertex  1.516000e+02 -6.250000e+01  1.510000e+00
   endloop
 endfacet
 facet normal -9.914449e-01  1.305262e-01  0.000000e+00
   outer loop
     vertex  1.516000e+02 -6.250000e+01  0.000000e+00
     vertex  1.515455e+02 -6.291411e+01  0.000000e+00
     vertex  1.515455e+02 -6.291411e+01  1.510000e+00
   endloop
 endfacet
 facet normal -9.914449e-01 -1.305262e-01  0.000000e+00
   outer loop
     vertex  1.515455e+02 -6.208589e+01  0.000000e+00
     vertex  1.516000e+02 -6.250000e+01  1.510000e+00
     vertex  1.515455e+02 -6.208589e+01  1.510000e+00
   endloop
 endfacet
 facet normal -9.914449e-01 -1.305262e-01  0.000000e+00
   outer loop
     vertex  1.515455e+02 -6.208589e+01  0.000000e+00
     vertex  1.516000e+02 -6.250000e+01  0.000000e+00
     vertex  1.516000e+02 -6.250000e+01  1.510000e+00
   endloop
 endfacet
 facet normal -9.238795e-01 -3.826834e-01  0.000000e+00
   outer loop
     vertex  1.513856e+02 -6.170000e+01  0.000000e+00
     vertex  1.515455e+02 -6.208589e+01  1.510000e+00
     vertex  1.513856e+02 -6.170000e+01  1.510000e+00
   endloop
 endfacet
 facet normal -9.238795e-01 -3.826834e-01  0.000000e+00
   outer loop
     vertex  1.513856e+02 -6.170000e+01  0.000000e+00
     vertex  1.515455e+02 -6.208589e+01  0.000000e+00
     vertex  1.515455e+02 -6.208589e+01  1.510000e+00
   endloop
 endfacet
 facet normal -7.933533e-01 -6.087614e-01  0.000000e+00
   outer loop
     vertex  1.511314e+02 -6.136863e+01  0.000000e+00
     vertex  1.513856e+02 -6.170000e+01  1.510000e+00
     vertex  1.511314e+02 -6.136863e+01  1.510000e+00
   endloop
 endfacet
 facet normal -7.933533e-01 -6.087614e-01  0.000000e+00
   outer loop
     vertex  1.511314e+02 -6.136863e+01  0.000000e+00
     vertex  1.513856e+02 -6.170000e+01  0.000000e+00
     vertex  1.513856e+02 -6.170000e+01  1.510000e+00
   endloop
 endfacet
 facet normal -6.087614e-01 -7.933533e-01  0.000000e+00
   outer loop
     vertex  1.508000e+02 -6.111436e+01  0.000000e+00
     vertex  1.511314e+02 -6.136863e+01  1.510000e+00
     vertex  1.508000e+02 -6.111436e+01  1.510000e+00
   endloop
 endfacet
 facet normal -6.087614e-01 -7.933533e-01  0.000000e+00
   outer loop
     vertex  1.508000e+02 -6.111436e+01  0.000000e+00
     vertex  1.511314e+02 -6.136863e+01  0.000000e+00
     vertex  1.511314e+02 -6.136863e+01  1.510000e+00
   endloop
 endfacet
 facet normal -3.826834e-01 -9.238795e-01  0.000000e+00
   outer loop
     vertex  1.504141e+02 -6.095452e+01  0.000000e+00
     vertex  1.508000e+02 -6.111436e+01  1.510000e+00
     vertex  1.504141e+02 -6.095452e+01  1.510000e+00
   endloop
 endfacet
 facet normal -3.826834e-01 -9.238795e-01  0.000000e+00
   outer loop
     vertex  1.504141e+02 -6.095452e+01  0.000000e+00
     vertex  1.508000e+02 -6.111436e+01  0.000000e+00
     vertex  1.508000e+02 -6.111436e+01  1.510000e+00
   endloop
 endfacet
 facet normal -1.305262e-01 -9.914449e-01  0.000000e+00
   outer loop
     vertex  1.500000e+02 -6.090000e+01  0.000000e+00
     vertex  1.504141e+02 -6.095452e+01  1.510000e+00
     vertex  1.500000e+02 -6.090000e+01  1.510000e+00
   endloop
 endfacet
 facet normal -1.305262e-01 -9.914449e-01  0.000000e+00
   outer loop
     vertex  1.500000e+02 -6.090000e+01  0.000000e+00
     vertex  1.504141e+02 -6.095452e+01  0.000000e+00
     vertex  1.504141e+02 -6.095452e+01  1.510000e+00
   endloop
 endfacet
 facet normal  1.305262e-01 -9.914449e-01  0.000000e+00
   outer loop
     vertex  1.495859e+02 -6.095452e+01  0.000000e+00
     vertex  1.500000e+02 -6.090000e+01  1.510000e+00
     vertex  1.495859e+02 -6.095452e+01  1.510000e+00
   endloop
 endfacet
 facet normal  1.305262e-01 -9.914449e-01  0.000000e+00
   outer loop
     vertex  1.495859e+02 -6.095452e+01  0.000000e+00
     vertex  1.500000e+02 -6.090000e+01  0.000000e+00
     vertex  1.500000e+02 -6.090000e+01  1.510000e+00
   endloop
 endfacet
 facet normal  3.826834e-01 -9.238795e-01  0.000000e+00
   outer loop
     vertex  1.492000e+02 -6.111436e+01  0.000000e+00
     vertex  1.495859e+02 -6.095452e+01  0.000000e+00
     vertex  1.495859e+02 -6.095452e+01  1.510000e+00
   endloop
 endfacet
 facet normal  3.826834e-01 -9.238795e-01  0.000000e+00
   outer loop
     vertex  1.492000e+02 -6.111436e+01  0.000000e+00
     vertex  1.495859e+02 -6.095452e+01  1.510000e+00
     vertex  1.492000e+02 -6.111436e+01  1.510000e+00
   endloop
 endfacet
 facet normal  6.087614e-01 -7.933533e-01  0.000000e+00
   outer loop
     vertex  1.488686e+02 -6.136863e+01  0.000000e+00
     vertex  1.492000e+02 -6.111436e+01  0.000000e+00
     vertex  1.492000e+02 -6.111436e+01  1.510000e+00
   endloop
 endfacet
 facet normal  7.933533e-01 -6.087614e-01  0.000000e+00
   outer loop
     vertex  1.488686e+02 -6.136863e+01  0.000000e+00
     vertex  1.488686e+02 -6.136863e+01  1.510000e+00
     vertex  1.486144e+02 -6.170000e+01  1.510000e+00
   endloop
 endfacet
 facet normal  6.087614e-01 -7.933533e-01  0.000000e+00
   outer loop
     vertex  1.488686e+02 -6.136863e+01  0.000000e+00
     vertex  1.492000e+02 -6.111436e+01  1.510000e+00
     vertex  1.488686e+02 -6.136863e+01  1.510000e+00
   endloop
 endfacet
 facet normal  7.933533e-01 -6.087614e-01  0.000000e+00
   outer loop
     vertex  1.486144e+02 -6.170000e+01  0.000000e+00
     vertex  1.488686e+02 -6.136863e+01  0.000000e+00
     vertex  1.486144e+02 -6.170000e+01  1.510000e+00
   endloop
 endfacet
 facet normal  9.238795e-01 -3.826834e-01  0.000000e+00
   outer loop
     vertex  1.486144e+02 -6.170000e+01  0.000000e+00
     vertex  1.486144e+02 -6.170000e+01  1.510000e+00
     vertex  1.484545e+02 -6.208589e+01  1.510000e+00
   endloop
 endfacet
 facet normal  9.238795e-01 -3.826834e-01  0.000000e+00
   outer loop
     vertex  1.484545e+02 -6.208589e+01  0.000000e+00
     vertex  1.486144e+02 -6.170000e+01  0.000000e+00
     vertex  1.484545e+02 -6.208589e+01  1.510000e+00
   endloop
 endfacet
 facet normal  9.914449e-01 -1.305262e-01  0.000000e+00
   outer loop
     vertex  1.484000e+02 -6.250000e+01  0.000000e+00
     vertex  1.484545e+02 -6.208589e+01  0.000000e+00
     vertex  1.484545e+02 -6.208589e+01  1.510000e+00
   endloop
 endfacet
 facet normal  9.914449e-01 -1.305262e-01  0.000000e+00
   outer loop
     vertex  1.484000e+02 -6.250000e+01  0.000000e+00
     vertex  1.484545e+02 -6.208589e+01  1.510000e+00
     vertex  1.484000e+02 -6.250000e+01  1.510000e+00
   endloop
 endfacet
 facet normal  9.914449e-01  1.305262e-01 -0.000000e+00
   outer loop
     vertex  1.484545e+02 -6.291411e+01  0.000000e+00
     vertex  1.484000e+02 -6.250000e+01  1.510000e+00
     vertex  1.484545e+02 -6.291411e+01  1.510000e+00
   endloop
 endfacet
 facet normal  9.914449e-01  1.305262e-01  0.000000e+00
   outer loop
     vertex  1.484545e+02 -6.291411e+01  0.000000e+00
     vertex  1.484000e+02 -6.250000e+01  0.000000e+00
     vertex  1.484000e+02 -6.250000e+01  1.510000e+00
   endloop
 endfacet
 facet normal  9.238795e-01  3.826834e-01 -0.000000e+00
   outer loop
     vertex  1.486144e+02 -6.330000e+01  0.000000e+00
     vertex  1.484545e+02 -6.291411e+01  1.510000e+00
     vertex  1.486144e+02 -6.330000e+01  1.510000e+00
   endloop
 endfacet
 facet normal  9.238795e-01  3.826834e-01  0.000000e+00
   outer loop
     vertex  1.486144e+02 -6.330000e+01  0.000000e+00
     vertex  1.484545e+02 -6.291411e+01  0.000000e+00
     vertex  1.484545e+02 -6.291411e+01  1.510000e+00
   endloop
 endfacet
 facet normal  6.087614e-01  7.933533e-01 -0.000000e+00
   outer loop
     vertex  1.488686e+02 -6.363137e+01  0.000000e+00
     vertex  1.488686e+02 -6.363137e+01  1.510000e+00
     vertex  1.492000e+02 -6.388564e+01  1.510000e+00
   endloop
 endfacet
 facet normal  7.933533e-01  6.087614e-01 -0.000000e+00
   outer loop
     vertex  1.488686e+02 -6.363137e+01  0.000000e+00
     vertex  1.486144e+02 -6.330000e+01  1.510000e+00
     vertex  1.488686e+02 -6.363137e+01  1.510000e+00
   endloop
 endfacet
 facet normal  7.933533e-01  6.087614e-01  0.000000e+00
   outer loop
     vertex  1.488686e+02 -6.363137e+01  0.000000e+00
     vertex  1.486144e+02 -6.330000e+01  0.000000e+00
     vertex  1.486144e+02 -6.330000e+01  1.510000e+00
   endloop
 endfacet
 facet normal  6.087614e-01  7.933533e-01 -0.000000e+00
   outer loop
     vertex  1.492000e+02 -6.388564e+01  0.000000e+00
     vertex  1.488686e+02 -6.363137e+01  0.000000e+00
     vertex  1.492000e+02 -6.388564e+01  1.510000e+00
   endloop
 endfacet
 facet normal  3.826834e-01  9.238795e-01 -0.000000e+00
   outer loop
     vertex  1.495859e+02 -6.404548e+01  0.000000e+00
     vertex  1.492000e+02 -6.388564e+01  1.510000e+00
     vertex  1.495859e+02 -6.404548e+01  1.510000e+00
   endloop
 endfacet
 facet normal  3.826834e-01  9.238795e-01  0.000000e+00
   outer loop
     vertex  1.495859e+02 -6.404548e+01  0.000000e+00
     vertex  1.492000e+02 -6.388564e+01  0.000000e+00
     vertex  1.492000e+02 -6.388564e+01  1.510000e+00
   endloop
 endfacet
 facet normal  1.305262e-01  9.914449e-01 -0.000000e+00
   outer loop
     vertex  1.500000e+02 -6.410000e+01  0.000000e+00
     vertex  1.495859e+02 -6.404548e+01  1.510000e+00
     vertex  1.500000e+02 -6.410000e+01  1.510000e+00
   endloop
 endfacet
 facet normal  1.305262e-01  9.914449e-01  0.000000e+00
   outer loop
     vertex  1.500000e+02 -6.410000e+01  0.000000e+00
     vertex  1.495859e+02 -6.404548e+01  0.000000e+00
     vertex  1.495859e+02 -6.404548e+01  1.510000e+00
   endloop
 endfacet
 facet normal -1.305262e-01  9.914449e-01  0.000000e+00
   outer loop
     vertex  1.784141e+02 -6.404548e+01  0.000000e+00
     vertex  1.780000e+02 -6.410000e+01  0.000000e+00
     vertex  1.780000e+02 -6.410000e+01  1.510000e+00
   endloop
 endfacet
 facet normal -1.305262e-01  9.914449e-01  0.000000e+00
   outer loop
     vertex  1.784141e+02 -6.404548e+01  0.000000e+00
     vertex  1.780000e+02 -6.410000e+01  1.510000e+00
     vertex  1.784141e+02 -6.404548e+01  1.510000e+00
   endloop
 endfacet
 facet normal -3.826834e-01  9.238795e-01  0.000000e+00
   outer loop
     vertex  1.788000e+02 -6.388564e+01  0.000000e+00
     vertex  1.784141e+02 -6.404548e+01  1.510000e+00
     vertex  1.788000e+02 -6.388564e+01  1.510000e+00
   endloop
 endfacet
 facet normal -3.826834e-01  9.238795e-01  0.000000e+00
   outer loop
     vertex  1.788000e+02 -6.388564e+01  0.000000e+00
     vertex  1.784141e+02 -6.404548e+01  0.000000e+00
     vertex  1.784141e+02 -6.404548e+01  1.510000e+00
   endloop
 endfacet
 facet normal -6.087614e-01  7.933533e-01  0.000000e+00
   outer loop
     vertex  1.791314e+02 -6.363137e+01  0.000000e+00
     vertex  1.788000e+02 -6.388564e+01  1.510000e+00
     vertex  1.791314e+02 -6.363137e+01  1.510000e+00
   endloop
 endfacet
 facet normal -6.087614e-01  7.933533e-01  0.000000e+00
   outer loop
     vertex  1.791314e+02 -6.363137e+01  0.000000e+00
     vertex  1.788000e+02 -6.388564e+01  0.000000e+00
     vertex  1.788000e+02 -6.388564e+01  1.510000e+00
   endloop
 endfacet
 facet normal -7.933533e-01  6.087614e-01  0.000000e+00
   outer loop
     vertex  1.793856e+02 -6.330000e+01  0.000000e+00
     vertex  1.791314e+02 -6.363137e+01  1.510000e+00
     vertex  1.793856e+02 -6.330000e+01  1.510000e+00
   endloop
 endfacet
 facet normal -7.933533e-01  6.087614e-01  0.000000e+00
   outer loop
     vertex  1.793856e+02 -6.330000e+01  0.000000e+00
     vertex  1.791314e+02 -6.363137e+01  0.000000e+00
     vertex  1.791314e+02 -6.363137e+01  1.510000e+00
   endloop
 endfacet
 facet normal -9.238795e-01  3.826834e-01  0.000000e+00
   outer loop
     vertex  1.795455e+02 -6.291411e+01  0.000000e+00
     vertex  1.793856e+02 -6.330000e+01  1.510000e+00
     vertex  1.795455e+02 -6.291411e+01  1.510000e+00
   endloop
 endfacet
 facet normal -9.238795e-01  3.826834e-01  0.000000e+00
   outer loop
     vertex  1.795455e+02 -6.291411e+01  0.000000e+00
     vertex  1.793856e+02 -6.330000e+01  0.000000e+00
     vertex  1.793856e+02 -6.330000e+01  1.510000e+00
   endloop
 endfacet
 facet normal -9.914449e-01  1.305262e-01  0.000000e+00
   outer loop
     vertex  1.796000e+02 -6.250000e+01  0.000000e+00
     vertex  1.795455e+02 -6.291411e+01  1.510000e+00
     vertex  1.796000e+02 -6.250000e+01  1.510000e+00
   endloop
 endfacet
 facet normal -9.914449e-01  1.305262e-01  0.000000e+00
   outer loop
     vertex  1.796000e+02 -6.250000e+01  0.000000e+00
     vertex  1.795455e+02 -6.291411e+01  0.000000e+00
     vertex  1.795455e+02 -6.291411e+01  1.510000e+00
   endloop
 endfacet
 facet normal -9.914449e-01 -1.305262e-01  0.000000e+00
   outer loop
     vertex  1.795455e+02 -6.208589e+01  0.000000e+00
     vertex  1.796000e+02 -6.250000e+01  1.510000e+00
     vertex  1.795455e+02 -6.208589e+01  1.510000e+00
   endloop
 endfacet
 facet normal -9.914449e-01 -1.305262e-01  0.000000e+00
   outer loop
     vertex  1.795455e+02 -6.208589e+01  0.000000e+00
     vertex  1.796000e+02 -6.250000e+01  0.000000e+00
     vertex  1.796000e+02 -6.250000e+01  1.510000e+00
   endloop
 endfacet
 facet normal -9.238795e-01 -3.826834e-01  0.000000e+00
   outer loop
     vertex  1.793856e+02 -6.170000e+01  0.000000e+00
     vertex  1.795455e+02 -6.208589e+01  1.510000e+00
     vertex  1.793856e+02 -6.170000e+01  1.510000e+00
   endloop
 endfacet
 facet normal -9.238795e-01 -3.826834e-01  0.000000e+00
   outer loop
     vertex  1.793856e+02 -6.170000e+01  0.000000e+00
     vertex  1.795455e+02 -6.208589e+01  0.000000e+00
     vertex  1.795455e+02 -6.208589e+01  1.510000e+00
   endloop
 endfacet
 facet normal -7.933533e-01 -6.087614e-01  0.000000e+00
   outer loop
     vertex  1.791314e+02 -6.136863e+01  0.000000e+00
     vertex  1.793856e+02 -6.170000e+01  1.510000e+00
     vertex  1.791314e+02 -6.136863e+01  1.510000e+00
   endloop
 endfacet
 facet normal -7.933533e-01 -6.087614e-01  0.000000e+00
   outer loop
     vertex  1.791314e+02 -6.136863e+01  0.000000e+00
     vertex  1.793856e+02 -6.170000e+01  0.000000e+00
     vertex  1.793856e+02 -6.170000e+01  1.510000e+00
   endloop
 endfacet
 facet normal -6.087614e-01 -7.933533e-01  0.000000e+00
   outer loop
     vertex  1.788000e+02 -6.111436e+01  0.000000e+00
     vertex  1.791314e+02 -6.136863e+01  1.510000e+00
     vertex  1.788000e+02 -6.111436e+01  1.510000e+00
   endloop
 endfacet
 facet normal -6.087614e-01 -7.933533e-01  0.000000e+00
   outer loop
     vertex  1.788000e+02 -6.111436e+01  0.000000e+00
     vertex  1.791314e+02 -6.136863e+01  0.000000e+00
     vertex  1.791314e+02 -6.136863e+01  1.510000e+00
   endloop
 endfacet
 facet normal -3.826834e-01 -9.238795e-01  0.000000e+00
   outer loop
     vertex  1.784141e+02 -6.095452e+01  0.000000e+00
     vertex  1.788000e+02 -6.111436e+01  1.510000e+00
     vertex  1.784141e+02 -6.095452e+01  1.510000e+00
   endloop
 endfacet
 facet normal -3.826834e-01 -9.238795e-01  0.000000e+00
   outer loop
     vertex  1.784141e+02 -6.095452e+01  0.000000e+00
     vertex  1.788000e+02 -6.111436e+01  0.000000e+00
     vertex  1.788000e+02 -6.111436e+01  1.510000e+00
   endloop
 endfacet
 facet normal -1.305262e-01 -9.914449e-01  0.000000e+00
   outer loop
     vertex  1.780000e+02 -6.090000e+01  0.000000e+00
     vertex  1.784141e+02 -6.095452e+01  1.510000e+00
     vertex  1.780000e+02 -6.090000e+01  1.510000e+00
   endloop
 endfacet
 facet normal -1.305262e-01 -9.914449e-01  0.000000e+00
   outer loop
     vertex  1.780000e+02 -6.090000e+01  0.000000e+00
     vertex  1.784141e+02 -6.095452e+01  0.000000e+00
     vertex  1.784141e+02 -6.095452e+01  1.510000e+00
   endloop
 endfacet
 facet normal  1.305262e-01 -9.914449e-01  0.000000e+00
   outer loop
     vertex  1.775859e+02 -6.095452e+01  0.000000e+00
     vertex  1.780000e+02 -6.090000e+01  1.510000e+00
     vertex  1.775859e+02 -6.095452e+01  1.510000e+00
   endloop
 endfacet
 facet normal  1.305262e-01 -9.914449e-01  0.000000e+00
   outer loop
     vertex  1.775859e+02 -6.095452e+01  0.000000e+00
     vertex  1.780000e+02 -6.090000e+01  0.000000e+00
     vertex  1.780000e+02 -6.090000e+01  1.510000e+00
   endloop
 endfacet
 facet normal  3.826834e-01 -9.238795e-01  0.000000e+00
   outer loop
     vertex  1.772000e+02 -6.111436e+01  0.000000e+00
     vertex  1.775859e+02 -6.095452e+01  0.000000e+00
     vertex  1.775859e+02 -6.095452e+01  1.510000e+00
   endloop
 endfacet
 facet normal  3.826834e-01 -9.238795e-01  0.000000e+00
   outer loop
     vertex  1.772000e+02 -6.111436e+01  0.000000e+00
     vertex  1.775859e+02 -6.095452e+01  1.510000e+00
     vertex  1.772000e+02 -6.111436e+01  1.510000e+00
   endloop
 endfacet
 facet normal  6.087614e-01 -7.933533e-01  0.000000e+00
   outer loop
     vertex  1.768686e+02 -6.136863e+01  0.000000e+00
     vertex  1.772000e+02 -6.111436e+01  0.000000e+00
     vertex  1.772000e+02 -6.111436e+01  1.510000e+00
   endloop
 endfacet
 facet normal  7.933533e-01 -6.087614e-01  0.000000e+00
   outer loop
     vertex  1.768686e+02 -6.136863e+01  0.000000e+00
     vertex  1.768686e+02 -6.136863e+01  1.510000e+00
     vertex  1.766144e+02 -6.170000e+01  1.510000e+00
   endloop
 endfacet
 facet normal  6.087614e-01 -7.933533e-01  0.000000e+00
   outer loop
     vertex  1.768686e+02 -6.136863e+01  0.000000e+00
     vertex  1.772000e+02 -6.111436e+01  1.510000e+00
     vertex  1.768686e+02 -6.136863e+01  1.510000e+00
   endloop
 endfacet
 facet normal  7.933533e-01 -6.087614e-01  0.000000e+00
   outer loop
     vertex  1.766144e+02 -6.170000e+01  0.000000e+00
     vertex  1.768686e+02 -6.136863e+01  0.000000e+00
     vertex  1.766144e+02 -6.170000e+01  1.510000e+00
   endloop
 endfacet
 facet normal  9.238795e-01 -3.826834e-01  0.000000e+00
   outer loop
     vertex  1.766144e+02 -6.170000e+01  0.000000e+00
     vertex  1.766144e+02 -6.170000e+01  1.510000e+00
     vertex  1.764545e+02 -6.208589e+01  1.510000e+00
   endloop
 endfacet
 facet normal  9.238795e-01 -3.826834e-01  0.000000e+00
   outer loop
     vertex  1.764545e+02 -6.208589e+01  0.000000e+00
     vertex  1.766144e+02 -6.170000e+01  0.000000e+00
     vertex  1.764545e+02 -6.208589e+01  1.510000e+00
   endloop
 endfacet
 facet normal  9.914449e-01 -1.305262e-01  0.000000e+00
   outer loop
     vertex  1.764000e+02 -6.250000e+01  0.000000e+00
     vertex  1.764545e+02 -6.208589e+01  0.000000e+00
     vertex  1.764545e+02 -6.208589e+01  1.510000e+00
   endloop
 endfacet
 facet normal  9.914449e-01 -1.305262e-01  0.000000e+00
   outer loop
     vertex  1.764000e+02 -6.250000e+01  0.000000e+00
     vertex  1.764545e+02 -6.208589e+01  1.510000e+00
     vertex  1.764000e+02 -6.250000e+01  1.510000e+00
   endloop
 endfacet
 facet normal  9.914449e-01  1.305262e-01 -0.000000e+00
   outer loop
     vertex  1.764545e+02 -6.291411e+01  0.000000e+00
     vertex  1.764000e+02 -6.250000e+01  1.510000e+00
     vertex  1.764545e+02 -6.291411e+01  1.510000e+00
   endloop
 endfacet
 facet normal  9.914449e-01  1.305262e-01  0.000000e+00
   outer loop
     vertex  1.764545e+02 -6.291411e+01  0.000000e+00
     vertex  1.764000e+02 -6.250000e+01  0.000000e+00
     vertex  1.764000e+02 -6.250000e+01  1.510000e+00
   endloop
 endfacet
 facet normal  9.238795e-01  3.826834e-01 -0.000000e+00
   outer loop
     vertex  1.766144e+02 -6.330000e+01  0.000000e+00
     vertex  1.764545e+02 -6.291411e+01  1.510000e+00
     vertex  1.766144e+02 -6.330000e+01  1.510000e+00
   endloop
 endfacet
 facet normal  9.238795e-01  3.826834e-01  0.000000e+00
   outer loop
     vertex  1.766144e+02 -6.330000e+01  0.000000e+00
     vertex  1.764545e+02 -6.291411e+01  0.000000e+00
     vertex  1.764545e+02 -6.291411e+01  1.510000e+00
   endloop
 endfacet
 facet normal  6.087614e-01  7.933533e-01 -0.000000e+00
   outer loop
     vertex  1.768686e+02 -6.363137e+01  0.000000e+00
     vertex  1.768686e+02 -6.363137e+01  1.510000e+00
     vertex  1.772000e+02 -6.388564e+01  1.510000e+00
   endloop
 endfacet
 facet normal  7.933533e-01  6.087614e-01 -0.000000e+00
   outer loop
     vertex  1.768686e+02 -6.363137e+01  0.000000e+00
     vertex  1.766144e+02 -6.330000e+01  1.510000e+00
     vertex  1.768686e+02 -6.363137e+01  1.510000e+00
   endloop
 endfacet
 facet normal  7.933533e-01  6.087614e-01  0.000000e+00
   outer loop
     vertex  1.768686e+02 -6.363137e+01  0.000000e+00
     vertex  1.766144e+02 -6.330000e+01  0.000000e+00
     vertex  1.766144e+02 -6.330000e+01  1.510000e+00
   endloop
 endfacet
 facet normal  6.087614e-01  7.933533e-01 -0.000000e+00
   outer loop
     vertex  1.772000e+02 -6.388564e+01  0.000000e+00
     vertex  1.768686e+02 -6.363137e+01  0.000000e+00
     vertex  1.772000e+02 -6.388564e+01  1.510000e+00
   endloop
 endfacet
 facet normal  3.826834e-01  9.238795e-01 -0.000000e+00
   outer loop
     vertex  1.775859e+02 -6.404548e+01  0.000000e+00
     vertex  1.772000e+02 -6.388564e+01  1.510000e+00
     vertex  1.775859e+02 -6.404548e+01  1.510000e+00
   endloop
 endfacet
 facet normal  3.826834e-01  9.238795e-01  0.000000e+00
   outer loop
     vertex  1.775859e+02 -6.404548e+01  0.000000e+00
     vertex  1.772000e+02 -6.388564e+01  0.000000e+00
     vertex  1.772000e+02 -6.388564e+01  1.510000e+00
   endloop
 endfacet
 facet normal  1.305262e-01  9.914449e-01 -0.000000e+00
   outer loop
     vertex  1.780000e+02 -6.410000e+01  0.000000e+00
     vertex  1.775859e+02 -6.404548e+01  1.510000e+00
     vertex  1.780000e+02 -6.410000e+01  1.510000e+00
   endloop
 endfacet
 facet normal  1.305262e-01  9.914449e-01  0.000000e+00
   outer loop
     vertex  1.780000e+02 -6.410000e+01  0.000000e+00
     vertex  1.775859e+02 -6.404548e+01  0.000000e+00
     vertex  1.775859e+02 -6.404548e+01  1.510000e+00
   endloop
 endfacet
 facet normal -1.305262e-01  9.914449e-01  0.000000e+00
   outer loop
     vertex  1.081553e+02 -5.657956e+01  0.000000e+00
     vertex  1.080000e+02 -5.660000e+01  0.000000e+00
     vertex  1.080000e+02 -5.660000e+01  1.510000e+00
   endloop
 endfacet
 facet normal -1.305262e-01  9.914449e-01  0.000000e+00
   outer loop
     vertex  1.081553e+02 -5.657956e+01  0.000000e+00
     vertex  1.080000e+02 -5.660000e+01  1.510000e+00
     vertex  1.081553e+02 -5.657956e+01  1.510000e+00
   endloop
 endfacet
 facet normal -3.826834e-01  9.238795e-01  0.000000e+00
   outer loop
     vertex  1.083000e+02 -5.651962e+01  0.000000e+00
     vertex  1.081553e+02 -5.657956e+01  1.510000e+00
     vertex  1.083000e+02 -5.651962e+01  1.510000e+00
   endloop
 endfacet
 facet normal -3.826834e-01  9.238795e-01  0.000000e+00
   outer loop
     vertex  1.083000e+02 -5.651962e+01  0.000000e+00
     vertex  1.081553e+02 -5.657956e+01  0.000000e+00
     vertex  1.081553e+02 -5.657956e+01  1.510000e+00
   endloop
 endfacet
 facet normal -6.087614e-01  7.933533e-01  0.000000e+00
   outer loop
     vertex  1.084243e+02 -5.642426e+01  0.000000e+00
     vertex  1.083000e+02 -5.651962e+01  1.510000e+00
     vertex  1.084243e+02 -5.642426e+01  1.510000e+00
   endloop
 endfacet
 facet normal -6.087614e-01  7.933533e-01  0.000000e+00
   outer loop
     vertex  1.084243e+02 -5.642426e+01  0.000000e+00
     vertex  1.083000e+02 -5.651962e+01  0.000000e+00
     vertex  1.083000e+02 -5.651962e+01  1.510000e+00
   endloop
 endfacet
 facet normal -7.933533e-01  6.087614e-01  0.000000e+00
   outer loop
     vertex  1.085196e+02 -5.630000e+01  0.000000e+00
     vertex  1.084243e+02 -5.642426e+01  1.510000e+00
     vertex  1.085196e+02 -5.630000e+01  1.510000e+00
   endloop
 endfacet
 facet normal -7.933533e-01  6.087614e-01  0.000000e+00
   outer loop
     vertex  1.085196e+02 -5.630000e+01  0.000000e+00
     vertex  1.084243e+02 -5.642426e+01  0.000000e+00
     vertex  1.084243e+02 -5.642426e+01  1.510000e+00
   endloop
 endfacet
 facet normal -9.238795e-01  3.826834e-01  0.000000e+00
   outer loop
     vertex  1.085796e+02 -5.615529e+01  0.000000e+00
     vertex  1.085196e+02 -5.630000e+01  1.510000e+00
     vertex  1.085796e+02 -5.615529e+01  1.510000e+00
   endloop
 endfacet
 facet normal -9.238795e-01  3.826834e-01  0.000000e+00
   outer loop
     vertex  1.085796e+02 -5.615529e+01  0.000000e+00
     vertex  1.085196e+02 -5.630000e+01  0.000000e+00
     vertex  1.085196e+02 -5.630000e+01  1.510000e+00
   endloop
 endfacet
 facet normal -9.914449e-01  1.305262e-01  0.000000e+00
   outer loop
     vertex  1.086000e+02 -5.600000e+01  0.000000e+00
     vertex  1.085796e+02 -5.615529e+01  1.510000e+00
     vertex  1.086000e+02 -5.600000e+01  1.510000e+00
   endloop
 endfacet
 facet normal -9.914449e-01  1.305262e-01  0.000000e+00
   outer loop
     vertex  1.086000e+02 -5.600000e+01  0.000000e+00
     vertex  1.085796e+02 -5.615529e+01  0.000000e+00
     vertex  1.085796e+02 -5.615529e+01  1.510000e+00
   endloop
 endfacet
 facet normal -9.914449e-01 -1.305262e-01  0.000000e+00
   outer loop
     vertex  1.085796e+02 -5.584471e+01  0.000000e+00
     vertex  1.086000e+02 -5.600000e+01  1.510000e+00
     vertex  1.085796e+02 -5.584471e+01  1.510000e+00
   endloop
 endfacet
 facet normal -9.914449e-01 -1.305262e-01  0.000000e+00
   outer loop
     vertex  1.085796e+02 -5.584471e+01  0.000000e+00
     vertex  1.086000e+02 -5.600000e+01  0.000000e+00
     vertex  1.086000e+02 -5.600000e+01  1.510000e+00
   endloop
 endfacet
 facet normal -9.238795e-01 -3.826834e-01  0.000000e+00
   outer loop
     vertex  1.085196e+02 -5.570000e+01  0.000000e+00
     vertex  1.085796e+02 -5.584471e+01  1.510000e+00
     vertex  1.085196e+02 -5.570000e+01  1.510000e+00
   endloop
 endfacet
 facet normal -9.238795e-01 -3.826834e-01  0.000000e+00
   outer loop
     vertex  1.085196e+02 -5.570000e+01  0.000000e+00
     vertex  1.085796e+02 -5.584471e+01  0.000000e+00
     vertex  1.085796e+02 -5.584471e+01  1.510000e+00
   endloop
 endfacet
 facet normal -7.933533e-01 -6.087614e-01  0.000000e+00
   outer loop
     vertex  1.084243e+02 -5.557574e+01  0.000000e+00
     vertex  1.085196e+02 -5.570000e+01  1.510000e+00
     vertex  1.084243e+02 -5.557574e+01  1.510000e+00
   endloop
 endfacet
 facet normal -7.933533e-01 -6.087614e-01  0.000000e+00
   outer loop
     vertex  1.084243e+02 -5.557574e+01  0.000000e+00
     vertex  1.085196e+02 -5.570000e+01  0.000000e+00
     vertex  1.085196e+02 -5.570000e+01  1.510000e+00
   endloop
 endfacet
 facet normal -6.087614e-01 -7.933533e-01  0.000000e+00
   outer loop
     vertex  1.083000e+02 -5.548038e+01  0.000000e+00
     vertex  1.084243e+02 -5.557574e+01  1.510000e+00
     vertex  1.083000e+02 -5.548038e+01  1.510000e+00
   endloop
 endfacet
 facet normal -6.087614e-01 -7.933533e-01  0.000000e+00
   outer loop
     vertex  1.083000e+02 -5.548038e+01  0.000000e+00
     vertex  1.084243e+02 -5.557574e+01  0.000000e+00
     vertex  1.084243e+02 -5.557574e+01  1.510000e+00
   endloop
 endfacet
 facet normal -3.826834e-01 -9.238795e-01  0.000000e+00
   outer loop
     vertex  1.081553e+02 -5.542044e+01  0.000000e+00
     vertex  1.083000e+02 -5.548038e+01  1.510000e+00
     vertex  1.081553e+02 -5.542044e+01  1.510000e+00
   endloop
 endfacet
 facet normal -3.826834e-01 -9.238795e-01  0.000000e+00
   outer loop
     vertex  1.081553e+02 -5.542044e+01  0.000000e+00
     vertex  1.083000e+02 -5.548038e+01  0.000000e+00
     vertex  1.083000e+02 -5.548038e+01  1.510000e+00
   endloop
 endfacet
 facet normal -1.305262e-01 -9.914449e-01  0.000000e+00
   outer loop
     vertex  1.080000e+02 -5.540000e+01  0.000000e+00
     vertex  1.081553e+02 -5.542044e+01  1.510000e+00
     vertex  1.080000e+02 -5.540000e+01  1.510000e+00
   endloop
 endfacet
 facet normal -1.305262e-01 -9.914449e-01  0.000000e+00
   outer loop
     vertex  1.080000e+02 -5.540000e+01  0.000000e+00
     vertex  1.081553e+02 -5.542044e+01  0.000000e+00
     vertex  1.081553e+02 -5.542044e+01  1.510000e+00
   endloop
 endfacet
 facet normal  1.305262e-01 -9.914449e-01  0.000000e+00
   outer loop
     vertex  1.078447e+02 -5.542044e+01  0.000000e+00
     vertex  1.080000e+02 -5.540000e+01  1.510000e+00
     vertex  1.078447e+02 -5.542044e+01  1.510000e+00
   endloop
 endfacet
 facet normal  1.305262e-01 -9.914449e-01  0.000000e+00
   outer loop
     vertex  1.078447e+02 -5.542044e+01  0.000000e+00
     vertex  1.080000e+02 -5.540000e+01  0.000000e+00
     vertex  1.080000e+02 -5.540000e+01  1.510000e+00
   endloop
 endfacet
 facet normal  3.826834e-01 -9.238795e-01  0.000000e+00
   outer loop
     vertex  1.077000e+02 -5.548038e+01  0.000000e+00
     vertex  1.078447e+02 -5.542044e+01  0.000000e+00
     vertex  1.078447e+02 -5.542044e+01  1.510000e+00
   endloop
 endfacet
 facet normal  3.826834e-01 -9.238795e-01  0.000000e+00
   outer loop
     vertex  1.077000e+02 -5.548038e+01  0.000000e+00
     vertex  1.078447e+02 -5.542044e+01  1.510000e+00
     vertex  1.077000e+02 -5.548038e+01  1.510000e+00
   endloop
 endfacet
 facet normal  6.087614e-01 -7.933533e-01  0.000000e+00
   outer loop
     vertex  1.075757e+02 -5.557574e+01  0.000000e+00
     vertex  1.077000e+02 -5.548038e+01  0.000000e+00
     vertex  1.077000e+02 -5.548038e+01  1.510000e+00
   endloop
 endfacet
 facet normal  7.933533e-01 -6.087614e-01  0.000000e+00
   outer loop
     vertex  1.075757e+02 -5.557574e+01  0.000000e+00
     vertex  1.075757e+02 -5.557574e+01  1.510000e+00
     vertex  1.074804e+02 -5.570000e+01  1.510000e+00
   endloop
 endfacet
 facet normal  6.087614e-01 -7.933533e-01  0.000000e+00
   outer loop
     vertex  1.075757e+02 -5.557574e+01  0.000000e+00
     vertex  1.077000e+02 -5.548038e+01  1.510000e+00
     vertex  1.075757e+02 -5.557574e+01  1.510000e+00
   endloop
 endfacet
 facet normal  7.933533e-01 -6.087614e-01  0.000000e+00
   outer loop
     vertex  1.074804e+02 -5.570000e+01  0.000000e+00
     vertex  1.075757e+02 -5.557574e+01  0.000000e+00
     vertex  1.074804e+02 -5.570000e+01  1.510000e+00
   endloop
 endfacet
 facet normal  9.238795e-01 -3.826834e-01  0.000000e+00
   outer loop
     vertex  1.074804e+02 -5.570000e+01  0.000000e+00
     vertex  1.074804e+02 -5.570000e+01  1.510000e+00
     vertex  1.074204e+02 -5.584471e+01  1.510000e+00
   endloop
 endfacet
 facet normal  9.238795e-01 -3.826834e-01  0.000000e+00
   outer loop
     vertex  1.074204e+02 -5.584471e+01  0.000000e+00
     vertex  1.074804e+02 -5.570000e+01  0.000000e+00
     vertex  1.074204e+02 -5.584471e+01  1.510000e+00
   endloop
 endfacet
 facet normal  9.914449e-01 -1.305262e-01  0.000000e+00
   outer loop
     vertex  1.074000e+02 -5.600000e+01  0.000000e+00
     vertex  1.074204e+02 -5.584471e+01  0.000000e+00
     vertex  1.074204e+02 -5.584471e+01  1.510000e+00
   endloop
 endfacet
 facet normal  9.914449e-01 -1.305262e-01  0.000000e+00
   outer loop
     vertex  1.074000e+02 -5.600000e+01  0.000000e+00
     vertex  1.074204e+02 -5.584471e+01  1.510000e+00
     vertex  1.074000e+02 -5.600000e+01  1.510000e+00
   endloop
 endfacet
 facet normal  9.914449e-01  1.305262e-01 -0.000000e+00
   outer loop
     vertex  1.074204e+02 -5.615529e+01  0.000000e+00
     vertex  1.074000e+02 -5.600000e+01  1.510000e+00
     vertex  1.074204e+02 -5.615529e+01  1.510000e+00
   endloop
 endfacet
 facet normal  9.914449e-01  1.305262e-01  0.000000e+00
   outer loop
     vertex  1.074204e+02 -5.615529e+01  0.000000e+00
     vertex  1.074000e+02 -5.600000e+01  0.000000e+00
     vertex  1.074000e+02 -5.600000e+01  1.510000e+00
   endloop
 endfacet
 facet normal  9.238795e-01  3.826834e-01 -0.000000e+00
   outer loop
     vertex  1.074804e+02 -5.630000e+01  0.000000e+00
     vertex  1.074204e+02 -5.615529e+01  1.510000e+00
     vertex  1.074804e+02 -5.630000e+01  1.510000e+00
   endloop
 endfacet
 facet normal  9.238795e-01  3.826834e-01  0.000000e+00
   outer loop
     vertex  1.074804e+02 -5.630000e+01  0.000000e+00
     vertex  1.074204e+02 -5.615529e+01  0.000000e+00
     vertex  1.074204e+02 -5.615529e+01  1.510000e+00
   endloop
 endfacet
 facet normal  6.087614e-01  7.933533e-01 -0.000000e+00
   outer loop
     vertex  1.075757e+02 -5.642426e+01  0.000000e+00
     vertex  1.075757e+02 -5.642426e+01  1.510000e+00
     vertex  1.077000e+02 -5.651962e+01  1.510000e+00
   endloop
 endfacet
 facet normal  7.933533e-01  6.087614e-01 -0.000000e+00
   outer loop
     vertex  1.075757e+02 -5.642426e+01  0.000000e+00
     vertex  1.074804e+02 -5.630000e+01  1.510000e+00
     vertex  1.075757e+02 -5.642426e+01  1.510000e+00
   endloop
 endfacet
 facet normal  7.933533e-01  6.087614e-01  0.000000e+00
   outer loop
     vertex  1.075757e+02 -5.642426e+01  0.000000e+00
     vertex  1.074804e+02 -5.630000e+01  0.000000e+00
     vertex  1.074804e+02 -5.630000e+01  1.510000e+00
   endloop
 endfacet
 facet normal  6.087614e-01  7.933533e-01 -0.000000e+00
   outer loop
     vertex  1.077000e+02 -5.651962e+01  0.000000e+00
     vertex  1.075757e+02 -5.642426e+01  0.000000e+00
     vertex  1.077000e+02 -5.651962e+01  1.510000e+00
   endloop
 endfacet
 facet normal  3.826834e-01  9.238795e-01 -0.000000e+00
   outer loop
     vertex  1.078447e+02 -5.657956e+01  0.000000e+00
     vertex  1.077000e+02 -5.651962e+01  1.510000e+00
     vertex  1.078447e+02 -5.657956e+01  1.510000e+00
   endloop
 endfacet
 facet normal  3.826834e-01  9.238795e-01  0.000000e+00
   outer loop
     vertex  1.078447e+02 -5.657956e+01  0.000000e+00
     vertex  1.077000e+02 -5.651962e+01  0.000000e+00
     vertex  1.077000e+02 -5.651962e+01  1.510000e+00
   endloop
 endfacet
 facet normal  1.305262e-01  9.914449e-01 -0.000000e+00
   outer loop
     vertex  1.080000e+02 -5.660000e+01  0.000000e+00
     vertex  1.078447e+02 -5.657956e+01  1.510000e+00
     vertex  1.080000e+02 -5.660000e+01  1.510000e+00
   endloop
 endfacet
 facet normal  1.305262e-01  9.914449e-01  0.000000e+00
   outer loop
     vertex  1.080000e+02 -5.660000e+01  0.000000e+00
     vertex  1.078447e+02 -5.657956e+01  0.000000e+00
     vertex  1.078447e+02 -5.657956e+01  1.510000e+00
   endloop
 endfacet
 facet normal -1.305262e-01  9.914449e-01  0.000000e+00
   outer loop
     vertex  1.081553e+02 -5.477956e+01  0.000000e+00
     vertex  1.080000e+02 -5.480000e+01  0.000000e+00
     vertex  1.080000e+02 -5.480000e+01  1.510000e+00
   endloop
 endfacet
 facet normal -1.305262e-01  9.914449e-01  0.000000e+00
   outer loop
     vertex  1.081553e+02 -5.477956e+01  0.000000e+00
     vertex  1.080000e+02 -5.480000e+01  1.510000e+00
     vertex  1.081553e+02 -5.477956e+01  1.510000e+00
   endloop
 endfacet
 facet normal -3.826834e-01  9.238795e-01  0.000000e+00
   outer loop
     vertex  1.083000e+02 -5.471962e+01  0.000000e+00
     vertex  1.081553e+02 -5.477956e+01  1.510000e+00
     vertex  1.083000e+02 -5.471962e+01  1.510000e+00
   endloop
 endfacet
 facet normal -3.826834e-01  9.238795e-01  0.000000e+00
   outer loop
     vertex  1.083000e+02 -5.471962e+01  0.000000e+00
     vertex  1.081553e+02 -5.477956e+01  0.000000e+00
     vertex  1.081553e+02 -5.477956e+01  1.510000e+00
   endloop
 endfacet
 facet normal -6.087614e-01  7.933533e-01  0.000000e+00
   outer loop
     vertex  1.084243e+02 -5.462426e+01  0.000000e+00
     vertex  1.083000e+02 -5.471962e+01  1.510000e+00
     vertex  1.084243e+02 -5.462426e+01  1.510000e+00
   endloop
 endfacet
 facet normal -6.087614e-01  7.933533e-01  0.000000e+00
   outer loop
     vertex  1.084243e+02 -5.462426e+01  0.000000e+00
     vertex  1.083000e+02 -5.471962e+01  0.000000e+00
     vertex  1.083000e+02 -5.471962e+01  1.510000e+00
   endloop
 endfacet
 facet normal -7.933533e-01  6.087614e-01  0.000000e+00
   outer loop
     vertex  1.085196e+02 -5.450000e+01  0.000000e+00
     vertex  1.084243e+02 -5.462426e+01  1.510000e+00
     vertex  1.085196e+02 -5.450000e+01  1.510000e+00
   endloop
 endfacet
 facet normal -7.933533e-01  6.087614e-01  0.000000e+00
   outer loop
     vertex  1.085196e+02 -5.450000e+01  0.000000e+00
     vertex  1.084243e+02 -5.462426e+01  0.000000e+00
     vertex  1.084243e+02 -5.462426e+01  1.510000e+00
   endloop
 endfacet
 facet normal -9.238795e-01  3.826834e-01  0.000000e+00
   outer loop
     vertex  1.085796e+02 -5.435529e+01  0.000000e+00
     vertex  1.085196e+02 -5.450000e+01  1.510000e+00
     vertex  1.085796e+02 -5.435529e+01  1.510000e+00
   endloop
 endfacet
 facet normal -9.238795e-01  3.826834e-01  0.000000e+00
   outer loop
     vertex  1.085796e+02 -5.435529e+01  0.000000e+00
     vertex  1.085196e+02 -5.450000e+01  0.000000e+00
     vertex  1.085196e+02 -5.450000e+01  1.510000e+00
   endloop
 endfacet
 facet normal -9.914449e-01  1.305262e-01  0.000000e+00
   outer loop
     vertex  1.086000e+02 -5.420000e+01  0.000000e+00
     vertex  1.085796e+02 -5.435529e+01  1.510000e+00
     vertex  1.086000e+02 -5.420000e+01  1.510000e+00
   endloop
 endfacet
 facet normal -9.914449e-01  1.305262e-01  0.000000e+00
   outer loop
     vertex  1.086000e+02 -5.420000e+01  0.000000e+00
     vertex  1.085796e+02 -5.435529e+01  0.000000e+00
     vertex  1.085796e+02 -5.435529e+01  1.510000e+00
   endloop
 endfacet
 facet normal -9.914449e-01 -1.305262e-01  0.000000e+00
   outer loop
     vertex  1.085796e+02 -5.404471e+01  0.000000e+00
     vertex  1.086000e+02 -5.420000e+01  1.510000e+00
     vertex  1.085796e+02 -5.404471e+01  1.510000e+00
   endloop
 endfacet
 facet normal -9.914449e-01 -1.305262e-01  0.000000e+00
   outer loop
     vertex  1.085796e+02 -5.404471e+01  0.000000e+00
     vertex  1.086000e+02 -5.420000e+01  0.000000e+00
     vertex  1.086000e+02 -5.420000e+01  1.510000e+00
   endloop
 endfacet
 facet normal -9.238795e-01 -3.826834e-01  0.000000e+00
   outer loop
     vertex  1.085196e+02 -5.390000e+01  0.000000e+00
     vertex  1.085796e+02 -5.404471e+01  1.510000e+00
     vertex  1.085196e+02 -5.390000e+01  1.510000e+00
   endloop
 endfacet
 facet normal -9.238795e-01 -3.826834e-01  0.000000e+00
   outer loop
     vertex  1.085196e+02 -5.390000e+01  0.000000e+00
     vertex  1.085796e+02 -5.404471e+01  0.000000e+00
     vertex  1.085796e+02 -5.404471e+01  1.510000e+00
   endloop
 endfacet
 facet normal -7.933533e-01 -6.087614e-01  0.000000e+00
   outer loop
     vertex  1.084243e+02 -5.377574e+01  0.000000e+00
     vertex  1.085196e+02 -5.390000e+01  1.510000e+00
     vertex  1.084243e+02 -5.377574e+01  1.510000e+00
   endloop
 endfacet
 facet normal -7.933533e-01 -6.087614e-01  0.000000e+00
   outer loop
     vertex  1.084243e+02 -5.377574e+01  0.000000e+00
     vertex  1.085196e+02 -5.390000e+01  0.000000e+00
     vertex  1.085196e+02 -5.390000e+01  1.510000e+00
   endloop
 endfacet
 facet normal -6.087614e-01 -7.933533e-01  0.000000e+00
   outer loop
     vertex  1.083000e+02 -5.368038e+01  0.000000e+00
     vertex  1.084243e+02 -5.377574e+01  1.510000e+00
     vertex  1.083000e+02 -5.368038e+01  1.510000e+00
   endloop
 endfacet
 facet normal -6.087614e-01 -7.933533e-01  0.000000e+00
   outer loop
     vertex  1.083000e+02 -5.368038e+01  0.000000e+00
     vertex  1.084243e+02 -5.377574e+01  0.000000e+00
     vertex  1.084243e+02 -5.377574e+01  1.510000e+00
   endloop
 endfacet
 facet normal -3.826834e-01 -9.238795e-01  0.000000e+00
   outer loop
     vertex  1.081553e+02 -5.362044e+01  0.000000e+00
     vertex  1.083000e+02 -5.368038e+01  1.510000e+00
     vertex  1.081553e+02 -5.362044e+01  1.510000e+00
   endloop
 endfacet
 facet normal -3.826834e-01 -9.238795e-01  0.000000e+00
   outer loop
     vertex  1.081553e+02 -5.362044e+01  0.000000e+00
     vertex  1.083000e+02 -5.368038e+01  0.000000e+00
     vertex  1.083000e+02 -5.368038e+01  1.510000e+00
   endloop
 endfacet
 facet normal -1.305262e-01 -9.914449e-01  0.000000e+00
   outer loop
     vertex  1.080000e+02 -5.360000e+01  0.000000e+00
     vertex  1.081553e+02 -5.362044e+01  1.510000e+00
     vertex  1.080000e+02 -5.360000e+01  1.510000e+00
   endloop
 endfacet
 facet normal -1.305262e-01 -9.914449e-01  0.000000e+00
   outer loop
     vertex  1.080000e+02 -5.360000e+01  0.000000e+00
     vertex  1.081553e+02 -5.362044e+01  0.000000e+00
     vertex  1.081553e+02 -5.362044e+01  1.510000e+00
   endloop
 endfacet
 facet normal  1.305262e-01 -9.914449e-01  0.000000e+00
   outer loop
     vertex  1.078447e+02 -5.362044e+01  0.000000e+00
     vertex  1.080000e+02 -5.360000e+01  1.510000e+00
     vertex  1.078447e+02 -5.362044e+01  1.510000e+00
   endloop
 endfacet
 facet normal  1.305262e-01 -9.914449e-01  0.000000e+00
   outer loop
     vertex  1.078447e+02 -5.362044e+01  0.000000e+00
     vertex  1.080000e+02 -5.360000e+01  0.000000e+00
     vertex  1.080000e+02 -5.360000e+01  1.510000e+00
   endloop
 endfacet
 facet normal  3.826834e-01 -9.238795e-01  0.000000e+00
   outer loop
     vertex  1.077000e+02 -5.368038e+01  0.000000e+00
     vertex  1.078447e+02 -5.362044e+01  0.000000e+00
     vertex  1.078447e+02 -5.362044e+01  1.510000e+00
   endloop
 endfacet
 facet normal  3.826834e-01 -9.238795e-01  0.000000e+00
   outer loop
     vertex  1.077000e+02 -5.368038e+01  0.000000e+00
     vertex  1.078447e+02 -5.362044e+01  1.510000e+00
     vertex  1.077000e+02 -5.368038e+01  1.510000e+00
   endloop
 endfacet
 facet normal  6.087614e-01 -7.933533e-01  0.000000e+00
   outer loop
     vertex  1.075757e+02 -5.377574e+01  0.000000e+00
     vertex  1.077000e+02 -5.368038e+01  0.000000e+00
     vertex  1.077000e+02 -5.368038e+01  1.510000e+00
   endloop
 endfacet
 facet normal  7.933533e-01 -6.087614e-01  0.000000e+00
   outer loop
     vertex  1.075757e+02 -5.377574e+01  0.000000e+00
     vertex  1.075757e+02 -5.377574e+01  1.510000e+00
     vertex  1.074804e+02 -5.390000e+01  1.510000e+00
   endloop
 endfacet
 facet normal  6.087614e-01 -7.933533e-01  0.000000e+00
   outer loop
     vertex  1.075757e+02 -5.377574e+01  0.000000e+00
     vertex  1.077000e+02 -5.368038e+01  1.510000e+00
     vertex  1.075757e+02 -5.377574e+01  1.510000e+00
   endloop
 endfacet
 facet normal  7.933533e-01 -6.087614e-01  0.000000e+00
   outer loop
     vertex  1.074804e+02 -5.390000e+01  0.000000e+00
     vertex  1.075757e+02 -5.377574e+01  0.000000e+00
     vertex  1.074804e+02 -5.390000e+01  1.510000e+00
   endloop
 endfacet
 facet normal  9.238795e-01 -3.826834e-01  0.000000e+00
   outer loop
     vertex  1.074804e+02 -5.390000e+01  0.000000e+00
     vertex  1.074804e+02 -5.390000e+01  1.510000e+00
     vertex  1.074204e+02 -5.404471e+01  1.510000e+00
   endloop
 endfacet
 facet normal  9.238795e-01 -3.826834e-01  0.000000e+00
   outer loop
     vertex  1.074204e+02 -5.404471e+01  0.000000e+00
     vertex  1.074804e+02 -5.390000e+01  0.000000e+00
     vertex  1.074204e+02 -5.404471e+01  1.510000e+00
   endloop
 endfacet
 facet normal  9.914449e-01 -1.305262e-01  0.000000e+00
   outer loop
     vertex  1.074000e+02 -5.420000e+01  0.000000e+00
     vertex  1.074204e+02 -5.404471e+01  0.000000e+00
     vertex  1.074204e+02 -5.404471e+01  1.510000e+00
   endloop
 endfacet
 facet normal  9.914449e-01 -1.305262e-01  0.000000e+00
   outer loop
     vertex  1.074000e+02 -5.420000e+01  0.000000e+00
     vertex  1.074204e+02 -5.404471e+01  1.510000e+00
     vertex  1.074000e+02 -5.420000e+01  1.510000e+00
   endloop
 endfacet
 facet normal  9.914449e-01  1.305262e-01 -0.000000e+00
   outer loop
     vertex  1.074204e+02 -5.435529e+01  0.000000e+00
     vertex  1.074000e+02 -5.420000e+01  1.510000e+00
     vertex  1.074204e+02 -5.435529e+01  1.510000e+00
   endloop
 endfacet
 facet normal  9.914449e-01  1.305262e-01  0.000000e+00
   outer loop
     vertex  1.074204e+02 -5.435529e+01  0.000000e+00
     vertex  1.074000e+02 -5.420000e+01  0.000000e+00
     vertex  1.074000e+02 -5.420000e+01  1.510000e+00
   endloop
 endfacet
 facet normal  9.238795e-01  3.826834e-01 -0.000000e+00
   outer loop
     vertex  1.074804e+02 -5.450000e+01  0.000000e+00
     vertex  1.074204e+02 -5.435529e+01  1.510000e+00
     vertex  1.074804e+02 -5.450000e+01  1.510000e+00
   endloop
 endfacet
 facet normal  9.238795e-01  3.826834e-01  0.000000e+00
   outer loop
     vertex  1.074804e+02 -5.450000e+01  0.000000e+00
     vertex  1.074204e+02 -5.435529e+01  0.000000e+00
     vertex  1.074204e+02 -5.435529e+01  1.510000e+00
   endloop
 endfacet
 facet normal  6.087614e-01  7.933533e-01 -0.000000e+00
   outer loop
     vertex  1.075757e+02 -5.462426e+01  0.000000e+00
     vertex  1.075757e+02 -5.462426e+01  1.510000e+00
     vertex  1.077000e+02 -5.471962e+01  1.510000e+00
   endloop
 endfacet
 facet normal  7.933533e-01  6.087614e-01 -0.000000e+00
   outer loop
     vertex  1.075757e+02 -5.462426e+01  0.000000e+00
     vertex  1.074804e+02 -5.450000e+01  1.510000e+00
     vertex  1.075757e+02 -5.462426e+01  1.510000e+00
   endloop
 endfacet
 facet normal  7.933533e-01  6.087614e-01  0.000000e+00
   outer loop
     vertex  1.075757e+02 -5.462426e+01  0.000000e+00
     vertex  1.074804e+02 -5.450000e+01  0.000000e+00
     vertex  1.074804e+02 -5.450000e+01  1.510000e+00
   endloop
 endfacet
 facet normal  6.087614e-01  7.933533e-01 -0.000000e+00
   outer loop
     vertex  1.077000e+02 -5.471962e+01  0.000000e+00
     vertex  1.075757e+02 -5.462426e+01  0.000000e+00
     vertex  1.077000e+02 -5.471962e+01  1.510000e+00
   endloop
 endfacet
 facet normal  3.826834e-01  9.238795e-01 -0.000000e+00
   outer loop
     vertex  1.078447e+02 -5.477956e+01  0.000000e+00
     vertex  1.077000e+02 -5.471962e+01  1.510000e+00
     vertex  1.078447e+02 -5.477956e+01  1.510000e+00
   endloop
 endfacet
 facet normal  3.826834e-01  9.238795e-01  0.000000e+00
   outer loop
     vertex  1.078447e+02 -5.477956e+01  0.000000e+00
     vertex  1.077000e+02 -5.471962e+01  0.000000e+00
     vertex  1.077000e+02 -5.471962e+01  1.510000e+00
   endloop
 endfacet
 facet normal  1.305262e-01  9.914449e-01 -0.000000e+00
   outer loop
     vertex  1.080000e+02 -5.480000e+01  0.000000e+00
     vertex  1.078447e+02 -5.477956e+01  1.510000e+00
     vertex  1.080000e+02 -5.480000e+01  1.510000e+00
   endloop
 endfacet
 facet normal  1.305262e-01  9.914449e-01  0.000000e+00
   outer loop
     vertex  1.080000e+02 -5.480000e+01  0.000000e+00
     vertex  1.078447e+02 -5.477956e+01  0.000000e+00
     vertex  1.078447e+02 -5.477956e+01  1.510000e+00
   endloop
 endfacet
 facet normal -1.305262e-01  9.914449e-01  0.000000e+00
   outer loop
     vertex  1.081553e+02 -5.297956e+01  0.000000e+00
     vertex  1.080000e+02 -5.300000e+01  0.000000e+00
     vertex  1.080000e+02 -5.300000e+01  1.510000e+00
   endloop
 endfacet
 facet normal -1.305262e-01  9.914449e-01  0.000000e+00
   outer loop
     vertex  1.081553e+02 -5.297956e+01  0.000000e+00
     vertex  1.080000e+02 -5.300000e+01  1.510000e+00
     vertex  1.081553e+02 -5.297956e+01  1.510000e+00
   endloop
 endfacet
 facet normal -3.826834e-01  9.238795e-01  0.000000e+00
   outer loop
     vertex  1.083000e+02 -5.291962e+01  0.000000e+00
     vertex  1.081553e+02 -5.297956e+01  1.510000e+00
     vertex  1.083000e+02 -5.291962e+01  1.510000e+00
   endloop
 endfacet
 facet normal -3.826834e-01  9.238795e-01  0.000000e+00
   outer loop
     vertex  1.083000e+02 -5.291962e+01  0.000000e+00
     vertex  1.081553e+02 -5.297956e+01  0.000000e+00
     vertex  1.081553e+02 -5.297956e+01  1.510000e+00
   endloop
 endfacet
 facet normal -6.087614e-01  7.933533e-01  0.000000e+00
   outer loop
     vertex  1.084243e+02 -5.282426e+01  0.000000e+00
     vertex  1.083000e+02 -5.291962e+01  1.510000e+00
     vertex  1.084243e+02 -5.282426e+01  1.510000e+00
   endloop
 endfacet
 facet normal -6.087614e-01  7.933533e-01  0.000000e+00
   outer loop
     vertex  1.084243e+02 -5.282426e+01  0.000000e+00
     vertex  1.083000e+02 -5.291962e+01  0.000000e+00
     vertex  1.083000e+02 -5.291962e+01  1.510000e+00
   endloop
 endfacet
 facet normal -7.933533e-01  6.087614e-01  0.000000e+00
   outer loop
     vertex  1.085196e+02 -5.270000e+01  0.000000e+00
     vertex  1.084243e+02 -5.282426e+01  1.510000e+00
     vertex  1.085196e+02 -5.270000e+01  1.510000e+00
   endloop
 endfacet
 facet normal -7.933533e-01  6.087614e-01  0.000000e+00
   outer loop
     vertex  1.085196e+02 -5.270000e+01  0.000000e+00
     vertex  1.084243e+02 -5.282426e+01  0.000000e+00
     vertex  1.084243e+02 -5.282426e+01  1.510000e+00
   endloop
 endfacet
 facet normal -9.238795e-01  3.826834e-01  0.000000e+00
   outer loop
     vertex  1.085796e+02 -5.255529e+01  0.000000e+00
     vertex  1.085196e+02 -5.270000e+01  1.510000e+00
     vertex  1.085796e+02 -5.255529e+01  1.510000e+00
   endloop
 endfacet
 facet normal -9.238795e-01  3.826834e-01  0.000000e+00
   outer loop
     vertex  1.085796e+02 -5.255529e+01  0.000000e+00
     vertex  1.085196e+02 -5.270000e+01  0.000000e+00
     vertex  1.085196e+02 -5.270000e+01  1.510000e+00
   endloop
 endfacet
 facet normal -9.914449e-01  1.305262e-01  0.000000e+00
   outer loop
     vertex  1.086000e+02 -5.240000e+01  0.000000e+00
     vertex  1.085796e+02 -5.255529e+01  1.510000e+00
     vertex  1.086000e+02 -5.240000e+01  1.510000e+00
   endloop
 endfacet
 facet normal -9.914449e-01  1.305262e-01  0.000000e+00
   outer loop
     vertex  1.086000e+02 -5.240000e+01  0.000000e+00
     vertex  1.085796e+02 -5.255529e+01  0.000000e+00
     vertex  1.085796e+02 -5.255529e+01  1.510000e+00
   endloop
 endfacet
 facet normal -9.914449e-01 -1.305262e-01  0.000000e+00
   outer loop
     vertex  1.085796e+02 -5.224471e+01  0.000000e+00
     vertex  1.086000e+02 -5.240000e+01  1.510000e+00
     vertex  1.085796e+02 -5.224471e+01  1.510000e+00
   endloop
 endfacet
 facet normal -9.914449e-01 -1.305262e-01  0.000000e+00
   outer loop
     vertex  1.085796e+02 -5.224471e+01  0.000000e+00
     vertex  1.086000e+02 -5.240000e+01  0.000000e+00
     vertex  1.086000e+02 -5.240000e+01  1.510000e+00
   endloop
 endfacet
 facet normal -9.238795e-01 -3.826834e-01  0.000000e+00
   outer loop
     vertex  1.085196e+02 -5.210000e+01  0.000000e+00
     vertex  1.085796e+02 -5.224471e+01  1.510000e+00
     vertex  1.085196e+02 -5.210000e+01  1.510000e+00
   endloop
 endfacet
 facet normal -9.238795e-01 -3.826834e-01  0.000000e+00
   outer loop
     vertex  1.085196e+02 -5.210000e+01  0.000000e+00
     vertex  1.085796e+02 -5.224471e+01  0.000000e+00
     vertex  1.085796e+02 -5.224471e+01  1.510000e+00
   endloop
 endfacet
 facet normal -7.933533e-01 -6.087614e-01  0.000000e+00
   outer loop
     vertex  1.084243e+02 -5.197574e+01  0.000000e+00
     vertex  1.085196e+02 -5.210000e+01  1.510000e+00
     vertex  1.084243e+02 -5.197574e+01  1.510000e+00
   endloop
 endfacet
 facet normal -7.933533e-01 -6.087614e-01  0.000000e+00
   outer loop
     vertex  1.084243e+02 -5.197574e+01  0.000000e+00
     vertex  1.085196e+02 -5.210000e+01  0.000000e+00
     vertex  1.085196e+02 -5.210000e+01  1.510000e+00
   endloop
 endfacet
 facet normal -6.087614e-01 -7.933533e-01  0.000000e+00
   outer loop
     vertex  1.083000e+02 -5.188038e+01  0.000000e+00
     vertex  1.084243e+02 -5.197574e+01  1.510000e+00
     vertex  1.083000e+02 -5.188038e+01  1.510000e+00
   endloop
 endfacet
 facet normal -6.087614e-01 -7.933533e-01  0.000000e+00
   outer loop
     vertex  1.083000e+02 -5.188038e+01  0.000000e+00
     vertex  1.084243e+02 -5.197574e+01  0.000000e+00
     vertex  1.084243e+02 -5.197574e+01  1.510000e+00
   endloop
 endfacet
 facet normal -3.826834e-01 -9.238795e-01  0.000000e+00
   outer loop
     vertex  1.081553e+02 -5.182044e+01  0.000000e+00
     vertex  1.083000e+02 -5.188038e+01  1.510000e+00
     vertex  1.081553e+02 -5.182044e+01  1.510000e+00
   endloop
 endfacet
 facet normal -3.826834e-01 -9.238795e-01  0.000000e+00
   outer loop
     vertex  1.081553e+02 -5.182044e+01  0.000000e+00
     vertex  1.083000e+02 -5.188038e+01  0.000000e+00
     vertex  1.083000e+02 -5.188038e+01  1.510000e+00
   endloop
 endfacet
 facet normal -1.305262e-01 -9.914449e-01  0.000000e+00
   outer loop
     vertex  1.080000e+02 -5.180000e+01  0.000000e+00
     vertex  1.081553e+02 -5.182044e+01  1.510000e+00
     vertex  1.080000e+02 -5.180000e+01  1.510000e+00
   endloop
 endfacet
 facet normal -1.305262e-01 -9.914449e-01  0.000000e+00
   outer loop
     vertex  1.080000e+02 -5.180000e+01  0.000000e+00
     vertex  1.081553e+02 -5.182044e+01  0.000000e+00
     vertex  1.081553e+02 -5.182044e+01  1.510000e+00
   endloop
 endfacet
 facet normal  1.305262e-01 -9.914449e-01  0.000000e+00
   outer loop
     vertex  1.078447e+02 -5.182044e+01  0.000000e+00
     vertex  1.080000e+02 -5.180000e+01  1.510000e+00
     vertex  1.078447e+02 -5.182044e+01  1.510000e+00
   endloop
 endfacet
 facet normal  1.305262e-01 -9.914449e-01  0.000000e+00
   outer loop
     vertex  1.078447e+02 -5.182044e+01  0.000000e+00
     vertex  1.080000e+02 -5.180000e+01  0.000000e+00
     vertex  1.080000e+02 -5.180000e+01  1.510000e+00
   endloop
 endfacet
 facet normal  3.826834e-01 -9.238795e-01  0.000000e+00
   outer loop
     vertex  1.077000e+02 -5.188038e+01  0.000000e+00
     vertex  1.078447e+02 -5.182044e+01  0.000000e+00
     vertex  1.078447e+02 -5.182044e+01  1.510000e+00
   endloop
 endfacet
 facet normal  3.826834e-01 -9.238795e-01  0.000000e+00
   outer loop
     vertex  1.077000e+02 -5.188038e+01  0.000000e+00
     vertex  1.078447e+02 -5.182044e+01  1.510000e+00
     vertex  1.077000e+02 -5.188038e+01  1.510000e+00
   endloop
 endfacet
 facet normal  6.087614e-01 -7.933533e-01  0.000000e+00
   outer loop
     vertex  1.075757e+02 -5.197574e+01  0.000000e+00
     vertex  1.077000e+02 -5.188038e+01  0.000000e+00
     vertex  1.077000e+02 -5.188038e+01  1.510000e+00
   endloop
 endfacet
 facet normal  7.933533e-01 -6.087614e-01  0.000000e+00
   outer loop
     vertex  1.075757e+02 -5.197574e+01  0.000000e+00
     vertex  1.075757e+02 -5.197574e+01  1.510000e+00
     vertex  1.074804e+02 -5.210000e+01  1.510000e+00
   endloop
 endfacet
 facet normal  6.087614e-01 -7.933533e-01  0.000000e+00
   outer loop
     vertex  1.075757e+02 -5.197574e+01  0.000000e+00
     vertex  1.077000e+02 -5.188038e+01  1.510000e+00
     vertex  1.075757e+02 -5.197574e+01  1.510000e+00
   endloop
 endfacet
 facet normal  7.933533e-01 -6.087614e-01  0.000000e+00
   outer loop
     vertex  1.074804e+02 -5.210000e+01  0.000000e+00
     vertex  1.075757e+02 -5.197574e+01  0.000000e+00
     vertex  1.074804e+02 -5.210000e+01  1.510000e+00
   endloop
 endfacet
 facet normal  9.238795e-01 -3.826834e-01  0.000000e+00
   outer loop
     vertex  1.074804e+02 -5.210000e+01  0.000000e+00
     vertex  1.074804e+02 -5.210000e+01  1.510000e+00
     vertex  1.074204e+02 -5.224471e+01  1.510000e+00
   endloop
 endfacet
 facet normal  9.238795e-01 -3.826834e-01  0.000000e+00
   outer loop
     vertex  1.074204e+02 -5.224471e+01  0.000000e+00
     vertex  1.074804e+02 -5.210000e+01  0.000000e+00
     vertex  1.074204e+02 -5.224471e+01  1.510000e+00
   endloop
 endfacet
 facet normal  9.914449e-01 -1.305262e-01  0.000000e+00
   outer loop
     vertex  1.074000e+02 -5.240000e+01  0.000000e+00
     vertex  1.074204e+02 -5.224471e+01  0.000000e+00
     vertex  1.074204e+02 -5.224471e+01  1.510000e+00
   endloop
 endfacet
 facet normal  9.914449e-01 -1.305262e-01  0.000000e+00
   outer loop
     vertex  1.074000e+02 -5.240000e+01  0.000000e+00
     vertex  1.074204e+02 -5.224471e+01  1.510000e+00
     vertex  1.074000e+02 -5.240000e+01  1.510000e+00
   endloop
 endfacet
 facet normal  9.914449e-01  1.305262e-01 -0.000000e+00
   outer loop
     vertex  1.074204e+02 -5.255529e+01  0.000000e+00
     vertex  1.074000e+02 -5.240000e+01  1.510000e+00
     vertex  1.074204e+02 -5.255529e+01  1.510000e+00
   endloop
 endfacet
 facet normal  9.914449e-01  1.305262e-01  0.000000e+00
   outer loop
     vertex  1.074204e+02 -5.255529e+01  0.000000e+00
     vertex  1.074000e+02 -5.240000e+01  0.000000e+00
     vertex  1.074000e+02 -5.240000e+01  1.510000e+00
   endloop
 endfacet
 facet normal  9.238795e-01  3.826834e-01 -0.000000e+00
   outer loop
     vertex  1.074804e+02 -5.270000e+01  0.000000e+00
     vertex  1.074204e+02 -5.255529e+01  1.510000e+00
     vertex  1.074804e+02 -5.270000e+01  1.510000e+00
   endloop
 endfacet
 facet normal  9.238795e-01  3.826834e-01  0.000000e+00
   outer loop
     vertex  1.074804e+02 -5.270000e+01  0.000000e+00
     vertex  1.074204e+02 -5.255529e+01  0.000000e+00
     vertex  1.074204e+02 -5.255529e+01  1.510000e+00
   endloop
 endfacet
 facet normal  6.087614e-01  7.933533e-01 -0.000000e+00
   outer loop
     vertex  1.075757e+02 -5.282426e+01  0.000000e+00
     vertex  1.075757e+02 -5.282426e+01  1.510000e+00
     vertex  1.077000e+02 -5.291962e+01  1.510000e+00
   endloop
 endfacet
 facet normal  7.933533e-01  6.087614e-01 -0.000000e+00
   outer loop
     vertex  1.075757e+02 -5.282426e+01  0.000000e+00
     vertex  1.074804e+02 -5.270000e+01  1.510000e+00
     vertex  1.075757e+02 -5.282426e+01  1.510000e+00
   endloop
 endfacet
 facet normal  7.933533e-01  6.087614e-01  0.000000e+00
   outer loop
     vertex  1.075757e+02 -5.282426e+01  0.000000e+00
     vertex  1.074804e+02 -5.270000e+01  0.000000e+00
     vertex  1.074804e+02 -5.270000e+01  1.510000e+00
   endloop
 endfacet
 facet normal  6.087614e-01  7.933533e-01 -0.000000e+00
   outer loop
     vertex  1.077000e+02 -5.291962e+01  0.000000e+00
     vertex  1.075757e+02 -5.282426e+01  0.000000e+00
     vertex  1.077000e+02 -5.291962e+01  1.510000e+00
   endloop
 endfacet
 facet normal  3.826834e-01  9.238795e-01 -0.000000e+00
   outer loop
     vertex  1.078447e+02 -5.297956e+01  0.000000e+00
     vertex  1.077000e+02 -5.291962e+01  1.510000e+00
     vertex  1.078447e+02 -5.297956e+01  1.510000e+00
   endloop
 endfacet
 facet normal  3.826834e-01  9.238795e-01  0.000000e+00
   outer loop
     vertex  1.078447e+02 -5.297956e+01  0.000000e+00
     vertex  1.077000e+02 -5.291962e+01  0.000000e+00
     vertex  1.077000e+02 -5.291962e+01  1.510000e+00
   endloop
 endfacet
 facet normal  1.305262e-01  9.914449e-01 -0.000000e+00
   outer loop
     vertex  1.080000e+02 -5.300000e+01  0.000000e+00
     vertex  1.078447e+02 -5.297956e+01  1.510000e+00
     vertex  1.080000e+02 -5.300000e+01  1.510000e+00
   endloop
 endfacet
 facet normal  1.305262e-01  9.914449e-01  0.000000e+00
   outer loop
     vertex  1.080000e+02 -5.300000e+01  0.000000e+00
     vertex  1.078447e+02 -5.297956e+01  0.000000e+00
     vertex  1.078447e+02 -5.297956e+01  1.510000e+00
   endloop
 endfacet
 facet normal -1.305262e-01  9.914449e-01  0.000000e+00
   outer loop
     vertex  1.361553e+02 -5.657956e+01  0.000000e+00
     vertex  1.360000e+02 -5.660000e+01  0.000000e+00
     vertex  1.360000e+02 -5.660000e+01  1.510000e+00
   endloop
 endfacet
 facet normal -1.305262e-01  9.914449e-01  0.000000e+00
   outer loop
     vertex  1.361553e+02 -5.657956e+01  0.000000e+00
     vertex  1.360000e+02 -5.660000e+01  1.510000e+00
     vertex  1.361553e+02 -5.657956e+01  1.510000e+00
   endloop
 endfacet
 facet normal -3.826834e-01  9.238795e-01  0.000000e+00
   outer loop
     vertex  1.363000e+02 -5.651962e+01  0.000000e+00
     vertex  1.361553e+02 -5.657956e+01  1.510000e+00
     vertex  1.363000e+02 -5.651962e+01  1.510000e+00
   endloop
 endfacet
 facet normal -3.826834e-01  9.238795e-01  0.000000e+00
   outer loop
     vertex  1.363000e+02 -5.651962e+01  0.000000e+00
     vertex  1.361553e+02 -5.657956e+01  0.000000e+00
     vertex  1.361553e+02 -5.657956e+01  1.510000e+00
   endloop
 endfacet
 facet normal -6.087614e-01  7.933533e-01  0.000000e+00
   outer loop
     vertex  1.364243e+02 -5.642426e+01  0.000000e+00
     vertex  1.363000e+02 -5.651962e+01  1.510000e+00
     vertex  1.364243e+02 -5.642426e+01  1.510000e+00
   endloop
 endfacet
 facet normal -6.087614e-01  7.933533e-01  0.000000e+00
   outer loop
     vertex  1.364243e+02 -5.642426e+01  0.000000e+00
     vertex  1.363000e+02 -5.651962e+01  0.000000e+00
     vertex  1.363000e+02 -5.651962e+01  1.510000e+00
   endloop
 endfacet
 facet normal -7.933533e-01  6.087614e-01  0.000000e+00
   outer loop
     vertex  1.365196e+02 -5.630000e+01  0.000000e+00
     vertex  1.364243e+02 -5.642426e+01  1.510000e+00
     vertex  1.365196e+02 -5.630000e+01  1.510000e+00
   endloop
 endfacet
 facet normal -7.933533e-01  6.087614e-01  0.000000e+00
   outer loop
     vertex  1.365196e+02 -5.630000e+01  0.000000e+00
     vertex  1.364243e+02 -5.642426e+01  0.000000e+00
     vertex  1.364243e+02 -5.642426e+01  1.510000e+00
   endloop
 endfacet
 facet normal -9.238795e-01  3.826834e-01  0.000000e+00
   outer loop
     vertex  1.365796e+02 -5.615529e+01  0.000000e+00
     vertex  1.365196e+02 -5.630000e+01  1.510000e+00
     vertex  1.365796e+02 -5.615529e+01  1.510000e+00
   endloop
 endfacet
 facet normal -9.238795e-01  3.826834e-01  0.000000e+00
   outer loop
     vertex  1.365796e+02 -5.615529e+01  0.000000e+00
     vertex  1.365196e+02 -5.630000e+01  0.000000e+00
     vertex  1.365196e+02 -5.630000e+01  1.510000e+00
   endloop
 endfacet
 facet normal -9.914449e-01  1.305262e-01  0.000000e+00
   outer loop
     vertex  1.366000e+02 -5.600000e+01  0.000000e+00
     vertex  1.365796e+02 -5.615529e+01  1.510000e+00
     vertex  1.366000e+02 -5.600000e+01  1.510000e+00
   endloop
 endfacet
 facet normal -9.914449e-01  1.305262e-01  0.000000e+00
   outer loop
     vertex  1.366000e+02 -5.600000e+01  0.000000e+00
     vertex  1.365796e+02 -5.615529e+01  0.000000e+00
     vertex  1.365796e+02 -5.615529e+01  1.510000e+00
   endloop
 endfacet
 facet normal -9.914449e-01 -1.305262e-01  0.000000e+00
   outer loop
     vertex  1.365796e+02 -5.584471e+01  0.000000e+00
     vertex  1.366000e+02 -5.600000e+01  1.510000e+00
     vertex  1.365796e+02 -5.584471e+01  1.510000e+00
   endloop
 endfacet
 facet normal -9.914449e-01 -1.305262e-01  0.000000e+00
   outer loop
     vertex  1.365796e+02 -5.584471e+01  0.000000e+00
     vertex  1.366000e+02 -5.600000e+01  0.000000e+00
     vertex  1.366000e+02 -5.600000e+01  1.510000e+00
   endloop
 endfacet
 facet normal -9.238795e-01 -3.826834e-01  0.000000e+00
   outer loop
     vertex  1.365196e+02 -5.570000e+01  0.000000e+00
     vertex  1.365796e+02 -5.584471e+01  1.510000e+00
     vertex  1.365196e+02 -5.570000e+01  1.510000e+00
   endloop
 endfacet
 facet normal -9.238795e-01 -3.826834e-01  0.000000e+00
   outer loop
     vertex  1.365196e+02 -5.570000e+01  0.000000e+00
     vertex  1.365796e+02 -5.584471e+01  0.000000e+00
     vertex  1.365796e+02 -5.584471e+01  1.510000e+00
   endloop
 endfacet
 facet normal -7.933533e-01 -6.087614e-01  0.000000e+00
   outer loop
     vertex  1.364243e+02 -5.557574e+01  0.000000e+00
     vertex  1.365196e+02 -5.570000e+01  1.510000e+00
     vertex  1.364243e+02 -5.557574e+01  1.510000e+00
   endloop
 endfacet
 facet normal -7.933533e-01 -6.087614e-01  0.000000e+00
   outer loop
     vertex  1.364243e+02 -5.557574e+01  0.000000e+00
     vertex  1.365196e+02 -5.570000e+01  0.000000e+00
     vertex  1.365196e+02 -5.570000e+01  1.510000e+00
   endloop
 endfacet
 facet normal -6.087614e-01 -7.933533e-01  0.000000e+00
   outer loop
     vertex  1.363000e+02 -5.548038e+01  0.000000e+00
     vertex  1.364243e+02 -5.557574e+01  1.510000e+00
     vertex  1.363000e+02 -5.548038e+01  1.510000e+00
   endloop
 endfacet
 facet normal -6.087614e-01 -7.933533e-01  0.000000e+00
   outer loop
     vertex  1.363000e+02 -5.548038e+01  0.000000e+00
     vertex  1.364243e+02 -5.557574e+01  0.000000e+00
     vertex  1.364243e+02 -5.557574e+01  1.510000e+00
   endloop
 endfacet
 facet normal -3.826834e-01 -9.238795e-01  0.000000e+00
   outer loop
     vertex  1.361553e+02 -5.542044e+01  0.000000e+00
     vertex  1.363000e+02 -5.548038e+01  1.510000e+00
     vertex  1.361553e+02 -5.542044e+01  1.510000e+00
   endloop
 endfacet
 facet normal -3.826834e-01 -9.238795e-01  0.000000e+00
   outer loop
     vertex  1.361553e+02 -5.542044e+01  0.000000e+00
     vertex  1.363000e+02 -5.548038e+01  0.000000e+00
     vertex  1.363000e+02 -5.548038e+01  1.510000e+00
   endloop
 endfacet
 facet normal -1.305262e-01 -9.914449e-01  0.000000e+00
   outer loop
     vertex  1.360000e+02 -5.540000e+01  0.000000e+00
     vertex  1.361553e+02 -5.542044e+01  1.510000e+00
     vertex  1.360000e+02 -5.540000e+01  1.510000e+00
   endloop
 endfacet
 facet normal -1.305262e-01 -9.914449e-01  0.000000e+00
   outer loop
     vertex  1.360000e+02 -5.540000e+01  0.000000e+00
     vertex  1.361553e+02 -5.542044e+01  0.000000e+00
     vertex  1.361553e+02 -5.542044e+01  1.510000e+00
   endloop
 endfacet
 facet normal  1.305262e-01 -9.914449e-01  0.000000e+00
   outer loop
     vertex  1.358447e+02 -5.542044e+01  0.000000e+00
     vertex  1.360000e+02 -5.540000e+01  1.510000e+00
     vertex  1.358447e+02 -5.542044e+01  1.510000e+00
   endloop
 endfacet
 facet normal  1.305262e-01 -9.914449e-01  0.000000e+00
   outer loop
     vertex  1.358447e+02 -5.542044e+01  0.000000e+00
     vertex  1.360000e+02 -5.540000e+01  0.000000e+00
     vertex  1.360000e+02 -5.540000e+01  1.510000e+00
   endloop
 endfacet
 facet normal  3.826834e-01 -9.238795e-01  0.000000e+00
   outer loop
     vertex  1.357000e+02 -5.548038e+01  0.000000e+00
     vertex  1.358447e+02 -5.542044e+01  0.000000e+00
     vertex  1.358447e+02 -5.542044e+01  1.510000e+00
   endloop
 endfacet
 facet normal  3.826834e-01 -9.238795e-01  0.000000e+00
   outer loop
     vertex  1.357000e+02 -5.548038e+01  0.000000e+00
     vertex  1.358447e+02 -5.542044e+01  1.510000e+00
     vertex  1.357000e+02 -5.548038e+01  1.510000e+00
   endloop
 endfacet
 facet normal  6.087614e-01 -7.933533e-01  0.000000e+00
   outer loop
     vertex  1.355757e+02 -5.557574e+01  0.000000e+00
     vertex  1.357000e+02 -5.548038e+01  0.000000e+00
     vertex  1.357000e+02 -5.548038e+01  1.510000e+00
   endloop
 endfacet
 facet normal  7.933533e-01 -6.087614e-01  0.000000e+00
   outer loop
     vertex  1.355757e+02 -5.557574e+01  0.000000e+00
     vertex  1.355757e+02 -5.557574e+01  1.510000e+00
     vertex  1.354804e+02 -5.570000e+01  1.510000e+00
   endloop
 endfacet
 facet normal  6.087614e-01 -7.933533e-01  0.000000e+00
   outer loop
     vertex  1.355757e+02 -5.557574e+01  0.000000e+00
     vertex  1.357000e+02 -5.548038e+01  1.510000e+00
     vertex  1.355757e+02 -5.557574e+01  1.510000e+00
   endloop
 endfacet
 facet normal  7.933533e-01 -6.087614e-01  0.000000e+00
   outer loop
     vertex  1.354804e+02 -5.570000e+01  0.000000e+00
     vertex  1.355757e+02 -5.557574e+01  0.000000e+00
     vertex  1.354804e+02 -5.570000e+01  1.510000e+00
   endloop
 endfacet
 facet normal  9.238795e-01 -3.826834e-01  0.000000e+00
   outer loop
     vertex  1.354804e+02 -5.570000e+01  0.000000e+00
     vertex  1.354804e+02 -5.570000e+01  1.510000e+00
     vertex  1.354204e+02 -5.584471e+01  1.510000e+00
   endloop
 endfacet
 facet normal  9.238795e-01 -3.826834e-01  0.000000e+00
   outer loop
     vertex  1.354204e+02 -5.584471e+01  0.000000e+00
     vertex  1.354804e+02 -5.570000e+01  0.000000e+00
     vertex  1.354204e+02 -5.584471e+01  1.510000e+00
   endloop
 endfacet
 facet normal  9.914449e-01 -1.305262e-01  0.000000e+00
   outer loop
     vertex  1.354000e+02 -5.600000e+01  0.000000e+00
     vertex  1.354204e+02 -5.584471e+01  0.000000e+00
     vertex  1.354204e+02 -5.584471e+01  1.510000e+00
   endloop
 endfacet
 facet normal  9.914449e-01 -1.305262e-01  0.000000e+00
   outer loop
     vertex  1.354000e+02 -5.600000e+01  0.000000e+00
     vertex  1.354204e+02 -5.584471e+01  1.510000e+00
     vertex  1.354000e+02 -5.600000e+01  1.510000e+00
   endloop
 endfacet
 facet normal  9.914449e-01  1.305262e-01 -0.000000e+00
   outer loop
     vertex  1.354204e+02 -5.615529e+01  0.000000e+00
     vertex  1.354000e+02 -5.600000e+01  1.510000e+00
     vertex  1.354204e+02 -5.615529e+01  1.510000e+00
   endloop
 endfacet
 facet normal  9.914449e-01  1.305262e-01  0.000000e+00
   outer loop
     vertex  1.354204e+02 -5.615529e+01  0.000000e+00
     vertex  1.354000e+02 -5.600000e+01  0.000000e+00
     vertex  1.354000e+02 -5.600000e+01  1.510000e+00
   endloop
 endfacet
 facet normal  9.238795e-01  3.826834e-01 -0.000000e+00
   outer loop
     vertex  1.354804e+02 -5.630000e+01  0.000000e+00
     vertex  1.354204e+02 -5.615529e+01  1.510000e+00
     vertex  1.354804e+02 -5.630000e+01  1.510000e+00
   endloop
 endfacet
 facet normal  9.238795e-01  3.826834e-01  0.000000e+00
   outer loop
     vertex  1.354804e+02 -5.630000e+01  0.000000e+00
     vertex  1.354204e+02 -5.615529e+01  0.000000e+00
     vertex  1.354204e+02 -5.615529e+01  1.510000e+00
   endloop
 endfacet
 facet normal  6.087614e-01  7.933533e-01 -0.000000e+00
   outer loop
     vertex  1.355757e+02 -5.642426e+01  0.000000e+00
     vertex  1.355757e+02 -5.642426e+01  1.510000e+00
     vertex  1.357000e+02 -5.651962e+01  1.510000e+00
   endloop
 endfacet
 facet normal  7.933533e-01  6.087614e-01 -0.000000e+00
   outer loop
     vertex  1.355757e+02 -5.642426e+01  0.000000e+00
     vertex  1.354804e+02 -5.630000e+01  1.510000e+00
     vertex  1.355757e+02 -5.642426e+01  1.510000e+00
   endloop
 endfacet
 facet normal  7.933533e-01  6.087614e-01  0.000000e+00
   outer loop
     vertex  1.355757e+02 -5.642426e+01  0.000000e+00
     vertex  1.354804e+02 -5.630000e+01  0.000000e+00
     vertex  1.354804e+02 -5.630000e+01  1.510000e+00
   endloop
 endfacet
 facet normal  6.087614e-01  7.933533e-01 -0.000000e+00
   outer loop
     vertex  1.357000e+02 -5.651962e+01  0.000000e+00
     vertex  1.355757e+02 -5.642426e+01  0.000000e+00
     vertex  1.357000e+02 -5.651962e+01  1.510000e+00
   endloop
 endfacet
 facet normal  3.826834e-01  9.238795e-01 -0.000000e+00
   outer loop
     vertex  1.358447e+02 -5.657956e+01  0.000000e+00
     vertex  1.357000e+02 -5.651962e+01  1.510000e+00
     vertex  1.358447e+02 -5.657956e+01  1.510000e+00
   endloop
 endfacet
 facet normal  3.826834e-01  9.238795e-01  0.000000e+00
   outer loop
     vertex  1.358447e+02 -5.657956e+01  0.000000e+00
     vertex  1.357000e+02 -5.651962e+01  0.000000e+00
     vertex  1.357000e+02 -5.651962e+01  1.510000e+00
   endloop
 endfacet
 facet normal  1.305262e-01  9.914449e-01 -0.000000e+00
   outer loop
     vertex  1.360000e+02 -5.660000e+01  0.000000e+00
     vertex  1.358447e+02 -5.657956e+01  1.510000e+00
     vertex  1.360000e+02 -5.660000e+01  1.510000e+00
   endloop
 endfacet
 facet normal  1.305262e-01  9.914449e-01  0.000000e+00
   outer loop
     vertex  1.360000e+02 -5.660000e+01  0.000000e+00
     vertex  1.358447e+02 -5.657956e+01  0.000000e+00
     vertex  1.358447e+02 -5.657956e+01  1.510000e+00
   endloop
 endfacet
 facet normal -1.305262e-01  9.914449e-01  0.000000e+00
   outer loop
     vertex  1.361553e+02 -5.477956e+01  0.000000e+00
     vertex  1.360000e+02 -5.480000e+01  0.000000e+00
     vertex  1.360000e+02 -5.480000e+01  1.510000e+00
   endloop
 endfacet
 facet normal -1.305262e-01  9.914449e-01  0.000000e+00
   outer loop
     vertex  1.361553e+02 -5.477956e+01  0.000000e+00
     vertex  1.360000e+02 -5.480000e+01  1.510000e+00
     vertex  1.361553e+02 -5.477956e+01  1.510000e+00
   endloop
 endfacet
 facet normal -3.826834e-01  9.238795e-01  0.000000e+00
   outer loop
     vertex  1.363000e+02 -5.471962e+01  0.000000e+00
     vertex  1.361553e+02 -5.477956e+01  1.510000e+00
     vertex  1.363000e+02 -5.471962e+01  1.510000e+00
   endloop
 endfacet
 facet normal -3.826834e-01  9.238795e-01  0.000000e+00
   outer loop
     vertex  1.363000e+02 -5.471962e+01  0.000000e+00
     vertex  1.361553e+02 -5.477956e+01  0.000000e+00
     vertex  1.361553e+02 -5.477956e+01  1.510000e+00
   endloop
 endfacet
 facet normal -6.087614e-01  7.933533e-01  0.000000e+00
   outer loop
     vertex  1.364243e+02 -5.462426e+01  0.000000e+00
     vertex  1.363000e+02 -5.471962e+01  1.510000e+00
     vertex  1.364243e+02 -5.462426e+01  1.510000e+00
   endloop
 endfacet
 facet normal -6.087614e-01  7.933533e-01  0.000000e+00
   outer loop
     vertex  1.364243e+02 -5.462426e+01  0.000000e+00
     vertex  1.363000e+02 -5.471962e+01  0.000000e+00
     vertex  1.363000e+02 -5.471962e+01  1.510000e+00
   endloop
 endfacet
 facet normal -7.933533e-01  6.087614e-01  0.000000e+00
   outer loop
     vertex  1.365196e+02 -5.450000e+01  0.000000e+00
     vertex  1.364243e+02 -5.462426e+01  1.510000e+00
     vertex  1.365196e+02 -5.450000e+01  1.510000e+00
   endloop
 endfacet
 facet normal -7.933533e-01  6.087614e-01  0.000000e+00
   outer loop
     vertex  1.365196e+02 -5.450000e+01  0.000000e+00
     vertex  1.364243e+02 -5.462426e+01  0.000000e+00
     vertex  1.364243e+02 -5.462426e+01  1.510000e+00
   endloop
 endfacet
 facet normal -9.238795e-01  3.826834e-01  0.000000e+00
   outer loop
     vertex  1.365796e+02 -5.435529e+01  0.000000e+00
     vertex  1.365196e+02 -5.450000e+01  1.510000e+00
     vertex  1.365796e+02 -5.435529e+01  1.510000e+00
   endloop
 endfacet
 facet normal -9.238795e-01  3.826834e-01  0.000000e+00
   outer loop
     vertex  1.365796e+02 -5.435529e+01  0.000000e+00
     vertex  1.365196e+02 -5.450000e+01  0.000000e+00
     vertex  1.365196e+02 -5.450000e+01  1.510000e+00
   endloop
 endfacet
 facet normal -9.914449e-01  1.305262e-01  0.000000e+00
   outer loop
     vertex  1.366000e+02 -5.420000e+01  0.000000e+00
     vertex  1.365796e+02 -5.435529e+01  1.510000e+00
     vertex  1.366000e+02 -5.420000e+01  1.510000e+00
   endloop
 endfacet
 facet normal -9.914449e-01  1.305262e-01  0.000000e+00
   outer loop
     vertex  1.366000e+02 -5.420000e+01  0.000000e+00
     vertex  1.365796e+02 -5.435529e+01  0.000000e+00
     vertex  1.365796e+02 -5.435529e+01  1.510000e+00
   endloop
 endfacet
 facet normal -9.914449e-01 -1.305262e-01  0.000000e+00
   outer loop
     vertex  1.365796e+02 -5.404471e+01  0.000000e+00
     vertex  1.366000e+02 -5.420000e+01  1.510000e+00
     vertex  1.365796e+02 -5.404471e+01  1.510000e+00
   endloop
 endfacet
 facet normal -9.914449e-01 -1.305262e-01  0.000000e+00
   outer loop
     vertex  1.365796e+02 -5.404471e+01  0.000000e+00
     vertex  1.366000e+02 -5.420000e+01  0.000000e+00
     vertex  1.366000e+02 -5.420000e+01  1.510000e+00
   endloop
 endfacet
 facet normal -9.238795e-01 -3.826834e-01  0.000000e+00
   outer loop
     vertex  1.365196e+02 -5.390000e+01  0.000000e+00
     vertex  1.365796e+02 -5.404471e+01  1.510000e+00
     vertex  1.365196e+02 -5.390000e+01  1.510000e+00
   endloop
 endfacet
 facet normal -9.238795e-01 -3.826834e-01  0.000000e+00
   outer loop
     vertex  1.365196e+02 -5.390000e+01  0.000000e+00
     vertex  1.365796e+02 -5.404471e+01  0.000000e+00
     vertex  1.365796e+02 -5.404471e+01  1.510000e+00
   endloop
 endfacet
 facet normal -7.933533e-01 -6.087614e-01  0.000000e+00
   outer loop
     vertex  1.364243e+02 -5.377574e+01  0.000000e+00
     vertex  1.365196e+02 -5.390000e+01  1.510000e+00
     vertex  1.364243e+02 -5.377574e+01  1.510000e+00
   endloop
 endfacet
 facet normal -7.933533e-01 -6.087614e-01  0.000000e+00
   outer loop
     vertex  1.364243e+02 -5.377574e+01  0.000000e+00
     vertex  1.365196e+02 -5.390000e+01  0.000000e+00
     vertex  1.365196e+02 -5.390000e+01  1.510000e+00
   endloop
 endfacet
 facet normal -6.087614e-01 -7.933533e-01  0.000000e+00
   outer loop
     vertex  1.363000e+02 -5.368038e+01  0.000000e+00
     vertex  1.364243e+02 -5.377574e+01  1.510000e+00
     vertex  1.363000e+02 -5.368038e+01  1.510000e+00
   endloop
 endfacet
 facet normal -6.087614e-01 -7.933533e-01  0.000000e+00
   outer loop
     vertex  1.363000e+02 -5.368038e+01  0.000000e+00
     vertex  1.364243e+02 -5.377574e+01  0.000000e+00
     vertex  1.364243e+02 -5.377574e+01  1.510000e+00
   endloop
 endfacet
 facet normal -3.826834e-01 -9.238795e-01  0.000000e+00
   outer loop
     vertex  1.361553e+02 -5.362044e+01  0.000000e+00
     vertex  1.363000e+02 -5.368038e+01  1.510000e+00
     vertex  1.361553e+02 -5.362044e+01  1.510000e+00
   endloop
 endfacet
 facet normal -3.826834e-01 -9.238795e-01  0.000000e+00
   outer loop
     vertex  1.361553e+02 -5.362044e+01  0.000000e+00
     vertex  1.363000e+02 -5.368038e+01  0.000000e+00
     vertex  1.363000e+02 -5.368038e+01  1.510000e+00
   endloop
 endfacet
 facet normal -1.305262e-01 -9.914449e-01  0.000000e+00
   outer loop
     vertex  1.360000e+02 -5.360000e+01  0.000000e+00
     vertex  1.361553e+02 -5.362044e+01  1.510000e+00
     vertex  1.360000e+02 -5.360000e+01  1.510000e+00
   endloop
 endfacet
 facet normal -1.305262e-01 -9.914449e-01  0.000000e+00
   outer loop
     vertex  1.360000e+02 -5.360000e+01  0.000000e+00
     vertex  1.361553e+02 -5.362044e+01  0.000000e+00
     vertex  1.361553e+02 -5.362044e+01  1.510000e+00
   endloop
 endfacet
 facet normal  1.305262e-01 -9.914449e-01  0.000000e+00
   outer loop
     vertex  1.358447e+02 -5.362044e+01  0.000000e+00
     vertex  1.360000e+02 -5.360000e+01  1.510000e+00
     vertex  1.358447e+02 -5.362044e+01  1.510000e+00
   endloop
 endfacet
 facet normal  1.305262e-01 -9.914449e-01  0.000000e+00
   outer loop
     vertex  1.358447e+02 -5.362044e+01  0.000000e+00
     vertex  1.360000e+02 -5.360000e+01  0.000000e+00
     vertex  1.360000e+02 -5.360000e+01  1.510000e+00
   endloop
 endfacet
 facet normal  3.826834e-01 -9.238795e-01  0.000000e+00
   outer loop
     vertex  1.357000e+02 -5.368038e+01  0.000000e+00
     vertex  1.358447e+02 -5.362044e+01  0.000000e+00
     vertex  1.358447e+02 -5.362044e+01  1.510000e+00
   endloop
 endfacet
 facet normal  3.826834e-01 -9.238795e-01  0.000000e+00
   outer loop
     vertex  1.357000e+02 -5.368038e+01  0.000000e+00
     vertex  1.358447e+02 -5.362044e+01  1.510000e+00
     vertex  1.357000e+02 -5.368038e+01  1.510000e+00
   endloop
 endfacet
 facet normal  6.087614e-01 -7.933533e-01  0.000000e+00
   outer loop
     vertex  1.355757e+02 -5.377574e+01  0.000000e+00
     vertex  1.357000e+02 -5.368038e+01  0.000000e+00
     vertex  1.357000e+02 -5.368038e+01  1.510000e+00
   endloop
 endfacet
 facet normal  7.933533e-01 -6.087614e-01  0.000000e+00
   outer loop
     vertex  1.355757e+02 -5.377574e+01  0.000000e+00
     vertex  1.355757e+02 -5.377574e+01  1.510000e+00
     vertex  1.354804e+02 -5.390000e+01  1.510000e+00
   endloop
 endfacet
 facet normal  6.087614e-01 -7.933533e-01  0.000000e+00
   outer loop
     vertex  1.355757e+02 -5.377574e+01  0.000000e+00
     vertex  1.357000e+02 -5.368038e+01  1.510000e+00
     vertex  1.355757e+02 -5.377574e+01  1.510000e+00
   endloop
 endfacet
 facet normal  7.933533e-01 -6.087614e-01  0.000000e+00
   outer loop
     vertex  1.354804e+02 -5.390000e+01  0.000000e+00
     vertex  1.355757e+02 -5.377574e+01  0.000000e+00
     vertex  1.354804e+02 -5.390000e+01  1.510000e+00
   endloop
 endfacet
 facet normal  9.238795e-01 -3.826834e-01  0.000000e+00
   outer loop
     vertex  1.354804e+02 -5.390000e+01  0.000000e+00
     vertex  1.354804e+02 -5.390000e+01  1.510000e+00
     vertex  1.354204e+02 -5.404471e+01  1.510000e+00
   endloop
 endfacet
 facet normal  9.238795e-01 -3.826834e-01  0.000000e+00
   outer loop
     vertex  1.354204e+02 -5.404471e+01  0.000000e+00
     vertex  1.354804e+02 -5.390000e+01  0.000000e+00
     vertex  1.354204e+02 -5.404471e+01  1.510000e+00
   endloop
 endfacet
 facet normal  9.914449e-01 -1.305262e-01  0.000000e+00
   outer loop
     vertex  1.354000e+02 -5.420000e+01  0.000000e+00
     vertex  1.354204e+02 -5.404471e+01  0.000000e+00
     vertex  1.354204e+02 -5.404471e+01  1.510000e+00
   endloop
 endfacet
 facet normal  9.914449e-01 -1.305262e-01  0.000000e+00
   outer loop
     vertex  1.354000e+02 -5.420000e+01  0.000000e+00
     vertex  1.354204e+02 -5.404471e+01  1.510000e+00
     vertex  1.354000e+02 -5.420000e+01  1.510000e+00
   endloop
 endfacet
 facet normal  9.914449e-01  1.305262e-01 -0.000000e+00
   outer loop
     vertex  1.354204e+02 -5.435529e+01  0.000000e+00
     vertex  1.354000e+02 -5.420000e+01  1.510000e+00
     vertex  1.354204e+02 -5.435529e+01  1.510000e+00
   endloop
 endfacet
 facet normal  9.914449e-01  1.305262e-01  0.000000e+00
   outer loop
     vertex  1.354204e+02 -5.435529e+01  0.000000e+00
     vertex  1.354000e+02 -5.420000e+01  0.000000e+00
     vertex  1.354000e+02 -5.420000e+01  1.510000e+00
   endloop
 endfacet
 facet normal  9.238795e-01  3.826834e-01 -0.000000e+00
   outer loop
     vertex  1.354804e+02 -5.450000e+01  0.000000e+00
     vertex  1.354204e+02 -5.435529e+01  1.510000e+00
     vertex  1.354804e+02 -5.450000e+01  1.510000e+00
   endloop
 endfacet
 facet normal  9.238795e-01  3.826834e-01  0.000000e+00
   outer loop
     vertex  1.354804e+02 -5.450000e+01  0.000000e+00
     vertex  1.354204e+02 -5.435529e+01  0.000000e+00
     vertex  1.354204e+02 -5.435529e+01  1.510000e+00
   endloop
 endfacet
 facet normal  6.087614e-01  7.933533e-01 -0.000000e+00
   outer loop
     vertex  1.355757e+02 -5.462426e+01  0.000000e+00
     vertex  1.355757e+02 -5.462426e+01  1.510000e+00
     vertex  1.357000e+02 -5.471962e+01  1.510000e+00
   endloop
 endfacet
 facet normal  7.933533e-01  6.087614e-01 -0.000000e+00
   outer loop
     vertex  1.355757e+02 -5.462426e+01  0.000000e+00
     vertex  1.354804e+02 -5.450000e+01  1.510000e+00
     vertex  1.355757e+02 -5.462426e+01  1.510000e+00
   endloop
 endfacet
 facet normal  7.933533e-01  6.087614e-01  0.000000e+00
   outer loop
     vertex  1.355757e+02 -5.462426e+01  0.000000e+00
     vertex  1.354804e+02 -5.450000e+01  0.000000e+00
     vertex  1.354804e+02 -5.450000e+01  1.510000e+00
   endloop
 endfacet
 facet normal  6.087614e-01  7.933533e-01 -0.000000e+00
   outer loop
     vertex  1.357000e+02 -5.471962e+01  0.000000e+00
     vertex  1.355757e+02 -5.462426e+01  0.000000e+00
     vertex  1.357000e+02 -5.471962e+01  1.510000e+00
   endloop
 endfacet
 facet normal  3.826834e-01  9.238795e-01 -0.000000e+00
   outer loop
     vertex  1.358447e+02 -5.477956e+01  0.000000e+00
     vertex  1.357000e+02 -5.471962e+01  1.510000e+00
     vertex  1.358447e+02 -5.477956e+01  1.510000e+00
   endloop
 endfacet
 facet normal  3.826834e-01  9.238795e-01  0.000000e+00
   outer loop
     vertex  1.358447e+02 -5.477956e+01  0.000000e+00
     vertex  1.357000e+02 -5.471962e+01  0.000000e+00
     vertex  1.357000e+02 -5.471962e+01  1.510000e+00
   endloop
 endfacet
 facet normal  1.305262e-01  9.914449e-01 -0.000000e+00
   outer loop
     vertex  1.360000e+02 -5.480000e+01  0.000000e+00
     vertex  1.358447e+02 -5.477956e+01  1.510000e+00
     vertex  1.360000e+02 -5.480000e+01  1.510000e+00
   endloop
 endfacet
 facet normal  1.305262e-01  9.914449e-01  0.000000e+00
   outer loop
     vertex  1.360000e+02 -5.480000e+01  0.000000e+00
     vertex  1.358447e+02 -5.477956e+01  0.000000e+00
     vertex  1.358447e+02 -5.477956e+01  1.510000e+00
   endloop
 endfacet
 facet normal -1.305262e-01  9.914449e-01  0.000000e+00
   outer loop
     vertex  1.361553e+02 -5.297956e+01  0.000000e+00
     vertex  1.360000e+02 -5.300000e+01  0.000000e+00
     vertex  1.360000e+02 -5.300000e+01  1.510000e+00
   endloop
 endfacet
 facet normal -1.305262e-01  9.914449e-01  0.000000e+00
   outer loop
     vertex  1.361553e+02 -5.297956e+01  0.000000e+00
     vertex  1.360000e+02 -5.300000e+01  1.510000e+00
     vertex  1.361553e+02 -5.297956e+01  1.510000e+00
   endloop
 endfacet
 facet normal -3.826834e-01  9.238795e-01  0.000000e+00
   outer loop
     vertex  1.363000e+02 -5.291962e+01  0.000000e+00
     vertex  1.361553e+02 -5.297956e+01  1.510000e+00
     vertex  1.363000e+02 -5.291962e+01  1.510000e+00
   endloop
 endfacet
 facet normal -3.826834e-01  9.238795e-01  0.000000e+00
   outer loop
     vertex  1.363000e+02 -5.291962e+01  0.000000e+00
     vertex  1.361553e+02 -5.297956e+01  0.000000e+00
     vertex  1.361553e+02 -5.297956e+01  1.510000e+00
   endloop
 endfacet
 facet normal -6.087614e-01  7.933533e-01  0.000000e+00
   outer loop
     vertex  1.364243e+02 -5.282426e+01  0.000000e+00
     vertex  1.363000e+02 -5.291962e+01  1.510000e+00
     vertex  1.364243e+02 -5.282426e+01  1.510000e+00
   endloop
 endfacet
 facet normal -6.087614e-01  7.933533e-01  0.000000e+00
   outer loop
     vertex  1.364243e+02 -5.282426e+01  0.000000e+00
     vertex  1.363000e+02 -5.291962e+01  0.000000e+00
     vertex  1.363000e+02 -5.291962e+01  1.510000e+00
   endloop
 endfacet
 facet normal -7.933533e-01  6.087614e-01  0.000000e+00
   outer loop
     vertex  1.365196e+02 -5.270000e+01  0.000000e+00
     vertex  1.364243e+02 -5.282426e+01  1.510000e+00
     vertex  1.365196e+02 -5.270000e+01  1.510000e+00
   endloop
 endfacet
 facet normal -7.933533e-01  6.087614e-01  0.000000e+00
   outer loop
     vertex  1.365196e+02 -5.270000e+01  0.000000e+00
     vertex  1.364243e+02 -5.282426e+01  0.000000e+00
     vertex  1.364243e+02 -5.282426e+01  1.510000e+00
   endloop
 endfacet
 facet normal -9.238795e-01  3.826834e-01  0.000000e+00
   outer loop
     vertex  1.365796e+02 -5.255529e+01  0.000000e+00
     vertex  1.365196e+02 -5.270000e+01  1.510000e+00
     vertex  1.365796e+02 -5.255529e+01  1.510000e+00
   endloop
 endfacet
 facet normal -9.238795e-01  3.826834e-01  0.000000e+00
   outer loop
     vertex  1.365796e+02 -5.255529e+01  0.000000e+00
     vertex  1.365196e+02 -5.270000e+01  0.000000e+00
     vertex  1.365196e+02 -5.270000e+01  1.510000e+00
   endloop
 endfacet
 facet normal -9.914449e-01  1.305262e-01  0.000000e+00
   outer loop
     vertex  1.366000e+02 -5.240000e+01  0.000000e+00
     vertex  1.365796e+02 -5.255529e+01  1.510000e+00
     vertex  1.366000e+02 -5.240000e+01  1.510000e+00
   endloop
 endfacet
 facet normal -9.914449e-01  1.305262e-01  0.000000e+00
   outer loop
     vertex  1.366000e+02 -5.240000e+01  0.000000e+00
     vertex  1.365796e+02 -5.255529e+01  0.000000e+00
     vertex  1.365796e+02 -5.255529e+01  1.510000e+00
   endloop
 endfacet
 facet normal -9.914449e-01 -1.305262e-01  0.000000e+00
   outer loop
     vertex  1.365796e+02 -5.224471e+01  0.000000e+00
     vertex  1.366000e+02 -5.240000e+01  1.510000e+00
     vertex  1.365796e+02 -5.224471e+01  1.510000e+00
   endloop
 endfacet
 facet normal -9.914449e-01 -1.305262e-01  0.000000e+00
   outer loop
     vertex  1.365796e+02 -5.224471e+01  0.000000e+00
     vertex  1.366000e+02 -5.240000e+01  0.000000e+00
     vertex  1.366000e+02 -5.240000e+01  1.510000e+00
   endloop
 endfacet
 facet normal -9.238795e-01 -3.826834e-01  0.000000e+00
   outer loop
     vertex  1.365196e+02 -5.210000e+01  0.000000e+00
     vertex  1.365796e+02 -5.224471e+01  1.510000e+00
     vertex  1.365196e+02 -5.210000e+01  1.510000e+00
   endloop
 endfacet
 facet normal -9.238795e-01 -3.826834e-01  0.000000e+00
   outer loop
     vertex  1.365196e+02 -5.210000e+01  0.000000e+00
     vertex  1.365796e+02 -5.224471e+01  0.000000e+00
     vertex  1.365796e+02 -5.224471e+01  1.510000e+00
   endloop
 endfacet
 facet normal -7.933533e-01 -6.087614e-01  0.000000e+00
   outer loop
     vertex  1.364243e+02 -5.197574e+01  0.000000e+00
     vertex  1.365196e+02 -5.210000e+01  1.510000e+00
     vertex  1.364243e+02 -5.197574e+01  1.510000e+00
   endloop
 endfacet
 facet normal -7.933533e-01 -6.087614e-01  0.000000e+00
   outer loop
     vertex  1.364243e+02 -5.197574e+01  0.000000e+00
     vertex  1.365196e+02 -5.210000e+01  0.000000e+00
     vertex  1.365196e+02 -5.210000e+01  1.510000e+00
   endloop
 endfacet
 facet normal -6.087614e-01 -7.933533e-01  0.000000e+00
   outer loop
     vertex  1.363000e+02 -5.188038e+01  0.000000e+00
     vertex  1.364243e+02 -5.197574e+01  1.510000e+00
     vertex  1.363000e+02 -5.188038e+01  1.510000e+00
   endloop
 endfacet
 facet normal -6.087614e-01 -7.933533e-01  0.000000e+00
   outer loop
     vertex  1.363000e+02 -5.188038e+01  0.000000e+00
     vertex  1.364243e+02 -5.197574e+01  0.000000e+00
     vertex  1.364243e+02 -5.197574e+01  1.510000e+00
   endloop
 endfacet
 facet normal -3.826834e-01 -9.238795e-01  0.000000e+00
   outer loop
     vertex  1.361553e+02 -5.182044e+01  0.000000e+00
     vertex  1.363000e+02 -5.188038e+01  1.510000e+00
     vertex  1.361553e+02 -5.182044e+01  1.510000e+00
   endloop
 endfacet
 facet normal -3.826834e-01 -9.238795e-01  0.000000e+00
   outer loop
     vertex  1.361553e+02 -5.182044e+01  0.000000e+00
     vertex  1.363000e+02 -5.188038e+01  0.000000e+00
     vertex  1.363000e+02 -5.188038e+01  1.510000e+00
   endloop
 endfacet
 facet normal -1.305262e-01 -9.914449e-01  0.000000e+00
   outer loop
     vertex  1.360000e+02 -5.180000e+01  0.000000e+00
     vertex  1.361553e+02 -5.182044e+01  1.510000e+00
     vertex  1.360000e+02 -5.180000e+01  1.510000e+00
   endloop
 endfacet
 facet normal -1.305262e-01 -9.914449e-01  0.000000e+00
   outer loop
     vertex  1.360000e+02 -5.180000e+01  0.000000e+00
     vertex  1.361553e+02 -5.182044e+01  0.000000e+00
     vertex  1.361553e+02 -5.182044e+01  1.510000e+00
   endloop
 endfacet
 facet normal  1.305262e-01 -9.914449e-01  0.000000e+00
   outer loop
     vertex  1.358447e+02 -5.182044e+01  0.000000e+00
     vertex  1.360000e+02 -5.180000e+01  1.510000e+00
     vertex  1.358447e+02 -5.182044e+01  1.510000e+00
   endloop
 endfacet
 facet normal  1.305262e-01 -9.914449e-01  0.000000e+00
   outer loop
     vertex  1.358447e+02 -5.182044e+01  0.000000e+00
     vertex  1.360000e+02 -5.180000e+01  0.000000e+00
     vertex  1.360000e+02 -5.180000e+01  1.510000e+00
   endloop
 endfacet
 facet normal  3.826834e-01 -9.238795e-01  0.000000e+00
   outer loop
     vertex  1.357000e+02 -5.188038e+01  0.000000e+00
     vertex  1.358447e+02 -5.182044e+01  0.000000e+00
     vertex  1.358447e+02 -5.182044e+01  1.510000e+00
   endloop
 endfacet
 facet normal  3.826834e-01 -9.238795e-01  0.000000e+00
   outer loop
     vertex  1.357000e+02 -5.188038e+01  0.000000e+00
     vertex  1.358447e+02 -5.182044e+01  1.510000e+00
     vertex  1.357000e+02 -5.188038e+01  1.510000e+00
   endloop
 endfacet
 facet normal  6.087614e-01 -7.933533e-01  0.000000e+00
   outer loop
     vertex  1.355757e+02 -5.197574e+01  0.000000e+00
     vertex  1.357000e+02 -5.188038e+01  0.000000e+00
     vertex  1.357000e+02 -5.188038e+01  1.510000e+00
   endloop
 endfacet
 facet normal  7.933533e-01 -6.087614e-01  0.000000e+00
   outer loop
     vertex  1.355757e+02 -5.197574e+01  0.000000e+00
     vertex  1.355757e+02 -5.197574e+01  1.510000e+00
     vertex  1.354804e+02 -5.210000e+01  1.510000e+00
   endloop
 endfacet
 facet normal  6.087614e-01 -7.933533e-01  0.000000e+00
   outer loop
     vertex  1.355757e+02 -5.197574e+01  0.000000e+00
     vertex  1.357000e+02 -5.188038e+01  1.510000e+00
     vertex  1.355757e+02 -5.197574e+01  1.510000e+00
   endloop
 endfacet
 facet normal  7.933533e-01 -6.087614e-01  0.000000e+00
   outer loop
     vertex  1.354804e+02 -5.210000e+01  0.000000e+00
     vertex  1.355757e+02 -5.197574e+01  0.000000e+00
     vertex  1.354804e+02 -5.210000e+01  1.510000e+00
   endloop
 endfacet
 facet normal  9.238795e-01 -3.826834e-01  0.000000e+00
   outer loop
     vertex  1.354804e+02 -5.210000e+01  0.000000e+00
     vertex  1.354804e+02 -5.210000e+01  1.510000e+00
     vertex  1.354204e+02 -5.224471e+01  1.510000e+00
   endloop
 endfacet
 facet normal  9.238795e-01 -3.826834e-01  0.000000e+00
   outer loop
     vertex  1.354204e+02 -5.224471e+01  0.000000e+00
     vertex  1.354804e+02 -5.210000e+01  0.000000e+00
     vertex  1.354204e+02 -5.224471e+01  1.510000e+00
   endloop
 endfacet
 facet normal  9.914449e-01 -1.305262e-01  0.000000e+00
   outer loop
     vertex  1.354000e+02 -5.240000e+01  0.000000e+00
     vertex  1.354204e+02 -5.224471e+01  0.000000e+00
     vertex  1.354204e+02 -5.224471e+01  1.510000e+00
   endloop
 endfacet
 facet normal  9.914449e-01 -1.305262e-01  0.000000e+00
   outer loop
     vertex  1.354000e+02 -5.240000e+01  0.000000e+00
     vertex  1.354204e+02 -5.224471e+01  1.510000e+00
     vertex  1.354000e+02 -5.240000e+01  1.510000e+00
   endloop
 endfacet
 facet normal  9.914449e-01  1.305262e-01 -0.000000e+00
   outer loop
     vertex  1.354204e+02 -5.255529e+01  0.000000e+00
     vertex  1.354000e+02 -5.240000e+01  1.510000e+00
     vertex  1.354204e+02 -5.255529e+01  1.510000e+00
   endloop
 endfacet
 facet normal  9.914449e-01  1.305262e-01  0.000000e+00
   outer loop
     vertex  1.354204e+02 -5.255529e+01  0.000000e+00
     vertex  1.354000e+02 -5.240000e+01  0.000000e+00
     vertex  1.354000e+02 -5.240000e+01  1.510000e+00
   endloop
 endfacet
 facet normal  9.238795e-01  3.826834e-01 -0.000000e+00
   outer loop
     vertex  1.354804e+02 -5.270000e+01  0.000000e+00
     vertex  1.354204e+02 -5.255529e+01  1.510000e+00
     vertex  1.354804e+02 -5.270000e+01  1.510000e+00
   endloop
 endfacet
 facet normal  9.238795e-01  3.826834e-01  0.000000e+00
   outer loop
     vertex  1.354804e+02 -5.270000e+01  0.000000e+00
     vertex  1.354204e+02 -5.255529e+01  0.000000e+00
     vertex  1.354204e+02 -5.255529e+01  1.510000e+00
   endloop
 endfacet
 facet normal  6.087614e-01  7.933533e-01 -0.000000e+00
   outer loop
     vertex  1.355757e+02 -5.282426e+01  0.000000e+00
     vertex  1.355757e+02 -5.282426e+01  1.510000e+00
     vertex  1.357000e+02 -5.291962e+01  1.510000e+00
   endloop
 endfacet
 facet normal  7.933533e-01  6.087614e-01 -0.000000e+00
   outer loop
     vertex  1.355757e+02 -5.282426e+01  0.000000e+00
     vertex  1.354804e+02 -5.270000e+01  1.510000e+00
     vertex  1.355757e+02 -5.282426e+01  1.510000e+00
   endloop
 endfacet
 facet normal  7.933533e-01  6.087614e-01  0.000000e+00
   outer loop
     vertex  1.355757e+02 -5.282426e+01  0.000000e+00
     vertex  1.354804e+02 -5.270000e+01  0.000000e+00
     vertex  1.354804e+02 -5.270000e+01  1.510000e+00
   endloop
 endfacet
 facet normal  6.087614e-01  7.933533e-01 -0.000000e+00
   outer loop
     vertex  1.357000e+02 -5.291962e+01  0.000000e+00
     vertex  1.355757e+02 -5.282426e+01  0.000000e+00
     vertex  1.357000e+02 -5.291962e+01  1.510000e+00
   endloop
 endfacet
 facet normal  3.826834e-01  9.238795e-01 -0.000000e+00
   outer loop
     vertex  1.358447e+02 -5.297956e+01  0.000000e+00
     vertex  1.357000e+02 -5.291962e+01  1.510000e+00
     vertex  1.358447e+02 -5.297956e+01  1.510000e+00
   endloop
 endfacet
 facet normal  3.826834e-01  9.238795e-01  0.000000e+00
   outer loop
     vertex  1.358447e+02 -5.297956e+01  0.000000e+00
     vertex  1.357000e+02 -5.291962e+01  0.000000e+00
     vertex  1.357000e+02 -5.291962e+01  1.510000e+00
   endloop
 endfacet
 facet normal  1.305262e-01  9.914449e-01 -0.000000e+00
   outer loop
     vertex  1.360000e+02 -5.300000e+01  0.000000e+00
     vertex  1.358447e+02 -5.297956e+01  1.510000e+00
     vertex  1.360000e+02 -5.300000e+01  1.510000e+00
   endloop
 endfacet
 facet normal  1.305262e-01  9.914449e-01  0.000000e+00
   outer loop
     vertex  1.360000e+02 -5.300000e+01  0.000000e+00
     vertex  1.358447e+02 -5.297956e+01  0.000000e+00
     vertex  1.358447e+02 -5.297956e+01  1.510000e+00
   endloop
 endfacet
 facet normal -1.305262e-01  9.914449e-01  0.000000e+00
   outer loop
     vertex  1.641553e+02 -5.657956e+01  0.000000e+00
     vertex  1.640000e+02 -5.660000e+01  0.000000e+00
     vertex  1.640000e+02 -5.660000e+01  1.510000e+00
   endloop
 endfacet
 facet normal -1.305262e-01  9.914449e-01  0.000000e+00
   outer loop
     vertex  1.641553e+02 -5.657956e+01  0.000000e+00
     vertex  1.640000e+02 -5.660000e+01  1.510000e+00
     vertex  1.641553e+02 -5.657956e+01  1.510000e+00
   endloop
 endfacet
 facet normal -3.826834e-01  9.238795e-01  0.000000e+00
   outer loop
     vertex  1.643000e+02 -5.651962e+01  0.000000e+00
     vertex  1.641553e+02 -5.657956e+01  1.510000e+00
     vertex  1.643000e+02 -5.651962e+01  1.510000e+00
   endloop
 endfacet
 facet normal -3.826834e-01  9.238795e-01  0.000000e+00
   outer loop
     vertex  1.643000e+02 -5.651962e+01  0.000000e+00
     vertex  1.641553e+02 -5.657956e+01  0.000000e+00
     vertex  1.641553e+02 -5.657956e+01  1.510000e+00
   endloop
 endfacet
 facet normal -6.087614e-01  7.933533e-01  0.000000e+00
   outer loop
     vertex  1.644243e+02 -5.642426e+01  0.000000e+00
     vertex  1.643000e+02 -5.651962e+01  1.510000e+00
     vertex  1.644243e+02 -5.642426e+01  1.510000e+00
   endloop
 endfacet
 facet normal -6.087614e-01  7.933533e-01  0.000000e+00
   outer loop
     vertex  1.644243e+02 -5.642426e+01  0.000000e+00
     vertex  1.643000e+02 -5.651962e+01  0.000000e+00
     vertex  1.643000e+02 -5.651962e+01  1.510000e+00
   endloop
 endfacet
 facet normal -7.933533e-01  6.087614e-01  0.000000e+00
   outer loop
     vertex  1.645196e+02 -5.630000e+01  0.000000e+00
     vertex  1.644243e+02 -5.642426e+01  1.510000e+00
     vertex  1.645196e+02 -5.630000e+01  1.510000e+00
   endloop
 endfacet
 facet normal -7.933533e-01  6.087614e-01  0.000000e+00
   outer loop
     vertex  1.645196e+02 -5.630000e+01  0.000000e+00
     vertex  1.644243e+02 -5.642426e+01  0.000000e+00
     vertex  1.644243e+02 -5.642426e+01  1.510000e+00
   endloop
 endfacet
 facet normal -9.238795e-01  3.826834e-01  0.000000e+00
   outer loop
     vertex  1.645796e+02 -5.615529e+01  0.000000e+00
     vertex  1.645196e+02 -5.630000e+01  1.510000e+00
     vertex  1.645796e+02 -5.615529e+01  1.510000e+00
   endloop
 endfacet
 facet normal -9.238795e-01  3.826834e-01  0.000000e+00
   outer loop
     vertex  1.645796e+02 -5.615529e+01  0.000000e+00
     vertex  1.645196e+02 -5.630000e+01  0.000000e+00
     vertex  1.645196e+02 -5.630000e+01  1.510000e+00
   endloop
 endfacet
 facet normal -9.914449e-01  1.305262e-01  0.000000e+00
   outer loop
     vertex  1.646000e+02 -5.600000e+01  0.000000e+00
     vertex  1.645796e+02 -5.615529e+01  1.510000e+00
     vertex  1.646000e+02 -5.600000e+01  1.510000e+00
   endloop
 endfacet
 facet normal -9.914449e-01  1.305262e-01  0.000000e+00
   outer loop
     vertex  1.646000e+02 -5.600000e+01  0.000000e+00
     vertex  1.645796e+02 -5.615529e+01  0.000000e+00
     vertex  1.645796e+02 -5.615529e+01  1.510000e+00
   endloop
 endfacet
 facet normal -9.914449e-01 -1.305262e-01  0.000000e+00
   outer loop
     vertex  1.645796e+02 -5.584471e+01  0.000000e+00
     vertex  1.646000e+02 -5.600000e+01  1.510000e+00
     vertex  1.645796e+02 -5.584471e+01  1.510000e+00
   endloop
 endfacet
 facet normal -9.914449e-01 -1.305262e-01  0.000000e+00
   outer loop
     vertex  1.645796e+02 -5.584471e+01  0.000000e+00
     vertex  1.646000e+02 -5.600000e+01  0.000000e+00
     vertex  1.646000e+02 -5.600000e+01  1.510000e+00
   endloop
 endfacet
 facet normal -9.238795e-01 -3.826834e-01  0.000000e+00
   outer loop
     vertex  1.645196e+02 -5.570000e+01  0.000000e+00
     vertex  1.645796e+02 -5.584471e+01  1.510000e+00
     vertex  1.645196e+02 -5.570000e+01  1.510000e+00
   endloop
 endfacet
 facet normal -9.238795e-01 -3.826834e-01  0.000000e+00
   outer loop
     vertex  1.645196e+02 -5.570000e+01  0.000000e+00
     vertex  1.645796e+02 -5.584471e+01  0.000000e+00
     vertex  1.645796e+02 -5.584471e+01  1.510000e+00
   endloop
 endfacet
 facet normal -7.933533e-01 -6.087614e-01  0.000000e+00
   outer loop
     vertex  1.644243e+02 -5.557574e+01  0.000000e+00
     vertex  1.645196e+02 -5.570000e+01  1.510000e+00
     vertex  1.644243e+02 -5.557574e+01  1.510000e+00
   endloop
 endfacet
 facet normal -7.933533e-01 -6.087614e-01  0.000000e+00
   outer loop
     vertex  1.644243e+02 -5.557574e+01  0.000000e+00
     vertex  1.645196e+02 -5.570000e+01  0.000000e+00
     vertex  1.645196e+02 -5.570000e+01  1.510000e+00
   endloop
 endfacet
 facet normal -6.087614e-01 -7.933533e-01  0.000000e+00
   outer loop
     vertex  1.643000e+02 -5.548038e+01  0.000000e+00
     vertex  1.644243e+02 -5.557574e+01  1.510000e+00
     vertex  1.643000e+02 -5.548038e+01  1.510000e+00
   endloop
 endfacet
 facet normal -6.087614e-01 -7.933533e-01  0.000000e+00
   outer loop
     vertex  1.643000e+02 -5.548038e+01  0.000000e+00
     vertex  1.644243e+02 -5.557574e+01  0.000000e+00
     vertex  1.644243e+02 -5.557574e+01  1.510000e+00
   endloop
 endfacet
 facet normal -3.826834e-01 -9.238795e-01  0.000000e+00
   outer loop
     vertex  1.641553e+02 -5.542044e+01  0.000000e+00
     vertex  1.643000e+02 -5.548038e+01  1.510000e+00
     vertex  1.641553e+02 -5.542044e+01  1.510000e+00
   endloop
 endfacet
 facet normal -3.826834e-01 -9.238795e-01  0.000000e+00
   outer loop
     vertex  1.641553e+02 -5.542044e+01  0.000000e+00
     vertex  1.643000e+02 -5.548038e+01  0.000000e+00
     vertex  1.643000e+02 -5.548038e+01  1.510000e+00
   endloop
 endfacet
 facet normal -1.305262e-01 -9.914449e-01  0.000000e+00
   outer loop
     vertex  1.640000e+02 -5.540000e+01  0.000000e+00
     vertex  1.641553e+02 -5.542044e+01  1.510000e+00
     vertex  1.640000e+02 -5.540000e+01  1.510000e+00
   endloop
 endfacet
 facet normal -1.305262e-01 -9.914449e-01  0.000000e+00
   outer loop
     vertex  1.640000e+02 -5.540000e+01  0.000000e+00
     vertex  1.641553e+02 -5.542044e+01  0.000000e+00
     vertex  1.641553e+02 -5.542044e+01  1.510000e+00
   endloop
 endfacet
 facet normal  1.305262e-01 -9.914449e-01  0.000000e+00
   outer loop
     vertex  1.638447e+02 -5.542044e+01  0.000000e+00
     vertex  1.640000e+02 -5.540000e+01  1.510000e+00
     vertex  1.638447e+02 -5.542044e+01  1.510000e+00
   endloop
 endfacet
 facet normal  1.305262e-01 -9.914449e-01  0.000000e+00
   outer loop
     vertex  1.638447e+02 -5.542044e+01  0.000000e+00
     vertex  1.640000e+02 -5.540000e+01  0.000000e+00
     vertex  1.640000e+02 -5.540000e+01  1.510000e+00
   endloop
 endfacet
 facet normal  3.826834e-01 -9.238795e-01  0.000000e+00
   outer loop
     vertex  1.637000e+02 -5.548038e+01  0.000000e+00
     vertex  1.638447e+02 -5.542044e+01  0.000000e+00
     vertex  1.638447e+02 -5.542044e+01  1.510000e+00
   endloop
 endfacet
 facet normal  3.826834e-01 -9.238795e-01  0.000000e+00
   outer loop
     vertex  1.637000e+02 -5.548038e+01  0.000000e+00
     vertex  1.638447e+02 -5.542044e+01  1.510000e+00
     vertex  1.637000e+02 -5.548038e+01  1.510000e+00
   endloop
 endfacet
 facet normal  6.087614e-01 -7.933533e-01  0.000000e+00
   outer loop
     vertex  1.635757e+02 -5.557574e+01  0.000000e+00
     vertex  1.637000e+02 -5.548038e+01  0.000000e+00
     vertex  1.637000e+02 -5.548038e+01  1.510000e+00
   endloop
 endfacet
 facet normal  7.933533e-01 -6.087614e-01  0.000000e+00
   outer loop
     vertex  1.635757e+02 -5.557574e+01  0.000000e+00
     vertex  1.635757e+02 -5.557574e+01  1.510000e+00
     vertex  1.634804e+02 -5.570000e+01  1.510000e+00
   endloop
 endfacet
 facet normal  6.087614e-01 -7.933533e-01  0.000000e+00
   outer loop
     vertex  1.635757e+02 -5.557574e+01  0.000000e+00
     vertex  1.637000e+02 -5.548038e+01  1.510000e+00
     vertex  1.635757e+02 -5.557574e+01  1.510000e+00
   endloop
 endfacet
 facet normal  7.933533e-01 -6.087614e-01  0.000000e+00
   outer loop
     vertex  1.634804e+02 -5.570000e+01  0.000000e+00
     vertex  1.635757e+02 -5.557574e+01  0.000000e+00
     vertex  1.634804e+02 -5.570000e+01  1.510000e+00
   endloop
 endfacet
 facet normal  9.238795e-01 -3.826834e-01  0.000000e+00
   outer loop
     vertex  1.634804e+02 -5.570000e+01  0.000000e+00
     vertex  1.634804e+02 -5.570000e+01  1.510000e+00
     vertex  1.634204e+02 -5.584471e+01  1.510000e+00
   endloop
 endfacet
 facet normal  9.238795e-01 -3.826834e-01  0.000000e+00
   outer loop
     vertex  1.634204e+02 -5.584471e+01  0.000000e+00
     vertex  1.634804e+02 -5.570000e+01  0.000000e+00
     vertex  1.634204e+02 -5.584471e+01  1.510000e+00
   endloop
 endfacet
 facet normal  9.914449e-01 -1.305262e-01  0.000000e+00
   outer loop
     vertex  1.634000e+02 -5.600000e+01  0.000000e+00
     vertex  1.634204e+02 -5.584471e+01  0.000000e+00
     vertex  1.634204e+02 -5.584471e+01  1.510000e+00
   endloop
 endfacet
 facet normal  9.914449e-01 -1.305262e-01  0.000000e+00
   outer loop
     vertex  1.634000e+02 -5.600000e+01  0.000000e+00
     vertex  1.634204e+02 -5.584471e+01  1.510000e+00
     vertex  1.634000e+02 -5.600000e+01  1.510000e+00
   endloop
 endfacet
 facet normal  9.914449e-01  1.305262e-01 -0.000000e+00
   outer loop
     vertex  1.634204e+02 -5.615529e+01  0.000000e+00
     vertex  1.634000e+02 -5.600000e+01  1.510000e+00
     vertex  1.634204e+02 -5.615529e+01  1.510000e+00
   endloop
 endfacet
 facet normal  9.914449e-01  1.305262e-01  0.000000e+00
   outer loop
     vertex  1.634204e+02 -5.615529e+01  0.000000e+00
     vertex  1.634000e+02 -5.600000e+01  0.000000e+00
     vertex  1.634000e+02 -5.600000e+01  1.510000e+00
   endloop
 endfacet
 facet normal  9.238795e-01  3.826834e-01 -0.000000e+00
   outer loop
     vertex  1.634804e+02 -5.630000e+01  0.000000e+00
     vertex  1.634204e+02 -5.615529e+01  1.510000e+00
     vertex  1.634804e+02 -5.630000e+01  1.510000e+00
   endloop
 endfacet
 facet normal  9.238795e-01  3.826834e-01  0.000000e+00
   outer loop
     vertex  1.634804e+02 -5.630000e+01  0.000000e+00
     vertex  1.634204e+02 -5.615529e+01  0.000000e+00
     vertex  1.634204e+02 -5.615529e+01  1.510000e+00
   endloop
 endfacet
 facet normal  6.087614e-01  7.933533e-01 -0.000000e+00
   outer loop
     vertex  1.635757e+02 -5.642426e+01  0.000000e+00
     vertex  1.635757e+02 -5.642426e+01  1.510000e+00
     vertex  1.637000e+02 -5.651962e+01  1.510000e+00
   endloop
 endfacet
 facet normal  7.933533e-01  6.087614e-01 -0.000000e+00
   outer loop
     vertex  1.635757e+02 -5.642426e+01  0.000000e+00
     vertex  1.634804e+02 -5.630000e+01  1.510000e+00
     vertex  1.635757e+02 -5.642426e+01  1.510000e+00
   endloop
 endfacet
 facet normal  7.933533e-01  6.087614e-01  0.000000e+00
   outer loop
     vertex  1.635757e+02 -5.642426e+01  0.000000e+00
     vertex  1.634804e+02 -5.630000e+01  0.000000e+00
     vertex  1.634804e+02 -5.630000e+01  1.510000e+00
   endloop
 endfacet
 facet normal  6.087614e-01  7.933533e-01 -0.000000e+00
   outer loop
     vertex  1.637000e+02 -5.651962e+01  0.000000e+00
     vertex  1.635757e+02 -5.642426e+01  0.000000e+00
     vertex  1.637000e+02 -5.651962e+01  1.510000e+00
   endloop
 endfacet
 facet normal  3.826834e-01  9.238795e-01 -0.000000e+00
   outer loop
     vertex  1.638447e+02 -5.657956e+01  0.000000e+00
     vertex  1.637000e+02 -5.651962e+01  1.510000e+00
     vertex  1.638447e+02 -5.657956e+01  1.510000e+00
   endloop
 endfacet
 facet normal  3.826834e-01  9.238795e-01  0.000000e+00
   outer loop
     vertex  1.638447e+02 -5.657956e+01  0.000000e+00
     vertex  1.637000e+02 -5.651962e+01  0.000000e+00
     vertex  1.637000e+02 -5.651962e+01  1.510000e+00
   endloop
 endfacet
 facet normal  1.305262e-01  9.914449e-01 -0.000000e+00
   outer loop
     vertex  1.640000e+02 -5.660000e+01  0.000000e+00
     vertex  1.638447e+02 -5.657956e+01  1.510000e+00
     vertex  1.640000e+02 -5.660000e+01  1.510000e+00
   endloop
 endfacet
 facet normal  1.305262e-01  9.914449e-01  0.000000e+00
   outer loop
     vertex  1.640000e+02 -5.660000e+01  0.000000e+00
     vertex  1.638447e+02 -5.657956e+01  0.000000e+00
     vertex  1.638447e+02 -5.657956e+01  1.510000e+00
   endloop
 endfacet
 facet normal -1.305262e-01  9.914449e-01  0.000000e+00
   outer loop
     vertex  1.641553e+02 -5.477956e+01  0.000000e+00
     vertex  1.640000e+02 -5.480000e+01  0.000000e+00
     vertex  1.640000e+02 -5.480000e+01  1.510000e+00
   endloop
 endfacet
 facet normal -1.305262e-01  9.914449e-01  0.000000e+00
   outer loop
     vertex  1.641553e+02 -5.477956e+01  0.000000e+00
     vertex  1.640000e+02 -5.480000e+01  1.510000e+00
     vertex  1.641553e+02 -5.477956e+01  1.510000e+00
   endloop
 endfacet
 facet normal -3.826834e-01  9.238795e-01  0.000000e+00
   outer loop
     vertex  1.643000e+02 -5.471962e+01  0.000000e+00
     vertex  1.641553e+02 -5.477956e+01  1.510000e+00
     vertex  1.643000e+02 -5.471962e+01  1.510000e+00
   endloop
 endfacet
 facet normal -3.826834e-01  9.238795e-01  0.000000e+00
   outer loop
     vertex  1.643000e+02 -5.471962e+01  0.000000e+00
     vertex  1.641553e+02 -5.477956e+01  0.000000e+00
     vertex  1.641553e+02 -5.477956e+01  1.510000e+00
   endloop
 endfacet
 facet normal -6.087614e-01  7.933533e-01  0.000000e+00
   outer loop
     vertex  1.644243e+02 -5.462426e+01  0.000000e+00
     vertex  1.643000e+02 -5.471962e+01  1.510000e+00
     vertex  1.644243e+02 -5.462426e+01  1.510000e+00
   endloop
 endfacet
 facet normal -6.087614e-01  7.933533e-01  0.000000e+00
   outer loop
     vertex  1.644243e+02 -5.462426e+01  0.000000e+00
     vertex  1.643000e+02 -5.471962e+01  0.000000e+00
     vertex  1.643000e+02 -5.471962e+01  1.510000e+00
   endloop
 endfacet
 facet normal -7.933533e-01  6.087614e-01  0.000000e+00
   outer loop
     vertex  1.645196e+02 -5.450000e+01  0.000000e+00
     vertex  1.644243e+02 -5.462426e+01  1.510000e+00
     vertex  1.645196e+02 -5.450000e+01  1.510000e+00
   endloop
 endfacet
 facet normal -7.933533e-01  6.087614e-01  0.000000e+00
   outer loop
     vertex  1.645196e+02 -5.450000e+01  0.000000e+00
     vertex  1.644243e+02 -5.462426e+01  0.000000e+00
     vertex  1.644243e+02 -5.462426e+01  1.510000e+00
   endloop
 endfacet
 facet normal -9.238795e-01  3.826834e-01  0.000000e+00
   outer loop
     vertex  1.645796e+02 -5.435529e+01  0.000000e+00
     vertex  1.645196e+02 -5.450000e+01  1.510000e+00
     vertex  1.645796e+02 -5.435529e+01  1.510000e+00
   endloop
 endfacet
 facet normal -9.238795e-01  3.826834e-01  0.000000e+00
   outer loop
     vertex  1.645796e+02 -5.435529e+01  0.000000e+00
     vertex  1.645196e+02 -5.450000e+01  0.000000e+00
     vertex  1.645196e+02 -5.450000e+01  1.510000e+00
   endloop
 endfacet
 facet normal -9.914449e-01  1.305262e-01  0.000000e+00
   outer loop
     vertex  1.646000e+02 -5.420000e+01  0.000000e+00
     vertex  1.645796e+02 -5.435529e+01  1.510000e+00
     vertex  1.646000e+02 -5.420000e+01  1.510000e+00
   endloop
 endfacet
 facet normal -9.914449e-01  1.305262e-01  0.000000e+00
   outer loop
     vertex  1.646000e+02 -5.420000e+01  0.000000e+00
     vertex  1.645796e+02 -5.435529e+01  0.000000e+00
     vertex  1.645796e+02 -5.435529e+01  1.510000e+00
   endloop
 endfacet
 facet normal -9.914449e-01 -1.305262e-01  0.000000e+00
   outer loop
     vertex  1.645796e+02 -5.404471e+01  0.000000e+00
     vertex  1.646000e+02 -5.420000e+01  1.510000e+00
     vertex  1.645796e+02 -5.404471e+01  1.510000e+00
   endloop
 endfacet
 facet normal -9.914449e-01 -1.305262e-01  0.000000e+00
   outer loop
     vertex  1.645796e+02 -5.404471e+01  0.000000e+00
     vertex  1.646000e+02 -5.420000e+01  0.000000e+00
     vertex  1.646000e+02 -5.420000e+01  1.510000e+00
   endloop
 endfacet
 facet normal -9.238795e-01 -3.826834e-01  0.000000e+00
   outer loop
     vertex  1.645196e+02 -5.390000e+01  0.000000e+00
     vertex  1.645796e+02 -5.404471e+01  1.510000e+00
     vertex  1.645196e+02 -5.390000e+01  1.510000e+00
   endloop
 endfacet
 facet normal -9.238795e-01 -3.826834e-01  0.000000e+00
   outer loop
     vertex  1.645196e+02 -5.390000e+01  0.000000e+00
     vertex  1.645796e+02 -5.404471e+01  0.000000e+00
     vertex  1.645796e+02 -5.404471e+01  1.510000e+00
   endloop
 endfacet
 facet normal -7.933533e-01 -6.087614e-01  0.000000e+00
   outer loop
     vertex  1.644243e+02 -5.377574e+01  0.000000e+00
     vertex  1.645196e+02 -5.390000e+01  1.510000e+00
     vertex  1.644243e+02 -5.377574e+01  1.510000e+00
   endloop
 endfacet
 facet normal -7.933533e-01 -6.087614e-01  0.000000e+00
   outer loop
     vertex  1.644243e+02 -5.377574e+01  0.000000e+00
     vertex  1.645196e+02 -5.390000e+01  0.000000e+00
     vertex  1.645196e+02 -5.390000e+01  1.510000e+00
   endloop
 endfacet
 facet normal -6.087614e-01 -7.933533e-01  0.000000e+00
   outer loop
     vertex  1.643000e+02 -5.368038e+01  0.000000e+00
     vertex  1.644243e+02 -5.377574e+01  1.510000e+00
     vertex  1.643000e+02 -5.368038e+01  1.510000e+00
   endloop
 endfacet
 facet normal -6.087614e-01 -7.933533e-01  0.000000e+00
   outer loop
     vertex  1.643000e+02 -5.368038e+01  0.000000e+00
     vertex  1.644243e+02 -5.377574e+01  0.000000e+00
     vertex  1.644243e+02 -5.377574e+01  1.510000e+00
   endloop
 endfacet
 facet normal -3.826834e-01 -9.238795e-01  0.000000e+00
   outer loop
     vertex  1.641553e+02 -5.362044e+01  0.000000e+00
     vertex  1.643000e+02 -5.368038e+01  1.510000e+00
     vertex  1.641553e+02 -5.362044e+01  1.510000e+00
   endloop
 endfacet
 facet normal -3.826834e-01 -9.238795e-01  0.000000e+00
   outer loop
     vertex  1.641553e+02 -5.362044e+01  0.000000e+00
     vertex  1.643000e+02 -5.368038e+01  0.000000e+00
     vertex  1.643000e+02 -5.368038e+01  1.510000e+00
   endloop
 endfacet
 facet normal -1.305262e-01 -9.914449e-01  0.000000e+00
   outer loop
     vertex  1.640000e+02 -5.360000e+01  0.000000e+00
     vertex  1.641553e+02 -5.362044e+01  1.510000e+00
     vertex  1.640000e+02 -5.360000e+01  1.510000e+00
   endloop
 endfacet
 facet normal -1.305262e-01 -9.914449e-01  0.000000e+00
   outer loop
     vertex  1.640000e+02 -5.360000e+01  0.000000e+00
     vertex  1.641553e+02 -5.362044e+01  0.000000e+00
     vertex  1.641553e+02 -5.362044e+01  1.510000e+00
   endloop
 endfacet
 facet normal  1.305262e-01 -9.914449e-01  0.000000e+00
   outer loop
     vertex  1.638447e+02 -5.362044e+01  0.000000e+00
     vertex  1.640000e+02 -5.360000e+01  1.510000e+00
     vertex  1.638447e+02 -5.362044e+01  1.510000e+00
   endloop
 endfacet
 facet normal  1.305262e-01 -9.914449e-01  0.000000e+00
   outer loop
     vertex  1.638447e+02 -5.362044e+01  0.000000e+00
     vertex  1.640000e+02 -5.360000e+01  0.000000e+00
     vertex  1.640000e+02 -5.360000e+01  1.510000e+00
   endloop
 endfacet
 facet normal  3.826834e-01 -9.238795e-01  0.000000e+00
   outer loop
     vertex  1.637000e+02 -5.368038e+01  0.000000e+00
     vertex  1.638447e+02 -5.362044e+01  0.000000e+00
     vertex  1.638447e+02 -5.362044e+01  1.510000e+00
   endloop
 endfacet
 facet normal  3.826834e-01 -9.238795e-01  0.000000e+00
   outer loop
     vertex  1.637000e+02 -5.368038e+01  0.000000e+00
     vertex  1.638447e+02 -5.362044e+01  1.510000e+00
     vertex  1.637000e+02 -5.368038e+01  1.510000e+00
   endloop
 endfacet
 facet normal  6.087614e-01 -7.933533e-01  0.000000e+00
   outer loop
     vertex  1.635757e+02 -5.377574e+01  0.000000e+00
     vertex  1.637000e+02 -5.368038e+01  0.000000e+00
     vertex  1.637000e+02 -5.368038e+01  1.510000e+00
   endloop
 endfacet
 facet normal  7.933533e-01 -6.087614e-01  0.000000e+00
   outer loop
     vertex  1.635757e+02 -5.377574e+01  0.000000e+00
     vertex  1.635757e+02 -5.377574e+01  1.510000e+00
     vertex  1.634804e+02 -5.390000e+01  1.510000e+00
   endloop
 endfacet
 facet normal  6.087614e-01 -7.933533e-01  0.000000e+00
   outer loop
     vertex  1.635757e+02 -5.377574e+01  0.000000e+00
     vertex  1.637000e+02 -5.368038e+01  1.510000e+00
     vertex  1.635757e+02 -5.377574e+01  1.510000e+00
   endloop
 endfacet
 facet normal  7.933533e-01 -6.087614e-01  0.000000e+00
   outer loop
     vertex  1.634804e+02 -5.390000e+01  0.000000e+00
     vertex  1.635757e+02 -5.377574e+01  0.000000e+00
     vertex  1.634804e+02 -5.390000e+01  1.510000e+00
   endloop
 endfacet
 facet normal  9.238795e-01 -3.826834e-01  0.000000e+00
   outer loop
     vertex  1.634804e+02 -5.390000e+01  0.000000e+00
     vertex  1.634804e+02 -5.390000e+01  1.510000e+00
     vertex  1.634204e+02 -5.404471e+01  1.510000e+00
   endloop
 endfacet
 facet normal  9.238795e-01 -3.826834e-01  0.000000e+00
   outer loop
     vertex  1.634204e+02 -5.404471e+01  0.000000e+00
     vertex  1.634804e+02 -5.390000e+01  0.000000e+00
     vertex  1.634204e+02 -5.404471e+01  1.510000e+00
   endloop
 endfacet
 facet normal  9.914449e-01 -1.305262e-01  0.000000e+00
   outer loop
     vertex  1.634000e+02 -5.420000e+01  0.000000e+00
     vertex  1.634204e+02 -5.404471e+01  0.000000e+00
     vertex  1.634204e+02 -5.404471e+01  1.510000e+00
   endloop
 endfacet
 facet normal  9.914449e-01 -1.305262e-01  0.000000e+00
   outer loop
     vertex  1.634000e+02 -5.420000e+01  0.000000e+00
     vertex  1.634204e+02 -5.404471e+01  1.510000e+00
     vertex  1.634000e+02 -5.420000e+01  1.510000e+00
   endloop
 endfacet
 facet normal  9.914449e-01  1.305262e-01 -0.000000e+00
   outer loop
     vertex  1.634204e+02 -5.435529e+01  0.000000e+00
     vertex  1.634000e+02 -5.420000e+01  1.510000e+00
     vertex  1.634204e+02 -5.435529e+01  1.510000e+00
   endloop
 endfacet
 facet normal  9.914449e-01  1.305262e-01  0.000000e+00
   outer loop
     vertex  1.634204e+02 -5.435529e+01  0.000000e+00
     vertex  1.634000e+02 -5.420000e+01  0.000000e+00
     vertex  1.634000e+02 -5.420000e+01  1.510000e+00
   endloop
 endfacet
 facet normal  9.238795e-01  3.826834e-01 -0.000000e+00
   outer loop
     vertex  1.634804e+02 -5.450000e+01  0.000000e+00
     vertex  1.634204e+02 -5.435529e+01  1.510000e+00
     vertex  1.634804e+02 -5.450000e+01  1.510000e+00
   endloop
 endfacet
 facet normal  9.238795e-01  3.826834e-01  0.000000e+00
   outer loop
     vertex  1.634804e+02 -5.450000e+01  0.000000e+00
     vertex  1.634204e+02 -5.435529e+01  0.000000e+00
     vertex  1.634204e+02 -5.435529e+01  1.510000e+00
   endloop
 endfacet
 facet normal  6.087614e-01  7.933533e-01 -0.000000e+00
   outer loop
     vertex  1.635757e+02 -5.462426e+01  0.000000e+00
     vertex  1.635757e+02 -5.462426e+01  1.510000e+00
     vertex  1.637000e+02 -5.471962e+01  1.510000e+00
   endloop
 endfacet
 facet normal  7.933533e-01  6.087614e-01 -0.000000e+00
   outer loop
     vertex  1.635757e+02 -5.462426e+01  0.000000e+00
     vertex  1.634804e+02 -5.450000e+01  1.510000e+00
     vertex  1.635757e+02 -5.462426e+01  1.510000e+00
   endloop
 endfacet
 facet normal  7.933533e-01  6.087614e-01  0.000000e+00
   outer loop
     vertex  1.635757e+02 -5.462426e+01  0.000000e+00
     vertex  1.634804e+02 -5.450000e+01  0.000000e+00
     vertex  1.634804e+02 -5.450000e+01  1.510000e+00
   endloop
 endfacet
 facet normal  6.087614e-01  7.933533e-01 -0.000000e+00
   outer loop
     vertex  1.637000e+02 -5.471962e+01  0.000000e+00
     vertex  1.635757e+02 -5.462426e+01  0.000000e+00
     vertex  1.637000e+02 -5.471962e+01  1.510000e+00
   endloop
 endfacet
 facet normal  3.826834e-01  9.238795e-01 -0.000000e+00
   outer loop
     vertex  1.638447e+02 -5.477956e+01  0.000000e+00
     vertex  1.637000e+02 -5.471962e+01  1.510000e+00
     vertex  1.638447e+02 -5.477956e+01  1.510000e+00
   endloop
 endfacet
 facet normal  3.826834e-01  9.238795e-01  0.000000e+00
   outer loop
     vertex  1.638447e+02 -5.477956e+01  0.000000e+00
     vertex  1.637000e+02 -5.471962e+01  0.000000e+00
     vertex  1.637000e+02 -5.471962e+01  1.510000e+00
   endloop
 endfacet
 facet normal  1.305262e-01  9.914449e-01 -0.000000e+00
   outer loop
     vertex  1.640000e+02 -5.480000e+01  0.000000e+00
     vertex  1.638447e+02 -5.477956e+01  1.510000e+00
     vertex  1.640000e+02 -5.480000e+01  1.510000e+00
   endloop
 endfacet
 facet normal  1.305262e-01  9.914449e-01  0.000000e+00
   outer loop
     vertex  1.640000e+02 -5.480000e+01  0.000000e+00
     vertex  1.638447e+02 -5.477956e+01  0.000000e+00
     vertex  1.638447e+02 -5.477956e+01  1.510000e+00
   endloop
 endfacet
 facet normal -1.305262e-01  9.914449e-01  0.000000e+00
   outer loop
     vertex  1.641553e+02 -5.297956e+01  0.000000e+00
     vertex  1.640000e+02 -5.300000e+01  0.000000e+00
     vertex  1.640000e+02 -5.300000e+01  1.510000e+00
   endloop
 endfacet
 facet normal -1.305262e-01  9.914449e-01  0.000000e+00
   outer loop
     vertex  1.641553e+02 -5.297956e+01  0.000000e+00
     vertex  1.640000e+02 -5.300000e+01  1.510000e+00
     vertex  1.641553e+02 -5.297956e+01  1.510000e+00
   endloop
 endfacet
 facet normal -3.826834e-01  9.238795e-01  0.000000e+00
   outer loop
     vertex  1.643000e+02 -5.291962e+01  0.000000e+00
     vertex  1.641553e+02 -5.297956e+01  1.510000e+00
     vertex  1.643000e+02 -5.291962e+01  1.510000e+00
   endloop
 endfacet
 facet normal -3.826834e-01  9.238795e-01  0.000000e+00
   outer loop
     vertex  1.643000e+02 -5.291962e+01  0.000000e+00
     vertex  1.641553e+02 -5.297956e+01  0.000000e+00
     vertex  1.641553e+02 -5.297956e+01  1.510000e+00
   endloop
 endfacet
 facet normal -6.087614e-01  7.933533e-01  0.000000e+00
   outer loop
     vertex  1.644243e+02 -5.282426e+01  0.000000e+00
     vertex  1.643000e+02 -5.291962e+01  1.510000e+00
     vertex  1.644243e+02 -5.282426e+01  1.510000e+00
   endloop
 endfacet
 facet normal -6.087614e-01  7.933533e-01  0.000000e+00
   outer loop
     vertex  1.644243e+02 -5.282426e+01  0.000000e+00
     vertex  1.643000e+02 -5.291962e+01  0.000000e+00
     vertex  1.643000e+02 -5.291962e+01  1.510000e+00
   endloop
 endfacet
 facet normal -7.933533e-01  6.087614e-01  0.000000e+00
   outer loop
     vertex  1.645196e+02 -5.270000e+01  0.000000e+00
     vertex  1.644243e+02 -5.282426e+01  1.510000e+00
     vertex  1.645196e+02 -5.270000e+01  1.510000e+00
   endloop
 endfacet
 facet normal -7.933533e-01  6.087614e-01  0.000000e+00
   outer loop
     vertex  1.645196e+02 -5.270000e+01  0.000000e+00
     vertex  1.644243e+02 -5.282426e+01  0.000000e+00
     vertex  1.644243e+02 -5.282426e+01  1.510000e+00
   endloop
 endfacet
 facet normal -9.238795e-01  3.826834e-01  0.000000e+00
   outer loop
     vertex  1.645796e+02 -5.255529e+01  0.000000e+00
     vertex  1.645196e+02 -5.270000e+01  1.510000e+00
     vertex  1.645796e+02 -5.255529e+01  1.510000e+00
   endloop
 endfacet
 facet normal -9.238795e-01  3.826834e-01  0.000000e+00
   outer loop
     vertex  1.645796e+02 -5.255529e+01  0.000000e+00
     vertex  1.645196e+02 -5.270000e+01  0.000000e+00
     vertex  1.645196e+02 -5.270000e+01  1.510000e+00
   endloop
 endfacet
 facet normal -9.914449e-01  1.305262e-01  0.000000e+00
   outer loop
     vertex  1.646000e+02 -5.240000e+01  0.000000e+00
     vertex  1.645796e+02 -5.255529e+01  1.510000e+00
     vertex  1.646000e+02 -5.240000e+01  1.510000e+00
   endloop
 endfacet
 facet normal -9.914449e-01  1.305262e-01  0.000000e+00
   outer loop
     vertex  1.646000e+02 -5.240000e+01  0.000000e+00
     vertex  1.645796e+02 -5.255529e+01  0.000000e+00
     vertex  1.645796e+02 -5.255529e+01  1.510000e+00
   endloop
 endfacet
 facet normal -9.914449e-01 -1.305262e-01  0.000000e+00
   outer loop
     vertex  1.645796e+02 -5.224471e+01  0.000000e+00
     vertex  1.646000e+02 -5.240000e+01  1.510000e+00
     vertex  1.645796e+02 -5.224471e+01  1.510000e+00
   endloop
 endfacet
 facet normal -9.914449e-01 -1.305262e-01  0.000000e+00
   outer loop
     vertex  1.645796e+02 -5.224471e+01  0.000000e+00
     vertex  1.646000e+02 -5.240000e+01  0.000000e+00
     vertex  1.646000e+02 -5.240000e+01  1.510000e+00
   endloop
 endfacet
 facet normal -9.238795e-01 -3.826834e-01  0.000000e+00
   outer loop
     vertex  1.645196e+02 -5.210000e+01  0.000000e+00
     vertex  1.645796e+02 -5.224471e+01  1.510000e+00
     vertex  1.645196e+02 -5.210000e+01  1.510000e+00
   endloop
 endfacet
 facet normal -9.238795e-01 -3.826834e-01  0.000000e+00
   outer loop
     vertex  1.645196e+02 -5.210000e+01  0.000000e+00
     vertex  1.645796e+02 -5.224471e+01  0.000000e+00
     vertex  1.645796e+02 -5.224471e+01  1.510000e+00
   endloop
 endfacet
 facet normal -7.933533e-01 -6.087614e-01  0.000000e+00
   outer loop
     vertex  1.644243e+02 -5.197574e+01  0.000000e+00
     vertex  1.645196e+02 -5.210000e+01  1.510000e+00
     vertex  1.644243e+02 -5.197574e+01  1.510000e+00
   endloop
 endfacet
 facet normal -7.933533e-01 -6.087614e-01  0.000000e+00
   outer loop
     vertex  1.644243e+02 -5.197574e+01  0.000000e+00
     vertex  1.645196e+02 -5.210000e+01  0.000000e+00
     vertex  1.645196e+02 -5.210000e+01  1.510000e+00
   endloop
 endfacet
 facet normal -6.087614e-01 -7.933533e-01  0.000000e+00
   outer loop
     vertex  1.643000e+02 -5.188038e+01  0.000000e+00
     vertex  1.644243e+02 -5.197574e+01  1.510000e+00
     vertex  1.643000e+02 -5.188038e+01  1.510000e+00
   endloop
 endfacet
 facet normal -6.087614e-01 -7.933533e-01  0.000000e+00
   outer loop
     vertex  1.643000e+02 -5.188038e+01  0.000000e+00
     vertex  1.644243e+02 -5.197574e+01  0.000000e+00
     vertex  1.644243e+02 -5.197574e+01  1.510000e+00
   endloop
 endfacet
 facet normal -3.826834e-01 -9.238795e-01  0.000000e+00
   outer loop
     vertex  1.641553e+02 -5.182044e+01  0.000000e+00
     vertex  1.643000e+02 -5.188038e+01  1.510000e+00
     vertex  1.641553e+02 -5.182044e+01  1.510000e+00
   endloop
 endfacet
 facet normal -3.826834e-01 -9.238795e-01  0.000000e+00
   outer loop
     vertex  1.641553e+02 -5.182044e+01  0.000000e+00
     vertex  1.643000e+02 -5.188038e+01  0.000000e+00
     vertex  1.643000e+02 -5.188038e+01  1.510000e+00
   endloop
 endfacet
 facet normal -1.305262e-01 -9.914449e-01  0.000000e+00
   outer loop
     vertex  1.640000e+02 -5.180000e+01  0.000000e+00
     vertex  1.641553e+02 -5.182044e+01  1.510000e+00
     vertex  1.640000e+02 -5.180000e+01  1.510000e+00
   endloop
 endfacet
 facet normal -1.305262e-01 -9.914449e-01  0.000000e+00
   outer loop
     vertex  1.640000e+02 -5.180000e+01  0.000000e+00
     vertex  1.641553e+02 -5.182044e+01  0.000000e+00
     vertex  1.641553e+02 -5.182044e+01  1.510000e+00
   endloop
 endfacet
 facet normal  1.305262e-01 -9.914449e-01  0.000000e+00
   outer loop
     vertex  1.638447e+02 -5.182044e+01  0.000000e+00
     vertex  1.640000e+02 -5.180000e+01  1.510000e+00
     vertex  1.638447e+02 -5.182044e+01  1.510000e+00
   endloop
 endfacet
 facet normal  1.305262e-01 -9.914449e-01  0.000000e+00
   outer loop
     vertex  1.638447e+02 -5.182044e+01  0.000000e+00
     vertex  1.640000e+02 -5.180000e+01  0.000000e+00
     vertex  1.640000e+02 -5.180000e+01  1.510000e+00
   endloop
 endfacet
 facet normal  3.826834e-01 -9.238795e-01  0.000000e+00
   outer loop
     vertex  1.637000e+02 -5.188038e+01  0.000000e+00
     vertex  1.638447e+02 -5.182044e+01  0.000000e+00
     vertex  1.638447e+02 -5.182044e+01  1.510000e+00
   endloop
 endfacet
 facet normal  3.826834e-01 -9.238795e-01  0.000000e+00
   outer loop
     vertex  1.637000e+02 -5.188038e+01  0.000000e+00
     vertex  1.638447e+02 -5.182044e+01  1.510000e+00
     vertex  1.637000e+02 -5.188038e+01  1.510000e+00
   endloop
 endfacet
 facet normal  6.087614e-01 -7.933533e-01  0.000000e+00
   outer loop
     vertex  1.635757e+02 -5.197574e+01  0.000000e+00
     vertex  1.637000e+02 -5.188038e+01  0.000000e+00
     vertex  1.637000e+02 -5.188038e+01  1.510000e+00
   endloop
 endfacet
 facet normal  7.933533e-01 -6.087614e-01  0.000000e+00
   outer loop
     vertex  1.635757e+02 -5.197574e+01  0.000000e+00
     vertex  1.635757e+02 -5.197574e+01  1.510000e+00
     vertex  1.634804e+02 -5.210000e+01  1.510000e+00
   endloop
 endfacet
 facet normal  6.087614e-01 -7.933533e-01  0.000000e+00
   outer loop
     vertex  1.635757e+02 -5.197574e+01  0.000000e+00
     vertex  1.637000e+02 -5.188038e+01  1.510000e+00
     vertex  1.635757e+02 -5.197574e+01  1.510000e+00
   endloop
 endfacet
 facet normal  7.933533e-01 -6.087614e-01  0.000000e+00
   outer loop
     vertex  1.634804e+02 -5.210000e+01  0.000000e+00
     vertex  1.635757e+02 -5.197574e+01  0.000000e+00
     vertex  1.634804e+02 -5.210000e+01  1.510000e+00
   endloop
 endfacet
 facet normal  9.238795e-01 -3.826834e-01  0.000000e+00
   outer loop
     vertex  1.634804e+02 -5.210000e+01  0.000000e+00
     vertex  1.634804e+02 -5.210000e+01  1.510000e+00
     vertex  1.634204e+02 -5.224471e+01  1.510000e+00
   endloop
 endfacet
 facet normal  9.238795e-01 -3.826834e-01  0.000000e+00
   outer loop
     vertex  1.634204e+02 -5.224471e+01  0.000000e+00
     vertex  1.634804e+02 -5.210000e+01  0.000000e+00
     vertex  1.634204e+02 -5.224471e+01  1.510000e+00
   endloop
 endfacet
 facet normal  9.914449e-01 -1.305262e-01  0.000000e+00
   outer loop
     vertex  1.634000e+02 -5.240000e+01  0.000000e+00
     vertex  1.634204e+02 -5.224471e+01  0.000000e+00
     vertex  1.634204e+02 -5.224471e+01  1.510000e+00
   endloop
 endfacet
 facet normal  9.914449e-01 -1.305262e-01  0.000000e+00
   outer loop
     vertex  1.634000e+02 -5.240000e+01  0.000000e+00
     vertex  1.634204e+02 -5.224471e+01  1.510000e+00
     vertex  1.634000e+02 -5.240000e+01  1.510000e+00
   endloop
 endfacet
 facet normal  9.914449e-01  1.305262e-01 -0.000000e+00
   outer loop
     vertex  1.634204e+02 -5.255529e+01  0.000000e+00
     vertex  1.634000e+02 -5.240000e+01  1.510000e+00
     vertex  1.634204e+02 -5.255529e+01  1.510000e+00
   endloop
 endfacet
 facet normal  9.914449e-01  1.305262e-01  0.000000e+00
   outer loop
     vertex  1.634204e+02 -5.255529e+01  0.000000e+00
     vertex  1.634000e+02 -5.240000e+01  0.000000e+00
     vertex  1.634000e+02 -5.240000e+01  1.510000e+00
   endloop
 endfacet
 facet normal  9.238795e-01  3.826834e-01 -0.000000e+00
   outer loop
     vertex  1.634804e+02 -5.270000e+01  0.000000e+00
     vertex  1.634204e+02 -5.255529e+01  1.510000e+00
     vertex  1.634804e+02 -5.270000e+01  1.510000e+00
   endloop
 endfacet
 facet normal  9.238795e-01  3.826834e-01  0.000000e+00
   outer loop
     vertex  1.634804e+02 -5.270000e+01  0.000000e+00
     vertex  1.634204e+02 -5.255529e+01  0.000000e+00
     vertex  1.634204e+02 -5.255529e+01  1.510000e+00
   endloop
 endfacet
 facet normal  6.087614e-01  7.933533e-01 -0.000000e+00
   outer loop
     vertex  1.635757e+02 -5.282426e+01  0.000000e+00
     vertex  1.635757e+02 -5.282426e+01  1.510000e+00
     vertex  1.637000e+02 -5.291962e+01  1.510000e+00
   endloop
 endfacet
 facet normal  7.933533e-01  6.087614e-01 -0.000000e+00
   outer loop
     vertex  1.635757e+02 -5.282426e+01  0.000000e+00
     vertex  1.634804e+02 -5.270000e+01  1.510000e+00
     vertex  1.635757e+02 -5.282426e+01  1.510000e+00
   endloop
 endfacet
 facet normal  7.933533e-01  6.087614e-01  0.000000e+00
   outer loop
     vertex  1.635757e+02 -5.282426e+01  0.000000e+00
     vertex  1.634804e+02 -5.270000e+01  0.000000e+00
     vertex  1.634804e+02 -5.270000e+01  1.510000e+00
   endloop
 endfacet
 facet normal  6.087614e-01  7.933533e-01 -0.000000e+00
   outer loop
     vertex  1.637000e+02 -5.291962e+01  0.000000e+00
     vertex  1.635757e+02 -5.282426e+01  0.000000e+00
     vertex  1.637000e+02 -5.291962e+01  1.510000e+00
   endloop
 endfacet
 facet normal  3.826834e-01  9.238795e-01 -0.000000e+00
   outer loop
     vertex  1.638447e+02 -5.297956e+01  0.000000e+00
     vertex  1.637000e+02 -5.291962e+01  1.510000e+00
     vertex  1.638447e+02 -5.297956e+01  1.510000e+00
   endloop
 endfacet
 facet normal  3.826834e-01  9.238795e-01  0.000000e+00
   outer loop
     vertex  1.638447e+02 -5.297956e+01  0.000000e+00
     vertex  1.637000e+02 -5.291962e+01  0.000000e+00
     vertex  1.637000e+02 -5.291962e+01  1.510000e+00
   endloop
 endfacet
 facet normal  1.305262e-01  9.914449e-01 -0.000000e+00
   outer loop
     vertex  1.640000e+02 -5.300000e+01  0.000000e+00
     vertex  1.638447e+02 -5.297956e+01  1.510000e+00
     vertex  1.640000e+02 -5.300000e+01  1.510000e+00
   endloop
 endfacet
 facet normal  1.305262e-01  9.914449e-01  0.000000e+00
   outer loop
     vertex  1.640000e+02 -5.300000e+01  0.000000e+00
     vertex  1.638447e+02 -5.297956e+01  0.000000e+00
     vertex  1.638447e+02 -5.297956e+01  1.510000e+00
   endloop
 endfacet
 facet normal -1.305262e-01  9.914449e-01  0.000000e+00
   outer loop
     vertex  1.921553e+02 -5.657956e+01  0.000000e+00
     vertex  1.920000e+02 -5.660000e+01  0.000000e+00
     vertex  1.920000e+02 -5.660000e+01  1.510000e+00
   endloop
 endfacet
 facet normal -1.305262e-01  9.914449e-01  0.000000e+00
   outer loop
     vertex  1.921553e+02 -5.657956e+01  0.000000e+00
     vertex  1.920000e+02 -5.660000e+01  1.510000e+00
     vertex  1.921553e+02 -5.657956e+01  1.510000e+00
   endloop
 endfacet
 facet normal -3.826834e-01  9.238795e-01  0.000000e+00
   outer loop
     vertex  1.923000e+02 -5.651962e+01  0.000000e+00
     vertex  1.921553e+02 -5.657956e+01  1.510000e+00
     vertex  1.923000e+02 -5.651962e+01  1.510000e+00
   endloop
 endfacet
 facet normal -3.826834e-01  9.238795e-01  0.000000e+00
   outer loop
     vertex  1.923000e+02 -5.651962e+01  0.000000e+00
     vertex  1.921553e+02 -5.657956e+01  0.000000e+00
     vertex  1.921553e+02 -5.657956e+01  1.510000e+00
   endloop
 endfacet
 facet normal -6.087614e-01  7.933533e-01  0.000000e+00
   outer loop
     vertex  1.924243e+02 -5.642426e+01  0.000000e+00
     vertex  1.923000e+02 -5.651962e+01  1.510000e+00
     vertex  1.924243e+02 -5.642426e+01  1.510000e+00
   endloop
 endfacet
 facet normal -6.087614e-01  7.933533e-01  0.000000e+00
   outer loop
     vertex  1.924243e+02 -5.642426e+01  0.000000e+00
     vertex  1.923000e+02 -5.651962e+01  0.000000e+00
     vertex  1.923000e+02 -5.651962e+01  1.510000e+00
   endloop
 endfacet
 facet normal -7.933533e-01  6.087614e-01  0.000000e+00
   outer loop
     vertex  1.925196e+02 -5.630000e+01  0.000000e+00
     vertex  1.924243e+02 -5.642426e+01  1.510000e+00
     vertex  1.925196e+02 -5.630000e+01  1.510000e+00
   endloop
 endfacet
 facet normal -7.933533e-01  6.087614e-01  0.000000e+00
   outer loop
     vertex  1.925196e+02 -5.630000e+01  0.000000e+00
     vertex  1.924243e+02 -5.642426e+01  0.000000e+00
     vertex  1.924243e+02 -5.642426e+01  1.510000e+00
   endloop
 endfacet
 facet normal -9.238795e-01  3.826834e-01  0.000000e+00
   outer loop
     vertex  1.925796e+02 -5.615529e+01  0.000000e+00
     vertex  1.925196e+02 -5.630000e+01  1.510000e+00
     vertex  1.925796e+02 -5.615529e+01  1.510000e+00
   endloop
 endfacet
 facet normal -9.238795e-01  3.826834e-01  0.000000e+00
   outer loop
     vertex  1.925796e+02 -5.615529e+01  0.000000e+00
     vertex  1.925196e+02 -5.630000e+01  0.000000e+00
     vertex  1.925196e+02 -5.630000e+01  1.510000e+00
   endloop
 endfacet
 facet normal -9.914449e-01  1.305262e-01  0.000000e+00
   outer loop
     vertex  1.926000e+02 -5.600000e+01  0.000000e+00
     vertex  1.925796e+02 -5.615529e+01  1.510000e+00
     vertex  1.926000e+02 -5.600000e+01  1.510000e+00
   endloop
 endfacet
 facet normal -9.914449e-01  1.305262e-01  0.000000e+00
   outer loop
     vertex  1.926000e+02 -5.600000e+01  0.000000e+00
     vertex  1.925796e+02 -5.615529e+01  0.000000e+00
     vertex  1.925796e+02 -5.615529e+01  1.510000e+00
   endloop
 endfacet
 facet normal -9.914449e-01 -1.305262e-01  0.000000e+00
   outer loop
     vertex  1.925796e+02 -5.584471e+01  0.000000e+00
     vertex  1.926000e+02 -5.600000e+01  1.510000e+00
     vertex  1.925796e+02 -5.584471e+01  1.510000e+00
   endloop
 endfacet
 facet normal -9.914449e-01 -1.305262e-01  0.000000e+00
   outer loop
     vertex  1.925796e+02 -5.584471e+01  0.000000e+00
     vertex  1.926000e+02 -5.600000e+01  0.000000e+00
     vertex  1.926000e+02 -5.600000e+01  1.510000e+00
   endloop
 endfacet
 facet normal -9.238795e-01 -3.826834e-01  0.000000e+00
   outer loop
     vertex  1.925196e+02 -5.570000e+01  0.000000e+00
     vertex  1.925796e+02 -5.584471e+01  1.510000e+00
     vertex  1.925196e+02 -5.570000e+01  1.510000e+00
   endloop
 endfacet
 facet normal -9.238795e-01 -3.826834e-01  0.000000e+00
   outer loop
     vertex  1.925196e+02 -5.570000e+01  0.000000e+00
     vertex  1.925796e+02 -5.584471e+01  0.000000e+00
     vertex  1.925796e+02 -5.584471e+01  1.510000e+00
   endloop
 endfacet
 facet normal -7.933533e-01 -6.087614e-01  0.000000e+00
   outer loop
     vertex  1.924243e+02 -5.557574e+01  0.000000e+00
     vertex  1.925196e+02 -5.570000e+01  1.510000e+00
     vertex  1.924243e+02 -5.557574e+01  1.510000e+00
   endloop
 endfacet
 facet normal -7.933533e-01 -6.087614e-01  0.000000e+00
   outer loop
     vertex  1.924243e+02 -5.557574e+01  0.000000e+00
     vertex  1.925196e+02 -5.570000e+01  0.000000e+00
     vertex  1.925196e+02 -5.570000e+01  1.510000e+00
   endloop
 endfacet
 facet normal -6.087614e-01 -7.933533e-01  0.000000e+00
   outer loop
     vertex  1.923000e+02 -5.548038e+01  0.000000e+00
     vertex  1.924243e+02 -5.557574e+01  1.510000e+00
     vertex  1.923000e+02 -5.548038e+01  1.510000e+00
   endloop
 endfacet
 facet normal -6.087614e-01 -7.933533e-01  0.000000e+00
   outer loop
     vertex  1.923000e+02 -5.548038e+01  0.000000e+00
     vertex  1.924243e+02 -5.557574e+01  0.000000e+00
     vertex  1.924243e+02 -5.557574e+01  1.510000e+00
   endloop
 endfacet
 facet normal -3.826834e-01 -9.238795e-01  0.000000e+00
   outer loop
     vertex  1.921553e+02 -5.542044e+01  0.000000e+00
     vertex  1.923000e+02 -5.548038e+01  1.510000e+00
     vertex  1.921553e+02 -5.542044e+01  1.510000e+00
   endloop
 endfacet
 facet normal -3.826834e-01 -9.238795e-01  0.000000e+00
   outer loop
     vertex  1.921553e+02 -5.542044e+01  0.000000e+00
     vertex  1.923000e+02 -5.548038e+01  0.000000e+00
     vertex  1.923000e+02 -5.548038e+01  1.510000e+00
   endloop
 endfacet
 facet normal -1.305262e-01 -9.914449e-01  0.000000e+00
   outer loop
     vertex  1.920000e+02 -5.540000e+01  0.000000e+00
     vertex  1.921553e+02 -5.542044e+01  1.510000e+00
     vertex  1.920000e+02 -5.540000e+01  1.510000e+00
   endloop
 endfacet
 facet normal -1.305262e-01 -9.914449e-01  0.000000e+00
   outer loop
     vertex  1.920000e+02 -5.540000e+01  0.000000e+00
     vertex  1.921553e+02 -5.542044e+01  0.000000e+00
     vertex  1.921553e+02 -5.542044e+01  1.510000e+00
   endloop
 endfacet
 facet normal  1.305262e-01 -9.914449e-01  0.000000e+00
   outer loop
     vertex  1.918447e+02 -5.542044e+01  0.000000e+00
     vertex  1.920000e+02 -5.540000e+01  1.510000e+00
     vertex  1.918447e+02 -5.542044e+01  1.510000e+00
   endloop
 endfacet
 facet normal  1.305262e-01 -9.914449e-01  0.000000e+00
   outer loop
     vertex  1.918447e+02 -5.542044e+01  0.000000e+00
     vertex  1.920000e+02 -5.540000e+01  0.000000e+00
     vertex  1.920000e+02 -5.540000e+01  1.510000e+00
   endloop
 endfacet
 facet normal  3.826834e-01 -9.238795e-01  0.000000e+00
   outer loop
     vertex  1.917000e+02 -5.548038e+01  0.000000e+00
     vertex  1.918447e+02 -5.542044e+01  0.000000e+00
     vertex  1.918447e+02 -5.542044e+01  1.510000e+00
   endloop
 endfacet
 facet normal  3.826834e-01 -9.238795e-01  0.000000e+00
   outer loop
     vertex  1.917000e+02 -5.548038e+01  0.000000e+00
     vertex  1.918447e+02 -5.542044e+01  1.510000e+00
     vertex  1.917000e+02 -5.548038e+01  1.510000e+00
   endloop
 endfacet
 facet normal  6.087614e-01 -7.933533e-01  0.000000e+00
   outer loop
     vertex  1.915757e+02 -5.557574e+01  0.000000e+00
     vertex  1.917000e+02 -5.548038e+01  0.000000e+00
     vertex  1.917000e+02 -5.548038e+01  1.510000e+00
   endloop
 endfacet
 facet normal  7.933533e-01 -6.087614e-01  0.000000e+00
   outer loop
     vertex  1.915757e+02 -5.557574e+01  0.000000e+00
     vertex  1.915757e+02 -5.557574e+01  1.510000e+00
     vertex  1.914804e+02 -5.570000e+01  1.510000e+00
   endloop
 endfacet
 facet normal  6.087614e-01 -7.933533e-01  0.000000e+00
   outer loop
     vertex  1.915757e+02 -5.557574e+01  0.000000e+00
     vertex  1.917000e+02 -5.548038e+01  1.510000e+00
     vertex  1.915757e+02 -5.557574e+01  1.510000e+00
   endloop
 endfacet
 facet normal  7.933533e-01 -6.087614e-01  0.000000e+00
   outer loop
     vertex  1.914804e+02 -5.570000e+01  0.000000e+00
     vertex  1.915757e+02 -5.557574e+01  0.000000e+00
     vertex  1.914804e+02 -5.570000e+01  1.510000e+00
   endloop
 endfacet
 facet normal  9.238795e-01 -3.826834e-01  0.000000e+00
   outer loop
     vertex  1.914804e+02 -5.570000e+01  0.000000e+00
     vertex  1.914804e+02 -5.570000e+01  1.510000e+00
     vertex  1.914204e+02 -5.584471e+01  1.510000e+00
   endloop
 endfacet
 facet normal  9.238795e-01 -3.826834e-01  0.000000e+00
   outer loop
     vertex  1.914204e+02 -5.584471e+01  0.000000e+00
     vertex  1.914804e+02 -5.570000e+01  0.000000e+00
     vertex  1.914204e+02 -5.584471e+01  1.510000e+00
   endloop
 endfacet
 facet normal  9.914449e-01 -1.305262e-01  0.000000e+00
   outer loop
     vertex  1.914000e+02 -5.600000e+01  0.000000e+00
     vertex  1.914204e+02 -5.584471e+01  0.000000e+00
     vertex  1.914204e+02 -5.584471e+01  1.510000e+00
   endloop
 endfacet
 facet normal  9.914449e-01 -1.305262e-01  0.000000e+00
   outer loop
     vertex  1.914000e+02 -5.600000e+01  0.000000e+00
     vertex  1.914204e+02 -5.584471e+01  1.510000e+00
     vertex  1.914000e+02 -5.600000e+01  1.510000e+00
   endloop
 endfacet
 facet normal  9.914449e-01  1.305262e-01 -0.000000e+00
   outer loop
     vertex  1.914204e+02 -5.615529e+01  0.000000e+00
     vertex  1.914000e+02 -5.600000e+01  1.510000e+00
     vertex  1.914204e+02 -5.615529e+01  1.510000e+00
   endloop
 endfacet
 facet normal  9.914449e-01  1.305262e-01  0.000000e+00
   outer loop
     vertex  1.914204e+02 -5.615529e+01  0.000000e+00
     vertex  1.914000e+02 -5.600000e+01  0.000000e+00
     vertex  1.914000e+02 -5.600000e+01  1.510000e+00
   endloop
 endfacet
 facet normal  9.238795e-01  3.826834e-01 -0.000000e+00
   outer loop
     vertex  1.914804e+02 -5.630000e+01  0.000000e+00
     vertex  1.914204e+02 -5.615529e+01  1.510000e+00
     vertex  1.914804e+02 -5.630000e+01  1.510000e+00
   endloop
 endfacet
 facet normal  9.238795e-01  3.826834e-01  0.000000e+00
   outer loop
     vertex  1.914804e+02 -5.630000e+01  0.000000e+00
     vertex  1.914204e+02 -5.615529e+01  0.000000e+00
     vertex  1.914204e+02 -5.615529e+01  1.510000e+00
   endloop
 endfacet
 facet normal  6.087614e-01  7.933533e-01 -0.000000e+00
   outer loop
     vertex  1.915757e+02 -5.642426e+01  0.000000e+00
     vertex  1.915757e+02 -5.642426e+01  1.510000e+00
     vertex  1.917000e+02 -5.651962e+01  1.510000e+00
   endloop
 endfacet
 facet normal  7.933533e-01  6.087614e-01 -0.000000e+00
   outer loop
     vertex  1.915757e+02 -5.642426e+01  0.000000e+00
     vertex  1.914804e+02 -5.630000e+01  1.510000e+00
     vertex  1.915757e+02 -5.642426e+01  1.510000e+00
   endloop
 endfacet
 facet normal  7.933533e-01  6.087614e-01  0.000000e+00
   outer loop
     vertex  1.915757e+02 -5.642426e+01  0.000000e+00
     vertex  1.914804e+02 -5.630000e+01  0.000000e+00
     vertex  1.914804e+02 -5.630000e+01  1.510000e+00
   endloop
 endfacet
 facet normal  6.087614e-01  7.933533e-01 -0.000000e+00
   outer loop
     vertex  1.917000e+02 -5.651962e+01  0.000000e+00
     vertex  1.915757e+02 -5.642426e+01  0.000000e+00
     vertex  1.917000e+02 -5.651962e+01  1.510000e+00
   endloop
 endfacet
 facet normal  3.826834e-01  9.238795e-01 -0.000000e+00
   outer loop
     vertex  1.918447e+02 -5.657956e+01  0.000000e+00
     vertex  1.917000e+02 -5.651962e+01  1.510000e+00
     vertex  1.918447e+02 -5.657956e+01  1.510000e+00
   endloop
 endfacet
 facet normal  3.826834e-01  9.238795e-01  0.000000e+00
   outer loop
     vertex  1.918447e+02 -5.657956e+01  0.000000e+00
     vertex  1.917000e+02 -5.651962e+01  0.000000e+00
     vertex  1.917000e+02 -5.651962e+01  1.510000e+00
   endloop
 endfacet
 facet normal  1.305262e-01  9.914449e-01 -0.000000e+00
   outer loop
     vertex  1.920000e+02 -5.660000e+01  0.000000e+00
     vertex  1.918447e+02 -5.657956e+01  1.510000e+00
     vertex  1.920000e+02 -5.660000e+01  1.510000e+00
   endloop
 endfacet
 facet normal  1.305262e-01  9.914449e-01  0.000000e+00
   outer loop
     vertex  1.920000e+02 -5.660000e+01  0.000000e+00
     vertex  1.918447e+02 -5.657956e+01  0.000000e+00
     vertex  1.918447e+02 -5.657956e+01  1.510000e+00
   endloop
 endfacet
 facet normal -1.305262e-01  9.914449e-01  0.000000e+00
   outer loop
     vertex  1.921553e+02 -5.477956e+01  0.000000e+00
     vertex  1.920000e+02 -5.480000e+01  0.000000e+00
     vertex  1.920000e+02 -5.480000e+01  1.510000e+00
   endloop
 endfacet
 facet normal -1.305262e-01  9.914449e-01  0.000000e+00
   outer loop
     vertex  1.921553e+02 -5.477956e+01  0.000000e+00
     vertex  1.920000e+02 -5.480000e+01  1.510000e+00
     vertex  1.921553e+02 -5.477956e+01  1.510000e+00
   endloop
 endfacet
 facet normal -3.826834e-01  9.238795e-01  0.000000e+00
   outer loop
     vertex  1.923000e+02 -5.471962e+01  0.000000e+00
     vertex  1.921553e+02 -5.477956e+01  1.510000e+00
     vertex  1.923000e+02 -5.471962e+01  1.510000e+00
   endloop
 endfacet
 facet normal -3.826834e-01  9.238795e-01  0.000000e+00
   outer loop
     vertex  1.923000e+02 -5.471962e+01  0.000000e+00
     vertex  1.921553e+02 -5.477956e+01  0.000000e+00
     vertex  1.921553e+02 -5.477956e+01  1.510000e+00
   endloop
 endfacet
 facet normal -6.087614e-01  7.933533e-01  0.000000e+00
   outer loop
     vertex  1.924243e+02 -5.462426e+01  0.000000e+00
     vertex  1.923000e+02 -5.471962e+01  1.510000e+00
     vertex  1.924243e+02 -5.462426e+01  1.510000e+00
   endloop
 endfacet
 facet normal -6.087614e-01  7.933533e-01  0.000000e+00
   outer loop
     vertex  1.924243e+02 -5.462426e+01  0.000000e+00
     vertex  1.923000e+02 -5.471962e+01  0.000000e+00
     vertex  1.923000e+02 -5.471962e+01  1.510000e+00
   endloop
 endfacet
 facet normal -7.933533e-01  6.087614e-01  0.000000e+00
   outer loop
     vertex  1.925196e+02 -5.450000e+01  0.000000e+00
     vertex  1.924243e+02 -5.462426e+01  1.510000e+00
     vertex  1.925196e+02 -5.450000e+01  1.510000e+00
   endloop
 endfacet
 facet normal -7.933533e-01  6.087614e-01  0.000000e+00
   outer loop
     vertex  1.925196e+02 -5.450000e+01  0.000000e+00
     vertex  1.924243e+02 -5.462426e+01  0.000000e+00
     vertex  1.924243e+02 -5.462426e+01  1.510000e+00
   endloop
 endfacet
 facet normal -9.238795e-01  3.826834e-01  0.000000e+00
   outer loop
     vertex  1.925796e+02 -5.435529e+01  0.000000e+00
     vertex  1.925196e+02 -5.450000e+01  1.510000e+00
     vertex  1.925796e+02 -5.435529e+01  1.510000e+00
   endloop
 endfacet
 facet normal -9.238795e-01  3.826834e-01  0.000000e+00
   outer loop
     vertex  1.925796e+02 -5.435529e+01  0.000000e+00
     vertex  1.925196e+02 -5.450000e+01  0.000000e+00
     vertex  1.925196e+02 -5.450000e+01  1.510000e+00
   endloop
 endfacet
 facet normal -9.914449e-01  1.305262e-01  0.000000e+00
   outer loop
     vertex  1.926000e+02 -5.420000e+01  0.000000e+00
     vertex  1.925796e+02 -5.435529e+01  1.510000e+00
     vertex  1.926000e+02 -5.420000e+01  1.510000e+00
   endloop
 endfacet
 facet normal -9.914449e-01  1.305262e-01  0.000000e+00
   outer loop
     vertex  1.926000e+02 -5.420000e+01  0.000000e+00
     vertex  1.925796e+02 -5.435529e+01  0.000000e+00
     vertex  1.925796e+02 -5.435529e+01  1.510000e+00
   endloop
 endfacet
 facet normal -9.914449e-01 -1.305262e-01  0.000000e+00
   outer loop
     vertex  1.925796e+02 -5.404471e+01  0.000000e+00
     vertex  1.926000e+02 -5.420000e+01  1.510000e+00
     vertex  1.925796e+02 -5.404471e+01  1.510000e+00
   endloop
 endfacet
 facet normal -9.914449e-01 -1.305262e-01  0.000000e+00
   outer loop
     vertex  1.925796e+02 -5.404471e+01  0.000000e+00
     vertex  1.926000e+02 -5.420000e+01  0.000000e+00
     vertex  1.926000e+02 -5.420000e+01  1.510000e+00
   endloop
 endfacet
 facet normal -9.238795e-01 -3.826834e-01  0.000000e+00
   outer loop
     vertex  1.925196e+02 -5.390000e+01  0.000000e+00
     vertex  1.925796e+02 -5.404471e+01  1.510000e+00
     vertex  1.925196e+02 -5.390000e+01  1.510000e+00
   endloop
 endfacet
 facet normal -9.238795e-01 -3.826834e-01  0.000000e+00
   outer loop
     vertex  1.925196e+02 -5.390000e+01  0.000000e+00
     vertex  1.925796e+02 -5.404471e+01  0.000000e+00
     vertex  1.925796e+02 -5.404471e+01  1.510000e+00
   endloop
 endfacet
 facet normal -7.933533e-01 -6.087614e-01  0.000000e+00
   outer loop
     vertex  1.924243e+02 -5.377574e+01  0.000000e+00
     vertex  1.925196e+02 -5.390000e+01  1.510000e+00
     vertex  1.924243e+02 -5.377574e+01  1.510000e+00
   endloop
 endfacet
 facet normal -7.933533e-01 -6.087614e-01  0.000000e+00
   outer loop
     vertex  1.924243e+02 -5.377574e+01  0.000000e+00
     vertex  1.925196e+02 -5.390000e+01  0.000000e+00
     vertex  1.925196e+02 -5.390000e+01  1.510000e+00
   endloop
 endfacet
 facet normal -6.087614e-01 -7.933533e-01  0.000000e+00
   outer loop
     vertex  1.923000e+02 -5.368038e+01  0.000000e+00
     vertex  1.924243e+02 -5.377574e+01  1.510000e+00
     vertex  1.923000e+02 -5.368038e+01  1.510000e+00
   endloop
 endfacet
 facet normal -6.087614e-01 -7.933533e-01  0.000000e+00
   outer loop
     vertex  1.923000e+02 -5.368038e+01  0.000000e+00
     vertex  1.924243e+02 -5.377574e+01  0.000000e+00
     vertex  1.924243e+02 -5.377574e+01  1.510000e+00
   endloop
 endfacet
 facet normal -3.826834e-01 -9.238795e-01  0.000000e+00
   outer loop
     vertex  1.921553e+02 -5.362044e+01  0.000000e+00
     vertex  1.923000e+02 -5.368038e+01  1.510000e+00
     vertex  1.921553e+02 -5.362044e+01  1.510000e+00
   endloop
 endfacet
 facet normal -3.826834e-01 -9.238795e-01  0.000000e+00
   outer loop
     vertex  1.921553e+02 -5.362044e+01  0.000000e+00
     vertex  1.923000e+02 -5.368038e+01  0.000000e+00
     vertex  1.923000e+02 -5.368038e+01  1.510000e+00
   endloop
 endfacet
 facet normal -1.305262e-01 -9.914449e-01  0.000000e+00
   outer loop
     vertex  1.920000e+02 -5.360000e+01  0.000000e+00
     vertex  1.921553e+02 -5.362044e+01  1.510000e+00
     vertex  1.920000e+02 -5.360000e+01  1.510000e+00
   endloop
 endfacet
 facet normal -1.305262e-01 -9.914449e-01  0.000000e+00
   outer loop
     vertex  1.920000e+02 -5.360000e+01  0.000000e+00
     vertex  1.921553e+02 -5.362044e+01  0.000000e+00
     vertex  1.921553e+02 -5.362044e+01  1.510000e+00
   endloop
 endfacet
 facet normal  1.305262e-01 -9.914449e-01  0.000000e+00
   outer loop
     vertex  1.918447e+02 -5.362044e+01  0.000000e+00
     vertex  1.920000e+02 -5.360000e+01  1.510000e+00
     vertex  1.918447e+02 -5.362044e+01  1.510000e+00
   endloop
 endfacet
 facet normal  1.305262e-01 -9.914449e-01  0.000000e+00
   outer loop
     vertex  1.918447e+02 -5.362044e+01  0.000000e+00
     vertex  1.920000e+02 -5.360000e+01  0.000000e+00
     vertex  1.920000e+02 -5.360000e+01  1.510000e+00
   endloop
 endfacet
 facet normal  3.826834e-01 -9.238795e-01  0.000000e+00
   outer loop
     vertex  1.917000e+02 -5.368038e+01  0.000000e+00
     vertex  1.918447e+02 -5.362044e+01  0.000000e+00
     vertex  1.918447e+02 -5.362044e+01  1.510000e+00
   endloop
 endfacet
 facet normal  3.826834e-01 -9.238795e-01  0.000000e+00
   outer loop
     vertex  1.917000e+02 -5.368038e+01  0.000000e+00
     vertex  1.918447e+02 -5.362044e+01  1.510000e+00
     vertex  1.917000e+02 -5.368038e+01  1.510000e+00
   endloop
 endfacet
 facet normal  6.087614e-01 -7.933533e-01  0.000000e+00
   outer loop
     vertex  1.915757e+02 -5.377574e+01  0.000000e+00
     vertex  1.917000e+02 -5.368038e+01  0.000000e+00
     vertex  1.917000e+02 -5.368038e+01  1.510000e+00
   endloop
 endfacet
 facet normal  7.933533e-01 -6.087614e-01  0.000000e+00
   outer loop
     vertex  1.915757e+02 -5.377574e+01  0.000000e+00
     vertex  1.915757e+02 -5.377574e+01  1.510000e+00
     vertex  1.914804e+02 -5.390000e+01  1.510000e+00
   endloop
 endfacet
 facet normal  6.087614e-01 -7.933533e-01  0.000000e+00
   outer loop
     vertex  1.915757e+02 -5.377574e+01  0.000000e+00
     vertex  1.917000e+02 -5.368038e+01  1.510000e+00
     vertex  1.915757e+02 -5.377574e+01  1.510000e+00
   endloop
 endfacet
 facet normal  7.933533e-01 -6.087614e-01  0.000000e+00
   outer loop
     vertex  1.914804e+02 -5.390000e+01  0.000000e+00
     vertex  1.915757e+02 -5.377574e+01  0.000000e+00
     vertex  1.914804e+02 -5.390000e+01  1.510000e+00
   endloop
 endfacet
 facet normal  9.238795e-01 -3.826834e-01  0.000000e+00
   outer loop
     vertex  1.914804e+02 -5.390000e+01  0.000000e+00
     vertex  1.914804e+02 -5.390000e+01  1.510000e+00
     vertex  1.914204e+02 -5.404471e+01  1.510000e+00
   endloop
 endfacet
 facet normal  9.238795e-01 -3.826834e-01  0.000000e+00
   outer loop
     vertex  1.914204e+02 -5.404471e+01  0.000000e+00
     vertex  1.914804e+02 -5.390000e+01  0.000000e+00
     vertex  1.914204e+02 -5.404471e+01  1.510000e+00
   endloop
 endfacet
 facet normal  9.914449e-01 -1.305262e-01  0.000000e+00
   outer loop
     vertex  1.914000e+02 -5.420000e+01  0.000000e+00
     vertex  1.914204e+02 -5.404471e+01  0.000000e+00
     vertex  1.914204e+02 -5.404471e+01  1.510000e+00
   endloop
 endfacet
 facet normal  9.914449e-01 -1.305262e-01  0.000000e+00
   outer loop
     vertex  1.914000e+02 -5.420000e+01  0.000000e+00
     vertex  1.914204e+02 -5.404471e+01  1.510000e+00
     vertex  1.914000e+02 -5.420000e+01  1.510000e+00
   endloop
 endfacet
 facet normal  9.914449e-01  1.305262e-01 -0.000000e+00
   outer loop
     vertex  1.914204e+02 -5.435529e+01  0.000000e+00
     vertex  1.914000e+02 -5.420000e+01  1.510000e+00
     vertex  1.914204e+02 -5.435529e+01  1.510000e+00
   endloop
 endfacet
 facet normal  9.914449e-01  1.305262e-01  0.000000e+00
   outer loop
     vertex  1.914204e+02 -5.435529e+01  0.000000e+00
     vertex  1.914000e+02 -5.420000e+01  0.000000e+00
     vertex  1.914000e+02 -5.420000e+01  1.510000e+00
   endloop
 endfacet
 facet normal  9.238795e-01  3.826834e-01 -0.000000e+00
   outer loop
     vertex  1.914804e+02 -5.450000e+01  0.000000e+00
     vertex  1.914204e+02 -5.435529e+01  1.510000e+00
     vertex  1.914804e+02 -5.450000e+01  1.510000e+00
   endloop
 endfacet
 facet normal  9.238795e-01  3.826834e-01  0.000000e+00
   outer loop
     vertex  1.914804e+02 -5.450000e+01  0.000000e+00
     vertex  1.914204e+02 -5.435529e+01  0.000000e+00
     vertex  1.914204e+02 -5.435529e+01  1.510000e+00
   endloop
 endfacet
 facet normal  6.087614e-01  7.933533e-01 -0.000000e+00
   outer loop
     vertex  1.915757e+02 -5.462426e+01  0.000000e+00
     vertex  1.915757e+02 -5.462426e+01  1.510000e+00
     vertex  1.917000e+02 -5.471962e+01  1.510000e+00
   endloop
 endfacet
 facet normal  7.933533e-01  6.087614e-01 -0.000000e+00
   outer loop
     vertex  1.915757e+02 -5.462426e+01  0.000000e+00
     vertex  1.914804e+02 -5.450000e+01  1.510000e+00
     vertex  1.915757e+02 -5.462426e+01  1.510000e+00
   endloop
 endfacet
 facet normal  7.933533e-01  6.087614e-01  0.000000e+00
   outer loop
     vertex  1.915757e+02 -5.462426e+01  0.000000e+00
     vertex  1.914804e+02 -5.450000e+01  0.000000e+00
     vertex  1.914804e+02 -5.450000e+01  1.510000e+00
   endloop
 endfacet
 facet normal  6.087614e-01  7.933533e-01 -0.000000e+00
   outer loop
     vertex  1.917000e+02 -5.471962e+01  0.000000e+00
     vertex  1.915757e+02 -5.462426e+01  0.000000e+00
     vertex  1.917000e+02 -5.471962e+01  1.510000e+00
   endloop
 endfacet
 facet normal  3.826834e-01  9.238795e-01 -0.000000e+00
   outer loop
     vertex  1.918447e+02 -5.477956e+01  0.000000e+00
     vertex  1.917000e+02 -5.471962e+01  1.510000e+00
     vertex  1.918447e+02 -5.477956e+01  1.510000e+00
   endloop
 endfacet
 facet normal  3.826834e-01  9.238795e-01  0.000000e+00
   outer loop
     vertex  1.918447e+02 -5.477956e+01  0.000000e+00
     vertex  1.917000e+02 -5.471962e+01  0.000000e+00
     vertex  1.917000e+02 -5.471962e+01  1.510000e+00
   endloop
 endfacet
 facet normal  1.305262e-01  9.914449e-01 -0.000000e+00
   outer loop
     vertex  1.920000e+02 -5.480000e+01  0.000000e+00
     vertex  1.918447e+02 -5.477956e+01  1.510000e+00
     vertex  1.920000e+02 -5.480000e+01  1.510000e+00
   endloop
 endfacet
 facet normal  1.305262e-01  9.914449e-01  0.000000e+00
   outer loop
     vertex  1.920000e+02 -5.480000e+01  0.000000e+00
     vertex  1.918447e+02 -5.477956e+01  0.000000e+00
     vertex  1.918447e+02 -5.477956e+01  1.510000e+00
   endloop
 endfacet
 facet normal -1.305262e-01  9.914449e-01  0.000000e+00
   outer loop
     vertex  1.921553e+02 -5.297956e+01  0.000000e+00
     vertex  1.920000e+02 -5.300000e+01  0.000000e+00
     vertex  1.920000e+02 -5.300000e+01  1.510000e+00
   endloop
 endfacet
 facet normal -1.305262e-01  9.914449e-01  0.000000e+00
   outer loop
     vertex  1.921553e+02 -5.297956e+01  0.000000e+00
     vertex  1.920000e+02 -5.300000e+01  1.510000e+00
     vertex  1.921553e+02 -5.297956e+01  1.510000e+00
   endloop
 endfacet
 facet normal -3.826834e-01  9.238795e-01  0.000000e+00
   outer loop
     vertex  1.923000e+02 -5.291962e+01  0.000000e+00
     vertex  1.921553e+02 -5.297956e+01  1.510000e+00
     vertex  1.923000e+02 -5.291962e+01  1.510000e+00
   endloop
 endfacet
 facet normal -3.826834e-01  9.238795e-01  0.000000e+00
   outer loop
     vertex  1.923000e+02 -5.291962e+01  0.000000e+00
     vertex  1.921553e+02 -5.297956e+01  0.000000e+00
     vertex  1.921553e+02 -5.297956e+01  1.510000e+00
   endloop
 endfacet
 facet normal -6.087614e-01  7.933533e-01  0.000000e+00
   outer loop
     vertex  1.924243e+02 -5.282426e+01  0.000000e+00
     vertex  1.923000e+02 -5.291962e+01  1.510000e+00
     vertex  1.924243e+02 -5.282426e+01  1.510000e+00
   endloop
 endfacet
 facet normal -6.087614e-01  7.933533e-01  0.000000e+00
   outer loop
     vertex  1.924243e+02 -5.282426e+01  0.000000e+00
     vertex  1.923000e+02 -5.291962e+01  0.000000e+00
     vertex  1.923000e+02 -5.291962e+01  1.510000e+00
   endloop
 endfacet
 facet normal -7.933533e-01  6.087614e-01  0.000000e+00
   outer loop
     vertex  1.925196e+02 -5.270000e+01  0.000000e+00
     vertex  1.924243e+02 -5.282426e+01  1.510000e+00
     vertex  1.925196e+02 -5.270000e+01  1.510000e+00
   endloop
 endfacet
 facet normal -7.933533e-01  6.087614e-01  0.000000e+00
   outer loop
     vertex  1.925196e+02 -5.270000e+01  0.000000e+00
     vertex  1.924243e+02 -5.282426e+01  0.000000e+00
     vertex  1.924243e+02 -5.282426e+01  1.510000e+00
   endloop
 endfacet
 facet normal -9.238795e-01  3.826834e-01  0.000000e+00
   outer loop
     vertex  1.925796e+02 -5.255529e+01  0.000000e+00
     vertex  1.925196e+02 -5.270000e+01  1.510000e+00
     vertex  1.925796e+02 -5.255529e+01  1.510000e+00
   endloop
 endfacet
 facet normal -9.238795e-01  3.826834e-01  0.000000e+00
   outer loop
     vertex  1.925796e+02 -5.255529e+01  0.000000e+00
     vertex  1.925196e+02 -5.270000e+01  0.000000e+00
     vertex  1.925196e+02 -5.270000e+01  1.510000e+00
   endloop
 endfacet
 facet normal -9.914449e-01  1.305262e-01  0.000000e+00
   outer loop
     vertex  1.926000e+02 -5.240000e+01  0.000000e+00
     vertex  1.925796e+02 -5.255529e+01  1.510000e+00
     vertex  1.926000e+02 -5.240000e+01  1.510000e+00
   endloop
 endfacet
 facet normal -9.914449e-01  1.305262e-01  0.000000e+00
   outer loop
     vertex  1.926000e+02 -5.240000e+01  0.000000e+00
     vertex  1.925796e+02 -5.255529e+01  0.000000e+00
     vertex  1.925796e+02 -5.255529e+01  1.510000e+00
   endloop
 endfacet
 facet normal -9.914449e-01 -1.305262e-01  0.000000e+00
   outer loop
     vertex  1.925796e+02 -5.224471e+01  0.000000e+00
     vertex  1.926000e+02 -5.240000e+01  1.510000e+00
     vertex  1.925796e+02 -5.224471e+01  1.510000e+00
   endloop
 endfacet
 facet normal -9.914449e-01 -1.305262e-01  0.000000e+00
   outer loop
     vertex  1.925796e+02 -5.224471e+01  0.000000e+00
     vertex  1.926000e+02 -5.240000e+01  0.000000e+00
     vertex  1.926000e+02 -5.240000e+01  1.510000e+00
   endloop
 endfacet
 facet normal -9.238795e-01 -3.826834e-01  0.000000e+00
   outer loop
     vertex  1.925196e+02 -5.210000e+01  0.000000e+00
     vertex  1.925796e+02 -5.224471e+01  1.510000e+00
     vertex  1.925196e+02 -5.210000e+01  1.510000e+00
   endloop
 endfacet
 facet normal -9.238795e-01 -3.826834e-01  0.000000e+00
   outer loop
     vertex  1.925196e+02 -5.210000e+01  0.000000e+00
     vertex  1.925796e+02 -5.224471e+01  0.000000e+00
     vertex  1.925796e+02 -5.224471e+01  1.510000e+00
   endloop
 endfacet
 facet normal -7.933533e-01 -6.087614e-01  0.000000e+00
   outer loop
     vertex  1.924243e+02 -5.197574e+01  0.000000e+00
     vertex  1.925196e+02 -5.210000e+01  1.510000e+00
     vertex  1.924243e+02 -5.197574e+01  1.510000e+00
   endloop
 endfacet
 facet normal -7.933533e-01 -6.087614e-01  0.000000e+00
   outer loop
     vertex  1.924243e+02 -5.197574e+01  0.000000e+00
     vertex  1.925196e+02 -5.210000e+01  0.000000e+00
     vertex  1.925196e+02 -5.210000e+01  1.510000e+00
   endloop
 endfacet
 facet normal -6.087614e-01 -7.933533e-01  0.000000e+00
   outer loop
     vertex  1.923000e+02 -5.188038e+01  0.000000e+00
     vertex  1.924243e+02 -5.197574e+01  1.510000e+00
     vertex  1.923000e+02 -5.188038e+01  1.510000e+00
   endloop
 endfacet
 facet normal -6.087614e-01 -7.933533e-01  0.000000e+00
   outer loop
     vertex  1.923000e+02 -5.188038e+01  0.000000e+00
     vertex  1.924243e+02 -5.197574e+01  0.000000e+00
     vertex  1.924243e+02 -5.197574e+01  1.510000e+00
   endloop
 endfacet
 facet normal -3.826834e-01 -9.238795e-01  0.000000e+00
   outer loop
     vertex  1.921553e+02 -5.182044e+01  0.000000e+00
     vertex  1.923000e+02 -5.188038e+01  1.510000e+00
     vertex  1.921553e+02 -5.182044e+01  1.510000e+00
   endloop
 endfacet
 facet normal -3.826834e-01 -9.238795e-01  0.000000e+00
   outer loop
     vertex  1.921553e+02 -5.182044e+01  0.000000e+00
     vertex  1.923000e+02 -5.188038e+01  0.000000e+00
     vertex  1.923000e+02 -5.188038e+01  1.510000e+00
   endloop
 endfacet
 facet normal -1.305262e-01 -9.914449e-01  0.000000e+00
   outer loop
     vertex  1.920000e+02 -5.180000e+01  0.000000e+00
     vertex  1.921553e+02 -5.182044e+01  1.510000e+00
     vertex  1.920000e+02 -5.180000e+01  1.510000e+00
   endloop
 endfacet
 facet normal -1.305262e-01 -9.914449e-01  0.000000e+00
   outer loop
     vertex  1.920000e+02 -5.180000e+01  0.000000e+00
     vertex  1.921553e+02 -5.182044e+01  0.000000e+00
     vertex  1.921553e+02 -5.182044e+01  1.510000e+00
   endloop
 endfacet
 facet normal  1.305262e-01 -9.914449e-01  0.000000e+00
   outer loop
     vertex  1.918447e+02 -5.182044e+01  0.000000e+00
     vertex  1.920000e+02 -5.180000e+01  1.510000e+00
     vertex  1.918447e+02 -5.182044e+01  1.510000e+00
   endloop
 endfacet
 facet normal  1.305262e-01 -9.914449e-01  0.000000e+00
   outer loop
     vertex  1.918447e+02 -5.182044e+01  0.000000e+00
     vertex  1.920000e+02 -5.180000e+01  0.000000e+00
     vertex  1.920000e+02 -5.180000e+01  1.510000e+00
   endloop
 endfacet
 facet normal  3.826834e-01 -9.238795e-01  0.000000e+00
   outer loop
     vertex  1.917000e+02 -5.188038e+01  0.000000e+00
     vertex  1.918447e+02 -5.182044e+01  0.000000e+00
     vertex  1.918447e+02 -5.182044e+01  1.510000e+00
   endloop
 endfacet
 facet normal  3.826834e-01 -9.238795e-01  0.000000e+00
   outer loop
     vertex  1.917000e+02 -5.188038e+01  0.000000e+00
     vertex  1.918447e+02 -5.182044e+01  1.510000e+00
     vertex  1.917000e+02 -5.188038e+01  1.510000e+00
   endloop
 endfacet
 facet normal  6.087614e-01 -7.933533e-01  0.000000e+00
   outer loop
     vertex  1.915757e+02 -5.197574e+01  0.000000e+00
     vertex  1.917000e+02 -5.188038e+01  0.000000e+00
     vertex  1.917000e+02 -5.188038e+01  1.510000e+00
   endloop
 endfacet
 facet normal  7.933533e-01 -6.087614e-01  0.000000e+00
   outer loop
     vertex  1.915757e+02 -5.197574e+01  0.000000e+00
     vertex  1.915757e+02 -5.197574e+01  1.510000e+00
     vertex  1.914804e+02 -5.210000e+01  1.510000e+00
   endloop
 endfacet
 facet normal  6.087614e-01 -7.933533e-01  0.000000e+00
   outer loop
     vertex  1.915757e+02 -5.197574e+01  0.000000e+00
     vertex  1.917000e+02 -5.188038e+01  1.510000e+00
     vertex  1.915757e+02 -5.197574e+01  1.510000e+00
   endloop
 endfacet
 facet normal  7.933533e-01 -6.087614e-01  0.000000e+00
   outer loop
     vertex  1.914804e+02 -5.210000e+01  0.000000e+00
     vertex  1.915757e+02 -5.197574e+01  0.000000e+00
     vertex  1.914804e+02 -5.210000e+01  1.510000e+00
   endloop
 endfacet
 facet normal  9.238795e-01 -3.826834e-01  0.000000e+00
   outer loop
     vertex  1.914804e+02 -5.210000e+01  0.000000e+00
     vertex  1.914804e+02 -5.210000e+01  1.510000e+00
     vertex  1.914204e+02 -5.224471e+01  1.510000e+00
   endloop
 endfacet
 facet normal  9.238795e-01 -3.826834e-01  0.000000e+00
   outer loop
     vertex  1.914204e+02 -5.224471e+01  0.000000e+00
     vertex  1.914804e+02 -5.210000e+01  0.000000e+00
     vertex  1.914204e+02 -5.224471e+01  1.510000e+00
   endloop
 endfacet
 facet normal  9.914449e-01 -1.305262e-01  0.000000e+00
   outer loop
     vertex  1.914000e+02 -5.240000e+01  0.000000e+00
     vertex  1.914204e+02 -5.224471e+01  0.000000e+00
     vertex  1.914204e+02 -5.224471e+01  1.510000e+00
   endloop
 endfacet
 facet normal  9.914449e-01 -1.305262e-01  0.000000e+00
   outer loop
     vertex  1.914000e+02 -5.240000e+01  0.000000e+00
     vertex  1.914204e+02 -5.224471e+01  1.510000e+00
     vertex  1.914000e+02 -5.240000e+01  1.510000e+00
   endloop
 endfacet
 facet normal  9.914449e-01  1.305262e-01 -0.000000e+00
   outer loop
     vertex  1.914204e+02 -5.255529e+01  0.000000e+00
     vertex  1.914000e+02 -5.240000e+01  1.510000e+00
     vertex  1.914204e+02 -5.255529e+01  1.510000e+00
   endloop
 endfacet
 facet normal  9.914449e-01  1.305262e-01  0.000000e+00
   outer loop
     vertex  1.914204e+02 -5.255529e+01  0.000000e+00
     vertex  1.914000e+02 -5.240000e+01  0.000000e+00
     vertex  1.914000e+02 -5.240000e+01  1.510000e+00
   endloop
 endfacet
 facet normal  9.238795e-01  3.826834e-01 -0.000000e+00
   outer loop
     vertex  1.914804e+02 -5.270000e+01  0.000000e+00
     vertex  1.914204e+02 -5.255529e+01  1.510000e+00
     vertex  1.914804e+02 -5.270000e+01  1.510000e+00
   endloop
 endfacet
 facet normal  9.238795e-01  3.826834e-01  0.000000e+00
   outer loop
     vertex  1.914804e+02 -5.270000e+01  0.000000e+00
     vertex  1.914204e+02 -5.255529e+01  0.000000e+00
     vertex  1.914204e+02 -5.255529e+01  1.510000e+00
   endloop
 endfacet
 facet normal  6.087614e-01  7.933533e-01 -0.000000e+00
   outer loop
     vertex  1.915757e+02 -5.282426e+01  0.000000e+00
     vertex  1.915757e+02 -5.282426e+01  1.510000e+00
     vertex  1.917000e+02 -5.291962e+01  1.510000e+00
   endloop
 endfacet
 facet normal  7.933533e-01  6.087614e-01 -0.000000e+00
   outer loop
     vertex  1.915757e+02 -5.282426e+01  0.000000e+00
     vertex  1.914804e+02 -5.270000e+01  1.510000e+00
     vertex  1.915757e+02 -5.282426e+01  1.510000e+00
   endloop
 endfacet
 facet normal  7.933533e-01  6.087614e-01  0.000000e+00
   outer loop
     vertex  1.915757e+02 -5.282426e+01  0.000000e+00
     vertex  1.914804e+02 -5.270000e+01  0.000000e+00
     vertex  1.914804e+02 -5.270000e+01  1.510000e+00
   endloop
 endfacet
 facet normal  6.087614e-01  7.933533e-01 -0.000000e+00
   outer loop
     vertex  1.917000e+02 -5.291962e+01  0.000000e+00
     vertex  1.915757e+02 -5.282426e+01  0.000000e+00
     vertex  1.917000e+02 -5.291962e+01  1.510000e+00
   endloop
 endfacet
 facet normal  3.826834e-01  9.238795e-01 -0.000000e+00
   outer loop
     vertex  1.918447e+02 -5.297956e+01  0.000000e+00
     vertex  1.917000e+02 -5.291962e+01  1.510000e+00
     vertex  1.918447e+02 -5.297956e+01  1.510000e+00
   endloop
 endfacet
 facet normal  3.826834e-01  9.238795e-01  0.000000e+00
   outer loop
     vertex  1.918447e+02 -5.297956e+01  0.000000e+00
     vertex  1.917000e+02 -5.291962e+01  0.000000e+00
     vertex  1.917000e+02 -5.291962e+01  1.510000e+00
   endloop
 endfacet
 facet normal  1.305262e-01  9.914449e-01 -0.000000e+00
   outer loop
     vertex  1.920000e+02 -5.300000e+01  0.000000e+00
     vertex  1.918447e+02 -5.297956e+01  1.510000e+00
     vertex  1.920000e+02 -5.300000e+01  1.510000e+00
   endloop
 endfacet
 facet normal  1.305262e-01  9.914449e-01  0.000000e+00
   outer loop
     vertex  1.920000e+02 -5.300000e+01  0.000000e+00
     vertex  1.918447e+02 -5.297956e+01  0.000000e+00
     vertex  1.918447e+02 -5.297956e+01  1.510000e+00
   endloop
 endfacet
endsolid
