ISO-10303-21;
HEADER;
/* Generated by software containing ST-Developer
 * from STEP Tools, Inc. (www.steptools.com) 
 */

FILE_DESCRIPTION(
/* description */ (''),
/* implementation_level */ '2;1');

FILE_NAME(
/* name */ 'handle_metal.stp',
/* time_stamp */ '2026-05-05T21:49:41-07:00',
/* author */ ('aaron'),
/* organization */ (''),
/* preprocessor_version */ 'ST-DEVELOPER v20.1',
/* originating_system */ 'Autodesk Inventor 2026',
/* authorisation */ '');

FILE_SCHEMA (('AUTOMOTIVE_DESIGN { 1 0 10303 214 3 1 1 }'));
ENDSEC;

DATA;
#10=MECHANICAL_DESIGN_GEOMETRIC_PRESENTATION_REPRESENTATION('',(#13),#3531);
#11=SHAPE_REPRESENTATION_RELATIONSHIP('SRR','None',#3538,#12);
#12=ADVANCED_BREP_SHAPE_REPRESENTATION('',(#14),#3530);
#13=STYLED_ITEM('',(#3547),#14);
#14=MANIFOLD_SOLID_BREP('Solid1',#2034);
#15=B_SPLINE_SURFACE_WITH_KNOTS('',3,3,((#3245,#3246,#3247,#3248,#3249,
#3250),(#3251,#3252,#3253,#3254,#3255,#3256),(#3257,#3258,#3259,#3260,#3261,
#3262),(#3263,#3264,#3265,#3266,#3267,#3268)),.UNSPECIFIED.,.F.,.F.,.F.,
(4,4),(4,1,1,4),(0.,0.318),(-5.29209240535553E-22,0.308271497212549,0.513785828687582,
0.719300160162615),.UNSPECIFIED.);
#16=B_SPLINE_SURFACE_WITH_KNOTS('',3,3,((#3282,#3283,#3284,#3285,#3286,
#3287),(#3288,#3289,#3290,#3291,#3292,#3293),(#3294,#3295,#3296,#3297,#3298,
#3299),(#3300,#3301,#3302,#3303,#3304,#3305)),.UNSPECIFIED.,.F.,.F.,.F.,
(4,4),(4,1,1,4),(-0.318,1.19704494175092E-21),(-0.719300160162615,-0.411028662950066,
-0.205514331475033,1.15686512929769E-22),.UNSPECIFIED.);
#17=B_SPLINE_SURFACE_WITH_KNOTS('',3,3,((#3402,#3403,#3404,#3405,#3406,
#3407),(#3408,#3409,#3410,#3411,#3412,#3413),(#3414,#3415,#3416,#3417,#3418,
#3419),(#3420,#3421,#3422,#3423,#3424,#3425)),.UNSPECIFIED.,.F.,.F.,.F.,
(4,4),(4,1,1,4),(0.,0.318),(-5.29209240535553E-22,0.308271497212549,0.513785828687582,
0.719300160162615),.UNSPECIFIED.);
#18=B_SPLINE_SURFACE_WITH_KNOTS('',3,3,((#3438,#3439,#3440,#3441,#3442,
#3443),(#3444,#3445,#3446,#3447,#3448,#3449),(#3450,#3451,#3452,#3453,#3454,
#3455),(#3456,#3457,#3458,#3459,#3460,#3461)),.UNSPECIFIED.,.F.,.F.,.F.,
(4,4),(4,1,1,4),(-0.318,1.19704494175092E-21),(-0.719300160162615,-0.411028662950066,
-0.205514331475033,1.15686512929769E-22),.UNSPECIFIED.);
#19=B_SPLINE_CURVE_WITH_KNOTS('',3,(#3223,#3224,#3225,#3226,#3227,#3228,
#3229,#3230,#3231,#3232),.UNSPECIFIED.,.F.,.F.,(4,3,3,4),(0.,0.673198425769241,
1.12199737628207,1.5707963267949),.UNSPECIFIED.);
#20=B_SPLINE_CURVE_WITH_KNOTS('',3,(#3235,#3236,#3237,#3238,#3239,#3240,
#3241,#3242,#3243,#3244),.UNSPECIFIED.,.F.,.F.,(4,3,3,4),(0.,0.448798950512828,
0.897597901025655,1.5707963267949),.UNSPECIFIED.);
#21=B_SPLINE_CURVE_WITH_KNOTS('',3,(#3271,#3272,#3273,#3274,#3275,#3276,
#3277,#3278,#3279,#3280),.UNSPECIFIED.,.F.,.F.,(4,3,3,4),(0.,0.448798950512828,
0.897597901025656,1.5707963267949),.UNSPECIFIED.);
#22=B_SPLINE_CURVE_WITH_KNOTS('',3,(#3308,#3309,#3310,#3311,#3312,#3313,
#3314,#3315,#3316,#3317),.UNSPECIFIED.,.F.,.F.,(4,3,3,4),(0.,0.448798950512828,
0.897597901025655,1.5707963267949),.UNSPECIFIED.);
#23=B_SPLINE_CURVE_WITH_KNOTS('',3,(#3373,#3374,#3375,#3376,#3377,#3378,
#3379,#3380,#3381,#3382),.UNSPECIFIED.,.F.,.F.,(4,3,3,4),(0.,0.448798950512828,
0.897597901025655,1.5707963267949),.UNSPECIFIED.);
#24=B_SPLINE_CURVE_WITH_KNOTS('',3,(#3383,#3384,#3385,#3386,#3387,#3388,
#3389,#3390,#3391,#3392),.UNSPECIFIED.,.F.,.F.,(4,3,3,4),(0.,0.673198425769241,
1.12199737628207,1.5707963267949),.UNSPECIFIED.);
#25=B_SPLINE_CURVE_WITH_KNOTS('',3,(#3428,#3429,#3430,#3431,#3432,#3433,
#3434,#3435,#3436,#3437),.UNSPECIFIED.,.F.,.F.,(4,3,3,4),(0.,0.448798950512828,
0.897597901025656,1.5707963267949),.UNSPECIFIED.);
#26=B_SPLINE_CURVE_WITH_KNOTS('',3,(#3464,#3465,#3466,#3467,#3468,#3469,
#3470,#3471,#3472,#3473),.UNSPECIFIED.,.F.,.F.,(4,3,3,4),(0.,0.448798950512828,
0.897597901025655,1.5707963267949),.UNSPECIFIED.);
#27=FACE_BOUND('',#232,.T.);
#28=FACE_BOUND('',#233,.T.);
#29=FACE_BOUND('',#239,.T.);
#30=FACE_BOUND('',#240,.T.);
#31=FACE_BOUND('',#249,.T.);
#32=FACE_BOUND('',#250,.T.);
#33=FACE_BOUND('',#263,.T.);
#34=FACE_BOUND('',#264,.T.);
#35=FACE_BOUND('',#309,.T.);
#36=FACE_BOUND('',#310,.T.);
#37=FACE_BOUND('',#311,.T.);
#38=FACE_BOUND('',#312,.T.);
#39=FACE_BOUND('',#313,.T.);
#40=FACE_BOUND('',#314,.T.);
#41=FACE_BOUND('',#315,.T.);
#42=FACE_BOUND('',#316,.T.);
#43=FACE_BOUND('',#317,.T.);
#44=FACE_BOUND('',#323,.T.);
#45=FACE_BOUND('',#324,.T.);
#46=FACE_BOUND('',#325,.T.);
#47=FACE_BOUND('',#326,.T.);
#48=FACE_BOUND('',#327,.T.);
#49=FACE_BOUND('',#328,.T.);
#50=FACE_BOUND('',#329,.T.);
#51=FACE_BOUND('',#330,.T.);
#52=FACE_BOUND('',#331,.T.);
#53=PLANE('',#2060);
#54=PLANE('',#2064);
#55=PLANE('',#2070);
#56=PLANE('',#2076);
#57=PLANE('',#2077);
#58=PLANE('',#2078);
#59=PLANE('',#2079);
#60=PLANE('',#2084);
#61=PLANE('',#2090);
#62=PLANE('',#2101);
#63=PLANE('',#2106);
#64=PLANE('',#2109);
#65=PLANE('',#2110);
#66=PLANE('',#2111);
#67=PLANE('',#2122);
#68=PLANE('',#2154);
#69=PLANE('',#2157);
#70=PLANE('',#2158);
#71=PLANE('',#2159);
#72=PLANE('',#2160);
#73=PLANE('',#2161);
#74=PLANE('',#2162);
#75=PLANE('',#2163);
#76=PLANE('',#2164);
#77=PLANE('',#2165);
#78=PLANE('',#2166);
#79=PLANE('',#2167);
#80=PLANE('',#2168);
#81=PLANE('',#2169);
#82=PLANE('',#2170);
#83=PLANE('',#2171);
#84=PLANE('',#2172);
#85=PLANE('',#2173);
#86=PLANE('',#2174);
#87=PLANE('',#2175);
#88=PLANE('',#2176);
#89=PLANE('',#2177);
#90=PLANE('',#2184);
#91=PLANE('',#2189);
#92=PLANE('',#2192);
#93=PLANE('',#2193);
#94=PLANE('',#2194);
#95=PLANE('',#2195);
#96=PLANE('',#2196);
#97=PLANE('',#2197);
#98=PLANE('',#2199);
#99=PLANE('',#2201);
#100=PLANE('',#2203);
#101=PLANE('',#2204);
#102=PLANE('',#2205);
#103=PLANE('',#2206);
#104=PLANE('',#2212);
#105=PLANE('',#2217);
#106=PLANE('',#2218);
#107=PLANE('',#2219);
#108=PLANE('',#2220);
#109=PLANE('',#2222);
#110=PLANE('',#2223);
#111=PLANE('',#2225);
#112=PLANE('',#2227);
#113=PLANE('',#2229);
#114=FACE_OUTER_BOUND('',#219,.T.);
#115=FACE_OUTER_BOUND('',#220,.T.);
#116=FACE_OUTER_BOUND('',#221,.T.);
#117=FACE_OUTER_BOUND('',#222,.T.);
#118=FACE_OUTER_BOUND('',#223,.T.);
#119=FACE_OUTER_BOUND('',#224,.T.);
#120=FACE_OUTER_BOUND('',#225,.T.);
#121=FACE_OUTER_BOUND('',#226,.T.);
#122=FACE_OUTER_BOUND('',#227,.T.);
#123=FACE_OUTER_BOUND('',#228,.T.);
#124=FACE_OUTER_BOUND('',#229,.T.);
#125=FACE_OUTER_BOUND('',#230,.T.);
#126=FACE_OUTER_BOUND('',#231,.T.);
#127=FACE_OUTER_BOUND('',#234,.T.);
#128=FACE_OUTER_BOUND('',#235,.T.);
#129=FACE_OUTER_BOUND('',#236,.T.);
#130=FACE_OUTER_BOUND('',#237,.T.);
#131=FACE_OUTER_BOUND('',#238,.T.);
#132=FACE_OUTER_BOUND('',#241,.T.);
#133=FACE_OUTER_BOUND('',#242,.T.);
#134=FACE_OUTER_BOUND('',#243,.T.);
#135=FACE_OUTER_BOUND('',#244,.T.);
#136=FACE_OUTER_BOUND('',#245,.T.);
#137=FACE_OUTER_BOUND('',#246,.T.);
#138=FACE_OUTER_BOUND('',#247,.T.);
#139=FACE_OUTER_BOUND('',#248,.T.);
#140=FACE_OUTER_BOUND('',#251,.T.);
#141=FACE_OUTER_BOUND('',#252,.T.);
#142=FACE_OUTER_BOUND('',#253,.T.);
#143=FACE_OUTER_BOUND('',#254,.T.);
#144=FACE_OUTER_BOUND('',#255,.T.);
#145=FACE_OUTER_BOUND('',#256,.T.);
#146=FACE_OUTER_BOUND('',#257,.T.);
#147=FACE_OUTER_BOUND('',#258,.T.);
#148=FACE_OUTER_BOUND('',#259,.T.);
#149=FACE_OUTER_BOUND('',#260,.T.);
#150=FACE_OUTER_BOUND('',#261,.T.);
#151=FACE_OUTER_BOUND('',#262,.T.);
#152=FACE_OUTER_BOUND('',#265,.T.);
#153=FACE_OUTER_BOUND('',#266,.T.);
#154=FACE_OUTER_BOUND('',#267,.T.);
#155=FACE_OUTER_BOUND('',#268,.T.);
#156=FACE_OUTER_BOUND('',#269,.T.);
#157=FACE_OUTER_BOUND('',#270,.T.);
#158=FACE_OUTER_BOUND('',#271,.T.);
#159=FACE_OUTER_BOUND('',#272,.T.);
#160=FACE_OUTER_BOUND('',#273,.T.);
#161=FACE_OUTER_BOUND('',#274,.T.);
#162=FACE_OUTER_BOUND('',#275,.T.);
#163=FACE_OUTER_BOUND('',#276,.T.);
#164=FACE_OUTER_BOUND('',#277,.T.);
#165=FACE_OUTER_BOUND('',#278,.T.);
#166=FACE_OUTER_BOUND('',#279,.T.);
#167=FACE_OUTER_BOUND('',#280,.T.);
#168=FACE_OUTER_BOUND('',#281,.T.);
#169=FACE_OUTER_BOUND('',#282,.T.);
#170=FACE_OUTER_BOUND('',#283,.T.);
#171=FACE_OUTER_BOUND('',#284,.T.);
#172=FACE_OUTER_BOUND('',#285,.T.);
#173=FACE_OUTER_BOUND('',#286,.T.);
#174=FACE_OUTER_BOUND('',#287,.T.);
#175=FACE_OUTER_BOUND('',#288,.T.);
#176=FACE_OUTER_BOUND('',#289,.T.);
#177=FACE_OUTER_BOUND('',#290,.T.);
#178=FACE_OUTER_BOUND('',#291,.T.);
#179=FACE_OUTER_BOUND('',#292,.T.);
#180=FACE_OUTER_BOUND('',#293,.T.);
#181=FACE_OUTER_BOUND('',#294,.T.);
#182=FACE_OUTER_BOUND('',#295,.T.);
#183=FACE_OUTER_BOUND('',#296,.T.);
#184=FACE_OUTER_BOUND('',#297,.T.);
#185=FACE_OUTER_BOUND('',#298,.T.);
#186=FACE_OUTER_BOUND('',#299,.T.);
#187=FACE_OUTER_BOUND('',#300,.T.);
#188=FACE_OUTER_BOUND('',#301,.T.);
#189=FACE_OUTER_BOUND('',#302,.T.);
#190=FACE_OUTER_BOUND('',#303,.T.);
#191=FACE_OUTER_BOUND('',#304,.T.);
#192=FACE_OUTER_BOUND('',#305,.T.);
#193=FACE_OUTER_BOUND('',#306,.T.);
#194=FACE_OUTER_BOUND('',#307,.T.);
#195=FACE_OUTER_BOUND('',#308,.T.);
#196=FACE_OUTER_BOUND('',#318,.T.);
#197=FACE_OUTER_BOUND('',#319,.T.);
#198=FACE_OUTER_BOUND('',#320,.T.);
#199=FACE_OUTER_BOUND('',#321,.T.);
#200=FACE_OUTER_BOUND('',#322,.T.);
#201=FACE_OUTER_BOUND('',#332,.T.);
#202=FACE_OUTER_BOUND('',#333,.T.);
#203=FACE_OUTER_BOUND('',#334,.T.);
#204=FACE_OUTER_BOUND('',#335,.T.);
#205=FACE_OUTER_BOUND('',#336,.T.);
#206=FACE_OUTER_BOUND('',#337,.T.);
#207=FACE_OUTER_BOUND('',#338,.T.);
#208=FACE_OUTER_BOUND('',#339,.T.);
#209=FACE_OUTER_BOUND('',#340,.T.);
#210=FACE_OUTER_BOUND('',#341,.T.);
#211=FACE_OUTER_BOUND('',#342,.T.);
#212=FACE_OUTER_BOUND('',#343,.T.);
#213=FACE_OUTER_BOUND('',#344,.T.);
#214=FACE_OUTER_BOUND('',#345,.T.);
#215=FACE_OUTER_BOUND('',#346,.T.);
#216=FACE_OUTER_BOUND('',#347,.T.);
#217=FACE_OUTER_BOUND('',#348,.T.);
#218=FACE_OUTER_BOUND('',#349,.T.);
#219=EDGE_LOOP('',(#1311,#1312,#1313,#1314));
#220=EDGE_LOOP('',(#1315,#1316,#1317,#1318));
#221=EDGE_LOOP('',(#1319,#1320,#1321,#1322));
#222=EDGE_LOOP('',(#1323,#1324,#1325,#1326,#1327,#1328,#1329,#1330));
#223=EDGE_LOOP('',(#1331,#1332,#1333,#1334));
#224=EDGE_LOOP('',(#1335,#1336,#1337,#1338,#1339,#1340,#1341,#1342));
#225=EDGE_LOOP('',(#1343,#1344,#1345,#1346));
#226=EDGE_LOOP('',(#1347,#1348,#1349,#1350));
#227=EDGE_LOOP('',(#1351,#1352,#1353,#1354));
#228=EDGE_LOOP('',(#1355,#1356,#1357,#1358));
#229=EDGE_LOOP('',(#1359,#1360,#1361,#1362,#1363,#1364,#1365,#1366));
#230=EDGE_LOOP('',(#1367,#1368,#1369,#1370));
#231=EDGE_LOOP('',(#1371,#1372,#1373,#1374,#1375,#1376,#1377,#1378,#1379,
#1380,#1381,#1382));
#232=EDGE_LOOP('',(#1383));
#233=EDGE_LOOP('',(#1384));
#234=EDGE_LOOP('',(#1385,#1386,#1387,#1388,#1389,#1390,#1391,#1392,#1393,
#1394,#1395,#1396,#1397,#1398,#1399,#1400));
#235=EDGE_LOOP('',(#1401,#1402,#1403,#1404));
#236=EDGE_LOOP('',(#1405,#1406,#1407,#1408));
#237=EDGE_LOOP('',(#1409,#1410,#1411,#1412));
#238=EDGE_LOOP('',(#1413,#1414,#1415,#1416,#1417,#1418,#1419,#1420,#1421,
#1422,#1423,#1424));
#239=EDGE_LOOP('',(#1425));
#240=EDGE_LOOP('',(#1426));
#241=EDGE_LOOP('',(#1427,#1428,#1429,#1430,#1431,#1432,#1433,#1434));
#242=EDGE_LOOP('',(#1435,#1436,#1437,#1438));
#243=EDGE_LOOP('',(#1439,#1440,#1441,#1442));
#244=EDGE_LOOP('',(#1443,#1444,#1445,#1446,#1447,#1448,#1449,#1450,#1451,
#1452,#1453,#1454,#1455,#1456,#1457,#1458));
#245=EDGE_LOOP('',(#1459,#1460,#1461,#1462));
#246=EDGE_LOOP('',(#1463,#1464,#1465,#1466));
#247=EDGE_LOOP('',(#1467,#1468,#1469,#1470));
#248=EDGE_LOOP('',(#1471,#1472,#1473,#1474,#1475,#1476,#1477,#1478,#1479,
#1480,#1481,#1482));
#249=EDGE_LOOP('',(#1483));
#250=EDGE_LOOP('',(#1484));
#251=EDGE_LOOP('',(#1485,#1486,#1487,#1488));
#252=EDGE_LOOP('',(#1489,#1490,#1491,#1492));
#253=EDGE_LOOP('',(#1493,#1494,#1495,#1496));
#254=EDGE_LOOP('',(#1497,#1498,#1499,#1500));
#255=EDGE_LOOP('',(#1501,#1502,#1503,#1504));
#256=EDGE_LOOP('',(#1505,#1506,#1507,#1508));
#257=EDGE_LOOP('',(#1509,#1510,#1511,#1512));
#258=EDGE_LOOP('',(#1513,#1514,#1515,#1516));
#259=EDGE_LOOP('',(#1517,#1518,#1519,#1520));
#260=EDGE_LOOP('',(#1521,#1522,#1523,#1524));
#261=EDGE_LOOP('',(#1525,#1526,#1527,#1528));
#262=EDGE_LOOP('',(#1529,#1530,#1531,#1532,#1533,#1534,#1535,#1536,#1537,
#1538,#1539,#1540));
#263=EDGE_LOOP('',(#1541));
#264=EDGE_LOOP('',(#1542));
#265=EDGE_LOOP('',(#1543,#1544,#1545,#1546));
#266=EDGE_LOOP('',(#1547,#1548,#1549,#1550));
#267=EDGE_LOOP('',(#1551,#1552,#1553,#1554));
#268=EDGE_LOOP('',(#1555,#1556,#1557,#1558));
#269=EDGE_LOOP('',(#1559,#1560,#1561,#1562));
#270=EDGE_LOOP('',(#1563,#1564,#1565,#1566));
#271=EDGE_LOOP('',(#1567,#1568,#1569,#1570));
#272=EDGE_LOOP('',(#1571,#1572,#1573,#1574));
#273=EDGE_LOOP('',(#1575,#1576,#1577,#1578));
#274=EDGE_LOOP('',(#1579,#1580,#1581,#1582));
#275=EDGE_LOOP('',(#1583,#1584,#1585,#1586));
#276=EDGE_LOOP('',(#1587,#1588,#1589,#1590));
#277=EDGE_LOOP('',(#1591,#1592,#1593,#1594));
#278=EDGE_LOOP('',(#1595,#1596,#1597,#1598));
#279=EDGE_LOOP('',(#1599,#1600,#1601,#1602));
#280=EDGE_LOOP('',(#1603,#1604,#1605,#1606));
#281=EDGE_LOOP('',(#1607,#1608,#1609,#1610));
#282=EDGE_LOOP('',(#1611,#1612,#1613,#1614));
#283=EDGE_LOOP('',(#1615,#1616,#1617,#1618));
#284=EDGE_LOOP('',(#1619,#1620,#1621,#1622));
#285=EDGE_LOOP('',(#1623,#1624,#1625,#1626));
#286=EDGE_LOOP('',(#1627,#1628,#1629,#1630));
#287=EDGE_LOOP('',(#1631,#1632,#1633,#1634));
#288=EDGE_LOOP('',(#1635,#1636,#1637,#1638));
#289=EDGE_LOOP('',(#1639,#1640,#1641,#1642));
#290=EDGE_LOOP('',(#1643,#1644,#1645,#1646));
#291=EDGE_LOOP('',(#1647,#1648,#1649,#1650));
#292=EDGE_LOOP('',(#1651,#1652,#1653,#1654));
#293=EDGE_LOOP('',(#1655,#1656,#1657,#1658));
#294=EDGE_LOOP('',(#1659,#1660,#1661,#1662));
#295=EDGE_LOOP('',(#1663,#1664,#1665,#1666));
#296=EDGE_LOOP('',(#1667,#1668,#1669,#1670));
#297=EDGE_LOOP('',(#1671,#1672,#1673,#1674));
#298=EDGE_LOOP('',(#1675,#1676,#1677,#1678));
#299=EDGE_LOOP('',(#1679,#1680,#1681,#1682));
#300=EDGE_LOOP('',(#1683,#1684,#1685,#1686));
#301=EDGE_LOOP('',(#1687,#1688,#1689,#1690,#1691,#1692,#1693,#1694,#1695,
#1696,#1697,#1698,#1699,#1700,#1701,#1702));
#302=EDGE_LOOP('',(#1703,#1704,#1705,#1706));
#303=EDGE_LOOP('',(#1707,#1708,#1709,#1710));
#304=EDGE_LOOP('',(#1711,#1712,#1713,#1714));
#305=EDGE_LOOP('',(#1715,#1716,#1717,#1718));
#306=EDGE_LOOP('',(#1719,#1720,#1721,#1722));
#307=EDGE_LOOP('',(#1723,#1724,#1725,#1726));
#308=EDGE_LOOP('',(#1727,#1728,#1729,#1730));
#309=EDGE_LOOP('',(#1731));
#310=EDGE_LOOP('',(#1732));
#311=EDGE_LOOP('',(#1733));
#312=EDGE_LOOP('',(#1734));
#313=EDGE_LOOP('',(#1735));
#314=EDGE_LOOP('',(#1736));
#315=EDGE_LOOP('',(#1737,#1738,#1739,#1740,#1741,#1742,#1743,#1744,#1745,
#1746));
#316=EDGE_LOOP('',(#1747,#1748,#1749,#1750,#1751,#1752,#1753));
#317=EDGE_LOOP('',(#1754,#1755,#1756,#1757));
#318=EDGE_LOOP('',(#1758,#1759,#1760,#1761));
#319=EDGE_LOOP('',(#1762,#1763,#1764,#1765));
#320=EDGE_LOOP('',(#1766,#1767,#1768,#1769));
#321=EDGE_LOOP('',(#1770,#1771,#1772,#1773));
#322=EDGE_LOOP('',(#1774,#1775,#1776,#1777));
#323=EDGE_LOOP('',(#1778));
#324=EDGE_LOOP('',(#1779));
#325=EDGE_LOOP('',(#1780));
#326=EDGE_LOOP('',(#1781));
#327=EDGE_LOOP('',(#1782));
#328=EDGE_LOOP('',(#1783));
#329=EDGE_LOOP('',(#1784,#1785,#1786,#1787,#1788,#1789,#1790,#1791,#1792,
#1793));
#330=EDGE_LOOP('',(#1794,#1795,#1796,#1797,#1798,#1799,#1800));
#331=EDGE_LOOP('',(#1801,#1802,#1803,#1804));
#332=EDGE_LOOP('',(#1805,#1806,#1807,#1808));
#333=EDGE_LOOP('',(#1809,#1810,#1811,#1812));
#334=EDGE_LOOP('',(#1813,#1814,#1815,#1816));
#335=EDGE_LOOP('',(#1817,#1818,#1819,#1820));
#336=EDGE_LOOP('',(#1821,#1822,#1823,#1824));
#337=EDGE_LOOP('',(#1825,#1826,#1827,#1828));
#338=EDGE_LOOP('',(#1829,#1830,#1831,#1832));
#339=EDGE_LOOP('',(#1833,#1834,#1835,#1836));
#340=EDGE_LOOP('',(#1837,#1838,#1839,#1840,#1841,#1842,#1843,#1844,#1845,
#1846,#1847,#1848,#1849,#1850,#1851,#1852));
#341=EDGE_LOOP('',(#1853,#1854,#1855,#1856));
#342=EDGE_LOOP('',(#1857,#1858,#1859,#1860));
#343=EDGE_LOOP('',(#1861,#1862,#1863,#1864));
#344=EDGE_LOOP('',(#1865,#1866,#1867,#1868));
#345=EDGE_LOOP('',(#1869,#1870,#1871,#1872));
#346=EDGE_LOOP('',(#1873,#1874,#1875,#1876));
#347=EDGE_LOOP('',(#1877,#1878,#1879,#1880));
#348=EDGE_LOOP('',(#1881,#1882,#1883,#1884));
#349=EDGE_LOOP('',(#1885,#1886,#1887,#1888));
#350=LINE('',#2793,#559);
#351=LINE('',#2796,#560);
#352=LINE('',#2799,#561);
#353=LINE('',#2801,#562);
#354=LINE('',#2802,#563);
#355=LINE('',#2807,#564);
#356=LINE('',#2811,#565);
#357=LINE('',#2815,#566);
#358=LINE('',#2817,#567);
#359=LINE('',#2819,#568);
#360=LINE('',#2822,#569);
#361=LINE('',#2828,#570);
#362=LINE('',#2831,#571);
#363=LINE('',#2834,#572);
#364=LINE('',#2838,#573);
#365=LINE('',#2840,#574);
#366=LINE('',#2842,#575);
#367=LINE('',#2845,#576);
#368=LINE('',#2851,#577);
#369=LINE('',#2854,#578);
#370=LINE('',#2856,#579);
#371=LINE('',#2857,#580);
#372=LINE('',#2861,#581);
#373=LINE('',#2863,#582);
#374=LINE('',#2865,#583);
#375=LINE('',#2866,#584);
#376=LINE('',#2869,#585);
#377=LINE('',#2871,#586);
#378=LINE('',#2872,#587);
#379=LINE('',#2875,#588);
#380=LINE('',#2878,#589);
#381=LINE('',#2880,#590);
#382=LINE('',#2883,#591);
#383=LINE('',#2886,#592);
#384=LINE('',#2889,#593);
#385=LINE('',#2893,#594);
#386=LINE('',#2897,#595);
#387=LINE('',#2901,#596);
#388=LINE('',#2902,#597);
#389=LINE('',#2909,#598);
#390=LINE('',#2911,#599);
#391=LINE('',#2915,#600);
#392=LINE('',#2919,#601);
#393=LINE('',#2923,#602);
#394=LINE('',#2927,#603);
#395=LINE('',#2928,#604);
#396=LINE('',#2931,#605);
#397=LINE('',#2936,#606);
#398=LINE('',#2941,#607);
#399=LINE('',#2945,#608);
#400=LINE('',#2948,#609);
#401=LINE('',#2955,#610);
#402=LINE('',#2959,#611);
#403=LINE('',#2961,#612);
#404=LINE('',#2963,#613);
#405=LINE('',#2966,#614);
#406=LINE('',#2969,#615);
#407=LINE('',#2971,#616);
#408=LINE('',#2972,#617);
#409=LINE('',#2975,#618);
#410=LINE('',#2977,#619);
#411=LINE('',#2978,#620);
#412=LINE('',#2981,#621);
#413=LINE('',#2983,#622);
#414=LINE('',#2987,#623);
#415=LINE('',#2991,#624);
#416=LINE('',#2995,#625);
#417=LINE('',#2999,#626);
#418=LINE('',#3000,#627);
#419=LINE('',#3003,#628);
#420=LINE('',#3006,#629);
#421=LINE('',#3009,#630);
#422=LINE('',#3014,#631);
#423=LINE('',#3017,#632);
#424=LINE('',#3021,#633);
#425=LINE('',#3024,#634);
#426=LINE('',#3034,#635);
#427=LINE('',#3040,#636);
#428=LINE('',#3046,#637);
#429=LINE('',#3052,#638);
#430=LINE('',#3058,#639);
#431=LINE('',#3064,#640);
#432=LINE('',#3067,#641);
#433=LINE('',#3071,#642);
#434=LINE('',#3075,#643);
#435=LINE('',#3079,#644);
#436=LINE('',#3082,#645);
#437=LINE('',#3086,#646);
#438=LINE('',#3090,#647);
#439=LINE('',#3091,#648);
#440=LINE('',#3095,#649);
#441=LINE('',#3097,#650);
#442=LINE('',#3099,#651);
#443=LINE('',#3100,#652);
#444=LINE('',#3103,#653);
#445=LINE('',#3105,#654);
#446=LINE('',#3106,#655);
#447=LINE('',#3109,#656);
#448=LINE('',#3111,#657);
#449=LINE('',#3112,#658);
#450=LINE('',#3115,#659);
#451=LINE('',#3117,#660);
#452=LINE('',#3118,#661);
#453=LINE('',#3121,#662);
#454=LINE('',#3123,#663);
#455=LINE('',#3124,#664);
#456=LINE('',#3127,#665);
#457=LINE('',#3129,#666);
#458=LINE('',#3130,#667);
#459=LINE('',#3133,#668);
#460=LINE('',#3135,#669);
#461=LINE('',#3136,#670);
#462=LINE('',#3139,#671);
#463=LINE('',#3141,#672);
#464=LINE('',#3142,#673);
#465=LINE('',#3145,#674);
#466=LINE('',#3147,#675);
#467=LINE('',#3148,#676);
#468=LINE('',#3150,#677);
#469=LINE('',#3151,#678);
#470=LINE('',#3155,#679);
#471=LINE('',#3157,#680);
#472=LINE('',#3159,#681);
#473=LINE('',#3160,#682);
#474=LINE('',#3163,#683);
#475=LINE('',#3165,#684);
#476=LINE('',#3166,#685);
#477=LINE('',#3169,#686);
#478=LINE('',#3171,#687);
#479=LINE('',#3172,#688);
#480=LINE('',#3175,#689);
#481=LINE('',#3177,#690);
#482=LINE('',#3178,#691);
#483=LINE('',#3181,#692);
#484=LINE('',#3183,#693);
#485=LINE('',#3184,#694);
#486=LINE('',#3187,#695);
#487=LINE('',#3189,#696);
#488=LINE('',#3190,#697);
#489=LINE('',#3192,#698);
#490=LINE('',#3193,#699);
#491=LINE('',#3197,#700);
#492=LINE('',#3199,#701);
#493=LINE('',#3201,#702);
#494=LINE('',#3202,#703);
#495=LINE('',#3205,#704);
#496=LINE('',#3207,#705);
#497=LINE('',#3208,#706);
#498=LINE('',#3211,#707);
#499=LINE('',#3213,#708);
#500=LINE('',#3214,#709);
#501=LINE('',#3216,#710);
#502=LINE('',#3217,#711);
#503=LINE('',#3221,#712);
#504=LINE('',#3234,#713);
#505=LINE('',#3270,#714);
#506=LINE('',#3281,#715);
#507=LINE('',#3306,#716);
#508=LINE('',#3318,#717);
#509=LINE('',#3320,#718);
#510=LINE('',#3324,#719);
#511=LINE('',#3327,#720);
#512=LINE('',#3331,#721);
#513=LINE('',#3332,#722);
#514=LINE('',#3336,#723);
#515=LINE('',#3341,#724);
#516=LINE('',#3342,#725);
#517=LINE('',#3344,#726);
#518=LINE('',#3348,#727);
#519=LINE('',#3350,#728);
#520=LINE('',#3351,#729);
#521=LINE('',#3353,#730);
#522=LINE('',#3354,#731);
#523=LINE('',#3356,#732);
#524=LINE('',#3358,#733);
#525=LINE('',#3361,#734);
#526=LINE('',#3363,#735);
#527=LINE('',#3364,#736);
#528=LINE('',#3366,#737);
#529=LINE('',#3372,#738);
#530=LINE('',#3396,#739);
#531=LINE('',#3397,#740);
#532=LINE('',#3398,#741);
#533=LINE('',#3400,#742);
#534=LINE('',#3401,#743);
#535=LINE('',#3427,#744);
#536=LINE('',#3462,#745);
#537=LINE('',#3474,#746);
#538=LINE('',#3476,#747);
#539=LINE('',#3479,#748);
#540=LINE('',#3483,#749);
#541=LINE('',#3486,#750);
#542=LINE('',#3490,#751);
#543=LINE('',#3491,#752);
#544=LINE('',#3494,#753);
#545=LINE('',#3498,#754);
#546=LINE('',#3501,#755);
#547=LINE('',#3503,#756);
#548=LINE('',#3505,#757);
#549=LINE('',#3506,#758);
#550=LINE('',#3509,#759);
#551=LINE('',#3510,#760);
#552=LINE('',#3512,#761);
#553=LINE('',#3514,#762);
#554=LINE('',#3516,#763);
#555=LINE('',#3520,#764);
#556=LINE('',#3522,#765);
#557=LINE('',#3523,#766);
#558=LINE('',#3525,#767);
#559=VECTOR('',#2236,10.);
#560=VECTOR('',#2239,10.);
#561=VECTOR('',#2242,10.);
#562=VECTOR('',#2243,10.);
#563=VECTOR('',#2244,10.);
#564=VECTOR('',#2249,10.);
#565=VECTOR('',#2254,10.);
#566=VECTOR('',#2257,10.);
#567=VECTOR('',#2258,10.);
#568=VECTOR('',#2259,10.);
#569=VECTOR('',#2262,10.);
#570=VECTOR('',#2267,10.);
#571=VECTOR('',#2270,10.);
#572=VECTOR('',#2273,10.);
#573=VECTOR('',#2276,10.);
#574=VECTOR('',#2277,10.);
#575=VECTOR('',#2278,10.);
#576=VECTOR('',#2281,10.);
#577=VECTOR('',#2286,10.);
#578=VECTOR('',#2289,10.);
#579=VECTOR('',#2292,10.);
#580=VECTOR('',#2293,10.);
#581=VECTOR('',#2296,10.);
#582=VECTOR('',#2297,10.);
#583=VECTOR('',#2298,10.);
#584=VECTOR('',#2299,10.);
#585=VECTOR('',#2302,10.);
#586=VECTOR('',#2303,10.);
#587=VECTOR('',#2304,10.);
#588=VECTOR('',#2307,10.);
#589=VECTOR('',#2310,10.);
#590=VECTOR('',#2311,10.);
#591=VECTOR('',#2314,10.);
#592=VECTOR('',#2317,10.);
#593=VECTOR('',#2320,10.);
#594=VECTOR('',#2325,10.);
#595=VECTOR('',#2328,10.);
#596=VECTOR('',#2331,10.);
#597=VECTOR('',#2332,10.);
#598=VECTOR('',#2339,10.);
#599=VECTOR('',#2340,10.);
#600=VECTOR('',#2343,10.);
#601=VECTOR('',#2346,10.);
#602=VECTOR('',#2349,10.);
#603=VECTOR('',#2352,10.);
#604=VECTOR('',#2353,10.);
#605=VECTOR('',#2356,10.);
#606=VECTOR('',#2363,10.);
#607=VECTOR('',#2370,10.);
#608=VECTOR('',#2373,10.);
#609=VECTOR('',#2376,10.);
#610=VECTOR('',#2383,10.);
#611=VECTOR('',#2386,10.);
#612=VECTOR('',#2387,10.);
#613=VECTOR('',#2388,10.);
#614=VECTOR('',#2391,10.);
#615=VECTOR('',#2394,10.);
#616=VECTOR('',#2395,10.);
#617=VECTOR('',#2396,10.);
#618=VECTOR('',#2399,10.);
#619=VECTOR('',#2400,10.);
#620=VECTOR('',#2401,10.);
#621=VECTOR('',#2404,10.);
#622=VECTOR('',#2405,10.);
#623=VECTOR('',#2408,10.);
#624=VECTOR('',#2411,10.);
#625=VECTOR('',#2414,10.);
#626=VECTOR('',#2417,10.);
#627=VECTOR('',#2418,10.);
#628=VECTOR('',#2421,10.);
#629=VECTOR('',#2424,10.);
#630=VECTOR('',#2427,10.);
#631=VECTOR('',#2434,10.);
#632=VECTOR('',#2437,10.);
#633=VECTOR('',#2440,10.);
#634=VECTOR('',#2443,10.);
#635=VECTOR('',#2454,1.6);
#636=VECTOR('',#2461,1.6);
#637=VECTOR('',#2468,1.6);
#638=VECTOR('',#2475,1.6);
#639=VECTOR('',#2482,1.6);
#640=VECTOR('',#2489,1.6);
#641=VECTOR('',#2494,2.1500000000004);
#642=VECTOR('',#2501,2.65000000000049);
#643=VECTOR('',#2506,2.1500000000004);
#644=VECTOR('',#2511,2.65000000000049);
#645=VECTOR('',#2514,10.);
#646=VECTOR('',#2517,10.);
#647=VECTOR('',#2520,10.);
#648=VECTOR('',#2521,10.);
#649=VECTOR('',#2524,10.);
#650=VECTOR('',#2525,10.);
#651=VECTOR('',#2526,10.);
#652=VECTOR('',#2527,10.);
#653=VECTOR('',#2530,10.);
#654=VECTOR('',#2531,10.);
#655=VECTOR('',#2532,10.);
#656=VECTOR('',#2535,10.);
#657=VECTOR('',#2536,10.);
#658=VECTOR('',#2537,10.);
#659=VECTOR('',#2540,10.);
#660=VECTOR('',#2541,10.);
#661=VECTOR('',#2542,10.);
#662=VECTOR('',#2545,10.);
#663=VECTOR('',#2546,10.);
#664=VECTOR('',#2547,10.);
#665=VECTOR('',#2550,10.);
#666=VECTOR('',#2551,10.);
#667=VECTOR('',#2552,10.);
#668=VECTOR('',#2555,10.);
#669=VECTOR('',#2556,10.);
#670=VECTOR('',#2557,10.);
#671=VECTOR('',#2560,10.);
#672=VECTOR('',#2561,10.);
#673=VECTOR('',#2562,10.);
#674=VECTOR('',#2565,10.);
#675=VECTOR('',#2566,10.);
#676=VECTOR('',#2567,10.);
#677=VECTOR('',#2570,10.);
#678=VECTOR('',#2571,10.);
#679=VECTOR('',#2574,10.);
#680=VECTOR('',#2575,10.);
#681=VECTOR('',#2576,10.);
#682=VECTOR('',#2577,10.);
#683=VECTOR('',#2580,10.);
#684=VECTOR('',#2581,10.);
#685=VECTOR('',#2582,10.);
#686=VECTOR('',#2585,10.);
#687=VECTOR('',#2586,10.);
#688=VECTOR('',#2587,10.);
#689=VECTOR('',#2590,10.);
#690=VECTOR('',#2591,10.);
#691=VECTOR('',#2592,10.);
#692=VECTOR('',#2595,10.);
#693=VECTOR('',#2596,10.);
#694=VECTOR('',#2597,10.);
#695=VECTOR('',#2600,10.);
#696=VECTOR('',#2601,10.);
#697=VECTOR('',#2602,10.);
#698=VECTOR('',#2605,10.);
#699=VECTOR('',#2606,10.);
#700=VECTOR('',#2609,10.);
#701=VECTOR('',#2610,10.);
#702=VECTOR('',#2611,10.);
#703=VECTOR('',#2612,10.);
#704=VECTOR('',#2615,10.);
#705=VECTOR('',#2616,10.);
#706=VECTOR('',#2617,10.);
#707=VECTOR('',#2620,10.);
#708=VECTOR('',#2621,10.);
#709=VECTOR('',#2622,10.);
#710=VECTOR('',#2625,10.);
#711=VECTOR('',#2626,10.);
#712=VECTOR('',#2629,10.);
#713=VECTOR('',#2630,10.);
#714=VECTOR('',#2631,10.);
#715=VECTOR('',#2632,10.);
#716=VECTOR('',#2633,10.);
#717=VECTOR('',#2634,10.);
#718=VECTOR('',#2637,10.);
#719=VECTOR('',#2642,10.);
#720=VECTOR('',#2645,10.);
#721=VECTOR('',#2650,10.);
#722=VECTOR('',#2651,10.);
#723=VECTOR('',#2656,10.);
#724=VECTOR('',#2661,10.);
#725=VECTOR('',#2662,10.);
#726=VECTOR('',#2665,10.);
#727=VECTOR('',#2670,10.);
#728=VECTOR('',#2673,10.);
#729=VECTOR('',#2674,10.);
#730=VECTOR('',#2677,10.);
#731=VECTOR('',#2678,10.);
#732=VECTOR('',#2681,10.);
#733=VECTOR('',#2684,10.);
#734=VECTOR('',#2689,10.);
#735=VECTOR('',#2692,10.);
#736=VECTOR('',#2693,10.);
#737=VECTOR('',#2696,10.);
#738=VECTOR('',#2703,10.);
#739=VECTOR('',#2706,10.);
#740=VECTOR('',#2707,10.);
#741=VECTOR('',#2708,10.);
#742=VECTOR('',#2711,10.);
#743=VECTOR('',#2712,10.);
#744=VECTOR('',#2713,10.);
#745=VECTOR('',#2714,10.);
#746=VECTOR('',#2715,10.);
#747=VECTOR('',#2718,10.);
#748=VECTOR('',#2723,10.);
#749=VECTOR('',#2728,10.);
#750=VECTOR('',#2731,10.);
#751=VECTOR('',#2736,10.);
#752=VECTOR('',#2737,10.);
#753=VECTOR('',#2740,10.);
#754=VECTOR('',#2745,10.);
#755=VECTOR('',#2748,10.);
#756=VECTOR('',#2751,10.);
#757=VECTOR('',#2754,10.);
#758=VECTOR('',#2755,10.);
#759=VECTOR('',#2758,10.);
#760=VECTOR('',#2759,10.);
#761=VECTOR('',#2762,10.);
#762=VECTOR('',#2765,10.);
#763=VECTOR('',#2768,10.);
#764=VECTOR('',#2775,10.);
#765=VECTOR('',#2778,10.);
#766=VECTOR('',#2779,10.);
#767=VECTOR('',#2782,10.);
#768=CIRCLE('',#2058,2.);
#769=CIRCLE('',#2059,2.);
#770=CIRCLE('',#2062,2.);
#771=CIRCLE('',#2063,2.);
#772=CIRCLE('',#2065,6.36);
#773=CIRCLE('',#2066,3.18);
#774=CIRCLE('',#2068,2.);
#775=CIRCLE('',#2069,2.);
#776=CIRCLE('',#2071,6.36);
#777=CIRCLE('',#2072,3.18);
#778=CIRCLE('',#2074,2.);
#779=CIRCLE('',#2075,2.);
#780=CIRCLE('',#2080,3.18);
#781=CIRCLE('',#2081,6.36);
#782=CIRCLE('',#2083,3.18);
#783=CIRCLE('',#2085,2.1500000000004);
#784=CIRCLE('',#2086,5.);
#785=CIRCLE('',#2087,5.);
#786=CIRCLE('',#2088,2.1500000000004);
#787=CIRCLE('',#2089,2.65000000000049);
#788=CIRCLE('',#2091,10.);
#789=CIRCLE('',#2092,10.);
#790=CIRCLE('',#2093,10.);
#791=CIRCLE('',#2094,10.);
#792=CIRCLE('',#2096,6.36);
#793=CIRCLE('',#2098,6.36);
#794=CIRCLE('',#2100,2.1500000000004);
#795=CIRCLE('',#2102,5.);
#796=CIRCLE('',#2103,5.);
#797=CIRCLE('',#2104,2.1500000000004);
#798=CIRCLE('',#2105,2.65000000000049);
#799=CIRCLE('',#2107,3.18);
#800=CIRCLE('',#2108,6.36);
#801=CIRCLE('',#2112,10.);
#802=CIRCLE('',#2113,10.);
#803=CIRCLE('',#2114,10.);
#804=CIRCLE('',#2115,10.);
#805=CIRCLE('',#2117,6.36);
#806=CIRCLE('',#2119,3.18);
#807=CIRCLE('',#2121,3.18);
#808=CIRCLE('',#2123,5.);
#809=CIRCLE('',#2124,5.);
#810=CIRCLE('',#2125,2.1500000000004);
#811=CIRCLE('',#2126,2.1500000000004);
#812=CIRCLE('',#2127,2.65000000000049);
#813=CIRCLE('',#2129,1.6);
#814=CIRCLE('',#2130,1.6);
#815=CIRCLE('',#2132,1.6);
#816=CIRCLE('',#2133,1.6);
#817=CIRCLE('',#2135,1.6);
#818=CIRCLE('',#2136,1.6);
#819=CIRCLE('',#2138,1.6);
#820=CIRCLE('',#2139,1.6);
#821=CIRCLE('',#2141,1.6);
#822=CIRCLE('',#2142,1.6);
#823=CIRCLE('',#2144,1.6);
#824=CIRCLE('',#2145,1.6);
#825=CIRCLE('',#2148,2.1500000000004);
#826=CIRCLE('',#2151,2.1500000000004);
#827=CIRCLE('',#2153,2.65000000000049);
#828=CIRCLE('',#2155,5.);
#829=CIRCLE('',#2156,5.);
#830=CIRCLE('',#2181,10.);
#831=CIRCLE('',#2183,10.);
#832=CIRCLE('',#2186,10.);
#833=CIRCLE('',#2188,10.);
#834=CIRCLE('',#2191,3.18);
#835=CIRCLE('',#2209,10.);
#836=CIRCLE('',#2211,10.);
#837=CIRCLE('',#2214,10.);
#838=CIRCLE('',#2216,10.);
#839=CIRCLE('',#2221,6.36);
#840=VERTEX_POINT('',#2789);
#841=VERTEX_POINT('',#2790);
#842=VERTEX_POINT('',#2792);
#843=VERTEX_POINT('',#2794);
#844=VERTEX_POINT('',#2798);
#845=VERTEX_POINT('',#2800);
#846=VERTEX_POINT('',#2804);
#847=VERTEX_POINT('',#2806);
#848=VERTEX_POINT('',#2810);
#849=VERTEX_POINT('',#2812);
#850=VERTEX_POINT('',#2814);
#851=VERTEX_POINT('',#2816);
#852=VERTEX_POINT('',#2818);
#853=VERTEX_POINT('',#2820);
#854=VERTEX_POINT('',#2824);
#855=VERTEX_POINT('',#2825);
#856=VERTEX_POINT('',#2827);
#857=VERTEX_POINT('',#2829);
#858=VERTEX_POINT('',#2833);
#859=VERTEX_POINT('',#2835);
#860=VERTEX_POINT('',#2837);
#861=VERTEX_POINT('',#2839);
#862=VERTEX_POINT('',#2841);
#863=VERTEX_POINT('',#2843);
#864=VERTEX_POINT('',#2847);
#865=VERTEX_POINT('',#2848);
#866=VERTEX_POINT('',#2850);
#867=VERTEX_POINT('',#2852);
#868=VERTEX_POINT('',#2859);
#869=VERTEX_POINT('',#2860);
#870=VERTEX_POINT('',#2862);
#871=VERTEX_POINT('',#2864);
#872=VERTEX_POINT('',#2868);
#873=VERTEX_POINT('',#2870);
#874=VERTEX_POINT('',#2874);
#875=VERTEX_POINT('',#2876);
#876=VERTEX_POINT('',#2879);
#877=VERTEX_POINT('',#2881);
#878=VERTEX_POINT('',#2885);
#879=VERTEX_POINT('',#2887);
#880=VERTEX_POINT('',#2892);
#881=VERTEX_POINT('',#2894);
#882=VERTEX_POINT('',#2896);
#883=VERTEX_POINT('',#2898);
#884=VERTEX_POINT('',#2900);
#885=VERTEX_POINT('',#2903);
#886=VERTEX_POINT('',#2905);
#887=VERTEX_POINT('',#2908);
#888=VERTEX_POINT('',#2910);
#889=VERTEX_POINT('',#2912);
#890=VERTEX_POINT('',#2914);
#891=VERTEX_POINT('',#2916);
#892=VERTEX_POINT('',#2918);
#893=VERTEX_POINT('',#2920);
#894=VERTEX_POINT('',#2922);
#895=VERTEX_POINT('',#2924);
#896=VERTEX_POINT('',#2926);
#897=VERTEX_POINT('',#2930);
#898=VERTEX_POINT('',#2934);
#899=VERTEX_POINT('',#2940);
#900=VERTEX_POINT('',#2942);
#901=VERTEX_POINT('',#2944);
#902=VERTEX_POINT('',#2946);
#903=VERTEX_POINT('',#2949);
#904=VERTEX_POINT('',#2951);
#905=VERTEX_POINT('',#2954);
#906=VERTEX_POINT('',#2956);
#907=VERTEX_POINT('',#2958);
#908=VERTEX_POINT('',#2960);
#909=VERTEX_POINT('',#2962);
#910=VERTEX_POINT('',#2964);
#911=VERTEX_POINT('',#2968);
#912=VERTEX_POINT('',#2970);
#913=VERTEX_POINT('',#2974);
#914=VERTEX_POINT('',#2976);
#915=VERTEX_POINT('',#2980);
#916=VERTEX_POINT('',#2982);
#917=VERTEX_POINT('',#2984);
#918=VERTEX_POINT('',#2986);
#919=VERTEX_POINT('',#2988);
#920=VERTEX_POINT('',#2990);
#921=VERTEX_POINT('',#2992);
#922=VERTEX_POINT('',#2994);
#923=VERTEX_POINT('',#2996);
#924=VERTEX_POINT('',#2998);
#925=VERTEX_POINT('',#3002);
#926=VERTEX_POINT('',#3004);
#927=VERTEX_POINT('',#3008);
#928=VERTEX_POINT('',#3012);
#929=VERTEX_POINT('',#3016);
#930=VERTEX_POINT('',#3018);
#931=VERTEX_POINT('',#3020);
#932=VERTEX_POINT('',#3022);
#933=VERTEX_POINT('',#3026);
#934=VERTEX_POINT('',#3028);
#935=VERTEX_POINT('',#3031);
#936=VERTEX_POINT('',#3033);
#937=VERTEX_POINT('',#3037);
#938=VERTEX_POINT('',#3039);
#939=VERTEX_POINT('',#3043);
#940=VERTEX_POINT('',#3045);
#941=VERTEX_POINT('',#3049);
#942=VERTEX_POINT('',#3051);
#943=VERTEX_POINT('',#3055);
#944=VERTEX_POINT('',#3057);
#945=VERTEX_POINT('',#3061);
#946=VERTEX_POINT('',#3063);
#947=VERTEX_POINT('',#3073);
#948=VERTEX_POINT('',#3077);
#949=VERTEX_POINT('',#3081);
#950=VERTEX_POINT('',#3083);
#951=VERTEX_POINT('',#3085);
#952=VERTEX_POINT('',#3087);
#953=VERTEX_POINT('',#3089);
#954=VERTEX_POINT('',#3093);
#955=VERTEX_POINT('',#3094);
#956=VERTEX_POINT('',#3096);
#957=VERTEX_POINT('',#3098);
#958=VERTEX_POINT('',#3102);
#959=VERTEX_POINT('',#3104);
#960=VERTEX_POINT('',#3108);
#961=VERTEX_POINT('',#3110);
#962=VERTEX_POINT('',#3114);
#963=VERTEX_POINT('',#3116);
#964=VERTEX_POINT('',#3120);
#965=VERTEX_POINT('',#3122);
#966=VERTEX_POINT('',#3126);
#967=VERTEX_POINT('',#3128);
#968=VERTEX_POINT('',#3132);
#969=VERTEX_POINT('',#3134);
#970=VERTEX_POINT('',#3138);
#971=VERTEX_POINT('',#3140);
#972=VERTEX_POINT('',#3144);
#973=VERTEX_POINT('',#3146);
#974=VERTEX_POINT('',#3153);
#975=VERTEX_POINT('',#3154);
#976=VERTEX_POINT('',#3156);
#977=VERTEX_POINT('',#3158);
#978=VERTEX_POINT('',#3162);
#979=VERTEX_POINT('',#3164);
#980=VERTEX_POINT('',#3168);
#981=VERTEX_POINT('',#3170);
#982=VERTEX_POINT('',#3174);
#983=VERTEX_POINT('',#3176);
#984=VERTEX_POINT('',#3180);
#985=VERTEX_POINT('',#3182);
#986=VERTEX_POINT('',#3186);
#987=VERTEX_POINT('',#3188);
#988=VERTEX_POINT('',#3195);
#989=VERTEX_POINT('',#3196);
#990=VERTEX_POINT('',#3198);
#991=VERTEX_POINT('',#3200);
#992=VERTEX_POINT('',#3204);
#993=VERTEX_POINT('',#3206);
#994=VERTEX_POINT('',#3210);
#995=VERTEX_POINT('',#3212);
#996=VERTEX_POINT('',#3219);
#997=VERTEX_POINT('',#3220);
#998=VERTEX_POINT('',#3222);
#999=VERTEX_POINT('',#3233);
#1000=VERTEX_POINT('',#3269);
#1001=VERTEX_POINT('',#3307);
#1002=VERTEX_POINT('',#3322);
#1003=VERTEX_POINT('',#3326);
#1004=VERTEX_POINT('',#3330);
#1005=VERTEX_POINT('',#3334);
#1006=VERTEX_POINT('',#3338);
#1007=VERTEX_POINT('',#3339);
#1008=VERTEX_POINT('',#3346);
#1009=VERTEX_POINT('',#3370);
#1010=VERTEX_POINT('',#3371);
#1011=VERTEX_POINT('',#3394);
#1012=VERTEX_POINT('',#3395);
#1013=VERTEX_POINT('',#3426);
#1014=VERTEX_POINT('',#3463);
#1015=VERTEX_POINT('',#3481);
#1016=VERTEX_POINT('',#3485);
#1017=VERTEX_POINT('',#3489);
#1018=VERTEX_POINT('',#3493);
#1019=VERTEX_POINT('',#3497);
#1020=VERTEX_POINT('',#3499);
#1021=VERTEX_POINT('',#3508);
#1022=EDGE_CURVE('',#840,#841,#768,.T.);
#1023=EDGE_CURVE('',#841,#842,#350,.T.);
#1024=EDGE_CURVE('',#842,#843,#769,.T.);
#1025=EDGE_CURVE('',#843,#840,#351,.T.);
#1026=EDGE_CURVE('',#844,#841,#352,.T.);
#1027=EDGE_CURVE('',#845,#844,#353,.T.);
#1028=EDGE_CURVE('',#842,#845,#354,.T.);
#1029=EDGE_CURVE('',#844,#846,#770,.T.);
#1030=EDGE_CURVE('',#846,#847,#355,.T.);
#1031=EDGE_CURVE('',#847,#845,#771,.T.);
#1032=EDGE_CURVE('',#848,#846,#356,.T.);
#1033=EDGE_CURVE('',#849,#848,#772,.T.);
#1034=EDGE_CURVE('',#850,#849,#357,.T.);
#1035=EDGE_CURVE('',#850,#851,#358,.T.);
#1036=EDGE_CURVE('',#852,#851,#359,.T.);
#1037=EDGE_CURVE('',#853,#852,#773,.T.);
#1038=EDGE_CURVE('',#847,#853,#360,.T.);
#1039=EDGE_CURVE('',#854,#855,#774,.T.);
#1040=EDGE_CURVE('',#855,#856,#361,.T.);
#1041=EDGE_CURVE('',#856,#857,#775,.T.);
#1042=EDGE_CURVE('',#857,#854,#362,.T.);
#1043=EDGE_CURVE('',#858,#855,#363,.T.);
#1044=EDGE_CURVE('',#859,#858,#776,.T.);
#1045=EDGE_CURVE('',#860,#859,#364,.T.);
#1046=EDGE_CURVE('',#860,#861,#365,.T.);
#1047=EDGE_CURVE('',#862,#861,#366,.T.);
#1048=EDGE_CURVE('',#863,#862,#777,.T.);
#1049=EDGE_CURVE('',#856,#863,#367,.T.);
#1050=EDGE_CURVE('',#864,#865,#778,.T.);
#1051=EDGE_CURVE('',#865,#866,#368,.T.);
#1052=EDGE_CURVE('',#866,#867,#779,.T.);
#1053=EDGE_CURVE('',#867,#864,#369,.T.);
#1054=EDGE_CURVE('',#866,#857,#370,.T.);
#1055=EDGE_CURVE('',#854,#865,#371,.T.);
#1056=EDGE_CURVE('',#868,#869,#372,.T.);
#1057=EDGE_CURVE('',#870,#868,#373,.T.);
#1058=EDGE_CURVE('',#871,#870,#374,.T.);
#1059=EDGE_CURVE('',#869,#871,#375,.T.);
#1060=EDGE_CURVE('',#861,#872,#376,.T.);
#1061=EDGE_CURVE('',#873,#860,#377,.T.);
#1062=EDGE_CURVE('',#872,#873,#378,.T.);
#1063=EDGE_CURVE('',#874,#867,#379,.T.);
#1064=EDGE_CURVE('',#875,#874,#780,.T.);
#1065=EDGE_CURVE('',#869,#875,#380,.T.);
#1066=EDGE_CURVE('',#876,#871,#381,.T.);
#1067=EDGE_CURVE('',#877,#876,#781,.T.);
#1068=EDGE_CURVE('',#864,#877,#382,.T.);
#1069=EDGE_CURVE('',#874,#878,#383,.T.);
#1070=EDGE_CURVE('',#878,#879,#782,.T.);
#1071=EDGE_CURVE('',#875,#879,#384,.T.);
#1072=EDGE_CURVE('',#872,#868,#783,.T.);
#1073=EDGE_CURVE('',#879,#880,#385,.T.);
#1074=EDGE_CURVE('',#880,#881,#784,.T.);
#1075=EDGE_CURVE('',#881,#882,#386,.T.);
#1076=EDGE_CURVE('',#882,#883,#785,.T.);
#1077=EDGE_CURVE('',#883,#884,#387,.T.);
#1078=EDGE_CURVE('',#884,#862,#388,.T.);
#1079=EDGE_CURVE('',#885,#885,#786,.T.);
#1080=EDGE_CURVE('',#886,#886,#787,.T.);
#1081=EDGE_CURVE('',#887,#877,#389,.T.);
#1082=EDGE_CURVE('',#887,#888,#390,.T.);
#1083=EDGE_CURVE('',#889,#888,#788,.T.);
#1084=EDGE_CURVE('',#890,#889,#391,.T.);
#1085=EDGE_CURVE('',#891,#890,#789,.T.);
#1086=EDGE_CURVE('',#891,#892,#392,.T.);
#1087=EDGE_CURVE('',#893,#892,#790,.T.);
#1088=EDGE_CURVE('',#894,#893,#393,.T.);
#1089=EDGE_CURVE('',#895,#894,#791,.T.);
#1090=EDGE_CURVE('',#896,#895,#394,.T.);
#1091=EDGE_CURVE('',#858,#896,#395,.T.);
#1092=EDGE_CURVE('',#897,#876,#396,.T.);
#1093=EDGE_CURVE('',#897,#887,#792,.T.);
#1094=EDGE_CURVE('',#898,#896,#793,.T.);
#1095=EDGE_CURVE('',#859,#898,#397,.T.);
#1096=EDGE_CURVE('',#870,#873,#794,.T.);
#1097=EDGE_CURVE('',#898,#899,#398,.T.);
#1098=EDGE_CURVE('',#899,#900,#795,.T.);
#1099=EDGE_CURVE('',#900,#901,#399,.T.);
#1100=EDGE_CURVE('',#901,#902,#796,.T.);
#1101=EDGE_CURVE('',#902,#897,#400,.T.);
#1102=EDGE_CURVE('',#903,#903,#797,.T.);
#1103=EDGE_CURVE('',#904,#904,#798,.T.);
#1104=EDGE_CURVE('',#905,#843,#401,.T.);
#1105=EDGE_CURVE('',#906,#905,#799,.T.);
#1106=EDGE_CURVE('',#907,#906,#402,.T.);
#1107=EDGE_CURVE('',#907,#908,#403,.T.);
#1108=EDGE_CURVE('',#909,#908,#404,.T.);
#1109=EDGE_CURVE('',#910,#909,#800,.T.);
#1110=EDGE_CURVE('',#840,#910,#405,.T.);
#1111=EDGE_CURVE('',#911,#850,#406,.T.);
#1112=EDGE_CURVE('',#912,#911,#407,.T.);
#1113=EDGE_CURVE('',#851,#912,#408,.T.);
#1114=EDGE_CURVE('',#913,#907,#409,.T.);
#1115=EDGE_CURVE('',#914,#913,#410,.T.);
#1116=EDGE_CURVE('',#908,#914,#411,.T.);
#1117=EDGE_CURVE('',#853,#915,#412,.T.);
#1118=EDGE_CURVE('',#916,#915,#413,.T.);
#1119=EDGE_CURVE('',#917,#916,#801,.T.);
#1120=EDGE_CURVE('',#918,#917,#414,.T.);
#1121=EDGE_CURVE('',#919,#918,#802,.T.);
#1122=EDGE_CURVE('',#919,#920,#415,.T.);
#1123=EDGE_CURVE('',#921,#920,#803,.T.);
#1124=EDGE_CURVE('',#922,#921,#416,.T.);
#1125=EDGE_CURVE('',#923,#922,#804,.T.);
#1126=EDGE_CURVE('',#924,#923,#417,.T.);
#1127=EDGE_CURVE('',#924,#905,#418,.T.);
#1128=EDGE_CURVE('',#925,#848,#419,.T.);
#1129=EDGE_CURVE('',#926,#925,#805,.T.);
#1130=EDGE_CURVE('',#849,#926,#420,.T.);
#1131=EDGE_CURVE('',#927,#852,#421,.T.);
#1132=EDGE_CURVE('',#915,#927,#806,.T.);
#1133=EDGE_CURVE('',#928,#924,#807,.T.);
#1134=EDGE_CURVE('',#906,#928,#422,.T.);
#1135=EDGE_CURVE('',#929,#928,#423,.T.);
#1136=EDGE_CURVE('',#930,#929,#808,.T.);
#1137=EDGE_CURVE('',#931,#930,#424,.T.);
#1138=EDGE_CURVE('',#932,#931,#809,.T.);
#1139=EDGE_CURVE('',#927,#932,#425,.T.);
#1140=EDGE_CURVE('',#912,#913,#810,.T.);
#1141=EDGE_CURVE('',#933,#933,#811,.T.);
#1142=EDGE_CURVE('',#934,#934,#812,.T.);
#1143=EDGE_CURVE('',#935,#935,#813,.T.);
#1144=EDGE_CURVE('',#935,#936,#426,.T.);
#1145=EDGE_CURVE('',#936,#936,#814,.T.);
#1146=EDGE_CURVE('',#937,#937,#815,.T.);
#1147=EDGE_CURVE('',#937,#938,#427,.T.);
#1148=EDGE_CURVE('',#938,#938,#816,.T.);
#1149=EDGE_CURVE('',#939,#939,#817,.T.);
#1150=EDGE_CURVE('',#939,#940,#428,.T.);
#1151=EDGE_CURVE('',#940,#940,#818,.T.);
#1152=EDGE_CURVE('',#941,#941,#819,.T.);
#1153=EDGE_CURVE('',#941,#942,#429,.T.);
#1154=EDGE_CURVE('',#942,#942,#820,.T.);
#1155=EDGE_CURVE('',#943,#943,#821,.T.);
#1156=EDGE_CURVE('',#943,#944,#430,.T.);
#1157=EDGE_CURVE('',#944,#944,#822,.T.);
#1158=EDGE_CURVE('',#945,#945,#823,.T.);
#1159=EDGE_CURVE('',#945,#946,#431,.T.);
#1160=EDGE_CURVE('',#946,#946,#824,.T.);
#1161=EDGE_CURVE('',#903,#885,#432,.T.);
#1162=EDGE_CURVE('',#914,#911,#825,.T.);
#1163=EDGE_CURVE('',#904,#886,#433,.T.);
#1164=EDGE_CURVE('',#947,#947,#826,.T.);
#1165=EDGE_CURVE('',#947,#933,#434,.T.);
#1166=EDGE_CURVE('',#948,#948,#827,.T.);
#1167=EDGE_CURVE('',#948,#934,#435,.T.);
#1168=EDGE_CURVE('',#949,#926,#436,.T.);
#1169=EDGE_CURVE('',#950,#949,#828,.T.);
#1170=EDGE_CURVE('',#951,#950,#437,.T.);
#1171=EDGE_CURVE('',#952,#951,#829,.T.);
#1172=EDGE_CURVE('',#953,#952,#438,.T.);
#1173=EDGE_CURVE('',#953,#909,#439,.T.);
#1174=EDGE_CURVE('',#954,#955,#440,.T.);
#1175=EDGE_CURVE('',#954,#956,#441,.T.);
#1176=EDGE_CURVE('',#957,#956,#442,.T.);
#1177=EDGE_CURVE('',#955,#957,#443,.T.);
#1178=EDGE_CURVE('',#958,#954,#444,.T.);
#1179=EDGE_CURVE('',#958,#959,#445,.T.);
#1180=EDGE_CURVE('',#956,#959,#446,.T.);
#1181=EDGE_CURVE('',#960,#958,#447,.T.);
#1182=EDGE_CURVE('',#960,#961,#448,.T.);
#1183=EDGE_CURVE('',#959,#961,#449,.T.);
#1184=EDGE_CURVE('',#962,#960,#450,.T.);
#1185=EDGE_CURVE('',#962,#963,#451,.T.);
#1186=EDGE_CURVE('',#961,#963,#452,.T.);
#1187=EDGE_CURVE('',#964,#962,#453,.T.);
#1188=EDGE_CURVE('',#964,#965,#454,.T.);
#1189=EDGE_CURVE('',#963,#965,#455,.T.);
#1190=EDGE_CURVE('',#966,#964,#456,.T.);
#1191=EDGE_CURVE('',#966,#967,#457,.T.);
#1192=EDGE_CURVE('',#965,#967,#458,.T.);
#1193=EDGE_CURVE('',#968,#966,#459,.T.);
#1194=EDGE_CURVE('',#968,#969,#460,.T.);
#1195=EDGE_CURVE('',#967,#969,#461,.T.);
#1196=EDGE_CURVE('',#970,#968,#462,.T.);
#1197=EDGE_CURVE('',#970,#971,#463,.T.);
#1198=EDGE_CURVE('',#969,#971,#464,.T.);
#1199=EDGE_CURVE('',#972,#970,#465,.T.);
#1200=EDGE_CURVE('',#972,#973,#466,.T.);
#1201=EDGE_CURVE('',#971,#973,#467,.T.);
#1202=EDGE_CURVE('',#955,#972,#468,.T.);
#1203=EDGE_CURVE('',#973,#957,#469,.T.);
#1204=EDGE_CURVE('',#974,#975,#470,.T.);
#1205=EDGE_CURVE('',#974,#976,#471,.T.);
#1206=EDGE_CURVE('',#977,#976,#472,.T.);
#1207=EDGE_CURVE('',#975,#977,#473,.T.);
#1208=EDGE_CURVE('',#978,#974,#474,.T.);
#1209=EDGE_CURVE('',#978,#979,#475,.T.);
#1210=EDGE_CURVE('',#976,#979,#476,.T.);
#1211=EDGE_CURVE('',#980,#978,#477,.T.);
#1212=EDGE_CURVE('',#980,#981,#478,.T.);
#1213=EDGE_CURVE('',#979,#981,#479,.T.);
#1214=EDGE_CURVE('',#982,#980,#480,.T.);
#1215=EDGE_CURVE('',#982,#983,#481,.T.);
#1216=EDGE_CURVE('',#981,#983,#482,.T.);
#1217=EDGE_CURVE('',#984,#982,#483,.T.);
#1218=EDGE_CURVE('',#984,#985,#484,.T.);
#1219=EDGE_CURVE('',#983,#985,#485,.T.);
#1220=EDGE_CURVE('',#986,#984,#486,.T.);
#1221=EDGE_CURVE('',#986,#987,#487,.T.);
#1222=EDGE_CURVE('',#985,#987,#488,.T.);
#1223=EDGE_CURVE('',#975,#986,#489,.T.);
#1224=EDGE_CURVE('',#987,#977,#490,.T.);
#1225=EDGE_CURVE('',#988,#989,#491,.T.);
#1226=EDGE_CURVE('',#988,#990,#492,.T.);
#1227=EDGE_CURVE('',#991,#990,#493,.T.);
#1228=EDGE_CURVE('',#989,#991,#494,.T.);
#1229=EDGE_CURVE('',#992,#988,#495,.T.);
#1230=EDGE_CURVE('',#992,#993,#496,.T.);
#1231=EDGE_CURVE('',#990,#993,#497,.T.);
#1232=EDGE_CURVE('',#994,#992,#498,.T.);
#1233=EDGE_CURVE('',#994,#995,#499,.T.);
#1234=EDGE_CURVE('',#993,#995,#500,.T.);
#1235=EDGE_CURVE('',#989,#994,#501,.T.);
#1236=EDGE_CURVE('',#995,#991,#502,.T.);
#1237=EDGE_CURVE('',#996,#997,#503,.T.);
#1238=EDGE_CURVE('',#997,#998,#19,.T.);
#1239=EDGE_CURVE('',#999,#998,#504,.T.);
#1240=EDGE_CURVE('',#999,#996,#20,.T.);
#1241=EDGE_CURVE('',#1000,#997,#505,.T.);
#1242=EDGE_CURVE('',#891,#1000,#21,.T.);
#1243=EDGE_CURVE('',#998,#891,#506,.T.);
#1244=EDGE_CURVE('',#892,#999,#507,.T.);
#1245=EDGE_CURVE('',#892,#1001,#22,.T.);
#1246=EDGE_CURVE('',#1001,#996,#508,.T.);
#1247=EDGE_CURVE('',#1000,#1001,#509,.T.);
#1248=EDGE_CURVE('',#1002,#999,#830,.T.);
#1249=EDGE_CURVE('',#893,#1002,#510,.T.);
#1250=EDGE_CURVE('',#890,#1003,#511,.T.);
#1251=EDGE_CURVE('',#998,#1003,#831,.T.);
#1252=EDGE_CURVE('',#1003,#1004,#512,.T.);
#1253=EDGE_CURVE('',#889,#1004,#513,.T.);
#1254=EDGE_CURVE('',#1004,#1005,#832,.T.);
#1255=EDGE_CURVE('',#888,#1005,#514,.T.);
#1256=EDGE_CURVE('',#1006,#1007,#833,.T.);
#1257=EDGE_CURVE('',#895,#1006,#515,.T.);
#1258=EDGE_CURVE('',#894,#1007,#516,.T.);
#1259=EDGE_CURVE('',#1007,#1002,#517,.T.);
#1260=EDGE_CURVE('',#884,#1008,#834,.T.);
#1261=EDGE_CURVE('',#1008,#863,#518,.T.);
#1262=EDGE_CURVE('',#878,#887,#519,.T.);
#1263=EDGE_CURVE('',#1005,#878,#520,.T.);
#1264=EDGE_CURVE('',#896,#1008,#521,.T.);
#1265=EDGE_CURVE('',#898,#884,#522,.T.);
#1266=EDGE_CURVE('',#879,#897,#523,.T.);
#1267=EDGE_CURVE('',#1008,#1006,#524,.T.);
#1268=EDGE_CURVE('',#880,#902,#525,.T.);
#1269=EDGE_CURVE('',#883,#899,#526,.T.);
#1270=EDGE_CURVE('',#882,#900,#527,.T.);
#1271=EDGE_CURVE('',#881,#901,#528,.T.);
#1272=EDGE_CURVE('',#1009,#1010,#529,.T.);
#1273=EDGE_CURVE('',#920,#1009,#23,.T.);
#1274=EDGE_CURVE('',#1010,#919,#24,.T.);
#1275=EDGE_CURVE('',#1011,#1012,#530,.T.);
#1276=EDGE_CURVE('',#1012,#1001,#531,.T.);
#1277=EDGE_CURVE('',#1011,#1000,#532,.T.);
#1278=EDGE_CURVE('',#997,#1010,#533,.T.);
#1279=EDGE_CURVE('',#1011,#1010,#534,.T.);
#1280=EDGE_CURVE('',#1013,#919,#535,.T.);
#1281=EDGE_CURVE('',#1013,#1011,#25,.T.);
#1282=EDGE_CURVE('',#1012,#1009,#536,.T.);
#1283=EDGE_CURVE('',#1014,#1012,#26,.T.);
#1284=EDGE_CURVE('',#920,#1014,#537,.T.);
#1285=EDGE_CURVE('',#1009,#996,#538,.T.);
#1286=EDGE_CURVE('',#1014,#1013,#539,.T.);
#1287=EDGE_CURVE('',#1015,#1014,#835,.T.);
#1288=EDGE_CURVE('',#1015,#921,#540,.T.);
#1289=EDGE_CURVE('',#1016,#918,#541,.T.);
#1290=EDGE_CURVE('',#1013,#1016,#836,.T.);
#1291=EDGE_CURVE('',#1017,#917,#542,.T.);
#1292=EDGE_CURVE('',#1016,#1017,#543,.T.);
#1293=EDGE_CURVE('',#1018,#916,#544,.T.);
#1294=EDGE_CURVE('',#1017,#1018,#837,.T.);
#1295=EDGE_CURVE('',#1019,#922,#545,.T.);
#1296=EDGE_CURVE('',#1020,#1019,#838,.T.);
#1297=EDGE_CURVE('',#1020,#923,#546,.T.);
#1298=EDGE_CURVE('',#1019,#1015,#547,.T.);
#1299=EDGE_CURVE('',#915,#925,#548,.T.);
#1300=EDGE_CURVE('',#925,#1018,#549,.T.);
#1301=EDGE_CURVE('',#910,#1021,#550,.T.);
#1302=EDGE_CURVE('',#1021,#1020,#551,.T.);
#1303=EDGE_CURVE('',#1021,#924,#552,.T.);
#1304=EDGE_CURVE('',#953,#1021,#839,.T.);
#1305=EDGE_CURVE('',#928,#953,#553,.T.);
#1306=EDGE_CURVE('',#926,#927,#554,.T.);
#1307=EDGE_CURVE('',#932,#949,#555,.T.);
#1308=EDGE_CURVE('',#930,#951,#556,.T.);
#1309=EDGE_CURVE('',#929,#952,#557,.T.);
#1310=EDGE_CURVE('',#931,#950,#558,.T.);
#1311=ORIENTED_EDGE('',*,*,#1022,.T.);
#1312=ORIENTED_EDGE('',*,*,#1023,.T.);
#1313=ORIENTED_EDGE('',*,*,#1024,.T.);
#1314=ORIENTED_EDGE('',*,*,#1025,.T.);
#1315=ORIENTED_EDGE('',*,*,#1023,.F.);
#1316=ORIENTED_EDGE('',*,*,#1026,.F.);
#1317=ORIENTED_EDGE('',*,*,#1027,.F.);
#1318=ORIENTED_EDGE('',*,*,#1028,.F.);
#1319=ORIENTED_EDGE('',*,*,#1029,.T.);
#1320=ORIENTED_EDGE('',*,*,#1030,.T.);
#1321=ORIENTED_EDGE('',*,*,#1031,.T.);
#1322=ORIENTED_EDGE('',*,*,#1027,.T.);
#1323=ORIENTED_EDGE('',*,*,#1030,.F.);
#1324=ORIENTED_EDGE('',*,*,#1032,.F.);
#1325=ORIENTED_EDGE('',*,*,#1033,.F.);
#1326=ORIENTED_EDGE('',*,*,#1034,.F.);
#1327=ORIENTED_EDGE('',*,*,#1035,.T.);
#1328=ORIENTED_EDGE('',*,*,#1036,.F.);
#1329=ORIENTED_EDGE('',*,*,#1037,.F.);
#1330=ORIENTED_EDGE('',*,*,#1038,.F.);
#1331=ORIENTED_EDGE('',*,*,#1039,.T.);
#1332=ORIENTED_EDGE('',*,*,#1040,.T.);
#1333=ORIENTED_EDGE('',*,*,#1041,.T.);
#1334=ORIENTED_EDGE('',*,*,#1042,.T.);
#1335=ORIENTED_EDGE('',*,*,#1040,.F.);
#1336=ORIENTED_EDGE('',*,*,#1043,.F.);
#1337=ORIENTED_EDGE('',*,*,#1044,.F.);
#1338=ORIENTED_EDGE('',*,*,#1045,.F.);
#1339=ORIENTED_EDGE('',*,*,#1046,.T.);
#1340=ORIENTED_EDGE('',*,*,#1047,.F.);
#1341=ORIENTED_EDGE('',*,*,#1048,.F.);
#1342=ORIENTED_EDGE('',*,*,#1049,.F.);
#1343=ORIENTED_EDGE('',*,*,#1050,.T.);
#1344=ORIENTED_EDGE('',*,*,#1051,.T.);
#1345=ORIENTED_EDGE('',*,*,#1052,.T.);
#1346=ORIENTED_EDGE('',*,*,#1053,.T.);
#1347=ORIENTED_EDGE('',*,*,#1042,.F.);
#1348=ORIENTED_EDGE('',*,*,#1054,.F.);
#1349=ORIENTED_EDGE('',*,*,#1051,.F.);
#1350=ORIENTED_EDGE('',*,*,#1055,.F.);
#1351=ORIENTED_EDGE('',*,*,#1056,.F.);
#1352=ORIENTED_EDGE('',*,*,#1057,.F.);
#1353=ORIENTED_EDGE('',*,*,#1058,.F.);
#1354=ORIENTED_EDGE('',*,*,#1059,.F.);
#1355=ORIENTED_EDGE('',*,*,#1060,.F.);
#1356=ORIENTED_EDGE('',*,*,#1046,.F.);
#1357=ORIENTED_EDGE('',*,*,#1061,.F.);
#1358=ORIENTED_EDGE('',*,*,#1062,.F.);
#1359=ORIENTED_EDGE('',*,*,#1053,.F.);
#1360=ORIENTED_EDGE('',*,*,#1063,.F.);
#1361=ORIENTED_EDGE('',*,*,#1064,.F.);
#1362=ORIENTED_EDGE('',*,*,#1065,.F.);
#1363=ORIENTED_EDGE('',*,*,#1059,.T.);
#1364=ORIENTED_EDGE('',*,*,#1066,.F.);
#1365=ORIENTED_EDGE('',*,*,#1067,.F.);
#1366=ORIENTED_EDGE('',*,*,#1068,.F.);
#1367=ORIENTED_EDGE('',*,*,#1064,.T.);
#1368=ORIENTED_EDGE('',*,*,#1069,.T.);
#1369=ORIENTED_EDGE('',*,*,#1070,.T.);
#1370=ORIENTED_EDGE('',*,*,#1071,.F.);
#1371=ORIENTED_EDGE('',*,*,#1047,.T.);
#1372=ORIENTED_EDGE('',*,*,#1060,.T.);
#1373=ORIENTED_EDGE('',*,*,#1072,.T.);
#1374=ORIENTED_EDGE('',*,*,#1056,.T.);
#1375=ORIENTED_EDGE('',*,*,#1065,.T.);
#1376=ORIENTED_EDGE('',*,*,#1071,.T.);
#1377=ORIENTED_EDGE('',*,*,#1073,.T.);
#1378=ORIENTED_EDGE('',*,*,#1074,.T.);
#1379=ORIENTED_EDGE('',*,*,#1075,.T.);
#1380=ORIENTED_EDGE('',*,*,#1076,.T.);
#1381=ORIENTED_EDGE('',*,*,#1077,.T.);
#1382=ORIENTED_EDGE('',*,*,#1078,.T.);
#1383=ORIENTED_EDGE('',*,*,#1079,.T.);
#1384=ORIENTED_EDGE('',*,*,#1080,.T.);
#1385=ORIENTED_EDGE('',*,*,#1043,.T.);
#1386=ORIENTED_EDGE('',*,*,#1039,.F.);
#1387=ORIENTED_EDGE('',*,*,#1055,.T.);
#1388=ORIENTED_EDGE('',*,*,#1050,.F.);
#1389=ORIENTED_EDGE('',*,*,#1068,.T.);
#1390=ORIENTED_EDGE('',*,*,#1081,.F.);
#1391=ORIENTED_EDGE('',*,*,#1082,.T.);
#1392=ORIENTED_EDGE('',*,*,#1083,.F.);
#1393=ORIENTED_EDGE('',*,*,#1084,.F.);
#1394=ORIENTED_EDGE('',*,*,#1085,.F.);
#1395=ORIENTED_EDGE('',*,*,#1086,.T.);
#1396=ORIENTED_EDGE('',*,*,#1087,.F.);
#1397=ORIENTED_EDGE('',*,*,#1088,.F.);
#1398=ORIENTED_EDGE('',*,*,#1089,.F.);
#1399=ORIENTED_EDGE('',*,*,#1090,.F.);
#1400=ORIENTED_EDGE('',*,*,#1091,.F.);
#1401=ORIENTED_EDGE('',*,*,#1067,.T.);
#1402=ORIENTED_EDGE('',*,*,#1092,.F.);
#1403=ORIENTED_EDGE('',*,*,#1093,.T.);
#1404=ORIENTED_EDGE('',*,*,#1081,.T.);
#1405=ORIENTED_EDGE('',*,*,#1044,.T.);
#1406=ORIENTED_EDGE('',*,*,#1091,.T.);
#1407=ORIENTED_EDGE('',*,*,#1094,.F.);
#1408=ORIENTED_EDGE('',*,*,#1095,.F.);
#1409=ORIENTED_EDGE('',*,*,#1062,.T.);
#1410=ORIENTED_EDGE('',*,*,#1096,.F.);
#1411=ORIENTED_EDGE('',*,*,#1057,.T.);
#1412=ORIENTED_EDGE('',*,*,#1072,.F.);
#1413=ORIENTED_EDGE('',*,*,#1061,.T.);
#1414=ORIENTED_EDGE('',*,*,#1045,.T.);
#1415=ORIENTED_EDGE('',*,*,#1095,.T.);
#1416=ORIENTED_EDGE('',*,*,#1097,.T.);
#1417=ORIENTED_EDGE('',*,*,#1098,.T.);
#1418=ORIENTED_EDGE('',*,*,#1099,.T.);
#1419=ORIENTED_EDGE('',*,*,#1100,.T.);
#1420=ORIENTED_EDGE('',*,*,#1101,.T.);
#1421=ORIENTED_EDGE('',*,*,#1092,.T.);
#1422=ORIENTED_EDGE('',*,*,#1066,.T.);
#1423=ORIENTED_EDGE('',*,*,#1058,.T.);
#1424=ORIENTED_EDGE('',*,*,#1096,.T.);
#1425=ORIENTED_EDGE('',*,*,#1102,.T.);
#1426=ORIENTED_EDGE('',*,*,#1103,.T.);
#1427=ORIENTED_EDGE('',*,*,#1025,.F.);
#1428=ORIENTED_EDGE('',*,*,#1104,.F.);
#1429=ORIENTED_EDGE('',*,*,#1105,.F.);
#1430=ORIENTED_EDGE('',*,*,#1106,.F.);
#1431=ORIENTED_EDGE('',*,*,#1107,.T.);
#1432=ORIENTED_EDGE('',*,*,#1108,.F.);
#1433=ORIENTED_EDGE('',*,*,#1109,.F.);
#1434=ORIENTED_EDGE('',*,*,#1110,.F.);
#1435=ORIENTED_EDGE('',*,*,#1111,.F.);
#1436=ORIENTED_EDGE('',*,*,#1112,.F.);
#1437=ORIENTED_EDGE('',*,*,#1113,.F.);
#1438=ORIENTED_EDGE('',*,*,#1035,.F.);
#1439=ORIENTED_EDGE('',*,*,#1114,.F.);
#1440=ORIENTED_EDGE('',*,*,#1115,.F.);
#1441=ORIENTED_EDGE('',*,*,#1116,.F.);
#1442=ORIENTED_EDGE('',*,*,#1107,.F.);
#1443=ORIENTED_EDGE('',*,*,#1104,.T.);
#1444=ORIENTED_EDGE('',*,*,#1024,.F.);
#1445=ORIENTED_EDGE('',*,*,#1028,.T.);
#1446=ORIENTED_EDGE('',*,*,#1031,.F.);
#1447=ORIENTED_EDGE('',*,*,#1038,.T.);
#1448=ORIENTED_EDGE('',*,*,#1117,.T.);
#1449=ORIENTED_EDGE('',*,*,#1118,.F.);
#1450=ORIENTED_EDGE('',*,*,#1119,.F.);
#1451=ORIENTED_EDGE('',*,*,#1120,.F.);
#1452=ORIENTED_EDGE('',*,*,#1121,.F.);
#1453=ORIENTED_EDGE('',*,*,#1122,.T.);
#1454=ORIENTED_EDGE('',*,*,#1123,.F.);
#1455=ORIENTED_EDGE('',*,*,#1124,.F.);
#1456=ORIENTED_EDGE('',*,*,#1125,.F.);
#1457=ORIENTED_EDGE('',*,*,#1126,.F.);
#1458=ORIENTED_EDGE('',*,*,#1127,.T.);
#1459=ORIENTED_EDGE('',*,*,#1033,.T.);
#1460=ORIENTED_EDGE('',*,*,#1128,.F.);
#1461=ORIENTED_EDGE('',*,*,#1129,.F.);
#1462=ORIENTED_EDGE('',*,*,#1130,.F.);
#1463=ORIENTED_EDGE('',*,*,#1037,.T.);
#1464=ORIENTED_EDGE('',*,*,#1131,.F.);
#1465=ORIENTED_EDGE('',*,*,#1132,.F.);
#1466=ORIENTED_EDGE('',*,*,#1117,.F.);
#1467=ORIENTED_EDGE('',*,*,#1105,.T.);
#1468=ORIENTED_EDGE('',*,*,#1127,.F.);
#1469=ORIENTED_EDGE('',*,*,#1133,.F.);
#1470=ORIENTED_EDGE('',*,*,#1134,.F.);
#1471=ORIENTED_EDGE('',*,*,#1114,.T.);
#1472=ORIENTED_EDGE('',*,*,#1106,.T.);
#1473=ORIENTED_EDGE('',*,*,#1134,.T.);
#1474=ORIENTED_EDGE('',*,*,#1135,.F.);
#1475=ORIENTED_EDGE('',*,*,#1136,.F.);
#1476=ORIENTED_EDGE('',*,*,#1137,.F.);
#1477=ORIENTED_EDGE('',*,*,#1138,.F.);
#1478=ORIENTED_EDGE('',*,*,#1139,.F.);
#1479=ORIENTED_EDGE('',*,*,#1131,.T.);
#1480=ORIENTED_EDGE('',*,*,#1036,.T.);
#1481=ORIENTED_EDGE('',*,*,#1113,.T.);
#1482=ORIENTED_EDGE('',*,*,#1140,.T.);
#1483=ORIENTED_EDGE('',*,*,#1141,.T.);
#1484=ORIENTED_EDGE('',*,*,#1142,.T.);
#1485=ORIENTED_EDGE('',*,*,#1143,.F.);
#1486=ORIENTED_EDGE('',*,*,#1144,.T.);
#1487=ORIENTED_EDGE('',*,*,#1145,.F.);
#1488=ORIENTED_EDGE('',*,*,#1144,.F.);
#1489=ORIENTED_EDGE('',*,*,#1146,.F.);
#1490=ORIENTED_EDGE('',*,*,#1147,.T.);
#1491=ORIENTED_EDGE('',*,*,#1148,.F.);
#1492=ORIENTED_EDGE('',*,*,#1147,.F.);
#1493=ORIENTED_EDGE('',*,*,#1149,.F.);
#1494=ORIENTED_EDGE('',*,*,#1150,.T.);
#1495=ORIENTED_EDGE('',*,*,#1151,.F.);
#1496=ORIENTED_EDGE('',*,*,#1150,.F.);
#1497=ORIENTED_EDGE('',*,*,#1152,.F.);
#1498=ORIENTED_EDGE('',*,*,#1153,.T.);
#1499=ORIENTED_EDGE('',*,*,#1154,.F.);
#1500=ORIENTED_EDGE('',*,*,#1153,.F.);
#1501=ORIENTED_EDGE('',*,*,#1155,.F.);
#1502=ORIENTED_EDGE('',*,*,#1156,.T.);
#1503=ORIENTED_EDGE('',*,*,#1157,.F.);
#1504=ORIENTED_EDGE('',*,*,#1156,.F.);
#1505=ORIENTED_EDGE('',*,*,#1158,.F.);
#1506=ORIENTED_EDGE('',*,*,#1159,.T.);
#1507=ORIENTED_EDGE('',*,*,#1160,.F.);
#1508=ORIENTED_EDGE('',*,*,#1159,.F.);
#1509=ORIENTED_EDGE('',*,*,#1102,.F.);
#1510=ORIENTED_EDGE('',*,*,#1161,.T.);
#1511=ORIENTED_EDGE('',*,*,#1079,.F.);
#1512=ORIENTED_EDGE('',*,*,#1161,.F.);
#1513=ORIENTED_EDGE('',*,*,#1115,.T.);
#1514=ORIENTED_EDGE('',*,*,#1140,.F.);
#1515=ORIENTED_EDGE('',*,*,#1112,.T.);
#1516=ORIENTED_EDGE('',*,*,#1162,.F.);
#1517=ORIENTED_EDGE('',*,*,#1103,.F.);
#1518=ORIENTED_EDGE('',*,*,#1163,.T.);
#1519=ORIENTED_EDGE('',*,*,#1080,.F.);
#1520=ORIENTED_EDGE('',*,*,#1163,.F.);
#1521=ORIENTED_EDGE('',*,*,#1164,.F.);
#1522=ORIENTED_EDGE('',*,*,#1165,.T.);
#1523=ORIENTED_EDGE('',*,*,#1141,.F.);
#1524=ORIENTED_EDGE('',*,*,#1165,.F.);
#1525=ORIENTED_EDGE('',*,*,#1166,.F.);
#1526=ORIENTED_EDGE('',*,*,#1167,.T.);
#1527=ORIENTED_EDGE('',*,*,#1142,.F.);
#1528=ORIENTED_EDGE('',*,*,#1167,.F.);
#1529=ORIENTED_EDGE('',*,*,#1116,.T.);
#1530=ORIENTED_EDGE('',*,*,#1162,.T.);
#1531=ORIENTED_EDGE('',*,*,#1111,.T.);
#1532=ORIENTED_EDGE('',*,*,#1034,.T.);
#1533=ORIENTED_EDGE('',*,*,#1130,.T.);
#1534=ORIENTED_EDGE('',*,*,#1168,.F.);
#1535=ORIENTED_EDGE('',*,*,#1169,.F.);
#1536=ORIENTED_EDGE('',*,*,#1170,.F.);
#1537=ORIENTED_EDGE('',*,*,#1171,.F.);
#1538=ORIENTED_EDGE('',*,*,#1172,.F.);
#1539=ORIENTED_EDGE('',*,*,#1173,.T.);
#1540=ORIENTED_EDGE('',*,*,#1108,.T.);
#1541=ORIENTED_EDGE('',*,*,#1166,.T.);
#1542=ORIENTED_EDGE('',*,*,#1164,.T.);
#1543=ORIENTED_EDGE('',*,*,#1174,.F.);
#1544=ORIENTED_EDGE('',*,*,#1175,.T.);
#1545=ORIENTED_EDGE('',*,*,#1176,.F.);
#1546=ORIENTED_EDGE('',*,*,#1177,.F.);
#1547=ORIENTED_EDGE('',*,*,#1178,.F.);
#1548=ORIENTED_EDGE('',*,*,#1179,.T.);
#1549=ORIENTED_EDGE('',*,*,#1180,.F.);
#1550=ORIENTED_EDGE('',*,*,#1175,.F.);
#1551=ORIENTED_EDGE('',*,*,#1181,.F.);
#1552=ORIENTED_EDGE('',*,*,#1182,.T.);
#1553=ORIENTED_EDGE('',*,*,#1183,.F.);
#1554=ORIENTED_EDGE('',*,*,#1179,.F.);
#1555=ORIENTED_EDGE('',*,*,#1184,.F.);
#1556=ORIENTED_EDGE('',*,*,#1185,.T.);
#1557=ORIENTED_EDGE('',*,*,#1186,.F.);
#1558=ORIENTED_EDGE('',*,*,#1182,.F.);
#1559=ORIENTED_EDGE('',*,*,#1187,.F.);
#1560=ORIENTED_EDGE('',*,*,#1188,.T.);
#1561=ORIENTED_EDGE('',*,*,#1189,.F.);
#1562=ORIENTED_EDGE('',*,*,#1185,.F.);
#1563=ORIENTED_EDGE('',*,*,#1190,.F.);
#1564=ORIENTED_EDGE('',*,*,#1191,.T.);
#1565=ORIENTED_EDGE('',*,*,#1192,.F.);
#1566=ORIENTED_EDGE('',*,*,#1188,.F.);
#1567=ORIENTED_EDGE('',*,*,#1193,.F.);
#1568=ORIENTED_EDGE('',*,*,#1194,.T.);
#1569=ORIENTED_EDGE('',*,*,#1195,.F.);
#1570=ORIENTED_EDGE('',*,*,#1191,.F.);
#1571=ORIENTED_EDGE('',*,*,#1196,.F.);
#1572=ORIENTED_EDGE('',*,*,#1197,.T.);
#1573=ORIENTED_EDGE('',*,*,#1198,.F.);
#1574=ORIENTED_EDGE('',*,*,#1194,.F.);
#1575=ORIENTED_EDGE('',*,*,#1199,.F.);
#1576=ORIENTED_EDGE('',*,*,#1200,.T.);
#1577=ORIENTED_EDGE('',*,*,#1201,.F.);
#1578=ORIENTED_EDGE('',*,*,#1197,.F.);
#1579=ORIENTED_EDGE('',*,*,#1202,.F.);
#1580=ORIENTED_EDGE('',*,*,#1177,.T.);
#1581=ORIENTED_EDGE('',*,*,#1203,.F.);
#1582=ORIENTED_EDGE('',*,*,#1200,.F.);
#1583=ORIENTED_EDGE('',*,*,#1204,.F.);
#1584=ORIENTED_EDGE('',*,*,#1205,.T.);
#1585=ORIENTED_EDGE('',*,*,#1206,.F.);
#1586=ORIENTED_EDGE('',*,*,#1207,.F.);
#1587=ORIENTED_EDGE('',*,*,#1208,.F.);
#1588=ORIENTED_EDGE('',*,*,#1209,.T.);
#1589=ORIENTED_EDGE('',*,*,#1210,.F.);
#1590=ORIENTED_EDGE('',*,*,#1205,.F.);
#1591=ORIENTED_EDGE('',*,*,#1211,.F.);
#1592=ORIENTED_EDGE('',*,*,#1212,.T.);
#1593=ORIENTED_EDGE('',*,*,#1213,.F.);
#1594=ORIENTED_EDGE('',*,*,#1209,.F.);
#1595=ORIENTED_EDGE('',*,*,#1214,.F.);
#1596=ORIENTED_EDGE('',*,*,#1215,.T.);
#1597=ORIENTED_EDGE('',*,*,#1216,.F.);
#1598=ORIENTED_EDGE('',*,*,#1212,.F.);
#1599=ORIENTED_EDGE('',*,*,#1217,.F.);
#1600=ORIENTED_EDGE('',*,*,#1218,.T.);
#1601=ORIENTED_EDGE('',*,*,#1219,.F.);
#1602=ORIENTED_EDGE('',*,*,#1215,.F.);
#1603=ORIENTED_EDGE('',*,*,#1220,.F.);
#1604=ORIENTED_EDGE('',*,*,#1221,.T.);
#1605=ORIENTED_EDGE('',*,*,#1222,.F.);
#1606=ORIENTED_EDGE('',*,*,#1218,.F.);
#1607=ORIENTED_EDGE('',*,*,#1223,.F.);
#1608=ORIENTED_EDGE('',*,*,#1207,.T.);
#1609=ORIENTED_EDGE('',*,*,#1224,.F.);
#1610=ORIENTED_EDGE('',*,*,#1221,.F.);
#1611=ORIENTED_EDGE('',*,*,#1225,.F.);
#1612=ORIENTED_EDGE('',*,*,#1226,.T.);
#1613=ORIENTED_EDGE('',*,*,#1227,.F.);
#1614=ORIENTED_EDGE('',*,*,#1228,.F.);
#1615=ORIENTED_EDGE('',*,*,#1229,.F.);
#1616=ORIENTED_EDGE('',*,*,#1230,.T.);
#1617=ORIENTED_EDGE('',*,*,#1231,.F.);
#1618=ORIENTED_EDGE('',*,*,#1226,.F.);
#1619=ORIENTED_EDGE('',*,*,#1232,.F.);
#1620=ORIENTED_EDGE('',*,*,#1233,.T.);
#1621=ORIENTED_EDGE('',*,*,#1234,.F.);
#1622=ORIENTED_EDGE('',*,*,#1230,.F.);
#1623=ORIENTED_EDGE('',*,*,#1235,.F.);
#1624=ORIENTED_EDGE('',*,*,#1228,.T.);
#1625=ORIENTED_EDGE('',*,*,#1236,.F.);
#1626=ORIENTED_EDGE('',*,*,#1233,.F.);
#1627=ORIENTED_EDGE('',*,*,#1237,.T.);
#1628=ORIENTED_EDGE('',*,*,#1238,.T.);
#1629=ORIENTED_EDGE('',*,*,#1239,.F.);
#1630=ORIENTED_EDGE('',*,*,#1240,.T.);
#1631=ORIENTED_EDGE('',*,*,#1238,.F.);
#1632=ORIENTED_EDGE('',*,*,#1241,.F.);
#1633=ORIENTED_EDGE('',*,*,#1242,.F.);
#1634=ORIENTED_EDGE('',*,*,#1243,.F.);
#1635=ORIENTED_EDGE('',*,*,#1240,.F.);
#1636=ORIENTED_EDGE('',*,*,#1244,.F.);
#1637=ORIENTED_EDGE('',*,*,#1245,.T.);
#1638=ORIENTED_EDGE('',*,*,#1246,.T.);
#1639=ORIENTED_EDGE('',*,*,#1247,.T.);
#1640=ORIENTED_EDGE('',*,*,#1245,.F.);
#1641=ORIENTED_EDGE('',*,*,#1086,.F.);
#1642=ORIENTED_EDGE('',*,*,#1242,.T.);
#1643=ORIENTED_EDGE('',*,*,#1244,.T.);
#1644=ORIENTED_EDGE('',*,*,#1248,.F.);
#1645=ORIENTED_EDGE('',*,*,#1249,.F.);
#1646=ORIENTED_EDGE('',*,*,#1087,.T.);
#1647=ORIENTED_EDGE('',*,*,#1243,.T.);
#1648=ORIENTED_EDGE('',*,*,#1085,.T.);
#1649=ORIENTED_EDGE('',*,*,#1250,.T.);
#1650=ORIENTED_EDGE('',*,*,#1251,.F.);
#1651=ORIENTED_EDGE('',*,*,#1252,.F.);
#1652=ORIENTED_EDGE('',*,*,#1250,.F.);
#1653=ORIENTED_EDGE('',*,*,#1084,.T.);
#1654=ORIENTED_EDGE('',*,*,#1253,.T.);
#1655=ORIENTED_EDGE('',*,*,#1254,.F.);
#1656=ORIENTED_EDGE('',*,*,#1253,.F.);
#1657=ORIENTED_EDGE('',*,*,#1083,.T.);
#1658=ORIENTED_EDGE('',*,*,#1255,.T.);
#1659=ORIENTED_EDGE('',*,*,#1256,.F.);
#1660=ORIENTED_EDGE('',*,*,#1257,.F.);
#1661=ORIENTED_EDGE('',*,*,#1089,.T.);
#1662=ORIENTED_EDGE('',*,*,#1258,.T.);
#1663=ORIENTED_EDGE('',*,*,#1259,.F.);
#1664=ORIENTED_EDGE('',*,*,#1258,.F.);
#1665=ORIENTED_EDGE('',*,*,#1088,.T.);
#1666=ORIENTED_EDGE('',*,*,#1249,.T.);
#1667=ORIENTED_EDGE('',*,*,#1048,.T.);
#1668=ORIENTED_EDGE('',*,*,#1078,.F.);
#1669=ORIENTED_EDGE('',*,*,#1260,.T.);
#1670=ORIENTED_EDGE('',*,*,#1261,.T.);
#1671=ORIENTED_EDGE('',*,*,#1262,.F.);
#1672=ORIENTED_EDGE('',*,*,#1263,.F.);
#1673=ORIENTED_EDGE('',*,*,#1255,.F.);
#1674=ORIENTED_EDGE('',*,*,#1082,.F.);
#1675=ORIENTED_EDGE('',*,*,#1264,.T.);
#1676=ORIENTED_EDGE('',*,*,#1260,.F.);
#1677=ORIENTED_EDGE('',*,*,#1265,.F.);
#1678=ORIENTED_EDGE('',*,*,#1094,.T.);
#1679=ORIENTED_EDGE('',*,*,#1262,.T.);
#1680=ORIENTED_EDGE('',*,*,#1093,.F.);
#1681=ORIENTED_EDGE('',*,*,#1266,.F.);
#1682=ORIENTED_EDGE('',*,*,#1070,.F.);
#1683=ORIENTED_EDGE('',*,*,#1264,.F.);
#1684=ORIENTED_EDGE('',*,*,#1090,.T.);
#1685=ORIENTED_EDGE('',*,*,#1257,.T.);
#1686=ORIENTED_EDGE('',*,*,#1267,.F.);
#1687=ORIENTED_EDGE('',*,*,#1049,.T.);
#1688=ORIENTED_EDGE('',*,*,#1261,.F.);
#1689=ORIENTED_EDGE('',*,*,#1267,.T.);
#1690=ORIENTED_EDGE('',*,*,#1256,.T.);
#1691=ORIENTED_EDGE('',*,*,#1259,.T.);
#1692=ORIENTED_EDGE('',*,*,#1248,.T.);
#1693=ORIENTED_EDGE('',*,*,#1239,.T.);
#1694=ORIENTED_EDGE('',*,*,#1251,.T.);
#1695=ORIENTED_EDGE('',*,*,#1252,.T.);
#1696=ORIENTED_EDGE('',*,*,#1254,.T.);
#1697=ORIENTED_EDGE('',*,*,#1263,.T.);
#1698=ORIENTED_EDGE('',*,*,#1069,.F.);
#1699=ORIENTED_EDGE('',*,*,#1063,.T.);
#1700=ORIENTED_EDGE('',*,*,#1052,.F.);
#1701=ORIENTED_EDGE('',*,*,#1054,.T.);
#1702=ORIENTED_EDGE('',*,*,#1041,.F.);
#1703=ORIENTED_EDGE('',*,*,#1266,.T.);
#1704=ORIENTED_EDGE('',*,*,#1101,.F.);
#1705=ORIENTED_EDGE('',*,*,#1268,.F.);
#1706=ORIENTED_EDGE('',*,*,#1073,.F.);
#1707=ORIENTED_EDGE('',*,*,#1098,.F.);
#1708=ORIENTED_EDGE('',*,*,#1269,.F.);
#1709=ORIENTED_EDGE('',*,*,#1076,.F.);
#1710=ORIENTED_EDGE('',*,*,#1270,.T.);
#1711=ORIENTED_EDGE('',*,*,#1099,.F.);
#1712=ORIENTED_EDGE('',*,*,#1270,.F.);
#1713=ORIENTED_EDGE('',*,*,#1075,.F.);
#1714=ORIENTED_EDGE('',*,*,#1271,.T.);
#1715=ORIENTED_EDGE('',*,*,#1100,.F.);
#1716=ORIENTED_EDGE('',*,*,#1271,.F.);
#1717=ORIENTED_EDGE('',*,*,#1074,.F.);
#1718=ORIENTED_EDGE('',*,*,#1268,.T.);
#1719=ORIENTED_EDGE('',*,*,#1265,.T.);
#1720=ORIENTED_EDGE('',*,*,#1077,.F.);
#1721=ORIENTED_EDGE('',*,*,#1269,.T.);
#1722=ORIENTED_EDGE('',*,*,#1097,.F.);
#1723=ORIENTED_EDGE('',*,*,#1272,.F.);
#1724=ORIENTED_EDGE('',*,*,#1273,.F.);
#1725=ORIENTED_EDGE('',*,*,#1122,.F.);
#1726=ORIENTED_EDGE('',*,*,#1274,.F.);
#1727=ORIENTED_EDGE('',*,*,#1275,.T.);
#1728=ORIENTED_EDGE('',*,*,#1276,.T.);
#1729=ORIENTED_EDGE('',*,*,#1247,.F.);
#1730=ORIENTED_EDGE('',*,*,#1277,.F.);
#1731=ORIENTED_EDGE('',*,*,#1143,.T.);
#1732=ORIENTED_EDGE('',*,*,#1146,.T.);
#1733=ORIENTED_EDGE('',*,*,#1149,.T.);
#1734=ORIENTED_EDGE('',*,*,#1152,.T.);
#1735=ORIENTED_EDGE('',*,*,#1155,.T.);
#1736=ORIENTED_EDGE('',*,*,#1158,.T.);
#1737=ORIENTED_EDGE('',*,*,#1174,.T.);
#1738=ORIENTED_EDGE('',*,*,#1202,.T.);
#1739=ORIENTED_EDGE('',*,*,#1199,.T.);
#1740=ORIENTED_EDGE('',*,*,#1196,.T.);
#1741=ORIENTED_EDGE('',*,*,#1193,.T.);
#1742=ORIENTED_EDGE('',*,*,#1190,.T.);
#1743=ORIENTED_EDGE('',*,*,#1187,.T.);
#1744=ORIENTED_EDGE('',*,*,#1184,.T.);
#1745=ORIENTED_EDGE('',*,*,#1181,.T.);
#1746=ORIENTED_EDGE('',*,*,#1178,.T.);
#1747=ORIENTED_EDGE('',*,*,#1204,.T.);
#1748=ORIENTED_EDGE('',*,*,#1223,.T.);
#1749=ORIENTED_EDGE('',*,*,#1220,.T.);
#1750=ORIENTED_EDGE('',*,*,#1217,.T.);
#1751=ORIENTED_EDGE('',*,*,#1214,.T.);
#1752=ORIENTED_EDGE('',*,*,#1211,.T.);
#1753=ORIENTED_EDGE('',*,*,#1208,.T.);
#1754=ORIENTED_EDGE('',*,*,#1225,.T.);
#1755=ORIENTED_EDGE('',*,*,#1235,.T.);
#1756=ORIENTED_EDGE('',*,*,#1232,.T.);
#1757=ORIENTED_EDGE('',*,*,#1229,.T.);
#1758=ORIENTED_EDGE('',*,*,#1278,.T.);
#1759=ORIENTED_EDGE('',*,*,#1279,.F.);
#1760=ORIENTED_EDGE('',*,*,#1277,.T.);
#1761=ORIENTED_EDGE('',*,*,#1241,.T.);
#1762=ORIENTED_EDGE('',*,*,#1274,.T.);
#1763=ORIENTED_EDGE('',*,*,#1280,.F.);
#1764=ORIENTED_EDGE('',*,*,#1281,.T.);
#1765=ORIENTED_EDGE('',*,*,#1279,.T.);
#1766=ORIENTED_EDGE('',*,*,#1273,.T.);
#1767=ORIENTED_EDGE('',*,*,#1282,.F.);
#1768=ORIENTED_EDGE('',*,*,#1283,.F.);
#1769=ORIENTED_EDGE('',*,*,#1284,.F.);
#1770=ORIENTED_EDGE('',*,*,#1285,.T.);
#1771=ORIENTED_EDGE('',*,*,#1246,.F.);
#1772=ORIENTED_EDGE('',*,*,#1276,.F.);
#1773=ORIENTED_EDGE('',*,*,#1282,.T.);
#1774=ORIENTED_EDGE('',*,*,#1272,.T.);
#1775=ORIENTED_EDGE('',*,*,#1278,.F.);
#1776=ORIENTED_EDGE('',*,*,#1237,.F.);
#1777=ORIENTED_EDGE('',*,*,#1285,.F.);
#1778=ORIENTED_EDGE('',*,*,#1145,.T.);
#1779=ORIENTED_EDGE('',*,*,#1148,.T.);
#1780=ORIENTED_EDGE('',*,*,#1151,.T.);
#1781=ORIENTED_EDGE('',*,*,#1154,.T.);
#1782=ORIENTED_EDGE('',*,*,#1157,.T.);
#1783=ORIENTED_EDGE('',*,*,#1160,.T.);
#1784=ORIENTED_EDGE('',*,*,#1176,.T.);
#1785=ORIENTED_EDGE('',*,*,#1180,.T.);
#1786=ORIENTED_EDGE('',*,*,#1183,.T.);
#1787=ORIENTED_EDGE('',*,*,#1186,.T.);
#1788=ORIENTED_EDGE('',*,*,#1189,.T.);
#1789=ORIENTED_EDGE('',*,*,#1192,.T.);
#1790=ORIENTED_EDGE('',*,*,#1195,.T.);
#1791=ORIENTED_EDGE('',*,*,#1198,.T.);
#1792=ORIENTED_EDGE('',*,*,#1201,.T.);
#1793=ORIENTED_EDGE('',*,*,#1203,.T.);
#1794=ORIENTED_EDGE('',*,*,#1206,.T.);
#1795=ORIENTED_EDGE('',*,*,#1210,.T.);
#1796=ORIENTED_EDGE('',*,*,#1213,.T.);
#1797=ORIENTED_EDGE('',*,*,#1216,.T.);
#1798=ORIENTED_EDGE('',*,*,#1219,.T.);
#1799=ORIENTED_EDGE('',*,*,#1222,.T.);
#1800=ORIENTED_EDGE('',*,*,#1224,.T.);
#1801=ORIENTED_EDGE('',*,*,#1227,.T.);
#1802=ORIENTED_EDGE('',*,*,#1231,.T.);
#1803=ORIENTED_EDGE('',*,*,#1234,.T.);
#1804=ORIENTED_EDGE('',*,*,#1236,.T.);
#1805=ORIENTED_EDGE('',*,*,#1275,.F.);
#1806=ORIENTED_EDGE('',*,*,#1281,.F.);
#1807=ORIENTED_EDGE('',*,*,#1286,.F.);
#1808=ORIENTED_EDGE('',*,*,#1283,.T.);
#1809=ORIENTED_EDGE('',*,*,#1284,.T.);
#1810=ORIENTED_EDGE('',*,*,#1287,.F.);
#1811=ORIENTED_EDGE('',*,*,#1288,.T.);
#1812=ORIENTED_EDGE('',*,*,#1123,.T.);
#1813=ORIENTED_EDGE('',*,*,#1280,.T.);
#1814=ORIENTED_EDGE('',*,*,#1121,.T.);
#1815=ORIENTED_EDGE('',*,*,#1289,.F.);
#1816=ORIENTED_EDGE('',*,*,#1290,.F.);
#1817=ORIENTED_EDGE('',*,*,#1120,.T.);
#1818=ORIENTED_EDGE('',*,*,#1291,.F.);
#1819=ORIENTED_EDGE('',*,*,#1292,.F.);
#1820=ORIENTED_EDGE('',*,*,#1289,.T.);
#1821=ORIENTED_EDGE('',*,*,#1119,.T.);
#1822=ORIENTED_EDGE('',*,*,#1293,.F.);
#1823=ORIENTED_EDGE('',*,*,#1294,.F.);
#1824=ORIENTED_EDGE('',*,*,#1291,.T.);
#1825=ORIENTED_EDGE('',*,*,#1125,.T.);
#1826=ORIENTED_EDGE('',*,*,#1295,.F.);
#1827=ORIENTED_EDGE('',*,*,#1296,.F.);
#1828=ORIENTED_EDGE('',*,*,#1297,.T.);
#1829=ORIENTED_EDGE('',*,*,#1124,.T.);
#1830=ORIENTED_EDGE('',*,*,#1288,.F.);
#1831=ORIENTED_EDGE('',*,*,#1298,.F.);
#1832=ORIENTED_EDGE('',*,*,#1295,.T.);
#1833=ORIENTED_EDGE('',*,*,#1299,.T.);
#1834=ORIENTED_EDGE('',*,*,#1300,.T.);
#1835=ORIENTED_EDGE('',*,*,#1293,.T.);
#1836=ORIENTED_EDGE('',*,*,#1118,.T.);
#1837=ORIENTED_EDGE('',*,*,#1110,.T.);
#1838=ORIENTED_EDGE('',*,*,#1301,.T.);
#1839=ORIENTED_EDGE('',*,*,#1302,.T.);
#1840=ORIENTED_EDGE('',*,*,#1296,.T.);
#1841=ORIENTED_EDGE('',*,*,#1298,.T.);
#1842=ORIENTED_EDGE('',*,*,#1287,.T.);
#1843=ORIENTED_EDGE('',*,*,#1286,.T.);
#1844=ORIENTED_EDGE('',*,*,#1290,.T.);
#1845=ORIENTED_EDGE('',*,*,#1292,.T.);
#1846=ORIENTED_EDGE('',*,*,#1294,.T.);
#1847=ORIENTED_EDGE('',*,*,#1300,.F.);
#1848=ORIENTED_EDGE('',*,*,#1128,.T.);
#1849=ORIENTED_EDGE('',*,*,#1032,.T.);
#1850=ORIENTED_EDGE('',*,*,#1029,.F.);
#1851=ORIENTED_EDGE('',*,*,#1026,.T.);
#1852=ORIENTED_EDGE('',*,*,#1022,.F.);
#1853=ORIENTED_EDGE('',*,*,#1303,.F.);
#1854=ORIENTED_EDGE('',*,*,#1304,.F.);
#1855=ORIENTED_EDGE('',*,*,#1305,.F.);
#1856=ORIENTED_EDGE('',*,*,#1133,.T.);
#1857=ORIENTED_EDGE('',*,*,#1299,.F.);
#1858=ORIENTED_EDGE('',*,*,#1132,.T.);
#1859=ORIENTED_EDGE('',*,*,#1306,.F.);
#1860=ORIENTED_EDGE('',*,*,#1129,.T.);
#1861=ORIENTED_EDGE('',*,*,#1303,.T.);
#1862=ORIENTED_EDGE('',*,*,#1126,.T.);
#1863=ORIENTED_EDGE('',*,*,#1297,.F.);
#1864=ORIENTED_EDGE('',*,*,#1302,.F.);
#1865=ORIENTED_EDGE('',*,*,#1109,.T.);
#1866=ORIENTED_EDGE('',*,*,#1173,.F.);
#1867=ORIENTED_EDGE('',*,*,#1304,.T.);
#1868=ORIENTED_EDGE('',*,*,#1301,.F.);
#1869=ORIENTED_EDGE('',*,*,#1306,.T.);
#1870=ORIENTED_EDGE('',*,*,#1139,.T.);
#1871=ORIENTED_EDGE('',*,*,#1307,.T.);
#1872=ORIENTED_EDGE('',*,*,#1168,.T.);
#1873=ORIENTED_EDGE('',*,*,#1171,.T.);
#1874=ORIENTED_EDGE('',*,*,#1308,.F.);
#1875=ORIENTED_EDGE('',*,*,#1136,.T.);
#1876=ORIENTED_EDGE('',*,*,#1309,.T.);
#1877=ORIENTED_EDGE('',*,*,#1170,.T.);
#1878=ORIENTED_EDGE('',*,*,#1310,.F.);
#1879=ORIENTED_EDGE('',*,*,#1137,.T.);
#1880=ORIENTED_EDGE('',*,*,#1308,.T.);
#1881=ORIENTED_EDGE('',*,*,#1169,.T.);
#1882=ORIENTED_EDGE('',*,*,#1307,.F.);
#1883=ORIENTED_EDGE('',*,*,#1138,.T.);
#1884=ORIENTED_EDGE('',*,*,#1310,.T.);
#1885=ORIENTED_EDGE('',*,*,#1305,.T.);
#1886=ORIENTED_EDGE('',*,*,#1172,.T.);
#1887=ORIENTED_EDGE('',*,*,#1309,.F.);
#1888=ORIENTED_EDGE('',*,*,#1135,.T.);
#1889=CYLINDRICAL_SURFACE('',#2057,2.);
#1890=CYLINDRICAL_SURFACE('',#2061,2.);
#1891=CYLINDRICAL_SURFACE('',#2067,2.);
#1892=CYLINDRICAL_SURFACE('',#2073,2.);
#1893=CYLINDRICAL_SURFACE('',#2082,3.18);
#1894=CYLINDRICAL_SURFACE('',#2095,6.36);
#1895=CYLINDRICAL_SURFACE('',#2097,6.36);
#1896=CYLINDRICAL_SURFACE('',#2099,2.1500000000004);
#1897=CYLINDRICAL_SURFACE('',#2116,6.36);
#1898=CYLINDRICAL_SURFACE('',#2118,3.18);
#1899=CYLINDRICAL_SURFACE('',#2120,3.18);
#1900=CYLINDRICAL_SURFACE('',#2128,1.6);
#1901=CYLINDRICAL_SURFACE('',#2131,1.6);
#1902=CYLINDRICAL_SURFACE('',#2134,1.6);
#1903=CYLINDRICAL_SURFACE('',#2137,1.6);
#1904=CYLINDRICAL_SURFACE('',#2140,1.6);
#1905=CYLINDRICAL_SURFACE('',#2143,1.6);
#1906=CYLINDRICAL_SURFACE('',#2146,2.1500000000004);
#1907=CYLINDRICAL_SURFACE('',#2147,2.1500000000004);
#1908=CYLINDRICAL_SURFACE('',#2149,2.65000000000049);
#1909=CYLINDRICAL_SURFACE('',#2150,2.1500000000004);
#1910=CYLINDRICAL_SURFACE('',#2152,2.65000000000049);
#1911=CYLINDRICAL_SURFACE('',#2178,3.18000000000001);
#1912=CYLINDRICAL_SURFACE('',#2179,6.36000000000001);
#1913=CYLINDRICAL_SURFACE('',#2180,10.);
#1914=CYLINDRICAL_SURFACE('',#2182,10.);
#1915=CYLINDRICAL_SURFACE('',#2185,10.);
#1916=CYLINDRICAL_SURFACE('',#2187,10.);
#1917=CYLINDRICAL_SURFACE('',#2190,3.18);
#1918=CYLINDRICAL_SURFACE('',#2198,5.);
#1919=CYLINDRICAL_SURFACE('',#2200,5.);
#1920=CYLINDRICAL_SURFACE('',#2202,3.18000000000001);
#1921=CYLINDRICAL_SURFACE('',#2207,6.36000000000001);
#1922=CYLINDRICAL_SURFACE('',#2208,10.);
#1923=CYLINDRICAL_SURFACE('',#2210,10.);
#1924=CYLINDRICAL_SURFACE('',#2213,10.);
#1925=CYLINDRICAL_SURFACE('',#2215,10.);
#1926=CYLINDRICAL_SURFACE('',#2224,6.36);
#1927=CYLINDRICAL_SURFACE('',#2226,5.);
#1928=CYLINDRICAL_SURFACE('',#2228,5.);
#1929=ADVANCED_FACE('',(#114),#1889,.F.);
#1930=ADVANCED_FACE('',(#115),#53,.F.);
#1931=ADVANCED_FACE('',(#116),#1890,.F.);
#1932=ADVANCED_FACE('',(#117),#54,.F.);
#1933=ADVANCED_FACE('',(#118),#1891,.F.);
#1934=ADVANCED_FACE('',(#119),#55,.F.);
#1935=ADVANCED_FACE('',(#120),#1892,.F.);
#1936=ADVANCED_FACE('',(#121),#56,.F.);
#1937=ADVANCED_FACE('',(#122),#57,.F.);
#1938=ADVANCED_FACE('',(#123),#58,.F.);
#1939=ADVANCED_FACE('',(#124),#59,.F.);
#1940=ADVANCED_FACE('',(#125),#1893,.F.);
#1941=ADVANCED_FACE('',(#126,#27,#28),#60,.T.);
#1942=ADVANCED_FACE('',(#127),#61,.F.);
#1943=ADVANCED_FACE('',(#128),#1894,.T.);
#1944=ADVANCED_FACE('',(#129),#1895,.T.);
#1945=ADVANCED_FACE('',(#130),#1896,.F.);
#1946=ADVANCED_FACE('',(#131,#29,#30),#62,.F.);
#1947=ADVANCED_FACE('',(#132),#63,.F.);
#1948=ADVANCED_FACE('',(#133),#64,.F.);
#1949=ADVANCED_FACE('',(#134),#65,.F.);
#1950=ADVANCED_FACE('',(#135),#66,.F.);
#1951=ADVANCED_FACE('',(#136),#1897,.T.);
#1952=ADVANCED_FACE('',(#137),#1898,.F.);
#1953=ADVANCED_FACE('',(#138),#1899,.F.);
#1954=ADVANCED_FACE('',(#139,#31,#32),#67,.F.);
#1955=ADVANCED_FACE('',(#140),#1900,.F.);
#1956=ADVANCED_FACE('',(#141),#1901,.F.);
#1957=ADVANCED_FACE('',(#142),#1902,.F.);
#1958=ADVANCED_FACE('',(#143),#1903,.F.);
#1959=ADVANCED_FACE('',(#144),#1904,.F.);
#1960=ADVANCED_FACE('',(#145),#1905,.F.);
#1961=ADVANCED_FACE('',(#146),#1906,.F.);
#1962=ADVANCED_FACE('',(#147),#1907,.F.);
#1963=ADVANCED_FACE('',(#148),#1908,.F.);
#1964=ADVANCED_FACE('',(#149),#1909,.F.);
#1965=ADVANCED_FACE('',(#150),#1910,.F.);
#1966=ADVANCED_FACE('',(#151,#33,#34),#68,.T.);
#1967=ADVANCED_FACE('',(#152),#69,.F.);
#1968=ADVANCED_FACE('',(#153),#70,.F.);
#1969=ADVANCED_FACE('',(#154),#71,.F.);
#1970=ADVANCED_FACE('',(#155),#72,.F.);
#1971=ADVANCED_FACE('',(#156),#73,.F.);
#1972=ADVANCED_FACE('',(#157),#74,.F.);
#1973=ADVANCED_FACE('',(#158),#75,.F.);
#1974=ADVANCED_FACE('',(#159),#76,.F.);
#1975=ADVANCED_FACE('',(#160),#77,.F.);
#1976=ADVANCED_FACE('',(#161),#78,.F.);
#1977=ADVANCED_FACE('',(#162),#79,.F.);
#1978=ADVANCED_FACE('',(#163),#80,.F.);
#1979=ADVANCED_FACE('',(#164),#81,.F.);
#1980=ADVANCED_FACE('',(#165),#82,.F.);
#1981=ADVANCED_FACE('',(#166),#83,.F.);
#1982=ADVANCED_FACE('',(#167),#84,.F.);
#1983=ADVANCED_FACE('',(#168),#85,.F.);
#1984=ADVANCED_FACE('',(#169),#86,.F.);
#1985=ADVANCED_FACE('',(#170),#87,.F.);
#1986=ADVANCED_FACE('',(#171),#88,.F.);
#1987=ADVANCED_FACE('',(#172),#89,.F.);
#1988=ADVANCED_FACE('',(#173),#1911,.F.);
#1989=ADVANCED_FACE('',(#174),#15,.F.);
#1990=ADVANCED_FACE('',(#175),#16,.F.);
#1991=ADVANCED_FACE('',(#176),#1912,.T.);
#1992=ADVANCED_FACE('',(#177),#1913,.F.);
#1993=ADVANCED_FACE('',(#178),#1914,.T.);
#1994=ADVANCED_FACE('',(#179),#90,.F.);
#1995=ADVANCED_FACE('',(#180),#1915,.F.);
#1996=ADVANCED_FACE('',(#181),#1916,.T.);
#1997=ADVANCED_FACE('',(#182),#91,.F.);
#1998=ADVANCED_FACE('',(#183),#1917,.F.);
#1999=ADVANCED_FACE('',(#184),#92,.F.);
#2000=ADVANCED_FACE('',(#185),#93,.F.);
#2001=ADVANCED_FACE('',(#186),#94,.F.);
#2002=ADVANCED_FACE('',(#187),#95,.F.);
#2003=ADVANCED_FACE('',(#188),#96,.T.);
#2004=ADVANCED_FACE('',(#189),#97,.F.);
#2005=ADVANCED_FACE('',(#190),#1918,.T.);
#2006=ADVANCED_FACE('',(#191),#98,.F.);
#2007=ADVANCED_FACE('',(#192),#1919,.T.);
#2008=ADVANCED_FACE('',(#193),#99,.F.);
#2009=ADVANCED_FACE('',(#194),#1920,.F.);
#2010=ADVANCED_FACE('',(#195,#35,#36,#37,#38,#39,#40,#41,#42,#43),#100,
 .T.);
#2011=ADVANCED_FACE('',(#196),#101,.T.);
#2012=ADVANCED_FACE('',(#197),#17,.T.);
#2013=ADVANCED_FACE('',(#198),#18,.T.);
#2014=ADVANCED_FACE('',(#199),#102,.T.);
#2015=ADVANCED_FACE('',(#200,#44,#45,#46,#47,#48,#49,#50,#51,#52),#103,
 .F.);
#2016=ADVANCED_FACE('',(#201),#1921,.T.);
#2017=ADVANCED_FACE('',(#202),#1922,.F.);
#2018=ADVANCED_FACE('',(#203),#1923,.T.);
#2019=ADVANCED_FACE('',(#204),#104,.T.);
#2020=ADVANCED_FACE('',(#205),#1924,.F.);
#2021=ADVANCED_FACE('',(#206),#1925,.T.);
#2022=ADVANCED_FACE('',(#207),#105,.T.);
#2023=ADVANCED_FACE('',(#208),#106,.T.);
#2024=ADVANCED_FACE('',(#209),#107,.T.);
#2025=ADVANCED_FACE('',(#210),#108,.T.);
#2026=ADVANCED_FACE('',(#211),#109,.T.);
#2027=ADVANCED_FACE('',(#212),#110,.T.);
#2028=ADVANCED_FACE('',(#213),#1926,.T.);
#2029=ADVANCED_FACE('',(#214),#111,.T.);
#2030=ADVANCED_FACE('',(#215),#1927,.T.);
#2031=ADVANCED_FACE('',(#216),#112,.T.);
#2032=ADVANCED_FACE('',(#217),#1928,.T.);
#2033=ADVANCED_FACE('',(#218),#113,.T.);
#2034=CLOSED_SHELL('',(#1929,#1930,#1931,#1932,#1933,#1934,#1935,#1936,
#1937,#1938,#1939,#1940,#1941,#1942,#1943,#1944,#1945,#1946,#1947,#1948,
#1949,#1950,#1951,#1952,#1953,#1954,#1955,#1956,#1957,#1958,#1959,#1960,
#1961,#1962,#1963,#1964,#1965,#1966,#1967,#1968,#1969,#1970,#1971,#1972,
#1973,#1974,#1975,#1976,#1977,#1978,#1979,#1980,#1981,#1982,#1983,#1984,
#1985,#1986,#1987,#1988,#1989,#1990,#1991,#1992,#1993,#1994,#1995,#1996,
#1997,#1998,#1999,#2000,#2001,#2002,#2003,#2004,#2005,#2006,#2007,#2008,
#2009,#2010,#2011,#2012,#2013,#2014,#2015,#2016,#2017,#2018,#2019,#2020,
#2021,#2022,#2023,#2024,#2025,#2026,#2027,#2028,#2029,#2030,#2031,#2032,
#2033));
#2035=DERIVED_UNIT_ELEMENT(#2038,1.);
#2036=DERIVED_UNIT_ELEMENT(#3533,-3.);
#2037=DIMENSIONAL_EXPONENTS(0.,1.,0.,0.,0.,0.,0.);
#2038=(
CONVERSION_BASED_UNIT('gram',#2040)
MASS_UNIT()
NAMED_UNIT(#2037)
);
#2039=(
MASS_UNIT()
NAMED_UNIT(*)
SI_UNIT(.KILO.,.GRAM.)
);
#2040=MASS_MEASURE_WITH_UNIT(MASS_MEASURE(0.001),#2039);
#2041=DERIVED_UNIT((#2035,#2036));
#2042=MEASURE_REPRESENTATION_ITEM('density measure',
POSITIVE_RATIO_MEASURE(1.),#2041);
#2043=PROPERTY_DEFINITION_REPRESENTATION(#2048,#2045);
#2044=PROPERTY_DEFINITION_REPRESENTATION(#2049,#2046);
#2045=REPRESENTATION('material name',(#2047),#3530);
#2046=REPRESENTATION('density',(#2042),#3530);
#2047=DESCRIPTIVE_REPRESENTATION_ITEM('Generic','Generic');
#2048=PROPERTY_DEFINITION('material property','material name',#3540);
#2049=PROPERTY_DEFINITION('material property','density of part',#3540);
#2050=DATE_TIME_ROLE('creation_date');
#2051=APPLIED_DATE_AND_TIME_ASSIGNMENT(#2052,#2050,(#3540));
#2052=DATE_AND_TIME(#2053,#2054);
#2053=CALENDAR_DATE(2026,5,5);
#2054=LOCAL_TIME(0,0,0.,#2055);
#2055=COORDINATED_UNIVERSAL_TIME_OFFSET(0,0,.BEHIND.);
#2056=AXIS2_PLACEMENT_3D('',#2787,#2230,#2231);
#2057=AXIS2_PLACEMENT_3D('',#2788,#2232,#2233);
#2058=AXIS2_PLACEMENT_3D('',#2791,#2234,#2235);
#2059=AXIS2_PLACEMENT_3D('',#2795,#2237,#2238);
#2060=AXIS2_PLACEMENT_3D('',#2797,#2240,#2241);
#2061=AXIS2_PLACEMENT_3D('',#2803,#2245,#2246);
#2062=AXIS2_PLACEMENT_3D('',#2805,#2247,#2248);
#2063=AXIS2_PLACEMENT_3D('',#2808,#2250,#2251);
#2064=AXIS2_PLACEMENT_3D('',#2809,#2252,#2253);
#2065=AXIS2_PLACEMENT_3D('',#2813,#2255,#2256);
#2066=AXIS2_PLACEMENT_3D('',#2821,#2260,#2261);
#2067=AXIS2_PLACEMENT_3D('',#2823,#2263,#2264);
#2068=AXIS2_PLACEMENT_3D('',#2826,#2265,#2266);
#2069=AXIS2_PLACEMENT_3D('',#2830,#2268,#2269);
#2070=AXIS2_PLACEMENT_3D('',#2832,#2271,#2272);
#2071=AXIS2_PLACEMENT_3D('',#2836,#2274,#2275);
#2072=AXIS2_PLACEMENT_3D('',#2844,#2279,#2280);
#2073=AXIS2_PLACEMENT_3D('',#2846,#2282,#2283);
#2074=AXIS2_PLACEMENT_3D('',#2849,#2284,#2285);
#2075=AXIS2_PLACEMENT_3D('',#2853,#2287,#2288);
#2076=AXIS2_PLACEMENT_3D('',#2855,#2290,#2291);
#2077=AXIS2_PLACEMENT_3D('',#2858,#2294,#2295);
#2078=AXIS2_PLACEMENT_3D('',#2867,#2300,#2301);
#2079=AXIS2_PLACEMENT_3D('',#2873,#2305,#2306);
#2080=AXIS2_PLACEMENT_3D('',#2877,#2308,#2309);
#2081=AXIS2_PLACEMENT_3D('',#2882,#2312,#2313);
#2082=AXIS2_PLACEMENT_3D('',#2884,#2315,#2316);
#2083=AXIS2_PLACEMENT_3D('',#2888,#2318,#2319);
#2084=AXIS2_PLACEMENT_3D('',#2890,#2321,#2322);
#2085=AXIS2_PLACEMENT_3D('',#2891,#2323,#2324);
#2086=AXIS2_PLACEMENT_3D('',#2895,#2326,#2327);
#2087=AXIS2_PLACEMENT_3D('',#2899,#2329,#2330);
#2088=AXIS2_PLACEMENT_3D('',#2904,#2333,#2334);
#2089=AXIS2_PLACEMENT_3D('',#2906,#2335,#2336);
#2090=AXIS2_PLACEMENT_3D('',#2907,#2337,#2338);
#2091=AXIS2_PLACEMENT_3D('',#2913,#2341,#2342);
#2092=AXIS2_PLACEMENT_3D('',#2917,#2344,#2345);
#2093=AXIS2_PLACEMENT_3D('',#2921,#2347,#2348);
#2094=AXIS2_PLACEMENT_3D('',#2925,#2350,#2351);
#2095=AXIS2_PLACEMENT_3D('',#2929,#2354,#2355);
#2096=AXIS2_PLACEMENT_3D('',#2932,#2357,#2358);
#2097=AXIS2_PLACEMENT_3D('',#2933,#2359,#2360);
#2098=AXIS2_PLACEMENT_3D('',#2935,#2361,#2362);
#2099=AXIS2_PLACEMENT_3D('',#2937,#2364,#2365);
#2100=AXIS2_PLACEMENT_3D('',#2938,#2366,#2367);
#2101=AXIS2_PLACEMENT_3D('',#2939,#2368,#2369);
#2102=AXIS2_PLACEMENT_3D('',#2943,#2371,#2372);
#2103=AXIS2_PLACEMENT_3D('',#2947,#2374,#2375);
#2104=AXIS2_PLACEMENT_3D('',#2950,#2377,#2378);
#2105=AXIS2_PLACEMENT_3D('',#2952,#2379,#2380);
#2106=AXIS2_PLACEMENT_3D('',#2953,#2381,#2382);
#2107=AXIS2_PLACEMENT_3D('',#2957,#2384,#2385);
#2108=AXIS2_PLACEMENT_3D('',#2965,#2389,#2390);
#2109=AXIS2_PLACEMENT_3D('',#2967,#2392,#2393);
#2110=AXIS2_PLACEMENT_3D('',#2973,#2397,#2398);
#2111=AXIS2_PLACEMENT_3D('',#2979,#2402,#2403);
#2112=AXIS2_PLACEMENT_3D('',#2985,#2406,#2407);
#2113=AXIS2_PLACEMENT_3D('',#2989,#2409,#2410);
#2114=AXIS2_PLACEMENT_3D('',#2993,#2412,#2413);
#2115=AXIS2_PLACEMENT_3D('',#2997,#2415,#2416);
#2116=AXIS2_PLACEMENT_3D('',#3001,#2419,#2420);
#2117=AXIS2_PLACEMENT_3D('',#3005,#2422,#2423);
#2118=AXIS2_PLACEMENT_3D('',#3007,#2425,#2426);
#2119=AXIS2_PLACEMENT_3D('',#3010,#2428,#2429);
#2120=AXIS2_PLACEMENT_3D('',#3011,#2430,#2431);
#2121=AXIS2_PLACEMENT_3D('',#3013,#2432,#2433);
#2122=AXIS2_PLACEMENT_3D('',#3015,#2435,#2436);
#2123=AXIS2_PLACEMENT_3D('',#3019,#2438,#2439);
#2124=AXIS2_PLACEMENT_3D('',#3023,#2441,#2442);
#2125=AXIS2_PLACEMENT_3D('',#3025,#2444,#2445);
#2126=AXIS2_PLACEMENT_3D('',#3027,#2446,#2447);
#2127=AXIS2_PLACEMENT_3D('',#3029,#2448,#2449);
#2128=AXIS2_PLACEMENT_3D('',#3030,#2450,#2451);
#2129=AXIS2_PLACEMENT_3D('',#3032,#2452,#2453);
#2130=AXIS2_PLACEMENT_3D('',#3035,#2455,#2456);
#2131=AXIS2_PLACEMENT_3D('',#3036,#2457,#2458);
#2132=AXIS2_PLACEMENT_3D('',#3038,#2459,#2460);
#2133=AXIS2_PLACEMENT_3D('',#3041,#2462,#2463);
#2134=AXIS2_PLACEMENT_3D('',#3042,#2464,#2465);
#2135=AXIS2_PLACEMENT_3D('',#3044,#2466,#2467);
#2136=AXIS2_PLACEMENT_3D('',#3047,#2469,#2470);
#2137=AXIS2_PLACEMENT_3D('',#3048,#2471,#2472);
#2138=AXIS2_PLACEMENT_3D('',#3050,#2473,#2474);
#2139=AXIS2_PLACEMENT_3D('',#3053,#2476,#2477);
#2140=AXIS2_PLACEMENT_3D('',#3054,#2478,#2479);
#2141=AXIS2_PLACEMENT_3D('',#3056,#2480,#2481);
#2142=AXIS2_PLACEMENT_3D('',#3059,#2483,#2484);
#2143=AXIS2_PLACEMENT_3D('',#3060,#2485,#2486);
#2144=AXIS2_PLACEMENT_3D('',#3062,#2487,#2488);
#2145=AXIS2_PLACEMENT_3D('',#3065,#2490,#2491);
#2146=AXIS2_PLACEMENT_3D('',#3066,#2492,#2493);
#2147=AXIS2_PLACEMENT_3D('',#3068,#2495,#2496);
#2148=AXIS2_PLACEMENT_3D('',#3069,#2497,#2498);
#2149=AXIS2_PLACEMENT_3D('',#3070,#2499,#2500);
#2150=AXIS2_PLACEMENT_3D('',#3072,#2502,#2503);
#2151=AXIS2_PLACEMENT_3D('',#3074,#2504,#2505);
#2152=AXIS2_PLACEMENT_3D('',#3076,#2507,#2508);
#2153=AXIS2_PLACEMENT_3D('',#3078,#2509,#2510);
#2154=AXIS2_PLACEMENT_3D('',#3080,#2512,#2513);
#2155=AXIS2_PLACEMENT_3D('',#3084,#2515,#2516);
#2156=AXIS2_PLACEMENT_3D('',#3088,#2518,#2519);
#2157=AXIS2_PLACEMENT_3D('',#3092,#2522,#2523);
#2158=AXIS2_PLACEMENT_3D('',#3101,#2528,#2529);
#2159=AXIS2_PLACEMENT_3D('',#3107,#2533,#2534);
#2160=AXIS2_PLACEMENT_3D('',#3113,#2538,#2539);
#2161=AXIS2_PLACEMENT_3D('',#3119,#2543,#2544);
#2162=AXIS2_PLACEMENT_3D('',#3125,#2548,#2549);
#2163=AXIS2_PLACEMENT_3D('',#3131,#2553,#2554);
#2164=AXIS2_PLACEMENT_3D('',#3137,#2558,#2559);
#2165=AXIS2_PLACEMENT_3D('',#3143,#2563,#2564);
#2166=AXIS2_PLACEMENT_3D('',#3149,#2568,#2569);
#2167=AXIS2_PLACEMENT_3D('',#3152,#2572,#2573);
#2168=AXIS2_PLACEMENT_3D('',#3161,#2578,#2579);
#2169=AXIS2_PLACEMENT_3D('',#3167,#2583,#2584);
#2170=AXIS2_PLACEMENT_3D('',#3173,#2588,#2589);
#2171=AXIS2_PLACEMENT_3D('',#3179,#2593,#2594);
#2172=AXIS2_PLACEMENT_3D('',#3185,#2598,#2599);
#2173=AXIS2_PLACEMENT_3D('',#3191,#2603,#2604);
#2174=AXIS2_PLACEMENT_3D('',#3194,#2607,#2608);
#2175=AXIS2_PLACEMENT_3D('',#3203,#2613,#2614);
#2176=AXIS2_PLACEMENT_3D('',#3209,#2618,#2619);
#2177=AXIS2_PLACEMENT_3D('',#3215,#2623,#2624);
#2178=AXIS2_PLACEMENT_3D('',#3218,#2627,#2628);
#2179=AXIS2_PLACEMENT_3D('',#3319,#2635,#2636);
#2180=AXIS2_PLACEMENT_3D('',#3321,#2638,#2639);
#2181=AXIS2_PLACEMENT_3D('',#3323,#2640,#2641);
#2182=AXIS2_PLACEMENT_3D('',#3325,#2643,#2644);
#2183=AXIS2_PLACEMENT_3D('',#3328,#2646,#2647);
#2184=AXIS2_PLACEMENT_3D('',#3329,#2648,#2649);
#2185=AXIS2_PLACEMENT_3D('',#3333,#2652,#2653);
#2186=AXIS2_PLACEMENT_3D('',#3335,#2654,#2655);
#2187=AXIS2_PLACEMENT_3D('',#3337,#2657,#2658);
#2188=AXIS2_PLACEMENT_3D('',#3340,#2659,#2660);
#2189=AXIS2_PLACEMENT_3D('',#3343,#2663,#2664);
#2190=AXIS2_PLACEMENT_3D('',#3345,#2666,#2667);
#2191=AXIS2_PLACEMENT_3D('',#3347,#2668,#2669);
#2192=AXIS2_PLACEMENT_3D('',#3349,#2671,#2672);
#2193=AXIS2_PLACEMENT_3D('',#3352,#2675,#2676);
#2194=AXIS2_PLACEMENT_3D('',#3355,#2679,#2680);
#2195=AXIS2_PLACEMENT_3D('',#3357,#2682,#2683);
#2196=AXIS2_PLACEMENT_3D('',#3359,#2685,#2686);
#2197=AXIS2_PLACEMENT_3D('',#3360,#2687,#2688);
#2198=AXIS2_PLACEMENT_3D('',#3362,#2690,#2691);
#2199=AXIS2_PLACEMENT_3D('',#3365,#2694,#2695);
#2200=AXIS2_PLACEMENT_3D('',#3367,#2697,#2698);
#2201=AXIS2_PLACEMENT_3D('',#3368,#2699,#2700);
#2202=AXIS2_PLACEMENT_3D('',#3369,#2701,#2702);
#2203=AXIS2_PLACEMENT_3D('',#3393,#2704,#2705);
#2204=AXIS2_PLACEMENT_3D('',#3399,#2709,#2710);
#2205=AXIS2_PLACEMENT_3D('',#3475,#2716,#2717);
#2206=AXIS2_PLACEMENT_3D('',#3477,#2719,#2720);
#2207=AXIS2_PLACEMENT_3D('',#3478,#2721,#2722);
#2208=AXIS2_PLACEMENT_3D('',#3480,#2724,#2725);
#2209=AXIS2_PLACEMENT_3D('',#3482,#2726,#2727);
#2210=AXIS2_PLACEMENT_3D('',#3484,#2729,#2730);
#2211=AXIS2_PLACEMENT_3D('',#3487,#2732,#2733);
#2212=AXIS2_PLACEMENT_3D('',#3488,#2734,#2735);
#2213=AXIS2_PLACEMENT_3D('',#3492,#2738,#2739);
#2214=AXIS2_PLACEMENT_3D('',#3495,#2741,#2742);
#2215=AXIS2_PLACEMENT_3D('',#3496,#2743,#2744);
#2216=AXIS2_PLACEMENT_3D('',#3500,#2746,#2747);
#2217=AXIS2_PLACEMENT_3D('',#3502,#2749,#2750);
#2218=AXIS2_PLACEMENT_3D('',#3504,#2752,#2753);
#2219=AXIS2_PLACEMENT_3D('',#3507,#2756,#2757);
#2220=AXIS2_PLACEMENT_3D('',#3511,#2760,#2761);
#2221=AXIS2_PLACEMENT_3D('',#3513,#2763,#2764);
#2222=AXIS2_PLACEMENT_3D('',#3515,#2766,#2767);
#2223=AXIS2_PLACEMENT_3D('',#3517,#2769,#2770);
#2224=AXIS2_PLACEMENT_3D('',#3518,#2771,#2772);
#2225=AXIS2_PLACEMENT_3D('',#3519,#2773,#2774);
#2226=AXIS2_PLACEMENT_3D('',#3521,#2776,#2777);
#2227=AXIS2_PLACEMENT_3D('',#3524,#2780,#2781);
#2228=AXIS2_PLACEMENT_3D('',#3526,#2783,#2784);
#2229=AXIS2_PLACEMENT_3D('',#3527,#2785,#2786);
#2230=DIRECTION('axis',(0.,0.,1.));
#2231=DIRECTION('refdir',(1.,0.,0.));
#2232=DIRECTION('center_axis',(0.,0.,-1.));
#2233=DIRECTION('ref_axis',(-0.707106781186547,0.707106781186548,0.));
#2234=DIRECTION('center_axis',(-5.68329533285222E-17,-9.48908568055672E-19,
1.));
#2235=DIRECTION('ref_axis',(-0.707106781186547,0.707106781186548,0.));
#2236=DIRECTION('',(0.,0.,-1.));
#2237=DIRECTION('center_axis',(5.68329533285222E-17,-9.48908568055707E-19,
-1.));
#2238=DIRECTION('ref_axis',(-0.707106781186547,0.707106781186548,0.));
#2239=DIRECTION('',(0.,0.,1.));
#2240=DIRECTION('center_axis',(-1.,-3.87287101613355E-16,0.));
#2241=DIRECTION('ref_axis',(-3.87287101613355E-16,1.,9.4890856805565E-19));
#2242=DIRECTION('',(-3.87287101613355E-16,1.,9.4890856805565E-19));
#2243=DIRECTION('',(0.,0.,1.));
#2244=DIRECTION('',(3.87287101613355E-16,-1.,9.48908568055729E-19));
#2245=DIRECTION('center_axis',(0.,0.,-1.));
#2246=DIRECTION('ref_axis',(-0.707106781186547,-0.707106781186548,0.));
#2247=DIRECTION('center_axis',(-5.68329533285222E-17,-9.48908568055672E-19,
1.));
#2248=DIRECTION('ref_axis',(-0.707106781186547,-0.707106781186548,0.));
#2249=DIRECTION('',(0.,0.,-1.));
#2250=DIRECTION('center_axis',(5.68329533285222E-17,-9.48908568055707E-19,
-1.));
#2251=DIRECTION('ref_axis',(-0.707106781186547,-0.707106781186548,0.));
#2252=DIRECTION('center_axis',(0.,-1.,0.));
#2253=DIRECTION('ref_axis',(-1.,0.,-5.68329533285222E-17));
#2254=DIRECTION('',(-1.,0.,-5.68329533285222E-17));
#2255=DIRECTION('center_axis',(0.,-1.,0.));
#2256=DIRECTION('ref_axis',(1.,0.,0.));
#2257=DIRECTION('',(0.,0.,1.));
#2258=DIRECTION('',(-1.,0.,-5.68329533285222E-17));
#2259=DIRECTION('',(0.,0.,-1.));
#2260=DIRECTION('center_axis',(0.,1.,0.));
#2261=DIRECTION('ref_axis',(1.,0.,0.));
#2262=DIRECTION('',(1.,0.,5.68329533285222E-17));
#2263=DIRECTION('center_axis',(1.58603289232165E-16,0.,1.));
#2264=DIRECTION('ref_axis',(-0.707106781186547,0.707106781186548,0.));
#2265=DIRECTION('center_axis',(-1.79297633243258E-16,9.48908568055672E-19,
-1.));
#2266=DIRECTION('ref_axis',(-0.707106781186547,0.707106781186548,0.));
#2267=DIRECTION('',(1.58603289232165E-16,0.,1.));
#2268=DIRECTION('center_axis',(1.79297633243258E-16,-2.84672570416705E-18,
1.));
#2269=DIRECTION('ref_axis',(-0.707106781186547,0.707106781186548,0.));
#2270=DIRECTION('',(-1.58603289232165E-16,0.,-1.));
#2271=DIRECTION('center_axis',(6.98075457813493E-16,1.,-1.1071706374147E-31));
#2272=DIRECTION('ref_axis',(-1.,6.98075457813493E-16,1.79297633243258E-16));
#2273=DIRECTION('',(-1.,6.98075457813493E-16,1.79297633243258E-16));
#2274=DIRECTION('center_axis',(6.98075457813493E-16,1.,-1.1071706374147E-31));
#2275=DIRECTION('ref_axis',(1.,1.16207784055288E-34,-1.22464679914735E-16));
#2276=DIRECTION('',(-1.22464679914735E-16,-2.52274762440079E-32,-1.));
#2277=DIRECTION('',(-1.,6.98075457813493E-16,1.79297633243258E-16));
#2278=DIRECTION('',(1.22464679914735E-16,2.52274762440079E-32,1.));
#2279=DIRECTION('center_axis',(-6.98075457813493E-16,-1.,1.1071706374147E-31));
#2280=DIRECTION('ref_axis',(1.,1.16207784055288E-34,-1.22464679914735E-16));
#2281=DIRECTION('',(1.,-6.98075457813493E-16,-1.79297633243258E-16));
#2282=DIRECTION('center_axis',(1.58603289232165E-16,0.,1.));
#2283=DIRECTION('ref_axis',(-0.707106781188649,-0.707106781184446,0.));
#2284=DIRECTION('center_axis',(-1.79297633243258E-16,9.48908568055672E-19,
-1.));
#2285=DIRECTION('ref_axis',(-0.707106781188649,-0.707106781184446,0.));
#2286=DIRECTION('',(1.58603289232165E-16,0.,1.));
#2287=DIRECTION('center_axis',(1.79297633243258E-16,-2.84672570416705E-18,
1.));
#2288=DIRECTION('ref_axis',(-0.707106781188649,-0.707106781184446,0.));
#2289=DIRECTION('',(-1.58603289232165E-16,0.,-1.));
#2290=DIRECTION('center_axis',(-1.,-1.21895035712894E-16,1.58603289232165E-16));
#2291=DIRECTION('ref_axis',(1.21895035712894E-16,-1.,-9.48908568055694E-19));
#2292=DIRECTION('',(-1.21895035712894E-16,1.,2.84672570416707E-18));
#2293=DIRECTION('',(1.21895035712894E-16,-1.,-9.48908568055693E-19));
#2294=DIRECTION('center_axis',(1.58603289232165E-16,0.,1.));
#2295=DIRECTION('ref_axis',(1.,0.,-1.58603289232165E-16));
#2296=DIRECTION('',(1.16207784055288E-34,-1.,-1.84309367855498E-50));
#2297=DIRECTION('',(-1.,0.,0.));
#2298=DIRECTION('',(-1.16207784055288E-34,1.,1.84309367855498E-50));
#2299=DIRECTION('',(1.,-5.94336458930578E-12,-1.79297633243263E-16));
#2300=DIRECTION('center_axis',(1.58603289232165E-16,0.,1.));
#2301=DIRECTION('ref_axis',(1.,0.,-1.58603289232165E-16));
#2302=DIRECTION('',(1.16207784055288E-34,-1.,-1.84309367855498E-50));
#2303=DIRECTION('',(-1.16207784055288E-34,1.,1.84309367855498E-50));
#2304=DIRECTION('',(1.,0.,0.));
#2305=DIRECTION('center_axis',(-5.94336458930578E-12,-1.,9.42637172969874E-28));
#2306=DIRECTION('ref_axis',(1.,-5.94336458930578E-12,-1.79297633243263E-16));
#2307=DIRECTION('',(-1.,5.94336458930578E-12,1.79297633243274E-16));
#2308=DIRECTION('center_axis',(5.94336458930578E-12,1.,-9.42637172969874E-28));
#2309=DIRECTION('ref_axis',(1.,1.16207784055288E-34,-1.22464679914735E-16));
#2310=DIRECTION('',(-1.22464679914735E-16,-2.1478493092397E-28,-1.));
#2311=DIRECTION('',(1.22464679914735E-16,2.1478493092397E-28,1.));
#2312=DIRECTION('center_axis',(-5.94336458930578E-12,-1.,9.42637172969874E-28));
#2313=DIRECTION('ref_axis',(1.,1.16207784055288E-34,-1.22464679914735E-16));
#2314=DIRECTION('',(1.,-5.94336458930578E-12,-1.79297633243263E-16));
#2315=DIRECTION('center_axis',(1.16207784055288E-34,1.,1.89781713611134E-18));
#2316=DIRECTION('ref_axis',(1.,1.16207784055288E-34,-1.22464679914735E-16));
#2317=DIRECTION('',(-1.74311676082934E-34,-1.,-2.84672570416705E-18));
#2318=DIRECTION('center_axis',(-1.16207784055288E-34,-1.,-1.89781713611134E-18));
#2319=DIRECTION('ref_axis',(-1.22464679914735E-16,1.89781713611134E-18,
-1.));
#2320=DIRECTION('',(-1.16207784055288E-34,-1.,-1.89781713611134E-18));
#2321=DIRECTION('center_axis',(-1.,-1.16207784055288E-34,1.22464679914735E-16));
#2322=DIRECTION('ref_axis',(1.22464679914735E-16,-1.89781713611134E-18,
1.));
#2323=DIRECTION('center_axis',(1.,1.16207784055288E-34,-1.22464679914735E-16));
#2324=DIRECTION('ref_axis',(0.,0.,1.));
#2325=DIRECTION('',(1.22464679914735E-16,3.84266713168291E-16,1.));
#2326=DIRECTION('center_axis',(-1.,-1.16207784055288E-34,1.22464679914735E-16));
#2327=DIRECTION('ref_axis',(-1.16207784055288E-34,-1.,-1.89781713611134E-18));
#2328=DIRECTION('',(4.23175117518396E-33,1.,3.55037792306032E-17));
#2329=DIRECTION('center_axis',(-1.,-1.16207784055288E-34,1.22464679914735E-16));
#2330=DIRECTION('ref_axis',(1.22464679914735E-16,-4.45987026986174E-16,
1.));
#2331=DIRECTION('',(-1.22464679914735E-16,-5.77348978320492E-16,-1.));
#2332=DIRECTION('',(-1.16207784055288E-34,-1.,-1.89781713611134E-18));
#2333=DIRECTION('center_axis',(1.,1.16207784055288E-34,-1.22464679914735E-16));
#2334=DIRECTION('ref_axis',(0.,0.,1.));
#2335=DIRECTION('center_axis',(1.,1.16207784055288E-34,-1.22464679914735E-16));
#2336=DIRECTION('ref_axis',(0.,0.,1.));
#2337=DIRECTION('center_axis',(1.79297633243258E-16,-9.48908568055672E-19,
1.));
#2338=DIRECTION('ref_axis',(1.,2.24066336777973E-34,-1.79297633243258E-16));
#2339=DIRECTION('',(5.81038920276438E-35,1.,9.48908568055672E-19));
#2340=DIRECTION('',(-1.,1.23478324460887E-15,1.38406292745422E-16));
#2341=DIRECTION('center_axis',(-1.79297633243258E-16,9.48908568055672E-19,
-1.));
#2342=DIRECTION('ref_axis',(1.80411241501588E-16,-1.,-9.48908568055704E-19));
#2343=DIRECTION('',(0.707106781186547,0.707106781186548,-1.26111592633808E-16));
#2344=DIRECTION('center_axis',(1.79297633243258E-16,-9.48908568055672E-19,
1.));
#2345=DIRECTION('ref_axis',(5.39292763613428E-35,-1.,-9.48908568055672E-19));
#2346=DIRECTION('',(0.,1.,9.48908568055672E-19));
#2347=DIRECTION('center_axis',(-1.79297633243258E-16,9.48908568055672E-19,
-1.));
#2348=DIRECTION('ref_axis',(-4.44089209850063E-16,1.,9.48908568055751E-19));
#2349=DIRECTION('',(-0.707106781186547,-0.707106781186548,1.26111592633808E-16));
#2350=DIRECTION('center_axis',(1.79297633243258E-16,-9.48908568055672E-19,
1.));
#2351=DIRECTION('ref_axis',(-1.66533453693773E-16,1.,9.48908568055702E-19));
#2352=DIRECTION('',(-1.,1.23478324460887E-15,1.38406292745422E-16));
#2353=DIRECTION('',(5.81038920276438E-35,1.,9.48908568055672E-19));
#2354=DIRECTION('center_axis',(1.16207784055288E-34,1.,1.89781713611134E-18));
#2355=DIRECTION('ref_axis',(1.,1.16207784055288E-34,-1.22464679914735E-16));
#2356=DIRECTION('',(1.16207784055288E-34,1.,1.89781713611134E-18));
#2357=DIRECTION('center_axis',(1.16207784055288E-34,1.,1.89781713611134E-18));
#2358=DIRECTION('ref_axis',(1.,1.16207784055288E-34,-1.22464679914735E-16));
#2359=DIRECTION('center_axis',(1.16207784055288E-34,1.,1.89781713611134E-18));
#2360=DIRECTION('ref_axis',(1.,1.16207784055288E-34,-1.22464679914735E-16));
#2361=DIRECTION('center_axis',(1.16207784055288E-34,1.,1.89781713611134E-18));
#2362=DIRECTION('ref_axis',(1.,1.16207784055288E-34,-1.22464679914735E-16));
#2363=DIRECTION('',(1.16207784055288E-34,1.,1.89781713611134E-18));
#2364=DIRECTION('center_axis',(-1.,0.,0.));
#2365=DIRECTION('ref_axis',(0.,0.,1.));
#2366=DIRECTION('center_axis',(-1.,-1.16207784055288E-34,1.22464679914735E-16));
#2367=DIRECTION('ref_axis',(0.,0.,1.));
#2368=DIRECTION('center_axis',(-1.,-1.16207784055288E-34,1.22464679914735E-16));
#2369=DIRECTION('ref_axis',(1.22464679914735E-16,-1.89781713611134E-18,
1.));
#2370=DIRECTION('',(1.22464679914735E-16,5.77348978320492E-16,1.));
#2371=DIRECTION('center_axis',(1.,1.16207784055288E-34,-1.22464679914735E-16));
#2372=DIRECTION('ref_axis',(1.22464679914735E-16,-4.45987026986174E-16,
1.));
#2373=DIRECTION('',(-4.23175117518396E-33,-1.,-3.55037792306032E-17));
#2374=DIRECTION('center_axis',(1.,1.16207784055288E-34,-1.22464679914735E-16));
#2375=DIRECTION('ref_axis',(-1.16207784055288E-34,-1.,-1.89781713611134E-18));
#2376=DIRECTION('',(-1.22464679914735E-16,-3.84266713168291E-16,-1.));
#2377=DIRECTION('center_axis',(-1.,-1.16207784055288E-34,1.22464679914735E-16));
#2378=DIRECTION('ref_axis',(0.,0.,1.));
#2379=DIRECTION('center_axis',(-1.,-1.16207784055288E-34,1.22464679914735E-16));
#2380=DIRECTION('ref_axis',(0.,0.,1.));
#2381=DIRECTION('center_axis',(0.,1.,0.));
#2382=DIRECTION('ref_axis',(1.,0.,5.68329533285222E-17));
#2383=DIRECTION('',(-1.,0.,-5.68329533285222E-17));
#2384=DIRECTION('center_axis',(0.,-1.,0.));
#2385=DIRECTION('ref_axis',(1.,0.,0.));
#2386=DIRECTION('',(0.,0.,1.));
#2387=DIRECTION('',(1.,0.,5.68329533285222E-17));
#2388=DIRECTION('',(0.,0.,-1.));
#2389=DIRECTION('center_axis',(0.,1.,0.));
#2390=DIRECTION('ref_axis',(1.,0.,0.));
#2391=DIRECTION('',(1.,0.,5.68329533285222E-17));
#2392=DIRECTION('center_axis',(0.,0.,-1.));
#2393=DIRECTION('ref_axis',(-1.,0.,0.));
#2394=DIRECTION('',(0.,-1.,0.));
#2395=DIRECTION('',(1.,0.,0.));
#2396=DIRECTION('',(0.,1.,0.));
#2397=DIRECTION('center_axis',(0.,0.,-1.));
#2398=DIRECTION('ref_axis',(-1.,0.,0.));
#2399=DIRECTION('',(0.,1.,0.));
#2400=DIRECTION('',(-1.,0.,0.));
#2401=DIRECTION('',(0.,-1.,0.));
#2402=DIRECTION('center_axis',(-5.68329533285222E-17,9.48908568055707E-19,
1.));
#2403=DIRECTION('ref_axis',(1.,0.,5.68329533285222E-17));
#2404=DIRECTION('',(5.8103892027646E-35,-1.,9.48908568055707E-19));
#2405=DIRECTION('',(1.,-1.23478324460887E-15,1.59416128306864E-17));
#2406=DIRECTION('center_axis',(5.68329533285222E-17,9.48908568055672E-19,
-1.));
#2407=DIRECTION('ref_axis',(1.80411241501588E-16,-1.,-9.48908568055662E-19));
#2408=DIRECTION('',(0.707106781186547,0.707106781186548,4.08579463766548E-17));
#2409=DIRECTION('center_axis',(-5.68329533285222E-17,-9.48908568055672E-19,
1.));
#2410=DIRECTION('ref_axis',(5.39292763613428E-35,-1.,-9.48908568055672E-19));
#2411=DIRECTION('',(0.,1.,-9.48908568055707E-19));
#2412=DIRECTION('center_axis',(5.68329533285222E-17,9.48908568055672E-19,
-1.));
#2413=DIRECTION('ref_axis',(-4.44089209850063E-16,1.,9.48908568055646E-19));
#2414=DIRECTION('',(-0.707106781186547,-0.707106781186548,-4.08579463766548E-17));
#2415=DIRECTION('center_axis',(-5.68329533285222E-17,-9.48908568055672E-19,
1.));
#2416=DIRECTION('ref_axis',(-1.66533453693773E-16,1.,9.48908568055662E-19));
#2417=DIRECTION('',(-1.,0.,6.12323399573677E-17));
#2418=DIRECTION('',(5.8103892027646E-35,-1.,9.48908568055707E-19));
#2419=DIRECTION('center_axis',(0.,-1.,0.));
#2420=DIRECTION('ref_axis',(1.,0.,0.));
#2421=DIRECTION('',(5.81038920276438E-35,1.,9.48908568055672E-19));
#2422=DIRECTION('center_axis',(0.,-1.,0.));
#2423=DIRECTION('ref_axis',(1.,0.,0.));
#2424=DIRECTION('',(0.,-1.,0.));
#2425=DIRECTION('center_axis',(0.,-1.,0.));
#2426=DIRECTION('ref_axis',(1.,0.,0.));
#2427=DIRECTION('',(0.,1.,0.));
#2428=DIRECTION('center_axis',(0.,1.,0.));
#2429=DIRECTION('ref_axis',(0.,0.,1.));
#2430=DIRECTION('center_axis',(0.,-1.,0.));
#2431=DIRECTION('ref_axis',(1.,0.,0.));
#2432=DIRECTION('center_axis',(0.,-1.,0.));
#2433=DIRECTION('ref_axis',(1.,0.,0.));
#2434=DIRECTION('',(0.,1.,0.));
#2435=DIRECTION('center_axis',(1.,0.,0.));
#2436=DIRECTION('ref_axis',(0.,0.,-1.));
#2437=DIRECTION('',(0.,-5.79246795456603E-16,1.));
#2438=DIRECTION('center_axis',(1.,0.,0.));
#2439=DIRECTION('ref_axis',(0.,-4.44089209850063E-16,-1.));
#2440=DIRECTION('',(0.,1.,-3.36059620944918E-17));
#2441=DIRECTION('center_axis',(1.,0.,0.));
#2442=DIRECTION('ref_axis',(0.,-1.,0.));
#2443=DIRECTION('',(0.,3.86164530304402E-16,-1.));
#2444=DIRECTION('center_axis',(1.,0.,0.));
#2445=DIRECTION('ref_axis',(0.,0.,1.));
#2446=DIRECTION('center_axis',(1.,0.,0.));
#2447=DIRECTION('ref_axis',(0.,0.,1.));
#2448=DIRECTION('center_axis',(1.,0.,0.));
#2449=DIRECTION('ref_axis',(0.,0.,1.));
#2450=DIRECTION('center_axis',(1.,0.,-5.92099793502246E-17));
#2451=DIRECTION('ref_axis',(5.92099793502246E-17,0.,1.));
#2452=DIRECTION('center_axis',(1.,-9.50170681348952E-19,-4.58715666105626E-17));
#2453=DIRECTION('ref_axis',(5.92099793502246E-17,0.,1.));
#2454=DIRECTION('',(1.,0.,-5.92099793502246E-17));
#2455=DIRECTION('center_axis',(-1.,9.50170681349101E-19,4.58715666105626E-17));
#2456=DIRECTION('ref_axis',(5.92099793502246E-17,0.,1.));
#2457=DIRECTION('center_axis',(1.,0.,0.));
#2458=DIRECTION('ref_axis',(0.,0.,1.));
#2459=DIRECTION('center_axis',(1.,-9.50170681348952E-19,-4.58715666105626E-17));
#2460=DIRECTION('ref_axis',(0.,0.,1.));
#2461=DIRECTION('',(1.,0.,0.));
#2462=DIRECTION('center_axis',(-1.,9.50170681349101E-19,4.58715666105626E-17));
#2463=DIRECTION('ref_axis',(0.,0.,1.));
#2464=DIRECTION('center_axis',(1.,0.,-5.92099793502246E-17));
#2465=DIRECTION('ref_axis',(5.92099793502246E-17,0.,1.));
#2466=DIRECTION('center_axis',(1.,-9.50170681348952E-19,-4.58715666105626E-17));
#2467=DIRECTION('ref_axis',(5.92099793502246E-17,0.,1.));
#2468=DIRECTION('',(1.,0.,-5.92099793502246E-17));
#2469=DIRECTION('center_axis',(-1.,9.50170681349101E-19,4.58715666105626E-17));
#2470=DIRECTION('ref_axis',(5.92099793502246E-17,0.,1.));
#2471=DIRECTION('center_axis',(1.,0.,0.));
#2472=DIRECTION('ref_axis',(0.,0.,1.));
#2473=DIRECTION('center_axis',(1.,-9.50170681348952E-19,-4.58715666105626E-17));
#2474=DIRECTION('ref_axis',(0.,0.,1.));
#2475=DIRECTION('',(1.,0.,0.));
#2476=DIRECTION('center_axis',(-1.,9.50170681349101E-19,4.58715666105626E-17));
#2477=DIRECTION('ref_axis',(0.,0.,1.));
#2478=DIRECTION('center_axis',(1.,0.,0.));
#2479=DIRECTION('ref_axis',(0.,0.,1.));
#2480=DIRECTION('center_axis',(1.,-9.50170681348952E-19,-4.58715666105626E-17));
#2481=DIRECTION('ref_axis',(0.,0.,1.));
#2482=DIRECTION('',(1.,0.,0.));
#2483=DIRECTION('center_axis',(-1.,9.50170681349101E-19,4.58715666105626E-17));
#2484=DIRECTION('ref_axis',(0.,0.,1.));
#2485=DIRECTION('center_axis',(1.,0.,-5.92099793502246E-17));
#2486=DIRECTION('ref_axis',(5.92099793502246E-17,0.,1.));
#2487=DIRECTION('center_axis',(1.,-9.50170681348952E-19,-4.58715666105626E-17));
#2488=DIRECTION('ref_axis',(5.92099793502246E-17,0.,1.));
#2489=DIRECTION('',(1.,0.,-5.92099793502246E-17));
#2490=DIRECTION('center_axis',(-1.,9.50170681349101E-19,4.58715666105626E-17));
#2491=DIRECTION('ref_axis',(5.92099793502246E-17,0.,1.));
#2492=DIRECTION('center_axis',(-1.,0.,0.));
#2493=DIRECTION('ref_axis',(0.,0.,1.));
#2494=DIRECTION('',(-1.,0.,0.));
#2495=DIRECTION('center_axis',(-1.,0.,0.));
#2496=DIRECTION('ref_axis',(0.,1.22464679914735E-16,-1.));
#2497=DIRECTION('center_axis',(-1.,0.,0.));
#2498=DIRECTION('ref_axis',(0.,0.,1.));
#2499=DIRECTION('center_axis',(-1.,0.,0.));
#2500=DIRECTION('ref_axis',(0.,0.,1.));
#2501=DIRECTION('',(-1.,0.,0.));
#2502=DIRECTION('center_axis',(-1.,0.,0.));
#2503=DIRECTION('ref_axis',(0.,0.,1.));
#2504=DIRECTION('center_axis',(-1.,0.,0.));
#2505=DIRECTION('ref_axis',(0.,0.,1.));
#2506=DIRECTION('',(-1.,0.,0.));
#2507=DIRECTION('center_axis',(-1.,0.,0.));
#2508=DIRECTION('ref_axis',(0.,0.,1.));
#2509=DIRECTION('center_axis',(-1.,0.,0.));
#2510=DIRECTION('ref_axis',(0.,0.,1.));
#2511=DIRECTION('',(-1.,0.,0.));
#2512=DIRECTION('center_axis',(1.,0.,0.));
#2513=DIRECTION('ref_axis',(0.,0.,-1.));
#2514=DIRECTION('',(0.,-3.86164530304402E-16,1.));
#2515=DIRECTION('center_axis',(-1.,0.,0.));
#2516=DIRECTION('ref_axis',(0.,-1.,0.));
#2517=DIRECTION('',(0.,-1.,3.36059620944918E-17));
#2518=DIRECTION('center_axis',(-1.,0.,0.));
#2519=DIRECTION('ref_axis',(0.,-4.44089209850063E-16,-1.));
#2520=DIRECTION('',(0.,5.79246795456603E-16,-1.));
#2521=DIRECTION('',(0.,-1.,0.));
#2522=DIRECTION('center_axis',(0.,-0.923268840417973,-0.384154458926681));
#2523=DIRECTION('ref_axis',(-4.19867758087084E-17,0.384154458926681,-0.923268840417973));
#2524=DIRECTION('',(-4.19867758087084E-17,0.384154458926681,-0.923268840417973));
#2525=DIRECTION('',(1.,0.,0.));
#2526=DIRECTION('',(4.19867758087083E-17,-0.384154458926681,0.923268840417973));
#2527=DIRECTION('',(1.,0.,0.));
#2528=DIRECTION('center_axis',(0.,4.35858177009021E-35,1.));
#2529=DIRECTION('ref_axis',(-9.50170681348952E-19,-1.,4.35858177009021E-35));
#2530=DIRECTION('',(-9.50170681348952E-19,-1.,4.35858177009021E-35));
#2531=DIRECTION('',(1.,0.,0.));
#2532=DIRECTION('',(9.50170681349101E-19,1.,-4.35858177009021E-35));
#2533=DIRECTION('center_axis',(0.,0.92372101458969,0.383065904519566));
#2534=DIRECTION('ref_axis',(4.20085520588285E-17,-0.383065904519566,0.92372101458969));
#2535=DIRECTION('',(4.20085520588285E-17,-0.383065904519566,0.92372101458969));
#2536=DIRECTION('',(1.,0.,0.));
#2537=DIRECTION('',(-4.20085520588285E-17,0.383065904519566,-0.92372101458969));
#2538=DIRECTION('center_axis',(0.,4.35858177009021E-35,1.));
#2539=DIRECTION('ref_axis',(-9.50170681348952E-19,-1.,4.35858177009021E-35));
#2540=DIRECTION('',(-9.50170681348952E-19,-1.,4.35858177009021E-35));
#2541=DIRECTION('',(1.,0.,0.));
#2542=DIRECTION('',(9.50170681349101E-19,1.,-4.35858177009021E-35));
#2543=DIRECTION('center_axis',(0.,-0.92372101458969,-0.383065904519565));
#2544=DIRECTION('ref_axis',(-4.20085520588285E-17,0.383065904519565,-0.92372101458969));
#2545=DIRECTION('',(-4.20085520588286E-17,0.383065904519565,-0.92372101458969));
#2546=DIRECTION('',(1.,0.,0.));
#2547=DIRECTION('',(4.20085520588285E-17,-0.383065904519565,0.92372101458969));
#2548=DIRECTION('center_axis',(0.,4.35858177009021E-35,1.));
#2549=DIRECTION('ref_axis',(-9.50170681348952E-19,-1.,4.35858177009021E-35));
#2550=DIRECTION('',(-9.50170681348952E-19,-1.,4.35858177009021E-35));
#2551=DIRECTION('',(1.,0.,0.));
#2552=DIRECTION('',(9.50170681349101E-19,1.,-4.35858177009021E-35));
#2553=DIRECTION('center_axis',(0.,0.923721014589691,0.383065904519565));
#2554=DIRECTION('ref_axis',(4.20085520588286E-17,-0.383065904519565,0.923721014589691));
#2555=DIRECTION('',(4.20085520588286E-17,-0.383065904519565,0.923721014589691));
#2556=DIRECTION('',(1.,0.,0.));
#2557=DIRECTION('',(-4.20085520588285E-17,0.383065904519565,-0.923721014589691));
#2558=DIRECTION('center_axis',(0.,0.903655716458544,-0.428259671358155));
#2559=DIRECTION('ref_axis',(4.18590231742724E-17,0.428259671358155,0.903655716458544));
#2560=DIRECTION('',(4.18590231742724E-17,0.428259671358155,0.903655716458544));
#2561=DIRECTION('',(1.,0.,0.));
#2562=DIRECTION('',(-4.18590231742725E-17,-0.428259671358155,-0.903655716458544));
#2563=DIRECTION('center_axis',(0.,-4.35858177009021E-35,-1.));
#2564=DIRECTION('ref_axis',(9.50170681348952E-19,1.,-4.35858177009021E-35));
#2565=DIRECTION('',(9.50170681348952E-19,1.,-4.35858177009021E-35));
#2566=DIRECTION('',(1.,0.,0.));
#2567=DIRECTION('',(-9.50170681349101E-19,-1.,4.35858177009021E-35));
#2568=DIRECTION('center_axis',(0.,-0.906706638936468,0.421761865166272));
#2569=DIRECTION('ref_axis',(-4.19927997430056E-17,-0.421761865166272,-0.906706638936468));
#2570=DIRECTION('',(-4.19927997430056E-17,-0.421761865166272,-0.906706638936468));
#2571=DIRECTION('',(4.19927997430056E-17,0.421761865166272,0.906706638936468));
#2572=DIRECTION('center_axis',(0.,4.35858177009021E-35,1.));
#2573=DIRECTION('ref_axis',(-9.50170681348952E-19,-1.,4.35858177009021E-35));
#2574=DIRECTION('',(-9.50170681348952E-19,-1.,4.35858177009021E-35));
#2575=DIRECTION('',(1.,0.,0.));
#2576=DIRECTION('',(9.50170681349101E-19,1.,-4.35858177009021E-35));
#2577=DIRECTION('',(1.,0.,0.));
#2578=DIRECTION('center_axis',(0.,0.906161671665483,-0.422931465848094));
#2579=DIRECTION('ref_axis',(4.19689125608108E-17,0.422931465848094,0.906161671665483));
#2580=DIRECTION('',(4.19689125608108E-17,0.422931465848094,0.906161671665483));
#2581=DIRECTION('',(1.,0.,0.));
#2582=DIRECTION('',(-4.19689125608108E-17,-0.422931465848094,-0.906161671665483));
#2583=DIRECTION('center_axis',(0.,-4.35858177009021E-35,-1.));
#2584=DIRECTION('ref_axis',(9.50170681348952E-19,1.,-4.35858177009021E-35));
#2585=DIRECTION('',(9.50170681348952E-19,1.,-4.35858177009021E-35));
#2586=DIRECTION('',(1.,0.,0.));
#2587=DIRECTION('',(-9.50170681349101E-19,-1.,4.35858177009021E-35));
#2588=DIRECTION('center_axis',(0.,-0.906161671665483,0.422931465848093));
#2589=DIRECTION('ref_axis',(-4.19689125608108E-17,-0.422931465848093,-0.906161671665483));
#2590=DIRECTION('',(-4.19689125608108E-17,-0.422931465848093,-0.906161671665483));
#2591=DIRECTION('',(1.,0.,0.));
#2592=DIRECTION('',(4.19689125608108E-17,0.422931465848093,0.906161671665483));
#2593=DIRECTION('center_axis',(0.,-0.923134441424652,-0.384477311496524));
#2594=DIRECTION('ref_axis',(-4.19803039512876E-17,0.384477311496524,-0.923134441424652));
#2595=DIRECTION('',(-4.19803039512876E-17,0.384477311496524,-0.923134441424652));
#2596=DIRECTION('',(1.,0.,0.));
#2597=DIRECTION('',(4.19803039512875E-17,-0.384477311496524,0.923134441424652));
#2598=DIRECTION('center_axis',(0.,4.35858177009021E-35,1.));
#2599=DIRECTION('ref_axis',(-9.50170681348952E-19,-1.,4.35858177009021E-35));
#2600=DIRECTION('',(-9.50170681348952E-19,-1.,4.35858177009021E-35));
#2601=DIRECTION('',(1.,0.,0.));
#2602=DIRECTION('',(9.50170681349101E-19,1.,-4.35858177009021E-35));
#2603=DIRECTION('center_axis',(0.,0.923134441424652,0.384477311496524));
#2604=DIRECTION('ref_axis',(4.19803039512876E-17,-0.384477311496524,0.923134441424652));
#2605=DIRECTION('',(4.19803039512876E-17,-0.384477311496524,0.923134441424652));
#2606=DIRECTION('',(-4.19803039512875E-17,0.384477311496524,-0.923134441424652));
#2607=DIRECTION('center_axis',(0.,-0.923134441424653,-0.384477311496524));
#2608=DIRECTION('ref_axis',(-4.19803039512876E-17,0.384477311496524,-0.923134441424653));
#2609=DIRECTION('',(-4.19803039512876E-17,0.384477311496524,-0.923134441424653));
#2610=DIRECTION('',(1.,0.,0.));
#2611=DIRECTION('',(4.19803039512875E-17,-0.384477311496524,0.923134441424653));
#2612=DIRECTION('',(1.,0.,0.));
#2613=DIRECTION('center_axis',(0.,-0.906161671665483,0.422931465848093));
#2614=DIRECTION('ref_axis',(-4.19689125608108E-17,-0.422931465848093,-0.906161671665483));
#2615=DIRECTION('',(-4.19689125608108E-17,-0.422931465848093,-0.906161671665483));
#2616=DIRECTION('',(1.,0.,0.));
#2617=DIRECTION('',(4.19689125608108E-17,0.422931465848093,0.906161671665483));
#2618=DIRECTION('center_axis',(0.,0.923134441424653,0.384477311496524));
#2619=DIRECTION('ref_axis',(4.19803039512876E-17,-0.384477311496524,0.923134441424653));
#2620=DIRECTION('',(4.19803039512876E-17,-0.384477311496524,0.923134441424653));
#2621=DIRECTION('',(1.,0.,0.));
#2622=DIRECTION('',(-4.19803039512875E-17,0.384477311496524,-0.923134441424653));
#2623=DIRECTION('center_axis',(0.,0.906161671665483,-0.422931465848093));
#2624=DIRECTION('ref_axis',(4.19689125608108E-17,0.422931465848093,0.906161671665483));
#2625=DIRECTION('',(4.19689125608108E-17,0.422931465848093,0.906161671665483));
#2626=DIRECTION('',(-4.19689125608108E-17,-0.422931465848093,-0.906161671665483));
#2627=DIRECTION('center_axis',(-5.39292763613428E-35,1.,9.48908568055672E-19));
#2628=DIRECTION('ref_axis',(-1.79297633243258E-16,9.48908568055672E-19,
-1.));
#2629=DIRECTION('',(-9.50170681349101E-19,-1.,-9.48908568055672E-19));
#2630=DIRECTION('',(-2.3241556811058E-34,-1.,-2.84672570416705E-18));
#2631=DIRECTION('',(1.,-4.44889817153451E-31,-6.12323399573677E-17));
#2632=DIRECTION('',(-1.22464679914735E-16,1.89781713611134E-18,-1.));
#2633=DIRECTION('',(1.22464679914735E-16,-1.89781713611134E-18,1.));
#2634=DIRECTION('',(1.,-4.44889817153451E-31,-6.12323399573677E-17));
#2635=DIRECTION('center_axis',(-5.39292763613428E-35,1.,9.48908568055672E-19));
#2636=DIRECTION('ref_axis',(-1.79297633243258E-16,9.48908568055672E-19,
-1.));
#2637=DIRECTION('',(9.50170681348952E-19,1.,9.48908568055672E-19));
#2638=DIRECTION('center_axis',(-1.22464679914735E-16,1.89781713611134E-18,
-1.));
#2639=DIRECTION('ref_axis',(-4.44089209850063E-16,1.,1.8978171361114E-18));
#2640=DIRECTION('center_axis',(-1.79297633243258E-16,9.48908568055672E-19,
-1.));
#2641=DIRECTION('ref_axis',(-4.44089209850063E-16,1.,9.48908568055751E-19));
#2642=DIRECTION('',(1.22464679914735E-16,-1.89781713611134E-18,1.));
#2643=DIRECTION('center_axis',(-1.22464679914735E-16,1.89781713611134E-18,
-1.));
#2644=DIRECTION('ref_axis',(-6.22785076939449E-35,-1.,-1.89781713611134E-18));
#2645=DIRECTION('',(1.22464679914735E-16,-1.89781713611134E-18,1.));
#2646=DIRECTION('center_axis',(1.79297633243258E-16,-9.48908568055672E-19,
1.));
#2647=DIRECTION('ref_axis',(5.39292763613428E-35,-1.,-9.48908568055672E-19));
#2648=DIRECTION('center_axis',(-0.707106781186548,0.707106781186547,8.79375649899457E-17));
#2649=DIRECTION('ref_axis',(1.22464679914735E-16,-1.89781713611134E-18,
1.));
#2650=DIRECTION('',(0.707106781186547,0.707106781186548,-1.26111592633808E-16));
#2651=DIRECTION('',(1.22464679914735E-16,-1.89781713611134E-18,1.));
#2652=DIRECTION('center_axis',(-1.22464679914735E-16,1.89781713611134E-18,
-1.));
#2653=DIRECTION('ref_axis',(1.80411241501588E-16,-1.,-1.89781713611137E-18));
#2654=DIRECTION('center_axis',(-1.79297633243258E-16,9.48908568055672E-19,
-1.));
#2655=DIRECTION('ref_axis',(1.80411241501588E-16,-1.,-9.48908568055704E-19));
#2656=DIRECTION('',(1.22464679914735E-16,-1.89781713611134E-18,1.));
#2657=DIRECTION('center_axis',(-1.22464679914735E-16,1.89781713611134E-18,
-1.));
#2658=DIRECTION('ref_axis',(-1.66533453693773E-16,1.,1.89781713611136E-18));
#2659=DIRECTION('center_axis',(1.79297633243258E-16,-9.48908568055672E-19,
1.));
#2660=DIRECTION('ref_axis',(-1.66533453693773E-16,1.,9.48908568055702E-19));
#2661=DIRECTION('',(1.22464679914735E-16,-1.89781713611134E-18,1.));
#2662=DIRECTION('',(1.22464679914735E-16,-1.89781713611134E-18,1.));
#2663=DIRECTION('center_axis',(0.707106781186548,-0.707106781186547,-8.79375649899457E-17));
#2664=DIRECTION('ref_axis',(-1.22464679914735E-16,1.89781713611134E-18,
-1.));
#2665=DIRECTION('',(-0.707106781186547,-0.707106781186548,1.26111592633808E-16));
#2666=DIRECTION('center_axis',(1.16207784055288E-34,1.,1.89781713611134E-18));
#2667=DIRECTION('ref_axis',(1.,1.16207784055288E-34,-1.22464679914735E-16));
#2668=DIRECTION('center_axis',(1.16207784055288E-34,1.,1.89781713611134E-18));
#2669=DIRECTION('ref_axis',(1.,1.16207784055288E-34,-1.22464679914735E-16));
#2670=DIRECTION('',(-1.74311676082934E-34,-1.,-2.84672570416705E-18));
#2671=DIRECTION('center_axis',(1.23478324460887E-15,1.,1.89781713611127E-18));
#2672=DIRECTION('ref_axis',(1.,-1.23478324460887E-15,-6.12323399573677E-17));
#2673=DIRECTION('',(-6.12323399573677E-17,1.89781713611134E-18,-1.));
#2674=DIRECTION('',(1.,1.29065330838669E-15,-1.79297633243258E-16));
#2675=DIRECTION('center_axis',(-1.16207784055288E-34,-1.,-1.89781713611134E-18));
#2676=DIRECTION('ref_axis',(-1.22464679914735E-16,1.89781713611134E-18,
-1.));
#2677=DIRECTION('',(6.12323399573677E-17,-1.89781713611134E-18,1.));
#2678=DIRECTION('',(-1.,-1.16207784055294E-34,1.22464679914735E-16));
#2679=DIRECTION('center_axis',(1.16207784055288E-34,1.,1.89781713611134E-18));
#2680=DIRECTION('ref_axis',(1.22464679914735E-16,-1.89781713611134E-18,
1.));
#2681=DIRECTION('',(1.,1.16207784055283E-34,-1.22464679914735E-16));
#2682=DIRECTION('center_axis',(-1.16207784055288E-34,-1.,-1.89781713611134E-18));
#2683=DIRECTION('ref_axis',(-1.,0.,6.12323399573677E-17));
#2684=DIRECTION('',(-1.,0.,6.12323399573677E-17));
#2685=DIRECTION('center_axis',(1.79297633243258E-16,-2.84672570416705E-18,
1.));
#2686=DIRECTION('ref_axis',(1.,2.24066336777973E-34,-1.79297633243258E-16));
#2687=DIRECTION('center_axis',(-4.71753078140974E-32,1.,-3.84266713168291E-16));
#2688=DIRECTION('ref_axis',(1.22464679914735E-16,3.84266713168291E-16,1.));
#2689=DIRECTION('',(1.,1.16207784055288E-34,-1.22464679914735E-16));
#2690=DIRECTION('center_axis',(-1.,-1.16207784055288E-34,1.22464679914735E-16));
#2691=DIRECTION('ref_axis',(1.22464679914735E-16,-4.45987026986174E-16,
1.));
#2692=DIRECTION('',(1.,1.16207784055288E-34,-1.22464679914735E-16));
#2693=DIRECTION('',(1.,1.16207784055288E-34,-1.22464679914735E-16));
#2694=DIRECTION('center_axis',(-1.22464679914735E-16,3.55037792306032E-17,
-1.));
#2695=DIRECTION('ref_axis',(-1.,-1.16207784055288E-34,1.22464679914735E-16));
#2696=DIRECTION('',(1.,1.16207784055288E-34,-1.22464679914735E-16));
#2697=DIRECTION('center_axis',(-1.,-1.16207784055288E-34,1.22464679914735E-16));
#2698=DIRECTION('ref_axis',(-1.16207784055288E-34,-1.,-1.89781713611134E-18));
#2699=DIRECTION('center_axis',(7.08210656131738E-32,-1.,5.77348978320492E-16));
#2700=DIRECTION('ref_axis',(-1.22464679914735E-16,-5.77348978320492E-16,
-1.));
#2701=DIRECTION('center_axis',(5.39292763613428E-35,-1.,-9.48908568055672E-19));
#2702=DIRECTION('ref_axis',(-5.68329533285222E-17,-9.48908568055672E-19,
1.));
#2703=DIRECTION('',(-9.50170681349101E-19,-1.,-9.48908568055672E-19));
#2704=DIRECTION('center_axis',(-1.,9.50170681348952E-19,4.58715666105626E-17));
#2705=DIRECTION('ref_axis',(4.58715666105626E-17,-9.48908568055672E-19,
1.));
#2706=DIRECTION('',(9.50170681348952E-19,1.,9.48908568055672E-19));
#2707=DIRECTION('',(-4.39938662884546E-18,-5.39292763613428E-35,-1.));
#2708=DIRECTION('',(-4.39938662884546E-18,-5.39292763613428E-35,-1.));
#2709=DIRECTION('center_axis',(-4.44889817153451E-31,-1.,-5.81038920276166E-35));
#2710=DIRECTION('ref_axis',(1.,-4.44889817153451E-31,-6.12323399573677E-17));
#2711=DIRECTION('',(4.39938662884546E-18,5.39292763613428E-35,1.));
#2712=DIRECTION('',(1.,-4.44889817153451E-31,-6.12323399573677E-17));
#2713=DIRECTION('',(0.,0.,-1.));
#2714=DIRECTION('',(1.,-4.44889817153451E-31,-6.12323399573677E-17));
#2715=DIRECTION('',(0.,0.,1.));
#2716=DIRECTION('center_axis',(4.44889817153451E-31,1.,5.81038920276166E-35));
#2717=DIRECTION('ref_axis',(-1.,4.44889817153451E-31,6.12323399573677E-17));
#2718=DIRECTION('',(-4.39938662884546E-18,-5.39292763613428E-35,-1.));
#2719=DIRECTION('center_axis',(-1.,9.50170681349101E-19,4.58715666105626E-17));
#2720=DIRECTION('ref_axis',(4.58715666105626E-17,-9.48908568055672E-19,
1.));
#2721=DIRECTION('center_axis',(5.39292763613428E-35,-1.,-9.48908568055672E-19));
#2722=DIRECTION('ref_axis',(-5.68329533285222E-17,-9.48908568055672E-19,
1.));
#2723=DIRECTION('',(0.,-1.,-9.48908568055672E-19));
#2724=DIRECTION('center_axis',(0.,0.,-1.));
#2725=DIRECTION('ref_axis',(-4.44089209850063E-16,1.,0.));
#2726=DIRECTION('center_axis',(5.68329533285222E-17,9.48908568055672E-19,
-1.));
#2727=DIRECTION('ref_axis',(-4.44089209850063E-16,1.,9.48908568055646E-19));
#2728=DIRECTION('',(0.,0.,-1.));
#2729=DIRECTION('center_axis',(0.,0.,-1.));
#2730=DIRECTION('ref_axis',(5.39292763613428E-35,-1.,0.));
#2731=DIRECTION('',(0.,0.,-1.));
#2732=DIRECTION('center_axis',(-5.68329533285222E-17,-9.48908568055672E-19,
1.));
#2733=DIRECTION('ref_axis',(5.39292763613428E-35,-1.,-9.48908568055672E-19));
#2734=DIRECTION('center_axis',(0.707106781186548,-0.707106781186547,0.));
#2735=DIRECTION('ref_axis',(0.,0.,-1.));
#2736=DIRECTION('',(0.,0.,-1.));
#2737=DIRECTION('',(0.707106781186547,0.707106781186548,4.08579463766548E-17));
#2738=DIRECTION('center_axis',(0.,0.,-1.));
#2739=DIRECTION('ref_axis',(1.80411241501588E-16,-1.,0.));
#2740=DIRECTION('',(0.,0.,-1.));
#2741=DIRECTION('center_axis',(5.68329533285222E-17,9.48908568055672E-19,
-1.));
#2742=DIRECTION('ref_axis',(1.80411241501588E-16,-1.,-9.48908568055662E-19));
#2743=DIRECTION('center_axis',(0.,0.,-1.));
#2744=DIRECTION('ref_axis',(-1.66533453693773E-16,1.,0.));
#2745=DIRECTION('',(0.,0.,-1.));
#2746=DIRECTION('center_axis',(-5.68329533285222E-17,-9.48908568055672E-19,
1.));
#2747=DIRECTION('ref_axis',(-1.66533453693773E-16,1.,9.48908568055662E-19));
#2748=DIRECTION('',(0.,0.,-1.));
#2749=DIRECTION('center_axis',(-0.707106781186548,0.707106781186547,0.));
#2750=DIRECTION('ref_axis',(0.,0.,1.));
#2751=DIRECTION('',(-0.707106781186547,-0.707106781186548,-4.08579463766548E-17));
#2752=DIRECTION('center_axis',(-1.23478324460887E-15,-1.,7.56086674075515E-32));
#2753=DIRECTION('ref_axis',(1.,-1.23478324460887E-15,-6.12323399573677E-17));
#2754=DIRECTION('',(6.12323399573677E-17,0.,1.));
#2755=DIRECTION('',(-1.,1.23478324460887E-15,-1.59416128306864E-17));
#2756=DIRECTION('center_axis',(-5.68329533285222E-17,-9.48908568055672E-19,
1.));
#2757=DIRECTION('ref_axis',(1.,0.,5.68329533285222E-17));
#2758=DIRECTION('',(5.81038920276438E-35,1.,9.48908568055672E-19));
#2759=DIRECTION('',(-1.,1.23478324460887E-15,-1.59416128306864E-17));
#2760=DIRECTION('center_axis',(0.,1.,0.));
#2761=DIRECTION('ref_axis',(0.,0.,1.));
#2762=DIRECTION('',(-6.12323399573677E-17,0.,-1.));
#2763=DIRECTION('center_axis',(0.,-1.,0.));
#2764=DIRECTION('ref_axis',(1.,0.,0.));
#2765=DIRECTION('',(1.,0.,0.));
#2766=DIRECTION('center_axis',(0.,-1.,0.));
#2767=DIRECTION('ref_axis',(0.,0.,-1.));
#2768=DIRECTION('',(-1.,0.,0.));
#2769=DIRECTION('center_axis',(0.,1.,0.));
#2770=DIRECTION('ref_axis',(-1.,0.,6.12323399573677E-17));
#2771=DIRECTION('center_axis',(0.,-1.,0.));
#2772=DIRECTION('ref_axis',(1.,0.,0.));
#2773=DIRECTION('center_axis',(0.,-1.,-3.86164530304402E-16));
#2774=DIRECTION('ref_axis',(0.,3.86164530304402E-16,-1.));
#2775=DIRECTION('',(1.,0.,0.));
#2776=DIRECTION('center_axis',(1.,0.,0.));
#2777=DIRECTION('ref_axis',(0.,-4.44089209850063E-16,-1.));
#2778=DIRECTION('',(1.,0.,0.));
#2779=DIRECTION('',(1.,0.,0.));
#2780=DIRECTION('center_axis',(0.,-3.36059620944918E-17,-1.));
#2781=DIRECTION('ref_axis',(-1.,0.,0.));
#2782=DIRECTION('',(1.,0.,0.));
#2783=DIRECTION('center_axis',(1.,0.,0.));
#2784=DIRECTION('ref_axis',(0.,-1.,0.));
#2785=DIRECTION('center_axis',(0.,1.,5.79246795456603E-16));
#2786=DIRECTION('ref_axis',(0.,-5.79246795456603E-16,1.));
#2787=CARTESIAN_POINT('',(0.,0.,0.));
#2788=CARTESIAN_POINT('Origin',(-4.82,20.3675316371957,28.));
#2789=CARTESIAN_POINT('',(-4.82,22.3675316371957,28.));
#2790=CARTESIAN_POINT('',(-6.82,20.3675316371957,28.));
#2791=CARTESIAN_POINT('Origin',(-4.82,20.3675316371957,28.));
#2792=CARTESIAN_POINT('',(-6.82,20.3675316371957,24.82));
#2793=CARTESIAN_POINT('',(-6.82,20.3675316371957,28.));
#2794=CARTESIAN_POINT('',(-4.82,22.3675316371957,24.82));
#2795=CARTESIAN_POINT('Origin',(-4.82,20.3675316371957,24.82));
#2796=CARTESIAN_POINT('',(-4.82,22.3675316371957,28.));
#2797=CARTESIAN_POINT('Origin',(-6.82,18.0675316371949,28.));
#2798=CARTESIAN_POINT('',(-6.82,20.0675316371949,28.));
#2799=CARTESIAN_POINT('',(-6.82,15.2837658185975,28.));
#2800=CARTESIAN_POINT('',(-6.82,20.0675316371949,24.82));
#2801=CARTESIAN_POINT('',(-6.82,20.0675316371949,28.));
#2802=CARTESIAN_POINT('',(-6.82,15.2837658185975,24.82));
#2803=CARTESIAN_POINT('Origin',(-4.82,20.0675316371949,28.));
#2804=CARTESIAN_POINT('',(-4.82,18.0675316371949,28.));
#2805=CARTESIAN_POINT('Origin',(-4.82,20.0675316371949,28.));
#2806=CARTESIAN_POINT('',(-4.82,18.0675316371949,24.82));
#2807=CARTESIAN_POINT('',(-4.82,18.0675316371949,28.));
#2808=CARTESIAN_POINT('Origin',(-4.82,20.0675316371949,24.82));
#2809=CARTESIAN_POINT('Origin',(4.34438101974316,18.0675316371949,28.));
#2810=CARTESIAN_POINT('',(-3.18,18.0675316371949,28.));
#2811=CARTESIAN_POINT('',(1.47043814478638,18.0675316371949,28.));
#2812=CARTESIAN_POINT('',(3.18,18.0675316371949,21.64));
#2813=CARTESIAN_POINT('Origin',(-3.18,18.0675316371949,21.64));
#2814=CARTESIAN_POINT('',(3.18,18.0675316371949,21.));
#2815=CARTESIAN_POINT('',(3.18,18.0675316371949,21.));
#2816=CARTESIAN_POINT('',(0.,18.0675316371949,21.));
#2817=CARTESIAN_POINT('',(-6.82,18.0675316371949,21.));
#2818=CARTESIAN_POINT('',(0.,18.0675316371949,21.64));
#2819=CARTESIAN_POINT('',(0.,18.0675316371949,21.));
#2820=CARTESIAN_POINT('',(-3.18,18.0675316371949,24.82));
#2821=CARTESIAN_POINT('Origin',(-3.18,18.0675316371949,21.64));
#2822=CARTESIAN_POINT('',(1.47043814478638,18.0675316371949,24.82));
#2823=CARTESIAN_POINT('Origin',(-4.82000000000002,20.3675316371957,-93.));
#2824=CARTESIAN_POINT('',(-6.82000000000002,20.3675316371957,-93.));
#2825=CARTESIAN_POINT('',(-4.82000000000002,22.3675316371957,-93.));
#2826=CARTESIAN_POINT('Origin',(-4.82000000000002,20.3675316371957,-93.));
#2827=CARTESIAN_POINT('',(-4.82000000000002,22.3675316371957,-89.82));
#2828=CARTESIAN_POINT('',(-4.82000000000002,22.3675316371957,-93.));
#2829=CARTESIAN_POINT('',(-6.82000000000002,20.3675316371957,-89.82));
#2830=CARTESIAN_POINT('Origin',(-4.82000000000002,20.3675316371957,-89.82));
#2831=CARTESIAN_POINT('',(-6.82000000000002,20.3675316371957,-93.));
#2832=CARTESIAN_POINT('Origin',(3.17999999999999,22.3675316371957,-93.));
#2833=CARTESIAN_POINT('',(-3.18,22.3675316371957,-93.));
#2834=CARTESIAN_POINT('',(0.888247634914792,22.3675316371957,-93.));
#2835=CARTESIAN_POINT('',(3.18,22.3675316371957,-86.64));
#2836=CARTESIAN_POINT('Origin',(-3.18,22.3675316371957,-86.64));
#2837=CARTESIAN_POINT('',(3.17999999999999,22.3675316371958,-86.));
#2838=CARTESIAN_POINT('',(3.18,22.3675316371957,-86.));
#2839=CARTESIAN_POINT('',(-3.33066907387547E-15,22.3675316371957,-86.));
#2840=CARTESIAN_POINT('',(-6.82000000000002,22.3675316371957,-86.));
#2841=CARTESIAN_POINT('',(-2.4980018054066E-15,22.3675316371957,-86.64));
#2842=CARTESIAN_POINT('',(-2.4980018054066E-15,22.3675316371957,-86.));
#2843=CARTESIAN_POINT('',(-3.18,22.3675316371957,-89.82));
#2844=CARTESIAN_POINT('Origin',(-3.18,22.3675316371957,-86.64));
#2845=CARTESIAN_POINT('',(0.888247634914793,22.3675316371957,-89.82));
#2846=CARTESIAN_POINT('Origin',(-4.82000000000002,20.0675316372236,-93.));
#2847=CARTESIAN_POINT('',(-4.82000000001191,18.0675316372236,-93.));
#2848=CARTESIAN_POINT('',(-6.82000000000002,20.0675316372236,-93.));
#2849=CARTESIAN_POINT('Origin',(-4.82000000000002,20.0675316372236,-93.));
#2850=CARTESIAN_POINT('',(-6.82000000000002,20.0675316372236,-89.82));
#2851=CARTESIAN_POINT('',(-6.82000000000002,20.0675316372236,-93.));
#2852=CARTESIAN_POINT('',(-4.82000000001191,18.0675316372236,-89.82));
#2853=CARTESIAN_POINT('Origin',(-4.82000000000002,20.0675316372236,-89.82));
#2854=CARTESIAN_POINT('',(-4.82000000001191,18.0675316372236,-93.));
#2855=CARTESIAN_POINT('Origin',(-6.82000000000002,22.3675316371957,-93.));
#2856=CARTESIAN_POINT('',(-6.82000000000002,17.4337658185979,-89.82));
#2857=CARTESIAN_POINT('',(-6.82000000000002,17.4337658185979,-93.));
#2858=CARTESIAN_POINT('Origin',(-1.82000000000001,20.2175316371859,-86.));
#2859=CARTESIAN_POINT('',(-1.68095595523334E-15,18.0827212815567,-86.));
#2860=CARTESIAN_POINT('',(-2.77555756156289E-15,18.0675316371949,-86.));
#2861=CARTESIAN_POINT('',(-2.4980018054066E-15,16.3587658185929,-86.0000000000001));
#2862=CARTESIAN_POINT('',(3.17999999999999,18.0827212815567,-86.));
#2863=CARTESIAN_POINT('',(0.,18.0827212815567,-86.));
#2864=CARTESIAN_POINT('',(3.18,18.067531637176,-86.));
#2865=CARTESIAN_POINT('',(3.18,16.3587658185929,-86.0000000000001));
#2866=CARTESIAN_POINT('',(3.18,18.067531637176,-86.));
#2867=CARTESIAN_POINT('Origin',(-1.82000000000001,20.2175316371859,-86.));
#2868=CARTESIAN_POINT('',(-1.68095595523334E-15,22.3523419927961,-86.));
#2869=CARTESIAN_POINT('',(-2.4980018054066E-15,16.3587658185929,-86.0000000000001));
#2870=CARTESIAN_POINT('',(3.17999999999998,22.3523419927961,-86.));
#2871=CARTESIAN_POINT('',(3.18,16.3587658185929,-86.0000000000001));
#2872=CARTESIAN_POINT('',(0.,22.3523419927961,-86.));
#2873=CARTESIAN_POINT('Origin',(-6.82000000000002,18.0675316372355,-93.));
#2874=CARTESIAN_POINT('',(-3.18,18.0675316372138,-89.82));
#2875=CARTESIAN_POINT('',(-4.11175236506867,18.0675316372194,-89.82));
#2876=CARTESIAN_POINT('',(-2.4980018054066E-15,18.0675316371949,-86.64));
#2877=CARTESIAN_POINT('Origin',(-3.18,18.0675316372355,-86.64));
#2878=CARTESIAN_POINT('',(-2.77555756156289E-15,18.0675316371949,-86.));
#2879=CARTESIAN_POINT('',(3.18,18.067531637176,-86.64));
#2880=CARTESIAN_POINT('',(3.18,18.067531637176,-86.));
#2881=CARTESIAN_POINT('',(-3.18,18.0675316372138,-93.));
#2882=CARTESIAN_POINT('Origin',(-3.18,18.0675316372355,-86.64));
#2883=CARTESIAN_POINT('',(-4.11175236506867,18.0675316372194,-93.));
#2884=CARTESIAN_POINT('Origin',(-3.18,12.5,-86.64));
#2885=CARTESIAN_POINT('',(-3.18,1.08782878241905E-16,-89.82));
#2886=CARTESIAN_POINT('',(-3.18,12.5,-89.82));
#2887=CARTESIAN_POINT('',(-2.65013567335487E-15,-4.33814427875155E-15,-86.64));
#2888=CARTESIAN_POINT('Origin',(-3.18,1.02747819749071E-16,-86.64));
#2889=CARTESIAN_POINT('',(-2.4980018054066E-15,6.25,-86.64));
#2890=CARTESIAN_POINT('Origin',(-1.71450551880629E-15,12.5,-79.));
#2891=CARTESIAN_POINT('Origin',(-1.71450551880629E-15,20.2175316371764,
-85.7448828787781));
#2892=CARTESIAN_POINT('',(-6.12323399573677E-16,7.11681426041783E-17,-70.));
#2893=CARTESIAN_POINT('',(-3.42901103761259E-15,-8.76696626026651E-15,-93.));
#2894=CARTESIAN_POINT('',(5.81038920276438E-34,5.,-65.));
#2895=CARTESIAN_POINT('Origin',(-6.12323399573677E-16,5.,-70.));
#2896=CARTESIAN_POINT('',(6.40573065480358E-32,20.,-65.));
#2897=CARTESIAN_POINT('',(5.81038920276438E-34,5.,-65.));
#2898=CARTESIAN_POINT('',(-6.12323399573677E-16,25.,-70.));
#2899=CARTESIAN_POINT('Origin',(-6.12323399573676E-16,20.,-70.));
#2900=CARTESIAN_POINT('',(-2.65013567335487E-15,25.,-86.64));
#2901=CARTESIAN_POINT('',(-6.12323399573677E-16,25.,-70.));
#2902=CARTESIAN_POINT('',(-2.4980018054066E-15,6.25,-86.64));
#2903=CARTESIAN_POINT('',(-1.71450551880629E-15,4.25511712120981,-71.9324683628093));
#2904=CARTESIAN_POINT('Origin',(-1.71450551880629E-15,4.25511712120981,
-69.7824683628089));
#2905=CARTESIAN_POINT('',(-1.71450551880629E-15,8.99999999998599,-83.6500000000024));
#2906=CARTESIAN_POINT('Origin',(-1.71450551880629E-15,8.99999999998599,
-81.0000000000019));
#2907=CARTESIAN_POINT('Origin',(-1.40350473017041,12.5,-93.));
#2908=CARTESIAN_POINT('',(-3.18,1.14817936734739E-16,-93.));
#2909=CARTESIAN_POINT('',(-3.18,12.5,-93.));
#2910=CARTESIAN_POINT('',(-7.67786437626905,-9.87718928489167E-15,-93.));
#2911=CARTESIAN_POINT('',(4.01299053965919,-8.76696626026651E-15,-93.));
#2912=CARTESIAN_POINT('',(-14.7489321881345,-2.92893218813453,-93.));
#2913=CARTESIAN_POINT('Origin',(-7.67786437626905,-10.,-93.));
#2914=CARTESIAN_POINT('',(-33.8910678118655,-22.0710678118655,-93.));
#2915=CARTESIAN_POINT('',(-33.8910678118655,-22.0710678118655,-93.));
#2916=CARTESIAN_POINT('',(-40.46,-24.9873850339006,-93.));
#2917=CARTESIAN_POINT('Origin',(-40.962135623731,-15.,-93.));
#2918=CARTESIAN_POINT('',(-40.46,0.012614966099448,-93.));
#2919=CARTESIAN_POINT('',(-40.46,-6.24369251695028,-93.));
#2920=CARTESIAN_POINT('',(-33.8910678118655,2.9289321881345,-93.));
#2921=CARTESIAN_POINT('Origin',(-40.962135623731,9.99999999999998,-93.));
#2922=CARTESIAN_POINT('',(-14.7489321881345,22.0710678118655,-93.));
#2923=CARTESIAN_POINT('',(-14.7489321881345,22.0710678118655,-93.));
#2924=CARTESIAN_POINT('',(-7.67786437626906,25.,-93.));
#2925=CARTESIAN_POINT('Origin',(-7.67786437626906,15.,-93.));
#2926=CARTESIAN_POINT('',(-3.18,25.,-93.));
#2927=CARTESIAN_POINT('',(4.01299053965919,25.,-93.));
#2928=CARTESIAN_POINT('',(-3.18,12.5,-93.));
#2929=CARTESIAN_POINT('Origin',(-3.18,12.5,-86.64));
#2930=CARTESIAN_POINT('',(3.18,-4.33814427875155E-15,-86.64));
#2931=CARTESIAN_POINT('',(3.18,6.25,-86.64));
#2932=CARTESIAN_POINT('Origin',(-3.18,-8.77903637725218E-15,-86.64));
#2933=CARTESIAN_POINT('Origin',(-3.18,12.5,-86.64));
#2934=CARTESIAN_POINT('',(3.18,25.,-86.64));
#2935=CARTESIAN_POINT('Origin',(-3.18,25.,-86.64));
#2936=CARTESIAN_POINT('',(3.18,6.25,-86.64));
#2937=CARTESIAN_POINT('Origin',(0.,20.2175316371764,-85.7448828787781));
#2938=CARTESIAN_POINT('Origin',(3.18,20.2175316371764,-85.7448828787781));
#2939=CARTESIAN_POINT('Origin',(3.18,12.5,-79.));
#2940=CARTESIAN_POINT('',(3.18,25.,-70.));
#2941=CARTESIAN_POINT('',(3.18,25.,-70.));
#2942=CARTESIAN_POINT('',(3.18,20.,-65.));
#2943=CARTESIAN_POINT('Origin',(3.18,20.,-70.));
#2944=CARTESIAN_POINT('',(3.18,5.,-65.));
#2945=CARTESIAN_POINT('',(3.18,5.,-65.));
#2946=CARTESIAN_POINT('',(3.18,7.11681426041783E-17,-70.));
#2947=CARTESIAN_POINT('Origin',(3.18,5.,-70.));
#2948=CARTESIAN_POINT('',(3.18,-8.76696626026651E-15,-93.));
#2949=CARTESIAN_POINT('',(3.18,4.25511712120981,-71.9324683628093));
#2950=CARTESIAN_POINT('Origin',(3.18,4.25511712120981,-69.7824683628089));
#2951=CARTESIAN_POINT('',(3.18,8.99999999998599,-83.6500000000024));
#2952=CARTESIAN_POINT('Origin',(3.18,8.99999999998599,-81.0000000000019));
#2953=CARTESIAN_POINT('Origin',(-6.82,22.3675316371957,28.));
#2954=CARTESIAN_POINT('',(-3.18,22.3675316371957,24.82));
#2955=CARTESIAN_POINT('',(-4.1117523650852,22.3675316371957,24.82));
#2956=CARTESIAN_POINT('',(0.,22.3675316371957,21.64));
#2957=CARTESIAN_POINT('Origin',(-3.18,22.3675316371957,21.64));
#2958=CARTESIAN_POINT('',(0.,22.3675316371957,21.));
#2959=CARTESIAN_POINT('',(0.,22.3675316371957,21.));
#2960=CARTESIAN_POINT('',(3.18,22.3675316371957,21.));
#2961=CARTESIAN_POINT('',(4.34438101974316,22.3675316371957,21.));
#2962=CARTESIAN_POINT('',(3.18,22.3675316371957,21.64));
#2963=CARTESIAN_POINT('',(3.18,22.3675316371957,21.));
#2964=CARTESIAN_POINT('',(-3.18,22.3675316371957,28.));
#2965=CARTESIAN_POINT('Origin',(-3.18,22.3675316371957,21.64));
#2966=CARTESIAN_POINT('',(-4.1117523650852,22.3675316371957,28.));
#2967=CARTESIAN_POINT('Origin',(-1.23780949012842,20.2175316371953,21.));
#2968=CARTESIAN_POINT('',(3.18,18.0827212815741,21.));
#2969=CARTESIAN_POINT('',(3.18,16.3587658185977,21.));
#2970=CARTESIAN_POINT('',(0.,18.0827212815741,21.));
#2971=CARTESIAN_POINT('',(0.,18.0827212815741,21.));
#2972=CARTESIAN_POINT('',(0.,16.3587658185977,21.));
#2973=CARTESIAN_POINT('Origin',(-1.23780949012842,20.2175316371953,21.));
#2974=CARTESIAN_POINT('',(0.,22.3523419928165,21.));
#2975=CARTESIAN_POINT('',(0.,16.3587658185977,21.));
#2976=CARTESIAN_POINT('',(3.18,22.3523419928165,21.));
#2977=CARTESIAN_POINT('',(0.,22.3523419928165,21.));
#2978=CARTESIAN_POINT('',(3.18,16.3587658185977,21.));
#2979=CARTESIAN_POINT('Origin',(-1.4035047301704,12.5,24.82));
#2980=CARTESIAN_POINT('',(-3.18,0.,24.82));
#2981=CARTESIAN_POINT('',(-3.18,12.5,24.82));
#2982=CARTESIAN_POINT('',(-7.67786437626905,-9.99200722162641E-15,24.82));
#2983=CARTESIAN_POINT('',(4.01299053965919,-8.88178419700125E-15,24.82));
#2984=CARTESIAN_POINT('',(-14.7489321881345,-2.92893218813453,24.82));
#2985=CARTESIAN_POINT('Origin',(-7.67786437626905,-10.,24.82));
#2986=CARTESIAN_POINT('',(-33.8910678118655,-22.0710678118655,24.82));
#2987=CARTESIAN_POINT('',(-33.8910678118655,-22.0710678118655,24.82));
#2988=CARTESIAN_POINT('',(-40.46,-24.9873850339006,24.82));
#2989=CARTESIAN_POINT('Origin',(-40.962135623731,-15.,24.82));
#2990=CARTESIAN_POINT('',(-40.46,0.0126149660994479,24.82));
#2991=CARTESIAN_POINT('',(-40.46,-6.24369251695028,24.82));
#2992=CARTESIAN_POINT('',(-33.8910678118655,2.9289321881345,24.82));
#2993=CARTESIAN_POINT('Origin',(-40.962135623731,9.99999999999998,24.82));
#2994=CARTESIAN_POINT('',(-14.7489321881345,22.0710678118655,24.82));
#2995=CARTESIAN_POINT('',(-14.7489321881345,22.0710678118655,24.82));
#2996=CARTESIAN_POINT('',(-7.67786437626905,25.,24.82));
#2997=CARTESIAN_POINT('Origin',(-7.67786437626905,15.,24.82));
#2998=CARTESIAN_POINT('',(-3.18,25.,24.82));
#2999=CARTESIAN_POINT('',(-3.18,25.,24.82));
#3000=CARTESIAN_POINT('',(-3.18,12.5,24.82));
#3001=CARTESIAN_POINT('Origin',(-3.18,12.5,21.64));
#3002=CARTESIAN_POINT('',(-3.18,0.,28.));
#3003=CARTESIAN_POINT('',(-3.18,12.5,28.));
#3004=CARTESIAN_POINT('',(3.18,-4.44089209850063E-15,21.64));
#3005=CARTESIAN_POINT('Origin',(-3.18,-8.88178419700125E-15,21.64));
#3006=CARTESIAN_POINT('',(3.18,6.25,21.64));
#3007=CARTESIAN_POINT('Origin',(-3.18,12.5,21.64));
#3008=CARTESIAN_POINT('',(0.,-4.44089209850063E-15,21.64));
#3009=CARTESIAN_POINT('',(0.,6.25,21.64));
#3010=CARTESIAN_POINT('Origin',(-3.18,0.,21.64));
#3011=CARTESIAN_POINT('Origin',(-3.18,12.5,21.64));
#3012=CARTESIAN_POINT('',(0.,25.,21.64));
#3013=CARTESIAN_POINT('Origin',(-3.18,25.,21.64));
#3014=CARTESIAN_POINT('',(0.,6.25,21.64));
#3015=CARTESIAN_POINT('Origin',(0.,12.5,14.));
#3016=CARTESIAN_POINT('',(0.,25.,5.));
#3017=CARTESIAN_POINT('',(0.,25.,5.));
#3018=CARTESIAN_POINT('',(0.,20.,-5.04089431417377E-16));
#3019=CARTESIAN_POINT('Origin',(0.,20.,5.));
#3020=CARTESIAN_POINT('',(0.,5.,0.));
#3021=CARTESIAN_POINT('',(0.,5.,0.));
#3022=CARTESIAN_POINT('',(0.,0.,5.));
#3023=CARTESIAN_POINT('Origin',(0.,5.,5.));
#3024=CARTESIAN_POINT('',(0.,-8.88178419700125E-15,28.));
#3025=CARTESIAN_POINT('Origin',(0.,20.2175316371953,20.7448828787906));
#3026=CARTESIAN_POINT('',(0.,4.25511712122306,2.63246836282643));
#3027=CARTESIAN_POINT('Origin',(0.,4.25511712122306,4.78246836282683));
#3028=CARTESIAN_POINT('',(0.,8.99999999998569,13.350000000001));
#3029=CARTESIAN_POINT('Origin',(0.,8.99999999998569,16.0000000000015));
#3030=CARTESIAN_POINT('Origin',(-46.82,-12.5,-16.5));
#3031=CARTESIAN_POINT('',(-46.82,-12.5,-18.1));
#3032=CARTESIAN_POINT('Origin',(-46.82,-12.5,-16.5));
#3033=CARTESIAN_POINT('',(-43.64,-12.5,-18.1));
#3034=CARTESIAN_POINT('',(-46.82,-12.5,-18.1));
#3035=CARTESIAN_POINT('Origin',(-43.64,-12.5,-16.5));
#3036=CARTESIAN_POINT('Origin',(-46.82,-6.00000000000002,-77.));
#3037=CARTESIAN_POINT('',(-46.82,-6.00000000000002,-78.6));
#3038=CARTESIAN_POINT('Origin',(-46.82,-6.00000000000002,-77.));
#3039=CARTESIAN_POINT('',(-43.64,-6.00000000000002,-78.6));
#3040=CARTESIAN_POINT('',(-46.82,-6.00000000000002,-78.6));
#3041=CARTESIAN_POINT('Origin',(-43.64,-6.00000000000002,-77.));
#3042=CARTESIAN_POINT('Origin',(-46.82,-6.00000000000002,12.));
#3043=CARTESIAN_POINT('',(-46.82,-6.00000000000002,10.4));
#3044=CARTESIAN_POINT('Origin',(-46.82,-6.00000000000002,12.));
#3045=CARTESIAN_POINT('',(-43.64,-6.00000000000002,10.4));
#3046=CARTESIAN_POINT('',(-46.82,-6.00000000000002,10.4));
#3047=CARTESIAN_POINT('Origin',(-43.64,-6.00000000000002,12.));
#3048=CARTESIAN_POINT('Origin',(-46.82,-12.5,-48.5));
#3049=CARTESIAN_POINT('',(-46.82,-12.5,-50.1));
#3050=CARTESIAN_POINT('Origin',(-46.82,-12.5,-48.5));
#3051=CARTESIAN_POINT('',(-43.64,-12.5,-50.1));
#3052=CARTESIAN_POINT('',(-46.82,-12.5,-50.1));
#3053=CARTESIAN_POINT('Origin',(-43.64,-12.5,-48.5));
#3054=CARTESIAN_POINT('Origin',(-46.82,-19.,-77.));
#3055=CARTESIAN_POINT('',(-46.82,-19.,-78.6));
#3056=CARTESIAN_POINT('Origin',(-46.82,-19.,-77.));
#3057=CARTESIAN_POINT('',(-43.64,-19.,-78.6));
#3058=CARTESIAN_POINT('',(-46.82,-19.,-78.6));
#3059=CARTESIAN_POINT('Origin',(-43.64,-19.,-77.));
#3060=CARTESIAN_POINT('Origin',(-46.82,-19.,12.));
#3061=CARTESIAN_POINT('',(-46.82,-19.,10.4));
#3062=CARTESIAN_POINT('Origin',(-46.82,-19.,12.));
#3063=CARTESIAN_POINT('',(-43.64,-19.,10.4));
#3064=CARTESIAN_POINT('',(-46.82,-19.,10.4));
#3065=CARTESIAN_POINT('Origin',(-43.64,-19.,12.));
#3066=CARTESIAN_POINT('Origin',(0.,4.25511712120981,-69.7824683628089));
#3067=CARTESIAN_POINT('',(0.,4.25511712120981,-71.9324683628093));
#3068=CARTESIAN_POINT('Origin',(0.,20.2175316371953,20.7448828787906));
#3069=CARTESIAN_POINT('Origin',(3.18,20.2175316371953,20.7448828787906));
#3070=CARTESIAN_POINT('Origin',(0.,8.99999999998599,-81.0000000000019));
#3071=CARTESIAN_POINT('',(0.,8.99999999998599,-83.6500000000024));
#3072=CARTESIAN_POINT('Origin',(0.,4.25511712122306,4.78246836282683));
#3073=CARTESIAN_POINT('',(3.18,4.25511712122306,2.63246836282643));
#3074=CARTESIAN_POINT('Origin',(3.18,4.25511712122306,4.78246836282683));
#3075=CARTESIAN_POINT('',(0.,4.25511712122306,2.63246836282643));
#3076=CARTESIAN_POINT('Origin',(0.,8.99999999998569,16.0000000000015));
#3077=CARTESIAN_POINT('',(3.18,8.99999999998569,13.350000000001));
#3078=CARTESIAN_POINT('Origin',(3.18,8.99999999998569,16.0000000000015));
#3079=CARTESIAN_POINT('',(0.,8.99999999998569,13.350000000001));
#3080=CARTESIAN_POINT('Origin',(3.18,12.5,14.));
#3081=CARTESIAN_POINT('',(3.18,0.,5.));
#3082=CARTESIAN_POINT('',(3.18,-8.88178419700125E-15,28.));
#3083=CARTESIAN_POINT('',(3.18,5.,0.));
#3084=CARTESIAN_POINT('Origin',(3.18,5.,5.));
#3085=CARTESIAN_POINT('',(3.18,20.,-5.04089431417377E-16));
#3086=CARTESIAN_POINT('',(3.18,5.,0.));
#3087=CARTESIAN_POINT('',(3.18,25.,5.));
#3088=CARTESIAN_POINT('Origin',(3.18,20.,5.));
#3089=CARTESIAN_POINT('',(3.18,25.,21.64));
#3090=CARTESIAN_POINT('',(3.18,25.,5.));
#3091=CARTESIAN_POINT('',(3.18,6.25,21.64));
#3092=CARTESIAN_POINT('Origin',(-46.82,-10.1676703430179,-25.9852299321977));
#3093=CARTESIAN_POINT('',(-46.82,-10.1676703430179,-25.9852299321977));
#3094=CARTESIAN_POINT('',(-46.82,-7.65232449373107,-32.0305598549839));
#3095=CARTESIAN_POINT('',(-46.82,-14.6226346590326,-15.2782613091019));
#3096=CARTESIAN_POINT('',(-43.64,-10.1676703430179,-25.9852299321977));
#3097=CARTESIAN_POINT('',(-46.82,-10.1676703430179,-25.9852299321977));
#3098=CARTESIAN_POINT('',(-43.64,-7.65232449373107,-32.0305598549839));
#3099=CARTESIAN_POINT('',(-43.64,-14.6226346590326,-15.2782613091019));
#3100=CARTESIAN_POINT('',(-46.82,-7.65232449373107,-32.0305598549839));
#3101=CARTESIAN_POINT('Origin',(-46.82,-9.4676703430179,-25.9852299321977));
#3102=CARTESIAN_POINT('',(-46.82,-9.4676703430179,-25.9852299321977));
#3103=CARTESIAN_POINT('',(-46.82,-10.9826591622879,-25.9852299321977));
#3104=CARTESIAN_POINT('',(-43.64,-9.4676703430179,-25.9852299321977));
#3105=CARTESIAN_POINT('',(-46.82,-9.4676703430179,-25.9852299321977));
#3106=CARTESIAN_POINT('',(-43.64,-10.9826591622879,-25.9852299321977));
#3107=CARTESIAN_POINT('Origin',(-46.82,-6.95232449373107,-32.0507079414224));
#3108=CARTESIAN_POINT('',(-46.82,-6.95232449373107,-32.0507079414224));
#3109=CARTESIAN_POINT('',(-46.82,-12.7053027061158,-18.1780379685587));
#3110=CARTESIAN_POINT('',(-43.64,-6.95232449373107,-32.0507079414224));
#3111=CARTESIAN_POINT('',(-46.82,-6.95232449373107,-32.0507079414224));
#3112=CARTESIAN_POINT('',(-43.64,-12.7053027061158,-18.1780379685587));
#3113=CARTESIAN_POINT('Origin',(-46.82,-4.40232449373107,-32.0507079414224));
#3114=CARTESIAN_POINT('',(-46.82,-4.40232449373107,-32.0507079414224));
#3115=CARTESIAN_POINT('',(-46.82,-8.44998623764453,-32.0507079414224));
#3116=CARTESIAN_POINT('',(-43.64,-4.40232449373107,-32.0507079414224));
#3117=CARTESIAN_POINT('',(-46.82,-4.40232449373107,-32.0507079414224));
#3118=CARTESIAN_POINT('',(-43.64,-8.44998623764453,-32.0507079414224));
#3119=CARTESIAN_POINT('Origin',(-46.82,-6.91767034301789,-25.9852299321977));
#3120=CARTESIAN_POINT('',(-46.82,-6.91767034301789,-25.9852299321977));
#3121=CARTESIAN_POINT('',(-46.82,-11.6000684769461,-14.694145280825));
#3122=CARTESIAN_POINT('',(-43.64,-6.91767034301789,-25.9852299321977));
#3123=CARTESIAN_POINT('',(-46.82,-6.91767034301789,-25.9852299321977));
#3124=CARTESIAN_POINT('',(-43.64,-11.6000684769461,-14.694145280825));
#3125=CARTESIAN_POINT('Origin',(-46.82,-6.21767034301789,-25.9852299321977));
#3126=CARTESIAN_POINT('',(-46.82,-6.21767034301789,-25.9852299321977));
#3127=CARTESIAN_POINT('',(-46.82,-9.35765916228794,-25.9852299321977));
#3128=CARTESIAN_POINT('',(-43.64,-6.21767034301789,-25.9852299321977));
#3129=CARTESIAN_POINT('',(-46.82,-6.21767034301789,-25.9852299321977));
#3130=CARTESIAN_POINT('',(-43.64,-9.35765916228794,-25.9852299321977));
#3131=CARTESIAN_POINT('Origin',(-46.82,-3.70232449373107,-32.0507079414224));
#3132=CARTESIAN_POINT('',(-46.82,-3.70232449373107,-32.0507079414224));
#3133=CARTESIAN_POINT('',(-46.82,-9.6937543728246,-17.6030381763453));
#3134=CARTESIAN_POINT('',(-43.64,-3.70232449373107,-32.0507079414224));
#3135=CARTESIAN_POINT('',(-46.82,-3.70232449373107,-32.0507079414224));
#3136=CARTESIAN_POINT('',(-43.64,-9.6937543728246,-17.6030381763453));
#3137=CARTESIAN_POINT('Origin',(-46.82,-6.53052250239114,-38.0183893943533));
#3138=CARTESIAN_POINT('',(-46.82,-6.53052250239114,-38.0183893943533));
#3139=CARTESIAN_POINT('',(-46.82,-0.0759636511467554,-24.3988510786216));
#3140=CARTESIAN_POINT('',(-43.64,-6.53052250239114,-38.0183893943533));
#3141=CARTESIAN_POINT('',(-46.82,-6.53052250239114,-38.0183893943533));
#3142=CARTESIAN_POINT('',(-43.64,-0.0759636511467543,-24.3988510786216));
#3143=CARTESIAN_POINT('Origin',(-46.82,-10.4376114281957,-38.0183893943533));
#3144=CARTESIAN_POINT('',(-46.82,-10.4376114281957,-38.0183893943533));
#3145=CARTESIAN_POINT('',(-46.82,-11.4676297048769,-38.0183893943533));
#3146=CARTESIAN_POINT('',(-43.64,-10.4376114281957,-38.0183893943533));
#3147=CARTESIAN_POINT('',(-46.82,-10.4376114281957,-38.0183893943533));
#3148=CARTESIAN_POINT('',(-43.64,-11.4676297048769,-38.0183893943533));
#3149=CARTESIAN_POINT('Origin',(-46.82,-7.65232449373107,-32.0305598549839));
#3150=CARTESIAN_POINT('',(-46.82,-2.3093817462057,-20.5442637700384));
#3151=CARTESIAN_POINT('',(-43.64,-2.3093817462057,-20.5442637700384));
#3152=CARTESIAN_POINT('Origin',(-46.82,-8.35232449373107,-32.0507079414224));
#3153=CARTESIAN_POINT('',(-46.82,-8.35232449373107,-32.0507079414224));
#3154=CARTESIAN_POINT('',(-46.82,-10.9023244937311,-32.0507079414224));
#3155=CARTESIAN_POINT('',(-46.82,-10.4249862376445,-32.0507079414224));
#3156=CARTESIAN_POINT('',(-43.64,-8.35232449373107,-32.0507079414224));
#3157=CARTESIAN_POINT('',(-46.82,-8.35232449373107,-32.0507079414224));
#3158=CARTESIAN_POINT('',(-43.64,-10.9023244937311,-32.0507079414224));
#3159=CARTESIAN_POINT('',(-43.64,-10.4249862376445,-32.0507079414224));
#3160=CARTESIAN_POINT('',(-46.82,-10.9023244937311,-32.0507079414224));
#3161=CARTESIAN_POINT('Origin',(-46.82,-11.1376114281957,-38.0183893943533));
#3162=CARTESIAN_POINT('',(-46.82,-11.1376114281957,-38.0183893943533));
#3163=CARTESIAN_POINT('',(-46.82,-4.32542122053345,-23.4227724569849));
#3164=CARTESIAN_POINT('',(-43.64,-11.1376114281957,-38.0183893943533));
#3165=CARTESIAN_POINT('',(-46.82,-11.1376114281957,-38.0183893943533));
#3166=CARTESIAN_POINT('',(-43.64,-4.32542122053345,-23.4227724569849));
#3167=CARTESIAN_POINT('Origin',(-46.82,-14.3876114281957,-38.0183893943533));
#3168=CARTESIAN_POINT('',(-46.82,-14.3876114281957,-38.0183893943533));
#3169=CARTESIAN_POINT('',(-46.82,-13.4426297048769,-38.0183893943533));
#3170=CARTESIAN_POINT('',(-43.64,-14.3876114281957,-38.0183893943533));
#3171=CARTESIAN_POINT('',(-46.82,-14.3876114281957,-38.0183893943533));
#3172=CARTESIAN_POINT('',(-43.64,-13.4426297048769,-38.0183893943533));
#3173=CARTESIAN_POINT('Origin',(-46.82,-11.6023244937311,-32.0507079414224));
#3174=CARTESIAN_POINT('',(-46.82,-11.6023244937311,-32.0507079414224));
#3175=CARTESIAN_POINT('',(-46.82,-5.89211233799394,-19.8161597688686));
#3176=CARTESIAN_POINT('',(-43.64,-11.6023244937311,-32.0507079414224));
#3177=CARTESIAN_POINT('',(-46.82,-11.6023244937311,-32.0507079414224));
#3178=CARTESIAN_POINT('',(-43.64,-5.89211233799394,-19.8161597688686));
#3179=CARTESIAN_POINT('Origin',(-46.82,-14.1176703430179,-26.0113336633067));
#3180=CARTESIAN_POINT('',(-46.82,-14.1176703430179,-26.0113336633067));
#3181=CARTESIAN_POINT('',(-46.82,-18.2885817137717,-15.9969275505357));
#3182=CARTESIAN_POINT('',(-43.64,-14.1176703430179,-26.0113336633067));
#3183=CARTESIAN_POINT('',(-46.82,-14.1176703430179,-26.0113336633067));
#3184=CARTESIAN_POINT('',(-43.64,-18.2885817137717,-15.9969275505357));
#3185=CARTESIAN_POINT('Origin',(-46.82,-13.4176703430179,-26.0113336633067));
#3186=CARTESIAN_POINT('',(-46.82,-13.4176703430179,-26.0113336633067));
#3187=CARTESIAN_POINT('',(-46.82,-12.9576591622879,-26.0113336633067));
#3188=CARTESIAN_POINT('',(-43.64,-13.4176703430179,-26.0113336633067));
#3189=CARTESIAN_POINT('',(-46.82,-13.4176703430179,-26.0113336633067));
#3190=CARTESIAN_POINT('',(-43.64,-12.9576591622879,-26.0113336633067));
#3191=CARTESIAN_POINT('Origin',(-46.82,-10.9023244937311,-32.0507079414224));
#3192=CARTESIAN_POINT('',(-46.82,-16.3826467701977,-18.8923912027275));
#3193=CARTESIAN_POINT('',(-43.64,-16.3826467701977,-18.8923912027275));
#3194=CARTESIAN_POINT('Origin',(-46.82,-20.1529572774826,-31.9790151162375));
#3195=CARTESIAN_POINT('',(-46.82,-20.1529572774826,-31.9790151162375));
#3196=CARTESIAN_POINT('',(-46.82,-17.6376114281957,-38.0183893943533));
#3197=CARTESIAN_POINT('',(-46.82,-24.9368295588435,-20.492882815968));
#3198=CARTESIAN_POINT('',(-43.64,-20.1529572774826,-31.9790151162375));
#3199=CARTESIAN_POINT('',(-46.82,-20.1529572774826,-31.9790151162375));
#3200=CARTESIAN_POINT('',(-43.64,-17.6376114281957,-38.0183893943533));
#3201=CARTESIAN_POINT('',(-43.64,-24.9368295588435,-20.492882815968));
#3202=CARTESIAN_POINT('',(-46.82,-17.6376114281957,-38.0183893943533));
#3203=CARTESIAN_POINT('Origin',(-46.82,-17.3676703430179,-26.0113336633066));
#3204=CARTESIAN_POINT('',(-46.82,-17.3676703430179,-26.0113336633066));
#3205=CARTESIAN_POINT('',(-46.82,-12.2991093628665,-15.1515701753799));
#3206=CARTESIAN_POINT('',(-43.64,-17.3676703430179,-26.0113336633066));
#3207=CARTESIAN_POINT('',(-46.82,-17.3676703430179,-26.0113336633066));
#3208=CARTESIAN_POINT('',(-43.64,-12.2991093628665,-15.1515701753799));
#3209=CARTESIAN_POINT('Origin',(-46.82,-14.8523244937311,-32.0507079414224));
#3210=CARTESIAN_POINT('',(-46.82,-14.8523244937311,-32.0507079414224));
#3211=CARTESIAN_POINT('',(-46.82,-20.0406967341629,-19.5933665929004));
#3212=CARTESIAN_POINT('',(-43.64,-14.8523244937311,-32.0507079414224));
#3213=CARTESIAN_POINT('',(-46.82,-14.8523244937311,-32.0507079414224));
#3214=CARTESIAN_POINT('',(-43.64,-20.0406967341629,-19.5933665929004));
#3215=CARTESIAN_POINT('Origin',(-46.82,-17.6376114281957,-38.0183893943533));
#3216=CARTESIAN_POINT('',(-46.82,-10.2440903899191,-22.1772285336831));
#3217=CARTESIAN_POINT('',(-43.64,-10.2440903899191,-22.1772285336831));
#3218=CARTESIAN_POINT('Origin',(-40.46,-12.4873850339006,-86.64));
#3219=CARTESIAN_POINT('',(-43.64,-1.75933696120213E-14,-86.64));
#3220=CARTESIAN_POINT('',(-43.64,-25.,-86.64));
#3221=CARTESIAN_POINT('',(-43.64,-12.4925165077293,-86.64));
#3222=CARTESIAN_POINT('',(-40.46,-24.9873850339006,-89.82));
#3223=CARTESIAN_POINT('Ctrl Pts',(-43.64,-25.,-86.64));
#3224=CARTESIAN_POINT('Ctrl Pts',(-43.64,-24.9981978619858,-87.3535903313154));
#3225=CARTESIAN_POINT('Ctrl Pts',(-43.3896288528268,-24.9963957239716,-88.0645017572819));
#3226=CARTESIAN_POINT('Ctrl Pts',(-42.9455853301447,-24.9945935859574,-88.6224322718182));
#3227=CARTESIAN_POINT('Ctrl Pts',(-42.6495563150233,-24.9933921606146,-88.9943859481757));
#3228=CARTESIAN_POINT('Ctrl Pts',(-42.2674506885646,-24.9921907352718,-89.298348108342));
#3229=CARTESIAN_POINT('Ctrl Pts',(-41.8389933316947,-24.990989309929,-89.5047516212981));
#3230=CARTESIAN_POINT('Ctrl Pts',(-41.4105359748247,-24.9897878845862,-89.7111551342542));
#3231=CARTESIAN_POINT('Ctrl Pts',(-40.9357268875436,-24.9885864592434,-89.82));
#3232=CARTESIAN_POINT('Ctrl Pts',(-40.46,-24.9873850339006,-89.82));
#3233=CARTESIAN_POINT('',(-40.46,0.012614966099448,-89.82));
#3234=CARTESIAN_POINT('',(-40.46,-6.24369251695028,-89.82));
#3235=CARTESIAN_POINT('Ctrl Pts',(-40.46,0.012614966099449,-89.82));
#3236=CARTESIAN_POINT('Ctrl Pts',(-40.9357268875436,0.0114135407566428,
-89.82));
#3237=CARTESIAN_POINT('Ctrl Pts',(-41.4105411200242,0.0102121154138363,
-89.7111582372811));
#3238=CARTESIAN_POINT('Ctrl Pts',(-41.8390024980701,0.00901069007102988,
-89.5047566356828));
#3239=CARTESIAN_POINT('Ctrl Pts',(-42.267463876116,0.0078092647282235,-89.2983550340845));
#3240=CARTESIAN_POINT('Ctrl Pts',(-42.6495723997272,0.00660783938541723,
-88.9943935936067));
#3241=CARTESIAN_POINT('Ctrl Pts',(-42.9455998842709,0.00540641404261088,
-88.6224389530681));
#3242=CARTESIAN_POINT('Ctrl Pts',(-43.3896411110864,0.00360427602840135,
-88.0645069922602));
#3243=CARTESIAN_POINT('Ctrl Pts',(-43.64,0.00180213801419162,-87.3535903313154));
#3244=CARTESIAN_POINT('Ctrl Pts',(-43.64,-1.77616213034005E-14,-86.64));
#3245=CARTESIAN_POINT('Ctrl Pts',(-46.82,-25.,-86.64));
#3246=CARTESIAN_POINT('Ctrl Pts',(-46.82,-24.9981978619858,-88.0671806626308));
#3247=CARTESIAN_POINT('Ctrl Pts',(-45.9854295094227,-24.9951942986288,-90.4368854158524));
#3248=CARTESIAN_POINT('Ctrl Pts',(-43.3106901242117,-24.990989309929,-92.5646205370167));
#3249=CARTESIAN_POINT('Ctrl Pts',(-41.4114537750872,-24.9885864592434,-93.));
#3250=CARTESIAN_POINT('Ctrl Pts',(-40.46,-24.9873850339006,-93.));
#3251=CARTESIAN_POINT('Ctrl Pts',(-45.76,-25.,-86.64));
#3252=CARTESIAN_POINT('Ctrl Pts',(-45.76,-24.9981978619858,-87.829317218859));
#3253=CARTESIAN_POINT('Ctrl Pts',(-45.0645245911856,-24.9951942986288,-89.804071179877));
#3254=CARTESIAN_POINT('Ctrl Pts',(-42.8355751035098,-24.990989309929,-91.5771837808472));
#3255=CARTESIAN_POINT('Ctrl Pts',(-41.252878145906,-24.9885864592434,-91.94));
#3256=CARTESIAN_POINT('Ctrl Pts',(-40.46,-24.9873850339006,-91.94));
#3257=CARTESIAN_POINT('Ctrl Pts',(-44.7,-25.,-86.64));
#3258=CARTESIAN_POINT('Ctrl Pts',(-44.7,-24.9981978619858,-87.5914537750872));
#3259=CARTESIAN_POINT('Ctrl Pts',(-44.1436196729485,-24.9951942986288,-89.1712569439016));
#3260=CARTESIAN_POINT('Ctrl Pts',(-42.3604600828078,-24.990989309929,-90.5897470246778));
#3261=CARTESIAN_POINT('Ctrl Pts',(-41.0943025167248,-24.9885864592434,-90.88));
#3262=CARTESIAN_POINT('Ctrl Pts',(-40.46,-24.9873850339006,-90.88));
#3263=CARTESIAN_POINT('Ctrl Pts',(-43.64,-25.,-86.64));
#3264=CARTESIAN_POINT('Ctrl Pts',(-43.64,-24.9981978619858,-87.3535903313154));
#3265=CARTESIAN_POINT('Ctrl Pts',(-43.2227147547113,-24.9951942986288,-88.5384427079262));
#3266=CARTESIAN_POINT('Ctrl Pts',(-41.8853450621059,-24.990989309929,-89.6023102685083));
#3267=CARTESIAN_POINT('Ctrl Pts',(-40.9357268875436,-24.9885864592434,-89.82));
#3268=CARTESIAN_POINT('Ctrl Pts',(-40.46,-24.9873850339006,-89.82));
#3269=CARTESIAN_POINT('',(-46.82,-25.,-86.64));
#3270=CARTESIAN_POINT('',(-46.82,-25.,-86.64));
#3271=CARTESIAN_POINT('Ctrl Pts',(-40.46,-24.9873850339006,-93.));
#3272=CARTESIAN_POINT('Ctrl Pts',(-41.4114537750872,-24.9885864592434,-93.));
#3273=CARTESIAN_POINT('Ctrl Pts',(-42.3610719496495,-24.9897878845862,-92.7823102685084));
#3274=CARTESIAN_POINT('Ctrl Pts',(-43.2179866633893,-24.990989309929,-92.3695032425962));
#3275=CARTESIAN_POINT('Ctrl Pts',(-44.0749013771292,-24.9921907352718,-91.956696216684));
#3276=CARTESIAN_POINT('Ctrl Pts',(-44.8391126300466,-24.9933921606146,-91.3487718963514));
#3277=CARTESIAN_POINT('Ctrl Pts',(-45.4311706602894,-24.9945935859574,-90.6048645436364));
#3278=CARTESIAN_POINT('Ctrl Pts',(-46.3192577056536,-24.9963957239716,-89.4890035145638));
#3279=CARTESIAN_POINT('Ctrl Pts',(-46.82,-24.9981978619858,-88.0671806626308));
#3280=CARTESIAN_POINT('Ctrl Pts',(-46.82,-25.,-86.64));
#3281=CARTESIAN_POINT('',(-40.46,-24.9873850339006,-93.));
#3282=CARTESIAN_POINT('Ctrl Pts',(-43.64,-1.77635683940025E-14,-86.64));
#3283=CARTESIAN_POINT('Ctrl Pts',(-43.64,0.00180213801419162,-87.3535903313154));
#3284=CARTESIAN_POINT('Ctrl Pts',(-43.222735185144,0.00480570137120783,
-88.5384514328901));
#3285=CARTESIAN_POINT('Ctrl Pts',(-41.8853553525048,0.00901069007102977,
-89.6023164745622));
#3286=CARTESIAN_POINT('Ctrl Pts',(-40.9357268875436,0.0114135407566428,
-89.82));
#3287=CARTESIAN_POINT('Ctrl Pts',(-40.46,0.012614966099449,-89.82));
#3288=CARTESIAN_POINT('Ctrl Pts',(-44.7,-1.77635683940025E-14,-86.64));
#3289=CARTESIAN_POINT('Ctrl Pts',(-44.7,0.00180213801419162,-87.5914537750872));
#3290=CARTESIAN_POINT('Ctrl Pts',(-44.1436469135253,0.00480570137120784,
-89.1712685771867));
#3291=CARTESIAN_POINT('Ctrl Pts',(-42.3604738033398,0.00901069007102977,
-90.5897552994163));
#3292=CARTESIAN_POINT('Ctrl Pts',(-41.0943025167248,0.0114135407566428,
-90.88));
#3293=CARTESIAN_POINT('Ctrl Pts',(-40.46,0.012614966099449,-90.88));
#3294=CARTESIAN_POINT('Ctrl Pts',(-45.76,-1.77635683940025E-14,-86.64));
#3295=CARTESIAN_POINT('Ctrl Pts',(-45.76,0.00180213801419162,-87.829317218859));
#3296=CARTESIAN_POINT('Ctrl Pts',(-45.0645586419066,0.00480570137120782,
-89.8040857214834));
#3297=CARTESIAN_POINT('Ctrl Pts',(-42.8355922541747,0.00901069007102978,
-91.5771941242704));
#3298=CARTESIAN_POINT('Ctrl Pts',(-41.252878145906,0.0114135407566428,-91.94));
#3299=CARTESIAN_POINT('Ctrl Pts',(-40.46,0.012614966099449,-91.94));
#3300=CARTESIAN_POINT('Ctrl Pts',(-46.82,-1.77635683940025E-14,-86.64));
#3301=CARTESIAN_POINT('Ctrl Pts',(-46.82,0.00180213801419162,-88.0671806626308));
#3302=CARTESIAN_POINT('Ctrl Pts',(-45.985470370288,0.00480570137120783,
-90.4369028657801));
#3303=CARTESIAN_POINT('Ctrl Pts',(-43.3107107050096,0.00901069007102977,
-92.5646329491245));
#3304=CARTESIAN_POINT('Ctrl Pts',(-41.4114537750872,0.0114135407566428,
-93.));
#3305=CARTESIAN_POINT('Ctrl Pts',(-40.46,0.012614966099449,-93.));
#3306=CARTESIAN_POINT('',(-40.46,0.0126149660994479,-93.));
#3307=CARTESIAN_POINT('',(-46.82,-1.75933696120213E-14,-86.64));
#3308=CARTESIAN_POINT('Ctrl Pts',(-40.46,0.012614966099449,-93.));
#3309=CARTESIAN_POINT('Ctrl Pts',(-41.4114537750872,0.0114135407566428,
-93.));
#3310=CARTESIAN_POINT('Ctrl Pts',(-42.3610822400484,0.0102121154138363,
-92.7823164745623));
#3311=CARTESIAN_POINT('Ctrl Pts',(-43.2180049961402,0.00901069007102988,
-92.3695132713656));
#3312=CARTESIAN_POINT('Ctrl Pts',(-44.074927752232,0.0078092647282235,-91.9567100681689));
#3313=CARTESIAN_POINT('Ctrl Pts',(-44.8391447994544,0.00660783938541723,
-91.3487871872134));
#3314=CARTESIAN_POINT('Ctrl Pts',(-45.4311997685417,0.00540641404261088,
-90.6048779061362));
#3315=CARTESIAN_POINT('Ctrl Pts',(-46.3192822221728,0.00360427602840135,
-89.4890139845204));
#3316=CARTESIAN_POINT('Ctrl Pts',(-46.82,0.00180213801419162,-88.0671806626308));
#3317=CARTESIAN_POINT('Ctrl Pts',(-46.82,-1.77635683940025E-14,-86.64));
#3318=CARTESIAN_POINT('',(-46.82,-1.75933696120213E-14,-86.64));
#3319=CARTESIAN_POINT('Origin',(-40.46,-12.4873850339006,-86.64));
#3320=CARTESIAN_POINT('',(-46.82,-12.4925165077293,-86.64));
#3321=CARTESIAN_POINT('Origin',(-40.962135623731,9.99999999999998,-93.));
#3322=CARTESIAN_POINT('',(-33.8910678118655,2.9289321881345,-89.82));
#3323=CARTESIAN_POINT('Origin',(-40.962135623731,9.99999999999998,-89.82));
#3324=CARTESIAN_POINT('',(-33.8910678118655,2.9289321881345,-93.));
#3325=CARTESIAN_POINT('Origin',(-40.962135623731,-15.,-93.));
#3326=CARTESIAN_POINT('',(-33.8910678118655,-22.0710678118655,-89.82));
#3327=CARTESIAN_POINT('',(-33.8910678118655,-22.0710678118655,-93.));
#3328=CARTESIAN_POINT('Origin',(-40.962135623731,-15.,-89.82));
#3329=CARTESIAN_POINT('Origin',(-33.8910678118655,-22.0710678118655,-93.));
#3330=CARTESIAN_POINT('',(-14.7489321881345,-2.92893218813453,-89.82));
#3331=CARTESIAN_POINT('',(-33.8910678118655,-22.0710678118655,-89.82));
#3332=CARTESIAN_POINT('',(-14.7489321881345,-2.92893218813453,-93.));
#3333=CARTESIAN_POINT('Origin',(-7.67786437626905,-10.,-93.));
#3334=CARTESIAN_POINT('',(-7.67786437626905,-9.8832243433845E-15,-89.82));
#3335=CARTESIAN_POINT('Origin',(-7.67786437626905,-10.,-89.82));
#3336=CARTESIAN_POINT('',(-7.67786437626905,-9.87718928489167E-15,-93.));
#3337=CARTESIAN_POINT('Origin',(-7.67786437626906,15.,-93.));
#3338=CARTESIAN_POINT('',(-7.67786437626906,25.,-89.82));
#3339=CARTESIAN_POINT('',(-14.7489321881345,22.0710678118655,-89.82));
#3340=CARTESIAN_POINT('Origin',(-7.67786437626906,15.,-89.82));
#3341=CARTESIAN_POINT('',(-7.67786437626906,25.,-93.));
#3342=CARTESIAN_POINT('',(-14.7489321881345,22.0710678118655,-93.));
#3343=CARTESIAN_POINT('Origin',(-14.7489321881345,22.0710678118655,-93.));
#3344=CARTESIAN_POINT('',(-14.7489321881345,22.0710678118655,-89.82));
#3345=CARTESIAN_POINT('Origin',(-3.18,12.5,-86.64));
#3346=CARTESIAN_POINT('',(-3.18,25.,-89.82));
#3347=CARTESIAN_POINT('Origin',(-3.18,25.,-86.64));
#3348=CARTESIAN_POINT('',(-3.18,12.5,-89.82));
#3349=CARTESIAN_POINT('Origin',(-3.18,1.14817936734739E-16,-93.));
#3350=CARTESIAN_POINT('',(-3.18,1.13128120356746E-16,-92.1096));
#3351=CARTESIAN_POINT('',(-7.67786437626905,-9.8832243433845E-15,-89.82));
#3352=CARTESIAN_POINT('Origin',(-3.18,25.,-93.));
#3353=CARTESIAN_POINT('',(-3.18,25.,-92.1096));
#3354=CARTESIAN_POINT('',(1.59,25.,-86.64));
#3355=CARTESIAN_POINT('Origin',(-3.18,1.08782878241905E-16,-89.82));
#3356=CARTESIAN_POINT('',(1.59,-6.32302996451619E-15,-86.64));
#3357=CARTESIAN_POINT('Origin',(-3.18,25.,-93.));
#3358=CARTESIAN_POINT('',(-3.18,25.,-89.82));
#3359=CARTESIAN_POINT('Origin',(-1.40350473017041,12.5,-89.82));
#3360=CARTESIAN_POINT('Origin',(-6.12323399573677E-16,7.11681426041783E-17,
-70.));
#3361=CARTESIAN_POINT('',(-6.12323399573677E-16,7.11681426041783E-17,-70.));
#3362=CARTESIAN_POINT('Origin',(-6.12323399573676E-16,20.,-70.));
#3363=CARTESIAN_POINT('',(-6.12323399573677E-16,25.,-70.));
#3364=CARTESIAN_POINT('',(6.40573065480358E-32,20.,-65.));
#3365=CARTESIAN_POINT('Origin',(6.40573065480358E-32,20.,-65.));
#3366=CARTESIAN_POINT('',(5.81038920276438E-34,5.,-65.));
#3367=CARTESIAN_POINT('Origin',(-6.12323399573677E-16,5.,-70.));
#3368=CARTESIAN_POINT('Origin',(-3.42901103761259E-15,25.,-93.));
#3369=CARTESIAN_POINT('Origin',(-40.46,-12.4873850339006,21.64));
#3370=CARTESIAN_POINT('',(-43.64,-1.76961174317703E-14,21.64));
#3371=CARTESIAN_POINT('',(-43.64,-25.,21.64));
#3372=CARTESIAN_POINT('',(-43.64,-12.4925165077293,21.64));
#3373=CARTESIAN_POINT('Ctrl Pts',(-40.46,0.012614966099449,24.82));
#3374=CARTESIAN_POINT('Ctrl Pts',(-40.9357268875436,0.0114135407566428,
24.82));
#3375=CARTESIAN_POINT('Ctrl Pts',(-41.4105686006538,0.0102121154138362,
24.7111750743592));
#3376=CARTESIAN_POINT('Ctrl Pts',(-41.8390517765532,0.00901069007102985,
24.504783818783));
#3377=CARTESIAN_POINT('Ctrl Pts',(-42.2675349524527,0.00780926472822345,
24.2983925632068));
#3378=CARTESIAN_POINT('Ctrl Pts',(-42.6496595911414,0.00660783938541718,
23.9944349776952));
#3379=CARTESIAN_POINT('Ctrl Pts',(-42.9456789264867,0.00540641404261083,
23.6224751034902));
#3380=CARTESIAN_POINT('Ctrl Pts',(-43.3897079295047,0.00360427602840131,
23.0645352921828));
#3381=CARTESIAN_POINT('Ctrl Pts',(-43.64,0.00180213801419162,22.3535903313154));
#3382=CARTESIAN_POINT('Ctrl Pts',(-43.64,-1.77616213034005E-14,21.64));
#3383=CARTESIAN_POINT('Ctrl Pts',(-43.64,-25.,21.64));
#3384=CARTESIAN_POINT('Ctrl Pts',(-43.64,-24.9981978619858,22.3535903313154));
#3385=CARTESIAN_POINT('Ctrl Pts',(-43.3896726466649,-24.9963957239716,23.0645203996509));
#3386=CARTESIAN_POINT('Ctrl Pts',(-42.9456372519507,-24.9945935859574,23.6224560727158));
#3387=CARTESIAN_POINT('Ctrl Pts',(-42.6496136554746,-24.9933921606146,23.9944131880925));
#3388=CARTESIAN_POINT('Ctrl Pts',(-42.2674975961634,-24.9921907352718,24.29837279446));
#3389=CARTESIAN_POINT('Ctrl Pts',(-41.8390259041806,-24.990989309929,24.5047694974369));
#3390=CARTESIAN_POINT('Ctrl Pts',(-41.4105542121979,-24.9897878845862,24.7111662004138));
#3391=CARTESIAN_POINT('Ctrl Pts',(-40.9357268875436,-24.9885864592434,24.82));
#3392=CARTESIAN_POINT('Ctrl Pts',(-40.46,-24.9873850339006,24.82));
#3393=CARTESIAN_POINT('Origin',(-46.82,-12.497647981558,-1.83350126165387));
#3394=CARTESIAN_POINT('',(-46.82,-25.,21.64));
#3395=CARTESIAN_POINT('',(-46.82,-1.76961174317703E-14,21.64));
#3396=CARTESIAN_POINT('',(-46.82,-12.4925165077293,21.64));
#3397=CARTESIAN_POINT('',(-46.82,-2.21565662393247E-14,21.64));
#3398=CARTESIAN_POINT('',(-46.82,-25.,21.64));
#3399=CARTESIAN_POINT('Origin',(-46.82,-25.,-32.5));
#3400=CARTESIAN_POINT('',(-43.64,-25.,21.64));
#3401=CARTESIAN_POINT('',(-46.82,-25.,21.64));
#3402=CARTESIAN_POINT('Ctrl Pts',(-46.82,-25.,21.64));
#3403=CARTESIAN_POINT('Ctrl Pts',(-46.82,-24.9981978619858,23.0671806626308));
#3404=CARTESIAN_POINT('Ctrl Pts',(-45.985575488883,-24.9951942986288,25.4369475570823));
#3405=CARTESIAN_POINT('Ctrl Pts',(-43.3107630737043,-24.990989309929,27.5646648016551));
#3406=CARTESIAN_POINT('Ctrl Pts',(-41.4114537750872,-24.9885864592434,28.));
#3407=CARTESIAN_POINT('Ctrl Pts',(-40.46,-24.9873850339006,28.));
#3408=CARTESIAN_POINT('Ctrl Pts',(-45.76,-25.,21.64));
#3409=CARTESIAN_POINT('Ctrl Pts',(-45.76,-24.9981978619858,22.829317218859));
#3410=CARTESIAN_POINT('Ctrl Pts',(-45.0646462407358,-24.9951942986288,24.8041229642353));
#3411=CARTESIAN_POINT('Ctrl Pts',(-42.8356358947536,-24.990989309929,26.577220668046));
#3412=CARTESIAN_POINT('Ctrl Pts',(-41.252878145906,-24.9885864592434,26.94));
#3413=CARTESIAN_POINT('Ctrl Pts',(-40.46,-24.9873850339006,26.94));
#3414=CARTESIAN_POINT('Ctrl Pts',(-44.7,-25.,21.64));
#3415=CARTESIAN_POINT('Ctrl Pts',(-44.7,-24.9981978619858,22.5914537750872));
#3416=CARTESIAN_POINT('Ctrl Pts',(-44.1437169925886,-24.9951942986288,24.1712983713882));
#3417=CARTESIAN_POINT('Ctrl Pts',(-42.3605087158029,-24.990989309929,25.5897765344368));
#3418=CARTESIAN_POINT('Ctrl Pts',(-41.0943025167248,-24.9885864592434,25.88));
#3419=CARTESIAN_POINT('Ctrl Pts',(-40.46,-24.9873850339006,25.88));
#3420=CARTESIAN_POINT('Ctrl Pts',(-43.64,-25.,21.64));
#3421=CARTESIAN_POINT('Ctrl Pts',(-43.64,-24.9981978619858,22.3535903313154));
#3422=CARTESIAN_POINT('Ctrl Pts',(-43.2227877444415,-24.9951942986288,23.5384737785412));
#3423=CARTESIAN_POINT('Ctrl Pts',(-41.8853815368521,-24.990989309929,24.6023324008276));
#3424=CARTESIAN_POINT('Ctrl Pts',(-40.9357268875436,-24.9885864592434,24.82));
#3425=CARTESIAN_POINT('Ctrl Pts',(-40.46,-24.9873850339006,24.82));
#3426=CARTESIAN_POINT('',(-40.46,-24.9873850339006,28.));
#3427=CARTESIAN_POINT('',(-40.46,-24.9873850339006,28.));
#3428=CARTESIAN_POINT('Ctrl Pts',(-40.46,-24.9873850339006,28.));
#3429=CARTESIAN_POINT('Ctrl Pts',(-41.4114537750872,-24.9885864592434,28.));
#3430=CARTESIAN_POINT('Ctrl Pts',(-42.3611084243957,-24.9897878845862,27.7823324008276));
#3431=CARTESIAN_POINT('Ctrl Pts',(-43.2180518083612,-24.990989309929,27.3695389948738));
#3432=CARTESIAN_POINT('Ctrl Pts',(-44.0749951923268,-24.9921907352718,26.95674558892));
#3433=CARTESIAN_POINT('Ctrl Pts',(-44.8392273109492,-24.9933921606146,26.348826376185));
#3434=CARTESIAN_POINT('Ctrl Pts',(-45.4312745039015,-24.9945935859574,25.6049121454316));
#3435=CARTESIAN_POINT('Ctrl Pts',(-46.3193452933298,-24.9963957239716,24.4890407993017));
#3436=CARTESIAN_POINT('Ctrl Pts',(-46.82,-24.9981978619858,23.0671806626308));
#3437=CARTESIAN_POINT('Ctrl Pts',(-46.82,-25.,21.64));
#3438=CARTESIAN_POINT('Ctrl Pts',(-43.64,-1.77635683940025E-14,21.64));
#3439=CARTESIAN_POINT('Ctrl Pts',(-43.64,0.00180213801419162,22.3535903313154));
#3440=CARTESIAN_POINT('Ctrl Pts',(-43.2228465491744,0.00480570137120777,
23.5384985994278));
#3441=CARTESIAN_POINT('Ctrl Pts',(-41.885410313764,0.00901069007102973,
24.6023501487183));
#3442=CARTESIAN_POINT('Ctrl Pts',(-40.9357268875436,0.0114135407566428,
24.82));
#3443=CARTESIAN_POINT('Ctrl Pts',(-40.46,0.012614966099449,24.82));
#3444=CARTESIAN_POINT('Ctrl Pts',(-44.7,-1.77635683940025E-14,21.64));
#3445=CARTESIAN_POINT('Ctrl Pts',(-44.7,0.00180213801419161,22.5914537750872));
#3446=CARTESIAN_POINT('Ctrl Pts',(-44.1437953988993,0.00480570137120777,
24.1713314659038));
#3447=CARTESIAN_POINT('Ctrl Pts',(-42.3605470850186,0.00901069007102973,
25.5898001982911));
#3448=CARTESIAN_POINT('Ctrl Pts',(-41.0943025167248,0.0114135407566428,
25.88));
#3449=CARTESIAN_POINT('Ctrl Pts',(-40.46,0.012614966099449,25.88));
#3450=CARTESIAN_POINT('Ctrl Pts',(-45.76,-1.77635683940025E-14,21.64));
#3451=CARTESIAN_POINT('Ctrl Pts',(-45.76,0.00180213801419162,22.829317218859));
#3452=CARTESIAN_POINT('Ctrl Pts',(-45.0647442486241,0.00480570137120777,
24.8041643323797));
#3453=CARTESIAN_POINT('Ctrl Pts',(-42.8356838562733,0.00901069007102972,
26.5772502478639));
#3454=CARTESIAN_POINT('Ctrl Pts',(-41.252878145906,0.0114135407566428,26.94));
#3455=CARTESIAN_POINT('Ctrl Pts',(-40.46,0.012614966099449,26.94));
#3456=CARTESIAN_POINT('Ctrl Pts',(-46.82,-1.77635683940025E-14,21.64));
#3457=CARTESIAN_POINT('Ctrl Pts',(-46.82,0.00180213801419162,23.0671806626308));
#3458=CARTESIAN_POINT('Ctrl Pts',(-45.9856930983489,0.00480570137120777,
25.4369971988556));
#3459=CARTESIAN_POINT('Ctrl Pts',(-43.310820627528,0.00901069007102972,
27.5647002974367));
#3460=CARTESIAN_POINT('Ctrl Pts',(-41.4114537750872,0.0114135407566428,
28.));
#3461=CARTESIAN_POINT('Ctrl Pts',(-40.46,0.012614966099449,28.));
#3462=CARTESIAN_POINT('',(-46.82,-1.76961174317703E-14,21.64));
#3463=CARTESIAN_POINT('',(-40.46,0.0126149660994479,28.));
#3464=CARTESIAN_POINT('Ctrl Pts',(-40.46,0.012614966099449,28.));
#3465=CARTESIAN_POINT('Ctrl Pts',(-41.4114537750872,0.0114135407566428,
28.));
#3466=CARTESIAN_POINT('Ctrl Pts',(-42.3611372013076,0.0102121154138362,
27.7823501487183));
#3467=CARTESIAN_POINT('Ctrl Pts',(-43.2181035531065,0.00901069007102984,
27.3695676375659));
#3468=CARTESIAN_POINT('Ctrl Pts',(-44.0750699049054,0.00780926472822345,
26.9567851264135));
#3469=CARTESIAN_POINT('Ctrl Pts',(-44.8393191822828,0.00660783938541718,
26.3488699553904));
#3470=CARTESIAN_POINT('Ctrl Pts',(-45.4313578529734,0.00540641404261083,
25.6049502069805));
#3471=CARTESIAN_POINT('Ctrl Pts',(-46.3194158590093,0.00360427602840131,
24.4890705843657));
#3472=CARTESIAN_POINT('Ctrl Pts',(-46.82,0.00180213801419162,23.0671806626308));
#3473=CARTESIAN_POINT('Ctrl Pts',(-46.82,-1.77635683940025E-14,21.64));
#3474=CARTESIAN_POINT('',(-40.46,0.0126149660994479,28.));
#3475=CARTESIAN_POINT('Origin',(-46.82,-1.76961174317703E-14,21.64));
#3476=CARTESIAN_POINT('',(-43.64,-2.21565662393247E-14,21.64));
#3477=CARTESIAN_POINT('Origin',(-43.64,-12.497647981558,-1.83350126165387));
#3478=CARTESIAN_POINT('Origin',(-40.46,-12.4873850339006,21.64));
#3479=CARTESIAN_POINT('',(-40.46,-6.24369251695028,28.));
#3480=CARTESIAN_POINT('Origin',(-40.962135623731,9.99999999999998,28.));
#3481=CARTESIAN_POINT('',(-33.8910678118655,2.9289321881345,28.));
#3482=CARTESIAN_POINT('Origin',(-40.962135623731,9.99999999999998,28.));
#3483=CARTESIAN_POINT('',(-33.8910678118655,2.9289321881345,28.));
#3484=CARTESIAN_POINT('Origin',(-40.962135623731,-15.,28.));
#3485=CARTESIAN_POINT('',(-33.8910678118655,-22.0710678118655,28.));
#3486=CARTESIAN_POINT('',(-33.8910678118655,-22.0710678118655,28.));
#3487=CARTESIAN_POINT('Origin',(-40.962135623731,-15.,28.));
#3488=CARTESIAN_POINT('Origin',(-33.8910678118655,-22.0710678118655,28.));
#3489=CARTESIAN_POINT('',(-14.7489321881345,-2.92893218813453,28.));
#3490=CARTESIAN_POINT('',(-14.7489321881345,-2.92893218813453,28.));
#3491=CARTESIAN_POINT('',(-33.8910678118655,-22.0710678118655,28.));
#3492=CARTESIAN_POINT('Origin',(-7.67786437626905,-10.,28.));
#3493=CARTESIAN_POINT('',(-7.67786437626905,-9.99200722162641E-15,28.));
#3494=CARTESIAN_POINT('',(-7.67786437626905,-9.99200722162641E-15,28.));
#3495=CARTESIAN_POINT('Origin',(-7.67786437626905,-10.,28.));
#3496=CARTESIAN_POINT('Origin',(-7.67786437626905,15.,28.));
#3497=CARTESIAN_POINT('',(-14.7489321881345,22.0710678118655,28.));
#3498=CARTESIAN_POINT('',(-14.7489321881345,22.0710678118655,28.));
#3499=CARTESIAN_POINT('',(-7.67786437626905,25.,28.));
#3500=CARTESIAN_POINT('Origin',(-7.67786437626905,15.,28.));
#3501=CARTESIAN_POINT('',(-7.67786437626905,25.,28.));
#3502=CARTESIAN_POINT('Origin',(-14.7489321881345,22.0710678118655,28.));
#3503=CARTESIAN_POINT('',(-14.7489321881345,22.0710678118655,28.));
#3504=CARTESIAN_POINT('Origin',(-3.18,0.,28.));
#3505=CARTESIAN_POINT('',(-3.18,0.,27.1096));
#3506=CARTESIAN_POINT('',(4.01299053965919,-8.88178419700125E-15,28.));
#3507=CARTESIAN_POINT('Origin',(-1.4035047301704,12.5,28.));
#3508=CARTESIAN_POINT('',(-3.18,25.,28.));
#3509=CARTESIAN_POINT('',(-3.18,12.5,28.));
#3510=CARTESIAN_POINT('',(4.01299053965919,25.,28.));
#3511=CARTESIAN_POINT('Origin',(-3.18,25.,28.));
#3512=CARTESIAN_POINT('',(-3.18,25.,27.1096));
#3513=CARTESIAN_POINT('Origin',(-3.18,25.,21.64));
#3514=CARTESIAN_POINT('',(1.59,25.,21.64));
#3515=CARTESIAN_POINT('Origin',(-3.18,0.,24.82));
#3516=CARTESIAN_POINT('',(1.59,-6.42577778426525E-15,21.64));
#3517=CARTESIAN_POINT('Origin',(-3.18,25.,28.));
#3518=CARTESIAN_POINT('Origin',(-3.18,12.5,21.64));
#3519=CARTESIAN_POINT('Origin',(0.,0.,5.));
#3520=CARTESIAN_POINT('',(0.,0.,5.));
#3521=CARTESIAN_POINT('Origin',(0.,20.,5.));
#3522=CARTESIAN_POINT('',(0.,20.,-5.04089431417377E-16));
#3523=CARTESIAN_POINT('',(0.,25.,5.));
#3524=CARTESIAN_POINT('Origin',(0.,20.,-5.04089431417377E-16));
#3525=CARTESIAN_POINT('',(0.,5.,0.));
#3526=CARTESIAN_POINT('Origin',(0.,5.,5.));
#3527=CARTESIAN_POINT('Origin',(0.,25.,28.));
#3528=UNCERTAINTY_MEASURE_WITH_UNIT(LENGTH_MEASURE(0.01),#3532,
'DISTANCE_ACCURACY_VALUE',
'Maximum model space distance between geometric entities at asserted c
onnectivities');
#3529=UNCERTAINTY_MEASURE_WITH_UNIT(LENGTH_MEASURE(0.01),#3532,
'DISTANCE_ACCURACY_VALUE',
'Maximum model space distance between geometric entities at asserted c
onnectivities');
#3530=(
GEOMETRIC_REPRESENTATION_CONTEXT(3)
GLOBAL_UNCERTAINTY_ASSIGNED_CONTEXT((#3528))
GLOBAL_UNIT_ASSIGNED_CONTEXT((#3532,#3534,#3535))
REPRESENTATION_CONTEXT('','3D')
);
#3531=(
GEOMETRIC_REPRESENTATION_CONTEXT(3)
GLOBAL_UNCERTAINTY_ASSIGNED_CONTEXT((#3529))
GLOBAL_UNIT_ASSIGNED_CONTEXT((#3532,#3534,#3535))
REPRESENTATION_CONTEXT('','3D')
);
#3532=(
LENGTH_UNIT()
NAMED_UNIT(*)
SI_UNIT(.MILLI.,.METRE.)
);
#3533=(
LENGTH_UNIT()
NAMED_UNIT(*)
SI_UNIT(.CENTI.,.METRE.)
);
#3534=(
NAMED_UNIT(*)
PLANE_ANGLE_UNIT()
SI_UNIT($,.RADIAN.)
);
#3535=(
NAMED_UNIT(*)
SI_UNIT($,.STERADIAN.)
SOLID_ANGLE_UNIT()
);
#3536=SHAPE_DEFINITION_REPRESENTATION(#3537,#3538);
#3537=PRODUCT_DEFINITION_SHAPE('',$,#3540);
#3538=SHAPE_REPRESENTATION('',(#2056),#3530);
#3539=PRODUCT_DEFINITION_CONTEXT('part definition',#3544,'design');
#3540=PRODUCT_DEFINITION('handle_metal','handle_metal',#3541,#3539);
#3541=PRODUCT_DEFINITION_FORMATION('',$,#3546);
#3542=PRODUCT_RELATED_PRODUCT_CATEGORY('handle_metal','handle_metal',(#3546));
#3543=APPLICATION_PROTOCOL_DEFINITION('international standard',
'automotive_design',2009,#3544);
#3544=APPLICATION_CONTEXT(
'Core Data for Automotive Mechanical Design Process');
#3545=PRODUCT_CONTEXT('part definition',#3544,'mechanical');
#3546=PRODUCT('handle_metal','handle_metal',$,(#3545));
#3547=PRESENTATION_STYLE_ASSIGNMENT((#3548));
#3548=SURFACE_STYLE_USAGE(.BOTH.,#3551);
#3549=SURFACE_STYLE_RENDERING_WITH_PROPERTIES($,#3555,(#3550));
#3550=SURFACE_STYLE_TRANSPARENT(0.);
#3551=SURFACE_SIDE_STYLE('',(#3552,#3549));
#3552=SURFACE_STYLE_FILL_AREA(#3553);
#3553=FILL_AREA_STYLE('',(#3554));
#3554=FILL_AREA_STYLE_COLOUR('',#3555);
#3555=COLOUR_RGB('',0.749019607843137,0.749019607843137,0.749019607843137);
ENDSEC;
END-ISO-10303-21;
