ISO-10303-21;
HEADER;
/* Generated by software containing ST-Developer
 * from STEP Tools, Inc. (www.steptools.com) 
 */

FILE_DESCRIPTION(
/* description */ (''),
/* implementation_level */ '2;1');

FILE_NAME(
/* name */ 'head_innter_top_42.stp',
/* time_stamp */ '2026-05-07T12:37:07-07:00',
/* author */ ('aaron'),
/* organization */ (''),
/* preprocessor_version */ 'ST-DEVELOPER v20.1',
/* originating_system */ 'Autodesk Inventor 2026',
/* authorisation */ '');

FILE_SCHEMA (('AUTOMOTIVE_DESIGN { 1 0 10303 214 3 1 1 }'));
ENDSEC;

DATA;
#10=MECHANICAL_DESIGN_GEOMETRIC_PRESENTATION_REPRESENTATION('',(#13),#2231);
#11=SHAPE_REPRESENTATION_RELATIONSHIP('SRR','None',#2238,#12);
#12=ADVANCED_BREP_SHAPE_REPRESENTATION('',(#14),#2230);
#13=STYLED_ITEM('',(#2247),#14);
#14=MANIFOLD_SOLID_BREP('Solid1',#826);
#15=FACE_BOUND('',#182,.T.);
#16=FACE_BOUND('',#183,.T.);
#17=FACE_BOUND('',#185,.T.);
#18=FACE_BOUND('',#186,.T.);
#19=FACE_BOUND('',#188,.T.);
#20=CONICAL_SURFACE('',#886,15.9,0.785398163397448);
#21=CYLINDRICAL_SURFACE('',#873,6.5);
#22=CYLINDRICAL_SURFACE('',#889,6.5);
#23=CYLINDRICAL_SURFACE('',#899,1.25);
#24=CYLINDRICAL_SURFACE('',#903,1.25);
#25=CYLINDRICAL_SURFACE('',#907,1.25);
#26=CYLINDRICAL_SURFACE('',#911,1.25);
#27=CYLINDRICAL_SURFACE('',#915,1.);
#28=CYLINDRICAL_SURFACE('',#916,14.9);
#29=CYLINDRICAL_SURFACE('',#924,1.);
#30=CYLINDRICAL_SURFACE('',#928,16.9);
#31=LINE('',#1728,#46);
#32=LINE('',#1755,#47);
#33=LINE('',#1812,#48);
#34=LINE('',#1851,#49);
#35=LINE('',#1977,#50);
#36=LINE('',#1987,#51);
#37=LINE('',#2142,#52);
#38=LINE('',#2149,#53);
#39=LINE('',#2156,#54);
#40=LINE('',#2163,#55);
#41=LINE('',#2177,#56);
#42=LINE('',#2186,#57);
#43=LINE('',#2191,#58);
#44=LINE('',#2217,#59);
#45=LINE('',#2223,#60);
#46=VECTOR('',#983,10.);
#47=VECTOR('',#988,10.);
#48=VECTOR('',#1003,10.);
#49=VECTOR('',#1014,15.9);
#50=VECTOR('',#1023,10.);
#51=VECTOR('',#1024,10.);
#52=VECTOR('',#1045,1.25);
#53=VECTOR('',#1054,1.25);
#54=VECTOR('',#1063,1.25);
#55=VECTOR('',#1072,1.25);
#56=VECTOR('',#1079,10.);
#57=VECTOR('',#1080,10.);
#58=VECTOR('',#1085,14.9);
#59=VECTOR('',#1100,10.);
#60=VECTOR('',#1109,16.9);
#61=PLANE('',#872);
#62=PLANE('',#880);
#63=PLANE('',#902);
#64=PLANE('',#906);
#65=PLANE('',#910);
#66=PLANE('',#914);
#67=PLANE('',#923);
#68=PLANE('',#925);
#69=PLANE('',#926);
#70=PLANE('',#927);
#71=PLANE('',#930);
#72=PLANE('',#931);
#73=PLANE('',#932);
#74=TOROIDAL_SURFACE('',#852,14.4857864376269,1.);
#75=TOROIDAL_SURFACE('',#864,14.4857864376269,1.);
#76=TOROIDAL_SURFACE('',#877,7.5,1.);
#77=TOROIDAL_SURFACE('',#882,7.5,1.);
#78=TOROIDAL_SURFACE('',#892,7.5,1.);
#79=TOROIDAL_SURFACE('',#896,7.5,1.);
#80=FACE_OUTER_BOUND('',#132,.T.);
#81=FACE_OUTER_BOUND('',#133,.T.);
#82=FACE_OUTER_BOUND('',#134,.T.);
#83=FACE_OUTER_BOUND('',#135,.T.);
#84=FACE_OUTER_BOUND('',#136,.T.);
#85=FACE_OUTER_BOUND('',#137,.T.);
#86=FACE_OUTER_BOUND('',#138,.T.);
#87=FACE_OUTER_BOUND('',#139,.T.);
#88=FACE_OUTER_BOUND('',#140,.T.);
#89=FACE_OUTER_BOUND('',#141,.T.);
#90=FACE_OUTER_BOUND('',#142,.T.);
#91=FACE_OUTER_BOUND('',#143,.T.);
#92=FACE_OUTER_BOUND('',#144,.T.);
#93=FACE_OUTER_BOUND('',#145,.T.);
#94=FACE_OUTER_BOUND('',#146,.T.);
#95=FACE_OUTER_BOUND('',#147,.T.);
#96=FACE_OUTER_BOUND('',#148,.T.);
#97=FACE_OUTER_BOUND('',#149,.T.);
#98=FACE_OUTER_BOUND('',#150,.T.);
#99=FACE_OUTER_BOUND('',#151,.T.);
#100=FACE_OUTER_BOUND('',#152,.T.);
#101=FACE_OUTER_BOUND('',#153,.T.);
#102=FACE_OUTER_BOUND('',#154,.T.);
#103=FACE_OUTER_BOUND('',#155,.T.);
#104=FACE_OUTER_BOUND('',#156,.T.);
#105=FACE_OUTER_BOUND('',#157,.T.);
#106=FACE_OUTER_BOUND('',#158,.T.);
#107=FACE_OUTER_BOUND('',#159,.T.);
#108=FACE_OUTER_BOUND('',#160,.T.);
#109=FACE_OUTER_BOUND('',#161,.T.);
#110=FACE_OUTER_BOUND('',#162,.T.);
#111=FACE_OUTER_BOUND('',#163,.T.);
#112=FACE_OUTER_BOUND('',#164,.T.);
#113=FACE_OUTER_BOUND('',#165,.T.);
#114=FACE_OUTER_BOUND('',#166,.T.);
#115=FACE_OUTER_BOUND('',#167,.T.);
#116=FACE_OUTER_BOUND('',#168,.T.);
#117=FACE_OUTER_BOUND('',#169,.T.);
#118=FACE_OUTER_BOUND('',#170,.T.);
#119=FACE_OUTER_BOUND('',#171,.T.);
#120=FACE_OUTER_BOUND('',#172,.T.);
#121=FACE_OUTER_BOUND('',#173,.T.);
#122=FACE_OUTER_BOUND('',#174,.T.);
#123=FACE_OUTER_BOUND('',#175,.T.);
#124=FACE_OUTER_BOUND('',#176,.T.);
#125=FACE_OUTER_BOUND('',#177,.T.);
#126=FACE_OUTER_BOUND('',#178,.T.);
#127=FACE_OUTER_BOUND('',#179,.T.);
#128=FACE_OUTER_BOUND('',#180,.T.);
#129=FACE_OUTER_BOUND('',#181,.T.);
#130=FACE_OUTER_BOUND('',#184,.T.);
#131=FACE_OUTER_BOUND('',#187,.T.);
#132=EDGE_LOOP('',(#502,#503,#504,#505));
#133=EDGE_LOOP('',(#506,#507,#508,#509));
#134=EDGE_LOOP('',(#510,#511,#512,#513,#514));
#135=EDGE_LOOP('',(#515,#516,#517,#518));
#136=EDGE_LOOP('',(#519,#520,#521,#522));
#137=EDGE_LOOP('',(#523,#524,#525,#526));
#138=EDGE_LOOP('',(#527,#528,#529,#530));
#139=EDGE_LOOP('',(#531,#532,#533,#534));
#140=EDGE_LOOP('',(#535,#536,#537,#538));
#141=EDGE_LOOP('',(#539,#540,#541,#542));
#142=EDGE_LOOP('',(#543,#544,#545,#546));
#143=EDGE_LOOP('',(#547,#548,#549,#550));
#144=EDGE_LOOP('',(#551,#552,#553,#554));
#145=EDGE_LOOP('',(#555,#556,#557,#558));
#146=EDGE_LOOP('',(#559,#560,#561,#562));
#147=EDGE_LOOP('',(#563,#564,#565,#566));
#148=EDGE_LOOP('',(#567,#568));
#149=EDGE_LOOP('',(#569,#570,#571,#572,#573,#574,#575,#576,#577,#578,#579,
#580,#581,#582));
#150=EDGE_LOOP('',(#583,#584,#585));
#151=EDGE_LOOP('',(#586,#587,#588,#589,#590));
#152=EDGE_LOOP('',(#591,#592,#593,#594));
#153=EDGE_LOOP('',(#595,#596,#597,#598,#599));
#154=EDGE_LOOP('',(#600,#601,#602));
#155=EDGE_LOOP('',(#603,#604,#605,#606,#607,#608,#609,#610,#611,#612,#613,
#614,#615,#616,#617,#618,#619,#620,#621,#622,#623));
#156=EDGE_LOOP('',(#624,#625,#626,#627));
#157=EDGE_LOOP('',(#628,#629,#630,#631));
#158=EDGE_LOOP('',(#632,#633,#634,#635,#636,#637,#638,#639,#640,#641,#642,
#643,#644,#645));
#159=EDGE_LOOP('',(#646,#647,#648));
#160=EDGE_LOOP('',(#649,#650,#651,#652,#653));
#161=EDGE_LOOP('',(#654,#655,#656,#657));
#162=EDGE_LOOP('',(#658,#659,#660,#661));
#163=EDGE_LOOP('',(#662,#663,#664,#665,#666));
#164=EDGE_LOOP('',(#667,#668,#669));
#165=EDGE_LOOP('',(#670,#671,#672,#673));
#166=EDGE_LOOP('',(#674));
#167=EDGE_LOOP('',(#675,#676,#677,#678));
#168=EDGE_LOOP('',(#679));
#169=EDGE_LOOP('',(#680,#681,#682,#683));
#170=EDGE_LOOP('',(#684));
#171=EDGE_LOOP('',(#685,#686,#687,#688));
#172=EDGE_LOOP('',(#689));
#173=EDGE_LOOP('',(#690,#691,#692,#693,#694,#695));
#174=EDGE_LOOP('',(#696,#697,#698,#699,#700,#701,#702,#703,#704,#705,#706,
#707,#708,#709,#710,#711,#712,#713,#714,#715,#716,#717,#718,#719));
#175=EDGE_LOOP('',(#720,#721));
#176=EDGE_LOOP('',(#722,#723,#724,#725,#726,#727));
#177=EDGE_LOOP('',(#728,#729));
#178=EDGE_LOOP('',(#730,#731,#732,#733));
#179=EDGE_LOOP('',(#734,#735));
#180=EDGE_LOOP('',(#736,#737,#738,#739,#740));
#181=EDGE_LOOP('',(#741,#742));
#182=EDGE_LOOP('',(#743));
#183=EDGE_LOOP('',(#744));
#184=EDGE_LOOP('',(#745,#746,#747));
#185=EDGE_LOOP('',(#748));
#186=EDGE_LOOP('',(#749));
#187=EDGE_LOOP('',(#750));
#188=EDGE_LOOP('',(#751));
#189=B_SPLINE_CURVE_WITH_KNOTS('',3,(#1165,#1166,#1167,#1168,#1169,#1170,
#1171),.UNSPECIFIED.,.F.,.F.,(4,1,1,1,4),(-0.345293963000837,-0.246638545000598,
-0.147983127000359,-0.0739915635001794,0.),.UNSPECIFIED.);
#190=B_SPLINE_CURVE_WITH_KNOTS('',3,(#1174,#1175,#1176,#1177,#1178,#1179,
#1180),.UNSPECIFIED.,.F.,.F.,(4,1,1,1,4),(0.,0.0739915635001794,0.147983127000359,
0.246638545000598,0.345293963000837),.UNSPECIFIED.);
#191=B_SPLINE_CURVE_WITH_KNOTS('',3,(#1198,#1199,#1200,#1201),
 .UNSPECIFIED.,.F.,.F.,(4,4),(-0.201190927054214,0.),.UNSPECIFIED.);
#192=B_SPLINE_CURVE_WITH_KNOTS('',3,(#1204,#1205,#1206,#1207),
 .UNSPECIFIED.,.F.,.F.,(4,4),(0.,0.201190927054214),.UNSPECIFIED.);
#193=B_SPLINE_CURVE_WITH_KNOTS('',3,(#1235,#1236,#1237,#1238),
 .UNSPECIFIED.,.F.,.F.,(4,4),(-0.201192962379378,0.),.UNSPECIFIED.);
#194=B_SPLINE_CURVE_WITH_KNOTS('',3,(#1239,#1240,#1241,#1242),
 .UNSPECIFIED.,.F.,.F.,(4,4),(0.,0.201192962379378),.UNSPECIFIED.);
#195=B_SPLINE_CURVE_WITH_KNOTS('',3,(#1294,#1295,#1296,#1297,#1298,#1299,
#1300,#1301),.UNSPECIFIED.,.F.,.F.,(4,1,1,1,1,4),(-0.345290265357621,-0.320626674974945,
-0.246635903826917,-0.147981542296213,-0.0739907711481854,-1.57432949207948E-13),
 .UNSPECIFIED.);
#196=B_SPLINE_CURVE_WITH_KNOTS('',3,(#1302,#1303,#1304,#1305,#1306,#1307,
#1308,#1309),.UNSPECIFIED.,.F.,.F.,(4,1,1,1,1,4),(1.57432949207948E-13,
0.0739907711481854,0.147981542296213,0.246635903826917,0.320626674974945,
0.345290265357621),.UNSPECIFIED.);
#197=B_SPLINE_CURVE_WITH_KNOTS('',3,(#1341,#1342,#1343,#1344),
 .UNSPECIFIED.,.F.,.F.,(4,4),(-0.047713752865277,0.),.UNSPECIFIED.);
#198=B_SPLINE_CURVE_WITH_KNOTS('',3,(#1345,#1346,#1347,#1348),
 .UNSPECIFIED.,.F.,.F.,(4,4),(0.,0.047713752865277),.UNSPECIFIED.);
#199=B_SPLINE_CURVE_WITH_KNOTS('',3,(#1380,#1381,#1382,#1383),
 .UNSPECIFIED.,.F.,.F.,(4,4),(0.550824464266194,1.03843813737742),
 .UNSPECIFIED.);
#200=B_SPLINE_CURVE_WITH_KNOTS('',3,(#1384,#1385,#1386,#1387),
 .UNSPECIFIED.,.F.,.F.,(4,4),(-1.03843813737742,-0.550824464266194),
 .UNSPECIFIED.);
#201=B_SPLINE_CURVE_WITH_KNOTS('',3,(#1434,#1435,#1436,#1437,#1438,#1439,
#1440),.UNSPECIFIED.,.F.,.F.,(4,1,1,1,4),(-0.345293962880868,-0.246638544914906,
-0.147983126948943,-0.0739915634744717,0.),.UNSPECIFIED.);
#202=B_SPLINE_CURVE_WITH_KNOTS('',3,(#1443,#1444,#1445,#1446,#1447,#1448,
#1449),.UNSPECIFIED.,.F.,.F.,(4,1,1,1,4),(0.,0.0739915634744717,0.147983126948943,
0.246638544914906,0.345293962880868),.UNSPECIFIED.);
#203=B_SPLINE_CURVE_WITH_KNOTS('',3,(#1467,#1468,#1469,#1470),
 .UNSPECIFIED.,.F.,.F.,(4,4),(-0.201190927053955,0.),.UNSPECIFIED.);
#204=B_SPLINE_CURVE_WITH_KNOTS('',3,(#1473,#1474,#1475,#1476),
 .UNSPECIFIED.,.F.,.F.,(4,4),(0.,0.201190927053955),.UNSPECIFIED.);
#205=B_SPLINE_CURVE_WITH_KNOTS('',3,(#1502,#1503,#1504,#1505),
 .UNSPECIFIED.,.F.,.F.,(4,4),(-0.20119296237938,0.),.UNSPECIFIED.);
#206=B_SPLINE_CURVE_WITH_KNOTS('',3,(#1506,#1507,#1508,#1509),
 .UNSPECIFIED.,.F.,.F.,(4,4),(0.,0.20119296237938),.UNSPECIFIED.);
#207=B_SPLINE_CURVE_WITH_KNOTS('',3,(#1561,#1562,#1563,#1564,#1565,#1566,
#1567,#1568),.UNSPECIFIED.,.F.,.F.,(4,1,1,1,1,4),(-0.345290265299486,-0.320626674920963,
-0.246635903785393,-0.1479815422713,-0.0739907711357295,-1.59453506938285E-13),
 .UNSPECIFIED.);
#208=B_SPLINE_CURVE_WITH_KNOTS('',3,(#1569,#1570,#1571,#1572,#1573,#1574,
#1575,#1576),.UNSPECIFIED.,.F.,.F.,(4,1,1,1,1,4),(1.59453506938285E-13,
0.0739907711357295,0.1479815422713,0.246635903785393,0.320626674920963,
0.345290265299486),.UNSPECIFIED.);
#209=B_SPLINE_CURVE_WITH_KNOTS('',3,(#1605,#1606,#1607,#1608),
 .UNSPECIFIED.,.F.,.F.,(4,4),(-0.0476818737894924,-2.36539959950382E-15),
 .UNSPECIFIED.);
#210=B_SPLINE_CURVE_WITH_KNOTS('',3,(#1609,#1610,#1611,#1612),
 .UNSPECIFIED.,.F.,.F.,(4,4),(2.36539959950382E-15,0.0476818737894924),
 .UNSPECIFIED.);
#211=B_SPLINE_CURVE_WITH_KNOTS('',3,(#1644,#1645,#1646,#1647),
 .UNSPECIFIED.,.F.,.F.,(4,4),(-0.0477137528652764,0.),.UNSPECIFIED.);
#212=B_SPLINE_CURVE_WITH_KNOTS('',3,(#1648,#1649,#1650,#1651),
 .UNSPECIFIED.,.F.,.F.,(4,4),(0.,0.0477137528652764),.UNSPECIFIED.);
#213=B_SPLINE_CURVE_WITH_KNOTS('',3,(#1683,#1684,#1685,#1686),
 .UNSPECIFIED.,.F.,.F.,(4,4),(0.550824464266194,1.03843813737742),
 .UNSPECIFIED.);
#214=B_SPLINE_CURVE_WITH_KNOTS('',3,(#1687,#1688,#1689,#1690),
 .UNSPECIFIED.,.F.,.F.,(4,4),(-1.03843813737742,-0.550824464266194),
 .UNSPECIFIED.);
#215=B_SPLINE_CURVE_WITH_KNOTS('',3,(#1719,#1720,#1721,#1722),
 .UNSPECIFIED.,.F.,.F.,(4,4),(-0.0476818737894888,-3.36544774121695E-15),
 .UNSPECIFIED.);
#216=B_SPLINE_CURVE_WITH_KNOTS('',3,(#1723,#1724,#1725,#1726),
 .UNSPECIFIED.,.F.,.F.,(4,4),(3.36544774121695E-15,0.0476818737894888),
 .UNSPECIFIED.);
#217=B_SPLINE_CURVE_WITH_KNOTS('',3,(#1731,#1732,#1733,#1734,#1735),
 .UNSPECIFIED.,.F.,.F.,(4,1,4),(0.,0.149525476243672,0.348892777901902),
 .UNSPECIFIED.);
#218=B_SPLINE_CURVE_WITH_KNOTS('',3,(#1739,#1740,#1741,#1742,#1743),
 .UNSPECIFIED.,.F.,.F.,(4,1,4),(-0.391042697756302,-0.167589727609844,0.),
 .UNSPECIFIED.);
#219=B_SPLINE_CURVE_WITH_KNOTS('',3,(#1745,#1746,#1747,#1748),
 .UNSPECIFIED.,.F.,.F.,(4,4),(3.17579105520717,3.19198529318365),
 .UNSPECIFIED.);
#220=B_SPLINE_CURVE_WITH_KNOTS('',3,(#1750,#1751,#1752,#1753),
 .UNSPECIFIED.,.F.,.F.,(4,4),(0.856971592990759,1.01691055386328),
 .UNSPECIFIED.);
#221=B_SPLINE_CURVE_WITH_KNOTS('',3,(#1757,#1758,#1759,#1760),
 .UNSPECIFIED.,.F.,.F.,(4,4),(3.65311684652251,3.81305580739503),
 .UNSPECIFIED.);
#222=B_SPLINE_CURVE_WITH_KNOTS('',3,(#1762,#1763,#1764,#1765),
 .UNSPECIFIED.,.F.,.F.,(4,4),(1.47804210720214,1.49423718108279),
 .UNSPECIFIED.);
#223=B_SPLINE_CURVE_WITH_KNOTS('',3,(#1767,#1768,#1769,#1770,#1771),
 .UNSPECIFIED.,.F.,.F.,(4,1,4),(0.,0.167569623806327,0.39099578888143),
 .UNSPECIFIED.);
#224=B_SPLINE_CURVE_WITH_KNOTS('',3,(#1774,#1775,#1776,#1777,#1778),
 .UNSPECIFIED.,.F.,.F.,(4,1,4),(-0.348907005227274,-0.149531573668832,0.),
 .UNSPECIFIED.);
#225=B_SPLINE_CURVE_WITH_KNOTS('',3,(#1844,#1845,#1846,#1847,#1848),
 .UNSPECIFIED.,.F.,.F.,(4,1,4),(-0.348901070133284,-0.149529030057122,0.),
 .UNSPECIFIED.);
#226=B_SPLINE_CURVE_WITH_KNOTS('',3,(#1881,#1882,#1883,#1884,#1885,#1886,
#1887,#1888,#1889,#1890,#1891,#1892,#1893,#1894,#1895,#1896,#1897,#1898,
#1899,#1900,#1901,#1902),.UNSPECIFIED.,.F.,.F.,(4,3,3,3,3,3,3,4),(0.,0.0146304561606618,
0.0291962938353066,0.0418587196954766,0.0476621095115746,0.0638231018063775,
0.0817840746369995,0.0868770849725428),.UNSPECIFIED.);
#227=B_SPLINE_CURVE_WITH_KNOTS('',3,(#1903,#1904,#1905,#1906,#1907),
 .UNSPECIFIED.,.F.,.F.,(4,1,4),(0.,0.167589727609844,0.327832521020499),
 .UNSPECIFIED.);
#228=B_SPLINE_CURVE_WITH_KNOTS('',3,(#1935,#1936,#1937,#1938,#1939,#1940),
 .UNSPECIFIED.,.F.,.F.,(4,2,4),(0.,0.0384940376643438,0.0873127898001513),
 .UNSPECIFIED.);
#229=B_SPLINE_CURVE_WITH_KNOTS('',3,(#1941,#1942,#1943,#1944,#1945),
 .UNSPECIFIED.,.F.,.F.,(4,1,4),(-0.327777298323816,-0.167578324785677,-2.83937836402461E-16),
 .UNSPECIFIED.);
#230=B_SPLINE_CURVE_WITH_KNOTS('',3,(#1946,#1947,#1948,#1949,#1950),
 .UNSPECIFIED.,.F.,.F.,(4,1,4),(2.83937836402461E-16,0.167578324785677,
0.391016091166579),.UNSPECIFIED.);
#231=B_SPLINE_CURVE_WITH_KNOTS('',3,(#1953,#1954,#1955,#1956,#1957),
 .UNSPECIFIED.,.F.,.F.,(4,1,4),(0.,0.149519247079185,0.348878243184765),
 .UNSPECIFIED.);
#232=B_SPLINE_CURVE_WITH_KNOTS('',3,(#1961,#1962,#1963,#1964,#1965),
 .UNSPECIFIED.,.F.,.F.,(4,1,4),(-0.391036016629062,-0.167586864269598,0.),
 .UNSPECIFIED.);
#233=B_SPLINE_CURVE_WITH_KNOTS('',3,(#1967,#1968,#1969,#1970),
 .UNSPECIFIED.,.F.,.F.,(4,4),(3.17579105520717,3.19198529318365),
 .UNSPECIFIED.);
#234=B_SPLINE_CURVE_WITH_KNOTS('',3,(#1972,#1973,#1974,#1975),
 .UNSPECIFIED.,.F.,.F.,(4,4),(0.856971592990758,1.01691055386328),
 .UNSPECIFIED.);
#235=B_SPLINE_CURVE_WITH_KNOTS('',3,(#1979,#1980,#1981,#1982),
 .UNSPECIFIED.,.F.,.F.,(4,4),(3.65311684652251,3.81305580739503),
 .UNSPECIFIED.);
#236=B_SPLINE_CURVE_WITH_KNOTS('',3,(#1983,#1984,#1985,#1986),
 .UNSPECIFIED.,.F.,.F.,(4,4),(1.47804210720214,1.49423718108279),
 .UNSPECIFIED.);
#237=B_SPLINE_CURVE_WITH_KNOTS('',3,(#2044,#2045,#2046,#2047,#2048,#2049),
 .UNSPECIFIED.,.F.,.F.,(4,2,4),(0.,0.0384940474386505,0.0873127898607218),
 .UNSPECIFIED.);
#238=B_SPLINE_CURVE_WITH_KNOTS('',3,(#2050,#2051,#2052,#2053,#2054),
 .UNSPECIFIED.,.F.,.F.,(4,1,4),(-0.327752059906746,-0.167569623806327,0.),
 .UNSPECIFIED.);
#239=B_SPLINE_CURVE_WITH_KNOTS('',3,(#2081,#2082,#2083,#2084,#2085,#2086,
#2087,#2088,#2089,#2090,#2091,#2092,#2093,#2094,#2095,#2096,#2097,#2098,
#2099,#2100,#2101,#2102),.UNSPECIFIED.,.F.,.F.,(4,3,3,3,3,3,3,4),(0.,0.0146296584682904,
0.0291945663238424,0.0418587185884648,0.0476621810167703,0.0638299354041301,
0.0817860848249962,0.0868770836369815),.UNSPECIFIED.);
#240=B_SPLINE_CURVE_WITH_KNOTS('',3,(#2105,#2106,#2107,#2108,#2109),
 .UNSPECIFIED.,.F.,.F.,(4,1,4),(0.,0.167586864269598,0.327824671157339),
 .UNSPECIFIED.);
#241=B_SPLINE_CURVE_WITH_KNOTS('',3,(#2168,#2169,#2170,#2171,#2172,#2173,
#2174,#2175),.UNSPECIFIED.,.F.,.F.,(4,2,2,4),(2.10045854194275,2.11394417959314,
2.24129099558985,2.29680101452325),.UNSPECIFIED.);
#242=B_SPLINE_CURVE_WITH_KNOTS('',3,(#2178,#2179,#2180,#2181,#2182,#2183,
#2184,#2185),.UNSPECIFIED.,.F.,.F.,(4,2,2,4),(2.94986187263669,3.00537189157009,
3.1327187075668,3.14620434521719),.UNSPECIFIED.);
#243=B_SPLINE_CURVE_WITH_KNOTS('',3,(#2196,#2197,#2198,#2199,#2200,#2201,
#2202,#2203),.UNSPECIFIED.,.F.,.F.,(4,2,2,4),(1.63819615084671,1.6937061697801,
1.82105298577681,1.8345386234272),.UNSPECIFIED.);
#244=B_SPLINE_CURVE_WITH_KNOTS('',3,(#2206,#2207,#2208,#2209,#2210,#2211,
#2212,#2213),.UNSPECIFIED.,.F.,.F.,(4,2,2,4),(0.788792820152766,0.802278457803159,
0.929625273799866,0.985135292733262),.UNSPECIFIED.);
#245=CIRCLE('',#849,1.);
#246=CIRCLE('',#850,1.);
#247=CIRCLE('',#851,0.999999999999998);
#248=CIRCLE('',#853,0.999999999999998);
#249=CIRCLE('',#854,14.4857864376269);
#250=CIRCLE('',#855,15.1928932188135);
#251=CIRCLE('',#856,15.1928932188135);
#252=CIRCLE('',#857,1.);
#253=CIRCLE('',#858,1.);
#254=CIRCLE('',#859,1.);
#255=CIRCLE('',#860,0.999999999999998);
#256=CIRCLE('',#861,0.999999999999999);
#257=CIRCLE('',#862,1.);
#258=CIRCLE('',#863,1.);
#259=CIRCLE('',#865,0.999999999999999);
#260=CIRCLE('',#866,14.4857864376269);
#261=CIRCLE('',#867,15.1928932188135);
#262=CIRCLE('',#868,0.999999999999998);
#263=CIRCLE('',#869,0.999999999999996);
#264=CIRCLE('',#870,0.999999999999998);
#265=CIRCLE('',#871,0.999999999999998);
#266=CIRCLE('',#874,6.5);
#267=CIRCLE('',#875,6.5);
#268=CIRCLE('',#876,0.999999999999999);
#269=CIRCLE('',#878,7.5);
#270=CIRCLE('',#879,0.999999999999999);
#271=CIRCLE('',#881,7.5);
#272=CIRCLE('',#883,0.999999999999999);
#273=CIRCLE('',#884,6.5);
#274=CIRCLE('',#885,1.);
#275=CIRCLE('',#887,16.9);
#276=CIRCLE('',#888,16.9);
#277=CIRCLE('',#890,6.5);
#278=CIRCLE('',#891,1.);
#279=CIRCLE('',#893,1.);
#280=CIRCLE('',#894,7.5);
#281=CIRCLE('',#895,1.);
#282=CIRCLE('',#897,7.5);
#283=CIRCLE('',#898,0.999999999999999);
#284=CIRCLE('',#900,1.25);
#285=CIRCLE('',#901,1.25);
#286=CIRCLE('',#904,1.25);
#287=CIRCLE('',#905,1.25);
#288=CIRCLE('',#908,1.25);
#289=CIRCLE('',#909,1.25);
#290=CIRCLE('',#912,1.25);
#291=CIRCLE('',#913,1.25);
#292=CIRCLE('',#917,14.9);
#293=CIRCLE('',#918,14.9);
#294=CIRCLE('',#919,14.9);
#295=CIRCLE('',#920,14.9);
#296=CIRCLE('',#921,14.9);
#297=CIRCLE('',#922,14.9);
#298=CIRCLE('',#929,16.9);
#299=VERTEX_POINT('',#1161);
#300=VERTEX_POINT('',#1162);
#301=VERTEX_POINT('',#1164);
#302=VERTEX_POINT('',#1172);
#303=VERTEX_POINT('',#1197);
#304=VERTEX_POINT('',#1202);
#305=VERTEX_POINT('',#1209);
#306=VERTEX_POINT('',#1210);
#307=VERTEX_POINT('',#1213);
#308=VERTEX_POINT('',#1232);
#309=VERTEX_POINT('',#1233);
#310=VERTEX_POINT('',#1291);
#311=VERTEX_POINT('',#1292);
#312=VERTEX_POINT('',#1338);
#313=VERTEX_POINT('',#1339);
#314=VERTEX_POINT('',#1377);
#315=VERTEX_POINT('',#1378);
#316=VERTEX_POINT('',#1430);
#317=VERTEX_POINT('',#1431);
#318=VERTEX_POINT('',#1433);
#319=VERTEX_POINT('',#1441);
#320=VERTEX_POINT('',#1466);
#321=VERTEX_POINT('',#1471);
#322=VERTEX_POINT('',#1478);
#323=VERTEX_POINT('',#1479);
#324=VERTEX_POINT('',#1499);
#325=VERTEX_POINT('',#1500);
#326=VERTEX_POINT('',#1558);
#327=VERTEX_POINT('',#1559);
#328=VERTEX_POINT('',#1641);
#329=VERTEX_POINT('',#1642);
#330=VERTEX_POINT('',#1680);
#331=VERTEX_POINT('',#1681);
#332=VERTEX_POINT('',#1730);
#333=VERTEX_POINT('',#1736);
#334=VERTEX_POINT('',#1738);
#335=VERTEX_POINT('',#1744);
#336=VERTEX_POINT('',#1749);
#337=VERTEX_POINT('',#1754);
#338=VERTEX_POINT('',#1756);
#339=VERTEX_POINT('',#1761);
#340=VERTEX_POINT('',#1766);
#341=VERTEX_POINT('',#1772);
#342=VERTEX_POINT('',#1806);
#343=VERTEX_POINT('',#1810);
#344=VERTEX_POINT('',#1814);
#345=VERTEX_POINT('',#1816);
#346=VERTEX_POINT('',#1850);
#347=VERTEX_POINT('',#1852);
#348=VERTEX_POINT('',#1880);
#349=VERTEX_POINT('',#1933);
#350=VERTEX_POINT('',#1934);
#351=VERTEX_POINT('',#1952);
#352=VERTEX_POINT('',#1958);
#353=VERTEX_POINT('',#1960);
#354=VERTEX_POINT('',#1966);
#355=VERTEX_POINT('',#1971);
#356=VERTEX_POINT('',#1976);
#357=VERTEX_POINT('',#1978);
#358=VERTEX_POINT('',#2015);
#359=VERTEX_POINT('',#2043);
#360=VERTEX_POINT('',#2080);
#361=VERTEX_POINT('',#2103);
#362=VERTEX_POINT('',#2139);
#363=VERTEX_POINT('',#2141);
#364=VERTEX_POINT('',#2146);
#365=VERTEX_POINT('',#2148);
#366=VERTEX_POINT('',#2153);
#367=VERTEX_POINT('',#2155);
#368=VERTEX_POINT('',#2160);
#369=VERTEX_POINT('',#2162);
#370=VERTEX_POINT('',#2167);
#371=VERTEX_POINT('',#2176);
#372=VERTEX_POINT('',#2188);
#373=VERTEX_POINT('',#2190);
#374=VERTEX_POINT('',#2195);
#375=VERTEX_POINT('',#2204);
#376=VERTEX_POINT('',#2222);
#377=EDGE_CURVE('',#299,#300,#245,.T.);
#378=EDGE_CURVE('',#300,#301,#189,.T.);
#379=EDGE_CURVE('',#301,#302,#246,.T.);
#380=EDGE_CURVE('',#302,#299,#190,.T.);
#381=EDGE_CURVE('',#299,#303,#191,.T.);
#382=EDGE_CURVE('',#303,#304,#247,.T.);
#383=EDGE_CURVE('',#304,#300,#192,.T.);
#384=EDGE_CURVE('',#305,#306,#248,.T.);
#385=EDGE_CURVE('',#306,#304,#249,.T.);
#386=EDGE_CURVE('',#303,#307,#250,.T.);
#387=EDGE_CURVE('',#307,#305,#251,.T.);
#388=EDGE_CURVE('',#308,#309,#252,.T.);
#389=EDGE_CURVE('',#309,#306,#193,.T.);
#390=EDGE_CURVE('',#305,#308,#194,.T.);
#391=EDGE_CURVE('',#310,#311,#253,.T.);
#392=EDGE_CURVE('',#311,#309,#195,.T.);
#393=EDGE_CURVE('',#308,#310,#196,.T.);
#394=EDGE_CURVE('',#312,#313,#254,.T.);
#395=EDGE_CURVE('',#313,#311,#197,.T.);
#396=EDGE_CURVE('',#310,#312,#198,.T.);
#397=EDGE_CURVE('',#314,#315,#255,.T.);
#398=EDGE_CURVE('',#315,#313,#199,.T.);
#399=EDGE_CURVE('',#312,#314,#200,.T.);
#400=EDGE_CURVE('',#316,#317,#256,.T.);
#401=EDGE_CURVE('',#317,#318,#201,.T.);
#402=EDGE_CURVE('',#318,#319,#257,.T.);
#403=EDGE_CURVE('',#319,#316,#202,.T.);
#404=EDGE_CURVE('',#316,#320,#203,.T.);
#405=EDGE_CURVE('',#320,#321,#258,.T.);
#406=EDGE_CURVE('',#321,#317,#204,.T.);
#407=EDGE_CURVE('',#322,#323,#259,.T.);
#408=EDGE_CURVE('',#323,#321,#260,.T.);
#409=EDGE_CURVE('',#320,#322,#261,.T.);
#410=EDGE_CURVE('',#324,#325,#262,.T.);
#411=EDGE_CURVE('',#325,#323,#205,.T.);
#412=EDGE_CURVE('',#322,#324,#206,.T.);
#413=EDGE_CURVE('',#326,#327,#263,.T.);
#414=EDGE_CURVE('',#327,#325,#207,.T.);
#415=EDGE_CURVE('',#324,#326,#208,.T.);
#416=EDGE_CURVE('',#318,#315,#209,.T.);
#417=EDGE_CURVE('',#314,#319,#210,.T.);
#418=EDGE_CURVE('',#328,#329,#264,.T.);
#419=EDGE_CURVE('',#329,#327,#211,.T.);
#420=EDGE_CURVE('',#326,#328,#212,.T.);
#421=EDGE_CURVE('',#330,#331,#265,.T.);
#422=EDGE_CURVE('',#331,#329,#213,.T.);
#423=EDGE_CURVE('',#328,#330,#214,.T.);
#424=EDGE_CURVE('',#301,#331,#215,.T.);
#425=EDGE_CURVE('',#330,#302,#216,.T.);
#426=EDGE_CURVE('',#304,#306,#31,.T.);
#427=EDGE_CURVE('',#332,#309,#217,.T.);
#428=EDGE_CURVE('',#333,#332,#266,.T.);
#429=EDGE_CURVE('',#334,#333,#218,.T.);
#430=EDGE_CURVE('',#334,#335,#219,.T.);
#431=EDGE_CURVE('',#335,#336,#220,.T.);
#432=EDGE_CURVE('',#336,#337,#32,.T.);
#433=EDGE_CURVE('',#337,#338,#221,.T.);
#434=EDGE_CURVE('',#338,#339,#222,.T.);
#435=EDGE_CURVE('',#340,#339,#223,.T.);
#436=EDGE_CURVE('',#341,#340,#267,.T.);
#437=EDGE_CURVE('',#300,#341,#224,.T.);
#438=EDGE_CURVE('',#332,#311,#268,.T.);
#439=EDGE_CURVE('',#313,#342,#269,.T.);
#440=EDGE_CURVE('',#333,#342,#270,.T.);
#441=EDGE_CURVE('',#343,#315,#271,.T.);
#442=EDGE_CURVE('',#342,#343,#33,.T.);
#443=EDGE_CURVE('',#344,#318,#272,.T.);
#444=EDGE_CURVE('',#344,#345,#273,.T.);
#445=EDGE_CURVE('',#345,#343,#274,.T.);
#446=EDGE_CURVE('',#317,#344,#225,.T.);
#447=EDGE_CURVE('',#307,#346,#34,.T.);
#448=EDGE_CURVE('',#346,#347,#275,.T.);
#449=EDGE_CURVE('',#347,#346,#276,.T.);
#450=EDGE_CURVE('',#348,#334,#226,.T.);
#451=EDGE_CURVE('',#342,#348,#227,.T.);
#452=EDGE_CURVE('',#349,#350,#228,.T.);
#453=EDGE_CURVE('',#350,#343,#229,.T.);
#454=EDGE_CURVE('',#345,#349,#230,.T.);
#455=EDGE_CURVE('',#351,#325,#231,.T.);
#456=EDGE_CURVE('',#352,#351,#277,.T.);
#457=EDGE_CURVE('',#353,#352,#232,.T.);
#458=EDGE_CURVE('',#353,#354,#233,.T.);
#459=EDGE_CURVE('',#354,#355,#234,.T.);
#460=EDGE_CURVE('',#355,#356,#35,.T.);
#461=EDGE_CURVE('',#356,#357,#235,.T.);
#462=EDGE_CURVE('',#357,#349,#236,.T.);
#463=EDGE_CURVE('',#321,#323,#36,.T.);
#464=EDGE_CURVE('',#341,#301,#278,.T.);
#465=EDGE_CURVE('',#340,#358,#279,.T.);
#466=EDGE_CURVE('',#358,#331,#280,.T.);
#467=EDGE_CURVE('',#339,#359,#237,.T.);
#468=EDGE_CURVE('',#359,#358,#238,.T.);
#469=EDGE_CURVE('',#360,#353,#239,.T.);
#470=EDGE_CURVE('',#352,#361,#281,.T.);
#471=EDGE_CURVE('',#361,#360,#240,.T.);
#472=EDGE_CURVE('',#329,#361,#282,.T.);
#473=EDGE_CURVE('',#351,#327,#283,.T.);
#474=EDGE_CURVE('',#362,#362,#284,.T.);
#475=EDGE_CURVE('',#362,#363,#37,.T.);
#476=EDGE_CURVE('',#363,#363,#285,.T.);
#477=EDGE_CURVE('',#364,#364,#286,.T.);
#478=EDGE_CURVE('',#364,#365,#38,.T.);
#479=EDGE_CURVE('',#365,#365,#287,.T.);
#480=EDGE_CURVE('',#366,#366,#288,.T.);
#481=EDGE_CURVE('',#366,#367,#39,.T.);
#482=EDGE_CURVE('',#367,#367,#289,.T.);
#483=EDGE_CURVE('',#368,#368,#290,.T.);
#484=EDGE_CURVE('',#368,#369,#40,.T.);
#485=EDGE_CURVE('',#369,#369,#291,.T.);
#486=EDGE_CURVE('',#359,#370,#241,.T.);
#487=EDGE_CURVE('',#370,#371,#41,.T.);
#488=EDGE_CURVE('',#371,#360,#242,.T.);
#489=EDGE_CURVE('',#361,#358,#42,.T.);
#490=EDGE_CURVE('',#372,#372,#292,.T.);
#491=EDGE_CURVE('',#372,#373,#43,.T.);
#492=EDGE_CURVE('',#373,#355,#293,.T.);
#493=EDGE_CURVE('',#371,#370,#294,.T.);
#494=EDGE_CURVE('',#337,#336,#295,.T.);
#495=EDGE_CURVE('',#374,#348,#243,.T.);
#496=EDGE_CURVE('',#374,#375,#296,.T.);
#497=EDGE_CURVE('',#350,#375,#244,.T.);
#498=EDGE_CURVE('',#356,#373,#297,.T.);
#499=EDGE_CURVE('',#375,#374,#44,.T.);
#500=EDGE_CURVE('',#347,#376,#45,.T.);
#501=EDGE_CURVE('',#376,#376,#298,.T.);
#502=ORIENTED_EDGE('',*,*,#377,.T.);
#503=ORIENTED_EDGE('',*,*,#378,.T.);
#504=ORIENTED_EDGE('',*,*,#379,.T.);
#505=ORIENTED_EDGE('',*,*,#380,.T.);
#506=ORIENTED_EDGE('',*,*,#377,.F.);
#507=ORIENTED_EDGE('',*,*,#381,.T.);
#508=ORIENTED_EDGE('',*,*,#382,.T.);
#509=ORIENTED_EDGE('',*,*,#383,.T.);
#510=ORIENTED_EDGE('',*,*,#384,.T.);
#511=ORIENTED_EDGE('',*,*,#385,.T.);
#512=ORIENTED_EDGE('',*,*,#382,.F.);
#513=ORIENTED_EDGE('',*,*,#386,.T.);
#514=ORIENTED_EDGE('',*,*,#387,.T.);
#515=ORIENTED_EDGE('',*,*,#388,.T.);
#516=ORIENTED_EDGE('',*,*,#389,.T.);
#517=ORIENTED_EDGE('',*,*,#384,.F.);
#518=ORIENTED_EDGE('',*,*,#390,.T.);
#519=ORIENTED_EDGE('',*,*,#391,.T.);
#520=ORIENTED_EDGE('',*,*,#392,.T.);
#521=ORIENTED_EDGE('',*,*,#388,.F.);
#522=ORIENTED_EDGE('',*,*,#393,.T.);
#523=ORIENTED_EDGE('',*,*,#394,.T.);
#524=ORIENTED_EDGE('',*,*,#395,.T.);
#525=ORIENTED_EDGE('',*,*,#391,.F.);
#526=ORIENTED_EDGE('',*,*,#396,.T.);
#527=ORIENTED_EDGE('',*,*,#397,.T.);
#528=ORIENTED_EDGE('',*,*,#398,.T.);
#529=ORIENTED_EDGE('',*,*,#394,.F.);
#530=ORIENTED_EDGE('',*,*,#399,.T.);
#531=ORIENTED_EDGE('',*,*,#400,.T.);
#532=ORIENTED_EDGE('',*,*,#401,.T.);
#533=ORIENTED_EDGE('',*,*,#402,.T.);
#534=ORIENTED_EDGE('',*,*,#403,.T.);
#535=ORIENTED_EDGE('',*,*,#400,.F.);
#536=ORIENTED_EDGE('',*,*,#404,.T.);
#537=ORIENTED_EDGE('',*,*,#405,.T.);
#538=ORIENTED_EDGE('',*,*,#406,.T.);
#539=ORIENTED_EDGE('',*,*,#407,.T.);
#540=ORIENTED_EDGE('',*,*,#408,.T.);
#541=ORIENTED_EDGE('',*,*,#405,.F.);
#542=ORIENTED_EDGE('',*,*,#409,.T.);
#543=ORIENTED_EDGE('',*,*,#410,.T.);
#544=ORIENTED_EDGE('',*,*,#411,.T.);
#545=ORIENTED_EDGE('',*,*,#407,.F.);
#546=ORIENTED_EDGE('',*,*,#412,.T.);
#547=ORIENTED_EDGE('',*,*,#413,.T.);
#548=ORIENTED_EDGE('',*,*,#414,.T.);
#549=ORIENTED_EDGE('',*,*,#410,.F.);
#550=ORIENTED_EDGE('',*,*,#415,.T.);
#551=ORIENTED_EDGE('',*,*,#402,.F.);
#552=ORIENTED_EDGE('',*,*,#416,.T.);
#553=ORIENTED_EDGE('',*,*,#397,.F.);
#554=ORIENTED_EDGE('',*,*,#417,.T.);
#555=ORIENTED_EDGE('',*,*,#418,.T.);
#556=ORIENTED_EDGE('',*,*,#419,.T.);
#557=ORIENTED_EDGE('',*,*,#413,.F.);
#558=ORIENTED_EDGE('',*,*,#420,.T.);
#559=ORIENTED_EDGE('',*,*,#421,.T.);
#560=ORIENTED_EDGE('',*,*,#422,.T.);
#561=ORIENTED_EDGE('',*,*,#418,.F.);
#562=ORIENTED_EDGE('',*,*,#423,.T.);
#563=ORIENTED_EDGE('',*,*,#379,.F.);
#564=ORIENTED_EDGE('',*,*,#424,.T.);
#565=ORIENTED_EDGE('',*,*,#421,.F.);
#566=ORIENTED_EDGE('',*,*,#425,.T.);
#567=ORIENTED_EDGE('',*,*,#385,.F.);
#568=ORIENTED_EDGE('',*,*,#426,.F.);
#569=ORIENTED_EDGE('',*,*,#383,.F.);
#570=ORIENTED_EDGE('',*,*,#426,.T.);
#571=ORIENTED_EDGE('',*,*,#389,.F.);
#572=ORIENTED_EDGE('',*,*,#427,.F.);
#573=ORIENTED_EDGE('',*,*,#428,.F.);
#574=ORIENTED_EDGE('',*,*,#429,.F.);
#575=ORIENTED_EDGE('',*,*,#430,.T.);
#576=ORIENTED_EDGE('',*,*,#431,.T.);
#577=ORIENTED_EDGE('',*,*,#432,.T.);
#578=ORIENTED_EDGE('',*,*,#433,.T.);
#579=ORIENTED_EDGE('',*,*,#434,.T.);
#580=ORIENTED_EDGE('',*,*,#435,.F.);
#581=ORIENTED_EDGE('',*,*,#436,.F.);
#582=ORIENTED_EDGE('',*,*,#437,.F.);
#583=ORIENTED_EDGE('',*,*,#392,.F.);
#584=ORIENTED_EDGE('',*,*,#438,.F.);
#585=ORIENTED_EDGE('',*,*,#427,.T.);
#586=ORIENTED_EDGE('',*,*,#395,.F.);
#587=ORIENTED_EDGE('',*,*,#439,.T.);
#588=ORIENTED_EDGE('',*,*,#440,.F.);
#589=ORIENTED_EDGE('',*,*,#428,.T.);
#590=ORIENTED_EDGE('',*,*,#438,.T.);
#591=ORIENTED_EDGE('',*,*,#398,.F.);
#592=ORIENTED_EDGE('',*,*,#441,.F.);
#593=ORIENTED_EDGE('',*,*,#442,.F.);
#594=ORIENTED_EDGE('',*,*,#439,.F.);
#595=ORIENTED_EDGE('',*,*,#416,.F.);
#596=ORIENTED_EDGE('',*,*,#443,.F.);
#597=ORIENTED_EDGE('',*,*,#444,.T.);
#598=ORIENTED_EDGE('',*,*,#445,.T.);
#599=ORIENTED_EDGE('',*,*,#441,.T.);
#600=ORIENTED_EDGE('',*,*,#401,.F.);
#601=ORIENTED_EDGE('',*,*,#446,.T.);
#602=ORIENTED_EDGE('',*,*,#443,.T.);
#603=ORIENTED_EDGE('',*,*,#403,.F.);
#604=ORIENTED_EDGE('',*,*,#417,.F.);
#605=ORIENTED_EDGE('',*,*,#399,.F.);
#606=ORIENTED_EDGE('',*,*,#396,.F.);
#607=ORIENTED_EDGE('',*,*,#393,.F.);
#608=ORIENTED_EDGE('',*,*,#390,.F.);
#609=ORIENTED_EDGE('',*,*,#387,.F.);
#610=ORIENTED_EDGE('',*,*,#447,.T.);
#611=ORIENTED_EDGE('',*,*,#448,.T.);
#612=ORIENTED_EDGE('',*,*,#449,.T.);
#613=ORIENTED_EDGE('',*,*,#447,.F.);
#614=ORIENTED_EDGE('',*,*,#386,.F.);
#615=ORIENTED_EDGE('',*,*,#381,.F.);
#616=ORIENTED_EDGE('',*,*,#380,.F.);
#617=ORIENTED_EDGE('',*,*,#425,.F.);
#618=ORIENTED_EDGE('',*,*,#423,.F.);
#619=ORIENTED_EDGE('',*,*,#420,.F.);
#620=ORIENTED_EDGE('',*,*,#415,.F.);
#621=ORIENTED_EDGE('',*,*,#412,.F.);
#622=ORIENTED_EDGE('',*,*,#409,.F.);
#623=ORIENTED_EDGE('',*,*,#404,.F.);
#624=ORIENTED_EDGE('',*,*,#450,.T.);
#625=ORIENTED_EDGE('',*,*,#429,.T.);
#626=ORIENTED_EDGE('',*,*,#440,.T.);
#627=ORIENTED_EDGE('',*,*,#451,.T.);
#628=ORIENTED_EDGE('',*,*,#452,.T.);
#629=ORIENTED_EDGE('',*,*,#453,.T.);
#630=ORIENTED_EDGE('',*,*,#445,.F.);
#631=ORIENTED_EDGE('',*,*,#454,.T.);
#632=ORIENTED_EDGE('',*,*,#411,.F.);
#633=ORIENTED_EDGE('',*,*,#455,.F.);
#634=ORIENTED_EDGE('',*,*,#456,.F.);
#635=ORIENTED_EDGE('',*,*,#457,.F.);
#636=ORIENTED_EDGE('',*,*,#458,.T.);
#637=ORIENTED_EDGE('',*,*,#459,.T.);
#638=ORIENTED_EDGE('',*,*,#460,.T.);
#639=ORIENTED_EDGE('',*,*,#461,.T.);
#640=ORIENTED_EDGE('',*,*,#462,.T.);
#641=ORIENTED_EDGE('',*,*,#454,.F.);
#642=ORIENTED_EDGE('',*,*,#444,.F.);
#643=ORIENTED_EDGE('',*,*,#446,.F.);
#644=ORIENTED_EDGE('',*,*,#406,.F.);
#645=ORIENTED_EDGE('',*,*,#463,.T.);
#646=ORIENTED_EDGE('',*,*,#378,.F.);
#647=ORIENTED_EDGE('',*,*,#437,.T.);
#648=ORIENTED_EDGE('',*,*,#464,.T.);
#649=ORIENTED_EDGE('',*,*,#424,.F.);
#650=ORIENTED_EDGE('',*,*,#464,.F.);
#651=ORIENTED_EDGE('',*,*,#436,.T.);
#652=ORIENTED_EDGE('',*,*,#465,.T.);
#653=ORIENTED_EDGE('',*,*,#466,.T.);
#654=ORIENTED_EDGE('',*,*,#467,.T.);
#655=ORIENTED_EDGE('',*,*,#468,.T.);
#656=ORIENTED_EDGE('',*,*,#465,.F.);
#657=ORIENTED_EDGE('',*,*,#435,.T.);
#658=ORIENTED_EDGE('',*,*,#469,.T.);
#659=ORIENTED_EDGE('',*,*,#457,.T.);
#660=ORIENTED_EDGE('',*,*,#470,.T.);
#661=ORIENTED_EDGE('',*,*,#471,.T.);
#662=ORIENTED_EDGE('',*,*,#419,.F.);
#663=ORIENTED_EDGE('',*,*,#472,.T.);
#664=ORIENTED_EDGE('',*,*,#470,.F.);
#665=ORIENTED_EDGE('',*,*,#456,.T.);
#666=ORIENTED_EDGE('',*,*,#473,.T.);
#667=ORIENTED_EDGE('',*,*,#414,.F.);
#668=ORIENTED_EDGE('',*,*,#473,.F.);
#669=ORIENTED_EDGE('',*,*,#455,.T.);
#670=ORIENTED_EDGE('',*,*,#474,.F.);
#671=ORIENTED_EDGE('',*,*,#475,.T.);
#672=ORIENTED_EDGE('',*,*,#476,.T.);
#673=ORIENTED_EDGE('',*,*,#475,.F.);
#674=ORIENTED_EDGE('',*,*,#476,.F.);
#675=ORIENTED_EDGE('',*,*,#477,.F.);
#676=ORIENTED_EDGE('',*,*,#478,.T.);
#677=ORIENTED_EDGE('',*,*,#479,.T.);
#678=ORIENTED_EDGE('',*,*,#478,.F.);
#679=ORIENTED_EDGE('',*,*,#479,.F.);
#680=ORIENTED_EDGE('',*,*,#480,.F.);
#681=ORIENTED_EDGE('',*,*,#481,.T.);
#682=ORIENTED_EDGE('',*,*,#482,.T.);
#683=ORIENTED_EDGE('',*,*,#481,.F.);
#684=ORIENTED_EDGE('',*,*,#482,.F.);
#685=ORIENTED_EDGE('',*,*,#483,.F.);
#686=ORIENTED_EDGE('',*,*,#484,.T.);
#687=ORIENTED_EDGE('',*,*,#485,.T.);
#688=ORIENTED_EDGE('',*,*,#484,.F.);
#689=ORIENTED_EDGE('',*,*,#485,.F.);
#690=ORIENTED_EDGE('',*,*,#468,.F.);
#691=ORIENTED_EDGE('',*,*,#486,.T.);
#692=ORIENTED_EDGE('',*,*,#487,.T.);
#693=ORIENTED_EDGE('',*,*,#488,.T.);
#694=ORIENTED_EDGE('',*,*,#471,.F.);
#695=ORIENTED_EDGE('',*,*,#489,.T.);
#696=ORIENTED_EDGE('',*,*,#490,.F.);
#697=ORIENTED_EDGE('',*,*,#491,.T.);
#698=ORIENTED_EDGE('',*,*,#492,.T.);
#699=ORIENTED_EDGE('',*,*,#459,.F.);
#700=ORIENTED_EDGE('',*,*,#458,.F.);
#701=ORIENTED_EDGE('',*,*,#469,.F.);
#702=ORIENTED_EDGE('',*,*,#488,.F.);
#703=ORIENTED_EDGE('',*,*,#493,.T.);
#704=ORIENTED_EDGE('',*,*,#486,.F.);
#705=ORIENTED_EDGE('',*,*,#467,.F.);
#706=ORIENTED_EDGE('',*,*,#434,.F.);
#707=ORIENTED_EDGE('',*,*,#433,.F.);
#708=ORIENTED_EDGE('',*,*,#494,.T.);
#709=ORIENTED_EDGE('',*,*,#431,.F.);
#710=ORIENTED_EDGE('',*,*,#430,.F.);
#711=ORIENTED_EDGE('',*,*,#450,.F.);
#712=ORIENTED_EDGE('',*,*,#495,.F.);
#713=ORIENTED_EDGE('',*,*,#496,.T.);
#714=ORIENTED_EDGE('',*,*,#497,.F.);
#715=ORIENTED_EDGE('',*,*,#452,.F.);
#716=ORIENTED_EDGE('',*,*,#462,.F.);
#717=ORIENTED_EDGE('',*,*,#461,.F.);
#718=ORIENTED_EDGE('',*,*,#498,.T.);
#719=ORIENTED_EDGE('',*,*,#491,.F.);
#720=ORIENTED_EDGE('',*,*,#487,.F.);
#721=ORIENTED_EDGE('',*,*,#493,.F.);
#722=ORIENTED_EDGE('',*,*,#451,.F.);
#723=ORIENTED_EDGE('',*,*,#442,.T.);
#724=ORIENTED_EDGE('',*,*,#453,.F.);
#725=ORIENTED_EDGE('',*,*,#497,.T.);
#726=ORIENTED_EDGE('',*,*,#499,.T.);
#727=ORIENTED_EDGE('',*,*,#495,.T.);
#728=ORIENTED_EDGE('',*,*,#499,.F.);
#729=ORIENTED_EDGE('',*,*,#496,.F.);
#730=ORIENTED_EDGE('',*,*,#422,.F.);
#731=ORIENTED_EDGE('',*,*,#466,.F.);
#732=ORIENTED_EDGE('',*,*,#489,.F.);
#733=ORIENTED_EDGE('',*,*,#472,.F.);
#734=ORIENTED_EDGE('',*,*,#408,.F.);
#735=ORIENTED_EDGE('',*,*,#463,.F.);
#736=ORIENTED_EDGE('',*,*,#448,.F.);
#737=ORIENTED_EDGE('',*,*,#449,.F.);
#738=ORIENTED_EDGE('',*,*,#500,.T.);
#739=ORIENTED_EDGE('',*,*,#501,.T.);
#740=ORIENTED_EDGE('',*,*,#500,.F.);
#741=ORIENTED_EDGE('',*,*,#432,.F.);
#742=ORIENTED_EDGE('',*,*,#494,.F.);
#743=ORIENTED_EDGE('',*,*,#474,.T.);
#744=ORIENTED_EDGE('',*,*,#477,.T.);
#745=ORIENTED_EDGE('',*,*,#460,.F.);
#746=ORIENTED_EDGE('',*,*,#492,.F.);
#747=ORIENTED_EDGE('',*,*,#498,.F.);
#748=ORIENTED_EDGE('',*,*,#480,.T.);
#749=ORIENTED_EDGE('',*,*,#483,.T.);
#750=ORIENTED_EDGE('',*,*,#501,.F.);
#751=ORIENTED_EDGE('',*,*,#490,.T.);
#752=B_SPLINE_SURFACE_WITH_KNOTS('',3,3,((#1119,#1120,#1121,#1122,#1123,
#1124,#1125),(#1126,#1127,#1128,#1129,#1130,#1131,#1132),(#1133,#1134,#1135,
#1136,#1137,#1138,#1139),(#1140,#1141,#1142,#1143,#1144,#1145,#1146),(#1147,
#1148,#1149,#1150,#1151,#1152,#1153),(#1154,#1155,#1156,#1157,#1158,#1159,
#1160)),.UNSPECIFIED.,.F.,.F.,.F.,(4,1,1,4),(4,1,1,1,4),(0.,0.285714285714286,
0.571428571428571,1.),(0.,0.0739915635001794,0.147983127000359,0.246638545000598,
0.345293963000837),.UNSPECIFIED.);
#753=B_SPLINE_SURFACE_WITH_KNOTS('',3,3,((#1181,#1182,#1183,#1184),(#1185,
#1186,#1187,#1188),(#1189,#1190,#1191,#1192),(#1193,#1194,#1195,#1196)),
 .UNSPECIFIED.,.F.,.F.,.F.,(4,4),(4,4),(0.,1.),(0.,0.201190927054214),
 .UNSPECIFIED.);
#754=B_SPLINE_SURFACE_WITH_KNOTS('',3,3,((#1216,#1217,#1218,#1219),(#1220,
#1221,#1222,#1223),(#1224,#1225,#1226,#1227),(#1228,#1229,#1230,#1231)),
 .UNSPECIFIED.,.F.,.F.,.F.,(4,4),(4,4),(0.,1.),(0.,0.201192962379378),
 .UNSPECIFIED.);
#755=B_SPLINE_SURFACE_WITH_KNOTS('',3,3,((#1243,#1244,#1245,#1246,#1247,
#1248,#1249,#1250),(#1251,#1252,#1253,#1254,#1255,#1256,#1257,#1258),(#1259,
#1260,#1261,#1262,#1263,#1264,#1265,#1266),(#1267,#1268,#1269,#1270,#1271,
#1272,#1273,#1274),(#1275,#1276,#1277,#1278,#1279,#1280,#1281,#1282),(#1283,
#1284,#1285,#1286,#1287,#1288,#1289,#1290)),.UNSPECIFIED.,.F.,.F.,.F.,(4,
1,1,4),(4,1,1,1,1,4),(0.,0.285714285714286,0.571428571428571,1.),(1.57432949207948E-13,
0.0739907711481854,0.147981542296213,0.246635903826917,0.320626674974945,
0.345290265357621),.UNSPECIFIED.);
#756=B_SPLINE_SURFACE_WITH_KNOTS('',3,3,((#1310,#1311,#1312,#1313),(#1314,
#1315,#1316,#1317),(#1318,#1319,#1320,#1321),(#1322,#1323,#1324,#1325),
(#1326,#1327,#1328,#1329),(#1330,#1331,#1332,#1333),(#1334,#1335,#1336,
#1337)),.UNSPECIFIED.,.F.,.F.,.F.,(4,1,1,1,4),(4,4),(0.,0.285714285714286,
0.571428571428571,0.785714285714286,1.),(0.,0.047713752865277),
 .UNSPECIFIED.);
#757=B_SPLINE_SURFACE_WITH_KNOTS('',3,3,((#1349,#1350,#1351,#1352),(#1353,
#1354,#1355,#1356),(#1357,#1358,#1359,#1360),(#1361,#1362,#1363,#1364),
(#1365,#1366,#1367,#1368),(#1369,#1370,#1371,#1372),(#1373,#1374,#1375,
#1376)),.UNSPECIFIED.,.F.,.F.,.F.,(4,1,1,1,4),(4,4),(0.,0.285714285714286,
0.571428571428571,0.785714285714286,1.),(0.550824464266194,1.03843813737742),
 .UNSPECIFIED.);
#758=B_SPLINE_SURFACE_WITH_KNOTS('',3,3,((#1388,#1389,#1390,#1391,#1392,
#1393,#1394),(#1395,#1396,#1397,#1398,#1399,#1400,#1401),(#1402,#1403,#1404,
#1405,#1406,#1407,#1408),(#1409,#1410,#1411,#1412,#1413,#1414,#1415),(#1416,
#1417,#1418,#1419,#1420,#1421,#1422),(#1423,#1424,#1425,#1426,#1427,#1428,
#1429)),.UNSPECIFIED.,.F.,.F.,.F.,(4,1,1,4),(4,1,1,1,4),(0.,0.285714285714286,
0.571428571428571,1.),(0.,0.0739915634744717,0.147983126948943,0.246638544914906,
0.345293962880868),.UNSPECIFIED.);
#759=B_SPLINE_SURFACE_WITH_KNOTS('',3,3,((#1450,#1451,#1452,#1453),(#1454,
#1455,#1456,#1457),(#1458,#1459,#1460,#1461),(#1462,#1463,#1464,#1465)),
 .UNSPECIFIED.,.F.,.F.,.F.,(4,4),(4,4),(0.,1.),(0.,0.201190927053955),
 .UNSPECIFIED.);
#760=B_SPLINE_SURFACE_WITH_KNOTS('',3,3,((#1483,#1484,#1485,#1486),(#1487,
#1488,#1489,#1490),(#1491,#1492,#1493,#1494),(#1495,#1496,#1497,#1498)),
 .UNSPECIFIED.,.F.,.F.,.F.,(4,4),(4,4),(0.,1.),(0.,0.20119296237938),
 .UNSPECIFIED.);
#761=B_SPLINE_SURFACE_WITH_KNOTS('',3,3,((#1510,#1511,#1512,#1513,#1514,
#1515,#1516,#1517),(#1518,#1519,#1520,#1521,#1522,#1523,#1524,#1525),(#1526,
#1527,#1528,#1529,#1530,#1531,#1532,#1533),(#1534,#1535,#1536,#1537,#1538,
#1539,#1540,#1541),(#1542,#1543,#1544,#1545,#1546,#1547,#1548,#1549),(#1550,
#1551,#1552,#1553,#1554,#1555,#1556,#1557)),.UNSPECIFIED.,.F.,.F.,.F.,(4,
1,1,4),(4,1,1,1,1,4),(0.,0.285714285714286,0.571428571428571,1.),(1.59453506938285E-13,
0.0739907711357295,0.1479815422713,0.246635903785393,0.320626674920963,
0.345290265299486),.UNSPECIFIED.);
#762=B_SPLINE_SURFACE_WITH_KNOTS('',3,3,((#1577,#1578,#1579,#1580),(#1581,
#1582,#1583,#1584),(#1585,#1586,#1587,#1588),(#1589,#1590,#1591,#1592),
(#1593,#1594,#1595,#1596),(#1597,#1598,#1599,#1600),(#1601,#1602,#1603,
#1604)),.UNSPECIFIED.,.F.,.F.,.F.,(4,1,1,1,4),(4,4),(0.,0.285714285714286,
0.571428571428571,0.785714285714286,1.),(2.36539959950382E-15,0.0476818737894924),
 .UNSPECIFIED.);
#763=B_SPLINE_SURFACE_WITH_KNOTS('',3,3,((#1613,#1614,#1615,#1616),(#1617,
#1618,#1619,#1620),(#1621,#1622,#1623,#1624),(#1625,#1626,#1627,#1628),
(#1629,#1630,#1631,#1632),(#1633,#1634,#1635,#1636),(#1637,#1638,#1639,
#1640)),.UNSPECIFIED.,.F.,.F.,.F.,(4,1,1,1,4),(4,4),(0.,0.285714285714286,
0.571428571428571,0.785714285714286,1.),(0.,0.0477137528652764),
 .UNSPECIFIED.);
#764=B_SPLINE_SURFACE_WITH_KNOTS('',3,3,((#1652,#1653,#1654,#1655),(#1656,
#1657,#1658,#1659),(#1660,#1661,#1662,#1663),(#1664,#1665,#1666,#1667),
(#1668,#1669,#1670,#1671),(#1672,#1673,#1674,#1675),(#1676,#1677,#1678,
#1679)),.UNSPECIFIED.,.F.,.F.,.F.,(4,1,1,1,4),(4,4),(0.,0.285714285714286,
0.571428571428571,0.785714285714286,1.),(0.550824464266194,1.03843813737742),
 .UNSPECIFIED.);
#765=B_SPLINE_SURFACE_WITH_KNOTS('',3,3,((#1691,#1692,#1693,#1694),(#1695,
#1696,#1697,#1698),(#1699,#1700,#1701,#1702),(#1703,#1704,#1705,#1706),
(#1707,#1708,#1709,#1710),(#1711,#1712,#1713,#1714),(#1715,#1716,#1717,
#1718)),.UNSPECIFIED.,.F.,.F.,.F.,(4,1,1,1,4),(4,4),(0.,0.285714285714286,
0.571428571428571,0.785714285714286,1.),(3.36544774121695E-15,0.0476818737894888),
 .UNSPECIFIED.);
#766=B_SPLINE_SURFACE_WITH_KNOTS('',3,3,((#1779,#1780,#1781,#1782,#1783),
(#1784,#1785,#1786,#1787,#1788),(#1789,#1790,#1791,#1792,#1793),(#1794,
#1795,#1796,#1797,#1798),(#1799,#1800,#1801,#1802,#1803)),.UNSPECIFIED.,
 .F.,.F.,.F.,(4,1,4),(4,1,4),(0.117085715599153,0.558542857799577,1.),(0.,
0.149525476243672,0.348892777901902),.UNSPECIFIED.);
#767=B_SPLINE_SURFACE_WITH_KNOTS('',3,3,((#1819,#1820,#1821,#1822,#1823),
(#1824,#1825,#1826,#1827,#1828),(#1829,#1830,#1831,#1832,#1833),(#1834,
#1835,#1836,#1837,#1838),(#1839,#1840,#1841,#1842,#1843)),.UNSPECIFIED.,
 .F.,.F.,.F.,(4,1,4),(4,1,4),(0.,0.441457142200446,0.882914284400892),(0.,
0.149529030057122,0.348901070133284),.UNSPECIFIED.);
#768=B_SPLINE_SURFACE_WITH_KNOTS('',3,3,((#1855,#1856,#1857,#1858,#1859),
(#1860,#1861,#1862,#1863,#1864),(#1865,#1866,#1867,#1868,#1869),(#1870,
#1871,#1872,#1873,#1874),(#1875,#1876,#1877,#1878,#1879)),.UNSPECIFIED.,
 .F.,.F.,.F.,(4,1,4),(4,1,4),(0.,0.571428571428571,1.),(0.,0.167589727609844,
0.391042697756302),.UNSPECIFIED.);
#769=B_SPLINE_SURFACE_WITH_KNOTS('',3,3,((#1908,#1909,#1910,#1911,#1912),
(#1913,#1914,#1915,#1916,#1917),(#1918,#1919,#1920,#1921,#1922),(#1923,
#1924,#1925,#1926,#1927),(#1928,#1929,#1930,#1931,#1932)),.UNSPECIFIED.,
 .F.,.F.,.F.,(4,1,4),(4,1,4),(0.,0.571428571428571,1.),(2.83937836402461E-16,
0.167578324785677,0.391016091166579),.UNSPECIFIED.);
#770=B_SPLINE_SURFACE_WITH_KNOTS('',3,3,((#1988,#1989,#1990,#1991,#1992),
(#1993,#1994,#1995,#1996,#1997),(#1998,#1999,#2000,#2001,#2002),(#2003,
#2004,#2005,#2006,#2007),(#2008,#2009,#2010,#2011,#2012)),.UNSPECIFIED.,
 .F.,.F.,.F.,(4,1,4),(4,1,4),(0.,0.441457142200447,0.882914284400893),(0.,
0.149531573668832,0.348907005227274),.UNSPECIFIED.);
#771=B_SPLINE_SURFACE_WITH_KNOTS('',3,3,((#2018,#2019,#2020,#2021,#2022),
(#2023,#2024,#2025,#2026,#2027),(#2028,#2029,#2030,#2031,#2032),(#2033,
#2034,#2035,#2036,#2037),(#2038,#2039,#2040,#2041,#2042)),.UNSPECIFIED.,
 .F.,.F.,.F.,(4,1,4),(4,1,4),(0.,0.571428571428571,1.),(0.,0.167569623806327,
0.39099578888143),.UNSPECIFIED.);
#772=B_SPLINE_SURFACE_WITH_KNOTS('',3,3,((#2055,#2056,#2057,#2058,#2059),
(#2060,#2061,#2062,#2063,#2064),(#2065,#2066,#2067,#2068,#2069),(#2070,
#2071,#2072,#2073,#2074),(#2075,#2076,#2077,#2078,#2079)),.UNSPECIFIED.,
 .F.,.F.,.F.,(4,1,4),(4,1,4),(0.,0.571428571428571,1.),(0.,0.167586864269598,
0.391036016629062),.UNSPECIFIED.);
#773=B_SPLINE_SURFACE_WITH_KNOTS('',3,3,((#2113,#2114,#2115,#2116,#2117),
(#2118,#2119,#2120,#2121,#2122),(#2123,#2124,#2125,#2126,#2127),(#2128,
#2129,#2130,#2131,#2132),(#2133,#2134,#2135,#2136,#2137)),.UNSPECIFIED.,
 .F.,.F.,.F.,(4,1,4),(4,1,4),(0.117085715599153,0.558542857799577,1.),(0.,
0.149519247079185,0.348878243184765),.UNSPECIFIED.);
#774=ADVANCED_FACE('',(#80),#752,.F.);
#775=ADVANCED_FACE('',(#81),#753,.F.);
#776=ADVANCED_FACE('',(#82),#74,.T.);
#777=ADVANCED_FACE('',(#83),#754,.F.);
#778=ADVANCED_FACE('',(#84),#755,.F.);
#779=ADVANCED_FACE('',(#85),#756,.F.);
#780=ADVANCED_FACE('',(#86),#757,.F.);
#781=ADVANCED_FACE('',(#87),#758,.F.);
#782=ADVANCED_FACE('',(#88),#759,.F.);
#783=ADVANCED_FACE('',(#89),#75,.T.);
#784=ADVANCED_FACE('',(#90),#760,.F.);
#785=ADVANCED_FACE('',(#91),#761,.F.);
#786=ADVANCED_FACE('',(#92),#762,.F.);
#787=ADVANCED_FACE('',(#93),#763,.F.);
#788=ADVANCED_FACE('',(#94),#764,.F.);
#789=ADVANCED_FACE('',(#95),#765,.F.);
#790=ADVANCED_FACE('',(#96),#61,.T.);
#791=ADVANCED_FACE('',(#97),#21,.T.);
#792=ADVANCED_FACE('',(#98),#766,.T.);
#793=ADVANCED_FACE('',(#99),#76,.F.);
#794=ADVANCED_FACE('',(#100),#62,.F.);
#795=ADVANCED_FACE('',(#101),#77,.F.);
#796=ADVANCED_FACE('',(#102),#767,.T.);
#797=ADVANCED_FACE('',(#103),#20,.T.);
#798=ADVANCED_FACE('',(#104),#768,.T.);
#799=ADVANCED_FACE('',(#105),#769,.T.);
#800=ADVANCED_FACE('',(#106),#22,.T.);
#801=ADVANCED_FACE('',(#107),#770,.T.);
#802=ADVANCED_FACE('',(#108),#78,.F.);
#803=ADVANCED_FACE('',(#109),#771,.T.);
#804=ADVANCED_FACE('',(#110),#772,.T.);
#805=ADVANCED_FACE('',(#111),#79,.F.);
#806=ADVANCED_FACE('',(#112),#773,.T.);
#807=ADVANCED_FACE('',(#113),#23,.F.);
#808=ADVANCED_FACE('',(#114),#63,.T.);
#809=ADVANCED_FACE('',(#115),#24,.F.);
#810=ADVANCED_FACE('',(#116),#64,.T.);
#811=ADVANCED_FACE('',(#117),#25,.F.);
#812=ADVANCED_FACE('',(#118),#65,.T.);
#813=ADVANCED_FACE('',(#119),#26,.F.);
#814=ADVANCED_FACE('',(#120),#66,.T.);
#815=ADVANCED_FACE('',(#121),#27,.T.);
#816=ADVANCED_FACE('',(#122),#28,.T.);
#817=ADVANCED_FACE('',(#123),#67,.T.);
#818=ADVANCED_FACE('',(#124),#29,.T.);
#819=ADVANCED_FACE('',(#125),#68,.T.);
#820=ADVANCED_FACE('',(#126),#69,.F.);
#821=ADVANCED_FACE('',(#127),#70,.T.);
#822=ADVANCED_FACE('',(#128),#30,.T.);
#823=ADVANCED_FACE('',(#129,#15,#16),#71,.T.);
#824=ADVANCED_FACE('',(#130,#17,#18),#72,.T.);
#825=ADVANCED_FACE('',(#131,#19),#73,.T.);
#826=CLOSED_SHELL('',(#774,#775,#776,#777,#778,#779,#780,#781,#782,#783,
#784,#785,#786,#787,#788,#789,#790,#791,#792,#793,#794,#795,#796,#797,#798,
#799,#800,#801,#802,#803,#804,#805,#806,#807,#808,#809,#810,#811,#812,#813,
#814,#815,#816,#817,#818,#819,#820,#821,#822,#823,#824,#825));
#827=DERIVED_UNIT_ELEMENT(#830,1.);
#828=DERIVED_UNIT_ELEMENT(#2233,-3.);
#829=DIMENSIONAL_EXPONENTS(0.,1.,0.,0.,0.,0.,0.);
#830=(
CONVERSION_BASED_UNIT('gram',#832)
MASS_UNIT()
NAMED_UNIT(#829)
);
#831=(
MASS_UNIT()
NAMED_UNIT(*)
SI_UNIT(.KILO.,.GRAM.)
);
#832=MASS_MEASURE_WITH_UNIT(MASS_MEASURE(0.001),#831);
#833=DERIVED_UNIT((#827,#828));
#834=MEASURE_REPRESENTATION_ITEM('density measure',
POSITIVE_RATIO_MEASURE(2.7),#833);
#835=PROPERTY_DEFINITION_REPRESENTATION(#840,#837);
#836=PROPERTY_DEFINITION_REPRESENTATION(#841,#838);
#837=REPRESENTATION('material name',(#839),#2230);
#838=REPRESENTATION('density',(#834),#2230);
#839=DESCRIPTIVE_REPRESENTATION_ITEM('Aluminum 6061','Aluminum 6061');
#840=PROPERTY_DEFINITION('material property','material name',#2240);
#841=PROPERTY_DEFINITION('material property','density of part',#2240);
#842=DATE_TIME_ROLE('creation_date');
#843=APPLIED_DATE_AND_TIME_ASSIGNMENT(#844,#842,(#2240));
#844=DATE_AND_TIME(#845,#846);
#845=CALENDAR_DATE(2026,17,4);
#846=LOCAL_TIME(0,0,0.,#847);
#847=COORDINATED_UNIVERSAL_TIME_OFFSET(0,0,.BEHIND.);
#848=AXIS2_PLACEMENT_3D('',#1118,#933,#934);
#849=AXIS2_PLACEMENT_3D('',#1163,#935,#936);
#850=AXIS2_PLACEMENT_3D('',#1173,#937,#938);
#851=AXIS2_PLACEMENT_3D('',#1203,#939,#940);
#852=AXIS2_PLACEMENT_3D('',#1208,#941,#942);
#853=AXIS2_PLACEMENT_3D('',#1211,#943,#944);
#854=AXIS2_PLACEMENT_3D('',#1212,#945,#946);
#855=AXIS2_PLACEMENT_3D('',#1214,#947,#948);
#856=AXIS2_PLACEMENT_3D('',#1215,#949,#950);
#857=AXIS2_PLACEMENT_3D('',#1234,#951,#952);
#858=AXIS2_PLACEMENT_3D('',#1293,#953,#954);
#859=AXIS2_PLACEMENT_3D('',#1340,#955,#956);
#860=AXIS2_PLACEMENT_3D('',#1379,#957,#958);
#861=AXIS2_PLACEMENT_3D('',#1432,#959,#960);
#862=AXIS2_PLACEMENT_3D('',#1442,#961,#962);
#863=AXIS2_PLACEMENT_3D('',#1472,#963,#964);
#864=AXIS2_PLACEMENT_3D('',#1477,#965,#966);
#865=AXIS2_PLACEMENT_3D('',#1480,#967,#968);
#866=AXIS2_PLACEMENT_3D('',#1481,#969,#970);
#867=AXIS2_PLACEMENT_3D('',#1482,#971,#972);
#868=AXIS2_PLACEMENT_3D('',#1501,#973,#974);
#869=AXIS2_PLACEMENT_3D('',#1560,#975,#976);
#870=AXIS2_PLACEMENT_3D('',#1643,#977,#978);
#871=AXIS2_PLACEMENT_3D('',#1682,#979,#980);
#872=AXIS2_PLACEMENT_3D('',#1727,#981,#982);
#873=AXIS2_PLACEMENT_3D('',#1729,#984,#985);
#874=AXIS2_PLACEMENT_3D('',#1737,#986,#987);
#875=AXIS2_PLACEMENT_3D('',#1773,#989,#990);
#876=AXIS2_PLACEMENT_3D('',#1804,#991,#992);
#877=AXIS2_PLACEMENT_3D('',#1805,#993,#994);
#878=AXIS2_PLACEMENT_3D('',#1807,#995,#996);
#879=AXIS2_PLACEMENT_3D('',#1808,#997,#998);
#880=AXIS2_PLACEMENT_3D('',#1809,#999,#1000);
#881=AXIS2_PLACEMENT_3D('',#1811,#1001,#1002);
#882=AXIS2_PLACEMENT_3D('',#1813,#1004,#1005);
#883=AXIS2_PLACEMENT_3D('',#1815,#1006,#1007);
#884=AXIS2_PLACEMENT_3D('',#1817,#1008,#1009);
#885=AXIS2_PLACEMENT_3D('',#1818,#1010,#1011);
#886=AXIS2_PLACEMENT_3D('',#1849,#1012,#1013);
#887=AXIS2_PLACEMENT_3D('',#1853,#1015,#1016);
#888=AXIS2_PLACEMENT_3D('',#1854,#1017,#1018);
#889=AXIS2_PLACEMENT_3D('',#1951,#1019,#1020);
#890=AXIS2_PLACEMENT_3D('',#1959,#1021,#1022);
#891=AXIS2_PLACEMENT_3D('',#2013,#1025,#1026);
#892=AXIS2_PLACEMENT_3D('',#2014,#1027,#1028);
#893=AXIS2_PLACEMENT_3D('',#2016,#1029,#1030);
#894=AXIS2_PLACEMENT_3D('',#2017,#1031,#1032);
#895=AXIS2_PLACEMENT_3D('',#2104,#1033,#1034);
#896=AXIS2_PLACEMENT_3D('',#2110,#1035,#1036);
#897=AXIS2_PLACEMENT_3D('',#2111,#1037,#1038);
#898=AXIS2_PLACEMENT_3D('',#2112,#1039,#1040);
#899=AXIS2_PLACEMENT_3D('',#2138,#1041,#1042);
#900=AXIS2_PLACEMENT_3D('',#2140,#1043,#1044);
#901=AXIS2_PLACEMENT_3D('',#2143,#1046,#1047);
#902=AXIS2_PLACEMENT_3D('',#2144,#1048,#1049);
#903=AXIS2_PLACEMENT_3D('',#2145,#1050,#1051);
#904=AXIS2_PLACEMENT_3D('',#2147,#1052,#1053);
#905=AXIS2_PLACEMENT_3D('',#2150,#1055,#1056);
#906=AXIS2_PLACEMENT_3D('',#2151,#1057,#1058);
#907=AXIS2_PLACEMENT_3D('',#2152,#1059,#1060);
#908=AXIS2_PLACEMENT_3D('',#2154,#1061,#1062);
#909=AXIS2_PLACEMENT_3D('',#2157,#1064,#1065);
#910=AXIS2_PLACEMENT_3D('',#2158,#1066,#1067);
#911=AXIS2_PLACEMENT_3D('',#2159,#1068,#1069);
#912=AXIS2_PLACEMENT_3D('',#2161,#1070,#1071);
#913=AXIS2_PLACEMENT_3D('',#2164,#1073,#1074);
#914=AXIS2_PLACEMENT_3D('',#2165,#1075,#1076);
#915=AXIS2_PLACEMENT_3D('',#2166,#1077,#1078);
#916=AXIS2_PLACEMENT_3D('',#2187,#1081,#1082);
#917=AXIS2_PLACEMENT_3D('',#2189,#1083,#1084);
#918=AXIS2_PLACEMENT_3D('',#2192,#1086,#1087);
#919=AXIS2_PLACEMENT_3D('',#2193,#1088,#1089);
#920=AXIS2_PLACEMENT_3D('',#2194,#1090,#1091);
#921=AXIS2_PLACEMENT_3D('',#2205,#1092,#1093);
#922=AXIS2_PLACEMENT_3D('',#2214,#1094,#1095);
#923=AXIS2_PLACEMENT_3D('',#2215,#1096,#1097);
#924=AXIS2_PLACEMENT_3D('',#2216,#1098,#1099);
#925=AXIS2_PLACEMENT_3D('',#2218,#1101,#1102);
#926=AXIS2_PLACEMENT_3D('',#2219,#1103,#1104);
#927=AXIS2_PLACEMENT_3D('',#2220,#1105,#1106);
#928=AXIS2_PLACEMENT_3D('',#2221,#1107,#1108);
#929=AXIS2_PLACEMENT_3D('',#2224,#1110,#1111);
#930=AXIS2_PLACEMENT_3D('',#2225,#1112,#1113);
#931=AXIS2_PLACEMENT_3D('',#2226,#1114,#1115);
#932=AXIS2_PLACEMENT_3D('',#2227,#1116,#1117);
#933=DIRECTION('axis',(0.,0.,1.));
#934=DIRECTION('refdir',(1.,0.,0.));
#935=DIRECTION('center_axis',(-0.760280715754558,-0.234526265239868,0.605781036484616));
#936=DIRECTION('ref_axis',(0.294206037627138,0.707106781186546,0.642995184603852));
#937=DIRECTION('center_axis',(0.988998913253649,-0.0632698808656294,-0.133708906802619));
#938=DIRECTION('ref_axis',(-0.12433633031604,0.134113983073054,-0.983134739752299));
#939=DIRECTION('center_axis',(-0.844847500461019,-1.03176606203972E-14,
0.535007197114925));
#940=DIRECTION('ref_axis',(0.378307217063565,0.707106781186547,0.597397396644496));
#941=DIRECTION('center_axis',(0.,-1.,0.));
#942=DIRECTION('ref_axis',(0.,0.,-1.));
#943=DIRECTION('center_axis',(0.844847500461025,0.,0.535007197114915));
#944=DIRECTION('ref_axis',(0.378307217063565,0.707106781186548,-0.597397396644496));
#945=DIRECTION('center_axis',(0.,-1.,0.));
#946=DIRECTION('ref_axis',(1.,0.,-7.6571373978539E-16));
#947=DIRECTION('center_axis',(0.,1.,0.));
#948=DIRECTION('ref_axis',(1.,0.,-6.66133814775094E-16));
#949=DIRECTION('center_axis',(0.,1.,0.));
#950=DIRECTION('ref_axis',(1.,0.,-6.66133814775094E-16));
#951=DIRECTION('center_axis',(0.760280715754472,0.234526265240016,0.605781036484667));
#952=DIRECTION('ref_axis',(0.294206037627092,0.707106781186547,-0.642995184603871));
#953=DIRECTION('center_axis',(0.98899891325364,-0.0632698808656658,0.133708906802662));
#954=DIRECTION('ref_axis',(0.138969933690447,0.707106781186547,-0.693316203135391));
#955=DIRECTION('center_axis',(0.986641273221388,-0.162907943256549,-2.85170338493771E-14));
#956=DIRECTION('ref_axis',(0.116752982580723,0.707106781186546,-0.697401420315809));
#957=DIRECTION('center_axis',(0.986641273221393,0.16290794325652,1.24725860755085E-16));
#958=DIRECTION('ref_axis',(-0.116752982580722,0.707106781186547,-0.697401420315808));
#959=DIRECTION('center_axis',(0.76028071575456,-0.234526265239864,-0.605781036484616));
#960=DIRECTION('ref_axis',(-0.29420603762714,0.707106781186547,-0.64299518460385));
#961=DIRECTION('center_axis',(-0.988998913253648,-0.0632698808656279,0.133708906802623));
#962=DIRECTION('ref_axis',(0.124336330316043,0.134113983073074,0.983134739752296));
#963=DIRECTION('center_axis',(0.844847500461019,-1.03176606203972E-14,-0.535007197114925));
#964=DIRECTION('ref_axis',(-0.378307217063565,0.707106781186548,-0.597397396644495));
#965=DIRECTION('center_axis',(0.,-1.,0.));
#966=DIRECTION('ref_axis',(0.,0.,-1.));
#967=DIRECTION('center_axis',(-0.844847500461027,0.,-0.535007197114913));
#968=DIRECTION('ref_axis',(-0.378307217063563,0.707106781186547,0.597397396644498));
#969=DIRECTION('center_axis',(0.,-1.,0.));
#970=DIRECTION('ref_axis',(-1.,0.,2.22044604925031E-16));
#971=DIRECTION('center_axis',(0.,1.,0.));
#972=DIRECTION('ref_axis',(-1.,0.,1.72254642419883E-16));
#973=DIRECTION('center_axis',(-0.760280715754471,0.234526265240016,-0.605781036484668));
#974=DIRECTION('ref_axis',(-0.294206037627093,0.707106781186547,0.642995184603871));
#975=DIRECTION('center_axis',(-0.98899891325364,-0.0632698808656635,-0.133708906802664));
#976=DIRECTION('ref_axis',(-0.138969933690446,0.707106781186547,0.693316203135391));
#977=DIRECTION('center_axis',(-0.986641273221388,-0.162907943256549,2.85170338493771E-14));
#978=DIRECTION('ref_axis',(-0.116752982580723,0.707106781186547,0.697401420315807));
#979=DIRECTION('center_axis',(-0.986641273221392,0.162907943256521,-1.24725860755114E-16));
#980=DIRECTION('ref_axis',(0.116752982580722,0.707106781186547,0.697401420315808));
#981=DIRECTION('center_axis',(0.,1.,0.));
#982=DIRECTION('ref_axis',(0.,0.,1.));
#983=DIRECTION('',(-4.26613477055037E-16,0.,-1.));
#984=DIRECTION('center_axis',(4.26613477055037E-16,0.,1.));
#985=DIRECTION('ref_axis',(-0.707106781186548,0.707106781186547,2.4155268595135E-16));
#986=DIRECTION('center_axis',(0.,0.,-1.));
#987=DIRECTION('ref_axis',(-1.,-6.83214169000096E-16,0.));
#988=DIRECTION('',(4.26613477055037E-16,0.,1.));
#989=DIRECTION('center_axis',(0.,0.,1.));
#990=DIRECTION('ref_axis',(-1.,-3.41607084500048E-16,0.));
#991=DIRECTION('center_axis',(0.733333333333333,0.679869268479039,4.07081775695892E-16));
#992=DIRECTION('ref_axis',(0.679869268479038,-0.733333333333333,0.));
#993=DIRECTION('center_axis',(0.,0.,1.));
#994=DIRECTION('ref_axis',(-1.,8.35932630306E-14,0.));
#995=DIRECTION('center_axis',(0.,0.,1.));
#996=DIRECTION('ref_axis',(-1.,-6.83214169000096E-16,0.));
#997=DIRECTION('center_axis',(-0.733333333333157,0.679869268479228,-6.7677839205048E-13));
#998=DIRECTION('ref_axis',(0.679869268479228,0.733333333333157,0.));
#999=DIRECTION('center_axis',(0.,0.,-1.));
#1000=DIRECTION('ref_axis',(1.,0.,0.));
#1001=DIRECTION('center_axis',(0.,0.,1.));
#1002=DIRECTION('ref_axis',(1.,-3.41607084500048E-16,0.));
#1003=DIRECTION('',(-1.,0.,0.));
#1004=DIRECTION('center_axis',(0.,0.,-1.));
#1005=DIRECTION('ref_axis',(1.,-6.29039304305265E-14,0.));
#1006=DIRECTION('center_axis',(0.733333333333164,-0.67986926847922,-6.43502233067487E-13));
#1007=DIRECTION('ref_axis',(-0.67986926847922,-0.733333333333164,2.22044604925032E-15));
#1008=DIRECTION('center_axis',(0.,0.,-1.));
#1009=DIRECTION('ref_axis',(1.,-3.41607084500048E-16,0.));
#1010=DIRECTION('center_axis',(-0.733333333333334,-0.679869268479037,-3.47724739904597E-16));
#1011=DIRECTION('ref_axis',(-0.679869268479037,0.733333333333334,0.));
#1012=DIRECTION('center_axis',(0.,-1.,0.));
#1013=DIRECTION('ref_axis',(-1.,0.,0.));
#1014=DIRECTION('',(0.707106781186548,-0.707106781186548,-8.65956056235493E-17));
#1015=DIRECTION('center_axis',(0.,1.,0.));
#1016=DIRECTION('ref_axis',(-1.,0.,0.));
#1017=DIRECTION('center_axis',(0.,1.,0.));
#1018=DIRECTION('ref_axis',(-1.,0.,0.));
#1019=DIRECTION('center_axis',(-3.03255363207797E-16,0.,-1.));
#1020=DIRECTION('ref_axis',(0.707106781186548,0.707106781186547,-2.4155268595135E-16));
#1021=DIRECTION('center_axis',(0.,0.,1.));
#1022=DIRECTION('ref_axis',(1.,-6.83214169000096E-16,0.));
#1023=DIRECTION('',(-3.03255363207797E-16,0.,-1.));
#1024=DIRECTION('',(3.03255363207797E-16,0.,1.));
#1025=DIRECTION('center_axis',(-0.73333333333316,-0.679869268479225,6.65739346759815E-13));
#1026=DIRECTION('ref_axis',(0.679869268479225,-0.73333333333316,0.));
#1027=DIRECTION('center_axis',(0.,0.,1.));
#1028=DIRECTION('ref_axis',(-1.,-6.5620711479021E-14,0.));
#1029=DIRECTION('center_axis',(0.733333333333334,-0.679869268479037,3.47724739904597E-16));
#1030=DIRECTION('ref_axis',(0.679869268479037,0.733333333333334,0.));
#1031=DIRECTION('center_axis',(0.,0.,-1.));
#1032=DIRECTION('ref_axis',(-1.,-3.41607084500048E-16,0.));
#1033=DIRECTION('center_axis',(0.733333333333162,0.679869268479223,6.58379983232708E-13));
#1034=DIRECTION('ref_axis',(-0.679869268479223,0.733333333333162,0.));
#1035=DIRECTION('center_axis',(0.,0.,-1.));
#1036=DIRECTION('ref_axis',(1.,8.18169061911998E-14,0.));
#1037=DIRECTION('center_axis',(0.,0.,-1.));
#1038=DIRECTION('ref_axis',(1.,-6.83214169000096E-16,0.));
#1039=DIRECTION('center_axis',(-0.733333333333333,0.679869268479039,-4.07081775695891E-16));
#1040=DIRECTION('ref_axis',(-0.679869268479038,-0.733333333333333,0.));
#1041=DIRECTION('center_axis',(0.,1.,0.));
#1042=DIRECTION('ref_axis',(1.,0.,-4.36207481574134E-16));
#1043=DIRECTION('center_axis',(0.,1.,0.));
#1044=DIRECTION('ref_axis',(1.,0.,-4.36207481574134E-16));
#1045=DIRECTION('',(0.,1.,0.));
#1046=DIRECTION('center_axis',(0.,1.,0.));
#1047=DIRECTION('ref_axis',(1.,0.,-4.36207481574134E-16));
#1048=DIRECTION('center_axis',(0.,-1.,0.));
#1049=DIRECTION('ref_axis',(0.,0.,-1.));
#1050=DIRECTION('center_axis',(0.,1.,0.));
#1051=DIRECTION('ref_axis',(1.,0.,-4.36207481574134E-16));
#1052=DIRECTION('center_axis',(0.,1.,0.));
#1053=DIRECTION('ref_axis',(1.,0.,-4.36207481574134E-16));
#1054=DIRECTION('',(0.,1.,0.));
#1055=DIRECTION('center_axis',(0.,1.,0.));
#1056=DIRECTION('ref_axis',(1.,0.,-4.36207481574134E-16));
#1057=DIRECTION('center_axis',(0.,-1.,0.));
#1058=DIRECTION('ref_axis',(0.,0.,-1.));
#1059=DIRECTION('center_axis',(0.,1.,0.));
#1060=DIRECTION('ref_axis',(1.,0.,-4.36207481574134E-16));
#1061=DIRECTION('center_axis',(0.,1.,0.));
#1062=DIRECTION('ref_axis',(1.,0.,-4.36207481574134E-16));
#1063=DIRECTION('',(0.,1.,0.));
#1064=DIRECTION('center_axis',(0.,1.,0.));
#1065=DIRECTION('ref_axis',(1.,0.,-4.36207481574134E-16));
#1066=DIRECTION('center_axis',(0.,-1.,0.));
#1067=DIRECTION('ref_axis',(0.,0.,-1.));
#1068=DIRECTION('center_axis',(0.,1.,0.));
#1069=DIRECTION('ref_axis',(1.,0.,-4.36207481574134E-16));
#1070=DIRECTION('center_axis',(0.,1.,0.));
#1071=DIRECTION('ref_axis',(1.,0.,-4.36207481574134E-16));
#1072=DIRECTION('',(0.,1.,0.));
#1073=DIRECTION('center_axis',(0.,1.,0.));
#1074=DIRECTION('ref_axis',(1.,0.,-4.36207481574134E-16));
#1075=DIRECTION('center_axis',(0.,-1.,0.));
#1076=DIRECTION('ref_axis',(0.,0.,-1.));
#1077=DIRECTION('center_axis',(1.,0.,0.));
#1078=DIRECTION('ref_axis',(0.,-0.707106781186547,-0.707106781186548));
#1079=DIRECTION('',(-1.,0.,0.));
#1080=DIRECTION('',(1.,0.,0.));
#1081=DIRECTION('center_axis',(0.,1.,0.));
#1082=DIRECTION('ref_axis',(1.,0.,0.));
#1083=DIRECTION('center_axis',(0.,1.,0.));
#1084=DIRECTION('ref_axis',(1.,0.,0.));
#1085=DIRECTION('',(0.,-1.,0.));
#1086=DIRECTION('center_axis',(0.,1.,0.));
#1087=DIRECTION('ref_axis',(1.,0.,0.));
#1088=DIRECTION('center_axis',(0.,1.,0.));
#1089=DIRECTION('ref_axis',(1.,0.,0.));
#1090=DIRECTION('center_axis',(0.,1.,0.));
#1091=DIRECTION('ref_axis',(1.,0.,0.));
#1092=DIRECTION('center_axis',(0.,1.,0.));
#1093=DIRECTION('ref_axis',(1.,0.,0.));
#1094=DIRECTION('center_axis',(0.,1.,0.));
#1095=DIRECTION('ref_axis',(1.,0.,0.));
#1096=DIRECTION('center_axis',(0.,-1.,0.));
#1097=DIRECTION('ref_axis',(0.,0.,-1.));
#1098=DIRECTION('center_axis',(1.,0.,0.));
#1099=DIRECTION('ref_axis',(0.,-0.707106781186547,0.707106781186548));
#1100=DIRECTION('',(1.,0.,0.));
#1101=DIRECTION('center_axis',(0.,-1.,0.));
#1102=DIRECTION('ref_axis',(0.,0.,-1.));
#1103=DIRECTION('center_axis',(0.,0.,1.));
#1104=DIRECTION('ref_axis',(-1.,0.,0.));
#1105=DIRECTION('center_axis',(0.,1.,0.));
#1106=DIRECTION('ref_axis',(0.,0.,1.));
#1107=DIRECTION('center_axis',(0.,1.,0.));
#1108=DIRECTION('ref_axis',(1.,0.,0.));
#1109=DIRECTION('',(0.,-1.,0.));
#1110=DIRECTION('center_axis',(0.,1.,0.));
#1111=DIRECTION('ref_axis',(1.,0.,0.));
#1112=DIRECTION('center_axis',(0.,-1.,0.));
#1113=DIRECTION('ref_axis',(0.,0.,-1.));
#1114=DIRECTION('center_axis',(0.,-1.,0.));
#1115=DIRECTION('ref_axis',(0.,0.,-1.));
#1116=DIRECTION('center_axis',(0.,-1.,0.));
#1117=DIRECTION('ref_axis',(0.,0.,-1.));
#1118=CARTESIAN_POINT('',(0.,0.,0.));
#1119=CARTESIAN_POINT('Ctrl Pts',(3.0386230807285,12.4388788150393,15.15958568264));
#1120=CARTESIAN_POINT('Ctrl Pts',(3.29409180919121,12.4232740236803,15.1242941109808));
#1121=CARTESIAN_POINT('Ctrl Pts',(3.80374872205202,12.3873471494785,15.0456526402896));
#1122=CARTESIAN_POINT('Ctrl Pts',(4.64447832913452,12.3376617518156,14.8621868576267));
#1123=CARTESIAN_POINT('Ctrl Pts',(5.54806495781768,12.3202265593518,14.5708049464408));
#1124=CARTESIAN_POINT('Ctrl Pts',(6.15942318005882,12.3856120458731,14.243014037641));
#1125=CARTESIAN_POINT('Ctrl Pts',(6.42298489497229,12.4627363349707,14.0376057254289));
#1126=CARTESIAN_POINT('Ctrl Pts',(3.02791071300218,12.5877410643106,15.0099096640781));
#1127=CARTESIAN_POINT('Ctrl Pts',(3.28376367864325,12.5635416386496,14.9828685642339));
#1128=CARTESIAN_POINT('Ctrl Pts',(3.78962826451335,12.5130657852899,14.9192773155901));
#1129=CARTESIAN_POINT('Ctrl Pts',(4.62123568822811,12.4422810156936,14.7593796333064));
#1130=CARTESIAN_POINT('Ctrl Pts',(5.51246023580861,12.4036792957802,14.4944070421798));
#1131=CARTESIAN_POINT('Ctrl Pts',(6.11317684757258,12.4536624469735,14.1886621095207));
#1132=CARTESIAN_POINT('Ctrl Pts',(6.37108101941802,12.5225205628576,13.9956094554269));
#1133=CARTESIAN_POINT('Ctrl Pts',(2.98738272660246,12.7864166624476,14.6161265034061));
#1134=CARTESIAN_POINT('Ctrl Pts',(3.24463850242173,12.7567613231038,14.6169789170823));
#1135=CARTESIAN_POINT('Ctrl Pts',(3.74427337812717,12.6953144664422,14.6009703168346));
#1136=CARTESIAN_POINT('Ctrl Pts',(4.56054079940023,12.6048009253913,14.510021295799));
#1137=CARTESIAN_POINT('Ctrl Pts',(5.43067847650415,12.5416955416695,14.3150226454346));
#1138=CARTESIAN_POINT('Ctrl Pts',(6.01260753592577,12.5694546663533,14.0614041300053));
#1139=CARTESIAN_POINT('Ctrl Pts',(6.26015527405349,12.6248985570645,13.8960282985005));
#1140=CARTESIAN_POINT('Ctrl Pts',(2.87621059585367,12.6581599789276,13.8545143277981));
#1141=CARTESIAN_POINT('Ctrl Pts',(3.13424686167256,12.6770791901442,13.896662899091));
#1142=CARTESIAN_POINT('Ctrl Pts',(3.6270519489176,12.687262790648,13.9601713421492));
#1143=CARTESIAN_POINT('Ctrl Pts',(4.42509208691485,12.6731397394361,13.9967664669455));
#1144=CARTESIAN_POINT('Ctrl Pts',(5.26838238608332,12.6542994406777,13.9408479686558));
#1145=CARTESIAN_POINT('Ctrl Pts',(5.82339101980599,12.6846456294783,13.792041115873));
#1146=CARTESIAN_POINT('Ctrl Pts',(6.05498357380864,12.7313581114812,13.6797446621249));
#1147=CARTESIAN_POINT('Ctrl Pts',(2.80072413732187,12.1794369323675,13.5226944334412));
#1148=CARTESIAN_POINT('Ctrl Pts',(3.05323616680312,12.2636109167341,13.5434468363734));
#1149=CARTESIAN_POINT('Ctrl Pts',(3.53988340610227,12.3844773211022,13.5915688525813));
#1150=CARTESIAN_POINT('Ctrl Pts',(4.32659810598448,12.5124855214971,13.651389356435));
#1151=CARTESIAN_POINT('Ctrl Pts',(5.15388690891969,12.60539276102,13.65951256858));
#1152=CARTESIAN_POINT('Ctrl Pts',(5.69102086245157,12.6796992863214,13.5776835346139));
#1153=CARTESIAN_POINT('Ctrl Pts',(5.91182880306523,12.7352031581289,13.5015679932729));
#1154=CARTESIAN_POINT('Ctrl Pts',(2.77531681672207,11.8658860169258,13.4831347397523));
#1155=CARTESIAN_POINT('Ctrl Pts',(3.02147062266605,11.9732205753322,13.4666458546385));
#1156=CARTESIAN_POINT('Ctrl Pts',(3.50181819310011,12.145212704321,13.4660104291125));
#1157=CARTESIAN_POINT('Ctrl Pts',(4.27914499080675,12.3582010075476,13.4906113117867));
#1158=CARTESIAN_POINT('Ctrl Pts',(5.09496037619624,12.5325024079672,13.5042961055213));
#1159=CARTESIAN_POINT('Ctrl Pts',(5.62015585318372,12.645229854598,13.452891370943));
#1160=CARTESIAN_POINT('Ctrl Pts',(5.83401137686251,12.7111985635631,13.3946105408249));
#1161=CARTESIAN_POINT('',(6.42298489497229,12.4627363349707,14.0376057254289));
#1162=CARTESIAN_POINT('',(5.83401137686249,12.711198563563,13.3946105408248));
#1163=CARTESIAN_POINT('Origin',(6.12877885734515,11.7556295537841,13.394610540825));
#1164=CARTESIAN_POINT('',(2.77531681672207,11.8658860169258,13.4831347397523));
#1165=CARTESIAN_POINT('Ctrl Pts',(5.83401137686251,12.7111985635631,13.3946105408249));
#1166=CARTESIAN_POINT('Ctrl Pts',(5.62015585318372,12.645229854598,13.452891370943));
#1167=CARTESIAN_POINT('Ctrl Pts',(5.09496037619624,12.5325024079672,13.5042961055213));
#1168=CARTESIAN_POINT('Ctrl Pts',(4.27914499080675,12.3582010075476,13.4906113117867));
#1169=CARTESIAN_POINT('Ctrl Pts',(3.50181819310011,12.145212704321,13.4660104291125));
#1170=CARTESIAN_POINT('Ctrl Pts',(3.02147062266605,11.9732205753322,13.4666458546385));
#1171=CARTESIAN_POINT('Ctrl Pts',(2.77531681672207,11.8658860169258,13.4831347397523));
#1172=CARTESIAN_POINT('',(3.0386230807285,12.4388788150393,15.15958568264));
#1173=CARTESIAN_POINT('Origin',(2.89965314703811,11.7317720338528,14.4662694795046));
#1174=CARTESIAN_POINT('Ctrl Pts',(3.0386230807285,12.4388788150393,15.15958568264));
#1175=CARTESIAN_POINT('Ctrl Pts',(3.29409180919121,12.4232740236803,15.1242941109808));
#1176=CARTESIAN_POINT('Ctrl Pts',(3.80374872205202,12.3873471494785,15.0456526402896));
#1177=CARTESIAN_POINT('Ctrl Pts',(4.64447832913452,12.3376617518156,14.8621868576267));
#1178=CARTESIAN_POINT('Ctrl Pts',(5.54806495781768,12.3202265593518,14.5708049464408));
#1179=CARTESIAN_POINT('Ctrl Pts',(6.15942318005882,12.3856120458731,14.243014037641));
#1180=CARTESIAN_POINT('Ctrl Pts',(6.42298489497229,12.4627363349707,14.0376057254289));
#1181=CARTESIAN_POINT('Ctrl Pts',(7.75000000000004,13.,12.2382804640413));
#1182=CARTESIAN_POINT('Ctrl Pts',(7.08039894730808,13.,12.5970757772687));
#1183=CARTESIAN_POINT('Ctrl Pts',(6.43658730604828,12.8970771203475,12.9883517130842));
#1184=CARTESIAN_POINT('Ctrl Pts',(5.83401137686251,12.7111985635631,13.394610540825));
#1185=CARTESIAN_POINT('Ctrl Pts',(7.89006455667286,13.,12.4594610224456));
#1186=CARTESIAN_POINT('Ctrl Pts',(7.23927316918361,13.0147375218944,12.8281706404009));
#1187=CARTESIAN_POINT('Ctrl Pts',(6.60942980726165,12.9306091538943,13.2287874146726));
#1188=CARTESIAN_POINT('Ctrl Pts',(6.01558537133553,12.7672092842167,13.6441779298703));
#1189=CARTESIAN_POINT('Ctrl Pts',(8.02926661923636,12.8922269036098,12.6792795879715));
#1190=CARTESIAN_POINT('Ctrl Pts',(7.40809510769516,12.905511003246,13.0574013792206));
#1191=CARTESIAN_POINT('Ctrl Pts',(6.80705847936897,12.8257332424457,13.466955702776));
#1192=CARTESIAN_POINT('Ctrl Pts',(6.24132133053238,12.671981132575,13.8906187804221));
#1193=CARTESIAN_POINT('Ctrl Pts',(8.1283072170636,12.7071067811865,12.8356778606858));
#1194=CARTESIAN_POINT('Ctrl Pts',(7.53406449983637,12.7071067811866,13.2119873489381));
#1195=CARTESIAN_POINT('Ctrl Pts',(6.96047413615425,12.6200181907113,13.6187104473357));
#1196=CARTESIAN_POINT('Ctrl Pts',(6.42298489497234,12.4627363349707,14.0376057254288));
#1197=CARTESIAN_POINT('',(8.1283072170636,12.7071067811865,12.8356778606858));
#1198=CARTESIAN_POINT('Ctrl Pts',(6.42298489497234,12.4627363349707,14.0376057254288));
#1199=CARTESIAN_POINT('Ctrl Pts',(6.96047413615425,12.6200181907113,13.6187104473357));
#1200=CARTESIAN_POINT('Ctrl Pts',(7.53406449983637,12.7071067811866,13.2119873489381));
#1201=CARTESIAN_POINT('Ctrl Pts',(8.1283072170636,12.7071067811865,12.8356778606858));
#1202=CARTESIAN_POINT('',(7.75000000000002,13.,12.2382804640413));
#1203=CARTESIAN_POINT('Origin',(7.75000000000003,12.,12.2382804640413));
#1204=CARTESIAN_POINT('Ctrl Pts',(7.75000000000004,13.,12.2382804640413));
#1205=CARTESIAN_POINT('Ctrl Pts',(7.08039894730808,13.,12.5970757772687));
#1206=CARTESIAN_POINT('Ctrl Pts',(6.43658730604828,12.8970771203475,12.9883517130842));
#1207=CARTESIAN_POINT('Ctrl Pts',(5.83401137686251,12.7111985635631,13.394610540825));
#1208=CARTESIAN_POINT('Origin',(0.,12.,0.));
#1209=CARTESIAN_POINT('',(8.12830721706356,12.7071067811865,-12.8356778606858));
#1210=CARTESIAN_POINT('',(7.74999999999999,13.,-12.2382804640413));
#1211=CARTESIAN_POINT('Origin',(7.74999999999999,12.,-12.2382804640413));
#1212=CARTESIAN_POINT('Origin',(0.,13.,0.));
#1213=CARTESIAN_POINT('',(15.1928932188135,12.7071067811865,-1.86059280502074E-15));
#1214=CARTESIAN_POINT('Origin',(0.,12.7071067811865,1.51290716741888E-15));
#1215=CARTESIAN_POINT('Origin',(0.,12.7071067811865,1.51290716741888E-15));
#1216=CARTESIAN_POINT('Ctrl Pts',(8.12830721706355,12.7071067811865,-12.8356778606858));
#1217=CARTESIAN_POINT('Ctrl Pts',(7.53405848824736,12.7071067811865,-13.2119911558303));
#1218=CARTESIAN_POINT('Ctrl Pts',(6.96047957360216,12.6200197818352,-13.6187062096299));
#1219=CARTESIAN_POINT('Ctrl Pts',(6.42298489497142,12.4627363349704,-14.0376057254295));
#1220=CARTESIAN_POINT('Ctrl Pts',(8.02926661923631,12.8922269036098,-12.6792795879715));
#1221=CARTESIAN_POINT('Ctrl Pts',(7.40808882368406,12.9055111376331,-13.0574052044468));
#1222=CARTESIAN_POINT('Ctrl Pts',(6.80706420258358,12.8257347978613,-13.4669514168373));
#1223=CARTESIAN_POINT('Ctrl Pts',(6.24132133053142,12.6719811325748,-13.8906187804229));
#1224=CARTESIAN_POINT('Ctrl Pts',(7.89006455667281,13.,-12.4594610224457));
#1225=CARTESIAN_POINT('Ctrl Pts',(7.2392665855264,13.0147376709849,-12.8281743704099));
#1226=CARTESIAN_POINT('Ctrl Pts',(6.60943581482039,12.9306108069104,-13.2287832124224));
#1227=CARTESIAN_POINT('Ctrl Pts',(6.01558537133451,12.7672092842164,-13.644177929871));
#1228=CARTESIAN_POINT('Ctrl Pts',(7.74999999999999,13.,-12.2382804640413));
#1229=CARTESIAN_POINT('Ctrl Pts',(7.08039217336504,13.,-12.5970794069808));
#1230=CARTESIAN_POINT('Ctrl Pts',(6.43659340193815,12.8970790007665,-12.9883476032136));
#1231=CARTESIAN_POINT('Ctrl Pts',(5.83401137686148,12.7111985635627,-13.3946105408257));
#1232=CARTESIAN_POINT('',(6.42298489497142,12.4627363349704,-14.0376057254295));
#1233=CARTESIAN_POINT('',(5.83401137686082,12.7111985635625,-13.3946105408246));
#1234=CARTESIAN_POINT('Origin',(6.12877885734433,11.7556295537839,-13.3946105408257));
#1235=CARTESIAN_POINT('Ctrl Pts',(5.83401137686148,12.7111985635627,-13.3946105408257));
#1236=CARTESIAN_POINT('Ctrl Pts',(6.43659340193815,12.8970790007665,-12.9883476032136));
#1237=CARTESIAN_POINT('Ctrl Pts',(7.08039217336504,13.,-12.5970794069808));
#1238=CARTESIAN_POINT('Ctrl Pts',(7.74999999999999,13.,-12.2382804640413));
#1239=CARTESIAN_POINT('Ctrl Pts',(8.12830721706355,12.7071067811865,-12.8356778606858));
#1240=CARTESIAN_POINT('Ctrl Pts',(7.53405848824736,12.7071067811865,-13.2119911558303));
#1241=CARTESIAN_POINT('Ctrl Pts',(6.96047957360216,12.6200197818352,-13.6187062096299));
#1242=CARTESIAN_POINT('Ctrl Pts',(6.42298489497142,12.4627363349704,-14.0376057254295));
#1243=CARTESIAN_POINT('Ctrl Pts',(6.4229848949711,12.4627363349703,-14.0376057254298));
#1244=CARTESIAN_POINT('Ctrl Pts',(6.22531572558492,12.4048937375719,-14.1916603098495));
#1245=CARTESIAN_POINT('Ctrl Pts',(5.78055422895488,12.3398675370686,-14.4534767473881));
#1246=CARTESIAN_POINT('Ctrl Pts',(4.97649411550535,12.3246601687705,-14.7681858134594));
#1247=CARTESIAN_POINT('Ctrl Pts',(4.14141273874223,12.3649504930997,-14.9819415143277));
#1248=CARTESIAN_POINT('Ctrl Pts',(3.46410064426459,12.4115241667371,-15.0992662708897));
#1249=CARTESIAN_POINT('Ctrl Pts',(3.12377841163946,12.4336772736218,-15.1478219513955));
#1250=CARTESIAN_POINT('Ctrl Pts',(3.03862308072972,12.4388788150393,-15.1595856826398));
#1251=CARTESIAN_POINT('Ctrl Pts',(6.37108101941686,12.5225205628573,-13.9956094554278));
#1252=CARTESIAN_POINT('Ctrl Pts',(6.17765496189308,12.4708775289791,-14.1403973954934));
#1253=CARTESIAN_POINT('Ctrl Pts',(5.74102070881713,12.4175787717636,-14.3851571186116));
#1254=CARTESIAN_POINT('Ctrl Pts',(4.94889633290392,12.4215729077519,-14.6747673990548));
#1255=CARTESIAN_POINT('Ctrl Pts',(4.12392383542459,12.4818160305918,-14.8650967122915));
#1256=CARTESIAN_POINT('Ctrl Pts',(3.45265432088094,12.5467615568489,-14.9629938956688));
#1257=CARTESIAN_POINT('Ctrl Pts',(3.11319412160104,12.5796746754715,-15.0008960606548));
#1258=CARTESIAN_POINT('Ctrl Pts',(3.0279107130034,12.5877410643104,-15.009909664078));
#1259=CARTESIAN_POINT('Ctrl Pts',(6.26015527405238,12.6248985570642,-13.8960282985012));
#1260=CARTESIAN_POINT('Ctrl Pts',(6.07449645863905,12.5833160843292,-14.0200588439118));
#1261=CARTESIAN_POINT('Ctrl Pts',(5.65235735178395,12.5475151890271,-14.2251513388909));
#1262=CARTESIAN_POINT('Ctrl Pts',(4.88077071906372,12.5755905259875,-14.4508001031547));
#1263=CARTESIAN_POINT('Ctrl Pts',(4.07291152892245,12.656448117952,-14.5756708720794));
#1264=CARTESIAN_POINT('Ctrl Pts',(3.41171346100404,12.7363538214862,-14.6135969657925));
#1265=CARTESIAN_POINT('Ctrl Pts',(3.07313373358665,12.7765316551894,-14.6164106382554));
#1266=CARTESIAN_POINT('Ctrl Pts',(2.98738272660368,12.7864166624475,-14.6161265034062));
#1267=CARTESIAN_POINT('Ctrl Pts',(6.0549835738076,12.731358111481,-13.6797446621254));
#1268=CARTESIAN_POINT('Ctrl Pts',(5.88129101834381,12.6963241251507,-13.7639661005262));
#1269=CARTESIAN_POINT('Ctrl Pts',(5.48033358967149,12.6622406066712,-13.8899510720072));
#1270=CARTESIAN_POINT('Ctrl Pts',(4.7362261700468,12.6633904946703,-13.9880190206973));
#1271=CARTESIAN_POINT('Ctrl Pts',(3.94919107677138,12.6848878053674,-13.9863209131186));
#1272=CARTESIAN_POINT('Ctrl Pts',(3.29939427161814,12.6826703615117,-13.9201219328307));
#1273=CARTESIAN_POINT('Ctrl Pts',(2.96222176338507,12.6644663151333,-13.8685637011107));
#1274=CARTESIAN_POINT('Ctrl Pts',(2.87621059585489,12.6581599789277,-13.8545143277983));
#1275=CARTESIAN_POINT('Ctrl Pts',(5.91182880306423,12.7352031581287,-13.5015679932732));
#1276=CARTESIAN_POINT('Ctrl Pts',(5.74622462102543,12.6935757000531,-13.558654037956));
#1277=CARTESIAN_POINT('Ctrl Pts',(5.35948812025483,12.6311811890048,-13.6335055458465));
#1278=CARTESIAN_POINT('Ctrl Pts',(4.63254846381718,12.5478907989848,-13.6625879009928));
#1279=CARTESIAN_POINT('Ctrl Pts',(3.85795336440559,12.4450648010676,-13.6208300141992));
#1280=CARTESIAN_POINT('Ctrl Pts',(3.21632008789955,12.3079489624025,-13.5591589476232));
#1281=CARTESIAN_POINT('Ctrl Pts',(2.8848939124598,12.2074946266926,-13.5296118270084));
#1282=CARTESIAN_POINT('Ctrl Pts',(2.80072413732307,12.1794369323679,-13.5226944334413));
#1283=CARTESIAN_POINT('Ctrl Pts',(5.83401137686155,12.7111985635628,-13.3946105408252));
#1284=CARTESIAN_POINT('Ctrl Pts',(5.67362145168547,12.6617225616675,-13.4383206953305));
#1285=CARTESIAN_POINT('Ctrl Pts',(5.29625877348232,12.5738470026467,-13.4888936511647));
#1286=CARTESIAN_POINT('Ctrl Pts',(4.58139870104419,12.4250196673907,-13.5007638358775));
#1287=CARTESIAN_POINT('Ctrl Pts',(3.81622646973872,12.2406405676261,-13.4742129813269));
#1288=CARTESIAN_POINT('Ctrl Pts',(3.18232953884841,12.0341648574603,-13.4639922736299));
#1289=CARTESIAN_POINT('Ctrl Pts',(2.85736720671028,11.9016638199246,-13.4776385035724));
#1290=CARTESIAN_POINT('Ctrl Pts',(2.77531681672324,11.8658860169264,-13.4831347397522));
#1291=CARTESIAN_POINT('',(3.03862308072972,12.4388788150393,-15.1595856826398));
#1292=CARTESIAN_POINT('',(2.77531681672324,11.8658860169264,-13.4831347397522));
#1293=CARTESIAN_POINT('Origin',(2.89965314703927,11.7317720338527,-14.4662694795044));
#1294=CARTESIAN_POINT('Ctrl Pts',(2.77531681672324,11.8658860169264,-13.4831347397522));
#1295=CARTESIAN_POINT('Ctrl Pts',(2.85736720671028,11.9016638199246,-13.4776385035724));
#1296=CARTESIAN_POINT('Ctrl Pts',(3.18232953884841,12.0341648574603,-13.4639922736299));
#1297=CARTESIAN_POINT('Ctrl Pts',(3.81622646973872,12.2406405676261,-13.4742129813269));
#1298=CARTESIAN_POINT('Ctrl Pts',(4.58139870104419,12.4250196673907,-13.5007638358775));
#1299=CARTESIAN_POINT('Ctrl Pts',(5.29625877348232,12.5738470026467,-13.4888936511647));
#1300=CARTESIAN_POINT('Ctrl Pts',(5.67362145168547,12.6617225616675,-13.4383206953305));
#1301=CARTESIAN_POINT('Ctrl Pts',(5.83401137686155,12.7111985635628,-13.3946105408252));
#1302=CARTESIAN_POINT('Ctrl Pts',(6.4229848949711,12.4627363349703,-14.0376057254298));
#1303=CARTESIAN_POINT('Ctrl Pts',(6.22531572558492,12.4048937375719,-14.1916603098495));
#1304=CARTESIAN_POINT('Ctrl Pts',(5.78055422895488,12.3398675370686,-14.4534767473881));
#1305=CARTESIAN_POINT('Ctrl Pts',(4.97649411550535,12.3246601687705,-14.7681858134594));
#1306=CARTESIAN_POINT('Ctrl Pts',(4.14141273874223,12.3649504930997,-14.9819415143277));
#1307=CARTESIAN_POINT('Ctrl Pts',(3.46410064426459,12.4115241667371,-15.0992662708897));
#1308=CARTESIAN_POINT('Ctrl Pts',(3.12377841163946,12.4336772736218,-15.1478219513955));
#1309=CARTESIAN_POINT('Ctrl Pts',(3.03862308072972,12.4388788150393,-15.1595856826398));
#1310=CARTESIAN_POINT('Ctrl Pts',(3.03862308072972,12.4388788150393,-15.1595856826398));
#1311=CARTESIAN_POINT('Ctrl Pts',(2.87388305905621,12.4489416265707,-15.1823435924436));
#1312=CARTESIAN_POINT('Ctrl Pts',(2.70853268902758,12.4651866535147,-15.1961719679148));
#1313=CARTESIAN_POINT('Ctrl Pts',(2.54421899871511,12.4911045092895,-15.1974014203158));
#1314=CARTESIAN_POINT('Ctrl Pts',(3.0279107130034,12.5877410643104,-15.009909664078));
#1315=CARTESIAN_POINT('Ctrl Pts',(2.87243071415846,12.6001666719199,-15.0286957493941));
#1316=CARTESIAN_POINT('Ctrl Pts',(2.71876424321742,12.6182457987456,-15.038622704375));
#1317=CARTESIAN_POINT('Ctrl Pts',(2.56956601234121,12.6446170348084,-15.0375091631687));
#1318=CARTESIAN_POINT('Ctrl Pts',(2.98722786994846,12.7871000340516,-14.6146577164091));
#1319=CARTESIAN_POINT('Ctrl Pts',(2.85055943401244,12.8002845034346,-14.6213118846203));
#1320=CARTESIAN_POINT('Ctrl Pts',(2.7204772984848,12.8182209205158,-14.6198424108428));
#1321=CARTESIAN_POINT('Ctrl Pts',(2.60208374274368,12.841558536157,-14.6098823157909));
#1322=CARTESIAN_POINT('Ctrl Pts',(2.90013749648389,12.685059034194,-14.0187650065503));
#1323=CARTESIAN_POINT('Ctrl Pts',(2.78079840529221,12.6843431522268,-14.0121607867873));
#1324=CARTESIAN_POINT('Ctrl Pts',(2.67134716327057,12.687324465988,-13.998452134037));
#1325=CARTESIAN_POINT('Ctrl Pts',(2.57773392472228,12.6940854604119,-13.9790463647102));
#1326=CARTESIAN_POINT('Ctrl Pts',(2.82297639020461,12.3254575586759,-13.6181910356661));
#1327=CARTESIAN_POINT('Ctrl Pts',(2.7083052709567,12.3056306679629,-13.612876198798));
#1328=CARTESIAN_POINT('Ctrl Pts',(2.60227742770073,12.2896893129504,-13.6019546306319));
#1329=CARTESIAN_POINT('Ctrl Pts',(2.50915379861993,12.2787344248349,-13.5860510167043));
#1330=CARTESIAN_POINT('Ctrl Pts',(2.78802047702316,12.0226614746471,-13.5029145865968));
#1331=CARTESIAN_POINT('Ctrl Pts',(2.6703200863523,11.9926026704572,-13.5069540760948));
#1332=CARTESIAN_POINT('Ctrl Pts',(2.55837861661608,11.9671858814286,-13.5063064732124));
#1333=CARTESIAN_POINT('Ctrl Pts',(2.45472472204723,11.9490882925687,-13.5));
#1334=CARTESIAN_POINT('Ctrl Pts',(2.77531681672324,11.8658860169264,-13.4831347397522));
#1335=CARTESIAN_POINT('Ctrl Pts',(2.6548422294522,11.8321403023194,-13.493767662644));
#1336=CARTESIAN_POINT('Ctrl Pts',(2.53842891637876,11.8037536661347,-13.5));
#1337=CARTESIAN_POINT('Ctrl Pts',(2.42746601613441,11.7839977281029,-13.5));
#1338=CARTESIAN_POINT('',(2.54421899871511,12.4911045092895,-15.1974014203158));
#1339=CARTESIAN_POINT('',(2.42746601613441,11.7839977281029,-13.5));
#1340=CARTESIAN_POINT('Origin',(2.42746601613439,11.7839977281029,-14.5));
#1341=CARTESIAN_POINT('Ctrl Pts',(2.42746601613441,11.7839977281029,-13.5));
#1342=CARTESIAN_POINT('Ctrl Pts',(2.53842891637876,11.8037536661347,-13.5));
#1343=CARTESIAN_POINT('Ctrl Pts',(2.6548422294522,11.8321403023194,-13.493767662644));
#1344=CARTESIAN_POINT('Ctrl Pts',(2.77531681672324,11.8658860169264,-13.4831347397522));
#1345=CARTESIAN_POINT('Ctrl Pts',(3.03862308072972,12.4388788150393,-15.1595856826398));
#1346=CARTESIAN_POINT('Ctrl Pts',(2.87388305905621,12.4489416265707,-15.1823435924436));
#1347=CARTESIAN_POINT('Ctrl Pts',(2.70853268902758,12.4651866535147,-15.1961719679148));
#1348=CARTESIAN_POINT('Ctrl Pts',(2.54421899871511,12.4911045092895,-15.1974014203158));
#1349=CARTESIAN_POINT('Ctrl Pts',(-2.42746601613437,11.7839977281029,-13.5));
#1350=CARTESIAN_POINT('Ctrl Pts',(-0.823685907762361,12.04880371786,-13.5));
#1351=CARTESIAN_POINT('Ctrl Pts',(0.823800098538984,12.0487848634039,-13.5));
#1352=CARTESIAN_POINT('Ctrl Pts',(2.42746601613439,11.7839977281029,-13.5));
#1353=CARTESIAN_POINT('Ctrl Pts',(-2.46381095735146,12.0041184807241,-13.5));
#1354=CARTESIAN_POINT('Ctrl Pts',(-0.837605067299981,12.2743049282796,-13.4999690607393));
#1355=CARTESIAN_POINT('Ctrl Pts',(0.837720854815091,12.2742856907294,-13.4999690629422));
#1356=CARTESIAN_POINT('Ctrl Pts',(2.46381095735148,12.004118480724,-13.5));
#1357=CARTESIAN_POINT('Ctrl Pts',(-2.53641568075304,12.443844225871,-13.6551708449794));
#1358=CARTESIAN_POINT('Ctrl Pts',(-0.865263495715935,12.7248366541469,-13.6575866133375));
#1359=CARTESIAN_POINT('Ctrl Pts',(0.865382483453019,12.7248166471999,-13.6575864413324));
#1360=CARTESIAN_POINT('Ctrl Pts',(2.53641568075307,12.443844225871,-13.6551708449794));
#1361=CARTESIAN_POINT('Ctrl Pts',(-2.59308606250463,12.7870646759462,-14.2022400179486));
#1362=CARTESIAN_POINT('Ctrl Pts',(-0.886285617408439,13.0726953527106,-14.2117999506362));
#1363=CARTESIAN_POINT('Ctrl Pts',(0.886407143337926,13.0726750155156,-14.2117992699592));
#1364=CARTESIAN_POINT('Ctrl Pts',(2.59308606250465,12.7870646759462,-14.2022400179486));
#1365=CARTESIAN_POINT('Ctrl Pts',(-2.59114160333054,12.7752881864951,-14.7780201853393));
#1366=CARTESIAN_POINT('Ctrl Pts',(-0.884438498764616,13.0538334220869,-14.7920447592721));
#1367=CARTESIAN_POINT('Ctrl Pts',(0.884560017763369,13.0538135893826,-14.7920437607082));
#1368=CARTESIAN_POINT('Ctrl Pts',(2.59114160333056,12.7752881864951,-14.7780201853393));
#1369=CARTESIAN_POINT('Ctrl Pts',(-2.56322925893466,12.6062389034287,-15.0774822274555));
#1370=CARTESIAN_POINT('Ctrl Pts',(-0.872961239309859,12.8759646782981,-15.0911917533245));
#1371=CARTESIAN_POINT('Ctrl Pts',(0.873081588113817,12.8759454735483,-15.0911907771923));
#1372=CARTESIAN_POINT('Ctrl Pts',(2.56322925893468,12.6062389034287,-15.0774822274555));
#1373=CARTESIAN_POINT('Ctrl Pts',(-2.54421899871509,12.4911045092895,-15.1974014203158));
#1374=CARTESIAN_POINT('Ctrl Pts',(-0.865405374160256,12.7559104990466,-15.2099628900127));
#1375=CARTESIAN_POINT('Ctrl Pts',(0.86552490739963,12.7558916445905,-15.2099619956233));
#1376=CARTESIAN_POINT('Ctrl Pts',(2.54421899871511,12.4911045092895,-15.1974014203158));
#1377=CARTESIAN_POINT('',(-2.54421899871509,12.4911045092895,-15.1974014203158));
#1378=CARTESIAN_POINT('',(-2.42746601613436,11.7839977281029,-13.5));
#1379=CARTESIAN_POINT('Origin',(-2.42746601613437,11.7839977281029,-14.5));
#1380=CARTESIAN_POINT('Ctrl Pts',(-2.42746601613437,11.7839977281029,-13.5));
#1381=CARTESIAN_POINT('Ctrl Pts',(-0.823685907762361,12.04880371786,-13.5));
#1382=CARTESIAN_POINT('Ctrl Pts',(0.823800098538984,12.0487848634039,-13.5));
#1383=CARTESIAN_POINT('Ctrl Pts',(2.42746601613439,11.7839977281029,-13.5));
#1384=CARTESIAN_POINT('Ctrl Pts',(2.54421899871511,12.4911045092895,-15.1974014203158));
#1385=CARTESIAN_POINT('Ctrl Pts',(0.86552490739963,12.7558916445905,-15.2099619956233));
#1386=CARTESIAN_POINT('Ctrl Pts',(-0.865405374160256,12.7559104990466,-15.2099628900127));
#1387=CARTESIAN_POINT('Ctrl Pts',(-2.54421899871509,12.4911045092895,-15.1974014203158));
#1388=CARTESIAN_POINT('Ctrl Pts',(-3.03862308072854,12.4388788150393,-15.15958568264));
#1389=CARTESIAN_POINT('Ctrl Pts',(-3.29409180910249,12.4232740236857,-15.1242941109931));
#1390=CARTESIAN_POINT('Ctrl Pts',(-3.80374872445774,12.3873471495428,-15.0456526393389));
#1391=CARTESIAN_POINT('Ctrl Pts',(-4.64447832644903,12.3376617519335,-14.8621868583388));
#1392=CARTESIAN_POINT('Ctrl Pts',(-5.54806497116705,12.3202265596246,-14.5708049413256));
#1393=CARTESIAN_POINT('Ctrl Pts',(-6.15942318015039,12.3856120458999,-14.2430140375696));
#1394=CARTESIAN_POINT('Ctrl Pts',(-6.42298489497228,12.4627363349706,-14.0376057254289));
#1395=CARTESIAN_POINT('Ctrl Pts',(-3.02791071300222,12.5877410643106,-15.0099096640781));
#1396=CARTESIAN_POINT('Ctrl Pts',(-3.28376367855439,12.563541638658,-14.9828685642433));
#1397=CARTESIAN_POINT('Ctrl Pts',(-3.78962826688328,12.5130657852954,-14.9192773147157));
#1398=CARTESIAN_POINT('Ctrl Pts',(-4.62123568557555,12.4422810158762,-14.7593796339426));
#1399=CARTESIAN_POINT('Ctrl Pts',(-5.51246024896338,12.4036792957259,-14.4944070374846));
#1400=CARTESIAN_POINT('Ctrl Pts',(-6.1131768476622,12.4536624469974,-14.1886621094536));
#1401=CARTESIAN_POINT('Ctrl Pts',(-6.37108101941802,12.5225205628576,-13.9956094554269));
#1402=CARTESIAN_POINT('Ctrl Pts',(-2.9873827266025,12.7864166624476,-14.6161265034062));
#1403=CARTESIAN_POINT('Ctrl Pts',(-3.24463850233239,12.7567613231141,-14.616978917082));
#1404=CARTESIAN_POINT('Ctrl Pts',(-3.74427338043533,12.6953144663743,-14.6009703161556));
#1405=CARTESIAN_POINT('Ctrl Pts',(-4.56054079680328,12.6048009256409,-14.5100212962229));
#1406=CARTESIAN_POINT('Ctrl Pts',(-5.43067848932368,12.5416955412151,-14.3150226418251));
#1407=CARTESIAN_POINT('Ctrl Pts',(-6.01260753601181,12.5694546663726,-14.0614041299478));
#1408=CARTESIAN_POINT('Ctrl Pts',(-6.26015527405349,12.6248985570645,-13.8960282985005));
#1409=CARTESIAN_POINT('Ctrl Pts',(-2.8762105958537,12.6581599789276,-13.8545143277981));
#1410=CARTESIAN_POINT('Ctrl Pts',(-3.13424686158293,12.6770791901376,-13.8966628990763));
#1411=CARTESIAN_POINT('Ctrl Pts',(-3.62705195114258,12.6872627906644,-13.9601713418554));
#1412=CARTESIAN_POINT('Ctrl Pts',(-4.42509208438644,12.6731397394989,-13.9967664669623));
#1413=CARTESIAN_POINT('Ctrl Pts',(-5.26838239845407,12.6542994407463,-13.9408479671757));
#1414=CARTESIAN_POINT('Ctrl Pts',(-5.82339101988652,12.6846456294945,-13.792041115834));
#1415=CARTESIAN_POINT('Ctrl Pts',(-6.05498357380864,12.7313581114812,-13.6797446621249));
#1416=CARTESIAN_POINT('Ctrl Pts',(-2.80072413732191,12.1794369323675,-13.5226944334412));
#1417=CARTESIAN_POINT('Ctrl Pts',(-3.05323616671542,12.2636109167048,-13.5434468363662));
#1418=CARTESIAN_POINT('Ctrl Pts',(-3.5398834082754,12.3844773213762,-13.5915688524903));
#1419=CARTESIAN_POINT('Ctrl Pts',(-4.32659810349684,12.512485521169,-13.6513893563138));
#1420=CARTESIAN_POINT('Ctrl Pts',(-5.15388692100993,12.6053927625745,-13.6595125681684));
#1421=CARTESIAN_POINT('Ctrl Pts',(-5.69102086252837,12.6796992863407,-13.5776835345874));
#1422=CARTESIAN_POINT('Ctrl Pts',(-5.91182880306522,12.7352031581289,-13.5015679932729));
#1423=CARTESIAN_POINT('Ctrl Pts',(-2.77531681672211,11.8658860169259,-13.4831347397523));
#1424=CARTESIAN_POINT('Ctrl Pts',(-3.02147062258056,11.9732205752949,-13.4666458546443));
#1425=CARTESIAN_POINT('Ctrl Pts',(-3.50181819523655,12.1452127047923,-13.4660104290627));
#1426=CARTESIAN_POINT('Ctrl Pts',(-4.27914498835074,12.358201006959,-13.4906113117136));
#1427=CARTESIAN_POINT('Ctrl Pts',(-5.09496038808597,12.5325024106301,-13.5042961052833));
#1428=CARTESIAN_POINT('Ctrl Pts',(-5.62015585325812,12.645229854621,-13.4528913709227));
#1429=CARTESIAN_POINT('Ctrl Pts',(-5.8340113768625,12.7111985635631,-13.3946105408249));
#1430=CARTESIAN_POINT('',(-6.42298489497228,12.4627363349706,-14.0376057254289));
#1431=CARTESIAN_POINT('',(-5.83401137686249,12.711198563563,-13.3946105408248));
#1432=CARTESIAN_POINT('Origin',(-6.12877885734514,11.7556295537841,-13.394610540825));
#1433=CARTESIAN_POINT('',(-2.77531681672211,11.8658860169259,-13.4831347397523));
#1434=CARTESIAN_POINT('Ctrl Pts',(-5.8340113768625,12.7111985635631,-13.3946105408249));
#1435=CARTESIAN_POINT('Ctrl Pts',(-5.62015585325812,12.645229854621,-13.4528913709227));
#1436=CARTESIAN_POINT('Ctrl Pts',(-5.09496038808597,12.5325024106301,-13.5042961052833));
#1437=CARTESIAN_POINT('Ctrl Pts',(-4.27914498835074,12.358201006959,-13.4906113117136));
#1438=CARTESIAN_POINT('Ctrl Pts',(-3.50181819523655,12.1452127047923,-13.4660104290627));
#1439=CARTESIAN_POINT('Ctrl Pts',(-3.02147062258056,11.9732205752949,-13.4666458546443));
#1440=CARTESIAN_POINT('Ctrl Pts',(-2.77531681672211,11.8658860169259,-13.4831347397523));
#1441=CARTESIAN_POINT('',(-3.03862308072854,12.4388788150393,-15.15958568264));
#1442=CARTESIAN_POINT('Origin',(-2.89965314703815,11.7317720338528,-14.4662694795046));
#1443=CARTESIAN_POINT('Ctrl Pts',(-3.03862308072854,12.4388788150393,-15.15958568264));
#1444=CARTESIAN_POINT('Ctrl Pts',(-3.29409180910249,12.4232740236857,-15.1242941109931));
#1445=CARTESIAN_POINT('Ctrl Pts',(-3.80374872445774,12.3873471495428,-15.0456526393389));
#1446=CARTESIAN_POINT('Ctrl Pts',(-4.64447832644903,12.3376617519335,-14.8621868583388));
#1447=CARTESIAN_POINT('Ctrl Pts',(-5.54806497116705,12.3202265596246,-14.5708049413256));
#1448=CARTESIAN_POINT('Ctrl Pts',(-6.15942318015039,12.3856120458999,-14.2430140375696));
#1449=CARTESIAN_POINT('Ctrl Pts',(-6.42298489497228,12.4627363349706,-14.0376057254289));
#1450=CARTESIAN_POINT('Ctrl Pts',(-7.75000000000004,13.,-12.2382804640413));
#1451=CARTESIAN_POINT('Ctrl Pts',(-7.08039894730895,13.,-12.5970757772683));
#1452=CARTESIAN_POINT('Ctrl Pts',(-6.43658730604749,12.8970771203472,-12.9883517130848));
#1453=CARTESIAN_POINT('Ctrl Pts',(-5.8340113768625,12.7111985635631,-13.394610540825));
#1454=CARTESIAN_POINT('Ctrl Pts',(-7.89006455667286,13.,-12.4594610224456));
#1455=CARTESIAN_POINT('Ctrl Pts',(-7.23927316918446,13.0147375218944,-12.8281706404004));
#1456=CARTESIAN_POINT('Ctrl Pts',(-6.60942980726088,12.9306091538941,-13.2287874146732));
#1457=CARTESIAN_POINT('Ctrl Pts',(-6.01558537133552,12.7672092842167,-13.6441779298703));
#1458=CARTESIAN_POINT('Ctrl Pts',(-8.02926661923636,12.8922269036098,-12.6792795879715));
#1459=CARTESIAN_POINT('Ctrl Pts',(-7.40809510769598,12.905511003246,-13.0574013792201));
#1460=CARTESIAN_POINT('Ctrl Pts',(-6.80705847936823,12.8257332424455,-13.4669557027766));
#1461=CARTESIAN_POINT('Ctrl Pts',(-6.24132133053238,12.671981132575,-13.8906187804221));
#1462=CARTESIAN_POINT('Ctrl Pts',(-8.1283072170636,12.7071067811866,-12.8356778606858));
#1463=CARTESIAN_POINT('Ctrl Pts',(-7.53406449983717,12.7071067811866,-13.2119873489376));
#1464=CARTESIAN_POINT('Ctrl Pts',(-6.96047413615355,12.6200181907111,-13.6187104473363));
#1465=CARTESIAN_POINT('Ctrl Pts',(-6.42298489497233,12.4627363349707,-14.0376057254288));
#1466=CARTESIAN_POINT('',(-8.1283072170636,12.7071067811865,-12.8356778606858));
#1467=CARTESIAN_POINT('Ctrl Pts',(-6.42298489497233,12.4627363349707,-14.0376057254288));
#1468=CARTESIAN_POINT('Ctrl Pts',(-6.96047413615355,12.6200181907111,-13.6187104473363));
#1469=CARTESIAN_POINT('Ctrl Pts',(-7.53406449983717,12.7071067811866,-13.2119873489376));
#1470=CARTESIAN_POINT('Ctrl Pts',(-8.1283072170636,12.7071067811866,-12.8356778606858));
#1471=CARTESIAN_POINT('',(-7.75000000000002,13.,-12.2382804640413));
#1472=CARTESIAN_POINT('Origin',(-7.75000000000003,12.,-12.2382804640413));
#1473=CARTESIAN_POINT('Ctrl Pts',(-7.75000000000004,13.,-12.2382804640413));
#1474=CARTESIAN_POINT('Ctrl Pts',(-7.08039894730895,13.,-12.5970757772683));
#1475=CARTESIAN_POINT('Ctrl Pts',(-6.43658730604749,12.8970771203472,-12.9883517130848));
#1476=CARTESIAN_POINT('Ctrl Pts',(-5.8340113768625,12.7111985635631,-13.394610540825));
#1477=CARTESIAN_POINT('Origin',(0.,12.,0.));
#1478=CARTESIAN_POINT('',(-8.12830721706356,12.7071067811865,12.8356778606858));
#1479=CARTESIAN_POINT('',(-7.75,13.,12.2382804640413));
#1480=CARTESIAN_POINT('Origin',(-7.75,12.,12.2382804640413));
#1481=CARTESIAN_POINT('Origin',(0.,13.,0.));
#1482=CARTESIAN_POINT('Origin',(0.,12.7071067811865,7.56453583709439E-16));
#1483=CARTESIAN_POINT('Ctrl Pts',(-8.12830721706356,12.7071067811865,12.8356778606858));
#1484=CARTESIAN_POINT('Ctrl Pts',(-7.53405848824736,12.7071067811865,13.2119911558303));
#1485=CARTESIAN_POINT('Ctrl Pts',(-6.96047957360215,12.6200197818352,13.6187062096299));
#1486=CARTESIAN_POINT('Ctrl Pts',(-6.42298489497141,12.4627363349704,14.0376057254296));
#1487=CARTESIAN_POINT('Ctrl Pts',(-8.02926661923632,12.8922269036098,12.6792795879715));
#1488=CARTESIAN_POINT('Ctrl Pts',(-7.40808882368407,12.9055111376331,13.0574052044468));
#1489=CARTESIAN_POINT('Ctrl Pts',(-6.80706420258358,12.8257347978613,13.4669514168373));
#1490=CARTESIAN_POINT('Ctrl Pts',(-6.2413213305314,12.6719811325747,13.8906187804229));
#1491=CARTESIAN_POINT('Ctrl Pts',(-7.89006455667282,13.,12.4594610224457));
#1492=CARTESIAN_POINT('Ctrl Pts',(-7.23926658552642,13.0147376709849,12.8281743704099));
#1493=CARTESIAN_POINT('Ctrl Pts',(-6.6094358148204,12.9306108069104,13.2287832124224));
#1494=CARTESIAN_POINT('Ctrl Pts',(-6.0155853713345,12.7672092842164,13.644177929871));
#1495=CARTESIAN_POINT('Ctrl Pts',(-7.74999999999999,13.,12.2382804640413));
#1496=CARTESIAN_POINT('Ctrl Pts',(-7.08039217336507,13.,12.5970794069808));
#1497=CARTESIAN_POINT('Ctrl Pts',(-6.43659340193816,12.8970790007665,12.9883476032136));
#1498=CARTESIAN_POINT('Ctrl Pts',(-5.83401137686146,12.7111985635627,13.3946105408257));
#1499=CARTESIAN_POINT('',(-6.42298489497141,12.4627363349704,14.0376057254296));
#1500=CARTESIAN_POINT('',(-5.8340113768608,12.7111985635625,13.3946105408246));
#1501=CARTESIAN_POINT('Origin',(-6.12877885734432,11.7556295537839,13.3946105408257));
#1502=CARTESIAN_POINT('Ctrl Pts',(-5.83401137686146,12.7111985635627,13.3946105408257));
#1503=CARTESIAN_POINT('Ctrl Pts',(-6.43659340193816,12.8970790007665,12.9883476032136));
#1504=CARTESIAN_POINT('Ctrl Pts',(-7.08039217336507,13.,12.5970794069808));
#1505=CARTESIAN_POINT('Ctrl Pts',(-7.74999999999999,13.,12.2382804640413));
#1506=CARTESIAN_POINT('Ctrl Pts',(-8.12830721706356,12.7071067811865,12.8356778606858));
#1507=CARTESIAN_POINT('Ctrl Pts',(-7.53405848824736,12.7071067811865,13.2119911558303));
#1508=CARTESIAN_POINT('Ctrl Pts',(-6.96047957360215,12.6200197818352,13.6187062096299));
#1509=CARTESIAN_POINT('Ctrl Pts',(-6.42298489497141,12.4627363349704,14.0376057254296));
#1510=CARTESIAN_POINT('Ctrl Pts',(-6.42298489497108,12.4627363349703,14.0376057254298));
#1511=CARTESIAN_POINT('Ctrl Pts',(-6.22531572561818,12.4048937375816,14.1916603098236));
#1512=CARTESIAN_POINT('Ctrl Pts',(-5.78055422937484,12.3398675371926,14.4534767470121));
#1513=CARTESIAN_POINT('Ctrl Pts',(-4.97649411681516,12.3246601686798,14.768185813183));
#1514=CARTESIAN_POINT('Ctrl Pts',(-4.14141273599949,12.3649504932824,14.981941514913));
#1515=CARTESIAN_POINT('Ctrl Pts',(-3.46410064231689,12.4115241668754,15.0992662711601));
#1516=CARTESIAN_POINT('Ctrl Pts',(-3.12377841162513,12.4336772736227,15.1478219513975));
#1517=CARTESIAN_POINT('Ctrl Pts',(-3.03862308072972,12.4388788150393,15.1595856826398));
#1518=CARTESIAN_POINT('Ctrl Pts',(-6.37108101941684,12.5225205628573,13.9956094554278));
#1519=CARTESIAN_POINT('Ctrl Pts',(-6.17765496192563,12.4708775289878,14.140397395469));
#1520=CARTESIAN_POINT('Ctrl Pts',(-5.74102070922702,12.4175787718767,14.3851571182545));
#1521=CARTESIAN_POINT('Ctrl Pts',(-4.94889633419875,12.4215729076294,14.6747673988139));
#1522=CARTESIAN_POINT('Ctrl Pts',(-4.12392383271391,12.4818160308412,14.8650967128022));
#1523=CARTESIAN_POINT('Ctrl Pts',(-3.45265431894305,12.5467615570462,14.9629938958804));
#1524=CARTESIAN_POINT('Ctrl Pts',(-3.11319412158669,12.5796746754728,15.0008960606563));
#1525=CARTESIAN_POINT('Ctrl Pts',(-3.02791071300341,12.5877410643104,15.009909664078));
#1526=CARTESIAN_POINT('Ctrl Pts',(-6.26015527405237,12.6248985570642,13.8960282985012));
#1527=CARTESIAN_POINT('Ctrl Pts',(-6.07449645867032,12.5833160843362,14.0200588438909));
#1528=CARTESIAN_POINT('Ctrl Pts',(-5.65235735217583,12.5475151891187,14.2251513385719));
#1529=CARTESIAN_POINT('Ctrl Pts',(-4.88077072033334,12.5755905258351,14.4508001030176));
#1530=CARTESIAN_POINT('Ctrl Pts',(-4.07291152626605,12.6564481182648,14.5756708723724));
#1531=CARTESIAN_POINT('Ctrl Pts',(-3.41171345908072,12.7363538217247,14.6135969658115));
#1532=CARTESIAN_POINT('Ctrl Pts',(-3.07313373357221,12.7765316551911,14.6164106382554));
#1533=CARTESIAN_POINT('Ctrl Pts',(-2.98738272660369,12.7864166624475,14.6161265034062));
#1534=CARTESIAN_POINT('Ctrl Pts',(-6.05498357380758,12.731358111481,13.6797446621254));
#1535=CARTESIAN_POINT('Ctrl Pts',(-5.88129101837309,12.6963241251566,13.7639661005119));
#1536=CARTESIAN_POINT('Ctrl Pts',(-5.48033359003494,12.6622406067243,13.8899510717692));
#1537=CARTESIAN_POINT('Ctrl Pts',(-4.73622617128714,12.6633904946299,13.9880190207554));
#1538=CARTESIAN_POINT('Ctrl Pts',(-3.9491910741779,12.6848878054476,13.9863209130015));
#1539=CARTESIAN_POINT('Ctrl Pts',(-3.29939426971174,12.6826703614405,13.9201219325438));
#1540=CARTESIAN_POINT('Ctrl Pts',(-2.96222176337058,12.6644663151322,13.8685637011084));
#1541=CARTESIAN_POINT('Ctrl Pts',(-2.8762105958549,12.6581599789276,13.8545143277983));
#1542=CARTESIAN_POINT('Ctrl Pts',(-5.91182880306422,12.7352031581286,13.5015679932733));
#1543=CARTESIAN_POINT('Ctrl Pts',(-5.74622462105336,12.6935757000601,13.5586540379464));
#1544=CARTESIAN_POINT('Ctrl Pts',(-5.35948812059833,12.6311811890418,13.6335055456941));
#1545=CARTESIAN_POINT('Ctrl Pts',(-4.63254846504167,12.5478907991594,13.6625879010975));
#1546=CARTESIAN_POINT('Ctrl Pts',(-3.8579533618451,12.4450648006985,13.6208300139834));
#1547=CARTESIAN_POINT('Ctrl Pts',(-3.21632008601958,12.3079489618787,13.5591589474299));
#1548=CARTESIAN_POINT('Ctrl Pts',(-2.88489391244562,12.2074946266878,13.5296118270073));
#1549=CARTESIAN_POINT('Ctrl Pts',(-2.80072413732308,12.1794369323679,13.5226944334413));
#1550=CARTESIAN_POINT('Ctrl Pts',(-5.83401137686153,12.7111985635628,13.3946105408252));
#1551=CARTESIAN_POINT('Ctrl Pts',(-5.67362145171253,12.6617225616758,13.4383206953231));
#1552=CARTESIAN_POINT('Ctrl Pts',(-5.29625877381309,12.5738470026927,13.4888936510747));
#1553=CARTESIAN_POINT('Ctrl Pts',(-4.58139870225567,12.425019667701,13.5007638359349));
#1554=CARTESIAN_POINT('Ctrl Pts',(-3.81622646720483,12.2406405669727,13.4742129812091));
#1555=CARTESIAN_POINT('Ctrl Pts',(-3.18232953699824,12.0341648567423,13.4639922736648));
#1556=CARTESIAN_POINT('Ctrl Pts',(-2.85736720669646,11.9016638199186,13.4776385035733));
#1557=CARTESIAN_POINT('Ctrl Pts',(-2.77531681672325,11.8658860169264,13.4831347397522));
#1558=CARTESIAN_POINT('',(-3.03862308072972,12.4388788150393,15.1595856826398));
#1559=CARTESIAN_POINT('',(-2.77531681672324,11.8658860169264,13.4831347397522));
#1560=CARTESIAN_POINT('Origin',(-2.89965314703928,11.7317720338527,14.4662694795044));
#1561=CARTESIAN_POINT('Ctrl Pts',(-2.77531681672325,11.8658860169264,13.4831347397522));
#1562=CARTESIAN_POINT('Ctrl Pts',(-2.85736720669646,11.9016638199186,13.4776385035733));
#1563=CARTESIAN_POINT('Ctrl Pts',(-3.18232953699824,12.0341648567423,13.4639922736648));
#1564=CARTESIAN_POINT('Ctrl Pts',(-3.81622646720483,12.2406405669727,13.4742129812091));
#1565=CARTESIAN_POINT('Ctrl Pts',(-4.58139870225567,12.425019667701,13.5007638359349));
#1566=CARTESIAN_POINT('Ctrl Pts',(-5.29625877381309,12.5738470026927,13.4888936510747));
#1567=CARTESIAN_POINT('Ctrl Pts',(-5.67362145171253,12.6617225616758,13.4383206953231));
#1568=CARTESIAN_POINT('Ctrl Pts',(-5.83401137686153,12.7111985635628,13.3946105408252));
#1569=CARTESIAN_POINT('Ctrl Pts',(-6.42298489497108,12.4627363349703,14.0376057254298));
#1570=CARTESIAN_POINT('Ctrl Pts',(-6.22531572561818,12.4048937375816,14.1916603098236));
#1571=CARTESIAN_POINT('Ctrl Pts',(-5.78055422937484,12.3398675371926,14.4534767470121));
#1572=CARTESIAN_POINT('Ctrl Pts',(-4.97649411681516,12.3246601686798,14.768185813183));
#1573=CARTESIAN_POINT('Ctrl Pts',(-4.14141273599949,12.3649504932824,14.981941514913));
#1574=CARTESIAN_POINT('Ctrl Pts',(-3.46410064231689,12.4115241668754,15.0992662711601));
#1575=CARTESIAN_POINT('Ctrl Pts',(-3.12377841162513,12.4336772736227,15.1478219513975));
#1576=CARTESIAN_POINT('Ctrl Pts',(-3.03862308072972,12.4388788150393,15.1595856826398));
#1577=CARTESIAN_POINT('Ctrl Pts',(-2.54421899871506,12.4911045092895,-15.1974014203158));
#1578=CARTESIAN_POINT('Ctrl Pts',(-2.70837206538883,12.4652119893239,-15.1961731697569));
#1579=CARTESIAN_POINT('Ctrl Pts',(-2.87399312710275,12.4489349032864,-15.1823283871604));
#1580=CARTESIAN_POINT('Ctrl Pts',(-3.03862308072836,12.4388788150393,-15.15958568264));
#1581=CARTESIAN_POINT('Ctrl Pts',(-2.56956601234117,12.6446170348084,-15.0375091631687));
#1582=CARTESIAN_POINT('Ctrl Pts',(-2.71861839558483,12.6182715777534,-15.038621615841));
#1583=CARTESIAN_POINT('Ctrl Pts',(-2.87253459528932,12.6001583699764,-15.0286831978131));
#1584=CARTESIAN_POINT('Ctrl Pts',(-3.02791071300212,12.5877410643105,-15.0099096640781));
#1585=CARTESIAN_POINT('Ctrl Pts',(-2.60208374274365,12.841558536157,-14.6098823157908));
#1586=CARTESIAN_POINT('Ctrl Pts',(-2.72036156373575,12.8182437340302,-14.6198326744252));
#1587=CARTESIAN_POINT('Ctrl Pts',(-2.85065074654,12.8002756944714,-14.6213074387589));
#1588=CARTESIAN_POINT('Ctrl Pts',(-2.98722786994734,12.7871000340517,-14.6146577164092));
#1589=CARTESIAN_POINT('Ctrl Pts',(-2.57773392472226,12.6940854604119,-13.9790463647102));
#1590=CARTESIAN_POINT('Ctrl Pts',(-2.67125565233827,12.6873310751483,-13.99843316407));
#1591=CARTESIAN_POINT('Ctrl Pts',(-2.78087813953355,12.6843436305304,-14.0121651992765));
#1592=CARTESIAN_POINT('Ctrl Pts',(-2.90013749648292,12.685059034194,-14.0187650065502));
#1593=CARTESIAN_POINT('Ctrl Pts',(-2.50915379861991,12.2787344248349,-13.5860510167043));
#1594=CARTESIAN_POINT('Ctrl Pts',(-2.60218639538255,12.2896786040801,-13.6019390841711));
#1595=CARTESIAN_POINT('Ctrl Pts',(-2.70838188637756,12.3056439149391,-13.6128797498095));
#1596=CARTESIAN_POINT('Ctrl Pts',(-2.82297639020367,12.3254575586757,-13.6181910356661));
#1597=CARTESIAN_POINT('Ctrl Pts',(-2.45472472204721,11.9490882925687,-13.5));
#1598=CARTESIAN_POINT('Ctrl Pts',(-2.55827729051435,11.9671681902637,-13.5063003083659));
#1599=CARTESIAN_POINT('Ctrl Pts',(-2.6703987257257,11.9926227537,-13.5069513771834));
#1600=CARTESIAN_POINT('Ctrl Pts',(-2.78802047702219,12.0226614746469,-13.5029145865968));
#1601=CARTESIAN_POINT('Ctrl Pts',(-2.42746601613438,11.7839977281029,-13.5));
#1602=CARTESIAN_POINT('Ctrl Pts',(-2.53832044541231,11.8037343538629,-13.5));
#1603=CARTESIAN_POINT('Ctrl Pts',(-2.65492272235455,11.8321628489043,-13.4937605584501));
#1604=CARTESIAN_POINT('Ctrl Pts',(-2.77531681672225,11.8658860169261,-13.4831347397523));
#1605=CARTESIAN_POINT('Ctrl Pts',(-2.77531681672225,11.8658860169261,-13.4831347397523));
#1606=CARTESIAN_POINT('Ctrl Pts',(-2.65492272235455,11.8321628489043,-13.4937605584501));
#1607=CARTESIAN_POINT('Ctrl Pts',(-2.53832044541231,11.8037343538629,-13.5));
#1608=CARTESIAN_POINT('Ctrl Pts',(-2.42746601613438,11.7839977281029,-13.5));
#1609=CARTESIAN_POINT('Ctrl Pts',(-2.54421899871506,12.4911045092895,-15.1974014203158));
#1610=CARTESIAN_POINT('Ctrl Pts',(-2.70837206538883,12.4652119893239,-15.1961731697569));
#1611=CARTESIAN_POINT('Ctrl Pts',(-2.87399312710275,12.4489349032864,-15.1823283871604));
#1612=CARTESIAN_POINT('Ctrl Pts',(-3.03862308072836,12.4388788150393,-15.15958568264));
#1613=CARTESIAN_POINT('Ctrl Pts',(-3.03862308072971,12.4388788150393,15.1595856826398));
#1614=CARTESIAN_POINT('Ctrl Pts',(-2.87388305905621,12.4489416265707,15.1823435924436));
#1615=CARTESIAN_POINT('Ctrl Pts',(-2.70853268902758,12.4651866535147,15.1961719679148));
#1616=CARTESIAN_POINT('Ctrl Pts',(-2.54421899871511,12.4911045092895,15.1974014203158));
#1617=CARTESIAN_POINT('Ctrl Pts',(-3.0279107130034,12.5877410643104,15.009909664078));
#1618=CARTESIAN_POINT('Ctrl Pts',(-2.87243071415847,12.6001666719199,15.0286957493941));
#1619=CARTESIAN_POINT('Ctrl Pts',(-2.71876424321742,12.6182457987456,15.038622704375));
#1620=CARTESIAN_POINT('Ctrl Pts',(-2.56956601234122,12.6446170348084,15.0375091631687));
#1621=CARTESIAN_POINT('Ctrl Pts',(-2.98722786994846,12.7871000340516,14.6146577164091));
#1622=CARTESIAN_POINT('Ctrl Pts',(-2.85055943401246,12.8002845034346,14.6213118846203));
#1623=CARTESIAN_POINT('Ctrl Pts',(-2.72047729848481,12.8182209205158,14.6198424108428));
#1624=CARTESIAN_POINT('Ctrl Pts',(-2.60208374274368,12.841558536157,14.6098823157909));
#1625=CARTESIAN_POINT('Ctrl Pts',(-2.90013749648389,12.685059034194,14.0187650065503));
#1626=CARTESIAN_POINT('Ctrl Pts',(-2.78079840529224,12.6843431522268,14.0121607867873));
#1627=CARTESIAN_POINT('Ctrl Pts',(-2.67134716327057,12.6873244659879,13.998452134037));
#1628=CARTESIAN_POINT('Ctrl Pts',(-2.57773392472229,12.6940854604119,13.9790463647102));
#1629=CARTESIAN_POINT('Ctrl Pts',(-2.8229763902046,12.3254575586759,13.6181910356661));
#1630=CARTESIAN_POINT('Ctrl Pts',(-2.70830527095674,12.3056306679629,13.612876198798));
#1631=CARTESIAN_POINT('Ctrl Pts',(-2.60227742770073,12.2896893129504,13.6019546306319));
#1632=CARTESIAN_POINT('Ctrl Pts',(-2.50915379861993,12.2787344248349,13.5860510167043));
#1633=CARTESIAN_POINT('Ctrl Pts',(-2.78802047702315,12.0226614746471,13.5029145865968));
#1634=CARTESIAN_POINT('Ctrl Pts',(-2.67032008635233,11.9926026704572,13.5069540760948));
#1635=CARTESIAN_POINT('Ctrl Pts',(-2.55837861661608,11.9671858814286,13.5063064732124));
#1636=CARTESIAN_POINT('Ctrl Pts',(-2.45472472204724,11.9490882925687,13.5));
#1637=CARTESIAN_POINT('Ctrl Pts',(-2.77531681672324,11.8658860169264,13.4831347397522));
#1638=CARTESIAN_POINT('Ctrl Pts',(-2.65484222945223,11.8321403023194,13.493767662644));
#1639=CARTESIAN_POINT('Ctrl Pts',(-2.53842891637877,11.8037536661347,13.5));
#1640=CARTESIAN_POINT('Ctrl Pts',(-2.42746601613441,11.7839977281029,13.5));
#1641=CARTESIAN_POINT('',(-2.54421899871512,12.4911045092895,15.1974014203158));
#1642=CARTESIAN_POINT('',(-2.42746601613442,11.7839977281029,13.5));
#1643=CARTESIAN_POINT('Origin',(-2.42746601613439,11.7839977281029,14.5));
#1644=CARTESIAN_POINT('Ctrl Pts',(-2.42746601613441,11.7839977281029,13.5));
#1645=CARTESIAN_POINT('Ctrl Pts',(-2.53842891637877,11.8037536661347,13.5));
#1646=CARTESIAN_POINT('Ctrl Pts',(-2.65484222945223,11.8321403023194,13.493767662644));
#1647=CARTESIAN_POINT('Ctrl Pts',(-2.77531681672324,11.8658860169264,13.4831347397522));
#1648=CARTESIAN_POINT('Ctrl Pts',(-3.03862308072971,12.4388788150393,15.1595856826398));
#1649=CARTESIAN_POINT('Ctrl Pts',(-2.87388305905621,12.4489416265707,15.1823435924436));
#1650=CARTESIAN_POINT('Ctrl Pts',(-2.70853268902758,12.4651866535147,15.1961719679148));
#1651=CARTESIAN_POINT('Ctrl Pts',(-2.54421899871511,12.4911045092895,15.1974014203158));
#1652=CARTESIAN_POINT('Ctrl Pts',(2.42746601613437,11.7839977281029,13.5));
#1653=CARTESIAN_POINT('Ctrl Pts',(0.82368590776236,12.04880371786,13.5));
#1654=CARTESIAN_POINT('Ctrl Pts',(-0.82380009853899,12.0487848634039,13.5));
#1655=CARTESIAN_POINT('Ctrl Pts',(-2.4274660161344,11.7839977281029,13.5));
#1656=CARTESIAN_POINT('Ctrl Pts',(2.46381095735146,12.0041184807241,13.5));
#1657=CARTESIAN_POINT('Ctrl Pts',(0.837605067299981,12.2743049282796,13.4999690607393));
#1658=CARTESIAN_POINT('Ctrl Pts',(-0.837720854815098,12.2742856907294,13.4999690629422));
#1659=CARTESIAN_POINT('Ctrl Pts',(-2.46381095735149,12.004118480724,13.5));
#1660=CARTESIAN_POINT('Ctrl Pts',(2.53641568075305,12.443844225871,13.6551708449794));
#1661=CARTESIAN_POINT('Ctrl Pts',(0.865263495715931,12.7248366541469,13.6575866133375));
#1662=CARTESIAN_POINT('Ctrl Pts',(-0.865382483453009,12.7248166471999,13.6575864413324));
#1663=CARTESIAN_POINT('Ctrl Pts',(-2.53641568075307,12.443844225871,13.6551708449794));
#1664=CARTESIAN_POINT('Ctrl Pts',(2.59308606250463,12.7870646759462,14.2022400179486));
#1665=CARTESIAN_POINT('Ctrl Pts',(0.88628561740844,13.0726953527106,14.2117999506362));
#1666=CARTESIAN_POINT('Ctrl Pts',(-0.886407143337923,13.0726750155156,14.2117992699592));
#1667=CARTESIAN_POINT('Ctrl Pts',(-2.59308606250466,12.7870646759461,14.2022400179486));
#1668=CARTESIAN_POINT('Ctrl Pts',(2.59114160333054,12.7752881864951,14.7780201853393));
#1669=CARTESIAN_POINT('Ctrl Pts',(0.884438498764614,13.0538334220869,14.7920447592721));
#1670=CARTESIAN_POINT('Ctrl Pts',(-0.884560017763356,13.0538135893826,14.7920437607081));
#1671=CARTESIAN_POINT('Ctrl Pts',(-2.59114160333057,12.7752881864951,14.7780201853393));
#1672=CARTESIAN_POINT('Ctrl Pts',(2.56322925893466,12.6062389034287,15.0774822274555));
#1673=CARTESIAN_POINT('Ctrl Pts',(0.872961239309858,12.8759646782981,15.0911917533245));
#1674=CARTESIAN_POINT('Ctrl Pts',(-0.873081588113819,12.8759454735483,15.0911907771923));
#1675=CARTESIAN_POINT('Ctrl Pts',(-2.56322925893469,12.6062389034287,15.0774822274555));
#1676=CARTESIAN_POINT('Ctrl Pts',(2.54421899871509,12.4911045092895,15.1974014203158));
#1677=CARTESIAN_POINT('Ctrl Pts',(0.865405374160255,12.7559104990466,15.2099628900127));
#1678=CARTESIAN_POINT('Ctrl Pts',(-0.865524907399626,12.7558916445905,15.2099619956233));
#1679=CARTESIAN_POINT('Ctrl Pts',(-2.54421899871512,12.4911045092895,15.1974014203158));
#1680=CARTESIAN_POINT('',(2.54421899871509,12.4911045092895,15.1974014203158));
#1681=CARTESIAN_POINT('',(2.42746601613436,11.7839977281029,13.5));
#1682=CARTESIAN_POINT('Origin',(2.42746601613437,11.7839977281029,14.5));
#1683=CARTESIAN_POINT('Ctrl Pts',(2.42746601613437,11.7839977281029,13.5));
#1684=CARTESIAN_POINT('Ctrl Pts',(0.82368590776236,12.04880371786,13.5));
#1685=CARTESIAN_POINT('Ctrl Pts',(-0.82380009853899,12.0487848634039,13.5));
#1686=CARTESIAN_POINT('Ctrl Pts',(-2.4274660161344,11.7839977281029,13.5));
#1687=CARTESIAN_POINT('Ctrl Pts',(-2.54421899871512,12.4911045092895,15.1974014203158));
#1688=CARTESIAN_POINT('Ctrl Pts',(-0.865524907399626,12.7558916445905,15.2099619956233));
#1689=CARTESIAN_POINT('Ctrl Pts',(0.865405374160255,12.7559104990466,15.2099628900127));
#1690=CARTESIAN_POINT('Ctrl Pts',(2.54421899871509,12.4911045092895,15.1974014203158));
#1691=CARTESIAN_POINT('Ctrl Pts',(2.54421899871506,12.4911045092895,15.1974014203158));
#1692=CARTESIAN_POINT('Ctrl Pts',(2.70837206538881,12.4652119893239,15.1961731697569));
#1693=CARTESIAN_POINT('Ctrl Pts',(2.87399312710273,12.4489349032864,15.1823283871604));
#1694=CARTESIAN_POINT('Ctrl Pts',(3.03862308072832,12.4388788150393,15.15958568264));
#1695=CARTESIAN_POINT('Ctrl Pts',(2.56956601234117,12.6446170348084,15.0375091631687));
#1696=CARTESIAN_POINT('Ctrl Pts',(2.7186183955848,12.6182715777534,15.038621615841));
#1697=CARTESIAN_POINT('Ctrl Pts',(2.87253459528931,12.6001583699764,15.0286831978131));
#1698=CARTESIAN_POINT('Ctrl Pts',(3.02791071300208,12.5877410643106,15.0099096640781));
#1699=CARTESIAN_POINT('Ctrl Pts',(2.60208374274365,12.841558536157,14.6098823157908));
#1700=CARTESIAN_POINT('Ctrl Pts',(2.72036156373568,12.8182437340303,14.6198326744252));
#1701=CARTESIAN_POINT('Ctrl Pts',(2.85065074654002,12.8002756944714,14.6213074387589));
#1702=CARTESIAN_POINT('Ctrl Pts',(2.9872278699473,12.7871000340517,14.6146577164092));
#1703=CARTESIAN_POINT('Ctrl Pts',(2.57773392472226,12.6940854604119,13.9790463647102));
#1704=CARTESIAN_POINT('Ctrl Pts',(2.67125565233817,12.6873310751483,13.99843316407));
#1705=CARTESIAN_POINT('Ctrl Pts',(2.78087813953359,12.6843436305304,14.0121651992764));
#1706=CARTESIAN_POINT('Ctrl Pts',(2.90013749648289,12.685059034194,14.0187650065502));
#1707=CARTESIAN_POINT('Ctrl Pts',(2.50915379861991,12.2787344248349,13.5860510167043));
#1708=CARTESIAN_POINT('Ctrl Pts',(2.60218639538245,12.2896786040801,13.6019390841711));
#1709=CARTESIAN_POINT('Ctrl Pts',(2.7083818863776,12.3056439149391,13.6128797498095));
#1710=CARTESIAN_POINT('Ctrl Pts',(2.82297639020364,12.3254575586757,13.6181910356661));
#1711=CARTESIAN_POINT('Ctrl Pts',(2.45472472204721,11.9490882925687,13.5));
#1712=CARTESIAN_POINT('Ctrl Pts',(2.55827729051427,11.9671681902638,13.5063003083659));
#1713=CARTESIAN_POINT('Ctrl Pts',(2.67039872572573,11.9926227537,13.5069513771833));
#1714=CARTESIAN_POINT('Ctrl Pts',(2.78802047702216,12.0226614746469,13.5029145865968));
#1715=CARTESIAN_POINT('Ctrl Pts',(2.42746601613438,11.7839977281029,13.5));
#1716=CARTESIAN_POINT('Ctrl Pts',(2.53832044541224,11.8037343538629,13.5));
#1717=CARTESIAN_POINT('Ctrl Pts',(2.65492272235458,11.8321628489043,13.4937605584501));
#1718=CARTESIAN_POINT('Ctrl Pts',(2.77531681672222,11.8658860169261,13.4831347397523));
#1719=CARTESIAN_POINT('Ctrl Pts',(2.77531681672222,11.8658860169261,13.4831347397523));
#1720=CARTESIAN_POINT('Ctrl Pts',(2.65492272235458,11.8321628489043,13.4937605584501));
#1721=CARTESIAN_POINT('Ctrl Pts',(2.53832044541224,11.8037343538629,13.5));
#1722=CARTESIAN_POINT('Ctrl Pts',(2.42746601613438,11.7839977281029,13.5));
#1723=CARTESIAN_POINT('Ctrl Pts',(2.54421899871506,12.4911045092895,15.1974014203158));
#1724=CARTESIAN_POINT('Ctrl Pts',(2.70837206538881,12.4652119893239,15.1961731697569));
#1725=CARTESIAN_POINT('Ctrl Pts',(2.87399312710273,12.4489349032864,15.1823283871604));
#1726=CARTESIAN_POINT('Ctrl Pts',(3.03862308072832,12.4388788150393,15.15958568264));
#1727=CARTESIAN_POINT('Origin',(0.,13.,0.));
#1728=CARTESIAN_POINT('',(7.75,13.,-6.75));
#1729=CARTESIAN_POINT('Origin',(7.75,6.5,-6.75));
#1730=CARTESIAN_POINT('',(3.33084975488625,11.2666666666667,-12.5));
#1731=CARTESIAN_POINT('Ctrl Pts',(3.33084975488625,11.2666666666667,-12.5));
#1732=CARTESIAN_POINT('Ctrl Pts',(3.64762224529874,11.5603446866635,-12.5));
#1733=CARTESIAN_POINT('Ctrl Pts',(4.45762198585175,12.1697293208361,-12.697103132152));
#1734=CARTESIAN_POINT('Ctrl Pts',(5.3294196093083,12.5555454998156,-13.1238001624357));
#1735=CARTESIAN_POINT('Ctrl Pts',(5.8340113768626,12.7111985635631,-13.3946105408248));
#1736=CARTESIAN_POINT('',(3.33084975488501,1.73333333333448,-12.5));
#1737=CARTESIAN_POINT('Origin',(7.74999999999999,6.5,-12.5));
#1738=CARTESIAN_POINT('',(6.15417327067662,0.198941592876874,-13.5696776437206));
#1739=CARTESIAN_POINT('Ctrl Pts',(6.15417327067662,0.198941592876873,-13.5696776437206));
#1740=CARTESIAN_POINT('Ctrl Pts',(5.5866459382943,0.342675427436074,-13.2540626549274));
#1741=CARTESIAN_POINT('Ctrl Pts',(4.59847008584217,0.735166818693565,-12.7443903177076));
#1742=CARTESIAN_POINT('Ctrl Pts',(3.68589169633985,1.40417591740302,-12.4999999999997));
#1743=CARTESIAN_POINT('Ctrl Pts',(3.33084975488501,1.73333333333448,-12.5));
#1744=CARTESIAN_POINT('',(6.30555310817378,0.162526278027373,-13.5));
#1745=CARTESIAN_POINT('Ctrl Pts',(6.15417327067662,0.198941592876875,-13.5696776437206));
#1746=CARTESIAN_POINT('Ctrl Pts',(6.20467912679589,0.186150314019441,-13.5467720303447));
#1747=CARTESIAN_POINT('Ctrl Pts',(6.25515143094703,0.174013906885007,-13.5235415149996));
#1748=CARTESIAN_POINT('Ctrl Pts',(6.30555310817378,0.162526278027375,-13.5));
#1749=CARTESIAN_POINT('',(7.74999999999999,1.11022302462516E-15,-12.7258594994602));
#1750=CARTESIAN_POINT('Ctrl Pts',(6.30555310817378,0.162526278027373,-13.5));
#1751=CARTESIAN_POINT('Ctrl Pts',(6.80333100940801,0.0490719626643495,-13.2674988894587));
#1752=CARTESIAN_POINT('Ctrl Pts',(7.29466202582699,1.77834262472774E-15,
-13.0031585926955));
#1753=CARTESIAN_POINT('Ctrl Pts',(7.75,1.83013326715553E-15,-12.7258594994601));
#1754=CARTESIAN_POINT('',(7.75000000000001,1.11022302462516E-15,12.7258594994601));
#1755=CARTESIAN_POINT('',(7.75,1.11022302462516E-15,-6.75));
#1756=CARTESIAN_POINT('',(6.30555310817378,0.162526278027375,13.5));
#1757=CARTESIAN_POINT('Ctrl Pts',(7.75000000000001,1.97758476261356E-15,
12.7258594994601));
#1758=CARTESIAN_POINT('Ctrl Pts',(7.294662025827,1.77782085610635E-15,13.0031585926955));
#1759=CARTESIAN_POINT('Ctrl Pts',(6.80333100940802,0.0490719626643503,13.2674988894587));
#1760=CARTESIAN_POINT('Ctrl Pts',(6.30555310817378,0.162526278027376,13.5));
#1761=CARTESIAN_POINT('',(6.15417327067663,0.198941592876876,13.5696776437205));
#1762=CARTESIAN_POINT('Ctrl Pts',(6.30555310817378,0.162526278027379,13.5));
#1763=CARTESIAN_POINT('Ctrl Pts',(6.25514919256332,0.174014417060914,13.5235425604994));
#1764=CARTESIAN_POINT('Ctrl Pts',(6.20467771325658,0.186150672017047,13.5467726714186));
#1765=CARTESIAN_POINT('Ctrl Pts',(6.15417327067663,0.198941592876876,13.5696776437206));
#1766=CARTESIAN_POINT('',(3.33084975488626,1.73333333333333,12.5));
#1767=CARTESIAN_POINT('Ctrl Pts',(3.33084975488626,1.73333333333333,12.5));
#1768=CARTESIAN_POINT('Ctrl Pts',(3.68584910606111,1.40421540261454,12.5));
#1769=CARTESIAN_POINT('Ctrl Pts',(4.59993617049782,0.734310167748468,12.7449438913936));
#1770=CARTESIAN_POINT('Ctrl Pts',(5.58693926372116,0.342601138875913,13.2542257799366));
#1771=CARTESIAN_POINT('Ctrl Pts',(6.15417327067663,0.198941592876875,13.5696776437206));
#1772=CARTESIAN_POINT('',(3.33084975488504,11.2666666666655,12.5));
#1773=CARTESIAN_POINT('Origin',(7.75,6.5,12.5));
#1774=CARTESIAN_POINT('Ctrl Pts',(5.83401137686256,12.7111985635631,13.3946105408248));
#1775=CARTESIAN_POINT('Ctrl Pts',(5.32952413295254,12.5555777425641,13.1238562594422));
#1776=CARTESIAN_POINT('Ctrl Pts',(4.45614356027137,12.1688575535421,12.6965546840673));
#1777=CARTESIAN_POINT('Ctrl Pts',(3.6476351628056,11.5603566624127,12.4999999999998));
#1778=CARTESIAN_POINT('Ctrl Pts',(3.33084975488504,11.2666666666655,12.5));
#1779=CARTESIAN_POINT('Ctrl Pts',(2.77531681672324,11.8658860169264,-13.4831347397522));
#1780=CARTESIAN_POINT('Ctrl Pts',(3.12218715303441,12.0403986504901,-13.4630723825483));
#1781=CARTESIAN_POINT('Ctrl Pts',(4.02150300873527,12.4276842525574,-13.5272397701134));
#1782=CARTESIAN_POINT('Ctrl Pts',(5.00522777570425,12.6919026744835,-13.7454311527278));
#1783=CARTESIAN_POINT('Ctrl Pts',(5.57627318880074,12.7991238452005,-13.890416140349));
#1784=CARTESIAN_POINT('Ctrl Pts',(2.92981579897923,11.6992374288708,-13.4408620575566));
#1785=CARTESIAN_POINT('Ctrl Pts',(3.25365341570443,11.8832929205584,-13.3987806163758));
#1786=CARTESIAN_POINT('Ctrl Pts',(4.10940258111314,12.3178556922258,-13.4288837153861));
#1787=CARTESIAN_POINT('Ctrl Pts',(5.06565005986181,12.6314236474124,-13.6585652736535));
#1788=CARTESIAN_POINT('Ctrl Pts',(5.62272154290436,12.759179826722,-13.817046402631));
#1789=CARTESIAN_POINT('Ctrl Pts',(3.21728955142805,11.3891571018092,-13.1923081810084));
#1790=CARTESIAN_POINT('Ctrl Pts',(3.50262149007283,11.6159328971235,-13.1381299451715));
#1791=CARTESIAN_POINT('Ctrl Pts',(4.28143658072302,12.1568482827997,-13.1747735297051));
#1792=CARTESIAN_POINT('Ctrl Pts',(5.18457885226611,12.5455379987351,-13.460204400889));
#1793=CARTESIAN_POINT('Ctrl Pts',(5.71459035962329,12.7032443222355,-13.656631649626));
#1794=CARTESIAN_POINT('Ctrl Pts',(3.33084975488625,11.2666666666667,-12.7311464191353));
#1795=CARTESIAN_POINT('Ctrl Pts',(3.62773700473806,11.5424642842563,-12.7127588796894));
#1796=CARTESIAN_POINT('Ctrl Pts',(4.41017040944306,12.1415868538114,-12.8561132938517));
#1797=CARTESIAN_POINT('Ctrl Pts',(5.28604743043196,12.5388250062789,-13.2359500209306));
#1798=CARTESIAN_POINT('Ctrl Pts',(5.79691473125288,12.6997552406332,-13.4819545839462));
#1799=CARTESIAN_POINT('Ctrl Pts',(3.33084975488625,11.2666666666667,-12.5));
#1800=CARTESIAN_POINT('Ctrl Pts',(3.64762224529874,11.5603446866635,-12.5));
#1801=CARTESIAN_POINT('Ctrl Pts',(4.45762198585175,12.1697293208361,-12.697103132152));
#1802=CARTESIAN_POINT('Ctrl Pts',(5.3294196093083,12.5555454998156,-13.1238001624357));
#1803=CARTESIAN_POINT('Ctrl Pts',(5.8340113768626,12.7111985635631,-13.3946105408248));
#1804=CARTESIAN_POINT('Origin',(2.65098048640721,12.,-12.5));
#1805=CARTESIAN_POINT('Origin',(7.74999999999999,6.5,-12.5));
#1806=CARTESIAN_POINT('',(2.65098048640578,1.00000000000033,-13.5));
#1807=CARTESIAN_POINT('Origin',(7.74999999999999,6.5,-13.5));
#1808=CARTESIAN_POINT('Origin',(2.65098048640578,1.00000000000133,-12.5));
#1809=CARTESIAN_POINT('Origin',(-1.25,13.,-13.5));
#1810=CARTESIAN_POINT('',(-2.65098048640722,1.,-13.5));
#1811=CARTESIAN_POINT('Origin',(-7.75,6.5,-13.5));
#1812=CARTESIAN_POINT('',(6.825,1.,-13.5));
#1813=CARTESIAN_POINT('Origin',(-7.75,6.5,-12.5));
#1814=CARTESIAN_POINT('',(-3.33084975488508,11.2666666666656,-12.5));
#1815=CARTESIAN_POINT('Origin',(-2.65098048640586,11.9999999999987,-12.5));
#1816=CARTESIAN_POINT('',(-3.33084975488626,1.73333333333333,-12.5));
#1817=CARTESIAN_POINT('Origin',(-7.75,6.5,-12.5));
#1818=CARTESIAN_POINT('Origin',(-2.65098048640722,1.,-12.5));
#1819=CARTESIAN_POINT('Ctrl Pts',(-3.33084975488508,11.2666666666656,-12.5));
#1820=CARTESIAN_POINT('Ctrl Pts',(-3.64762977411713,11.5603516665895,-12.4999999999998));
#1821=CARTESIAN_POINT('Ctrl Pts',(-4.4561738183573,12.1688713338884,-12.6965678663181));
#1822=CARTESIAN_POINT('Ctrl Pts',(-5.32948391035234,12.5555653349677,-13.1238346722933));
#1823=CARTESIAN_POINT('Ctrl Pts',(-5.83401137686255,12.7111985635631,-13.3946105408248));
#1824=CARTESIAN_POINT('Ctrl Pts',(-3.33084975488515,11.2666666666656,-12.7311464191353));
#1825=CARTESIAN_POINT('Ctrl Pts',(-3.62774406093848,11.5424708392138,-12.7127584426675));
#1826=CARTESIAN_POINT('Ctrl Pts',(-4.40874328311008,12.1407271776488,-12.8556645883863));
#1827=CARTESIAN_POINT('Ctrl Pts',(-5.28611253117858,12.5388455139105,-13.2359813697382));
#1828=CARTESIAN_POINT('Ctrl Pts',(-5.79691473125283,12.6997552406331,-13.4819545839462));
#1829=CARTESIAN_POINT('Ctrl Pts',(-3.21728955142699,11.3891571018083,-13.1923081810086));
#1830=CARTESIAN_POINT('Ctrl Pts',(-3.50262827163499,11.6159382869659,-13.1381286575024));
#1831=CARTESIAN_POINT('Ctrl Pts',(-4.2799879605717,12.1560474306407,-13.1744967731332));
#1832=CARTESIAN_POINT('Ctrl Pts',(-5.18464639259368,12.5455580955379,-13.4602294319696));
#1833=CARTESIAN_POINT('Ctrl Pts',(-5.71459035962324,12.7032443222355,-13.656631649626));
#1834=CARTESIAN_POINT('Ctrl Pts',(-2.92981579897799,11.6992374288702,-13.4408620575568));
#1835=CARTESIAN_POINT('Ctrl Pts',(-3.25366111244156,11.8832972950557,-13.3987796162146));
#1836=CARTESIAN_POINT('Ctrl Pts',(-4.10784261255771,12.3172105412692,-13.4286620355649));
#1837=CARTESIAN_POINT('Ctrl Pts',(-5.06572104849116,12.6314399276141,-13.6585854691912));
#1838=CARTESIAN_POINT('Ctrl Pts',(-5.6227215429043,12.759179826722,-13.817046402631));
#1839=CARTESIAN_POINT('Ctrl Pts',(-2.77531681672191,11.8658860169258,-13.4831347397523));
#1840=CARTESIAN_POINT('Ctrl Pts',(-3.12219539719649,12.0404027981797,-13.4630719057207));
#1841=CARTESIAN_POINT('Ctrl Pts',(-4.01988156707049,12.4271226134109,-13.5269976080641));
#1842=CARTESIAN_POINT('Ctrl Pts',(-5.00530054505684,12.6919163378717,-13.7454496284278));
#1843=CARTESIAN_POINT('Ctrl Pts',(-5.57627318880067,12.7991238452005,-13.890416140349));
#1844=CARTESIAN_POINT('Ctrl Pts',(-5.83401137686255,12.7111985635631,-13.3946105408248));
#1845=CARTESIAN_POINT('Ctrl Pts',(-5.32948391035234,12.5555653349677,-13.1238346722933));
#1846=CARTESIAN_POINT('Ctrl Pts',(-4.4561738183573,12.1688713338884,-12.6965678663181));
#1847=CARTESIAN_POINT('Ctrl Pts',(-3.64762977411713,11.5603516665895,-12.4999999999998));
#1848=CARTESIAN_POINT('Ctrl Pts',(-3.33084975488508,11.2666666666656,-12.5));
#1849=CARTESIAN_POINT('Origin',(0.,12.,0.));
#1850=CARTESIAN_POINT('',(16.9,11.,-2.06965309055903E-15));
#1851=CARTESIAN_POINT('',(15.9,12.,-1.94718841064429E-15));
#1852=CARTESIAN_POINT('',(-16.9,11.,2.06965309055903E-15));
#1853=CARTESIAN_POINT('Origin',(0.,11.,0.));
#1854=CARTESIAN_POINT('Origin',(0.,11.,0.));
#1855=CARTESIAN_POINT('Ctrl Pts',(3.33084975488501,1.73333333333448,-12.5));
#1856=CARTESIAN_POINT('Ctrl Pts',(3.68589169633985,1.40417591740302,-12.4999999999997));
#1857=CARTESIAN_POINT('Ctrl Pts',(4.59847008584217,0.735166818693565,-12.7443903177076));
#1858=CARTESIAN_POINT('Ctrl Pts',(5.5866459382943,0.342675427436074,-13.2540626549274));
#1859=CARTESIAN_POINT('Ctrl Pts',(6.15417327067662,0.198941592876873,-13.5696776437206));
#1860=CARTESIAN_POINT('Ctrl Pts',(3.33084975488511,1.73333333333439,-12.799199300342));
#1861=CARTESIAN_POINT('Ctrl Pts',(3.65652371583958,1.42991228124799,-12.7720988808682));
#1862=CARTESIAN_POINT('Ctrl Pts',(4.53263380306933,0.77056956399257,-12.9378177144594));
#1863=CARTESIAN_POINT('Ctrl Pts',(5.53293793789815,0.36038687570743,-13.3820046075452));
#1864=CARTESIAN_POINT('Ctrl Pts',(6.11203104883287,0.209614670272141,-13.6627228923301));
#1865=CARTESIAN_POINT('Ctrl Pts',(3.16019101223302,1.54925420163356,-13.3173345324248));
#1866=CARTESIAN_POINT('Ctrl Pts',(3.48398542015641,1.31385963912721,-13.2470948391169));
#1867=CARTESIAN_POINT('Ctrl Pts',(4.37968483996924,0.73769266670187,-13.2785090987028));
#1868=CARTESIAN_POINT('Ctrl Pts',(5.4246440489269,0.345011798998419,-13.6058028798134));
#1869=CARTESIAN_POINT('Ctrl Pts',(6.0314382624229,0.201224998496737,-13.8255285902416));
#1870=CARTESIAN_POINT('Ctrl Pts',(2.80354279349553,1.16455961518871,-13.5000000000001));
#1871=CARTESIAN_POINT('Ctrl Pts',(3.18756631541052,0.971693077097454,-13.4684552101527));
#1872=CARTESIAN_POINT('Ctrl Pts',(4.19348340652235,0.535948486752917,-13.5363288293668));
#1873=CARTESIAN_POINT('Ctrl Pts',(5.3050646832105,0.250925539073269,-13.8016791059983));
#1874=CARTESIAN_POINT('Ctrl Pts',(5.94549338802524,0.146241266464961,-13.9749549633185));
#1875=CARTESIAN_POINT('Ctrl Pts',(2.65098048640578,1.00000000000066,-13.5));
#1876=CARTESIAN_POINT('Ctrl Pts',(3.06064426500752,0.810101490809437,-13.4999999999999));
#1877=CARTESIAN_POINT('Ctrl Pts',(4.11361932981789,0.424134703092442,-13.6221951588538));
#1878=CARTESIAN_POINT('Ctrl Pts',(5.25382223649343,0.197697361982349,-13.8770313274637));
#1879=CARTESIAN_POINT('Ctrl Pts',(5.90866146616533,0.114773995890503,-14.0348388218603));
#1880=CARTESIAN_POINT('',(5.3541107825504,0.196480781503357,-13.9046405568069));
#1881=CARTESIAN_POINT('Ctrl Pts',(5.35380149228286,0.196512893811819,-13.9044336118751));
#1882=CARTESIAN_POINT('Ctrl Pts',(5.39776060191096,0.20914461057054,-13.8874967436781));
#1883=CARTESIAN_POINT('Ctrl Pts',(5.44250889864115,0.219381832025388,-13.8699779009804));
#1884=CARTESIAN_POINT('Ctrl Pts',(5.48765909497776,0.227371302696286,-13.8520663096819));
#1885=CARTESIAN_POINT('Ctrl Pts',(5.53260987597841,0.23532548619,-13.8342338286926));
#1886=CARTESIAN_POINT('Ctrl Pts',(5.57795964671677,0.241052389054587,-13.8160124432947));
#1887=CARTESIAN_POINT('Ctrl Pts',(5.62334983600196,0.244710850064092,-13.7975464022321));
#1888=CARTESIAN_POINT('Ctrl Pts',(5.66280859693566,0.24789123641261,-13.7814934376783));
#1889=CARTESIAN_POINT('Ctrl Pts',(5.70229839339919,0.249509035303074,-13.7652551751908));
#1890=CARTESIAN_POINT('Ctrl Pts',(5.74159368609555,0.249670657059056,-13.7488960268018));
#1891=CARTESIAN_POINT('Ctrl Pts',(5.75960333953581,0.249744730863166,-13.741398370649));
#1892=CARTESIAN_POINT('Ctrl Pts',(5.77757226061615,0.249512951605084,-13.7338749252843));
#1893=CARTESIAN_POINT('Ctrl Pts',(5.79547974682079,0.248988343825771,-13.7263305430888));
#1894=CARTESIAN_POINT('Ctrl Pts',(5.84534762675706,0.247527442085939,-13.7053213215142));
#1895=CARTESIAN_POINT('Ctrl Pts',(5.89522629603654,0.243769253305161,-13.6839987675106));
#1896=CARTESIAN_POINT('Ctrl Pts',(5.94480324552938,0.237804545955235,-13.6624924921735));
#1897=CARTESIAN_POINT('Ctrl Pts',(5.99990198121484,0.23117550086318,-13.6385908888578));
#1898=CARTESIAN_POINT('Ctrl Pts',(6.05462670396509,0.2218207916692,-13.6144628198454));
#1899=CARTESIAN_POINT('Ctrl Pts',(6.10852865142117,0.209805100807457,-13.5902702572733));
#1900=CARTESIAN_POINT('Ctrl Pts',(6.12381307827759,0.206397933594152,-13.5834102184332));
#1901=CARTESIAN_POINT('Ctrl Pts',(6.13903132719343,0.202776491172224,-13.5765448771433));
#1902=CARTESIAN_POINT('Ctrl Pts',(6.15417327067662,0.198941592876874,-13.5696776437206));
#1903=CARTESIAN_POINT('Ctrl Pts',(2.65098048640578,1.00000000000066,-13.5));
#1904=CARTESIAN_POINT('Ctrl Pts',(3.06064426500752,0.810101490809437,-13.4999999999999));
#1905=CARTESIAN_POINT('Ctrl Pts',(3.94341096043278,0.486524383313361,-13.6024428974467));
#1906=CARTESIAN_POINT('Ctrl Pts',(4.88748476438733,0.275070754830642,-13.7981110381951));
#1907=CARTESIAN_POINT('Ctrl Pts',(5.35430154615744,0.196428642626506,-13.9045476230229));
#1908=CARTESIAN_POINT('Ctrl Pts',(-2.65098048640722,1.,-13.5));
#1909=CARTESIAN_POINT('Ctrl Pts',(-3.06061639143888,0.810114411525034,-13.5));
#1910=CARTESIAN_POINT('Ctrl Pts',(-4.11519791178334,0.423677749374517,-13.6224562842908));
#1911=CARTESIAN_POINT('Ctrl Pts',(-5.25404462624818,0.197669200402818,-13.8770849204196));
#1912=CARTESIAN_POINT('Ctrl Pts',(-5.90866146616534,0.114773995890505,-14.0348388218603));
#1913=CARTESIAN_POINT('Ctrl Pts',(-2.8543968958601,1.21941282025072,-13.5));
#1914=CARTESIAN_POINT('Ctrl Pts',(-3.2291968036027,1.02547773325089,-13.4570631697627));
#1915=CARTESIAN_POINT('Ctrl Pts',(-4.22091549179688,0.572165296040271,-13.5068034322797));
#1916=CARTESIAN_POINT('Ctrl Pts',(-5.32237018663808,0.268685012039859,-13.7766410547252));
#1917=CARTESIAN_POINT('Ctrl Pts',(-5.95777069531189,0.15673035665645,-13.9549936771379));
#1918=CARTESIAN_POINT('Ctrl Pts',(-3.20666111706938,1.59937865711136,-13.2489830022265));
#1919=CARTESIAN_POINT('Ctrl Pts',(-3.52394209563788,1.35147782861664,-13.1827756891941));
#1920=CARTESIAN_POINT('Ctrl Pts',(-4.407460820178,0.753127960560259,-13.2305570906882));
#1921=CARTESIAN_POINT('Ctrl Pts',(-5.44188671047903,0.352345236560397,-13.5739793727955));
#1922=CARTESIAN_POINT('Ctrl Pts',(-6.04369944981114,0.205428440692609,-13.8022978198016));
#1923=CARTESIAN_POINT('Ctrl Pts',(-3.33084975488626,1.73333333333333,-12.7243994752564));
#1924=CARTESIAN_POINT('Ctrl Pts',(-3.66437827468125,1.42363125988783,-12.7046790581282));
#1925=CARTESIAN_POINT('Ctrl Pts',(-4.55101845003414,0.761355697696894,-12.8906616800141));
#1926=CARTESIAN_POINT('Ctrl Pts',(-5.54655312876169,0.355866974621742,-13.3501049913843));
#1927=CARTESIAN_POINT('Ctrl Pts',(-6.12256660429382,0.206946400923327,-13.6394615801777));
#1928=CARTESIAN_POINT('Ctrl Pts',(-3.33084975488626,1.73333333333333,-12.5));
#1929=CARTESIAN_POINT('Ctrl Pts',(-3.68586753924699,1.40419831331009,-12.5));
#1930=CARTESIAN_POINT('Ctrl Pts',(-4.59983819021223,0.734374765582492,-12.7449125685816));
#1931=CARTESIAN_POINT('Ctrl Pts',(-5.58683867608176,0.342626614031551,-13.2541698408392));
#1932=CARTESIAN_POINT('Ctrl Pts',(-6.15417327067663,0.198941592876875,-13.5696776437206));
#1933=CARTESIAN_POINT('',(-6.15417327067663,0.198941592876876,-13.5696776437206));
#1934=CARTESIAN_POINT('',(-5.35426321761988,0.196464954810814,-13.9047425505272));
#1935=CARTESIAN_POINT('Ctrl Pts',(-6.15417327067663,0.198941592876876,-13.5696776437206));
#1936=CARTESIAN_POINT('Ctrl Pts',(-6.04030569723748,0.22778006818635,-13.6213193109182));
#1937=CARTESIAN_POINT('Ctrl Pts',(-5.92239584490489,0.244590920634382,-13.6730263193875));
#1938=CARTESIAN_POINT('Ctrl Pts',(-5.65469551191092,0.253590861086281,-13.7862551180478));
#1939=CARTESIAN_POINT('Ctrl Pts',(-5.50025052555183,0.238108901492376,-13.8485275957908));
#1940=CARTESIAN_POINT('Ctrl Pts',(-5.35426321761988,0.196464954810814,-13.9047425505272));
#1941=CARTESIAN_POINT('Ctrl Pts',(-5.35430100526653,0.196412656178144,-13.9045382087892));
#1942=CARTESIAN_POINT('Ctrl Pts',(-4.88787873724323,0.274969869746452,-13.7981802060118));
#1943=CARTESIAN_POINT('Ctrl Pts',(-3.94464108865644,0.4861759139684,-13.6026515044633));
#1944=CARTESIAN_POINT('Ctrl Pts',(-3.06061639143888,0.810114411525034,-13.5));
#1945=CARTESIAN_POINT('Ctrl Pts',(-2.65098048640722,1.,-13.5));
#1946=CARTESIAN_POINT('Ctrl Pts',(-3.33084975488626,1.73333333333333,-12.5));
#1947=CARTESIAN_POINT('Ctrl Pts',(-3.68586753924699,1.40419831331009,-12.5));
#1948=CARTESIAN_POINT('Ctrl Pts',(-4.59983819021223,0.734374765582492,-12.7449125685816));
#1949=CARTESIAN_POINT('Ctrl Pts',(-5.58683867608176,0.342626614031551,-13.2541698408392));
#1950=CARTESIAN_POINT('Ctrl Pts',(-6.15417327067663,0.198941592876875,-13.5696776437206));
#1951=CARTESIAN_POINT('Origin',(-7.75,6.5,6.75));
#1952=CARTESIAN_POINT('',(-3.33084975488625,11.2666666666667,12.5));
#1953=CARTESIAN_POINT('Ctrl Pts',(-3.33084975488625,11.2666666666667,12.5));
#1954=CARTESIAN_POINT('Ctrl Pts',(-3.64760904869842,11.5603324521685,12.5));
#1955=CARTESIAN_POINT('Ctrl Pts',(-4.45782094726053,12.1698400696878,12.6971797498428));
#1956=CARTESIAN_POINT('Ctrl Pts',(-5.3293376083227,12.5555202047048,13.1237561531605));
#1957=CARTESIAN_POINT('Ctrl Pts',(-5.8340113768626,12.7111985635631,13.3946105408248));
#1958=CARTESIAN_POINT('',(-3.33084975488504,1.73333333333445,12.5));
#1959=CARTESIAN_POINT('Origin',(-7.75,6.5,12.5));
#1960=CARTESIAN_POINT('',(-6.15417327067662,0.198941592876876,13.5696776437206));
#1961=CARTESIAN_POINT('Ctrl Pts',(-6.15417327067662,0.198941592876875,13.5696776437206));
#1962=CARTESIAN_POINT('Ctrl Pts',(-5.58667971031513,0.342666874223257,13.2540814363241));
#1963=CARTESIAN_POINT('Ctrl Pts',(-4.59846795460132,0.735163624222592,12.7443863500139));
#1964=CARTESIAN_POINT('Ctrl Pts',(-3.68588563030055,1.40418154119444,12.4999999999998));
#1965=CARTESIAN_POINT('Ctrl Pts',(-3.33084975488504,1.73333333333445,12.5));
#1966=CARTESIAN_POINT('',(-6.30555310817378,0.162526278027373,13.5));
#1967=CARTESIAN_POINT('Ctrl Pts',(-6.15417327067662,0.198941592876877,13.5696776437206));
#1968=CARTESIAN_POINT('Ctrl Pts',(-6.20467912679589,0.186150314019442,13.5467720303447));
#1969=CARTESIAN_POINT('Ctrl Pts',(-6.25515143094703,0.174013906885008,13.5235415149996));
#1970=CARTESIAN_POINT('Ctrl Pts',(-6.30555310817378,0.162526278027376,13.5));
#1971=CARTESIAN_POINT('',(-7.75,1.11022302462516E-15,12.7258594994601));
#1972=CARTESIAN_POINT('Ctrl Pts',(-6.30555310817378,0.162526278027374,13.5));
#1973=CARTESIAN_POINT('Ctrl Pts',(-6.80333100940801,0.0490719626643495,
13.2674988894587));
#1974=CARTESIAN_POINT('Ctrl Pts',(-7.29466202582699,1.5038389006263E-15,
13.0031585926955));
#1975=CARTESIAN_POINT('Ctrl Pts',(-7.75,1.67400815431762E-15,12.7258594994601));
#1976=CARTESIAN_POINT('',(-7.75,1.11022302462516E-15,-12.7258594994601));
#1977=CARTESIAN_POINT('',(-7.75,1.11022302462516E-15,6.75000000000001));
#1978=CARTESIAN_POINT('',(-6.30555310817378,0.162526278027375,-13.5));
#1979=CARTESIAN_POINT('Ctrl Pts',(-7.75000000000001,1.80411241501588E-15,
-12.7258594994601));
#1980=CARTESIAN_POINT('Ctrl Pts',(-7.29466202582699,1.87809904705559E-15,
-13.0031585926955));
#1981=CARTESIAN_POINT('Ctrl Pts',(-6.80333100940802,0.04907196266435,-13.2674988894587));
#1982=CARTESIAN_POINT('Ctrl Pts',(-6.30555310817378,0.162526278027375,-13.5));
#1983=CARTESIAN_POINT('Ctrl Pts',(-6.30555310817378,0.162526278027377,-13.5));
#1984=CARTESIAN_POINT('Ctrl Pts',(-6.25514919256332,0.174014417060913,-13.5235425604994));
#1985=CARTESIAN_POINT('Ctrl Pts',(-6.20467771325658,0.186150672017047,-13.5467726714186));
#1986=CARTESIAN_POINT('Ctrl Pts',(-6.15417327067663,0.198941592876876,-13.5696776437206));
#1987=CARTESIAN_POINT('',(-7.75,13.,6.75));
#1988=CARTESIAN_POINT('Ctrl Pts',(3.33084975488504,11.2666666666655,12.5));
#1989=CARTESIAN_POINT('Ctrl Pts',(3.6476351628056,11.5603566624127,12.4999999999998));
#1990=CARTESIAN_POINT('Ctrl Pts',(4.45614356027137,12.1688575535421,12.6965546840673));
#1991=CARTESIAN_POINT('Ctrl Pts',(5.32952413295254,12.5555777425641,13.1238562594422));
#1992=CARTESIAN_POINT('Ctrl Pts',(5.83401137686256,12.7111985635631,13.3946105408248));
#1993=CARTESIAN_POINT('Ctrl Pts',(3.33084975488511,11.2666666666656,12.7311464191354));
#1994=CARTESIAN_POINT('Ctrl Pts',(3.62774911135463,11.5424755308694,12.7127581298729));
#1995=CARTESIAN_POINT('Ctrl Pts',(4.40871311685934,12.1407133467718,12.8556530281671));
#1996=CARTESIAN_POINT('Ctrl Pts',(5.28615325402131,12.5388583421667,13.2360009795373));
#1997=CARTESIAN_POINT('Ctrl Pts',(5.79691473125284,12.6997552406331,13.4819545839462));
#1998=CARTESIAN_POINT('Ctrl Pts',(3.21728955142695,11.3891571018083,13.1923081810087));
#1999=CARTESIAN_POINT('Ctrl Pts',(3.50263312548111,11.6159421447002,13.1381277358642));
#2000=CARTESIAN_POINT('Ctrl Pts',(4.27995707053571,12.1560345226993,13.1744884370774));
#2001=CARTESIAN_POINT('Ctrl Pts',(5.18468864148146,12.545570666806,13.4602450898047));
#2002=CARTESIAN_POINT('Ctrl Pts',(5.71459035962325,12.7032443222355,13.656631649626));
#2003=CARTESIAN_POINT('Ctrl Pts',(2.92981579897795,11.6992374288701,13.4408620575568));
#2004=CARTESIAN_POINT('Ctrl Pts',(3.25366662131648,11.8833004260653,13.3987789003577));
#2005=CARTESIAN_POINT('Ctrl Pts',(4.1078096904117,12.3172001080088,13.4286553085994));
#2006=CARTESIAN_POINT('Ctrl Pts',(5.06576545441488,12.6314501114618,13.6585981022215));
#2007=CARTESIAN_POINT('Ctrl Pts',(5.6227215429043,12.759179826722,13.817046402631));
#2008=CARTESIAN_POINT('Ctrl Pts',(2.77531681672187,11.8658860169257,13.4831347397523));
#2009=CARTESIAN_POINT('Ctrl Pts',(3.12220129788621,12.0404057668536,13.4630715644354));
#2010=CARTESIAN_POINT('Ctrl Pts',(4.01984754075957,12.4271135528778,13.5269910254515));
#2011=CARTESIAN_POINT('Ctrl Pts',(5.00534606488658,12.6919248848092,13.7454611856381));
#2012=CARTESIAN_POINT('Ctrl Pts',(5.57627318880068,12.7991238452005,13.890416140349));
#2013=CARTESIAN_POINT('Origin',(2.65098048640581,11.9999999999987,12.5));
#2014=CARTESIAN_POINT('Origin',(7.75,6.5,12.5));
#2015=CARTESIAN_POINT('',(2.65098048640722,1.,13.5));
#2016=CARTESIAN_POINT('Origin',(2.65098048640722,1.,12.5));
#2017=CARTESIAN_POINT('Origin',(7.75,6.5,13.5));
#2018=CARTESIAN_POINT('Ctrl Pts',(2.65098048640723,1.,13.5));
#2019=CARTESIAN_POINT('Ctrl Pts',(3.06059512237825,0.810124270739141,13.5));
#2020=CARTESIAN_POINT('Ctrl Pts',(4.11531096595902,0.423640481393349,13.6224719456968));
#2021=CARTESIAN_POINT('Ctrl Pts',(5.25416068890904,0.197654503197643,13.8771128899683));
#2022=CARTESIAN_POINT('Ctrl Pts',(5.90866146616534,0.114773995890505,14.0348388218603));
#2023=CARTESIAN_POINT('Ctrl Pts',(2.8543968958601,1.21941282025072,13.5));
#2024=CARTESIAN_POINT('Ctrl Pts',(3.22917734329206,1.02548780272252,13.4570653991231));
#2025=CARTESIAN_POINT('Ctrl Pts',(4.22102244183868,0.57212079555904,13.5068135435562));
#2026=CARTESIAN_POINT('Ctrl Pts',(5.32248284226996,0.268665162634212,13.7766726763986));
#2027=CARTESIAN_POINT('Ctrl Pts',(5.95777069531189,0.15673035665645,13.9549936771379));
#2028=CARTESIAN_POINT('Ctrl Pts',(3.20666111706938,1.59937865711136,13.2489830022265));
#2029=CARTESIAN_POINT('Ctrl Pts',(3.52392562181738,1.35149070009027,13.1827791268013));
#2030=CARTESIAN_POINT('Ctrl Pts',(4.40755741267345,0.753069496312369,13.230569056683));
#2031=CARTESIAN_POINT('Ctrl Pts',(5.44199341104584,0.35231918841557,13.5740198533406));
#2032=CARTESIAN_POINT('Ctrl Pts',(6.04369944981114,0.205428440692609,13.8022978198016));
#2033=CARTESIAN_POINT('Ctrl Pts',(3.33084975488626,1.73333333333333,12.7243994752564));
#2034=CARTESIAN_POINT('Ctrl Pts',(3.6643609572581,1.42364734019743,12.704680082049));
#2035=CARTESIAN_POINT('Ctrl Pts',(4.55111435986414,0.761291492579088,12.8906872185199));
#2036=CARTESIAN_POINT('Ctrl Pts',(5.54665525515468,0.355840571209875,13.3501562939075));
#2037=CARTESIAN_POINT('Ctrl Pts',(6.12256660429382,0.206946400923326,13.6394615801777));
#2038=CARTESIAN_POINT('Ctrl Pts',(3.33084975488626,1.73333333333333,12.5));
#2039=CARTESIAN_POINT('Ctrl Pts',(3.68584910606111,1.40421540261454,12.5));
#2040=CARTESIAN_POINT('Ctrl Pts',(4.59993617049782,0.734310167748468,12.7449438913936));
#2041=CARTESIAN_POINT('Ctrl Pts',(5.58693926372116,0.342601138875913,13.2542257799366));
#2042=CARTESIAN_POINT('Ctrl Pts',(6.15417327067663,0.198941592876875,13.5696776437206));
#2043=CARTESIAN_POINT('',(5.35426321761988,0.196464954810814,13.9047425505272));
#2044=CARTESIAN_POINT('Ctrl Pts',(6.15417327067663,0.198941592876876,13.5696776437206));
#2045=CARTESIAN_POINT('Ctrl Pts',(6.04030566832452,0.227780075508941,13.6213193240309));
#2046=CARTESIAN_POINT('Ctrl Pts',(5.92239578478103,0.244590929234112,13.6730263457338));
#2047=CARTESIAN_POINT('Ctrl Pts',(5.6546954506346,0.253590854804822,13.7862551427999));
#2048=CARTESIAN_POINT('Ctrl Pts',(5.50025049672071,0.238108893268089,13.8485276068928));
#2049=CARTESIAN_POINT('Ctrl Pts',(5.35426321761987,0.196464954810814,13.9047425505272));
#2050=CARTESIAN_POINT('Ctrl Pts',(5.35430115328718,0.196413176240212,13.9045379434626));
#2051=CARTESIAN_POINT('Ctrl Pts',(4.88794308184709,0.274960287765719,13.7981942992123));
#2052=CARTESIAN_POINT('Ctrl Pts',(3.94471024632581,0.486154392595361,13.6026620583248));
#2053=CARTESIAN_POINT('Ctrl Pts',(3.06059512237825,0.810124270739141,13.5));
#2054=CARTESIAN_POINT('Ctrl Pts',(2.65098048640723,1.,13.5));
#2055=CARTESIAN_POINT('Ctrl Pts',(-3.33084975488504,1.73333333333445,12.5));
#2056=CARTESIAN_POINT('Ctrl Pts',(-3.68588563030055,1.40418154119444,12.4999999999998));
#2057=CARTESIAN_POINT('Ctrl Pts',(-4.59846795460132,0.735163624222592,12.7443863500139));
#2058=CARTESIAN_POINT('Ctrl Pts',(-5.58667971031513,0.342666874223257,13.2540814363241));
#2059=CARTESIAN_POINT('Ctrl Pts',(-6.15417327067662,0.198941592876875,13.5696776437206));
#2060=CARTESIAN_POINT('Ctrl Pts',(-3.33084975488514,1.73333333333436,12.799199300342));
#2061=CARTESIAN_POINT('Ctrl Pts',(-3.65651815156445,1.42991746532292,12.7720993438901));
#2062=CARTESIAN_POINT('Ctrl Pts',(-4.53263107189068,0.770566746056111,12.9378137310461));
#2063=CARTESIAN_POINT('Ctrl Pts',(-5.53297239816727,0.360377903660145,13.3820213123332));
#2064=CARTESIAN_POINT('Ctrl Pts',(-6.11203104883287,0.209614670272143,13.6627228923301));
#2065=CARTESIAN_POINT('Ctrl Pts',(-3.16019101223305,1.54925420163354,13.3173345324248));
#2066=CARTESIAN_POINT('Ctrl Pts',(-3.48397988799424,1.31386366094125,13.2470960391913));
#2067=CARTESIAN_POINT('Ctrl Pts',(-4.37968175251691,0.737690688644582,13.278505166912));
#2068=CARTESIAN_POINT('Ctrl Pts',(-5.42468015761391,0.345003242633741,13.6058159550978));
#2069=CARTESIAN_POINT('Ctrl Pts',(-6.0314382624229,0.201224998496738,13.8255285902416));
#2070=CARTESIAN_POINT('Ctrl Pts',(-2.80354279349557,1.16455961518869,13.5000000000001));
#2071=CARTESIAN_POINT('Ctrl Pts',(-3.18755975420887,0.971696372302502,13.4684557491086));
#2072=CARTESIAN_POINT('Ctrl Pts',(-4.19348076109082,0.53594679091671,13.5363261060112));
#2073=CARTESIAN_POINT('Ctrl Pts',(-5.30510279339538,0.25091930959456,13.8016894171772));
#2074=CARTESIAN_POINT('Ctrl Pts',(-5.94549338802524,0.146241266464962,13.9749549633185));
#2075=CARTESIAN_POINT('Ctrl Pts',(-2.65098048640582,1.00000000000065,13.5));
#2076=CARTESIAN_POINT('Ctrl Pts',(-3.06063726573141,0.810104735304477,13.4999999999999));
#2077=CARTESIAN_POINT('Ctrl Pts',(-4.11361687069382,0.42413286012842,13.6221931750069));
#2078=CARTESIAN_POINT('Ctrl Pts',(-5.25386120420976,0.197692427436494,13.877040718162));
#2079=CARTESIAN_POINT('Ctrl Pts',(-5.90866146616533,0.114773995890504,14.0348388218603));
#2080=CARTESIAN_POINT('',(-5.35413488958135,0.196477738590476,13.9046517874637));
#2081=CARTESIAN_POINT('Ctrl Pts',(-5.35383851420359,0.196507262906207,13.9044421689147));
#2082=CARTESIAN_POINT('Ctrl Pts',(-5.39779337605697,0.209138140057815,13.8875060993869));
#2083=CARTESIAN_POINT('Ctrl Pts',(-5.44253707947971,0.219374914744423,13.8699880788101));
#2084=CARTESIAN_POINT('Ctrl Pts',(-5.48768239056169,0.227364327614632,13.8520772439769));
#2085=CARTESIAN_POINT('Ctrl Pts',(-5.5326278892857,0.235318379483086,13.8342456821857));
#2086=CARTESIAN_POINT('Ctrl Pts',(-5.57797208067627,0.241045578004884,13.8160251578918));
#2087=CARTESIAN_POINT('Ctrl Pts',(-5.62335645878599,0.244704737609335,13.7975598232506));
#2088=CARTESIAN_POINT('Ctrl Pts',(-5.66281806613131,0.247886368063225,13.7815042592997));
#2089=CARTESIAN_POINT('Ctrl Pts',(-5.70231054587983,0.249505089915621,13.7652632070932));
#2090=CARTESIAN_POINT('Ctrl Pts',(-5.74160827014075,0.249667348947139,13.7489010512966));
#2091=CARTESIAN_POINT('Ctrl Pts',(-5.75961680805949,0.249741705617321,13.7414029452705));
#2092=CARTESIAN_POINT('Ctrl Pts',(-5.77758457098548,0.249510224767876,13.7338790103588));
#2093=CARTESIAN_POINT('Ctrl Pts',(-5.7954908563984,0.248985929543505,13.7263340933306));
#2094=CARTESIAN_POINT('Ctrl Pts',(-5.84537563261992,0.247525305559321,13.7053148540589));
#2095=CARTESIAN_POINT('Ctrl Pts',(-5.89527273200011,0.243765152594935,13.6839823447158));
#2096=CARTESIAN_POINT('Ctrl Pts',(-5.94486864244671,0.237796432890314,13.6624663081198));
#2097=CARTESIAN_POINT('Ctrl Pts',(-5.99995060109765,0.231167483668322,13.6385702766237));
#2098=CARTESIAN_POINT('Ctrl Pts',(-6.05465970983511,0.221814084487571,13.614448335846));
#2099=CARTESIAN_POINT('Ctrl Pts',(-6.10854682637172,0.209801053288324,13.5902621645638));
#2100=CARTESIAN_POINT('Ctrl Pts',(-6.12382511571087,0.206395070962702,13.5834048052058));
#2101=CARTESIAN_POINT('Ctrl Pts',(-6.13903730746307,0.202774976589513,13.576542164948));
#2102=CARTESIAN_POINT('Ctrl Pts',(-6.15417327067662,0.198941592876875,13.5696776437206));
#2103=CARTESIAN_POINT('',(-2.65098048640582,1.00000000000032,13.5));
#2104=CARTESIAN_POINT('Origin',(-2.65098048640582,1.00000000000129,12.5));
#2105=CARTESIAN_POINT('Ctrl Pts',(-2.65098048640582,1.00000000000065,13.5));
#2106=CARTESIAN_POINT('Ctrl Pts',(-3.06063726573141,0.810104735304477,13.4999999999999));
#2107=CARTESIAN_POINT('Ctrl Pts',(-3.94340171210628,0.486525582298731,13.60244053159));
#2108=CARTESIAN_POINT('Ctrl Pts',(-4.88749835098762,0.27506977286438,13.7981144162076));
#2109=CARTESIAN_POINT('Ctrl Pts',(-5.35430161592806,0.196429237550967,13.9045477551441));
#2110=CARTESIAN_POINT('Origin',(-7.75,6.5,12.5));
#2111=CARTESIAN_POINT('Origin',(-7.75,6.5,13.5));
#2112=CARTESIAN_POINT('Origin',(-2.65098048640721,12.,12.5));
#2113=CARTESIAN_POINT('Ctrl Pts',(-2.77531681672324,11.8658860169264,13.4831347397522));
#2114=CARTESIAN_POINT('Ctrl Pts',(-3.12217270257129,12.0403913803718,13.4630732183371));
#2115=CARTESIAN_POINT('Ctrl Pts',(-4.02172600702584,12.427756725721,13.5272754675843));
#2116=CARTESIAN_POINT('Ctrl Pts',(-5.00513497536602,12.6918852500183,13.7454075912814));
#2117=CARTESIAN_POINT('Ctrl Pts',(-5.57627318880074,12.7991238452005,13.890416140349));
#2118=CARTESIAN_POINT('Ctrl Pts',(-2.92981579897923,11.6992374288708,13.4408620575566));
#2119=CARTESIAN_POINT('Ctrl Pts',(-3.25363992477411,11.883285252889,13.3987823694698));
#2120=CARTESIAN_POINT('Ctrl Pts',(-4.1096174147576,12.3179388998338,13.4289175589247));
#2121=CARTESIAN_POINT('Ctrl Pts',(-5.0655595304208,12.6314028858121,13.6585395189551));
#2122=CARTESIAN_POINT('Ctrl Pts',(-5.62272154290436,12.759179826722,13.817046402631));
#2123=CARTESIAN_POINT('Ctrl Pts',(-3.21728955142805,11.3891571018092,13.1923081810084));
#2124=CARTESIAN_POINT('Ctrl Pts',(-3.50260960327184,11.6159234497452,13.1381322022126));
#2125=CARTESIAN_POINT('Ctrl Pts',(-4.28163658467923,12.1569514846988,13.1748156580651));
#2126=CARTESIAN_POINT('Ctrl Pts',(-5.18449272032981,12.54551236995,13.4601724795835));
#2127=CARTESIAN_POINT('Ctrl Pts',(-5.71459035962329,12.7032443222355,13.656631649626));
#2128=CARTESIAN_POINT('Ctrl Pts',(-3.33084975488625,11.2666666666667,12.7311464191353));
#2129=CARTESIAN_POINT('Ctrl Pts',(-3.62772463654797,11.5424527946509,12.7127596457061));
#2130=CARTESIAN_POINT('Ctrl Pts',(-4.41036703957445,12.1416977649437,12.8561783624865));
#2131=CARTESIAN_POINT('Ctrl Pts',(-5.28596440961221,12.5387988535775,13.2359100428375));
#2132=CARTESIAN_POINT('Ctrl Pts',(-5.79691473125288,12.6997552406332,13.4819545839462));
#2133=CARTESIAN_POINT('Ctrl Pts',(-3.33084975488625,11.2666666666667,12.5));
#2134=CARTESIAN_POINT('Ctrl Pts',(-3.64760904869842,11.5603324521685,12.5));
#2135=CARTESIAN_POINT('Ctrl Pts',(-4.45782094726053,12.1698400696878,12.6971797498428));
#2136=CARTESIAN_POINT('Ctrl Pts',(-5.3293376083227,12.5555202047048,13.1237561531605));
#2137=CARTESIAN_POINT('Ctrl Pts',(-5.8340113768626,12.7111985635631,13.3946105408248));
#2138=CARTESIAN_POINT('Origin',(11.,1.11022302462516E-15,6.));
#2139=CARTESIAN_POINT('',(9.75,1.11022302462516E-15,6.));
#2140=CARTESIAN_POINT('Origin',(11.,1.11022302462516E-15,6.));
#2141=CARTESIAN_POINT('',(9.75,10.,6.));
#2142=CARTESIAN_POINT('',(9.75,1.11022302462516E-15,6.));
#2143=CARTESIAN_POINT('Origin',(11.,10.,6.));
#2144=CARTESIAN_POINT('Origin',(11.,10.,6.));
#2145=CARTESIAN_POINT('Origin',(11.,1.11022302462516E-15,-6.00000000000001));
#2146=CARTESIAN_POINT('',(9.75,1.11022302462516E-15,-6.00000000000001));
#2147=CARTESIAN_POINT('Origin',(11.,1.11022302462516E-15,-6.00000000000001));
#2148=CARTESIAN_POINT('',(9.75,10.,-6.00000000000001));
#2149=CARTESIAN_POINT('',(9.75,1.11022302462516E-15,-6.00000000000001));
#2150=CARTESIAN_POINT('Origin',(11.,10.,-6.00000000000001));
#2151=CARTESIAN_POINT('Origin',(11.,10.,-6.00000000000001));
#2152=CARTESIAN_POINT('Origin',(-11.,1.11022302462516E-15,6.));
#2153=CARTESIAN_POINT('',(-12.25,1.11022302462516E-15,6.00000000000001));
#2154=CARTESIAN_POINT('Origin',(-11.,1.11022302462516E-15,6.));
#2155=CARTESIAN_POINT('',(-12.25,10.,6.00000000000001));
#2156=CARTESIAN_POINT('',(-12.25,1.11022302462516E-15,6.00000000000001));
#2157=CARTESIAN_POINT('Origin',(-11.,10.,6.));
#2158=CARTESIAN_POINT('Origin',(-11.,10.,6.));
#2159=CARTESIAN_POINT('Origin',(-11.,1.11022302462516E-15,-6.));
#2160=CARTESIAN_POINT('',(-12.25,1.11022302462516E-15,-6.));
#2161=CARTESIAN_POINT('Origin',(-11.,1.11022302462516E-15,-6.));
#2162=CARTESIAN_POINT('',(-12.25,10.,-6.));
#2163=CARTESIAN_POINT('',(-12.25,1.11022302462516E-15,-6.));
#2164=CARTESIAN_POINT('Origin',(-11.,10.,-6.));
#2165=CARTESIAN_POINT('Origin',(-11.,10.,-6.));
#2166=CARTESIAN_POINT('Origin',(8.075,1.,14.5));
#2167=CARTESIAN_POINT('',(3.42928563989646,1.11022302462516E-15,14.5));
#2168=CARTESIAN_POINT('Ctrl Pts',(5.35426321761987,0.196464954810814,13.9047425505272));
#2169=CARTESIAN_POINT('Ctrl Pts',(5.3120146381585,0.18441323870354,13.9210111016482));
#2170=CARTESIAN_POINT('Ctrl Pts',(5.27016879963918,0.173405496526129,13.9369021020506));
#2171=CARTESIAN_POINT('Ctrl Pts',(4.84174810082966,0.0682897914657403,14.0974689937732));
#2172=CARTESIAN_POINT('Ctrl Pts',(4.42827128230944,0.0285460920718811,14.2337294734158));
#2173=CARTESIAN_POINT('Ctrl Pts',(3.81178311048273,0.00308191684634081,
14.4054868882748));
#2174=CARTESIAN_POINT('Ctrl Pts',(3.62161664908809,8.25720081393366E-16,
14.4545132435912));
#2175=CARTESIAN_POINT('Ctrl Pts',(3.42928563989646,7.27499657737773E-16,
14.5));
#2176=CARTESIAN_POINT('',(-3.42928563989646,1.11022302462516E-15,14.5));
#2177=CARTESIAN_POINT('',(8.075,1.11022302462516E-15,14.5));
#2178=CARTESIAN_POINT('Ctrl Pts',(-3.42928563989646,7.25873354479045E-16,
14.5));
#2179=CARTESIAN_POINT('Ctrl Pts',(-3.62161664908809,8.27303595901161E-16,
14.4545132435912));
#2180=CARTESIAN_POINT('Ctrl Pts',(-3.81178311048273,0.00308191684634082,
14.4054868882748));
#2181=CARTESIAN_POINT('Ctrl Pts',(-4.42827128230944,0.0285460920718811,
14.2337294734158));
#2182=CARTESIAN_POINT('Ctrl Pts',(-4.84174810082966,0.0682897914657403,
14.0974689937732));
#2183=CARTESIAN_POINT('Ctrl Pts',(-5.27016879963918,0.173405496526129,13.9369021020506));
#2184=CARTESIAN_POINT('Ctrl Pts',(-5.3120146381585,0.184413238703541,13.9210111016482));
#2185=CARTESIAN_POINT('Ctrl Pts',(-5.35426321761987,0.196464954810814,13.9047425505272));
#2186=CARTESIAN_POINT('',(8.075,1.,13.5));
#2187=CARTESIAN_POINT('Origin',(0.,3.5,0.));
#2188=CARTESIAN_POINT('',(-14.9,7.,1.82472373072956E-15));
#2189=CARTESIAN_POINT('Origin',(0.,7.,0.));
#2190=CARTESIAN_POINT('',(-14.9,5.55111512312578E-16,1.82472373072956E-15));
#2191=CARTESIAN_POINT('',(-14.9,3.5,1.82472373072956E-15));
#2192=CARTESIAN_POINT('Origin',(0.,1.11022302462516E-15,0.));
#2193=CARTESIAN_POINT('Origin',(0.,1.11022302462516E-15,0.));
#2194=CARTESIAN_POINT('Origin',(0.,1.11022302462516E-15,0.));
#2195=CARTESIAN_POINT('',(3.42928563989646,1.11022302462516E-15,-14.5));
#2196=CARTESIAN_POINT('Ctrl Pts',(3.42928563989646,7.37257477290143E-16,
-14.5));
#2197=CARTESIAN_POINT('Ctrl Pts',(3.6216166490881,8.31626119625909E-16,
-14.4545132435912));
#2198=CARTESIAN_POINT('Ctrl Pts',(3.81178311048273,0.00308191684634077,
-14.4054868882748));
#2199=CARTESIAN_POINT('Ctrl Pts',(4.42827128230944,0.0285460920718811,-14.2337294734158));
#2200=CARTESIAN_POINT('Ctrl Pts',(4.84174810082966,0.0682897914657404,-14.0974689937732));
#2201=CARTESIAN_POINT('Ctrl Pts',(5.27016879963918,0.173405496526129,-13.9369021020506));
#2202=CARTESIAN_POINT('Ctrl Pts',(5.3120146381585,0.184413238703539,-13.9210111016482));
#2203=CARTESIAN_POINT('Ctrl Pts',(5.35426321761987,0.196464954810813,-13.9047425505272));
#2204=CARTESIAN_POINT('',(-3.42928563989646,1.11022302462516E-15,-14.5));
#2205=CARTESIAN_POINT('Origin',(0.,1.11022302462516E-15,0.));
#2206=CARTESIAN_POINT('Ctrl Pts',(-5.35426321761988,0.196464954810814,-13.9047425505272));
#2207=CARTESIAN_POINT('Ctrl Pts',(-5.31201463815851,0.18441323870354,-13.9210111016482));
#2208=CARTESIAN_POINT('Ctrl Pts',(-5.27016879963918,0.17340549652613,-13.9369021020506));
#2209=CARTESIAN_POINT('Ctrl Pts',(-4.84174810082966,0.0682897914657404,
-14.0974689937732));
#2210=CARTESIAN_POINT('Ctrl Pts',(-4.42827128230944,0.0285460920718811,
-14.2337294734158));
#2211=CARTESIAN_POINT('Ctrl Pts',(-3.81178311048273,0.0030819168463408,
-14.4054868882748));
#2212=CARTESIAN_POINT('Ctrl Pts',(-3.62161664908809,8.02966054591716E-16,
-14.4545132435912));
#2213=CARTESIAN_POINT('Ctrl Pts',(-3.42928563989646,7.22078646875346E-16,
-14.5));
#2214=CARTESIAN_POINT('Origin',(0.,1.11022302462516E-15,0.));
#2215=CARTESIAN_POINT('Origin',(14.9,1.11022302462516E-15,0.));
#2216=CARTESIAN_POINT('Origin',(6.825,1.,-14.5));
#2217=CARTESIAN_POINT('',(6.825,1.11022302462516E-15,-14.5));
#2218=CARTESIAN_POINT('Origin',(14.9,1.11022302462516E-15,0.));
#2219=CARTESIAN_POINT('Origin',(1.25,13.,13.5));
#2220=CARTESIAN_POINT('Origin',(0.,13.,0.));
#2221=CARTESIAN_POINT('Origin',(0.,10.,0.));
#2222=CARTESIAN_POINT('',(-16.9,7.,2.06965309055903E-15));
#2223=CARTESIAN_POINT('',(-16.9,10.,2.06965309055903E-15));
#2224=CARTESIAN_POINT('Origin',(0.,7.,0.));
#2225=CARTESIAN_POINT('Origin',(14.9,1.11022302462516E-15,0.));
#2226=CARTESIAN_POINT('Origin',(14.9,1.11022302462516E-15,0.));
#2227=CARTESIAN_POINT('Origin',(16.9,7.,0.));
#2228=UNCERTAINTY_MEASURE_WITH_UNIT(LENGTH_MEASURE(0.01),#2232,
'DISTANCE_ACCURACY_VALUE',
'Maximum model space distance between geometric entities at asserted c
onnectivities');
#2229=UNCERTAINTY_MEASURE_WITH_UNIT(LENGTH_MEASURE(0.01),#2232,
'DISTANCE_ACCURACY_VALUE',
'Maximum model space distance between geometric entities at asserted c
onnectivities');
#2230=(
GEOMETRIC_REPRESENTATION_CONTEXT(3)
GLOBAL_UNCERTAINTY_ASSIGNED_CONTEXT((#2228))
GLOBAL_UNIT_ASSIGNED_CONTEXT((#2232,#2234,#2235))
REPRESENTATION_CONTEXT('','3D')
);
#2231=(
GEOMETRIC_REPRESENTATION_CONTEXT(3)
GLOBAL_UNCERTAINTY_ASSIGNED_CONTEXT((#2229))
GLOBAL_UNIT_ASSIGNED_CONTEXT((#2232,#2234,#2235))
REPRESENTATION_CONTEXT('','3D')
);
#2232=(
LENGTH_UNIT()
NAMED_UNIT(*)
SI_UNIT(.MILLI.,.METRE.)
);
#2233=(
LENGTH_UNIT()
NAMED_UNIT(*)
SI_UNIT(.CENTI.,.METRE.)
);
#2234=(
NAMED_UNIT(*)
PLANE_ANGLE_UNIT()
SI_UNIT($,.RADIAN.)
);
#2235=(
NAMED_UNIT(*)
SI_UNIT($,.STERADIAN.)
SOLID_ANGLE_UNIT()
);
#2236=SHAPE_DEFINITION_REPRESENTATION(#2237,#2238);
#2237=PRODUCT_DEFINITION_SHAPE('',$,#2240);
#2238=SHAPE_REPRESENTATION('',(#848),#2230);
#2239=PRODUCT_DEFINITION_CONTEXT('part definition',#2244,'design');
#2240=PRODUCT_DEFINITION('head_innter_top','head_innter_top_42',#2241,#2239);
#2241=PRODUCT_DEFINITION_FORMATION('',$,#2246);
#2242=PRODUCT_RELATED_PRODUCT_CATEGORY('head_innter_top_42',
'head_innter_top_42',(#2246));
#2243=APPLICATION_PROTOCOL_DEFINITION('international standard',
'automotive_design',2009,#2244);
#2244=APPLICATION_CONTEXT(
'Core Data for Automotive Mechanical Design Process');
#2245=PRODUCT_CONTEXT('part definition',#2244,'mechanical');
#2246=PRODUCT('head_innter_top','head_innter_top_42',$,(#2245));
#2247=PRESENTATION_STYLE_ASSIGNMENT((#2248));
#2248=SURFACE_STYLE_USAGE(.BOTH.,#2251);
#2249=SURFACE_STYLE_RENDERING_WITH_PROPERTIES($,#2255,(#2250));
#2250=SURFACE_STYLE_TRANSPARENT(0.);
#2251=SURFACE_SIDE_STYLE('',(#2252,#2249));
#2252=SURFACE_STYLE_FILL_AREA(#2253);
#2253=FILL_AREA_STYLE('',(#2254));
#2254=FILL_AREA_STYLE_COLOUR('',#2255);
#2255=COLOUR_RGB('',0.180392156862745,0.180392156862745,0.180392156862745);
ENDSEC;
END-ISO-10303-21;
