ISO-10303-21;
HEADER;
/* Generated by software containing ST-Developer
 * from STEP Tools, Inc. (www.steptools.com) 
 */

FILE_DESCRIPTION(
/* description */ (''),
/* implementation_level */ '2;1');

FILE_NAME(
/* name */ 'mcthermal_plate.stp',
/* time_stamp */ '2026-05-17T12:16:39-07:00',
/* author */ ('aaron'),
/* organization */ (''),
/* preprocessor_version */ 'ST-DEVELOPER v20.1',
/* originating_system */ 'Autodesk Inventor 2026',
/* authorisation */ '');

FILE_SCHEMA (('AUTOMOTIVE_DESIGN { 1 0 10303 214 3 1 1 }'));
ENDSEC;

DATA;
#10=MECHANICAL_DESIGN_GEOMETRIC_PRESENTATION_REPRESENTATION('',(#13),#4667);
#11=SHAPE_REPRESENTATION_RELATIONSHIP('SRR','None',#4674,#12);
#12=ADVANCED_BREP_SHAPE_REPRESENTATION('',(#14),#4666);
#13=STYLED_ITEM('',(#4683),#14);
#14=MANIFOLD_SOLID_BREP('Solid1',#2814);
#15=CYLINDRICAL_SURFACE('',#2872,20.0000000000016);
#16=CYLINDRICAL_SURFACE('',#2905,1.65);
#17=CYLINDRICAL_SURFACE('',#2908,1.65);
#18=CYLINDRICAL_SURFACE('',#2911,1.65);
#19=CYLINDRICAL_SURFACE('',#2914,1.65);
#20=CYLINDRICAL_SURFACE('',#2917,1.65);
#21=CYLINDRICAL_SURFACE('',#2920,1.65);
#22=CYLINDRICAL_SURFACE('',#2923,1.65);
#23=CYLINDRICAL_SURFACE('',#2926,1.65);
#24=CYLINDRICAL_SURFACE('',#2967,1.65);
#25=CYLINDRICAL_SURFACE('',#2969,1.65);
#26=CYLINDRICAL_SURFACE('',#2971,1.65);
#27=CYLINDRICAL_SURFACE('',#2973,1.65);
#28=CYLINDRICAL_SURFACE('',#2975,1.65);
#29=CYLINDRICAL_SURFACE('',#2977,1.65);
#30=CYLINDRICAL_SURFACE('',#2979,1.65);
#31=CYLINDRICAL_SURFACE('',#2982,1.65);
#32=CYLINDRICAL_SURFACE('',#2984,1.65);
#33=CYLINDRICAL_SURFACE('',#2986,1.65);
#34=CYLINDRICAL_SURFACE('',#2988,1.65);
#35=CYLINDRICAL_SURFACE('',#2990,1.65);
#36=CYLINDRICAL_SURFACE('',#2992,1.65);
#37=CYLINDRICAL_SURFACE('',#2994,1.65);
#38=CYLINDRICAL_SURFACE('',#2996,1.65);
#39=CYLINDRICAL_SURFACE('',#2998,1.65);
#40=CYLINDRICAL_SURFACE('',#3006,6.);
#41=CYLINDRICAL_SURFACE('',#3008,6.);
#42=CYLINDRICAL_SURFACE('',#3010,6.);
#43=CYLINDRICAL_SURFACE('',#3012,6.);
#44=CYLINDRICAL_SURFACE('',#3014,6.);
#45=CYLINDRICAL_SURFACE('',#3016,6.);
#46=CYLINDRICAL_SURFACE('',#3018,1.25);
#47=CYLINDRICAL_SURFACE('',#3019,1.25);
#48=CYLINDRICAL_SURFACE('',#3020,1.25);
#49=CYLINDRICAL_SURFACE('',#3021,1.25);
#50=CYLINDRICAL_SURFACE('',#3022,0.8);
#51=CYLINDRICAL_SURFACE('',#3023,1.25);
#52=CYLINDRICAL_SURFACE('',#3024,0.8);
#53=CYLINDRICAL_SURFACE('',#3025,0.8);
#54=CYLINDRICAL_SURFACE('',#3026,1.25);
#55=CYLINDRICAL_SURFACE('',#3027,0.8);
#56=CYLINDRICAL_SURFACE('',#3031,6.36000000000003);
#57=CYLINDRICAL_SURFACE('',#3041,3.18000000000003);
#58=CYLINDRICAL_SURFACE('',#3042,6.36);
#59=CYLINDRICAL_SURFACE('',#3053,3.17999999999999);
#60=CYLINDRICAL_SURFACE('',#3054,6.36000000000001);
#61=CYLINDRICAL_SURFACE('',#3065,3.18000000000001);
#62=CYLINDRICAL_SURFACE('',#3084,2.15000000000018);
#63=CYLINDRICAL_SURFACE('',#3085,2.65000000000022);
#64=CYLINDRICAL_SURFACE('',#3086,2.65000000000022);
#65=CYLINDRICAL_SURFACE('',#3087,2.15000000000018);
#66=CYLINDRICAL_SURFACE('',#3088,2.65000000000022);
#67=CYLINDRICAL_SURFACE('',#3089,2.15000000000018);
#68=CYLINDRICAL_SURFACE('',#3090,2.65000000000022);
#69=CYLINDRICAL_SURFACE('',#3091,2.15000000000018);
#70=CYLINDRICAL_SURFACE('',#3092,2.15000000000018);
#71=CYLINDRICAL_SURFACE('',#3093,2.15000000000018);
#72=CYLINDRICAL_SURFACE('',#3094,2.15000000000018);
#73=CYLINDRICAL_SURFACE('',#3095,20.0000000000017);
#74=CYLINDRICAL_SURFACE('',#3096,20.0000000000017);
#75=CYLINDRICAL_SURFACE('',#3097,20.0000000000017);
#76=FACE_BOUND('',#430,.T.);
#77=FACE_BOUND('',#431,.T.);
#78=FACE_BOUND('',#432,.T.);
#79=FACE_BOUND('',#433,.T.);
#80=FACE_BOUND('',#434,.T.);
#81=FACE_BOUND('',#435,.T.);
#82=FACE_BOUND('',#436,.T.);
#83=FACE_BOUND('',#437,.T.);
#84=FACE_BOUND('',#438,.T.);
#85=FACE_BOUND('',#439,.T.);
#86=FACE_BOUND('',#440,.T.);
#87=FACE_BOUND('',#441,.T.);
#88=FACE_BOUND('',#442,.T.);
#89=FACE_BOUND('',#443,.T.);
#90=FACE_BOUND('',#444,.T.);
#91=FACE_BOUND('',#445,.T.);
#92=FACE_BOUND('',#446,.T.);
#93=FACE_BOUND('',#447,.T.);
#94=FACE_BOUND('',#448,.T.);
#95=FACE_BOUND('',#449,.T.);
#96=FACE_BOUND('',#450,.T.);
#97=FACE_BOUND('',#454,.T.);
#98=FACE_BOUND('',#455,.T.);
#99=FACE_BOUND('',#456,.T.);
#100=FACE_BOUND('',#457,.T.);
#101=FACE_BOUND('',#458,.T.);
#102=FACE_BOUND('',#459,.T.);
#103=FACE_BOUND('',#460,.T.);
#104=FACE_BOUND('',#461,.T.);
#105=FACE_BOUND('',#462,.T.);
#106=FACE_BOUND('',#463,.T.);
#107=FACE_BOUND('',#464,.T.);
#108=FACE_BOUND('',#465,.T.);
#109=FACE_BOUND('',#466,.T.);
#110=FACE_BOUND('',#467,.T.);
#111=FACE_BOUND('',#468,.T.);
#112=FACE_BOUND('',#469,.T.);
#113=FACE_BOUND('',#470,.T.);
#114=FACE_BOUND('',#471,.T.);
#115=FACE_BOUND('',#472,.T.);
#116=FACE_BOUND('',#473,.T.);
#117=FACE_BOUND('',#474,.T.);
#118=FACE_BOUND('',#486,.T.);
#119=FACE_BOUND('',#487,.T.);
#120=FACE_BOUND('',#488,.T.);
#121=FACE_BOUND('',#489,.T.);
#122=FACE_BOUND('',#490,.T.);
#123=FACE_BOUND('',#491,.T.);
#124=FACE_BOUND('',#492,.T.);
#125=FACE_BOUND('',#493,.T.);
#126=FACE_BOUND('',#499,.T.);
#127=FACE_BOUND('',#500,.T.);
#128=FACE_BOUND('',#501,.T.);
#129=FACE_BOUND('',#502,.T.);
#130=FACE_BOUND('',#503,.T.);
#131=FACE_BOUND('',#504,.T.);
#132=FACE_BOUND('',#505,.T.);
#133=FACE_BOUND('',#506,.T.);
#134=FACE_BOUND('',#512,.T.);
#135=FACE_BOUND('',#513,.T.);
#136=FACE_BOUND('',#514,.T.);
#137=FACE_BOUND('',#515,.T.);
#138=FACE_BOUND('',#516,.T.);
#139=FACE_BOUND('',#517,.T.);
#140=FACE_BOUND('',#518,.T.);
#141=FACE_BOUND('',#519,.T.);
#142=FACE_BOUND('',#583,.T.);
#143=FACE_BOUND('',#584,.T.);
#144=FACE_BOUND('',#585,.T.);
#145=FACE_BOUND('',#586,.T.);
#146=FACE_BOUND('',#587,.T.);
#147=FACE_BOUND('',#588,.T.);
#148=FACE_BOUND('',#589,.T.);
#149=FACE_BOUND('',#590,.T.);
#150=FACE_BOUND('',#595,.T.);
#151=FACE_BOUND('',#596,.T.);
#152=FACE_BOUND('',#597,.T.);
#153=FACE_BOUND('',#598,.T.);
#154=FACE_BOUND('',#599,.T.);
#155=FACE_BOUND('',#600,.T.);
#156=FACE_BOUND('',#601,.T.);
#157=FACE_BOUND('',#602,.T.);
#158=FACE_BOUND('',#611,.T.);
#159=FACE_BOUND('',#612,.T.);
#160=FACE_BOUND('',#613,.T.);
#161=FACE_BOUND('',#614,.T.);
#162=FACE_BOUND('',#615,.T.);
#163=FACE_BOUND('',#616,.T.);
#164=FACE_BOUND('',#617,.T.);
#165=FACE_BOUND('',#618,.T.);
#166=CIRCLE('',#2840,20.0000000000016);
#167=CIRCLE('',#2841,6.);
#168=CIRCLE('',#2842,6.);
#169=CIRCLE('',#2843,20.0000000000017);
#170=CIRCLE('',#2844,6.);
#171=CIRCLE('',#2845,6.);
#172=CIRCLE('',#2846,20.0000000000017);
#173=CIRCLE('',#2847,6.);
#174=CIRCLE('',#2848,6.);
#175=CIRCLE('',#2849,20.0000000000017);
#176=CIRCLE('',#2850,1.25);
#177=CIRCLE('',#2851,1.25);
#178=CIRCLE('',#2852,1.25);
#179=CIRCLE('',#2853,1.25);
#180=CIRCLE('',#2854,0.8);
#181=CIRCLE('',#2855,1.25);
#182=CIRCLE('',#2856,0.8);
#183=CIRCLE('',#2857,0.8);
#184=CIRCLE('',#2858,1.25);
#185=CIRCLE('',#2859,0.8);
#186=CIRCLE('',#2860,2.15000000000018);
#187=CIRCLE('',#2861,2.65000000000022);
#188=CIRCLE('',#2862,2.65000000000022);
#189=CIRCLE('',#2863,2.15000000000018);
#190=CIRCLE('',#2864,2.65000000000022);
#191=CIRCLE('',#2865,2.15000000000018);
#192=CIRCLE('',#2866,2.65000000000022);
#193=CIRCLE('',#2867,2.15000000000018);
#194=CIRCLE('',#2868,2.15000000000018);
#195=CIRCLE('',#2869,2.15000000000018);
#196=CIRCLE('',#2870,2.15000000000018);
#197=CIRCLE('',#2873,20.0000000000016);
#198=CIRCLE('',#2875,20.0000000000017);
#199=CIRCLE('',#2876,6.);
#200=CIRCLE('',#2877,6.);
#201=CIRCLE('',#2878,20.0000000000017);
#202=CIRCLE('',#2879,6.);
#203=CIRCLE('',#2880,6.);
#204=CIRCLE('',#2881,20.0000000000017);
#205=CIRCLE('',#2882,6.);
#206=CIRCLE('',#2883,6.);
#207=CIRCLE('',#2884,1.25);
#208=CIRCLE('',#2885,1.25);
#209=CIRCLE('',#2886,1.25);
#210=CIRCLE('',#2887,1.25);
#211=CIRCLE('',#2888,0.8);
#212=CIRCLE('',#2889,1.25);
#213=CIRCLE('',#2890,0.8);
#214=CIRCLE('',#2891,0.8);
#215=CIRCLE('',#2892,1.25);
#216=CIRCLE('',#2893,0.8);
#217=CIRCLE('',#2894,2.15000000000018);
#218=CIRCLE('',#2895,2.65000000000022);
#219=CIRCLE('',#2896,2.65000000000022);
#220=CIRCLE('',#2897,2.15000000000018);
#221=CIRCLE('',#2898,2.65000000000022);
#222=CIRCLE('',#2899,2.15000000000018);
#223=CIRCLE('',#2900,2.65000000000022);
#224=CIRCLE('',#2901,2.15000000000018);
#225=CIRCLE('',#2902,2.15000000000018);
#226=CIRCLE('',#2903,2.15000000000018);
#227=CIRCLE('',#2904,2.15000000000018);
#228=CIRCLE('',#2906,1.65);
#229=CIRCLE('',#2907,1.65);
#230=CIRCLE('',#2909,1.65);
#231=CIRCLE('',#2910,1.65);
#232=CIRCLE('',#2912,1.65);
#233=CIRCLE('',#2913,1.65);
#234=CIRCLE('',#2915,1.65);
#235=CIRCLE('',#2916,1.65);
#236=CIRCLE('',#2918,1.65);
#237=CIRCLE('',#2919,1.65);
#238=CIRCLE('',#2921,1.65);
#239=CIRCLE('',#2922,1.65);
#240=CIRCLE('',#2924,1.65);
#241=CIRCLE('',#2925,1.65);
#242=CIRCLE('',#2927,1.65);
#243=CIRCLE('',#2928,1.65);
#244=CIRCLE('',#2937,1.65);
#245=CIRCLE('',#2938,1.65);
#246=CIRCLE('',#2939,1.65);
#247=CIRCLE('',#2940,1.65);
#248=CIRCLE('',#2941,1.65);
#249=CIRCLE('',#2942,1.65);
#250=CIRCLE('',#2943,1.65);
#251=CIRCLE('',#2944,1.65);
#252=CIRCLE('',#2950,1.65);
#253=CIRCLE('',#2951,1.65);
#254=CIRCLE('',#2952,1.65);
#255=CIRCLE('',#2953,1.65);
#256=CIRCLE('',#2954,1.65);
#257=CIRCLE('',#2955,1.65);
#258=CIRCLE('',#2956,1.65);
#259=CIRCLE('',#2957,1.65);
#260=CIRCLE('',#2968,1.65);
#261=CIRCLE('',#2970,1.65);
#262=CIRCLE('',#2972,1.65);
#263=CIRCLE('',#2974,1.65);
#264=CIRCLE('',#2976,1.65);
#265=CIRCLE('',#2978,1.65);
#266=CIRCLE('',#2980,1.65);
#267=CIRCLE('',#2983,1.65);
#268=CIRCLE('',#2985,1.65);
#269=CIRCLE('',#2987,1.65);
#270=CIRCLE('',#2989,1.65);
#271=CIRCLE('',#2991,1.65);
#272=CIRCLE('',#2993,1.65);
#273=CIRCLE('',#2995,1.65);
#274=CIRCLE('',#2997,1.65);
#275=CIRCLE('',#2999,1.65);
#276=CIRCLE('',#3032,6.36000000000004);
#277=CIRCLE('',#3033,6.36000000000002);
#278=CIRCLE('',#3035,3.18000000000001);
#279=CIRCLE('',#3037,3.18000000000001);
#280=CIRCLE('',#3043,6.36);
#281=CIRCLE('',#3044,6.35999999999999);
#282=CIRCLE('',#3048,3.17999999999999);
#283=CIRCLE('',#3050,3.17999999999999);
#284=CIRCLE('',#3055,6.36000000000001);
#285=CIRCLE('',#3056,6.36000000000001);
#286=CIRCLE('',#3060,3.17999999999999);
#287=CIRCLE('',#3062,3.18);
#288=FACE_OUTER_BOUND('',#427,.T.);
#289=FACE_OUTER_BOUND('',#428,.T.);
#290=FACE_OUTER_BOUND('',#429,.T.);
#291=FACE_OUTER_BOUND('',#451,.T.);
#292=FACE_OUTER_BOUND('',#452,.T.);
#293=FACE_OUTER_BOUND('',#453,.T.);
#294=FACE_OUTER_BOUND('',#475,.T.);
#295=FACE_OUTER_BOUND('',#476,.T.);
#296=FACE_OUTER_BOUND('',#477,.T.);
#297=FACE_OUTER_BOUND('',#478,.T.);
#298=FACE_OUTER_BOUND('',#479,.T.);
#299=FACE_OUTER_BOUND('',#480,.T.);
#300=FACE_OUTER_BOUND('',#481,.T.);
#301=FACE_OUTER_BOUND('',#482,.T.);
#302=FACE_OUTER_BOUND('',#483,.T.);
#303=FACE_OUTER_BOUND('',#484,.T.);
#304=FACE_OUTER_BOUND('',#485,.T.);
#305=FACE_OUTER_BOUND('',#494,.T.);
#306=FACE_OUTER_BOUND('',#495,.T.);
#307=FACE_OUTER_BOUND('',#496,.T.);
#308=FACE_OUTER_BOUND('',#497,.T.);
#309=FACE_OUTER_BOUND('',#498,.T.);
#310=FACE_OUTER_BOUND('',#507,.T.);
#311=FACE_OUTER_BOUND('',#508,.T.);
#312=FACE_OUTER_BOUND('',#509,.T.);
#313=FACE_OUTER_BOUND('',#510,.T.);
#314=FACE_OUTER_BOUND('',#511,.T.);
#315=FACE_OUTER_BOUND('',#520,.T.);
#316=FACE_OUTER_BOUND('',#521,.T.);
#317=FACE_OUTER_BOUND('',#522,.T.);
#318=FACE_OUTER_BOUND('',#523,.T.);
#319=FACE_OUTER_BOUND('',#524,.T.);
#320=FACE_OUTER_BOUND('',#525,.T.);
#321=FACE_OUTER_BOUND('',#526,.T.);
#322=FACE_OUTER_BOUND('',#527,.T.);
#323=FACE_OUTER_BOUND('',#528,.T.);
#324=FACE_OUTER_BOUND('',#529,.T.);
#325=FACE_OUTER_BOUND('',#530,.T.);
#326=FACE_OUTER_BOUND('',#531,.T.);
#327=FACE_OUTER_BOUND('',#532,.T.);
#328=FACE_OUTER_BOUND('',#533,.T.);
#329=FACE_OUTER_BOUND('',#534,.T.);
#330=FACE_OUTER_BOUND('',#535,.T.);
#331=FACE_OUTER_BOUND('',#536,.T.);
#332=FACE_OUTER_BOUND('',#537,.T.);
#333=FACE_OUTER_BOUND('',#538,.T.);
#334=FACE_OUTER_BOUND('',#539,.T.);
#335=FACE_OUTER_BOUND('',#540,.T.);
#336=FACE_OUTER_BOUND('',#541,.T.);
#337=FACE_OUTER_BOUND('',#542,.T.);
#338=FACE_OUTER_BOUND('',#543,.T.);
#339=FACE_OUTER_BOUND('',#544,.T.);
#340=FACE_OUTER_BOUND('',#545,.T.);
#341=FACE_OUTER_BOUND('',#546,.T.);
#342=FACE_OUTER_BOUND('',#547,.T.);
#343=FACE_OUTER_BOUND('',#548,.T.);
#344=FACE_OUTER_BOUND('',#549,.T.);
#345=FACE_OUTER_BOUND('',#550,.T.);
#346=FACE_OUTER_BOUND('',#551,.T.);
#347=FACE_OUTER_BOUND('',#552,.T.);
#348=FACE_OUTER_BOUND('',#553,.T.);
#349=FACE_OUTER_BOUND('',#554,.T.);
#350=FACE_OUTER_BOUND('',#555,.T.);
#351=FACE_OUTER_BOUND('',#556,.T.);
#352=FACE_OUTER_BOUND('',#557,.T.);
#353=FACE_OUTER_BOUND('',#558,.T.);
#354=FACE_OUTER_BOUND('',#559,.T.);
#355=FACE_OUTER_BOUND('',#560,.T.);
#356=FACE_OUTER_BOUND('',#561,.T.);
#357=FACE_OUTER_BOUND('',#562,.T.);
#358=FACE_OUTER_BOUND('',#563,.T.);
#359=FACE_OUTER_BOUND('',#564,.T.);
#360=FACE_OUTER_BOUND('',#565,.T.);
#361=FACE_OUTER_BOUND('',#566,.T.);
#362=FACE_OUTER_BOUND('',#567,.T.);
#363=FACE_OUTER_BOUND('',#568,.T.);
#364=FACE_OUTER_BOUND('',#569,.T.);
#365=FACE_OUTER_BOUND('',#570,.T.);
#366=FACE_OUTER_BOUND('',#571,.T.);
#367=FACE_OUTER_BOUND('',#572,.T.);
#368=FACE_OUTER_BOUND('',#573,.T.);
#369=FACE_OUTER_BOUND('',#574,.T.);
#370=FACE_OUTER_BOUND('',#575,.T.);
#371=FACE_OUTER_BOUND('',#576,.T.);
#372=FACE_OUTER_BOUND('',#577,.T.);
#373=FACE_OUTER_BOUND('',#578,.T.);
#374=FACE_OUTER_BOUND('',#579,.T.);
#375=FACE_OUTER_BOUND('',#580,.T.);
#376=FACE_OUTER_BOUND('',#581,.T.);
#377=FACE_OUTER_BOUND('',#582,.T.);
#378=FACE_OUTER_BOUND('',#591,.T.);
#379=FACE_OUTER_BOUND('',#592,.T.);
#380=FACE_OUTER_BOUND('',#593,.T.);
#381=FACE_OUTER_BOUND('',#594,.T.);
#382=FACE_OUTER_BOUND('',#603,.T.);
#383=FACE_OUTER_BOUND('',#604,.T.);
#384=FACE_OUTER_BOUND('',#605,.T.);
#385=FACE_OUTER_BOUND('',#606,.T.);
#386=FACE_OUTER_BOUND('',#607,.T.);
#387=FACE_OUTER_BOUND('',#608,.T.);
#388=FACE_OUTER_BOUND('',#609,.T.);
#389=FACE_OUTER_BOUND('',#610,.T.);
#390=FACE_OUTER_BOUND('',#619,.T.);
#391=FACE_OUTER_BOUND('',#620,.T.);
#392=FACE_OUTER_BOUND('',#621,.T.);
#393=FACE_OUTER_BOUND('',#622,.T.);
#394=FACE_OUTER_BOUND('',#623,.T.);
#395=FACE_OUTER_BOUND('',#624,.T.);
#396=FACE_OUTER_BOUND('',#625,.T.);
#397=FACE_OUTER_BOUND('',#626,.T.);
#398=FACE_OUTER_BOUND('',#627,.T.);
#399=FACE_OUTER_BOUND('',#628,.T.);
#400=FACE_OUTER_BOUND('',#629,.T.);
#401=FACE_OUTER_BOUND('',#630,.T.);
#402=FACE_OUTER_BOUND('',#631,.T.);
#403=FACE_OUTER_BOUND('',#632,.T.);
#404=FACE_OUTER_BOUND('',#633,.T.);
#405=FACE_OUTER_BOUND('',#634,.T.);
#406=FACE_OUTER_BOUND('',#635,.T.);
#407=FACE_OUTER_BOUND('',#636,.T.);
#408=FACE_OUTER_BOUND('',#637,.T.);
#409=FACE_OUTER_BOUND('',#638,.T.);
#410=FACE_OUTER_BOUND('',#639,.T.);
#411=FACE_OUTER_BOUND('',#640,.T.);
#412=FACE_OUTER_BOUND('',#641,.T.);
#413=FACE_OUTER_BOUND('',#642,.T.);
#414=FACE_OUTER_BOUND('',#643,.T.);
#415=FACE_OUTER_BOUND('',#644,.T.);
#416=FACE_OUTER_BOUND('',#645,.T.);
#417=FACE_OUTER_BOUND('',#646,.T.);
#418=FACE_OUTER_BOUND('',#647,.T.);
#419=FACE_OUTER_BOUND('',#648,.T.);
#420=FACE_OUTER_BOUND('',#649,.T.);
#421=FACE_OUTER_BOUND('',#650,.T.);
#422=FACE_OUTER_BOUND('',#651,.T.);
#423=FACE_OUTER_BOUND('',#652,.T.);
#424=FACE_OUTER_BOUND('',#653,.T.);
#425=FACE_OUTER_BOUND('',#654,.T.);
#426=FACE_OUTER_BOUND('',#655,.T.);
#427=EDGE_LOOP('',(#1823,#1824,#1825,#1826));
#428=EDGE_LOOP('',(#1827,#1828,#1829,#1830));
#429=EDGE_LOOP('',(#1831,#1832,#1833,#1834,#1835,#1836,#1837,#1838,#1839,
#1840,#1841,#1842,#1843,#1844,#1845,#1846,#1847,#1848,#1849,#1850,#1851,
#1852,#1853,#1854,#1855,#1856,#1857,#1858,#1859,#1860,#1861,#1862,#1863,
#1864,#1865,#1866,#1867,#1868,#1869,#1870,#1871,#1872,#1873));
#430=EDGE_LOOP('',(#1874));
#431=EDGE_LOOP('',(#1875));
#432=EDGE_LOOP('',(#1876));
#433=EDGE_LOOP('',(#1877));
#434=EDGE_LOOP('',(#1878));
#435=EDGE_LOOP('',(#1879));
#436=EDGE_LOOP('',(#1880));
#437=EDGE_LOOP('',(#1881));
#438=EDGE_LOOP('',(#1882));
#439=EDGE_LOOP('',(#1883));
#440=EDGE_LOOP('',(#1884));
#441=EDGE_LOOP('',(#1885));
#442=EDGE_LOOP('',(#1886));
#443=EDGE_LOOP('',(#1887));
#444=EDGE_LOOP('',(#1888));
#445=EDGE_LOOP('',(#1889));
#446=EDGE_LOOP('',(#1890));
#447=EDGE_LOOP('',(#1891));
#448=EDGE_LOOP('',(#1892));
#449=EDGE_LOOP('',(#1893));
#450=EDGE_LOOP('',(#1894));
#451=EDGE_LOOP('',(#1895,#1896,#1897,#1898));
#452=EDGE_LOOP('',(#1899,#1900,#1901,#1902));
#453=EDGE_LOOP('',(#1903,#1904,#1905,#1906,#1907,#1908,#1909,#1910,#1911,
#1912,#1913,#1914,#1915,#1916,#1917,#1918,#1919,#1920,#1921,#1922,#1923,
#1924,#1925,#1926,#1927,#1928,#1929,#1930,#1931,#1932,#1933,#1934,#1935,
#1936,#1937,#1938,#1939,#1940,#1941,#1942,#1943,#1944,#1945));
#454=EDGE_LOOP('',(#1946));
#455=EDGE_LOOP('',(#1947));
#456=EDGE_LOOP('',(#1948));
#457=EDGE_LOOP('',(#1949));
#458=EDGE_LOOP('',(#1950));
#459=EDGE_LOOP('',(#1951));
#460=EDGE_LOOP('',(#1952));
#461=EDGE_LOOP('',(#1953));
#462=EDGE_LOOP('',(#1954));
#463=EDGE_LOOP('',(#1955));
#464=EDGE_LOOP('',(#1956));
#465=EDGE_LOOP('',(#1957));
#466=EDGE_LOOP('',(#1958));
#467=EDGE_LOOP('',(#1959));
#468=EDGE_LOOP('',(#1960));
#469=EDGE_LOOP('',(#1961));
#470=EDGE_LOOP('',(#1962));
#471=EDGE_LOOP('',(#1963));
#472=EDGE_LOOP('',(#1964));
#473=EDGE_LOOP('',(#1965));
#474=EDGE_LOOP('',(#1966));
#475=EDGE_LOOP('',(#1967,#1968,#1969,#1970));
#476=EDGE_LOOP('',(#1971,#1972,#1973,#1974));
#477=EDGE_LOOP('',(#1975,#1976,#1977,#1978));
#478=EDGE_LOOP('',(#1979,#1980,#1981,#1982));
#479=EDGE_LOOP('',(#1983,#1984,#1985,#1986));
#480=EDGE_LOOP('',(#1987,#1988,#1989,#1990));
#481=EDGE_LOOP('',(#1991,#1992,#1993,#1994));
#482=EDGE_LOOP('',(#1995,#1996,#1997,#1998));
#483=EDGE_LOOP('',(#1999,#2000,#2001,#2002));
#484=EDGE_LOOP('',(#2003,#2004,#2005,#2006));
#485=EDGE_LOOP('',(#2007,#2008,#2009,#2010,#2011,#2012,#2013,#2014,#2015,
#2016,#2017,#2018));
#486=EDGE_LOOP('',(#2019));
#487=EDGE_LOOP('',(#2020));
#488=EDGE_LOOP('',(#2021));
#489=EDGE_LOOP('',(#2022));
#490=EDGE_LOOP('',(#2023));
#491=EDGE_LOOP('',(#2024));
#492=EDGE_LOOP('',(#2025));
#493=EDGE_LOOP('',(#2026));
#494=EDGE_LOOP('',(#2027,#2028,#2029,#2030));
#495=EDGE_LOOP('',(#2031,#2032,#2033,#2034));
#496=EDGE_LOOP('',(#2035,#2036,#2037,#2038));
#497=EDGE_LOOP('',(#2039,#2040,#2041,#2042));
#498=EDGE_LOOP('',(#2043,#2044,#2045,#2046,#2047,#2048,#2049,#2050,#2051,
#2052,#2053,#2054));
#499=EDGE_LOOP('',(#2055));
#500=EDGE_LOOP('',(#2056));
#501=EDGE_LOOP('',(#2057));
#502=EDGE_LOOP('',(#2058));
#503=EDGE_LOOP('',(#2059));
#504=EDGE_LOOP('',(#2060));
#505=EDGE_LOOP('',(#2061));
#506=EDGE_LOOP('',(#2062,#2063));
#507=EDGE_LOOP('',(#2064,#2065,#2066,#2067));
#508=EDGE_LOOP('',(#2068,#2069,#2070,#2071));
#509=EDGE_LOOP('',(#2072,#2073,#2074,#2075));
#510=EDGE_LOOP('',(#2076,#2077,#2078,#2079));
#511=EDGE_LOOP('',(#2080,#2081,#2082,#2083,#2084,#2085,#2086,#2087,#2088,
#2089,#2090,#2091));
#512=EDGE_LOOP('',(#2092));
#513=EDGE_LOOP('',(#2093));
#514=EDGE_LOOP('',(#2094));
#515=EDGE_LOOP('',(#2095));
#516=EDGE_LOOP('',(#2096));
#517=EDGE_LOOP('',(#2097));
#518=EDGE_LOOP('',(#2098));
#519=EDGE_LOOP('',(#2099));
#520=EDGE_LOOP('',(#2100,#2101,#2102,#2103));
#521=EDGE_LOOP('',(#2104,#2105,#2106,#2107));
#522=EDGE_LOOP('',(#2108,#2109,#2110,#2111));
#523=EDGE_LOOP('',(#2112,#2113,#2114,#2115));
#524=EDGE_LOOP('',(#2116,#2117,#2118,#2119));
#525=EDGE_LOOP('',(#2120,#2121,#2122,#2123));
#526=EDGE_LOOP('',(#2124,#2125,#2126,#2127));
#527=EDGE_LOOP('',(#2128,#2129,#2130,#2131));
#528=EDGE_LOOP('',(#2132,#2133,#2134,#2135));
#529=EDGE_LOOP('',(#2136,#2137,#2138,#2139));
#530=EDGE_LOOP('',(#2140,#2141,#2142,#2143));
#531=EDGE_LOOP('',(#2144,#2145,#2146,#2147));
#532=EDGE_LOOP('',(#2148,#2149,#2150,#2151));
#533=EDGE_LOOP('',(#2152,#2153,#2154,#2155));
#534=EDGE_LOOP('',(#2156,#2157,#2158,#2159));
#535=EDGE_LOOP('',(#2160,#2161,#2162,#2163));
#536=EDGE_LOOP('',(#2164,#2165,#2166,#2167));
#537=EDGE_LOOP('',(#2168,#2169,#2170,#2171));
#538=EDGE_LOOP('',(#2172,#2173,#2174,#2175));
#539=EDGE_LOOP('',(#2176,#2177,#2178,#2179));
#540=EDGE_LOOP('',(#2180,#2181,#2182,#2183));
#541=EDGE_LOOP('',(#2184,#2185,#2186,#2187));
#542=EDGE_LOOP('',(#2188,#2189,#2190,#2191));
#543=EDGE_LOOP('',(#2192,#2193,#2194,#2195));
#544=EDGE_LOOP('',(#2196,#2197,#2198,#2199));
#545=EDGE_LOOP('',(#2200,#2201,#2202,#2203));
#546=EDGE_LOOP('',(#2204,#2205,#2206,#2207));
#547=EDGE_LOOP('',(#2208,#2209,#2210,#2211));
#548=EDGE_LOOP('',(#2212,#2213,#2214,#2215));
#549=EDGE_LOOP('',(#2216,#2217,#2218,#2219));
#550=EDGE_LOOP('',(#2220,#2221,#2222,#2223));
#551=EDGE_LOOP('',(#2224,#2225,#2226,#2227));
#552=EDGE_LOOP('',(#2228,#2229,#2230,#2231));
#553=EDGE_LOOP('',(#2232,#2233,#2234,#2235));
#554=EDGE_LOOP('',(#2236,#2237,#2238,#2239));
#555=EDGE_LOOP('',(#2240,#2241,#2242,#2243));
#556=EDGE_LOOP('',(#2244,#2245,#2246,#2247));
#557=EDGE_LOOP('',(#2248,#2249,#2250,#2251));
#558=EDGE_LOOP('',(#2252,#2253,#2254,#2255));
#559=EDGE_LOOP('',(#2256,#2257,#2258,#2259));
#560=EDGE_LOOP('',(#2260,#2261,#2262,#2263));
#561=EDGE_LOOP('',(#2264,#2265,#2266,#2267));
#562=EDGE_LOOP('',(#2268,#2269,#2270,#2271));
#563=EDGE_LOOP('',(#2272,#2273,#2274,#2275));
#564=EDGE_LOOP('',(#2276,#2277,#2278,#2279));
#565=EDGE_LOOP('',(#2280,#2281,#2282,#2283));
#566=EDGE_LOOP('',(#2284,#2285,#2286,#2287));
#567=EDGE_LOOP('',(#2288,#2289,#2290,#2291));
#568=EDGE_LOOP('',(#2292,#2293,#2294,#2295));
#569=EDGE_LOOP('',(#2296,#2297,#2298,#2299));
#570=EDGE_LOOP('',(#2300,#2301,#2302,#2303));
#571=EDGE_LOOP('',(#2304,#2305,#2306,#2307));
#572=EDGE_LOOP('',(#2308,#2309,#2310,#2311));
#573=EDGE_LOOP('',(#2312,#2313,#2314,#2315));
#574=EDGE_LOOP('',(#2316,#2317,#2318,#2319));
#575=EDGE_LOOP('',(#2320,#2321,#2322,#2323));
#576=EDGE_LOOP('',(#2324,#2325,#2326,#2327));
#577=EDGE_LOOP('',(#2328,#2329,#2330,#2331));
#578=EDGE_LOOP('',(#2332,#2333,#2334,#2335));
#579=EDGE_LOOP('',(#2336,#2337,#2338,#2339));
#580=EDGE_LOOP('',(#2340,#2341,#2342,#2343));
#581=EDGE_LOOP('',(#2344,#2345,#2346,#2347));
#582=EDGE_LOOP('',(#2348,#2349,#2350,#2351,#2352,#2353,#2354,#2355,#2356,
#2357,#2358,#2359));
#583=EDGE_LOOP('',(#2360));
#584=EDGE_LOOP('',(#2361));
#585=EDGE_LOOP('',(#2362));
#586=EDGE_LOOP('',(#2363));
#587=EDGE_LOOP('',(#2364));
#588=EDGE_LOOP('',(#2365));
#589=EDGE_LOOP('',(#2366));
#590=EDGE_LOOP('',(#2367));
#591=EDGE_LOOP('',(#2368,#2369,#2370,#2371));
#592=EDGE_LOOP('',(#2372,#2373,#2374,#2375));
#593=EDGE_LOOP('',(#2376,#2377,#2378,#2379));
#594=EDGE_LOOP('',(#2380,#2381,#2382,#2383,#2384,#2385,#2386,#2387,#2388,
#2389,#2390,#2391));
#595=EDGE_LOOP('',(#2392));
#596=EDGE_LOOP('',(#2393));
#597=EDGE_LOOP('',(#2394));
#598=EDGE_LOOP('',(#2395));
#599=EDGE_LOOP('',(#2396));
#600=EDGE_LOOP('',(#2397));
#601=EDGE_LOOP('',(#2398));
#602=EDGE_LOOP('',(#2399,#2400));
#603=EDGE_LOOP('',(#2401,#2402,#2403,#2404));
#604=EDGE_LOOP('',(#2405,#2406,#2407,#2408));
#605=EDGE_LOOP('',(#2409,#2410,#2411,#2412));
#606=EDGE_LOOP('',(#2413,#2414,#2415,#2416));
#607=EDGE_LOOP('',(#2417,#2418,#2419,#2420));
#608=EDGE_LOOP('',(#2421,#2422,#2423,#2424));
#609=EDGE_LOOP('',(#2425,#2426,#2427,#2428));
#610=EDGE_LOOP('',(#2429,#2430,#2431,#2432,#2433,#2434,#2435,#2436,#2437,
#2438,#2439,#2440));
#611=EDGE_LOOP('',(#2441));
#612=EDGE_LOOP('',(#2442));
#613=EDGE_LOOP('',(#2443));
#614=EDGE_LOOP('',(#2444));
#615=EDGE_LOOP('',(#2445));
#616=EDGE_LOOP('',(#2446));
#617=EDGE_LOOP('',(#2447));
#618=EDGE_LOOP('',(#2448));
#619=EDGE_LOOP('',(#2449,#2450,#2451,#2452));
#620=EDGE_LOOP('',(#2453,#2454,#2455,#2456));
#621=EDGE_LOOP('',(#2457,#2458,#2459,#2460));
#622=EDGE_LOOP('',(#2461,#2462,#2463,#2464));
#623=EDGE_LOOP('',(#2465,#2466,#2467,#2468));
#624=EDGE_LOOP('',(#2469,#2470,#2471,#2472));
#625=EDGE_LOOP('',(#2473,#2474,#2475,#2476));
#626=EDGE_LOOP('',(#2477,#2478,#2479,#2480));
#627=EDGE_LOOP('',(#2481,#2482,#2483,#2484));
#628=EDGE_LOOP('',(#2485,#2486,#2487,#2488));
#629=EDGE_LOOP('',(#2489,#2490,#2491,#2492));
#630=EDGE_LOOP('',(#2493,#2494,#2495,#2496));
#631=EDGE_LOOP('',(#2497,#2498,#2499,#2500));
#632=EDGE_LOOP('',(#2501,#2502,#2503,#2504));
#633=EDGE_LOOP('',(#2505,#2506,#2507,#2508));
#634=EDGE_LOOP('',(#2509,#2510,#2511,#2512));
#635=EDGE_LOOP('',(#2513,#2514,#2515,#2516));
#636=EDGE_LOOP('',(#2517,#2518,#2519,#2520));
#637=EDGE_LOOP('',(#2521,#2522,#2523,#2524));
#638=EDGE_LOOP('',(#2525,#2526,#2527,#2528));
#639=EDGE_LOOP('',(#2529,#2530,#2531,#2532));
#640=EDGE_LOOP('',(#2533,#2534,#2535,#2536));
#641=EDGE_LOOP('',(#2537,#2538,#2539,#2540));
#642=EDGE_LOOP('',(#2541,#2542,#2543,#2544));
#643=EDGE_LOOP('',(#2545,#2546,#2547,#2548));
#644=EDGE_LOOP('',(#2549,#2550,#2551,#2552));
#645=EDGE_LOOP('',(#2553,#2554,#2555,#2556));
#646=EDGE_LOOP('',(#2557,#2558,#2559,#2560));
#647=EDGE_LOOP('',(#2561,#2562,#2563,#2564));
#648=EDGE_LOOP('',(#2565,#2566,#2567,#2568));
#649=EDGE_LOOP('',(#2569,#2570,#2571,#2572));
#650=EDGE_LOOP('',(#2573,#2574,#2575,#2576));
#651=EDGE_LOOP('',(#2577,#2578,#2579,#2580));
#652=EDGE_LOOP('',(#2581,#2582,#2583,#2584));
#653=EDGE_LOOP('',(#2585,#2586,#2587,#2588));
#654=EDGE_LOOP('',(#2589,#2590,#2591,#2592));
#655=EDGE_LOOP('',(#2593,#2594,#2595,#2596));
#656=LINE('',#3891,#921);
#657=LINE('',#3893,#922);
#658=LINE('',#3895,#923);
#659=LINE('',#3896,#924);
#660=LINE('',#3899,#925);
#661=LINE('',#3901,#926);
#662=LINE('',#3902,#927);
#663=LINE('',#3905,#928);
#664=LINE('',#3907,#929);
#665=LINE('',#3909,#930);
#666=LINE('',#3911,#931);
#667=LINE('',#3915,#932);
#668=LINE('',#3919,#933);
#669=LINE('',#3921,#934);
#670=LINE('',#3923,#935);
#671=LINE('',#3925,#936);
#672=LINE('',#3927,#937);
#673=LINE('',#3929,#938);
#674=LINE('',#3931,#939);
#675=LINE('',#3935,#940);
#676=LINE('',#3939,#941);
#677=LINE('',#3943,#942);
#678=LINE('',#3945,#943);
#679=LINE('',#3947,#944);
#680=LINE('',#3949,#945);
#681=LINE('',#3951,#946);
#682=LINE('',#3953,#947);
#683=LINE('',#3955,#948);
#684=LINE('',#3959,#949);
#685=LINE('',#3963,#950);
#686=LINE('',#3967,#951);
#687=LINE('',#3969,#952);
#688=LINE('',#3971,#953);
#689=LINE('',#3973,#954);
#690=LINE('',#3975,#955);
#691=LINE('',#3977,#956);
#692=LINE('',#3979,#957);
#693=LINE('',#3983,#958);
#694=LINE('',#4029,#959);
#695=LINE('',#4031,#960);
#696=LINE('',#4032,#961);
#697=LINE('',#4036,#962);
#698=LINE('',#4041,#963);
#699=LINE('',#4045,#964);
#700=LINE('',#4047,#965);
#701=LINE('',#4049,#966);
#702=LINE('',#4051,#967);
#703=LINE('',#4053,#968);
#704=LINE('',#4055,#969);
#705=LINE('',#4057,#970);
#706=LINE('',#4061,#971);
#707=LINE('',#4065,#972);
#708=LINE('',#4069,#973);
#709=LINE('',#4071,#974);
#710=LINE('',#4073,#975);
#711=LINE('',#4075,#976);
#712=LINE('',#4077,#977);
#713=LINE('',#4079,#978);
#714=LINE('',#4081,#979);
#715=LINE('',#4085,#980);
#716=LINE('',#4089,#981);
#717=LINE('',#4093,#982);
#718=LINE('',#4095,#983);
#719=LINE('',#4097,#984);
#720=LINE('',#4099,#985);
#721=LINE('',#4101,#986);
#722=LINE('',#4103,#987);
#723=LINE('',#4105,#988);
#724=LINE('',#4108,#989);
#725=LINE('',#4110,#990);
#726=LINE('',#4112,#991);
#727=LINE('',#4113,#992);
#728=LINE('',#4160,#993);
#729=LINE('',#4166,#994);
#730=LINE('',#4172,#995);
#731=LINE('',#4178,#996);
#732=LINE('',#4184,#997);
#733=LINE('',#4190,#998);
#734=LINE('',#4196,#999);
#735=LINE('',#4202,#1000);
#736=LINE('',#4207,#1001);
#737=LINE('',#4209,#1002);
#738=LINE('',#4211,#1003);
#739=LINE('',#4212,#1004);
#740=LINE('',#4215,#1005);
#741=LINE('',#4217,#1006);
#742=LINE('',#4218,#1007);
#743=LINE('',#4221,#1008);
#744=LINE('',#4223,#1009);
#745=LINE('',#4225,#1010);
#746=LINE('',#4227,#1011);
#747=LINE('',#4229,#1012);
#748=LINE('',#4231,#1013);
#749=LINE('',#4233,#1014);
#750=LINE('',#4235,#1015);
#751=LINE('',#4237,#1016);
#752=LINE('',#4238,#1017);
#753=LINE('',#4241,#1018);
#754=LINE('',#4243,#1019);
#755=LINE('',#4244,#1020);
#756=LINE('',#4247,#1021);
#757=LINE('',#4248,#1022);
#758=LINE('',#4252,#1023);
#759=LINE('',#4254,#1024);
#760=LINE('',#4256,#1025);
#761=LINE('',#4257,#1026);
#762=LINE('',#4260,#1027);
#763=LINE('',#4262,#1028);
#764=LINE('',#4263,#1029);
#765=LINE('',#4266,#1030);
#766=LINE('',#4268,#1031);
#767=LINE('',#4270,#1032);
#768=LINE('',#4272,#1033);
#769=LINE('',#4274,#1034);
#770=LINE('',#4276,#1035);
#771=LINE('',#4278,#1036);
#772=LINE('',#4280,#1037);
#773=LINE('',#4282,#1038);
#774=LINE('',#4283,#1039);
#775=LINE('',#4301,#1040);
#776=LINE('',#4305,#1041);
#777=LINE('',#4306,#1042);
#778=LINE('',#4307,#1043);
#779=LINE('',#4310,#1044);
#780=LINE('',#4311,#1045);
#781=LINE('',#4315,#1046);
#782=LINE('',#4317,#1047);
#783=LINE('',#4319,#1048);
#784=LINE('',#4320,#1049);
#785=LINE('',#4323,#1050);
#786=LINE('',#4325,#1051);
#787=LINE('',#4326,#1052);
#788=LINE('',#4329,#1053);
#789=LINE('',#4331,#1054);
#790=LINE('',#4333,#1055);
#791=LINE('',#4335,#1056);
#792=LINE('',#4337,#1057);
#793=LINE('',#4339,#1058);
#794=LINE('',#4341,#1059);
#795=LINE('',#4343,#1060);
#796=LINE('',#4345,#1061);
#797=LINE('',#4346,#1062);
#798=LINE('',#4366,#1063);
#799=LINE('',#4367,#1064);
#800=LINE('',#4368,#1065);
#801=LINE('',#4371,#1066);
#802=LINE('',#4372,#1067);
#803=LINE('',#4375,#1068);
#804=LINE('',#4377,#1069);
#805=LINE('',#4378,#1070);
#806=LINE('',#4380,#1071);
#807=LINE('',#4383,#1072);
#808=LINE('',#4384,#1073);
#809=LINE('',#4387,#1074);
#810=LINE('',#4388,#1075);
#811=LINE('',#4391,#1076);
#812=LINE('',#4392,#1077);
#813=LINE('',#4395,#1078);
#814=LINE('',#4396,#1079);
#815=LINE('',#4399,#1080);
#816=LINE('',#4400,#1081);
#817=LINE('',#4403,#1082);
#818=LINE('',#4407,#1083);
#819=LINE('',#4411,#1084);
#820=LINE('',#4415,#1085);
#821=LINE('',#4419,#1086);
#822=LINE('',#4423,#1087);
#823=LINE('',#4427,#1088);
#824=LINE('',#4432,#1089);
#825=LINE('',#4433,#1090);
#826=LINE('',#4434,#1091);
#827=LINE('',#4439,#1092);
#828=LINE('',#4443,#1093);
#829=LINE('',#4447,#1094);
#830=LINE('',#4451,#1095);
#831=LINE('',#4455,#1096);
#832=LINE('',#4459,#1097);
#833=LINE('',#4463,#1098);
#834=LINE('',#4467,#1099);
#835=LINE('',#4471,#1100);
#836=LINE('',#4472,#1101);
#837=LINE('',#4475,#1102);
#838=LINE('',#4476,#1103);
#839=LINE('',#4479,#1104);
#840=LINE('',#4480,#1105);
#841=LINE('',#4483,#1106);
#842=LINE('',#4484,#1107);
#843=LINE('',#4487,#1108);
#844=LINE('',#4488,#1109);
#845=LINE('',#4491,#1110);
#846=LINE('',#4492,#1111);
#847=LINE('',#4494,#1112);
#848=LINE('',#4495,#1113);
#849=LINE('',#4498,#1114);
#850=LINE('',#4499,#1115);
#851=LINE('',#4501,#1116);
#852=LINE('',#4503,#1117);
#853=LINE('',#4504,#1118);
#854=LINE('',#4506,#1119);
#855=LINE('',#4508,#1120);
#856=LINE('',#4509,#1121);
#857=LINE('',#4511,#1122);
#858=LINE('',#4513,#1123);
#859=LINE('',#4514,#1124);
#860=LINE('',#4516,#1125);
#861=LINE('',#4518,#1126);
#862=LINE('',#4519,#1127);
#863=LINE('',#4521,#1128);
#864=LINE('',#4523,#1129);
#865=LINE('',#4525,#1130);
#866=LINE('',#4527,#1131);
#867=LINE('',#4529,#1132);
#868=LINE('',#4531,#1133);
#869=LINE('',#4533,#1134);
#870=LINE('',#4535,#1135);
#871=LINE('',#4537,#1136);
#872=LINE('',#4539,#1137);
#873=LINE('',#4541,#1138);
#874=LINE('',#4543,#1139);
#875=LINE('',#4545,#1140);
#876=LINE('',#4549,#1141);
#877=LINE('',#4553,#1142);
#878=LINE('',#4555,#1143);
#879=LINE('',#4557,#1144);
#880=LINE('',#4560,#1145);
#881=LINE('',#4562,#1146);
#882=LINE('',#4570,#1147);
#883=LINE('',#4571,#1148);
#884=LINE('',#4573,#1149);
#885=LINE('',#4575,#1150);
#886=LINE('',#4576,#1151);
#887=LINE('',#4578,#1152);
#888=LINE('',#4580,#1153);
#889=LINE('',#4582,#1154);
#890=LINE('',#4592,#1155);
#891=LINE('',#4593,#1156);
#892=LINE('',#4595,#1157);
#893=LINE('',#4597,#1158);
#894=LINE('',#4598,#1159);
#895=LINE('',#4600,#1160);
#896=LINE('',#4602,#1161);
#897=LINE('',#4604,#1162);
#898=LINE('',#4610,#1163);
#899=LINE('',#4612,#1164);
#900=LINE('',#4615,#1165);
#901=LINE('',#4617,#1166);
#902=LINE('',#4620,#1167);
#903=LINE('',#4622,#1168);
#904=LINE('',#4625,#1169);
#905=LINE('',#4627,#1170);
#906=LINE('',#4630,#1171);
#907=LINE('',#4632,#1172);
#908=LINE('',#4635,#1173);
#909=LINE('',#4637,#1174);
#910=LINE('',#4640,#1175);
#911=LINE('',#4642,#1176);
#912=LINE('',#4644,#1177);
#913=LINE('',#4646,#1178);
#914=LINE('',#4648,#1179);
#915=LINE('',#4650,#1180);
#916=LINE('',#4652,#1181);
#917=LINE('',#4654,#1182);
#918=LINE('',#4656,#1183);
#919=LINE('',#4658,#1184);
#920=LINE('',#4660,#1185);
#921=VECTOR('',#3102,10.);
#922=VECTOR('',#3103,10.);
#923=VECTOR('',#3104,10.);
#924=VECTOR('',#3105,10.);
#925=VECTOR('',#3108,10.);
#926=VECTOR('',#3109,10.);
#927=VECTOR('',#3110,10.);
#928=VECTOR('',#3113,10.);
#929=VECTOR('',#3114,10.);
#930=VECTOR('',#3115,10.);
#931=VECTOR('',#3116,10.);
#932=VECTOR('',#3119,10.);
#933=VECTOR('',#3122,10.);
#934=VECTOR('',#3123,10.);
#935=VECTOR('',#3124,10.);
#936=VECTOR('',#3125,10.);
#937=VECTOR('',#3126,10.);
#938=VECTOR('',#3127,10.);
#939=VECTOR('',#3128,10.);
#940=VECTOR('',#3131,10.);
#941=VECTOR('',#3134,10.);
#942=VECTOR('',#3137,10.);
#943=VECTOR('',#3138,10.);
#944=VECTOR('',#3139,10.);
#945=VECTOR('',#3140,10.);
#946=VECTOR('',#3141,10.);
#947=VECTOR('',#3142,10.);
#948=VECTOR('',#3143,10.);
#949=VECTOR('',#3146,10.);
#950=VECTOR('',#3149,10.);
#951=VECTOR('',#3152,10.);
#952=VECTOR('',#3153,10.);
#953=VECTOR('',#3154,10.);
#954=VECTOR('',#3155,10.);
#955=VECTOR('',#3156,10.);
#956=VECTOR('',#3157,10.);
#957=VECTOR('',#3158,10.);
#958=VECTOR('',#3161,10.);
#959=VECTOR('',#3208,10.);
#960=VECTOR('',#3209,10.);
#961=VECTOR('',#3210,10.);
#962=VECTOR('',#3215,10.);
#963=VECTOR('',#3220,10.);
#964=VECTOR('',#3223,10.);
#965=VECTOR('',#3224,10.);
#966=VECTOR('',#3225,10.);
#967=VECTOR('',#3226,10.);
#968=VECTOR('',#3227,10.);
#969=VECTOR('',#3228,10.);
#970=VECTOR('',#3229,10.);
#971=VECTOR('',#3232,10.);
#972=VECTOR('',#3235,10.);
#973=VECTOR('',#3238,10.);
#974=VECTOR('',#3239,10.);
#975=VECTOR('',#3240,10.);
#976=VECTOR('',#3241,10.);
#977=VECTOR('',#3242,10.);
#978=VECTOR('',#3243,10.);
#979=VECTOR('',#3244,10.);
#980=VECTOR('',#3247,10.);
#981=VECTOR('',#3250,10.);
#982=VECTOR('',#3253,10.);
#983=VECTOR('',#3254,10.);
#984=VECTOR('',#3255,10.);
#985=VECTOR('',#3256,10.);
#986=VECTOR('',#3257,10.);
#987=VECTOR('',#3258,10.);
#988=VECTOR('',#3259,10.);
#989=VECTOR('',#3262,10.);
#990=VECTOR('',#3263,10.);
#991=VECTOR('',#3264,10.);
#992=VECTOR('',#3265,10.);
#993=VECTOR('',#3312,1.65);
#994=VECTOR('',#3319,1.65);
#995=VECTOR('',#3326,1.65);
#996=VECTOR('',#3333,1.65);
#997=VECTOR('',#3340,1.65);
#998=VECTOR('',#3347,1.65);
#999=VECTOR('',#3354,1.65);
#1000=VECTOR('',#3361,1.65);
#1001=VECTOR('',#3366,10.);
#1002=VECTOR('',#3367,10.);
#1003=VECTOR('',#3368,10.);
#1004=VECTOR('',#3369,10.);
#1005=VECTOR('',#3372,10.);
#1006=VECTOR('',#3373,10.);
#1007=VECTOR('',#3374,10.);
#1008=VECTOR('',#3377,10.);
#1009=VECTOR('',#3378,10.);
#1010=VECTOR('',#3379,10.);
#1011=VECTOR('',#3380,10.);
#1012=VECTOR('',#3381,10.);
#1013=VECTOR('',#3382,10.);
#1014=VECTOR('',#3383,10.);
#1015=VECTOR('',#3384,4.5792);
#1016=VECTOR('',#3385,10.);
#1017=VECTOR('',#3386,4.5792);
#1018=VECTOR('',#3389,10.);
#1019=VECTOR('',#3390,10.);
#1020=VECTOR('',#3391,10.);
#1021=VECTOR('',#3394,10.);
#1022=VECTOR('',#3395,10.);
#1023=VECTOR('',#3398,10.);
#1024=VECTOR('',#3399,10.);
#1025=VECTOR('',#3400,10.);
#1026=VECTOR('',#3401,10.);
#1027=VECTOR('',#3404,10.);
#1028=VECTOR('',#3405,10.);
#1029=VECTOR('',#3406,10.);
#1030=VECTOR('',#3409,10.);
#1031=VECTOR('',#3410,10.);
#1032=VECTOR('',#3411,10.);
#1033=VECTOR('',#3412,4.5792);
#1034=VECTOR('',#3413,10.);
#1035=VECTOR('',#3414,10.);
#1036=VECTOR('',#3415,10.);
#1037=VECTOR('',#3416,10.);
#1038=VECTOR('',#3417,10.);
#1039=VECTOR('',#3418,10.);
#1040=VECTOR('',#3435,10.);
#1041=VECTOR('',#3438,10.);
#1042=VECTOR('',#3439,10.);
#1043=VECTOR('',#3440,10.);
#1044=VECTOR('',#3443,10.);
#1045=VECTOR('',#3444,10.);
#1046=VECTOR('',#3447,10.);
#1047=VECTOR('',#3448,10.);
#1048=VECTOR('',#3449,10.);
#1049=VECTOR('',#3450,10.);
#1050=VECTOR('',#3453,10.);
#1051=VECTOR('',#3454,10.);
#1052=VECTOR('',#3455,10.);
#1053=VECTOR('',#3458,10.);
#1054=VECTOR('',#3459,10.);
#1055=VECTOR('',#3460,10.);
#1056=VECTOR('',#3461,4.5792);
#1057=VECTOR('',#3462,10.);
#1058=VECTOR('',#3463,10.);
#1059=VECTOR('',#3464,10.);
#1060=VECTOR('',#3465,10.);
#1061=VECTOR('',#3466,10.);
#1062=VECTOR('',#3467,10.);
#1063=VECTOR('',#3486,10.);
#1064=VECTOR('',#3487,10.);
#1065=VECTOR('',#3488,10.);
#1066=VECTOR('',#3491,10.);
#1067=VECTOR('',#3492,10.);
#1068=VECTOR('',#3495,10.);
#1069=VECTOR('',#3496,10.);
#1070=VECTOR('',#3497,10.);
#1071=VECTOR('',#3500,10.);
#1072=VECTOR('',#3503,10.);
#1073=VECTOR('',#3504,10.);
#1074=VECTOR('',#3507,10.);
#1075=VECTOR('',#3508,10.);
#1076=VECTOR('',#3511,10.);
#1077=VECTOR('',#3512,10.);
#1078=VECTOR('',#3515,10.);
#1079=VECTOR('',#3516,10.);
#1080=VECTOR('',#3519,10.);
#1081=VECTOR('',#3520,10.);
#1082=VECTOR('',#3523,1.65);
#1083=VECTOR('',#3528,1.65);
#1084=VECTOR('',#3533,1.65);
#1085=VECTOR('',#3538,1.65);
#1086=VECTOR('',#3543,1.65);
#1087=VECTOR('',#3548,1.65);
#1088=VECTOR('',#3553,1.65);
#1089=VECTOR('',#3558,10.);
#1090=VECTOR('',#3559,10.);
#1091=VECTOR('',#3560,10.);
#1092=VECTOR('',#3567,1.65);
#1093=VECTOR('',#3572,1.65);
#1094=VECTOR('',#3577,1.65);
#1095=VECTOR('',#3582,1.65);
#1096=VECTOR('',#3587,1.65);
#1097=VECTOR('',#3592,1.65);
#1098=VECTOR('',#3597,1.65);
#1099=VECTOR('',#3602,1.65);
#1100=VECTOR('',#3607,10.);
#1101=VECTOR('',#3608,10.);
#1102=VECTOR('',#3611,10.);
#1103=VECTOR('',#3612,10.);
#1104=VECTOR('',#3615,10.);
#1105=VECTOR('',#3616,10.);
#1106=VECTOR('',#3619,4.5792);
#1107=VECTOR('',#3620,10.);
#1108=VECTOR('',#3623,10.);
#1109=VECTOR('',#3624,10.);
#1110=VECTOR('',#3627,10.);
#1111=VECTOR('',#3628,10.);
#1112=VECTOR('',#3631,10.);
#1113=VECTOR('',#3632,10.);
#1114=VECTOR('',#3637,10.);
#1115=VECTOR('',#3638,10.);
#1116=VECTOR('',#3641,10.);
#1117=VECTOR('',#3644,10.);
#1118=VECTOR('',#3645,10.);
#1119=VECTOR('',#3648,10.);
#1120=VECTOR('',#3651,10.);
#1121=VECTOR('',#3652,10.);
#1122=VECTOR('',#3655,10.);
#1123=VECTOR('',#3658,10.);
#1124=VECTOR('',#3659,10.);
#1125=VECTOR('',#3662,10.);
#1126=VECTOR('',#3665,10.);
#1127=VECTOR('',#3666,10.);
#1128=VECTOR('',#3669,10.);
#1129=VECTOR('',#3672,1.25);
#1130=VECTOR('',#3675,1.25);
#1131=VECTOR('',#3678,1.25);
#1132=VECTOR('',#3681,1.25);
#1133=VECTOR('',#3684,0.8);
#1134=VECTOR('',#3687,1.25);
#1135=VECTOR('',#3690,0.8);
#1136=VECTOR('',#3693,0.8);
#1137=VECTOR('',#3696,1.25);
#1138=VECTOR('',#3699,0.8);
#1139=VECTOR('',#3702,10.);
#1140=VECTOR('',#3705,10.);
#1141=VECTOR('',#3710,10.);
#1142=VECTOR('',#3717,10.);
#1143=VECTOR('',#3720,10.);
#1144=VECTOR('',#3723,10.);
#1145=VECTOR('',#3728,10.);
#1146=VECTOR('',#3731,10.);
#1147=VECTOR('',#3744,10.);
#1148=VECTOR('',#3745,4.5792);
#1149=VECTOR('',#3748,10.);
#1150=VECTOR('',#3749,10.);
#1151=VECTOR('',#3750,4.5792);
#1152=VECTOR('',#3753,10.);
#1153=VECTOR('',#3756,10.);
#1154=VECTOR('',#3759,10.);
#1155=VECTOR('',#3776,10.);
#1156=VECTOR('',#3777,4.5792);
#1157=VECTOR('',#3780,10.);
#1158=VECTOR('',#3781,10.);
#1159=VECTOR('',#3782,4.5792);
#1160=VECTOR('',#3785,10.);
#1161=VECTOR('',#3788,10.);
#1162=VECTOR('',#3791,10.);
#1163=VECTOR('',#3802,10.);
#1164=VECTOR('',#3805,10.);
#1165=VECTOR('',#3810,10.);
#1166=VECTOR('',#3813,10.);
#1167=VECTOR('',#3818,10.);
#1168=VECTOR('',#3821,10.);
#1169=VECTOR('',#3826,10.);
#1170=VECTOR('',#3829,10.);
#1171=VECTOR('',#3834,10.);
#1172=VECTOR('',#3837,10.);
#1173=VECTOR('',#3842,10.);
#1174=VECTOR('',#3845,10.);
#1175=VECTOR('',#3850,2.15000000000018);
#1176=VECTOR('',#3853,2.65000000000022);
#1177=VECTOR('',#3856,2.65000000000022);
#1178=VECTOR('',#3859,2.15000000000018);
#1179=VECTOR('',#3862,2.65000000000022);
#1180=VECTOR('',#3865,2.15000000000018);
#1181=VECTOR('',#3868,2.65000000000022);
#1182=VECTOR('',#3871,2.15000000000018);
#1183=VECTOR('',#3874,2.15000000000018);
#1184=VECTOR('',#3877,2.15000000000018);
#1185=VECTOR('',#3880,2.15000000000018);
#1186=VERTEX_POINT('',#3889);
#1187=VERTEX_POINT('',#3890);
#1188=VERTEX_POINT('',#3892);
#1189=VERTEX_POINT('',#3894);
#1190=VERTEX_POINT('',#3898);
#1191=VERTEX_POINT('',#3900);
#1192=VERTEX_POINT('',#3904);
#1193=VERTEX_POINT('',#3906);
#1194=VERTEX_POINT('',#3908);
#1195=VERTEX_POINT('',#3910);
#1196=VERTEX_POINT('',#3912);
#1197=VERTEX_POINT('',#3914);
#1198=VERTEX_POINT('',#3916);
#1199=VERTEX_POINT('',#3918);
#1200=VERTEX_POINT('',#3920);
#1201=VERTEX_POINT('',#3922);
#1202=VERTEX_POINT('',#3924);
#1203=VERTEX_POINT('',#3926);
#1204=VERTEX_POINT('',#3928);
#1205=VERTEX_POINT('',#3930);
#1206=VERTEX_POINT('',#3932);
#1207=VERTEX_POINT('',#3934);
#1208=VERTEX_POINT('',#3936);
#1209=VERTEX_POINT('',#3938);
#1210=VERTEX_POINT('',#3940);
#1211=VERTEX_POINT('',#3942);
#1212=VERTEX_POINT('',#3944);
#1213=VERTEX_POINT('',#3946);
#1214=VERTEX_POINT('',#3948);
#1215=VERTEX_POINT('',#3950);
#1216=VERTEX_POINT('',#3952);
#1217=VERTEX_POINT('',#3954);
#1218=VERTEX_POINT('',#3956);
#1219=VERTEX_POINT('',#3958);
#1220=VERTEX_POINT('',#3960);
#1221=VERTEX_POINT('',#3962);
#1222=VERTEX_POINT('',#3964);
#1223=VERTEX_POINT('',#3966);
#1224=VERTEX_POINT('',#3968);
#1225=VERTEX_POINT('',#3970);
#1226=VERTEX_POINT('',#3972);
#1227=VERTEX_POINT('',#3974);
#1228=VERTEX_POINT('',#3976);
#1229=VERTEX_POINT('',#3978);
#1230=VERTEX_POINT('',#3980);
#1231=VERTEX_POINT('',#3982);
#1232=VERTEX_POINT('',#3985);
#1233=VERTEX_POINT('',#3987);
#1234=VERTEX_POINT('',#3989);
#1235=VERTEX_POINT('',#3991);
#1236=VERTEX_POINT('',#3993);
#1237=VERTEX_POINT('',#3995);
#1238=VERTEX_POINT('',#3997);
#1239=VERTEX_POINT('',#3999);
#1240=VERTEX_POINT('',#4001);
#1241=VERTEX_POINT('',#4003);
#1242=VERTEX_POINT('',#4005);
#1243=VERTEX_POINT('',#4007);
#1244=VERTEX_POINT('',#4009);
#1245=VERTEX_POINT('',#4011);
#1246=VERTEX_POINT('',#4013);
#1247=VERTEX_POINT('',#4015);
#1248=VERTEX_POINT('',#4017);
#1249=VERTEX_POINT('',#4019);
#1250=VERTEX_POINT('',#4021);
#1251=VERTEX_POINT('',#4023);
#1252=VERTEX_POINT('',#4025);
#1253=VERTEX_POINT('',#4028);
#1254=VERTEX_POINT('',#4030);
#1255=VERTEX_POINT('',#4034);
#1256=VERTEX_POINT('',#4038);
#1257=VERTEX_POINT('',#4040);
#1258=VERTEX_POINT('',#4042);
#1259=VERTEX_POINT('',#4044);
#1260=VERTEX_POINT('',#4046);
#1261=VERTEX_POINT('',#4048);
#1262=VERTEX_POINT('',#4050);
#1263=VERTEX_POINT('',#4052);
#1264=VERTEX_POINT('',#4054);
#1265=VERTEX_POINT('',#4056);
#1266=VERTEX_POINT('',#4058);
#1267=VERTEX_POINT('',#4060);
#1268=VERTEX_POINT('',#4062);
#1269=VERTEX_POINT('',#4064);
#1270=VERTEX_POINT('',#4066);
#1271=VERTEX_POINT('',#4068);
#1272=VERTEX_POINT('',#4070);
#1273=VERTEX_POINT('',#4072);
#1274=VERTEX_POINT('',#4074);
#1275=VERTEX_POINT('',#4076);
#1276=VERTEX_POINT('',#4078);
#1277=VERTEX_POINT('',#4080);
#1278=VERTEX_POINT('',#4082);
#1279=VERTEX_POINT('',#4084);
#1280=VERTEX_POINT('',#4086);
#1281=VERTEX_POINT('',#4088);
#1282=VERTEX_POINT('',#4090);
#1283=VERTEX_POINT('',#4092);
#1284=VERTEX_POINT('',#4094);
#1285=VERTEX_POINT('',#4096);
#1286=VERTEX_POINT('',#4098);
#1287=VERTEX_POINT('',#4100);
#1288=VERTEX_POINT('',#4102);
#1289=VERTEX_POINT('',#4104);
#1290=VERTEX_POINT('',#4106);
#1291=VERTEX_POINT('',#4109);
#1292=VERTEX_POINT('',#4111);
#1293=VERTEX_POINT('',#4114);
#1294=VERTEX_POINT('',#4116);
#1295=VERTEX_POINT('',#4118);
#1296=VERTEX_POINT('',#4120);
#1297=VERTEX_POINT('',#4122);
#1298=VERTEX_POINT('',#4124);
#1299=VERTEX_POINT('',#4126);
#1300=VERTEX_POINT('',#4128);
#1301=VERTEX_POINT('',#4130);
#1302=VERTEX_POINT('',#4132);
#1303=VERTEX_POINT('',#4134);
#1304=VERTEX_POINT('',#4136);
#1305=VERTEX_POINT('',#4138);
#1306=VERTEX_POINT('',#4140);
#1307=VERTEX_POINT('',#4142);
#1308=VERTEX_POINT('',#4144);
#1309=VERTEX_POINT('',#4146);
#1310=VERTEX_POINT('',#4148);
#1311=VERTEX_POINT('',#4150);
#1312=VERTEX_POINT('',#4152);
#1313=VERTEX_POINT('',#4154);
#1314=VERTEX_POINT('',#4157);
#1315=VERTEX_POINT('',#4159);
#1316=VERTEX_POINT('',#4163);
#1317=VERTEX_POINT('',#4165);
#1318=VERTEX_POINT('',#4169);
#1319=VERTEX_POINT('',#4171);
#1320=VERTEX_POINT('',#4175);
#1321=VERTEX_POINT('',#4177);
#1322=VERTEX_POINT('',#4181);
#1323=VERTEX_POINT('',#4183);
#1324=VERTEX_POINT('',#4187);
#1325=VERTEX_POINT('',#4189);
#1326=VERTEX_POINT('',#4193);
#1327=VERTEX_POINT('',#4195);
#1328=VERTEX_POINT('',#4199);
#1329=VERTEX_POINT('',#4201);
#1330=VERTEX_POINT('',#4205);
#1331=VERTEX_POINT('',#4206);
#1332=VERTEX_POINT('',#4208);
#1333=VERTEX_POINT('',#4210);
#1334=VERTEX_POINT('',#4214);
#1335=VERTEX_POINT('',#4216);
#1336=VERTEX_POINT('',#4220);
#1337=VERTEX_POINT('',#4222);
#1338=VERTEX_POINT('',#4224);
#1339=VERTEX_POINT('',#4226);
#1340=VERTEX_POINT('',#4228);
#1341=VERTEX_POINT('',#4230);
#1342=VERTEX_POINT('',#4232);
#1343=VERTEX_POINT('',#4234);
#1344=VERTEX_POINT('',#4236);
#1345=VERTEX_POINT('',#4240);
#1346=VERTEX_POINT('',#4242);
#1347=VERTEX_POINT('',#4246);
#1348=VERTEX_POINT('',#4250);
#1349=VERTEX_POINT('',#4251);
#1350=VERTEX_POINT('',#4253);
#1351=VERTEX_POINT('',#4255);
#1352=VERTEX_POINT('',#4259);
#1353=VERTEX_POINT('',#4261);
#1354=VERTEX_POINT('',#4265);
#1355=VERTEX_POINT('',#4267);
#1356=VERTEX_POINT('',#4269);
#1357=VERTEX_POINT('',#4271);
#1358=VERTEX_POINT('',#4273);
#1359=VERTEX_POINT('',#4275);
#1360=VERTEX_POINT('',#4277);
#1361=VERTEX_POINT('',#4279);
#1362=VERTEX_POINT('',#4281);
#1363=VERTEX_POINT('',#4284);
#1364=VERTEX_POINT('',#4286);
#1365=VERTEX_POINT('',#4288);
#1366=VERTEX_POINT('',#4290);
#1367=VERTEX_POINT('',#4292);
#1368=VERTEX_POINT('',#4294);
#1369=VERTEX_POINT('',#4296);
#1370=VERTEX_POINT('',#4298);
#1371=VERTEX_POINT('',#4299);
#1372=VERTEX_POINT('',#4303);
#1373=VERTEX_POINT('',#4304);
#1374=VERTEX_POINT('',#4309);
#1375=VERTEX_POINT('',#4313);
#1376=VERTEX_POINT('',#4314);
#1377=VERTEX_POINT('',#4316);
#1378=VERTEX_POINT('',#4318);
#1379=VERTEX_POINT('',#4322);
#1380=VERTEX_POINT('',#4324);
#1381=VERTEX_POINT('',#4328);
#1382=VERTEX_POINT('',#4330);
#1383=VERTEX_POINT('',#4332);
#1384=VERTEX_POINT('',#4334);
#1385=VERTEX_POINT('',#4336);
#1386=VERTEX_POINT('',#4338);
#1387=VERTEX_POINT('',#4340);
#1388=VERTEX_POINT('',#4342);
#1389=VERTEX_POINT('',#4344);
#1390=VERTEX_POINT('',#4347);
#1391=VERTEX_POINT('',#4349);
#1392=VERTEX_POINT('',#4351);
#1393=VERTEX_POINT('',#4353);
#1394=VERTEX_POINT('',#4355);
#1395=VERTEX_POINT('',#4357);
#1396=VERTEX_POINT('',#4359);
#1397=VERTEX_POINT('',#4361);
#1398=VERTEX_POINT('',#4364);
#1399=VERTEX_POINT('',#4365);
#1400=VERTEX_POINT('',#4370);
#1401=VERTEX_POINT('',#4374);
#1402=VERTEX_POINT('',#4376);
#1403=VERTEX_POINT('',#4382);
#1404=VERTEX_POINT('',#4386);
#1405=VERTEX_POINT('',#4390);
#1406=VERTEX_POINT('',#4394);
#1407=VERTEX_POINT('',#4398);
#1408=VERTEX_POINT('',#4402);
#1409=VERTEX_POINT('',#4406);
#1410=VERTEX_POINT('',#4410);
#1411=VERTEX_POINT('',#4414);
#1412=VERTEX_POINT('',#4418);
#1413=VERTEX_POINT('',#4422);
#1414=VERTEX_POINT('',#4426);
#1415=VERTEX_POINT('',#4430);
#1416=VERTEX_POINT('',#4431);
#1417=VERTEX_POINT('',#4438);
#1418=VERTEX_POINT('',#4442);
#1419=VERTEX_POINT('',#4446);
#1420=VERTEX_POINT('',#4450);
#1421=VERTEX_POINT('',#4454);
#1422=VERTEX_POINT('',#4458);
#1423=VERTEX_POINT('',#4462);
#1424=VERTEX_POINT('',#4466);
#1425=VERTEX_POINT('',#4470);
#1426=VERTEX_POINT('',#4474);
#1427=VERTEX_POINT('',#4478);
#1428=VERTEX_POINT('',#4482);
#1429=VERTEX_POINT('',#4486);
#1430=VERTEX_POINT('',#4490);
#1431=VERTEX_POINT('',#4548);
#1432=VERTEX_POINT('',#4569);
#1433=VERTEX_POINT('',#4574);
#1434=VERTEX_POINT('',#4591);
#1435=VERTEX_POINT('',#4596);
#1436=EDGE_CURVE('',#1186,#1187,#656,.T.);
#1437=EDGE_CURVE('',#1187,#1188,#657,.T.);
#1438=EDGE_CURVE('',#1188,#1189,#658,.T.);
#1439=EDGE_CURVE('',#1189,#1186,#659,.T.);
#1440=EDGE_CURVE('',#1187,#1190,#660,.T.);
#1441=EDGE_CURVE('',#1191,#1190,#661,.T.);
#1442=EDGE_CURVE('',#1191,#1188,#662,.T.);
#1443=EDGE_CURVE('',#1186,#1192,#663,.T.);
#1444=EDGE_CURVE('',#1192,#1193,#664,.T.);
#1445=EDGE_CURVE('',#1193,#1194,#665,.T.);
#1446=EDGE_CURVE('',#1195,#1194,#666,.T.);
#1447=EDGE_CURVE('',#1196,#1195,#166,.T.);
#1448=EDGE_CURVE('',#1197,#1196,#667,.T.);
#1449=EDGE_CURVE('',#1198,#1197,#167,.T.);
#1450=EDGE_CURVE('',#1198,#1199,#668,.T.);
#1451=EDGE_CURVE('',#1199,#1200,#669,.T.);
#1452=EDGE_CURVE('',#1200,#1201,#670,.T.);
#1453=EDGE_CURVE('',#1201,#1202,#671,.T.);
#1454=EDGE_CURVE('',#1202,#1203,#672,.T.);
#1455=EDGE_CURVE('',#1203,#1204,#673,.T.);
#1456=EDGE_CURVE('',#1204,#1205,#674,.T.);
#1457=EDGE_CURVE('',#1206,#1205,#168,.T.);
#1458=EDGE_CURVE('',#1207,#1206,#675,.T.);
#1459=EDGE_CURVE('',#1208,#1207,#169,.T.);
#1460=EDGE_CURVE('',#1209,#1208,#676,.T.);
#1461=EDGE_CURVE('',#1210,#1209,#170,.T.);
#1462=EDGE_CURVE('',#1210,#1211,#677,.T.);
#1463=EDGE_CURVE('',#1211,#1212,#678,.T.);
#1464=EDGE_CURVE('',#1212,#1213,#679,.T.);
#1465=EDGE_CURVE('',#1213,#1214,#680,.T.);
#1466=EDGE_CURVE('',#1214,#1215,#681,.T.);
#1467=EDGE_CURVE('',#1215,#1216,#682,.T.);
#1468=EDGE_CURVE('',#1216,#1217,#683,.T.);
#1469=EDGE_CURVE('',#1218,#1217,#171,.T.);
#1470=EDGE_CURVE('',#1219,#1218,#684,.T.);
#1471=EDGE_CURVE('',#1220,#1219,#172,.T.);
#1472=EDGE_CURVE('',#1221,#1220,#685,.T.);
#1473=EDGE_CURVE('',#1222,#1221,#173,.T.);
#1474=EDGE_CURVE('',#1222,#1223,#686,.T.);
#1475=EDGE_CURVE('',#1223,#1224,#687,.T.);
#1476=EDGE_CURVE('',#1224,#1225,#688,.T.);
#1477=EDGE_CURVE('',#1225,#1226,#689,.T.);
#1478=EDGE_CURVE('',#1226,#1227,#690,.T.);
#1479=EDGE_CURVE('',#1227,#1228,#691,.T.);
#1480=EDGE_CURVE('',#1228,#1229,#692,.T.);
#1481=EDGE_CURVE('',#1230,#1229,#174,.T.);
#1482=EDGE_CURVE('',#1231,#1230,#693,.T.);
#1483=EDGE_CURVE('',#1190,#1231,#175,.T.);
#1484=EDGE_CURVE('',#1232,#1232,#176,.T.);
#1485=EDGE_CURVE('',#1233,#1233,#177,.T.);
#1486=EDGE_CURVE('',#1234,#1234,#178,.T.);
#1487=EDGE_CURVE('',#1235,#1235,#179,.T.);
#1488=EDGE_CURVE('',#1236,#1236,#180,.T.);
#1489=EDGE_CURVE('',#1237,#1237,#181,.T.);
#1490=EDGE_CURVE('',#1238,#1238,#182,.T.);
#1491=EDGE_CURVE('',#1239,#1239,#183,.T.);
#1492=EDGE_CURVE('',#1240,#1240,#184,.T.);
#1493=EDGE_CURVE('',#1241,#1241,#185,.T.);
#1494=EDGE_CURVE('',#1242,#1242,#186,.T.);
#1495=EDGE_CURVE('',#1243,#1243,#187,.T.);
#1496=EDGE_CURVE('',#1244,#1244,#188,.T.);
#1497=EDGE_CURVE('',#1245,#1245,#189,.T.);
#1498=EDGE_CURVE('',#1246,#1246,#190,.T.);
#1499=EDGE_CURVE('',#1247,#1247,#191,.T.);
#1500=EDGE_CURVE('',#1248,#1248,#192,.T.);
#1501=EDGE_CURVE('',#1249,#1249,#193,.T.);
#1502=EDGE_CURVE('',#1250,#1250,#194,.T.);
#1503=EDGE_CURVE('',#1251,#1251,#195,.T.);
#1504=EDGE_CURVE('',#1252,#1252,#196,.T.);
#1505=EDGE_CURVE('',#1194,#1253,#694,.T.);
#1506=EDGE_CURVE('',#1253,#1254,#695,.T.);
#1507=EDGE_CURVE('',#1254,#1195,#696,.T.);
#1508=EDGE_CURVE('',#1254,#1255,#197,.T.);
#1509=EDGE_CURVE('',#1255,#1196,#697,.T.);
#1510=EDGE_CURVE('',#1256,#1191,#198,.T.);
#1511=EDGE_CURVE('',#1257,#1256,#698,.T.);
#1512=EDGE_CURVE('',#1258,#1257,#199,.T.);
#1513=EDGE_CURVE('',#1258,#1259,#699,.T.);
#1514=EDGE_CURVE('',#1259,#1260,#700,.T.);
#1515=EDGE_CURVE('',#1260,#1261,#701,.T.);
#1516=EDGE_CURVE('',#1261,#1262,#702,.T.);
#1517=EDGE_CURVE('',#1262,#1263,#703,.T.);
#1518=EDGE_CURVE('',#1263,#1264,#704,.T.);
#1519=EDGE_CURVE('',#1264,#1265,#705,.T.);
#1520=EDGE_CURVE('',#1266,#1265,#200,.T.);
#1521=EDGE_CURVE('',#1267,#1266,#706,.T.);
#1522=EDGE_CURVE('',#1268,#1267,#201,.T.);
#1523=EDGE_CURVE('',#1269,#1268,#707,.T.);
#1524=EDGE_CURVE('',#1270,#1269,#202,.T.);
#1525=EDGE_CURVE('',#1270,#1271,#708,.T.);
#1526=EDGE_CURVE('',#1271,#1272,#709,.T.);
#1527=EDGE_CURVE('',#1272,#1273,#710,.T.);
#1528=EDGE_CURVE('',#1273,#1274,#711,.T.);
#1529=EDGE_CURVE('',#1274,#1275,#712,.T.);
#1530=EDGE_CURVE('',#1275,#1276,#713,.T.);
#1531=EDGE_CURVE('',#1276,#1277,#714,.T.);
#1532=EDGE_CURVE('',#1278,#1277,#203,.T.);
#1533=EDGE_CURVE('',#1279,#1278,#715,.T.);
#1534=EDGE_CURVE('',#1280,#1279,#204,.T.);
#1535=EDGE_CURVE('',#1281,#1280,#716,.T.);
#1536=EDGE_CURVE('',#1282,#1281,#205,.T.);
#1537=EDGE_CURVE('',#1282,#1283,#717,.T.);
#1538=EDGE_CURVE('',#1283,#1284,#718,.T.);
#1539=EDGE_CURVE('',#1284,#1285,#719,.T.);
#1540=EDGE_CURVE('',#1285,#1286,#720,.T.);
#1541=EDGE_CURVE('',#1286,#1287,#721,.T.);
#1542=EDGE_CURVE('',#1287,#1288,#722,.T.);
#1543=EDGE_CURVE('',#1288,#1289,#723,.T.);
#1544=EDGE_CURVE('',#1290,#1289,#206,.T.);
#1545=EDGE_CURVE('',#1255,#1290,#724,.T.);
#1546=EDGE_CURVE('',#1253,#1291,#725,.T.);
#1547=EDGE_CURVE('',#1291,#1292,#726,.T.);
#1548=EDGE_CURVE('',#1292,#1189,#727,.T.);
#1549=EDGE_CURVE('',#1293,#1293,#207,.T.);
#1550=EDGE_CURVE('',#1294,#1294,#208,.T.);
#1551=EDGE_CURVE('',#1295,#1295,#209,.T.);
#1552=EDGE_CURVE('',#1296,#1296,#210,.T.);
#1553=EDGE_CURVE('',#1297,#1297,#211,.T.);
#1554=EDGE_CURVE('',#1298,#1298,#212,.T.);
#1555=EDGE_CURVE('',#1299,#1299,#213,.T.);
#1556=EDGE_CURVE('',#1300,#1300,#214,.T.);
#1557=EDGE_CURVE('',#1301,#1301,#215,.T.);
#1558=EDGE_CURVE('',#1302,#1302,#216,.T.);
#1559=EDGE_CURVE('',#1303,#1303,#217,.T.);
#1560=EDGE_CURVE('',#1304,#1304,#218,.T.);
#1561=EDGE_CURVE('',#1305,#1305,#219,.T.);
#1562=EDGE_CURVE('',#1306,#1306,#220,.T.);
#1563=EDGE_CURVE('',#1307,#1307,#221,.T.);
#1564=EDGE_CURVE('',#1308,#1308,#222,.T.);
#1565=EDGE_CURVE('',#1309,#1309,#223,.T.);
#1566=EDGE_CURVE('',#1310,#1310,#224,.T.);
#1567=EDGE_CURVE('',#1311,#1311,#225,.T.);
#1568=EDGE_CURVE('',#1312,#1312,#226,.T.);
#1569=EDGE_CURVE('',#1313,#1313,#227,.T.);
#1570=EDGE_CURVE('',#1314,#1314,#228,.T.);
#1571=EDGE_CURVE('',#1314,#1315,#728,.T.);
#1572=EDGE_CURVE('',#1315,#1315,#229,.T.);
#1573=EDGE_CURVE('',#1316,#1316,#230,.T.);
#1574=EDGE_CURVE('',#1316,#1317,#729,.T.);
#1575=EDGE_CURVE('',#1317,#1317,#231,.T.);
#1576=EDGE_CURVE('',#1318,#1318,#232,.T.);
#1577=EDGE_CURVE('',#1318,#1319,#730,.T.);
#1578=EDGE_CURVE('',#1319,#1319,#233,.T.);
#1579=EDGE_CURVE('',#1320,#1320,#234,.T.);
#1580=EDGE_CURVE('',#1320,#1321,#731,.T.);
#1581=EDGE_CURVE('',#1321,#1321,#235,.T.);
#1582=EDGE_CURVE('',#1322,#1322,#236,.T.);
#1583=EDGE_CURVE('',#1322,#1323,#732,.T.);
#1584=EDGE_CURVE('',#1323,#1323,#237,.T.);
#1585=EDGE_CURVE('',#1324,#1324,#238,.T.);
#1586=EDGE_CURVE('',#1324,#1325,#733,.T.);
#1587=EDGE_CURVE('',#1325,#1325,#239,.T.);
#1588=EDGE_CURVE('',#1326,#1326,#240,.T.);
#1589=EDGE_CURVE('',#1326,#1327,#734,.T.);
#1590=EDGE_CURVE('',#1327,#1327,#241,.T.);
#1591=EDGE_CURVE('',#1328,#1328,#242,.T.);
#1592=EDGE_CURVE('',#1328,#1329,#735,.T.);
#1593=EDGE_CURVE('',#1329,#1329,#243,.T.);
#1594=EDGE_CURVE('',#1330,#1331,#736,.T.);
#1595=EDGE_CURVE('',#1331,#1332,#737,.T.);
#1596=EDGE_CURVE('',#1332,#1333,#738,.T.);
#1597=EDGE_CURVE('',#1333,#1330,#739,.T.);
#1598=EDGE_CURVE('',#1331,#1334,#740,.T.);
#1599=EDGE_CURVE('',#1335,#1334,#741,.T.);
#1600=EDGE_CURVE('',#1332,#1335,#742,.T.);
#1601=EDGE_CURVE('',#1336,#1330,#743,.T.);
#1602=EDGE_CURVE('',#1337,#1336,#744,.T.);
#1603=EDGE_CURVE('',#1338,#1337,#745,.T.);
#1604=EDGE_CURVE('',#1339,#1338,#746,.T.);
#1605=EDGE_CURVE('',#1340,#1339,#747,.T.);
#1606=EDGE_CURVE('',#1341,#1340,#748,.T.);
#1607=EDGE_CURVE('',#1342,#1341,#749,.T.);
#1608=EDGE_CURVE('',#1342,#1343,#750,.T.);
#1609=EDGE_CURVE('',#1343,#1344,#751,.T.);
#1610=EDGE_CURVE('',#1334,#1344,#752,.T.);
#1611=EDGE_CURVE('',#1340,#1345,#753,.T.);
#1612=EDGE_CURVE('',#1345,#1346,#754,.T.);
#1613=EDGE_CURVE('',#1346,#1341,#755,.T.);
#1614=EDGE_CURVE('',#1347,#1339,#756,.T.);
#1615=EDGE_CURVE('',#1345,#1347,#757,.T.);
#1616=EDGE_CURVE('',#1348,#1349,#758,.T.);
#1617=EDGE_CURVE('',#1349,#1350,#759,.T.);
#1618=EDGE_CURVE('',#1350,#1351,#760,.T.);
#1619=EDGE_CURVE('',#1351,#1348,#761,.T.);
#1620=EDGE_CURVE('',#1352,#1351,#762,.T.);
#1621=EDGE_CURVE('',#1353,#1352,#763,.T.);
#1622=EDGE_CURVE('',#1353,#1348,#764,.T.);
#1623=EDGE_CURVE('',#1350,#1354,#765,.T.);
#1624=EDGE_CURVE('',#1355,#1354,#766,.T.);
#1625=EDGE_CURVE('',#1355,#1356,#767,.T.);
#1626=EDGE_CURVE('',#1357,#1356,#768,.T.);
#1627=EDGE_CURVE('',#1357,#1358,#769,.T.);
#1628=EDGE_CURVE('',#1359,#1358,#770,.T.);
#1629=EDGE_CURVE('',#1359,#1360,#771,.T.);
#1630=EDGE_CURVE('',#1361,#1360,#772,.T.);
#1631=EDGE_CURVE('',#1361,#1362,#773,.T.);
#1632=EDGE_CURVE('',#1352,#1362,#774,.T.);
#1633=EDGE_CURVE('',#1363,#1363,#244,.T.);
#1634=EDGE_CURVE('',#1364,#1364,#245,.T.);
#1635=EDGE_CURVE('',#1365,#1365,#246,.T.);
#1636=EDGE_CURVE('',#1366,#1366,#247,.T.);
#1637=EDGE_CURVE('',#1367,#1367,#248,.T.);
#1638=EDGE_CURVE('',#1368,#1368,#249,.T.);
#1639=EDGE_CURVE('',#1369,#1369,#250,.T.);
#1640=EDGE_CURVE('',#1370,#1371,#251,.T.);
#1641=EDGE_CURVE('',#1371,#1370,#775,.T.);
#1642=EDGE_CURVE('',#1372,#1373,#776,.T.);
#1643=EDGE_CURVE('',#1373,#1359,#777,.T.);
#1644=EDGE_CURVE('',#1358,#1372,#778,.T.);
#1645=EDGE_CURVE('',#1373,#1374,#779,.T.);
#1646=EDGE_CURVE('',#1360,#1374,#780,.T.);
#1647=EDGE_CURVE('',#1375,#1376,#781,.T.);
#1648=EDGE_CURVE('',#1376,#1377,#782,.T.);
#1649=EDGE_CURVE('',#1377,#1378,#783,.T.);
#1650=EDGE_CURVE('',#1378,#1375,#784,.T.);
#1651=EDGE_CURVE('',#1379,#1378,#785,.T.);
#1652=EDGE_CURVE('',#1380,#1379,#786,.T.);
#1653=EDGE_CURVE('',#1380,#1375,#787,.T.);
#1654=EDGE_CURVE('',#1377,#1381,#788,.T.);
#1655=EDGE_CURVE('',#1382,#1381,#789,.T.);
#1656=EDGE_CURVE('',#1382,#1383,#790,.T.);
#1657=EDGE_CURVE('',#1384,#1383,#791,.T.);
#1658=EDGE_CURVE('',#1384,#1385,#792,.T.);
#1659=EDGE_CURVE('',#1386,#1385,#793,.T.);
#1660=EDGE_CURVE('',#1386,#1387,#794,.T.);
#1661=EDGE_CURVE('',#1388,#1387,#795,.T.);
#1662=EDGE_CURVE('',#1388,#1389,#796,.T.);
#1663=EDGE_CURVE('',#1379,#1389,#797,.T.);
#1664=EDGE_CURVE('',#1390,#1390,#252,.T.);
#1665=EDGE_CURVE('',#1391,#1391,#253,.T.);
#1666=EDGE_CURVE('',#1392,#1392,#254,.T.);
#1667=EDGE_CURVE('',#1393,#1393,#255,.T.);
#1668=EDGE_CURVE('',#1394,#1394,#256,.T.);
#1669=EDGE_CURVE('',#1395,#1395,#257,.T.);
#1670=EDGE_CURVE('',#1396,#1396,#258,.T.);
#1671=EDGE_CURVE('',#1397,#1397,#259,.T.);
#1672=EDGE_CURVE('',#1398,#1399,#798,.T.);
#1673=EDGE_CURVE('',#1399,#1386,#799,.T.);
#1674=EDGE_CURVE('',#1385,#1398,#800,.T.);
#1675=EDGE_CURVE('',#1399,#1400,#801,.T.);
#1676=EDGE_CURVE('',#1387,#1400,#802,.T.);
#1677=EDGE_CURVE('',#1336,#1401,#803,.T.);
#1678=EDGE_CURVE('',#1401,#1402,#804,.T.);
#1679=EDGE_CURVE('',#1402,#1337,#805,.T.);
#1680=EDGE_CURVE('',#1401,#1333,#806,.T.);
#1681=EDGE_CURVE('',#1400,#1403,#807,.T.);
#1682=EDGE_CURVE('',#1403,#1388,#808,.T.);
#1683=EDGE_CURVE('',#1404,#1380,#809,.T.);
#1684=EDGE_CURVE('',#1389,#1404,#810,.T.);
#1685=EDGE_CURVE('',#1374,#1405,#811,.T.);
#1686=EDGE_CURVE('',#1405,#1361,#812,.T.);
#1687=EDGE_CURVE('',#1406,#1353,#813,.T.);
#1688=EDGE_CURVE('',#1362,#1406,#814,.T.);
#1689=EDGE_CURVE('',#1338,#1407,#815,.T.);
#1690=EDGE_CURVE('',#1407,#1347,#816,.T.);
#1691=EDGE_CURVE('',#1363,#1408,#817,.T.);
#1692=EDGE_CURVE('',#1408,#1408,#260,.T.);
#1693=EDGE_CURVE('',#1364,#1409,#818,.T.);
#1694=EDGE_CURVE('',#1409,#1409,#261,.T.);
#1695=EDGE_CURVE('',#1365,#1410,#819,.T.);
#1696=EDGE_CURVE('',#1410,#1410,#262,.T.);
#1697=EDGE_CURVE('',#1366,#1411,#820,.T.);
#1698=EDGE_CURVE('',#1411,#1411,#263,.T.);
#1699=EDGE_CURVE('',#1367,#1412,#821,.T.);
#1700=EDGE_CURVE('',#1412,#1412,#264,.T.);
#1701=EDGE_CURVE('',#1368,#1413,#822,.T.);
#1702=EDGE_CURVE('',#1413,#1413,#265,.T.);
#1703=EDGE_CURVE('',#1369,#1414,#823,.T.);
#1704=EDGE_CURVE('',#1414,#1414,#266,.T.);
#1705=EDGE_CURVE('',#1415,#1416,#824,.T.);
#1706=EDGE_CURVE('',#1370,#1415,#825,.T.);
#1707=EDGE_CURVE('',#1371,#1416,#826,.T.);
#1708=EDGE_CURVE('',#1416,#1415,#267,.T.);
#1709=EDGE_CURVE('',#1390,#1417,#827,.T.);
#1710=EDGE_CURVE('',#1417,#1417,#268,.T.);
#1711=EDGE_CURVE('',#1391,#1418,#828,.T.);
#1712=EDGE_CURVE('',#1418,#1418,#269,.T.);
#1713=EDGE_CURVE('',#1392,#1419,#829,.T.);
#1714=EDGE_CURVE('',#1419,#1419,#270,.T.);
#1715=EDGE_CURVE('',#1393,#1420,#830,.T.);
#1716=EDGE_CURVE('',#1420,#1420,#271,.T.);
#1717=EDGE_CURVE('',#1394,#1421,#831,.T.);
#1718=EDGE_CURVE('',#1421,#1421,#272,.T.);
#1719=EDGE_CURVE('',#1395,#1422,#832,.T.);
#1720=EDGE_CURVE('',#1422,#1422,#273,.T.);
#1721=EDGE_CURVE('',#1396,#1423,#833,.T.);
#1722=EDGE_CURVE('',#1423,#1423,#274,.T.);
#1723=EDGE_CURVE('',#1397,#1424,#834,.T.);
#1724=EDGE_CURVE('',#1424,#1424,#275,.T.);
#1725=EDGE_CURVE('',#1425,#1357,#835,.T.);
#1726=EDGE_CURVE('',#1425,#1372,#836,.T.);
#1727=EDGE_CURVE('',#1349,#1426,#837,.T.);
#1728=EDGE_CURVE('',#1354,#1426,#838,.T.);
#1729=EDGE_CURVE('',#1427,#1346,#839,.T.);
#1730=EDGE_CURVE('',#1342,#1427,#840,.T.);
#1731=EDGE_CURVE('',#1427,#1428,#841,.T.);
#1732=EDGE_CURVE('',#1428,#1343,#842,.T.);
#1733=EDGE_CURVE('',#1376,#1429,#843,.T.);
#1734=EDGE_CURVE('',#1381,#1429,#844,.T.);
#1735=EDGE_CURVE('',#1430,#1384,#845,.T.);
#1736=EDGE_CURVE('',#1430,#1398,#846,.T.);
#1737=EDGE_CURVE('',#1197,#1290,#847,.T.);
#1738=EDGE_CURVE('',#1289,#1198,#848,.T.);
#1739=EDGE_CURVE('',#1281,#1206,#849,.T.);
#1740=EDGE_CURVE('',#1205,#1282,#850,.T.);
#1741=EDGE_CURVE('',#1280,#1207,#851,.T.);
#1742=EDGE_CURVE('',#1209,#1278,#852,.T.);
#1743=EDGE_CURVE('',#1277,#1210,#853,.T.);
#1744=EDGE_CURVE('',#1279,#1208,#854,.T.);
#1745=EDGE_CURVE('',#1269,#1218,#855,.T.);
#1746=EDGE_CURVE('',#1217,#1270,#856,.T.);
#1747=EDGE_CURVE('',#1268,#1219,#857,.T.);
#1748=EDGE_CURVE('',#1221,#1266,#858,.T.);
#1749=EDGE_CURVE('',#1265,#1222,#859,.T.);
#1750=EDGE_CURVE('',#1267,#1220,#860,.T.);
#1751=EDGE_CURVE('',#1257,#1230,#861,.T.);
#1752=EDGE_CURVE('',#1229,#1258,#862,.T.);
#1753=EDGE_CURVE('',#1256,#1231,#863,.T.);
#1754=EDGE_CURVE('',#1232,#1293,#864,.T.);
#1755=EDGE_CURVE('',#1233,#1294,#865,.T.);
#1756=EDGE_CURVE('',#1234,#1295,#866,.T.);
#1757=EDGE_CURVE('',#1235,#1296,#867,.T.);
#1758=EDGE_CURVE('',#1236,#1297,#868,.T.);
#1759=EDGE_CURVE('',#1237,#1298,#869,.T.);
#1760=EDGE_CURVE('',#1238,#1299,#870,.T.);
#1761=EDGE_CURVE('',#1239,#1300,#871,.T.);
#1762=EDGE_CURVE('',#1240,#1301,#872,.T.);
#1763=EDGE_CURVE('',#1241,#1302,#873,.T.);
#1764=EDGE_CURVE('',#1192,#1292,#874,.T.);
#1765=EDGE_CURVE('',#1193,#1291,#875,.T.);
#1766=EDGE_CURVE('',#1431,#1428,#876,.T.);
#1767=EDGE_CURVE('',#1286,#1431,#276,.T.);
#1768=EDGE_CURVE('',#1428,#1285,#277,.T.);
#1769=EDGE_CURVE('',#1344,#1431,#877,.T.);
#1770=EDGE_CURVE('',#1344,#1201,#278,.T.);
#1771=EDGE_CURVE('',#1201,#1286,#878,.T.);
#1772=EDGE_CURVE('',#1202,#1285,#879,.T.);
#1773=EDGE_CURVE('',#1343,#1202,#279,.T.);
#1774=EDGE_CURVE('',#1431,#1335,#880,.T.);
#1775=EDGE_CURVE('',#1407,#1402,#881,.T.);
#1776=EDGE_CURVE('',#1274,#1355,#280,.T.);
#1777=EDGE_CURVE('',#1356,#1273,#281,.T.);
#1778=EDGE_CURVE('',#1356,#1432,#882,.T.);
#1779=EDGE_CURVE('',#1425,#1432,#883,.T.);
#1780=EDGE_CURVE('',#1405,#1406,#884,.T.);
#1781=EDGE_CURVE('',#1432,#1433,#885,.T.);
#1782=EDGE_CURVE('',#1426,#1433,#886,.T.);
#1783=EDGE_CURVE('',#1433,#1355,#887,.T.);
#1784=EDGE_CURVE('',#1433,#1213,#282,.T.);
#1785=EDGE_CURVE('',#1213,#1274,#888,.T.);
#1786=EDGE_CURVE('',#1214,#1273,#889,.T.);
#1787=EDGE_CURVE('',#1432,#1214,#283,.T.);
#1788=EDGE_CURVE('',#1262,#1382,#284,.T.);
#1789=EDGE_CURVE('',#1383,#1261,#285,.T.);
#1790=EDGE_CURVE('',#1383,#1434,#890,.T.);
#1791=EDGE_CURVE('',#1430,#1434,#891,.T.);
#1792=EDGE_CURVE('',#1403,#1404,#892,.T.);
#1793=EDGE_CURVE('',#1434,#1435,#893,.T.);
#1794=EDGE_CURVE('',#1429,#1435,#894,.T.);
#1795=EDGE_CURVE('',#1435,#1382,#895,.T.);
#1796=EDGE_CURVE('',#1435,#1225,#286,.T.);
#1797=EDGE_CURVE('',#1225,#1262,#896,.T.);
#1798=EDGE_CURVE('',#1226,#1261,#897,.T.);
#1799=EDGE_CURVE('',#1434,#1226,#287,.T.);
#1800=EDGE_CURVE('',#1203,#1284,#898,.T.);
#1801=EDGE_CURVE('',#1204,#1283,#899,.T.);
#1802=EDGE_CURVE('',#1200,#1287,#900,.T.);
#1803=EDGE_CURVE('',#1199,#1288,#901,.T.);
#1804=EDGE_CURVE('',#1215,#1272,#902,.T.);
#1805=EDGE_CURVE('',#1216,#1271,#903,.T.);
#1806=EDGE_CURVE('',#1212,#1275,#904,.T.);
#1807=EDGE_CURVE('',#1211,#1276,#905,.T.);
#1808=EDGE_CURVE('',#1227,#1260,#906,.T.);
#1809=EDGE_CURVE('',#1228,#1259,#907,.T.);
#1810=EDGE_CURVE('',#1224,#1263,#908,.T.);
#1811=EDGE_CURVE('',#1223,#1264,#909,.T.);
#1812=EDGE_CURVE('',#1303,#1242,#910,.T.);
#1813=EDGE_CURVE('',#1304,#1243,#911,.T.);
#1814=EDGE_CURVE('',#1305,#1244,#912,.T.);
#1815=EDGE_CURVE('',#1306,#1245,#913,.T.);
#1816=EDGE_CURVE('',#1307,#1246,#914,.T.);
#1817=EDGE_CURVE('',#1308,#1247,#915,.T.);
#1818=EDGE_CURVE('',#1309,#1248,#916,.T.);
#1819=EDGE_CURVE('',#1310,#1249,#917,.T.);
#1820=EDGE_CURVE('',#1311,#1250,#918,.T.);
#1821=EDGE_CURVE('',#1312,#1251,#919,.T.);
#1822=EDGE_CURVE('',#1313,#1252,#920,.T.);
#1823=ORIENTED_EDGE('',*,*,#1436,.T.);
#1824=ORIENTED_EDGE('',*,*,#1437,.T.);
#1825=ORIENTED_EDGE('',*,*,#1438,.T.);
#1826=ORIENTED_EDGE('',*,*,#1439,.T.);
#1827=ORIENTED_EDGE('',*,*,#1437,.F.);
#1828=ORIENTED_EDGE('',*,*,#1440,.T.);
#1829=ORIENTED_EDGE('',*,*,#1441,.F.);
#1830=ORIENTED_EDGE('',*,*,#1442,.T.);
#1831=ORIENTED_EDGE('',*,*,#1436,.F.);
#1832=ORIENTED_EDGE('',*,*,#1443,.T.);
#1833=ORIENTED_EDGE('',*,*,#1444,.T.);
#1834=ORIENTED_EDGE('',*,*,#1445,.T.);
#1835=ORIENTED_EDGE('',*,*,#1446,.F.);
#1836=ORIENTED_EDGE('',*,*,#1447,.F.);
#1837=ORIENTED_EDGE('',*,*,#1448,.F.);
#1838=ORIENTED_EDGE('',*,*,#1449,.F.);
#1839=ORIENTED_EDGE('',*,*,#1450,.T.);
#1840=ORIENTED_EDGE('',*,*,#1451,.T.);
#1841=ORIENTED_EDGE('',*,*,#1452,.T.);
#1842=ORIENTED_EDGE('',*,*,#1453,.T.);
#1843=ORIENTED_EDGE('',*,*,#1454,.T.);
#1844=ORIENTED_EDGE('',*,*,#1455,.T.);
#1845=ORIENTED_EDGE('',*,*,#1456,.T.);
#1846=ORIENTED_EDGE('',*,*,#1457,.F.);
#1847=ORIENTED_EDGE('',*,*,#1458,.F.);
#1848=ORIENTED_EDGE('',*,*,#1459,.F.);
#1849=ORIENTED_EDGE('',*,*,#1460,.F.);
#1850=ORIENTED_EDGE('',*,*,#1461,.F.);
#1851=ORIENTED_EDGE('',*,*,#1462,.T.);
#1852=ORIENTED_EDGE('',*,*,#1463,.T.);
#1853=ORIENTED_EDGE('',*,*,#1464,.T.);
#1854=ORIENTED_EDGE('',*,*,#1465,.T.);
#1855=ORIENTED_EDGE('',*,*,#1466,.T.);
#1856=ORIENTED_EDGE('',*,*,#1467,.T.);
#1857=ORIENTED_EDGE('',*,*,#1468,.T.);
#1858=ORIENTED_EDGE('',*,*,#1469,.F.);
#1859=ORIENTED_EDGE('',*,*,#1470,.F.);
#1860=ORIENTED_EDGE('',*,*,#1471,.F.);
#1861=ORIENTED_EDGE('',*,*,#1472,.F.);
#1862=ORIENTED_EDGE('',*,*,#1473,.F.);
#1863=ORIENTED_EDGE('',*,*,#1474,.T.);
#1864=ORIENTED_EDGE('',*,*,#1475,.T.);
#1865=ORIENTED_EDGE('',*,*,#1476,.T.);
#1866=ORIENTED_EDGE('',*,*,#1477,.T.);
#1867=ORIENTED_EDGE('',*,*,#1478,.T.);
#1868=ORIENTED_EDGE('',*,*,#1479,.T.);
#1869=ORIENTED_EDGE('',*,*,#1480,.T.);
#1870=ORIENTED_EDGE('',*,*,#1481,.F.);
#1871=ORIENTED_EDGE('',*,*,#1482,.F.);
#1872=ORIENTED_EDGE('',*,*,#1483,.F.);
#1873=ORIENTED_EDGE('',*,*,#1440,.F.);
#1874=ORIENTED_EDGE('',*,*,#1484,.T.);
#1875=ORIENTED_EDGE('',*,*,#1485,.T.);
#1876=ORIENTED_EDGE('',*,*,#1486,.T.);
#1877=ORIENTED_EDGE('',*,*,#1487,.T.);
#1878=ORIENTED_EDGE('',*,*,#1488,.T.);
#1879=ORIENTED_EDGE('',*,*,#1489,.T.);
#1880=ORIENTED_EDGE('',*,*,#1490,.T.);
#1881=ORIENTED_EDGE('',*,*,#1491,.T.);
#1882=ORIENTED_EDGE('',*,*,#1492,.T.);
#1883=ORIENTED_EDGE('',*,*,#1493,.T.);
#1884=ORIENTED_EDGE('',*,*,#1494,.T.);
#1885=ORIENTED_EDGE('',*,*,#1495,.T.);
#1886=ORIENTED_EDGE('',*,*,#1496,.T.);
#1887=ORIENTED_EDGE('',*,*,#1497,.T.);
#1888=ORIENTED_EDGE('',*,*,#1498,.T.);
#1889=ORIENTED_EDGE('',*,*,#1499,.T.);
#1890=ORIENTED_EDGE('',*,*,#1500,.T.);
#1891=ORIENTED_EDGE('',*,*,#1501,.T.);
#1892=ORIENTED_EDGE('',*,*,#1502,.T.);
#1893=ORIENTED_EDGE('',*,*,#1503,.T.);
#1894=ORIENTED_EDGE('',*,*,#1504,.T.);
#1895=ORIENTED_EDGE('',*,*,#1446,.T.);
#1896=ORIENTED_EDGE('',*,*,#1505,.T.);
#1897=ORIENTED_EDGE('',*,*,#1506,.T.);
#1898=ORIENTED_EDGE('',*,*,#1507,.T.);
#1899=ORIENTED_EDGE('',*,*,#1507,.F.);
#1900=ORIENTED_EDGE('',*,*,#1508,.T.);
#1901=ORIENTED_EDGE('',*,*,#1509,.T.);
#1902=ORIENTED_EDGE('',*,*,#1447,.T.);
#1903=ORIENTED_EDGE('',*,*,#1438,.F.);
#1904=ORIENTED_EDGE('',*,*,#1442,.F.);
#1905=ORIENTED_EDGE('',*,*,#1510,.F.);
#1906=ORIENTED_EDGE('',*,*,#1511,.F.);
#1907=ORIENTED_EDGE('',*,*,#1512,.F.);
#1908=ORIENTED_EDGE('',*,*,#1513,.T.);
#1909=ORIENTED_EDGE('',*,*,#1514,.T.);
#1910=ORIENTED_EDGE('',*,*,#1515,.T.);
#1911=ORIENTED_EDGE('',*,*,#1516,.T.);
#1912=ORIENTED_EDGE('',*,*,#1517,.T.);
#1913=ORIENTED_EDGE('',*,*,#1518,.T.);
#1914=ORIENTED_EDGE('',*,*,#1519,.T.);
#1915=ORIENTED_EDGE('',*,*,#1520,.F.);
#1916=ORIENTED_EDGE('',*,*,#1521,.F.);
#1917=ORIENTED_EDGE('',*,*,#1522,.F.);
#1918=ORIENTED_EDGE('',*,*,#1523,.F.);
#1919=ORIENTED_EDGE('',*,*,#1524,.F.);
#1920=ORIENTED_EDGE('',*,*,#1525,.T.);
#1921=ORIENTED_EDGE('',*,*,#1526,.T.);
#1922=ORIENTED_EDGE('',*,*,#1527,.T.);
#1923=ORIENTED_EDGE('',*,*,#1528,.T.);
#1924=ORIENTED_EDGE('',*,*,#1529,.T.);
#1925=ORIENTED_EDGE('',*,*,#1530,.T.);
#1926=ORIENTED_EDGE('',*,*,#1531,.T.);
#1927=ORIENTED_EDGE('',*,*,#1532,.F.);
#1928=ORIENTED_EDGE('',*,*,#1533,.F.);
#1929=ORIENTED_EDGE('',*,*,#1534,.F.);
#1930=ORIENTED_EDGE('',*,*,#1535,.F.);
#1931=ORIENTED_EDGE('',*,*,#1536,.F.);
#1932=ORIENTED_EDGE('',*,*,#1537,.T.);
#1933=ORIENTED_EDGE('',*,*,#1538,.T.);
#1934=ORIENTED_EDGE('',*,*,#1539,.T.);
#1935=ORIENTED_EDGE('',*,*,#1540,.T.);
#1936=ORIENTED_EDGE('',*,*,#1541,.T.);
#1937=ORIENTED_EDGE('',*,*,#1542,.T.);
#1938=ORIENTED_EDGE('',*,*,#1543,.T.);
#1939=ORIENTED_EDGE('',*,*,#1544,.F.);
#1940=ORIENTED_EDGE('',*,*,#1545,.F.);
#1941=ORIENTED_EDGE('',*,*,#1508,.F.);
#1942=ORIENTED_EDGE('',*,*,#1506,.F.);
#1943=ORIENTED_EDGE('',*,*,#1546,.T.);
#1944=ORIENTED_EDGE('',*,*,#1547,.T.);
#1945=ORIENTED_EDGE('',*,*,#1548,.T.);
#1946=ORIENTED_EDGE('',*,*,#1549,.T.);
#1947=ORIENTED_EDGE('',*,*,#1550,.T.);
#1948=ORIENTED_EDGE('',*,*,#1551,.T.);
#1949=ORIENTED_EDGE('',*,*,#1552,.T.);
#1950=ORIENTED_EDGE('',*,*,#1553,.T.);
#1951=ORIENTED_EDGE('',*,*,#1554,.T.);
#1952=ORIENTED_EDGE('',*,*,#1555,.T.);
#1953=ORIENTED_EDGE('',*,*,#1556,.T.);
#1954=ORIENTED_EDGE('',*,*,#1557,.T.);
#1955=ORIENTED_EDGE('',*,*,#1558,.T.);
#1956=ORIENTED_EDGE('',*,*,#1559,.T.);
#1957=ORIENTED_EDGE('',*,*,#1560,.T.);
#1958=ORIENTED_EDGE('',*,*,#1561,.T.);
#1959=ORIENTED_EDGE('',*,*,#1562,.T.);
#1960=ORIENTED_EDGE('',*,*,#1563,.T.);
#1961=ORIENTED_EDGE('',*,*,#1564,.T.);
#1962=ORIENTED_EDGE('',*,*,#1565,.T.);
#1963=ORIENTED_EDGE('',*,*,#1566,.T.);
#1964=ORIENTED_EDGE('',*,*,#1567,.T.);
#1965=ORIENTED_EDGE('',*,*,#1568,.T.);
#1966=ORIENTED_EDGE('',*,*,#1569,.T.);
#1967=ORIENTED_EDGE('',*,*,#1570,.F.);
#1968=ORIENTED_EDGE('',*,*,#1571,.T.);
#1969=ORIENTED_EDGE('',*,*,#1572,.F.);
#1970=ORIENTED_EDGE('',*,*,#1571,.F.);
#1971=ORIENTED_EDGE('',*,*,#1573,.F.);
#1972=ORIENTED_EDGE('',*,*,#1574,.T.);
#1973=ORIENTED_EDGE('',*,*,#1575,.F.);
#1974=ORIENTED_EDGE('',*,*,#1574,.F.);
#1975=ORIENTED_EDGE('',*,*,#1576,.F.);
#1976=ORIENTED_EDGE('',*,*,#1577,.T.);
#1977=ORIENTED_EDGE('',*,*,#1578,.F.);
#1978=ORIENTED_EDGE('',*,*,#1577,.F.);
#1979=ORIENTED_EDGE('',*,*,#1579,.F.);
#1980=ORIENTED_EDGE('',*,*,#1580,.T.);
#1981=ORIENTED_EDGE('',*,*,#1581,.F.);
#1982=ORIENTED_EDGE('',*,*,#1580,.F.);
#1983=ORIENTED_EDGE('',*,*,#1582,.F.);
#1984=ORIENTED_EDGE('',*,*,#1583,.T.);
#1985=ORIENTED_EDGE('',*,*,#1584,.F.);
#1986=ORIENTED_EDGE('',*,*,#1583,.F.);
#1987=ORIENTED_EDGE('',*,*,#1585,.F.);
#1988=ORIENTED_EDGE('',*,*,#1586,.T.);
#1989=ORIENTED_EDGE('',*,*,#1587,.F.);
#1990=ORIENTED_EDGE('',*,*,#1586,.F.);
#1991=ORIENTED_EDGE('',*,*,#1588,.F.);
#1992=ORIENTED_EDGE('',*,*,#1589,.T.);
#1993=ORIENTED_EDGE('',*,*,#1590,.F.);
#1994=ORIENTED_EDGE('',*,*,#1589,.F.);
#1995=ORIENTED_EDGE('',*,*,#1591,.F.);
#1996=ORIENTED_EDGE('',*,*,#1592,.T.);
#1997=ORIENTED_EDGE('',*,*,#1593,.F.);
#1998=ORIENTED_EDGE('',*,*,#1592,.F.);
#1999=ORIENTED_EDGE('',*,*,#1594,.T.);
#2000=ORIENTED_EDGE('',*,*,#1595,.T.);
#2001=ORIENTED_EDGE('',*,*,#1596,.T.);
#2002=ORIENTED_EDGE('',*,*,#1597,.T.);
#2003=ORIENTED_EDGE('',*,*,#1595,.F.);
#2004=ORIENTED_EDGE('',*,*,#1598,.T.);
#2005=ORIENTED_EDGE('',*,*,#1599,.F.);
#2006=ORIENTED_EDGE('',*,*,#1600,.F.);
#2007=ORIENTED_EDGE('',*,*,#1594,.F.);
#2008=ORIENTED_EDGE('',*,*,#1601,.F.);
#2009=ORIENTED_EDGE('',*,*,#1602,.F.);
#2010=ORIENTED_EDGE('',*,*,#1603,.F.);
#2011=ORIENTED_EDGE('',*,*,#1604,.F.);
#2012=ORIENTED_EDGE('',*,*,#1605,.F.);
#2013=ORIENTED_EDGE('',*,*,#1606,.F.);
#2014=ORIENTED_EDGE('',*,*,#1607,.F.);
#2015=ORIENTED_EDGE('',*,*,#1608,.T.);
#2016=ORIENTED_EDGE('',*,*,#1609,.T.);
#2017=ORIENTED_EDGE('',*,*,#1610,.F.);
#2018=ORIENTED_EDGE('',*,*,#1598,.F.);
#2019=ORIENTED_EDGE('',*,*,#1572,.T.);
#2020=ORIENTED_EDGE('',*,*,#1575,.T.);
#2021=ORIENTED_EDGE('',*,*,#1578,.T.);
#2022=ORIENTED_EDGE('',*,*,#1581,.T.);
#2023=ORIENTED_EDGE('',*,*,#1584,.T.);
#2024=ORIENTED_EDGE('',*,*,#1587,.T.);
#2025=ORIENTED_EDGE('',*,*,#1590,.T.);
#2026=ORIENTED_EDGE('',*,*,#1593,.T.);
#2027=ORIENTED_EDGE('',*,*,#1606,.T.);
#2028=ORIENTED_EDGE('',*,*,#1611,.T.);
#2029=ORIENTED_EDGE('',*,*,#1612,.T.);
#2030=ORIENTED_EDGE('',*,*,#1613,.T.);
#2031=ORIENTED_EDGE('',*,*,#1611,.F.);
#2032=ORIENTED_EDGE('',*,*,#1605,.T.);
#2033=ORIENTED_EDGE('',*,*,#1614,.F.);
#2034=ORIENTED_EDGE('',*,*,#1615,.F.);
#2035=ORIENTED_EDGE('',*,*,#1616,.T.);
#2036=ORIENTED_EDGE('',*,*,#1617,.T.);
#2037=ORIENTED_EDGE('',*,*,#1618,.T.);
#2038=ORIENTED_EDGE('',*,*,#1619,.T.);
#2039=ORIENTED_EDGE('',*,*,#1619,.F.);
#2040=ORIENTED_EDGE('',*,*,#1620,.F.);
#2041=ORIENTED_EDGE('',*,*,#1621,.F.);
#2042=ORIENTED_EDGE('',*,*,#1622,.T.);
#2043=ORIENTED_EDGE('',*,*,#1618,.F.);
#2044=ORIENTED_EDGE('',*,*,#1623,.T.);
#2045=ORIENTED_EDGE('',*,*,#1624,.F.);
#2046=ORIENTED_EDGE('',*,*,#1625,.T.);
#2047=ORIENTED_EDGE('',*,*,#1626,.F.);
#2048=ORIENTED_EDGE('',*,*,#1627,.T.);
#2049=ORIENTED_EDGE('',*,*,#1628,.F.);
#2050=ORIENTED_EDGE('',*,*,#1629,.T.);
#2051=ORIENTED_EDGE('',*,*,#1630,.F.);
#2052=ORIENTED_EDGE('',*,*,#1631,.T.);
#2053=ORIENTED_EDGE('',*,*,#1632,.F.);
#2054=ORIENTED_EDGE('',*,*,#1620,.T.);
#2055=ORIENTED_EDGE('',*,*,#1633,.T.);
#2056=ORIENTED_EDGE('',*,*,#1634,.T.);
#2057=ORIENTED_EDGE('',*,*,#1635,.T.);
#2058=ORIENTED_EDGE('',*,*,#1636,.T.);
#2059=ORIENTED_EDGE('',*,*,#1637,.T.);
#2060=ORIENTED_EDGE('',*,*,#1638,.T.);
#2061=ORIENTED_EDGE('',*,*,#1639,.T.);
#2062=ORIENTED_EDGE('',*,*,#1640,.T.);
#2063=ORIENTED_EDGE('',*,*,#1641,.T.);
#2064=ORIENTED_EDGE('',*,*,#1642,.T.);
#2065=ORIENTED_EDGE('',*,*,#1643,.T.);
#2066=ORIENTED_EDGE('',*,*,#1628,.T.);
#2067=ORIENTED_EDGE('',*,*,#1644,.T.);
#2068=ORIENTED_EDGE('',*,*,#1643,.F.);
#2069=ORIENTED_EDGE('',*,*,#1645,.T.);
#2070=ORIENTED_EDGE('',*,*,#1646,.F.);
#2071=ORIENTED_EDGE('',*,*,#1629,.F.);
#2072=ORIENTED_EDGE('',*,*,#1647,.T.);
#2073=ORIENTED_EDGE('',*,*,#1648,.T.);
#2074=ORIENTED_EDGE('',*,*,#1649,.T.);
#2075=ORIENTED_EDGE('',*,*,#1650,.T.);
#2076=ORIENTED_EDGE('',*,*,#1650,.F.);
#2077=ORIENTED_EDGE('',*,*,#1651,.F.);
#2078=ORIENTED_EDGE('',*,*,#1652,.F.);
#2079=ORIENTED_EDGE('',*,*,#1653,.T.);
#2080=ORIENTED_EDGE('',*,*,#1649,.F.);
#2081=ORIENTED_EDGE('',*,*,#1654,.T.);
#2082=ORIENTED_EDGE('',*,*,#1655,.F.);
#2083=ORIENTED_EDGE('',*,*,#1656,.T.);
#2084=ORIENTED_EDGE('',*,*,#1657,.F.);
#2085=ORIENTED_EDGE('',*,*,#1658,.T.);
#2086=ORIENTED_EDGE('',*,*,#1659,.F.);
#2087=ORIENTED_EDGE('',*,*,#1660,.T.);
#2088=ORIENTED_EDGE('',*,*,#1661,.F.);
#2089=ORIENTED_EDGE('',*,*,#1662,.T.);
#2090=ORIENTED_EDGE('',*,*,#1663,.F.);
#2091=ORIENTED_EDGE('',*,*,#1651,.T.);
#2092=ORIENTED_EDGE('',*,*,#1664,.T.);
#2093=ORIENTED_EDGE('',*,*,#1665,.T.);
#2094=ORIENTED_EDGE('',*,*,#1666,.T.);
#2095=ORIENTED_EDGE('',*,*,#1667,.T.);
#2096=ORIENTED_EDGE('',*,*,#1668,.T.);
#2097=ORIENTED_EDGE('',*,*,#1669,.T.);
#2098=ORIENTED_EDGE('',*,*,#1670,.T.);
#2099=ORIENTED_EDGE('',*,*,#1671,.T.);
#2100=ORIENTED_EDGE('',*,*,#1672,.T.);
#2101=ORIENTED_EDGE('',*,*,#1673,.T.);
#2102=ORIENTED_EDGE('',*,*,#1659,.T.);
#2103=ORIENTED_EDGE('',*,*,#1674,.T.);
#2104=ORIENTED_EDGE('',*,*,#1673,.F.);
#2105=ORIENTED_EDGE('',*,*,#1675,.T.);
#2106=ORIENTED_EDGE('',*,*,#1676,.F.);
#2107=ORIENTED_EDGE('',*,*,#1660,.F.);
#2108=ORIENTED_EDGE('',*,*,#1602,.T.);
#2109=ORIENTED_EDGE('',*,*,#1677,.T.);
#2110=ORIENTED_EDGE('',*,*,#1678,.T.);
#2111=ORIENTED_EDGE('',*,*,#1679,.T.);
#2112=ORIENTED_EDGE('',*,*,#1597,.F.);
#2113=ORIENTED_EDGE('',*,*,#1680,.F.);
#2114=ORIENTED_EDGE('',*,*,#1677,.F.);
#2115=ORIENTED_EDGE('',*,*,#1601,.T.);
#2116=ORIENTED_EDGE('',*,*,#1681,.T.);
#2117=ORIENTED_EDGE('',*,*,#1682,.T.);
#2118=ORIENTED_EDGE('',*,*,#1661,.T.);
#2119=ORIENTED_EDGE('',*,*,#1676,.T.);
#2120=ORIENTED_EDGE('',*,*,#1683,.T.);
#2121=ORIENTED_EDGE('',*,*,#1652,.T.);
#2122=ORIENTED_EDGE('',*,*,#1663,.T.);
#2123=ORIENTED_EDGE('',*,*,#1684,.T.);
#2124=ORIENTED_EDGE('',*,*,#1685,.T.);
#2125=ORIENTED_EDGE('',*,*,#1686,.T.);
#2126=ORIENTED_EDGE('',*,*,#1630,.T.);
#2127=ORIENTED_EDGE('',*,*,#1646,.T.);
#2128=ORIENTED_EDGE('',*,*,#1687,.T.);
#2129=ORIENTED_EDGE('',*,*,#1621,.T.);
#2130=ORIENTED_EDGE('',*,*,#1632,.T.);
#2131=ORIENTED_EDGE('',*,*,#1688,.T.);
#2132=ORIENTED_EDGE('',*,*,#1604,.T.);
#2133=ORIENTED_EDGE('',*,*,#1689,.T.);
#2134=ORIENTED_EDGE('',*,*,#1690,.T.);
#2135=ORIENTED_EDGE('',*,*,#1614,.T.);
#2136=ORIENTED_EDGE('',*,*,#1633,.F.);
#2137=ORIENTED_EDGE('',*,*,#1691,.T.);
#2138=ORIENTED_EDGE('',*,*,#1692,.F.);
#2139=ORIENTED_EDGE('',*,*,#1691,.F.);
#2140=ORIENTED_EDGE('',*,*,#1634,.F.);
#2141=ORIENTED_EDGE('',*,*,#1693,.T.);
#2142=ORIENTED_EDGE('',*,*,#1694,.F.);
#2143=ORIENTED_EDGE('',*,*,#1693,.F.);
#2144=ORIENTED_EDGE('',*,*,#1635,.F.);
#2145=ORIENTED_EDGE('',*,*,#1695,.T.);
#2146=ORIENTED_EDGE('',*,*,#1696,.F.);
#2147=ORIENTED_EDGE('',*,*,#1695,.F.);
#2148=ORIENTED_EDGE('',*,*,#1636,.F.);
#2149=ORIENTED_EDGE('',*,*,#1697,.T.);
#2150=ORIENTED_EDGE('',*,*,#1698,.F.);
#2151=ORIENTED_EDGE('',*,*,#1697,.F.);
#2152=ORIENTED_EDGE('',*,*,#1637,.F.);
#2153=ORIENTED_EDGE('',*,*,#1699,.T.);
#2154=ORIENTED_EDGE('',*,*,#1700,.F.);
#2155=ORIENTED_EDGE('',*,*,#1699,.F.);
#2156=ORIENTED_EDGE('',*,*,#1638,.F.);
#2157=ORIENTED_EDGE('',*,*,#1701,.T.);
#2158=ORIENTED_EDGE('',*,*,#1702,.F.);
#2159=ORIENTED_EDGE('',*,*,#1701,.F.);
#2160=ORIENTED_EDGE('',*,*,#1639,.F.);
#2161=ORIENTED_EDGE('',*,*,#1703,.T.);
#2162=ORIENTED_EDGE('',*,*,#1704,.F.);
#2163=ORIENTED_EDGE('',*,*,#1703,.F.);
#2164=ORIENTED_EDGE('',*,*,#1705,.F.);
#2165=ORIENTED_EDGE('',*,*,#1706,.F.);
#2166=ORIENTED_EDGE('',*,*,#1641,.F.);
#2167=ORIENTED_EDGE('',*,*,#1707,.T.);
#2168=ORIENTED_EDGE('',*,*,#1708,.F.);
#2169=ORIENTED_EDGE('',*,*,#1707,.F.);
#2170=ORIENTED_EDGE('',*,*,#1640,.F.);
#2171=ORIENTED_EDGE('',*,*,#1706,.T.);
#2172=ORIENTED_EDGE('',*,*,#1664,.F.);
#2173=ORIENTED_EDGE('',*,*,#1709,.T.);
#2174=ORIENTED_EDGE('',*,*,#1710,.F.);
#2175=ORIENTED_EDGE('',*,*,#1709,.F.);
#2176=ORIENTED_EDGE('',*,*,#1665,.F.);
#2177=ORIENTED_EDGE('',*,*,#1711,.T.);
#2178=ORIENTED_EDGE('',*,*,#1712,.F.);
#2179=ORIENTED_EDGE('',*,*,#1711,.F.);
#2180=ORIENTED_EDGE('',*,*,#1666,.F.);
#2181=ORIENTED_EDGE('',*,*,#1713,.T.);
#2182=ORIENTED_EDGE('',*,*,#1714,.F.);
#2183=ORIENTED_EDGE('',*,*,#1713,.F.);
#2184=ORIENTED_EDGE('',*,*,#1667,.F.);
#2185=ORIENTED_EDGE('',*,*,#1715,.T.);
#2186=ORIENTED_EDGE('',*,*,#1716,.F.);
#2187=ORIENTED_EDGE('',*,*,#1715,.F.);
#2188=ORIENTED_EDGE('',*,*,#1668,.F.);
#2189=ORIENTED_EDGE('',*,*,#1717,.T.);
#2190=ORIENTED_EDGE('',*,*,#1718,.F.);
#2191=ORIENTED_EDGE('',*,*,#1717,.F.);
#2192=ORIENTED_EDGE('',*,*,#1669,.F.);
#2193=ORIENTED_EDGE('',*,*,#1719,.T.);
#2194=ORIENTED_EDGE('',*,*,#1720,.F.);
#2195=ORIENTED_EDGE('',*,*,#1719,.F.);
#2196=ORIENTED_EDGE('',*,*,#1670,.F.);
#2197=ORIENTED_EDGE('',*,*,#1721,.T.);
#2198=ORIENTED_EDGE('',*,*,#1722,.F.);
#2199=ORIENTED_EDGE('',*,*,#1721,.F.);
#2200=ORIENTED_EDGE('',*,*,#1671,.F.);
#2201=ORIENTED_EDGE('',*,*,#1723,.T.);
#2202=ORIENTED_EDGE('',*,*,#1724,.F.);
#2203=ORIENTED_EDGE('',*,*,#1723,.F.);
#2204=ORIENTED_EDGE('',*,*,#1644,.F.);
#2205=ORIENTED_EDGE('',*,*,#1627,.F.);
#2206=ORIENTED_EDGE('',*,*,#1725,.F.);
#2207=ORIENTED_EDGE('',*,*,#1726,.T.);
#2208=ORIENTED_EDGE('',*,*,#1617,.F.);
#2209=ORIENTED_EDGE('',*,*,#1727,.T.);
#2210=ORIENTED_EDGE('',*,*,#1728,.F.);
#2211=ORIENTED_EDGE('',*,*,#1623,.F.);
#2212=ORIENTED_EDGE('',*,*,#1613,.F.);
#2213=ORIENTED_EDGE('',*,*,#1729,.F.);
#2214=ORIENTED_EDGE('',*,*,#1730,.F.);
#2215=ORIENTED_EDGE('',*,*,#1607,.T.);
#2216=ORIENTED_EDGE('',*,*,#1730,.T.);
#2217=ORIENTED_EDGE('',*,*,#1731,.T.);
#2218=ORIENTED_EDGE('',*,*,#1732,.T.);
#2219=ORIENTED_EDGE('',*,*,#1608,.F.);
#2220=ORIENTED_EDGE('',*,*,#1648,.F.);
#2221=ORIENTED_EDGE('',*,*,#1733,.T.);
#2222=ORIENTED_EDGE('',*,*,#1734,.F.);
#2223=ORIENTED_EDGE('',*,*,#1654,.F.);
#2224=ORIENTED_EDGE('',*,*,#1674,.F.);
#2225=ORIENTED_EDGE('',*,*,#1658,.F.);
#2226=ORIENTED_EDGE('',*,*,#1735,.F.);
#2227=ORIENTED_EDGE('',*,*,#1736,.T.);
#2228=ORIENTED_EDGE('',*,*,#1449,.T.);
#2229=ORIENTED_EDGE('',*,*,#1737,.T.);
#2230=ORIENTED_EDGE('',*,*,#1544,.T.);
#2231=ORIENTED_EDGE('',*,*,#1738,.T.);
#2232=ORIENTED_EDGE('',*,*,#1737,.F.);
#2233=ORIENTED_EDGE('',*,*,#1448,.T.);
#2234=ORIENTED_EDGE('',*,*,#1509,.F.);
#2235=ORIENTED_EDGE('',*,*,#1545,.T.);
#2236=ORIENTED_EDGE('',*,*,#1536,.T.);
#2237=ORIENTED_EDGE('',*,*,#1739,.T.);
#2238=ORIENTED_EDGE('',*,*,#1457,.T.);
#2239=ORIENTED_EDGE('',*,*,#1740,.T.);
#2240=ORIENTED_EDGE('',*,*,#1739,.F.);
#2241=ORIENTED_EDGE('',*,*,#1535,.T.);
#2242=ORIENTED_EDGE('',*,*,#1741,.T.);
#2243=ORIENTED_EDGE('',*,*,#1458,.T.);
#2244=ORIENTED_EDGE('',*,*,#1461,.T.);
#2245=ORIENTED_EDGE('',*,*,#1742,.T.);
#2246=ORIENTED_EDGE('',*,*,#1532,.T.);
#2247=ORIENTED_EDGE('',*,*,#1743,.T.);
#2248=ORIENTED_EDGE('',*,*,#1742,.F.);
#2249=ORIENTED_EDGE('',*,*,#1460,.T.);
#2250=ORIENTED_EDGE('',*,*,#1744,.F.);
#2251=ORIENTED_EDGE('',*,*,#1533,.T.);
#2252=ORIENTED_EDGE('',*,*,#1524,.T.);
#2253=ORIENTED_EDGE('',*,*,#1745,.T.);
#2254=ORIENTED_EDGE('',*,*,#1469,.T.);
#2255=ORIENTED_EDGE('',*,*,#1746,.T.);
#2256=ORIENTED_EDGE('',*,*,#1745,.F.);
#2257=ORIENTED_EDGE('',*,*,#1523,.T.);
#2258=ORIENTED_EDGE('',*,*,#1747,.T.);
#2259=ORIENTED_EDGE('',*,*,#1470,.T.);
#2260=ORIENTED_EDGE('',*,*,#1473,.T.);
#2261=ORIENTED_EDGE('',*,*,#1748,.T.);
#2262=ORIENTED_EDGE('',*,*,#1520,.T.);
#2263=ORIENTED_EDGE('',*,*,#1749,.T.);
#2264=ORIENTED_EDGE('',*,*,#1748,.F.);
#2265=ORIENTED_EDGE('',*,*,#1472,.T.);
#2266=ORIENTED_EDGE('',*,*,#1750,.F.);
#2267=ORIENTED_EDGE('',*,*,#1521,.T.);
#2268=ORIENTED_EDGE('',*,*,#1512,.T.);
#2269=ORIENTED_EDGE('',*,*,#1751,.T.);
#2270=ORIENTED_EDGE('',*,*,#1481,.T.);
#2271=ORIENTED_EDGE('',*,*,#1752,.T.);
#2272=ORIENTED_EDGE('',*,*,#1751,.F.);
#2273=ORIENTED_EDGE('',*,*,#1511,.T.);
#2274=ORIENTED_EDGE('',*,*,#1753,.T.);
#2275=ORIENTED_EDGE('',*,*,#1482,.T.);
#2276=ORIENTED_EDGE('',*,*,#1484,.F.);
#2277=ORIENTED_EDGE('',*,*,#1754,.T.);
#2278=ORIENTED_EDGE('',*,*,#1549,.F.);
#2279=ORIENTED_EDGE('',*,*,#1754,.F.);
#2280=ORIENTED_EDGE('',*,*,#1485,.F.);
#2281=ORIENTED_EDGE('',*,*,#1755,.T.);
#2282=ORIENTED_EDGE('',*,*,#1550,.F.);
#2283=ORIENTED_EDGE('',*,*,#1755,.F.);
#2284=ORIENTED_EDGE('',*,*,#1486,.F.);
#2285=ORIENTED_EDGE('',*,*,#1756,.T.);
#2286=ORIENTED_EDGE('',*,*,#1551,.F.);
#2287=ORIENTED_EDGE('',*,*,#1756,.F.);
#2288=ORIENTED_EDGE('',*,*,#1487,.F.);
#2289=ORIENTED_EDGE('',*,*,#1757,.T.);
#2290=ORIENTED_EDGE('',*,*,#1552,.F.);
#2291=ORIENTED_EDGE('',*,*,#1757,.F.);
#2292=ORIENTED_EDGE('',*,*,#1488,.F.);
#2293=ORIENTED_EDGE('',*,*,#1758,.T.);
#2294=ORIENTED_EDGE('',*,*,#1553,.F.);
#2295=ORIENTED_EDGE('',*,*,#1758,.F.);
#2296=ORIENTED_EDGE('',*,*,#1489,.F.);
#2297=ORIENTED_EDGE('',*,*,#1759,.T.);
#2298=ORIENTED_EDGE('',*,*,#1554,.F.);
#2299=ORIENTED_EDGE('',*,*,#1759,.F.);
#2300=ORIENTED_EDGE('',*,*,#1490,.F.);
#2301=ORIENTED_EDGE('',*,*,#1760,.T.);
#2302=ORIENTED_EDGE('',*,*,#1555,.F.);
#2303=ORIENTED_EDGE('',*,*,#1760,.F.);
#2304=ORIENTED_EDGE('',*,*,#1491,.F.);
#2305=ORIENTED_EDGE('',*,*,#1761,.T.);
#2306=ORIENTED_EDGE('',*,*,#1556,.F.);
#2307=ORIENTED_EDGE('',*,*,#1761,.F.);
#2308=ORIENTED_EDGE('',*,*,#1492,.F.);
#2309=ORIENTED_EDGE('',*,*,#1762,.T.);
#2310=ORIENTED_EDGE('',*,*,#1557,.F.);
#2311=ORIENTED_EDGE('',*,*,#1762,.F.);
#2312=ORIENTED_EDGE('',*,*,#1493,.F.);
#2313=ORIENTED_EDGE('',*,*,#1763,.T.);
#2314=ORIENTED_EDGE('',*,*,#1558,.F.);
#2315=ORIENTED_EDGE('',*,*,#1763,.F.);
#2316=ORIENTED_EDGE('',*,*,#1439,.F.);
#2317=ORIENTED_EDGE('',*,*,#1548,.F.);
#2318=ORIENTED_EDGE('',*,*,#1764,.F.);
#2319=ORIENTED_EDGE('',*,*,#1443,.F.);
#2320=ORIENTED_EDGE('',*,*,#1505,.F.);
#2321=ORIENTED_EDGE('',*,*,#1445,.F.);
#2322=ORIENTED_EDGE('',*,*,#1765,.T.);
#2323=ORIENTED_EDGE('',*,*,#1546,.F.);
#2324=ORIENTED_EDGE('',*,*,#1547,.F.);
#2325=ORIENTED_EDGE('',*,*,#1765,.F.);
#2326=ORIENTED_EDGE('',*,*,#1444,.F.);
#2327=ORIENTED_EDGE('',*,*,#1764,.T.);
#2328=ORIENTED_EDGE('',*,*,#1766,.F.);
#2329=ORIENTED_EDGE('',*,*,#1767,.F.);
#2330=ORIENTED_EDGE('',*,*,#1540,.F.);
#2331=ORIENTED_EDGE('',*,*,#1768,.F.);
#2332=ORIENTED_EDGE('',*,*,#1769,.F.);
#2333=ORIENTED_EDGE('',*,*,#1770,.T.);
#2334=ORIENTED_EDGE('',*,*,#1771,.T.);
#2335=ORIENTED_EDGE('',*,*,#1767,.T.);
#2336=ORIENTED_EDGE('',*,*,#1732,.F.);
#2337=ORIENTED_EDGE('',*,*,#1768,.T.);
#2338=ORIENTED_EDGE('',*,*,#1772,.F.);
#2339=ORIENTED_EDGE('',*,*,#1773,.F.);
#2340=ORIENTED_EDGE('',*,*,#1599,.T.);
#2341=ORIENTED_EDGE('',*,*,#1610,.T.);
#2342=ORIENTED_EDGE('',*,*,#1769,.T.);
#2343=ORIENTED_EDGE('',*,*,#1774,.T.);
#2344=ORIENTED_EDGE('',*,*,#1679,.F.);
#2345=ORIENTED_EDGE('',*,*,#1775,.F.);
#2346=ORIENTED_EDGE('',*,*,#1689,.F.);
#2347=ORIENTED_EDGE('',*,*,#1603,.T.);
#2348=ORIENTED_EDGE('',*,*,#1596,.F.);
#2349=ORIENTED_EDGE('',*,*,#1600,.T.);
#2350=ORIENTED_EDGE('',*,*,#1774,.F.);
#2351=ORIENTED_EDGE('',*,*,#1766,.T.);
#2352=ORIENTED_EDGE('',*,*,#1731,.F.);
#2353=ORIENTED_EDGE('',*,*,#1729,.T.);
#2354=ORIENTED_EDGE('',*,*,#1612,.F.);
#2355=ORIENTED_EDGE('',*,*,#1615,.T.);
#2356=ORIENTED_EDGE('',*,*,#1690,.F.);
#2357=ORIENTED_EDGE('',*,*,#1775,.T.);
#2358=ORIENTED_EDGE('',*,*,#1678,.F.);
#2359=ORIENTED_EDGE('',*,*,#1680,.T.);
#2360=ORIENTED_EDGE('',*,*,#1570,.T.);
#2361=ORIENTED_EDGE('',*,*,#1573,.T.);
#2362=ORIENTED_EDGE('',*,*,#1576,.T.);
#2363=ORIENTED_EDGE('',*,*,#1579,.T.);
#2364=ORIENTED_EDGE('',*,*,#1582,.T.);
#2365=ORIENTED_EDGE('',*,*,#1585,.T.);
#2366=ORIENTED_EDGE('',*,*,#1588,.T.);
#2367=ORIENTED_EDGE('',*,*,#1591,.T.);
#2368=ORIENTED_EDGE('',*,*,#1609,.F.);
#2369=ORIENTED_EDGE('',*,*,#1773,.T.);
#2370=ORIENTED_EDGE('',*,*,#1453,.F.);
#2371=ORIENTED_EDGE('',*,*,#1770,.F.);
#2372=ORIENTED_EDGE('',*,*,#1625,.F.);
#2373=ORIENTED_EDGE('',*,*,#1776,.F.);
#2374=ORIENTED_EDGE('',*,*,#1528,.F.);
#2375=ORIENTED_EDGE('',*,*,#1777,.F.);
#2376=ORIENTED_EDGE('',*,*,#1725,.T.);
#2377=ORIENTED_EDGE('',*,*,#1626,.T.);
#2378=ORIENTED_EDGE('',*,*,#1778,.T.);
#2379=ORIENTED_EDGE('',*,*,#1779,.F.);
#2380=ORIENTED_EDGE('',*,*,#1616,.F.);
#2381=ORIENTED_EDGE('',*,*,#1622,.F.);
#2382=ORIENTED_EDGE('',*,*,#1687,.F.);
#2383=ORIENTED_EDGE('',*,*,#1780,.F.);
#2384=ORIENTED_EDGE('',*,*,#1685,.F.);
#2385=ORIENTED_EDGE('',*,*,#1645,.F.);
#2386=ORIENTED_EDGE('',*,*,#1642,.F.);
#2387=ORIENTED_EDGE('',*,*,#1726,.F.);
#2388=ORIENTED_EDGE('',*,*,#1779,.T.);
#2389=ORIENTED_EDGE('',*,*,#1781,.T.);
#2390=ORIENTED_EDGE('',*,*,#1782,.F.);
#2391=ORIENTED_EDGE('',*,*,#1727,.F.);
#2392=ORIENTED_EDGE('',*,*,#1692,.T.);
#2393=ORIENTED_EDGE('',*,*,#1694,.T.);
#2394=ORIENTED_EDGE('',*,*,#1696,.T.);
#2395=ORIENTED_EDGE('',*,*,#1698,.T.);
#2396=ORIENTED_EDGE('',*,*,#1700,.T.);
#2397=ORIENTED_EDGE('',*,*,#1702,.T.);
#2398=ORIENTED_EDGE('',*,*,#1704,.T.);
#2399=ORIENTED_EDGE('',*,*,#1708,.T.);
#2400=ORIENTED_EDGE('',*,*,#1705,.T.);
#2401=ORIENTED_EDGE('',*,*,#1783,.F.);
#2402=ORIENTED_EDGE('',*,*,#1784,.T.);
#2403=ORIENTED_EDGE('',*,*,#1785,.T.);
#2404=ORIENTED_EDGE('',*,*,#1776,.T.);
#2405=ORIENTED_EDGE('',*,*,#1778,.F.);
#2406=ORIENTED_EDGE('',*,*,#1777,.T.);
#2407=ORIENTED_EDGE('',*,*,#1786,.F.);
#2408=ORIENTED_EDGE('',*,*,#1787,.F.);
#2409=ORIENTED_EDGE('',*,*,#1728,.T.);
#2410=ORIENTED_EDGE('',*,*,#1782,.T.);
#2411=ORIENTED_EDGE('',*,*,#1783,.T.);
#2412=ORIENTED_EDGE('',*,*,#1624,.T.);
#2413=ORIENTED_EDGE('',*,*,#1686,.F.);
#2414=ORIENTED_EDGE('',*,*,#1780,.T.);
#2415=ORIENTED_EDGE('',*,*,#1688,.F.);
#2416=ORIENTED_EDGE('',*,*,#1631,.F.);
#2417=ORIENTED_EDGE('',*,*,#1781,.F.);
#2418=ORIENTED_EDGE('',*,*,#1787,.T.);
#2419=ORIENTED_EDGE('',*,*,#1465,.F.);
#2420=ORIENTED_EDGE('',*,*,#1784,.F.);
#2421=ORIENTED_EDGE('',*,*,#1656,.F.);
#2422=ORIENTED_EDGE('',*,*,#1788,.F.);
#2423=ORIENTED_EDGE('',*,*,#1516,.F.);
#2424=ORIENTED_EDGE('',*,*,#1789,.F.);
#2425=ORIENTED_EDGE('',*,*,#1735,.T.);
#2426=ORIENTED_EDGE('',*,*,#1657,.T.);
#2427=ORIENTED_EDGE('',*,*,#1790,.T.);
#2428=ORIENTED_EDGE('',*,*,#1791,.F.);
#2429=ORIENTED_EDGE('',*,*,#1647,.F.);
#2430=ORIENTED_EDGE('',*,*,#1653,.F.);
#2431=ORIENTED_EDGE('',*,*,#1683,.F.);
#2432=ORIENTED_EDGE('',*,*,#1792,.F.);
#2433=ORIENTED_EDGE('',*,*,#1681,.F.);
#2434=ORIENTED_EDGE('',*,*,#1675,.F.);
#2435=ORIENTED_EDGE('',*,*,#1672,.F.);
#2436=ORIENTED_EDGE('',*,*,#1736,.F.);
#2437=ORIENTED_EDGE('',*,*,#1791,.T.);
#2438=ORIENTED_EDGE('',*,*,#1793,.T.);
#2439=ORIENTED_EDGE('',*,*,#1794,.F.);
#2440=ORIENTED_EDGE('',*,*,#1733,.F.);
#2441=ORIENTED_EDGE('',*,*,#1710,.T.);
#2442=ORIENTED_EDGE('',*,*,#1712,.T.);
#2443=ORIENTED_EDGE('',*,*,#1714,.T.);
#2444=ORIENTED_EDGE('',*,*,#1716,.T.);
#2445=ORIENTED_EDGE('',*,*,#1718,.T.);
#2446=ORIENTED_EDGE('',*,*,#1720,.T.);
#2447=ORIENTED_EDGE('',*,*,#1722,.T.);
#2448=ORIENTED_EDGE('',*,*,#1724,.T.);
#2449=ORIENTED_EDGE('',*,*,#1795,.F.);
#2450=ORIENTED_EDGE('',*,*,#1796,.T.);
#2451=ORIENTED_EDGE('',*,*,#1797,.T.);
#2452=ORIENTED_EDGE('',*,*,#1788,.T.);
#2453=ORIENTED_EDGE('',*,*,#1790,.F.);
#2454=ORIENTED_EDGE('',*,*,#1789,.T.);
#2455=ORIENTED_EDGE('',*,*,#1798,.F.);
#2456=ORIENTED_EDGE('',*,*,#1799,.F.);
#2457=ORIENTED_EDGE('',*,*,#1734,.T.);
#2458=ORIENTED_EDGE('',*,*,#1794,.T.);
#2459=ORIENTED_EDGE('',*,*,#1795,.T.);
#2460=ORIENTED_EDGE('',*,*,#1655,.T.);
#2461=ORIENTED_EDGE('',*,*,#1682,.F.);
#2462=ORIENTED_EDGE('',*,*,#1792,.T.);
#2463=ORIENTED_EDGE('',*,*,#1684,.F.);
#2464=ORIENTED_EDGE('',*,*,#1662,.F.);
#2465=ORIENTED_EDGE('',*,*,#1793,.F.);
#2466=ORIENTED_EDGE('',*,*,#1799,.T.);
#2467=ORIENTED_EDGE('',*,*,#1477,.F.);
#2468=ORIENTED_EDGE('',*,*,#1796,.F.);
#2469=ORIENTED_EDGE('',*,*,#1772,.T.);
#2470=ORIENTED_EDGE('',*,*,#1539,.F.);
#2471=ORIENTED_EDGE('',*,*,#1800,.F.);
#2472=ORIENTED_EDGE('',*,*,#1454,.F.);
#2473=ORIENTED_EDGE('',*,*,#1740,.F.);
#2474=ORIENTED_EDGE('',*,*,#1456,.F.);
#2475=ORIENTED_EDGE('',*,*,#1801,.T.);
#2476=ORIENTED_EDGE('',*,*,#1537,.F.);
#2477=ORIENTED_EDGE('',*,*,#1538,.F.);
#2478=ORIENTED_EDGE('',*,*,#1801,.F.);
#2479=ORIENTED_EDGE('',*,*,#1455,.F.);
#2480=ORIENTED_EDGE('',*,*,#1800,.T.);
#2481=ORIENTED_EDGE('',*,*,#1771,.F.);
#2482=ORIENTED_EDGE('',*,*,#1452,.F.);
#2483=ORIENTED_EDGE('',*,*,#1802,.T.);
#2484=ORIENTED_EDGE('',*,*,#1541,.F.);
#2485=ORIENTED_EDGE('',*,*,#1542,.F.);
#2486=ORIENTED_EDGE('',*,*,#1802,.F.);
#2487=ORIENTED_EDGE('',*,*,#1451,.F.);
#2488=ORIENTED_EDGE('',*,*,#1803,.T.);
#2489=ORIENTED_EDGE('',*,*,#1738,.F.);
#2490=ORIENTED_EDGE('',*,*,#1543,.F.);
#2491=ORIENTED_EDGE('',*,*,#1803,.F.);
#2492=ORIENTED_EDGE('',*,*,#1450,.F.);
#2493=ORIENTED_EDGE('',*,*,#1786,.T.);
#2494=ORIENTED_EDGE('',*,*,#1527,.F.);
#2495=ORIENTED_EDGE('',*,*,#1804,.F.);
#2496=ORIENTED_EDGE('',*,*,#1466,.F.);
#2497=ORIENTED_EDGE('',*,*,#1746,.F.);
#2498=ORIENTED_EDGE('',*,*,#1468,.F.);
#2499=ORIENTED_EDGE('',*,*,#1805,.T.);
#2500=ORIENTED_EDGE('',*,*,#1525,.F.);
#2501=ORIENTED_EDGE('',*,*,#1526,.F.);
#2502=ORIENTED_EDGE('',*,*,#1805,.F.);
#2503=ORIENTED_EDGE('',*,*,#1467,.F.);
#2504=ORIENTED_EDGE('',*,*,#1804,.T.);
#2505=ORIENTED_EDGE('',*,*,#1785,.F.);
#2506=ORIENTED_EDGE('',*,*,#1464,.F.);
#2507=ORIENTED_EDGE('',*,*,#1806,.T.);
#2508=ORIENTED_EDGE('',*,*,#1529,.F.);
#2509=ORIENTED_EDGE('',*,*,#1530,.F.);
#2510=ORIENTED_EDGE('',*,*,#1806,.F.);
#2511=ORIENTED_EDGE('',*,*,#1463,.F.);
#2512=ORIENTED_EDGE('',*,*,#1807,.T.);
#2513=ORIENTED_EDGE('',*,*,#1743,.F.);
#2514=ORIENTED_EDGE('',*,*,#1531,.F.);
#2515=ORIENTED_EDGE('',*,*,#1807,.F.);
#2516=ORIENTED_EDGE('',*,*,#1462,.F.);
#2517=ORIENTED_EDGE('',*,*,#1798,.T.);
#2518=ORIENTED_EDGE('',*,*,#1515,.F.);
#2519=ORIENTED_EDGE('',*,*,#1808,.F.);
#2520=ORIENTED_EDGE('',*,*,#1478,.F.);
#2521=ORIENTED_EDGE('',*,*,#1752,.F.);
#2522=ORIENTED_EDGE('',*,*,#1480,.F.);
#2523=ORIENTED_EDGE('',*,*,#1809,.T.);
#2524=ORIENTED_EDGE('',*,*,#1513,.F.);
#2525=ORIENTED_EDGE('',*,*,#1514,.F.);
#2526=ORIENTED_EDGE('',*,*,#1809,.F.);
#2527=ORIENTED_EDGE('',*,*,#1479,.F.);
#2528=ORIENTED_EDGE('',*,*,#1808,.T.);
#2529=ORIENTED_EDGE('',*,*,#1797,.F.);
#2530=ORIENTED_EDGE('',*,*,#1476,.F.);
#2531=ORIENTED_EDGE('',*,*,#1810,.T.);
#2532=ORIENTED_EDGE('',*,*,#1517,.F.);
#2533=ORIENTED_EDGE('',*,*,#1518,.F.);
#2534=ORIENTED_EDGE('',*,*,#1810,.F.);
#2535=ORIENTED_EDGE('',*,*,#1475,.F.);
#2536=ORIENTED_EDGE('',*,*,#1811,.T.);
#2537=ORIENTED_EDGE('',*,*,#1749,.F.);
#2538=ORIENTED_EDGE('',*,*,#1519,.F.);
#2539=ORIENTED_EDGE('',*,*,#1811,.F.);
#2540=ORIENTED_EDGE('',*,*,#1474,.F.);
#2541=ORIENTED_EDGE('',*,*,#1559,.F.);
#2542=ORIENTED_EDGE('',*,*,#1812,.T.);
#2543=ORIENTED_EDGE('',*,*,#1494,.F.);
#2544=ORIENTED_EDGE('',*,*,#1812,.F.);
#2545=ORIENTED_EDGE('',*,*,#1560,.F.);
#2546=ORIENTED_EDGE('',*,*,#1813,.T.);
#2547=ORIENTED_EDGE('',*,*,#1495,.F.);
#2548=ORIENTED_EDGE('',*,*,#1813,.F.);
#2549=ORIENTED_EDGE('',*,*,#1561,.F.);
#2550=ORIENTED_EDGE('',*,*,#1814,.T.);
#2551=ORIENTED_EDGE('',*,*,#1496,.F.);
#2552=ORIENTED_EDGE('',*,*,#1814,.F.);
#2553=ORIENTED_EDGE('',*,*,#1562,.F.);
#2554=ORIENTED_EDGE('',*,*,#1815,.T.);
#2555=ORIENTED_EDGE('',*,*,#1497,.F.);
#2556=ORIENTED_EDGE('',*,*,#1815,.F.);
#2557=ORIENTED_EDGE('',*,*,#1563,.F.);
#2558=ORIENTED_EDGE('',*,*,#1816,.T.);
#2559=ORIENTED_EDGE('',*,*,#1498,.F.);
#2560=ORIENTED_EDGE('',*,*,#1816,.F.);
#2561=ORIENTED_EDGE('',*,*,#1564,.F.);
#2562=ORIENTED_EDGE('',*,*,#1817,.T.);
#2563=ORIENTED_EDGE('',*,*,#1499,.F.);
#2564=ORIENTED_EDGE('',*,*,#1817,.F.);
#2565=ORIENTED_EDGE('',*,*,#1565,.F.);
#2566=ORIENTED_EDGE('',*,*,#1818,.T.);
#2567=ORIENTED_EDGE('',*,*,#1500,.F.);
#2568=ORIENTED_EDGE('',*,*,#1818,.F.);
#2569=ORIENTED_EDGE('',*,*,#1566,.F.);
#2570=ORIENTED_EDGE('',*,*,#1819,.T.);
#2571=ORIENTED_EDGE('',*,*,#1501,.F.);
#2572=ORIENTED_EDGE('',*,*,#1819,.F.);
#2573=ORIENTED_EDGE('',*,*,#1567,.F.);
#2574=ORIENTED_EDGE('',*,*,#1820,.T.);
#2575=ORIENTED_EDGE('',*,*,#1502,.F.);
#2576=ORIENTED_EDGE('',*,*,#1820,.F.);
#2577=ORIENTED_EDGE('',*,*,#1568,.F.);
#2578=ORIENTED_EDGE('',*,*,#1821,.T.);
#2579=ORIENTED_EDGE('',*,*,#1503,.F.);
#2580=ORIENTED_EDGE('',*,*,#1821,.F.);
#2581=ORIENTED_EDGE('',*,*,#1569,.F.);
#2582=ORIENTED_EDGE('',*,*,#1822,.T.);
#2583=ORIENTED_EDGE('',*,*,#1504,.F.);
#2584=ORIENTED_EDGE('',*,*,#1822,.F.);
#2585=ORIENTED_EDGE('',*,*,#1483,.T.);
#2586=ORIENTED_EDGE('',*,*,#1753,.F.);
#2587=ORIENTED_EDGE('',*,*,#1510,.T.);
#2588=ORIENTED_EDGE('',*,*,#1441,.T.);
#2589=ORIENTED_EDGE('',*,*,#1471,.T.);
#2590=ORIENTED_EDGE('',*,*,#1747,.F.);
#2591=ORIENTED_EDGE('',*,*,#1522,.T.);
#2592=ORIENTED_EDGE('',*,*,#1750,.T.);
#2593=ORIENTED_EDGE('',*,*,#1459,.T.);
#2594=ORIENTED_EDGE('',*,*,#1741,.F.);
#2595=ORIENTED_EDGE('',*,*,#1534,.T.);
#2596=ORIENTED_EDGE('',*,*,#1744,.T.);
#2597=PLANE('',#2837);
#2598=PLANE('',#2838);
#2599=PLANE('',#2839);
#2600=PLANE('',#2871);
#2601=PLANE('',#2874);
#2602=PLANE('',#2929);
#2603=PLANE('',#2930);
#2604=PLANE('',#2931);
#2605=PLANE('',#2932);
#2606=PLANE('',#2933);
#2607=PLANE('',#2934);
#2608=PLANE('',#2935);
#2609=PLANE('',#2936);
#2610=PLANE('',#2945);
#2611=PLANE('',#2946);
#2612=PLANE('',#2947);
#2613=PLANE('',#2948);
#2614=PLANE('',#2949);
#2615=PLANE('',#2958);
#2616=PLANE('',#2959);
#2617=PLANE('',#2960);
#2618=PLANE('',#2961);
#2619=PLANE('',#2962);
#2620=PLANE('',#2963);
#2621=PLANE('',#2964);
#2622=PLANE('',#2965);
#2623=PLANE('',#2966);
#2624=PLANE('',#2981);
#2625=PLANE('',#3000);
#2626=PLANE('',#3001);
#2627=PLANE('',#3002);
#2628=PLANE('',#3003);
#2629=PLANE('',#3004);
#2630=PLANE('',#3005);
#2631=PLANE('',#3007);
#2632=PLANE('',#3009);
#2633=PLANE('',#3011);
#2634=PLANE('',#3013);
#2635=PLANE('',#3015);
#2636=PLANE('',#3017);
#2637=PLANE('',#3028);
#2638=PLANE('',#3029);
#2639=PLANE('',#3030);
#2640=PLANE('',#3034);
#2641=PLANE('',#3036);
#2642=PLANE('',#3038);
#2643=PLANE('',#3039);
#2644=PLANE('',#3040);
#2645=PLANE('',#3045);
#2646=PLANE('',#3046);
#2647=PLANE('',#3047);
#2648=PLANE('',#3049);
#2649=PLANE('',#3051);
#2650=PLANE('',#3052);
#2651=PLANE('',#3057);
#2652=PLANE('',#3058);
#2653=PLANE('',#3059);
#2654=PLANE('',#3061);
#2655=PLANE('',#3063);
#2656=PLANE('',#3064);
#2657=PLANE('',#3066);
#2658=PLANE('',#3067);
#2659=PLANE('',#3068);
#2660=PLANE('',#3069);
#2661=PLANE('',#3070);
#2662=PLANE('',#3071);
#2663=PLANE('',#3072);
#2664=PLANE('',#3073);
#2665=PLANE('',#3074);
#2666=PLANE('',#3075);
#2667=PLANE('',#3076);
#2668=PLANE('',#3077);
#2669=PLANE('',#3078);
#2670=PLANE('',#3079);
#2671=PLANE('',#3080);
#2672=PLANE('',#3081);
#2673=PLANE('',#3082);
#2674=PLANE('',#3083);
#2675=ADVANCED_FACE('',(#288),#2597,.T.);
#2676=ADVANCED_FACE('',(#289),#2598,.T.);
#2677=ADVANCED_FACE('',(#290,#76,#77,#78,#79,#80,#81,#82,#83,#84,#85,#86,
#87,#88,#89,#90,#91,#92,#93,#94,#95,#96),#2599,.T.);
#2678=ADVANCED_FACE('',(#291),#2600,.T.);
#2679=ADVANCED_FACE('',(#292),#15,.T.);
#2680=ADVANCED_FACE('',(#293,#97,#98,#99,#100,#101,#102,#103,#104,#105,
#106,#107,#108,#109,#110,#111,#112,#113,#114,#115,#116,#117),#2601,.F.);
#2681=ADVANCED_FACE('',(#294),#16,.F.);
#2682=ADVANCED_FACE('',(#295),#17,.F.);
#2683=ADVANCED_FACE('',(#296),#18,.F.);
#2684=ADVANCED_FACE('',(#297),#19,.F.);
#2685=ADVANCED_FACE('',(#298),#20,.F.);
#2686=ADVANCED_FACE('',(#299),#21,.F.);
#2687=ADVANCED_FACE('',(#300),#22,.F.);
#2688=ADVANCED_FACE('',(#301),#23,.F.);
#2689=ADVANCED_FACE('',(#302),#2602,.T.);
#2690=ADVANCED_FACE('',(#303),#2603,.T.);
#2691=ADVANCED_FACE('',(#304,#118,#119,#120,#121,#122,#123,#124,#125),#2604,
 .T.);
#2692=ADVANCED_FACE('',(#305),#2605,.T.);
#2693=ADVANCED_FACE('',(#306),#2606,.T.);
#2694=ADVANCED_FACE('',(#307),#2607,.T.);
#2695=ADVANCED_FACE('',(#308),#2608,.T.);
#2696=ADVANCED_FACE('',(#309,#126,#127,#128,#129,#130,#131,#132,#133),#2609,
 .F.);
#2697=ADVANCED_FACE('',(#310),#2610,.T.);
#2698=ADVANCED_FACE('',(#311),#2611,.T.);
#2699=ADVANCED_FACE('',(#312),#2612,.T.);
#2700=ADVANCED_FACE('',(#313),#2613,.T.);
#2701=ADVANCED_FACE('',(#314,#134,#135,#136,#137,#138,#139,#140,#141),#2614,
 .F.);
#2702=ADVANCED_FACE('',(#315),#2615,.T.);
#2703=ADVANCED_FACE('',(#316),#2616,.T.);
#2704=ADVANCED_FACE('',(#317),#2617,.T.);
#2705=ADVANCED_FACE('',(#318),#2618,.T.);
#2706=ADVANCED_FACE('',(#319),#2619,.T.);
#2707=ADVANCED_FACE('',(#320),#2620,.T.);
#2708=ADVANCED_FACE('',(#321),#2621,.T.);
#2709=ADVANCED_FACE('',(#322),#2622,.T.);
#2710=ADVANCED_FACE('',(#323),#2623,.T.);
#2711=ADVANCED_FACE('',(#324),#24,.F.);
#2712=ADVANCED_FACE('',(#325),#25,.F.);
#2713=ADVANCED_FACE('',(#326),#26,.F.);
#2714=ADVANCED_FACE('',(#327),#27,.F.);
#2715=ADVANCED_FACE('',(#328),#28,.F.);
#2716=ADVANCED_FACE('',(#329),#29,.F.);
#2717=ADVANCED_FACE('',(#330),#30,.F.);
#2718=ADVANCED_FACE('',(#331),#2624,.F.);
#2719=ADVANCED_FACE('',(#332),#31,.F.);
#2720=ADVANCED_FACE('',(#333),#32,.F.);
#2721=ADVANCED_FACE('',(#334),#33,.F.);
#2722=ADVANCED_FACE('',(#335),#34,.F.);
#2723=ADVANCED_FACE('',(#336),#35,.F.);
#2724=ADVANCED_FACE('',(#337),#36,.F.);
#2725=ADVANCED_FACE('',(#338),#37,.F.);
#2726=ADVANCED_FACE('',(#339),#38,.F.);
#2727=ADVANCED_FACE('',(#340),#39,.F.);
#2728=ADVANCED_FACE('',(#341),#2625,.T.);
#2729=ADVANCED_FACE('',(#342),#2626,.T.);
#2730=ADVANCED_FACE('',(#343),#2627,.T.);
#2731=ADVANCED_FACE('',(#344),#2628,.T.);
#2732=ADVANCED_FACE('',(#345),#2629,.T.);
#2733=ADVANCED_FACE('',(#346),#2630,.T.);
#2734=ADVANCED_FACE('',(#347),#40,.T.);
#2735=ADVANCED_FACE('',(#348),#2631,.T.);
#2736=ADVANCED_FACE('',(#349),#41,.T.);
#2737=ADVANCED_FACE('',(#350),#2632,.T.);
#2738=ADVANCED_FACE('',(#351),#42,.T.);
#2739=ADVANCED_FACE('',(#352),#2633,.T.);
#2740=ADVANCED_FACE('',(#353),#43,.T.);
#2741=ADVANCED_FACE('',(#354),#2634,.T.);
#2742=ADVANCED_FACE('',(#355),#44,.T.);
#2743=ADVANCED_FACE('',(#356),#2635,.T.);
#2744=ADVANCED_FACE('',(#357),#45,.T.);
#2745=ADVANCED_FACE('',(#358),#2636,.T.);
#2746=ADVANCED_FACE('',(#359),#46,.F.);
#2747=ADVANCED_FACE('',(#360),#47,.F.);
#2748=ADVANCED_FACE('',(#361),#48,.F.);
#2749=ADVANCED_FACE('',(#362),#49,.F.);
#2750=ADVANCED_FACE('',(#363),#50,.F.);
#2751=ADVANCED_FACE('',(#364),#51,.F.);
#2752=ADVANCED_FACE('',(#365),#52,.F.);
#2753=ADVANCED_FACE('',(#366),#53,.F.);
#2754=ADVANCED_FACE('',(#367),#54,.F.);
#2755=ADVANCED_FACE('',(#368),#55,.F.);
#2756=ADVANCED_FACE('',(#369),#2637,.F.);
#2757=ADVANCED_FACE('',(#370),#2638,.F.);
#2758=ADVANCED_FACE('',(#371),#2639,.F.);
#2759=ADVANCED_FACE('',(#372),#56,.T.);
#2760=ADVANCED_FACE('',(#373),#2640,.T.);
#2761=ADVANCED_FACE('',(#374),#2641,.T.);
#2762=ADVANCED_FACE('',(#375),#2642,.T.);
#2763=ADVANCED_FACE('',(#376),#2643,.T.);
#2764=ADVANCED_FACE('',(#377,#142,#143,#144,#145,#146,#147,#148,#149),#2644,
 .F.);
#2765=ADVANCED_FACE('',(#378),#57,.F.);
#2766=ADVANCED_FACE('',(#379),#58,.T.);
#2767=ADVANCED_FACE('',(#380),#2645,.T.);
#2768=ADVANCED_FACE('',(#381,#150,#151,#152,#153,#154,#155,#156,#157),#2646,
 .T.);
#2769=ADVANCED_FACE('',(#382),#2647,.T.);
#2770=ADVANCED_FACE('',(#383),#2648,.T.);
#2771=ADVANCED_FACE('',(#384),#2649,.T.);
#2772=ADVANCED_FACE('',(#385),#2650,.T.);
#2773=ADVANCED_FACE('',(#386),#59,.F.);
#2774=ADVANCED_FACE('',(#387),#60,.T.);
#2775=ADVANCED_FACE('',(#388),#2651,.T.);
#2776=ADVANCED_FACE('',(#389,#158,#159,#160,#161,#162,#163,#164,#165),#2652,
 .T.);
#2777=ADVANCED_FACE('',(#390),#2653,.T.);
#2778=ADVANCED_FACE('',(#391),#2654,.T.);
#2779=ADVANCED_FACE('',(#392),#2655,.T.);
#2780=ADVANCED_FACE('',(#393),#2656,.T.);
#2781=ADVANCED_FACE('',(#394),#61,.F.);
#2782=ADVANCED_FACE('',(#395),#2657,.F.);
#2783=ADVANCED_FACE('',(#396),#2658,.F.);
#2784=ADVANCED_FACE('',(#397),#2659,.F.);
#2785=ADVANCED_FACE('',(#398),#2660,.F.);
#2786=ADVANCED_FACE('',(#399),#2661,.F.);
#2787=ADVANCED_FACE('',(#400),#2662,.F.);
#2788=ADVANCED_FACE('',(#401),#2663,.F.);
#2789=ADVANCED_FACE('',(#402),#2664,.F.);
#2790=ADVANCED_FACE('',(#403),#2665,.F.);
#2791=ADVANCED_FACE('',(#404),#2666,.F.);
#2792=ADVANCED_FACE('',(#405),#2667,.F.);
#2793=ADVANCED_FACE('',(#406),#2668,.F.);
#2794=ADVANCED_FACE('',(#407),#2669,.F.);
#2795=ADVANCED_FACE('',(#408),#2670,.F.);
#2796=ADVANCED_FACE('',(#409),#2671,.F.);
#2797=ADVANCED_FACE('',(#410),#2672,.F.);
#2798=ADVANCED_FACE('',(#411),#2673,.F.);
#2799=ADVANCED_FACE('',(#412),#2674,.F.);
#2800=ADVANCED_FACE('',(#413),#62,.F.);
#2801=ADVANCED_FACE('',(#414),#63,.F.);
#2802=ADVANCED_FACE('',(#415),#64,.F.);
#2803=ADVANCED_FACE('',(#416),#65,.F.);
#2804=ADVANCED_FACE('',(#417),#66,.F.);
#2805=ADVANCED_FACE('',(#418),#67,.F.);
#2806=ADVANCED_FACE('',(#419),#68,.F.);
#2807=ADVANCED_FACE('',(#420),#69,.F.);
#2808=ADVANCED_FACE('',(#421),#70,.F.);
#2809=ADVANCED_FACE('',(#422),#71,.F.);
#2810=ADVANCED_FACE('',(#423),#72,.F.);
#2811=ADVANCED_FACE('',(#424),#73,.T.);
#2812=ADVANCED_FACE('',(#425),#74,.T.);
#2813=ADVANCED_FACE('',(#426),#75,.T.);
#2814=CLOSED_SHELL('',(#2675,#2676,#2677,#2678,#2679,#2680,#2681,#2682,
#2683,#2684,#2685,#2686,#2687,#2688,#2689,#2690,#2691,#2692,#2693,#2694,
#2695,#2696,#2697,#2698,#2699,#2700,#2701,#2702,#2703,#2704,#2705,#2706,
#2707,#2708,#2709,#2710,#2711,#2712,#2713,#2714,#2715,#2716,#2717,#2718,
#2719,#2720,#2721,#2722,#2723,#2724,#2725,#2726,#2727,#2728,#2729,#2730,
#2731,#2732,#2733,#2734,#2735,#2736,#2737,#2738,#2739,#2740,#2741,#2742,
#2743,#2744,#2745,#2746,#2747,#2748,#2749,#2750,#2751,#2752,#2753,#2754,
#2755,#2756,#2757,#2758,#2759,#2760,#2761,#2762,#2763,#2764,#2765,#2766,
#2767,#2768,#2769,#2770,#2771,#2772,#2773,#2774,#2775,#2776,#2777,#2778,
#2779,#2780,#2781,#2782,#2783,#2784,#2785,#2786,#2787,#2788,#2789,#2790,
#2791,#2792,#2793,#2794,#2795,#2796,#2797,#2798,#2799,#2800,#2801,#2802,
#2803,#2804,#2805,#2806,#2807,#2808,#2809,#2810,#2811,#2812,#2813));
#2815=DERIVED_UNIT_ELEMENT(#2818,1.);
#2816=DERIVED_UNIT_ELEMENT(#4669,-3.);
#2817=DIMENSIONAL_EXPONENTS(0.,1.,0.,0.,0.,0.,0.);
#2818=(
CONVERSION_BASED_UNIT('gram',#2820)
MASS_UNIT()
NAMED_UNIT(#2817)
);
#2819=(
MASS_UNIT()
NAMED_UNIT(*)
SI_UNIT(.KILO.,.GRAM.)
);
#2820=MASS_MEASURE_WITH_UNIT(MASS_MEASURE(0.001),#2819);
#2821=DERIVED_UNIT((#2815,#2816));
#2822=MEASURE_REPRESENTATION_ITEM('density measure',
POSITIVE_RATIO_MEASURE(2.7),#2821);
#2823=PROPERTY_DEFINITION_REPRESENTATION(#2828,#2825);
#2824=PROPERTY_DEFINITION_REPRESENTATION(#2829,#2826);
#2825=REPRESENTATION('material name',(#2827),#4666);
#2826=REPRESENTATION('density',(#2822),#4666);
#2827=DESCRIPTIVE_REPRESENTATION_ITEM('Aluminum 6061','Aluminum 6061');
#2828=PROPERTY_DEFINITION('material property','material name',#4676);
#2829=PROPERTY_DEFINITION('material property','density of part',#4676);
#2830=DATE_TIME_ROLE('creation_date');
#2831=APPLIED_DATE_AND_TIME_ASSIGNMENT(#2832,#2830,(#4676));
#2832=DATE_AND_TIME(#2833,#2834);
#2833=CALENDAR_DATE(2026,15,5);
#2834=LOCAL_TIME(0,0,0.,#2835);
#2835=COORDINATED_UNIVERSAL_TIME_OFFSET(0,0,.BEHIND.);
#2836=AXIS2_PLACEMENT_3D('',#3887,#3098,#3099);
#2837=AXIS2_PLACEMENT_3D('',#3888,#3100,#3101);
#2838=AXIS2_PLACEMENT_3D('',#3897,#3106,#3107);
#2839=AXIS2_PLACEMENT_3D('',#3903,#3111,#3112);
#2840=AXIS2_PLACEMENT_3D('',#3913,#3117,#3118);
#2841=AXIS2_PLACEMENT_3D('',#3917,#3120,#3121);
#2842=AXIS2_PLACEMENT_3D('',#3933,#3129,#3130);
#2843=AXIS2_PLACEMENT_3D('',#3937,#3132,#3133);
#2844=AXIS2_PLACEMENT_3D('',#3941,#3135,#3136);
#2845=AXIS2_PLACEMENT_3D('',#3957,#3144,#3145);
#2846=AXIS2_PLACEMENT_3D('',#3961,#3147,#3148);
#2847=AXIS2_PLACEMENT_3D('',#3965,#3150,#3151);
#2848=AXIS2_PLACEMENT_3D('',#3981,#3159,#3160);
#2849=AXIS2_PLACEMENT_3D('',#3984,#3162,#3163);
#2850=AXIS2_PLACEMENT_3D('',#3986,#3164,#3165);
#2851=AXIS2_PLACEMENT_3D('',#3988,#3166,#3167);
#2852=AXIS2_PLACEMENT_3D('',#3990,#3168,#3169);
#2853=AXIS2_PLACEMENT_3D('',#3992,#3170,#3171);
#2854=AXIS2_PLACEMENT_3D('',#3994,#3172,#3173);
#2855=AXIS2_PLACEMENT_3D('',#3996,#3174,#3175);
#2856=AXIS2_PLACEMENT_3D('',#3998,#3176,#3177);
#2857=AXIS2_PLACEMENT_3D('',#4000,#3178,#3179);
#2858=AXIS2_PLACEMENT_3D('',#4002,#3180,#3181);
#2859=AXIS2_PLACEMENT_3D('',#4004,#3182,#3183);
#2860=AXIS2_PLACEMENT_3D('',#4006,#3184,#3185);
#2861=AXIS2_PLACEMENT_3D('',#4008,#3186,#3187);
#2862=AXIS2_PLACEMENT_3D('',#4010,#3188,#3189);
#2863=AXIS2_PLACEMENT_3D('',#4012,#3190,#3191);
#2864=AXIS2_PLACEMENT_3D('',#4014,#3192,#3193);
#2865=AXIS2_PLACEMENT_3D('',#4016,#3194,#3195);
#2866=AXIS2_PLACEMENT_3D('',#4018,#3196,#3197);
#2867=AXIS2_PLACEMENT_3D('',#4020,#3198,#3199);
#2868=AXIS2_PLACEMENT_3D('',#4022,#3200,#3201);
#2869=AXIS2_PLACEMENT_3D('',#4024,#3202,#3203);
#2870=AXIS2_PLACEMENT_3D('',#4026,#3204,#3205);
#2871=AXIS2_PLACEMENT_3D('',#4027,#3206,#3207);
#2872=AXIS2_PLACEMENT_3D('',#4033,#3211,#3212);
#2873=AXIS2_PLACEMENT_3D('',#4035,#3213,#3214);
#2874=AXIS2_PLACEMENT_3D('',#4037,#3216,#3217);
#2875=AXIS2_PLACEMENT_3D('',#4039,#3218,#3219);
#2876=AXIS2_PLACEMENT_3D('',#4043,#3221,#3222);
#2877=AXIS2_PLACEMENT_3D('',#4059,#3230,#3231);
#2878=AXIS2_PLACEMENT_3D('',#4063,#3233,#3234);
#2879=AXIS2_PLACEMENT_3D('',#4067,#3236,#3237);
#2880=AXIS2_PLACEMENT_3D('',#4083,#3245,#3246);
#2881=AXIS2_PLACEMENT_3D('',#4087,#3248,#3249);
#2882=AXIS2_PLACEMENT_3D('',#4091,#3251,#3252);
#2883=AXIS2_PLACEMENT_3D('',#4107,#3260,#3261);
#2884=AXIS2_PLACEMENT_3D('',#4115,#3266,#3267);
#2885=AXIS2_PLACEMENT_3D('',#4117,#3268,#3269);
#2886=AXIS2_PLACEMENT_3D('',#4119,#3270,#3271);
#2887=AXIS2_PLACEMENT_3D('',#4121,#3272,#3273);
#2888=AXIS2_PLACEMENT_3D('',#4123,#3274,#3275);
#2889=AXIS2_PLACEMENT_3D('',#4125,#3276,#3277);
#2890=AXIS2_PLACEMENT_3D('',#4127,#3278,#3279);
#2891=AXIS2_PLACEMENT_3D('',#4129,#3280,#3281);
#2892=AXIS2_PLACEMENT_3D('',#4131,#3282,#3283);
#2893=AXIS2_PLACEMENT_3D('',#4133,#3284,#3285);
#2894=AXIS2_PLACEMENT_3D('',#4135,#3286,#3287);
#2895=AXIS2_PLACEMENT_3D('',#4137,#3288,#3289);
#2896=AXIS2_PLACEMENT_3D('',#4139,#3290,#3291);
#2897=AXIS2_PLACEMENT_3D('',#4141,#3292,#3293);
#2898=AXIS2_PLACEMENT_3D('',#4143,#3294,#3295);
#2899=AXIS2_PLACEMENT_3D('',#4145,#3296,#3297);
#2900=AXIS2_PLACEMENT_3D('',#4147,#3298,#3299);
#2901=AXIS2_PLACEMENT_3D('',#4149,#3300,#3301);
#2902=AXIS2_PLACEMENT_3D('',#4151,#3302,#3303);
#2903=AXIS2_PLACEMENT_3D('',#4153,#3304,#3305);
#2904=AXIS2_PLACEMENT_3D('',#4155,#3306,#3307);
#2905=AXIS2_PLACEMENT_3D('',#4156,#3308,#3309);
#2906=AXIS2_PLACEMENT_3D('',#4158,#3310,#3311);
#2907=AXIS2_PLACEMENT_3D('',#4161,#3313,#3314);
#2908=AXIS2_PLACEMENT_3D('',#4162,#3315,#3316);
#2909=AXIS2_PLACEMENT_3D('',#4164,#3317,#3318);
#2910=AXIS2_PLACEMENT_3D('',#4167,#3320,#3321);
#2911=AXIS2_PLACEMENT_3D('',#4168,#3322,#3323);
#2912=AXIS2_PLACEMENT_3D('',#4170,#3324,#3325);
#2913=AXIS2_PLACEMENT_3D('',#4173,#3327,#3328);
#2914=AXIS2_PLACEMENT_3D('',#4174,#3329,#3330);
#2915=AXIS2_PLACEMENT_3D('',#4176,#3331,#3332);
#2916=AXIS2_PLACEMENT_3D('',#4179,#3334,#3335);
#2917=AXIS2_PLACEMENT_3D('',#4180,#3336,#3337);
#2918=AXIS2_PLACEMENT_3D('',#4182,#3338,#3339);
#2919=AXIS2_PLACEMENT_3D('',#4185,#3341,#3342);
#2920=AXIS2_PLACEMENT_3D('',#4186,#3343,#3344);
#2921=AXIS2_PLACEMENT_3D('',#4188,#3345,#3346);
#2922=AXIS2_PLACEMENT_3D('',#4191,#3348,#3349);
#2923=AXIS2_PLACEMENT_3D('',#4192,#3350,#3351);
#2924=AXIS2_PLACEMENT_3D('',#4194,#3352,#3353);
#2925=AXIS2_PLACEMENT_3D('',#4197,#3355,#3356);
#2926=AXIS2_PLACEMENT_3D('',#4198,#3357,#3358);
#2927=AXIS2_PLACEMENT_3D('',#4200,#3359,#3360);
#2928=AXIS2_PLACEMENT_3D('',#4203,#3362,#3363);
#2929=AXIS2_PLACEMENT_3D('',#4204,#3364,#3365);
#2930=AXIS2_PLACEMENT_3D('',#4213,#3370,#3371);
#2931=AXIS2_PLACEMENT_3D('',#4219,#3375,#3376);
#2932=AXIS2_PLACEMENT_3D('',#4239,#3387,#3388);
#2933=AXIS2_PLACEMENT_3D('',#4245,#3392,#3393);
#2934=AXIS2_PLACEMENT_3D('',#4249,#3396,#3397);
#2935=AXIS2_PLACEMENT_3D('',#4258,#3402,#3403);
#2936=AXIS2_PLACEMENT_3D('',#4264,#3407,#3408);
#2937=AXIS2_PLACEMENT_3D('',#4285,#3419,#3420);
#2938=AXIS2_PLACEMENT_3D('',#4287,#3421,#3422);
#2939=AXIS2_PLACEMENT_3D('',#4289,#3423,#3424);
#2940=AXIS2_PLACEMENT_3D('',#4291,#3425,#3426);
#2941=AXIS2_PLACEMENT_3D('',#4293,#3427,#3428);
#2942=AXIS2_PLACEMENT_3D('',#4295,#3429,#3430);
#2943=AXIS2_PLACEMENT_3D('',#4297,#3431,#3432);
#2944=AXIS2_PLACEMENT_3D('',#4300,#3433,#3434);
#2945=AXIS2_PLACEMENT_3D('',#4302,#3436,#3437);
#2946=AXIS2_PLACEMENT_3D('',#4308,#3441,#3442);
#2947=AXIS2_PLACEMENT_3D('',#4312,#3445,#3446);
#2948=AXIS2_PLACEMENT_3D('',#4321,#3451,#3452);
#2949=AXIS2_PLACEMENT_3D('',#4327,#3456,#3457);
#2950=AXIS2_PLACEMENT_3D('',#4348,#3468,#3469);
#2951=AXIS2_PLACEMENT_3D('',#4350,#3470,#3471);
#2952=AXIS2_PLACEMENT_3D('',#4352,#3472,#3473);
#2953=AXIS2_PLACEMENT_3D('',#4354,#3474,#3475);
#2954=AXIS2_PLACEMENT_3D('',#4356,#3476,#3477);
#2955=AXIS2_PLACEMENT_3D('',#4358,#3478,#3479);
#2956=AXIS2_PLACEMENT_3D('',#4360,#3480,#3481);
#2957=AXIS2_PLACEMENT_3D('',#4362,#3482,#3483);
#2958=AXIS2_PLACEMENT_3D('',#4363,#3484,#3485);
#2959=AXIS2_PLACEMENT_3D('',#4369,#3489,#3490);
#2960=AXIS2_PLACEMENT_3D('',#4373,#3493,#3494);
#2961=AXIS2_PLACEMENT_3D('',#4379,#3498,#3499);
#2962=AXIS2_PLACEMENT_3D('',#4381,#3501,#3502);
#2963=AXIS2_PLACEMENT_3D('',#4385,#3505,#3506);
#2964=AXIS2_PLACEMENT_3D('',#4389,#3509,#3510);
#2965=AXIS2_PLACEMENT_3D('',#4393,#3513,#3514);
#2966=AXIS2_PLACEMENT_3D('',#4397,#3517,#3518);
#2967=AXIS2_PLACEMENT_3D('',#4401,#3521,#3522);
#2968=AXIS2_PLACEMENT_3D('',#4404,#3524,#3525);
#2969=AXIS2_PLACEMENT_3D('',#4405,#3526,#3527);
#2970=AXIS2_PLACEMENT_3D('',#4408,#3529,#3530);
#2971=AXIS2_PLACEMENT_3D('',#4409,#3531,#3532);
#2972=AXIS2_PLACEMENT_3D('',#4412,#3534,#3535);
#2973=AXIS2_PLACEMENT_3D('',#4413,#3536,#3537);
#2974=AXIS2_PLACEMENT_3D('',#4416,#3539,#3540);
#2975=AXIS2_PLACEMENT_3D('',#4417,#3541,#3542);
#2976=AXIS2_PLACEMENT_3D('',#4420,#3544,#3545);
#2977=AXIS2_PLACEMENT_3D('',#4421,#3546,#3547);
#2978=AXIS2_PLACEMENT_3D('',#4424,#3549,#3550);
#2979=AXIS2_PLACEMENT_3D('',#4425,#3551,#3552);
#2980=AXIS2_PLACEMENT_3D('',#4428,#3554,#3555);
#2981=AXIS2_PLACEMENT_3D('',#4429,#3556,#3557);
#2982=AXIS2_PLACEMENT_3D('',#4435,#3561,#3562);
#2983=AXIS2_PLACEMENT_3D('',#4436,#3563,#3564);
#2984=AXIS2_PLACEMENT_3D('',#4437,#3565,#3566);
#2985=AXIS2_PLACEMENT_3D('',#4440,#3568,#3569);
#2986=AXIS2_PLACEMENT_3D('',#4441,#3570,#3571);
#2987=AXIS2_PLACEMENT_3D('',#4444,#3573,#3574);
#2988=AXIS2_PLACEMENT_3D('',#4445,#3575,#3576);
#2989=AXIS2_PLACEMENT_3D('',#4448,#3578,#3579);
#2990=AXIS2_PLACEMENT_3D('',#4449,#3580,#3581);
#2991=AXIS2_PLACEMENT_3D('',#4452,#3583,#3584);
#2992=AXIS2_PLACEMENT_3D('',#4453,#3585,#3586);
#2993=AXIS2_PLACEMENT_3D('',#4456,#3588,#3589);
#2994=AXIS2_PLACEMENT_3D('',#4457,#3590,#3591);
#2995=AXIS2_PLACEMENT_3D('',#4460,#3593,#3594);
#2996=AXIS2_PLACEMENT_3D('',#4461,#3595,#3596);
#2997=AXIS2_PLACEMENT_3D('',#4464,#3598,#3599);
#2998=AXIS2_PLACEMENT_3D('',#4465,#3600,#3601);
#2999=AXIS2_PLACEMENT_3D('',#4468,#3603,#3604);
#3000=AXIS2_PLACEMENT_3D('',#4469,#3605,#3606);
#3001=AXIS2_PLACEMENT_3D('',#4473,#3609,#3610);
#3002=AXIS2_PLACEMENT_3D('',#4477,#3613,#3614);
#3003=AXIS2_PLACEMENT_3D('',#4481,#3617,#3618);
#3004=AXIS2_PLACEMENT_3D('',#4485,#3621,#3622);
#3005=AXIS2_PLACEMENT_3D('',#4489,#3625,#3626);
#3006=AXIS2_PLACEMENT_3D('',#4493,#3629,#3630);
#3007=AXIS2_PLACEMENT_3D('',#4496,#3633,#3634);
#3008=AXIS2_PLACEMENT_3D('',#4497,#3635,#3636);
#3009=AXIS2_PLACEMENT_3D('',#4500,#3639,#3640);
#3010=AXIS2_PLACEMENT_3D('',#4502,#3642,#3643);
#3011=AXIS2_PLACEMENT_3D('',#4505,#3646,#3647);
#3012=AXIS2_PLACEMENT_3D('',#4507,#3649,#3650);
#3013=AXIS2_PLACEMENT_3D('',#4510,#3653,#3654);
#3014=AXIS2_PLACEMENT_3D('',#4512,#3656,#3657);
#3015=AXIS2_PLACEMENT_3D('',#4515,#3660,#3661);
#3016=AXIS2_PLACEMENT_3D('',#4517,#3663,#3664);
#3017=AXIS2_PLACEMENT_3D('',#4520,#3667,#3668);
#3018=AXIS2_PLACEMENT_3D('',#4522,#3670,#3671);
#3019=AXIS2_PLACEMENT_3D('',#4524,#3673,#3674);
#3020=AXIS2_PLACEMENT_3D('',#4526,#3676,#3677);
#3021=AXIS2_PLACEMENT_3D('',#4528,#3679,#3680);
#3022=AXIS2_PLACEMENT_3D('',#4530,#3682,#3683);
#3023=AXIS2_PLACEMENT_3D('',#4532,#3685,#3686);
#3024=AXIS2_PLACEMENT_3D('',#4534,#3688,#3689);
#3025=AXIS2_PLACEMENT_3D('',#4536,#3691,#3692);
#3026=AXIS2_PLACEMENT_3D('',#4538,#3694,#3695);
#3027=AXIS2_PLACEMENT_3D('',#4540,#3697,#3698);
#3028=AXIS2_PLACEMENT_3D('',#4542,#3700,#3701);
#3029=AXIS2_PLACEMENT_3D('',#4544,#3703,#3704);
#3030=AXIS2_PLACEMENT_3D('',#4546,#3706,#3707);
#3031=AXIS2_PLACEMENT_3D('',#4547,#3708,#3709);
#3032=AXIS2_PLACEMENT_3D('',#4550,#3711,#3712);
#3033=AXIS2_PLACEMENT_3D('',#4551,#3713,#3714);
#3034=AXIS2_PLACEMENT_3D('',#4552,#3715,#3716);
#3035=AXIS2_PLACEMENT_3D('',#4554,#3718,#3719);
#3036=AXIS2_PLACEMENT_3D('',#4556,#3721,#3722);
#3037=AXIS2_PLACEMENT_3D('',#4558,#3724,#3725);
#3038=AXIS2_PLACEMENT_3D('',#4559,#3726,#3727);
#3039=AXIS2_PLACEMENT_3D('',#4561,#3729,#3730);
#3040=AXIS2_PLACEMENT_3D('',#4563,#3732,#3733);
#3041=AXIS2_PLACEMENT_3D('',#4564,#3734,#3735);
#3042=AXIS2_PLACEMENT_3D('',#4565,#3736,#3737);
#3043=AXIS2_PLACEMENT_3D('',#4566,#3738,#3739);
#3044=AXIS2_PLACEMENT_3D('',#4567,#3740,#3741);
#3045=AXIS2_PLACEMENT_3D('',#4568,#3742,#3743);
#3046=AXIS2_PLACEMENT_3D('',#4572,#3746,#3747);
#3047=AXIS2_PLACEMENT_3D('',#4577,#3751,#3752);
#3048=AXIS2_PLACEMENT_3D('',#4579,#3754,#3755);
#3049=AXIS2_PLACEMENT_3D('',#4581,#3757,#3758);
#3050=AXIS2_PLACEMENT_3D('',#4583,#3760,#3761);
#3051=AXIS2_PLACEMENT_3D('',#4584,#3762,#3763);
#3052=AXIS2_PLACEMENT_3D('',#4585,#3764,#3765);
#3053=AXIS2_PLACEMENT_3D('',#4586,#3766,#3767);
#3054=AXIS2_PLACEMENT_3D('',#4587,#3768,#3769);
#3055=AXIS2_PLACEMENT_3D('',#4588,#3770,#3771);
#3056=AXIS2_PLACEMENT_3D('',#4589,#3772,#3773);
#3057=AXIS2_PLACEMENT_3D('',#4590,#3774,#3775);
#3058=AXIS2_PLACEMENT_3D('',#4594,#3778,#3779);
#3059=AXIS2_PLACEMENT_3D('',#4599,#3783,#3784);
#3060=AXIS2_PLACEMENT_3D('',#4601,#3786,#3787);
#3061=AXIS2_PLACEMENT_3D('',#4603,#3789,#3790);
#3062=AXIS2_PLACEMENT_3D('',#4605,#3792,#3793);
#3063=AXIS2_PLACEMENT_3D('',#4606,#3794,#3795);
#3064=AXIS2_PLACEMENT_3D('',#4607,#3796,#3797);
#3065=AXIS2_PLACEMENT_3D('',#4608,#3798,#3799);
#3066=AXIS2_PLACEMENT_3D('',#4609,#3800,#3801);
#3067=AXIS2_PLACEMENT_3D('',#4611,#3803,#3804);
#3068=AXIS2_PLACEMENT_3D('',#4613,#3806,#3807);
#3069=AXIS2_PLACEMENT_3D('',#4614,#3808,#3809);
#3070=AXIS2_PLACEMENT_3D('',#4616,#3811,#3812);
#3071=AXIS2_PLACEMENT_3D('',#4618,#3814,#3815);
#3072=AXIS2_PLACEMENT_3D('',#4619,#3816,#3817);
#3073=AXIS2_PLACEMENT_3D('',#4621,#3819,#3820);
#3074=AXIS2_PLACEMENT_3D('',#4623,#3822,#3823);
#3075=AXIS2_PLACEMENT_3D('',#4624,#3824,#3825);
#3076=AXIS2_PLACEMENT_3D('',#4626,#3827,#3828);
#3077=AXIS2_PLACEMENT_3D('',#4628,#3830,#3831);
#3078=AXIS2_PLACEMENT_3D('',#4629,#3832,#3833);
#3079=AXIS2_PLACEMENT_3D('',#4631,#3835,#3836);
#3080=AXIS2_PLACEMENT_3D('',#4633,#3838,#3839);
#3081=AXIS2_PLACEMENT_3D('',#4634,#3840,#3841);
#3082=AXIS2_PLACEMENT_3D('',#4636,#3843,#3844);
#3083=AXIS2_PLACEMENT_3D('',#4638,#3846,#3847);
#3084=AXIS2_PLACEMENT_3D('',#4639,#3848,#3849);
#3085=AXIS2_PLACEMENT_3D('',#4641,#3851,#3852);
#3086=AXIS2_PLACEMENT_3D('',#4643,#3854,#3855);
#3087=AXIS2_PLACEMENT_3D('',#4645,#3857,#3858);
#3088=AXIS2_PLACEMENT_3D('',#4647,#3860,#3861);
#3089=AXIS2_PLACEMENT_3D('',#4649,#3863,#3864);
#3090=AXIS2_PLACEMENT_3D('',#4651,#3866,#3867);
#3091=AXIS2_PLACEMENT_3D('',#4653,#3869,#3870);
#3092=AXIS2_PLACEMENT_3D('',#4655,#3872,#3873);
#3093=AXIS2_PLACEMENT_3D('',#4657,#3875,#3876);
#3094=AXIS2_PLACEMENT_3D('',#4659,#3878,#3879);
#3095=AXIS2_PLACEMENT_3D('',#4661,#3881,#3882);
#3096=AXIS2_PLACEMENT_3D('',#4662,#3883,#3884);
#3097=AXIS2_PLACEMENT_3D('',#4663,#3885,#3886);
#3098=DIRECTION('axis',(0.,0.,1.));
#3099=DIRECTION('refdir',(1.,0.,0.));
#3100=DIRECTION('center_axis',(0.212330683149004,-0.977197871975516,0.));
#3101=DIRECTION('ref_axis',(0.,0.,-1.));
#3102=DIRECTION('',(-0.977197871975516,-0.212330683149004,0.));
#3103=DIRECTION('',(0.,0.,-1.));
#3104=DIRECTION('',(0.977197871975516,0.212330683149004,0.));
#3105=DIRECTION('',(0.,0.,1.));
#3106=DIRECTION('center_axis',(-0.540842775926308,-0.841123707743591,0.));
#3107=DIRECTION('ref_axis',(0.,0.,1.));
#3108=DIRECTION('',(-0.841123707743591,0.540842775926308,0.));
#3109=DIRECTION('',(0.,0.,1.));
#3110=DIRECTION('',(0.841123707743591,-0.540842775926308,0.));
#3111=DIRECTION('center_axis',(0.,0.,1.));
#3112=DIRECTION('ref_axis',(1.,0.,0.));
#3113=DIRECTION('',(0.540842775926307,0.841123707743591,0.));
#3114=DIRECTION('',(0.841123707743591,-0.540842775926307,0.));
#3115=DIRECTION('',(-0.540842775926308,-0.841123707743591,0.));
#3116=DIRECTION('',(-0.224530019520599,0.974467172527674,0.));
#3117=DIRECTION('center_axis',(0.,0.,-1.));
#3118=DIRECTION('ref_axis',(-0.540842775926229,-0.841123707743642,0.));
#3119=DIRECTION('',(-0.540842775926227,-0.841123707743643,0.));
#3120=DIRECTION('center_axis',(0.,0.,-1.));
#3121=DIRECTION('ref_axis',(0.977197871975493,0.212330683149109,0.));
#3122=DIRECTION('',(-0.841123707743642,0.540842775926228,0.));
#3123=DIRECTION('',(0.540842775926228,0.841123707743642,0.));
#3124=DIRECTION('',(0.841123707743642,-0.540842775926228,0.));
#3125=DIRECTION('',(0.540842775926227,0.841123707743643,0.));
#3126=DIRECTION('',(-0.841123707743643,0.540842775926227,0.));
#3127=DIRECTION('',(0.540842775926228,0.841123707743642,0.));
#3128=DIRECTION('',(0.841123707743643,-0.540842775926227,0.));
#3129=DIRECTION('center_axis',(0.,0.,-1.));
#3130=DIRECTION('ref_axis',(0.212330683149109,-0.977197871975493,0.));
#3131=DIRECTION('',(-0.540842775926227,-0.841123707743643,0.));
#3132=DIRECTION('center_axis',(0.,0.,-1.));
#3133=DIRECTION('ref_axis',(0.841123707743591,-0.540842775926308,0.));
#3134=DIRECTION('',(0.84112370774359,-0.540842775926308,0.));
#3135=DIRECTION('center_axis',(0.,0.,-1.));
#3136=DIRECTION('ref_axis',(-0.212330683149015,0.977197871975514,0.));
#3137=DIRECTION('',(-0.540842775926308,-0.84112370774359,0.));
#3138=DIRECTION('',(-0.841123707743591,0.540842775926308,0.));
#3139=DIRECTION('',(0.540842775926308,0.84112370774359,0.));
#3140=DIRECTION('',(-0.84112370774359,0.540842775926308,0.));
#3141=DIRECTION('',(-0.540842775926309,-0.84112370774359,0.));
#3142=DIRECTION('',(-0.84112370774359,0.540842775926309,0.));
#3143=DIRECTION('',(0.540842775926309,0.84112370774359,0.));
#3144=DIRECTION('center_axis',(0.,0.,-1.));
#3145=DIRECTION('ref_axis',(0.977197871975514,0.212330683149015,0.));
#3146=DIRECTION('',(0.84112370774359,-0.540842775926308,0.));
#3147=DIRECTION('center_axis',(0.,0.,-1.));
#3148=DIRECTION('ref_axis',(0.540842775926229,0.841123707743642,0.));
#3149=DIRECTION('',(0.540842775926227,0.841123707743643,0.));
#3150=DIRECTION('center_axis',(0.,0.,-1.));
#3151=DIRECTION('ref_axis',(-0.977197871975493,-0.212330683149111,0.));
#3152=DIRECTION('',(0.841123707743643,-0.540842775926227,0.));
#3153=DIRECTION('',(-0.540842775926227,-0.841123707743643,0.));
#3154=DIRECTION('',(-0.841123707743642,0.540842775926228,0.));
#3155=DIRECTION('',(-0.540842775926227,-0.841123707743643,0.));
#3156=DIRECTION('',(0.841123707743643,-0.540842775926227,0.));
#3157=DIRECTION('',(-0.540842775926227,-0.841123707743643,0.));
#3158=DIRECTION('',(-0.841123707743643,0.540842775926227,0.));
#3159=DIRECTION('center_axis',(0.,0.,-1.));
#3160=DIRECTION('ref_axis',(-0.212330683149109,0.977197871975493,0.));
#3161=DIRECTION('',(0.540842775926227,0.841123707743643,0.));
#3162=DIRECTION('center_axis',(0.,0.,-1.));
#3163=DIRECTION('ref_axis',(-0.841123707743591,0.540842775926308,0.));
#3164=DIRECTION('center_axis',(0.,0.,-1.));
#3165=DIRECTION('ref_axis',(-1.,0.,0.));
#3166=DIRECTION('center_axis',(0.,0.,-1.));
#3167=DIRECTION('ref_axis',(-1.,0.,0.));
#3168=DIRECTION('center_axis',(0.,0.,-1.));
#3169=DIRECTION('ref_axis',(-1.,0.,0.));
#3170=DIRECTION('center_axis',(0.,0.,-1.));
#3171=DIRECTION('ref_axis',(-1.,0.,0.));
#3172=DIRECTION('center_axis',(0.,0.,-1.));
#3173=DIRECTION('ref_axis',(1.,0.,0.));
#3174=DIRECTION('center_axis',(0.,0.,-1.));
#3175=DIRECTION('ref_axis',(1.,0.,0.));
#3176=DIRECTION('center_axis',(0.,0.,-1.));
#3177=DIRECTION('ref_axis',(1.,0.,0.));
#3178=DIRECTION('center_axis',(0.,0.,-1.));
#3179=DIRECTION('ref_axis',(1.,0.,0.));
#3180=DIRECTION('center_axis',(0.,0.,-1.));
#3181=DIRECTION('ref_axis',(1.,0.,0.));
#3182=DIRECTION('center_axis',(0.,0.,-1.));
#3183=DIRECTION('ref_axis',(1.,0.,0.));
#3184=DIRECTION('center_axis',(0.,0.,-1.));
#3185=DIRECTION('ref_axis',(-1.,0.,0.));
#3186=DIRECTION('center_axis',(0.,0.,-1.));
#3187=DIRECTION('ref_axis',(-1.,0.,0.));
#3188=DIRECTION('center_axis',(0.,0.,-1.));
#3189=DIRECTION('ref_axis',(-1.,0.,0.));
#3190=DIRECTION('center_axis',(0.,0.,-1.));
#3191=DIRECTION('ref_axis',(-1.,0.,0.));
#3192=DIRECTION('center_axis',(0.,0.,-1.));
#3193=DIRECTION('ref_axis',(-1.,0.,0.));
#3194=DIRECTION('center_axis',(0.,0.,-1.));
#3195=DIRECTION('ref_axis',(-1.,0.,0.));
#3196=DIRECTION('center_axis',(0.,0.,-1.));
#3197=DIRECTION('ref_axis',(-1.,0.,0.));
#3198=DIRECTION('center_axis',(0.,0.,-1.));
#3199=DIRECTION('ref_axis',(-1.,0.,0.));
#3200=DIRECTION('center_axis',(0.,0.,-1.));
#3201=DIRECTION('ref_axis',(-1.,0.,0.));
#3202=DIRECTION('center_axis',(0.,0.,-1.));
#3203=DIRECTION('ref_axis',(-1.,0.,0.));
#3204=DIRECTION('center_axis',(0.,0.,-1.));
#3205=DIRECTION('ref_axis',(-1.,0.,0.));
#3206=DIRECTION('center_axis',(-0.974467172527674,-0.224530019520599,0.));
#3207=DIRECTION('ref_axis',(0.,0.,1.));
#3208=DIRECTION('',(0.,0.,-1.));
#3209=DIRECTION('',(0.224530019520599,-0.974467172527674,0.));
#3210=DIRECTION('',(0.,0.,1.));
#3211=DIRECTION('center_axis',(0.,0.,1.));
#3212=DIRECTION('ref_axis',(-0.540842775926229,-0.841123707743642,0.));
#3213=DIRECTION('center_axis',(0.,0.,1.));
#3214=DIRECTION('ref_axis',(-0.540842775926229,-0.841123707743642,0.));
#3215=DIRECTION('',(0.,0.,1.));
#3216=DIRECTION('center_axis',(0.,0.,1.));
#3217=DIRECTION('ref_axis',(1.,0.,0.));
#3218=DIRECTION('center_axis',(0.,0.,1.));
#3219=DIRECTION('ref_axis',(-0.841123707743591,0.540842775926308,0.));
#3220=DIRECTION('',(-0.540842775926227,-0.841123707743643,0.));
#3221=DIRECTION('center_axis',(0.,0.,1.));
#3222=DIRECTION('ref_axis',(-0.212330683149109,0.977197871975493,0.));
#3223=DIRECTION('',(0.841123707743643,-0.540842775926227,0.));
#3224=DIRECTION('',(0.540842775926227,0.841123707743643,0.));
#3225=DIRECTION('',(-0.841123707743643,0.540842775926227,0.));
#3226=DIRECTION('',(0.540842775926227,0.841123707743643,0.));
#3227=DIRECTION('',(0.841123707743642,-0.540842775926228,0.));
#3228=DIRECTION('',(0.540842775926227,0.841123707743643,0.));
#3229=DIRECTION('',(-0.841123707743643,0.540842775926227,0.));
#3230=DIRECTION('center_axis',(0.,0.,1.));
#3231=DIRECTION('ref_axis',(-0.977197871975493,-0.212330683149111,0.));
#3232=DIRECTION('',(-0.540842775926227,-0.841123707743643,0.));
#3233=DIRECTION('center_axis',(0.,0.,1.));
#3234=DIRECTION('ref_axis',(0.540842775926229,0.841123707743642,0.));
#3235=DIRECTION('',(-0.84112370774359,0.540842775926308,0.));
#3236=DIRECTION('center_axis',(0.,0.,1.));
#3237=DIRECTION('ref_axis',(0.977197871975514,0.212330683149015,0.));
#3238=DIRECTION('',(-0.540842775926309,-0.84112370774359,0.));
#3239=DIRECTION('',(0.84112370774359,-0.540842775926309,0.));
#3240=DIRECTION('',(0.540842775926309,0.84112370774359,0.));
#3241=DIRECTION('',(0.84112370774359,-0.540842775926308,0.));
#3242=DIRECTION('',(-0.540842775926308,-0.84112370774359,0.));
#3243=DIRECTION('',(0.841123707743591,-0.540842775926308,0.));
#3244=DIRECTION('',(0.540842775926308,0.84112370774359,0.));
#3245=DIRECTION('center_axis',(0.,0.,1.));
#3246=DIRECTION('ref_axis',(-0.212330683149015,0.977197871975514,0.));
#3247=DIRECTION('',(-0.84112370774359,0.540842775926308,0.));
#3248=DIRECTION('center_axis',(0.,0.,1.));
#3249=DIRECTION('ref_axis',(0.841123707743591,-0.540842775926308,0.));
#3250=DIRECTION('',(0.540842775926227,0.841123707743643,0.));
#3251=DIRECTION('center_axis',(0.,0.,1.));
#3252=DIRECTION('ref_axis',(0.212330683149109,-0.977197871975493,0.));
#3253=DIRECTION('',(-0.841123707743643,0.540842775926227,0.));
#3254=DIRECTION('',(-0.540842775926228,-0.841123707743642,0.));
#3255=DIRECTION('',(0.841123707743643,-0.540842775926227,0.));
#3256=DIRECTION('',(-0.540842775926227,-0.841123707743643,0.));
#3257=DIRECTION('',(-0.841123707743642,0.540842775926228,0.));
#3258=DIRECTION('',(-0.540842775926228,-0.841123707743642,0.));
#3259=DIRECTION('',(0.841123707743642,-0.540842775926228,0.));
#3260=DIRECTION('center_axis',(0.,0.,1.));
#3261=DIRECTION('ref_axis',(0.977197871975493,0.212330683149109,0.));
#3262=DIRECTION('',(0.540842775926227,0.841123707743643,0.));
#3263=DIRECTION('',(0.540842775926308,0.841123707743591,0.));
#3264=DIRECTION('',(-0.841123707743591,0.540842775926307,0.));
#3265=DIRECTION('',(-0.540842775926307,-0.841123707743591,0.));
#3266=DIRECTION('center_axis',(0.,0.,1.));
#3267=DIRECTION('ref_axis',(-1.,0.,0.));
#3268=DIRECTION('center_axis',(0.,0.,1.));
#3269=DIRECTION('ref_axis',(-1.,0.,0.));
#3270=DIRECTION('center_axis',(0.,0.,1.));
#3271=DIRECTION('ref_axis',(-1.,0.,0.));
#3272=DIRECTION('center_axis',(0.,0.,1.));
#3273=DIRECTION('ref_axis',(-1.,0.,0.));
#3274=DIRECTION('center_axis',(0.,0.,1.));
#3275=DIRECTION('ref_axis',(1.,0.,0.));
#3276=DIRECTION('center_axis',(0.,0.,1.));
#3277=DIRECTION('ref_axis',(1.,0.,0.));
#3278=DIRECTION('center_axis',(0.,0.,1.));
#3279=DIRECTION('ref_axis',(1.,0.,0.));
#3280=DIRECTION('center_axis',(0.,0.,1.));
#3281=DIRECTION('ref_axis',(1.,0.,0.));
#3282=DIRECTION('center_axis',(0.,0.,1.));
#3283=DIRECTION('ref_axis',(1.,0.,0.));
#3284=DIRECTION('center_axis',(0.,0.,1.));
#3285=DIRECTION('ref_axis',(1.,0.,0.));
#3286=DIRECTION('center_axis',(0.,0.,1.));
#3287=DIRECTION('ref_axis',(-1.,0.,0.));
#3288=DIRECTION('center_axis',(0.,0.,1.));
#3289=DIRECTION('ref_axis',(-1.,0.,0.));
#3290=DIRECTION('center_axis',(0.,0.,1.));
#3291=DIRECTION('ref_axis',(-1.,0.,0.));
#3292=DIRECTION('center_axis',(0.,0.,1.));
#3293=DIRECTION('ref_axis',(-1.,0.,0.));
#3294=DIRECTION('center_axis',(0.,0.,1.));
#3295=DIRECTION('ref_axis',(-1.,0.,0.));
#3296=DIRECTION('center_axis',(0.,0.,1.));
#3297=DIRECTION('ref_axis',(-1.,0.,0.));
#3298=DIRECTION('center_axis',(0.,0.,1.));
#3299=DIRECTION('ref_axis',(-1.,0.,0.));
#3300=DIRECTION('center_axis',(0.,0.,1.));
#3301=DIRECTION('ref_axis',(-1.,0.,0.));
#3302=DIRECTION('center_axis',(0.,0.,1.));
#3303=DIRECTION('ref_axis',(-1.,0.,0.));
#3304=DIRECTION('center_axis',(0.,0.,1.));
#3305=DIRECTION('ref_axis',(-1.,0.,0.));
#3306=DIRECTION('center_axis',(0.,0.,1.));
#3307=DIRECTION('ref_axis',(-1.,0.,0.));
#3308=DIRECTION('center_axis',(-0.841123707743643,0.540842775926228,4.44089209850062E-16));
#3309=DIRECTION('ref_axis',(-9.34348463842194E-17,6.75795187984105E-16,
-1.));
#3310=DIRECTION('center_axis',(-0.841123707743643,0.540842775926227,5.74119453204167E-16));
#3311=DIRECTION('ref_axis',(-9.34348463842194E-17,6.75795187984105E-16,
-1.));
#3312=DIRECTION('',(-0.841123707743642,0.540842775926228,4.44089209850062E-16));
#3313=DIRECTION('center_axis',(0.841123707743643,-0.540842775926227,-5.81483050971463E-16));
#3314=DIRECTION('ref_axis',(-9.34348463842194E-17,6.75795187984105E-16,
-1.));
#3315=DIRECTION('center_axis',(-0.841123707743643,0.540842775926227,4.44089209850063E-16));
#3316=DIRECTION('ref_axis',(-9.34348463842197E-17,6.75795187984105E-16,
-1.));
#3317=DIRECTION('center_axis',(-0.841123707743643,0.540842775926227,5.74119453204167E-16));
#3318=DIRECTION('ref_axis',(-9.34348463842197E-17,6.75795187984105E-16,
-1.));
#3319=DIRECTION('',(-0.841123707743643,0.540842775926227,4.44089209850063E-16));
#3320=DIRECTION('center_axis',(0.841123707743643,-0.540842775926227,-5.81483050971463E-16));
#3321=DIRECTION('ref_axis',(-9.34348463842197E-17,6.75795187984105E-16,
-1.));
#3322=DIRECTION('center_axis',(-0.841123707743643,0.540842775926227,8.88178419700125E-16));
#3323=DIRECTION('ref_axis',(-4.66968809142249E-16,9.15977628998298E-16,
-1.));
#3324=DIRECTION('center_axis',(-0.841123707743643,0.540842775926227,5.74119453204167E-16));
#3325=DIRECTION('ref_axis',(-4.66968809142249E-16,9.15977628998298E-16,
-1.));
#3326=DIRECTION('',(-0.841123707743643,0.540842775926227,8.88178419700125E-16));
#3327=DIRECTION('center_axis',(0.841123707743643,-0.540842775926227,-5.81483050971463E-16));
#3328=DIRECTION('ref_axis',(-4.66968809142249E-16,9.15977628998298E-16,
-1.));
#3329=DIRECTION('center_axis',(-0.841123707743643,0.540842775926228,8.88178419700125E-16));
#3330=DIRECTION('ref_axis',(-4.66968809142248E-16,9.15977628998298E-16,
-1.));
#3331=DIRECTION('center_axis',(-0.841123707743643,0.540842775926227,5.74119453204167E-16));
#3332=DIRECTION('ref_axis',(-4.66968809142248E-16,9.15977628998298E-16,
-1.));
#3333=DIRECTION('',(-0.841123707743642,0.540842775926228,8.88178419700125E-16));
#3334=DIRECTION('center_axis',(0.841123707743643,-0.540842775926227,-5.81483050971463E-16));
#3335=DIRECTION('ref_axis',(-4.66968809142248E-16,9.15977628998298E-16,
-1.));
#3336=DIRECTION('center_axis',(-0.841123707743643,0.540842775926228,0.));
#3337=DIRECTION('ref_axis',(2.8009911637381E-16,4.35612746969912E-16,-1.));
#3338=DIRECTION('center_axis',(-0.841123707743643,0.540842775926227,5.74119453204167E-16));
#3339=DIRECTION('ref_axis',(2.8009911637381E-16,4.35612746969912E-16,-1.));
#3340=DIRECTION('',(-0.841123707743642,0.540842775926228,0.));
#3341=DIRECTION('center_axis',(0.841123707743643,-0.540842775926227,-5.81483050971463E-16));
#3342=DIRECTION('ref_axis',(2.8009911637381E-16,4.35612746969912E-16,-1.));
#3343=DIRECTION('center_axis',(-0.841123707743643,0.540842775926227,0.));
#3344=DIRECTION('ref_axis',(2.80099116373809E-16,4.35612746969912E-16,-1.));
#3345=DIRECTION('center_axis',(-0.841123707743643,0.540842775926227,5.74119453204167E-16));
#3346=DIRECTION('ref_axis',(2.80099116373809E-16,4.35612746969912E-16,-1.));
#3347=DIRECTION('',(-0.841123707743643,0.540842775926227,0.));
#3348=DIRECTION('center_axis',(0.841123707743643,-0.540842775926227,-5.81483050971463E-16));
#3349=DIRECTION('ref_axis',(2.80099116373809E-16,4.35612746969912E-16,-1.));
#3350=DIRECTION('center_axis',(-0.841123707743643,0.540842775926227,4.44089209850063E-16));
#3351=DIRECTION('ref_axis',(-9.34348463842197E-17,6.75795187984105E-16,
-1.));
#3352=DIRECTION('center_axis',(-0.841123707743643,0.540842775926227,5.74119453204167E-16));
#3353=DIRECTION('ref_axis',(-9.34348463842197E-17,6.75795187984105E-16,
-1.));
#3354=DIRECTION('',(-0.841123707743643,0.540842775926227,4.44089209850063E-16));
#3355=DIRECTION('center_axis',(0.841123707743643,-0.540842775926227,-5.81483050971463E-16));
#3356=DIRECTION('ref_axis',(-9.34348463842197E-17,6.75795187984105E-16,
-1.));
#3357=DIRECTION('center_axis',(-0.841123707743643,0.540842775926228,4.44089209850062E-16));
#3358=DIRECTION('ref_axis',(-9.34348463842194E-17,6.75795187984105E-16,
-1.));
#3359=DIRECTION('center_axis',(-0.841123707743643,0.540842775926227,5.74119453204167E-16));
#3360=DIRECTION('ref_axis',(-9.34348463842194E-17,6.75795187984105E-16,
-1.));
#3361=DIRECTION('',(-0.841123707743642,0.540842775926228,4.44089209850062E-16));
#3362=DIRECTION('center_axis',(0.841123707743643,-0.540842775926227,-5.81483050971463E-16));
#3363=DIRECTION('ref_axis',(-9.34348463842194E-17,6.75795187984105E-16,
-1.));
#3364=DIRECTION('center_axis',(-0.382433594413193,-0.594764277562302,-0.707106781186547));
#3365=DIRECTION('ref_axis',(-0.879595282528599,0.,0.475722754294383));
#3366=DIRECTION('',(0.382433594413191,0.594764277562301,-0.707106781186548));
#3367=DIRECTION('',(0.841123707743643,-0.540842775926227,-6.98253474607016E-16));
#3368=DIRECTION('',(-0.382433594413191,-0.594764277562301,0.707106781186548));
#3369=DIRECTION('',(-0.841123707743643,0.540842775926227,6.98253474607016E-16));
#3370=DIRECTION('center_axis',(-5.02587460652713E-16,5.09418371661722E-16,
-1.));
#3371=DIRECTION('ref_axis',(-1.,0.,5.02587460652713E-16));
#3372=DIRECTION('',(0.540842775926227,0.841123707743643,1.5666307219971E-16));
#3373=DIRECTION('',(-0.841123707743643,0.540842775926227,6.98253474607016E-16));
#3374=DIRECTION('',(0.540842775926227,0.841123707743643,1.5666307219971E-16));
#3375=DIRECTION('center_axis',(-0.841123707743643,0.540842775926227,5.81483050971463E-16));
#3376=DIRECTION('ref_axis',(0.292510908271588,0.454915680993432,0.841123707743643));
#3377=DIRECTION('',(-4.09612651409134E-16,4.24494051379413E-16,-1.));
#3378=DIRECTION('',(-0.382433594413186,-0.594764277562292,-0.707106781186559));
#3379=DIRECTION('',(-0.540842775926227,-0.841123707743643,1.89029301412579E-16));
#3380=DIRECTION('',(-0.382433594413185,-0.594764277562291,0.70710678118656));
#3381=DIRECTION('',(1.80867469490855E-16,-7.80240682577536E-16,1.));
#3382=DIRECTION('',(0.382433594413192,0.594764277562301,0.707106781186548));
#3383=DIRECTION('',(0.540842775926227,0.841123707743643,1.5666307219971E-16));
#3384=DIRECTION('',(-1.70115823181811E-15,8.340609431204E-16,-1.));
#3385=DIRECTION('',(-0.540842775926227,-0.841123707743643,-5.2793074931503E-33));
#3386=DIRECTION('',(-6.97205887449578E-17,-2.14953911064578E-16,-1.));
#3387=DIRECTION('center_axis',(0.382433594413191,0.594764277562302,-0.707106781186547));
#3388=DIRECTION('ref_axis',(-0.8795952825286,0.,-0.475722754294382));
#3389=DIRECTION('',(0.841123707743643,-0.540842775926227,-6.98253474607016E-16));
#3390=DIRECTION('',(-0.382433594413192,-0.594764277562301,-0.707106781186548));
#3391=DIRECTION('',(-0.841123707743643,0.540842775926227,6.98253474607016E-16));
#3392=DIRECTION('center_axis',(0.540842775926227,0.841123707743643,5.58458071587861E-16));
#3393=DIRECTION('ref_axis',(1.03257008588395E-15,0.,-1.));
#3394=DIRECTION('',(-0.841123707743643,0.540842775926227,9.99200776358228E-18));
#3395=DIRECTION('',(1.80867469490855E-16,-7.80240682577536E-16,1.));
#3396=DIRECTION('center_axis',(0.594764277562264,-0.382433594413249,-0.707106781186549));
#3397=DIRECTION('ref_axis',(-0.76528117627605,0.,-0.643696140455685));
#3398=DIRECTION('',(-0.594764277562265,0.38243359441325,-0.707106781186547));
#3399=DIRECTION('',(0.540842775926309,0.84112370774359,9.86076131526265E-32));
#3400=DIRECTION('',(0.594764277562265,-0.38243359441325,0.707106781186547));
#3401=DIRECTION('',(-0.540842775926309,-0.84112370774359,-9.86076131526265E-32));
#3402=DIRECTION('center_axis',(0.84112370774359,-0.540842775926309,-2.23275029257555E-15));
#3403=DIRECTION('ref_axis',(-2.65448503236837E-15,0.,-1.));
#3404=DIRECTION('',(-1.93609787460321E-15,1.11724237917369E-15,-1.));
#3405=DIRECTION('',(0.540842775926309,0.84112370774359,-5.66837531083196E-17));
#3406=DIRECTION('',(-1.93609787460321E-15,1.11724237917369E-15,-1.));
#3407=DIRECTION('center_axis',(-0.540842775926309,-0.84112370774359,1.0738549654658E-16));
#3408=DIRECTION('ref_axis',(0.707489091728325,-0.454915680993472,0.540842775926308));
#3409=DIRECTION('',(-0.84112370774359,0.540842775926309,1.80980818795644E-15));
#3410=DIRECTION('',(-8.55339563580364E-17,3.6574981502136E-17,1.));
#3411=DIRECTION('',(-0.84112370774359,0.540842775926309,-8.02563281528551E-33));
#3412=DIRECTION('',(1.32458104603158E-15,1.4707986331553E-15,-1.));
#3413=DIRECTION('',(-0.84112370774359,0.540842775926309,2.25389739780651E-15));
#3414=DIRECTION('',(0.594764277562263,-0.382433594413249,-0.707106781186549));
#3415=DIRECTION('',(1.66928790120464E-15,-9.45683492734958E-16,1.));
#3416=DIRECTION('',(-0.594764277562268,0.382433594413251,-0.707106781186544));
#3417=DIRECTION('',(0.84112370774359,-0.540842775926309,-1.93227286787118E-15));
#3418=DIRECTION('',(-0.594764277562259,0.382433594413246,0.707106781186554));
#3419=DIRECTION('center_axis',(-0.540842775926309,-0.84112370774359,1.0738549654658E-16));
#3420=DIRECTION('ref_axis',(0.84112370774359,-0.540842775926309,-1.99484947958819E-15));
#3421=DIRECTION('center_axis',(-0.540842775926309,-0.84112370774359,1.0738549654658E-16));
#3422=DIRECTION('ref_axis',(0.84112370774359,-0.540842775926309,-1.99484947958819E-15));
#3423=DIRECTION('center_axis',(-0.540842775926309,-0.84112370774359,1.0738549654658E-16));
#3424=DIRECTION('ref_axis',(0.84112370774359,-0.540842775926309,-1.99484947958819E-15));
#3425=DIRECTION('center_axis',(-0.540842775926309,-0.84112370774359,1.0738549654658E-16));
#3426=DIRECTION('ref_axis',(0.84112370774359,-0.540842775926309,-1.99484947958819E-15));
#3427=DIRECTION('center_axis',(-0.540842775926309,-0.84112370774359,1.0738549654658E-16));
#3428=DIRECTION('ref_axis',(0.84112370774359,-0.540842775926309,-1.99484947958819E-15));
#3429=DIRECTION('center_axis',(-0.540842775926309,-0.84112370774359,1.0738549654658E-16));
#3430=DIRECTION('ref_axis',(0.84112370774359,-0.540842775926309,-1.99484947958819E-15));
#3431=DIRECTION('center_axis',(-0.540842775926309,-0.84112370774359,1.0738549654658E-16));
#3432=DIRECTION('ref_axis',(0.84112370774359,-0.540842775926308,-1.99484947958819E-15));
#3433=DIRECTION('center_axis',(-0.540842775926309,-0.84112370774359,1.0738549654658E-16));
#3434=DIRECTION('ref_axis',(0.84112370774359,-0.540842775926309,-1.99484947958819E-15));
#3435=DIRECTION('',(0.84112370774359,-0.540842775926309,-2.09324631582591E-15));
#3436=DIRECTION('center_axis',(-0.594764277562265,0.38243359441325,-0.707106781186546));
#3437=DIRECTION('ref_axis',(-0.765281176276048,0.,0.643696140455688));
#3438=DIRECTION('',(-0.594764277562263,0.382433594413249,0.707106781186549));
#3439=DIRECTION('',(0.540842775926308,0.84112370774359,0.));
#3440=DIRECTION('',(-0.540842775926308,-0.84112370774359,0.));
#3441=DIRECTION('center_axis',(-0.84112370774359,0.540842775926308,1.91554371411122E-15));
#3442=DIRECTION('ref_axis',(2.27736264770123E-15,0.,1.));
#3443=DIRECTION('',(1.66928790120464E-15,-9.45683492734958E-16,1.));
#3444=DIRECTION('',(-0.540842775926308,-0.84112370774359,5.66837531083197E-17));
#3445=DIRECTION('center_axis',(0.382433594413192,0.594764277562302,-0.707106781186547));
#3446=DIRECTION('ref_axis',(-0.879595282528599,0.,-0.475722754294383));
#3447=DIRECTION('',(-0.382433594413191,-0.594764277562301,-0.707106781186548));
#3448=DIRECTION('',(-0.841123707743643,0.540842775926227,3.08148791101958E-33));
#3449=DIRECTION('',(0.382433594413191,0.594764277562301,0.707106781186548));
#3450=DIRECTION('',(0.841123707743643,-0.540842775926227,-3.08148791101958E-33));
#3451=DIRECTION('center_axis',(0.540842775926227,0.841123707743643,4.56099989827227E-16));
#3452=DIRECTION('ref_axis',(8.43313454720972E-16,0.,-1.));
#3453=DIRECTION('',(6.60152382322573E-16,1.17772620038629E-16,-1.));
#3454=DIRECTION('',(-0.841123707743643,0.540842775926227,-9.66985659986923E-17));
#3455=DIRECTION('',(6.60152382322573E-16,1.17772620038629E-16,-1.));
#3456=DIRECTION('center_axis',(0.841123707743643,-0.540842775926227,4.91573348745164E-16));
#3457=DIRECTION('ref_axis',(0.292510908271587,0.454915680993432,-0.841123707743643));
#3458=DIRECTION('',(-0.540842775926227,-0.841123707743643,-5.03399082082712E-17));
#3459=DIRECTION('',(-5.99208541745099E-17,-1.5011402563387E-17,1.));
#3460=DIRECTION('',(-0.540842775926227,-0.841123707743643,-1.60372261413712E-32));
#3461=DIRECTION('',(6.97205887449578E-17,9.37293495008602E-17,-1.));
#3462=DIRECTION('',(-0.540842775926227,-0.841123707743643,8.84379698698733E-17));
#3463=DIRECTION('',(0.382433594413192,0.594764277562301,-0.707106781186548));
#3464=DIRECTION('',(-4.31407200404294E-16,2.37974011159494E-16,1.));
#3465=DIRECTION('',(-0.382433594413191,-0.594764277562301,-0.707106781186549));
#3466=DIRECTION('',(0.540842775926227,0.841123707743643,2.44628937517674E-16));
#3467=DIRECTION('',(-0.382433594413189,-0.594764277562296,0.707106781186554));
#3468=DIRECTION('center_axis',(0.841123707743643,-0.540842775926227,4.91573348745164E-16));
#3469=DIRECTION('ref_axis',(-8.93712709808491E-17,-1.38991030590057E-16,
1.));
#3470=DIRECTION('center_axis',(0.841123707743643,-0.540842775926227,4.91573348745164E-16));
#3471=DIRECTION('ref_axis',(-4.62905233738878E-16,1.01191410424135E-16,
1.));
#3472=DIRECTION('center_axis',(0.841123707743643,-0.540842775926227,4.91573348745164E-16));
#3473=DIRECTION('ref_axis',(-4.62905233738878E-16,1.01191410424135E-16,
1.));
#3474=DIRECTION('center_axis',(0.841123707743643,-0.540842775926227,4.91573348745164E-16));
#3475=DIRECTION('ref_axis',(-8.36439196496907E-16,3.41373851438328E-16,
1.));
#3476=DIRECTION('center_axis',(0.841123707743643,-0.540842775926227,4.91573348745164E-16));
#3477=DIRECTION('ref_axis',(-8.93712709808494E-17,-1.38991030590057E-16,
1.));
#3478=DIRECTION('center_axis',(0.841123707743643,-0.540842775926227,4.91573348745164E-16));
#3479=DIRECTION('ref_axis',(-4.62905233738878E-16,1.01191410424135E-16,
1.));
#3480=DIRECTION('center_axis',(0.841123707743643,-0.540842775926227,4.91573348745164E-16));
#3481=DIRECTION('ref_axis',(-4.62905233738878E-16,1.01191410424135E-16,
1.));
#3482=DIRECTION('center_axis',(0.841123707743643,-0.540842775926227,4.91573348745164E-16));
#3483=DIRECTION('ref_axis',(-8.36439196496908E-16,3.41373851438328E-16,
1.));
#3484=DIRECTION('center_axis',(-0.382433594413192,-0.594764277562302,-0.707106781186547));
#3485=DIRECTION('ref_axis',(-0.879595282528599,0.,0.475722754294383));
#3486=DIRECTION('',(-0.382433594413192,-0.594764277562301,0.707106781186548));
#3487=DIRECTION('',(-0.841123707743643,0.540842775926228,-3.49126737303509E-16));
#3488=DIRECTION('',(0.841123707743643,-0.540842775926228,3.49126737303509E-16));
#3489=DIRECTION('center_axis',(-0.540842775926228,-0.841123707743643,-3.31578852081202E-17));
#3490=DIRECTION('ref_axis',(-6.13078082652305E-17,0.,1.));
#3491=DIRECTION('',(-4.31407200404294E-16,2.37974011159494E-16,1.));
#3492=DIRECTION('',(0.841123707743643,-0.540842775926228,9.66985659986923E-17));
#3493=DIRECTION('center_axis',(-0.382433594413198,-0.594764277562311,0.707106781186536));
#3494=DIRECTION('ref_axis',(0.879595282528593,0.,0.475722754294394));
#3495=DIRECTION('',(0.841123707743643,-0.540842775926227,-9.99200776358228E-18));
#3496=DIRECTION('',(0.382433594413186,0.594764277562292,0.707106781186559));
#3497=DIRECTION('',(-0.841123707743643,0.540842775926227,9.99200776358228E-18));
#3498=DIRECTION('center_axis',(-0.540842775926227,-0.841123707743643,-1.35515966968754E-16));
#3499=DIRECTION('ref_axis',(-2.50564439428213E-16,0.,1.));
#3500=DIRECTION('',(-4.09612651409134E-16,4.24494051379413E-16,-1.));
#3501=DIRECTION('center_axis',(-0.382433594413193,-0.594764277562302,0.707106781186546));
#3502=DIRECTION('ref_axis',(0.879595282528599,0.,0.475722754294384));
#3503=DIRECTION('',(0.382433594413191,0.594764277562301,0.707106781186549));
#3504=DIRECTION('',(-0.841123707743643,0.540842775926228,-9.66985659986923E-17));
#3505=DIRECTION('center_axis',(0.382433594413195,0.594764277562307,0.707106781186541));
#3506=DIRECTION('ref_axis',(0.879595282528596,0.,-0.475722754294389));
#3507=DIRECTION('',(0.382433594413189,0.594764277562296,-0.707106781186554));
#3508=DIRECTION('',(0.841123707743643,-0.540842775926227,9.66985659986923E-17));
#3509=DIRECTION('center_axis',(-0.594764277562261,0.382433594413247,0.707106781186551));
#3510=DIRECTION('ref_axis',(0.765281176276052,0.,0.643696140455682));
#3511=DIRECTION('',(0.594764277562268,-0.382433594413251,0.707106781186544));
#3512=DIRECTION('',(0.540842775926308,0.84112370774359,-5.66837531083197E-17));
#3513=DIRECTION('center_axis',(0.59476427756227,-0.382433594413253,0.707106781186541));
#3514=DIRECTION('ref_axis',(0.765281176276043,0.,-0.643696140455693));
#3515=DIRECTION('',(0.594764277562259,-0.382433594413246,-0.707106781186554));
#3516=DIRECTION('',(-0.540842775926309,-0.84112370774359,5.66837531083196E-17));
#3517=DIRECTION('center_axis',(0.382433594413199,0.594764277562312,0.707106781186535));
#3518=DIRECTION('ref_axis',(0.879595282528593,0.,-0.475722754294395));
#3519=DIRECTION('',(0.841123707743643,-0.540842775926227,-9.99200776358228E-18));
#3520=DIRECTION('',(0.382433594413185,0.594764277562291,-0.70710678118656));
#3521=DIRECTION('center_axis',(-0.540842775926309,-0.84112370774359,0.));
#3522=DIRECTION('ref_axis',(0.84112370774359,-0.540842775926309,-1.99484947958819E-15));
#3523=DIRECTION('',(-0.540842775926309,-0.84112370774359,0.));
#3524=DIRECTION('center_axis',(0.540842775926309,0.84112370774359,-1.09200321982021E-16));
#3525=DIRECTION('ref_axis',(0.84112370774359,-0.540842775926309,-1.99484947958819E-15));
#3526=DIRECTION('center_axis',(-0.540842775926309,-0.84112370774359,0.));
#3527=DIRECTION('ref_axis',(0.84112370774359,-0.540842775926309,-1.99484947958819E-15));
#3528=DIRECTION('',(-0.540842775926309,-0.84112370774359,0.));
#3529=DIRECTION('center_axis',(0.540842775926309,0.84112370774359,-1.09200321982021E-16));
#3530=DIRECTION('ref_axis',(0.84112370774359,-0.540842775926309,-1.99484947958819E-15));
#3531=DIRECTION('center_axis',(-0.540842775926309,-0.84112370774359,0.));
#3532=DIRECTION('ref_axis',(0.84112370774359,-0.540842775926309,-1.99484947958819E-15));
#3533=DIRECTION('',(-0.540842775926309,-0.84112370774359,0.));
#3534=DIRECTION('center_axis',(0.540842775926309,0.84112370774359,-1.09200321982021E-16));
#3535=DIRECTION('ref_axis',(0.84112370774359,-0.540842775926309,-1.99484947958819E-15));
#3536=DIRECTION('center_axis',(-0.540842775926309,-0.84112370774359,0.));
#3537=DIRECTION('ref_axis',(0.84112370774359,-0.540842775926309,-1.99484947958819E-15));
#3538=DIRECTION('',(-0.540842775926309,-0.84112370774359,0.));
#3539=DIRECTION('center_axis',(0.540842775926309,0.84112370774359,-1.09200321982021E-16));
#3540=DIRECTION('ref_axis',(0.84112370774359,-0.540842775926309,-1.99484947958819E-15));
#3541=DIRECTION('center_axis',(-0.540842775926309,-0.84112370774359,0.));
#3542=DIRECTION('ref_axis',(0.84112370774359,-0.540842775926309,-1.99484947958819E-15));
#3543=DIRECTION('',(-0.540842775926309,-0.84112370774359,0.));
#3544=DIRECTION('center_axis',(0.540842775926309,0.84112370774359,-1.09200321982021E-16));
#3545=DIRECTION('ref_axis',(0.84112370774359,-0.540842775926309,-1.99484947958819E-15));
#3546=DIRECTION('center_axis',(-0.540842775926309,-0.84112370774359,0.));
#3547=DIRECTION('ref_axis',(0.84112370774359,-0.540842775926309,-1.99484947958819E-15));
#3548=DIRECTION('',(-0.540842775926309,-0.84112370774359,0.));
#3549=DIRECTION('center_axis',(0.540842775926309,0.84112370774359,-1.09200321982021E-16));
#3550=DIRECTION('ref_axis',(0.84112370774359,-0.540842775926309,-1.99484947958819E-15));
#3551=DIRECTION('center_axis',(-0.540842775926309,-0.84112370774359,0.));
#3552=DIRECTION('ref_axis',(0.84112370774359,-0.540842775926308,-1.99484947958819E-15));
#3553=DIRECTION('',(-0.540842775926308,-0.84112370774359,0.));
#3554=DIRECTION('center_axis',(0.540842775926309,0.84112370774359,-1.09200321982021E-16));
#3555=DIRECTION('ref_axis',(0.84112370774359,-0.540842775926308,-1.99484947958819E-15));
#3556=DIRECTION('center_axis',(-1.7606791023881E-15,1.1321171481488E-15,
-1.));
#3557=DIRECTION('ref_axis',(0.84112370774359,-0.540842775926309,-2.09324631582591E-15));
#3558=DIRECTION('',(-0.84112370774359,0.540842775926309,2.09324631582591E-15));
#3559=DIRECTION('',(-0.540842775926309,-0.84112370774359,0.));
#3560=DIRECTION('',(-0.540842775926309,-0.84112370774359,0.));
#3561=DIRECTION('center_axis',(-0.540842775926309,-0.84112370774359,0.));
#3562=DIRECTION('ref_axis',(-1.30791188314092E-15,7.71471777612966E-16,
1.));
#3563=DIRECTION('center_axis',(0.540842775926309,0.84112370774359,-1.09200321982021E-16));
#3564=DIRECTION('ref_axis',(0.84112370774359,-0.540842775926309,-1.99484947958819E-15));
#3565=DIRECTION('center_axis',(0.841123707743643,-0.540842775926227,0.));
#3566=DIRECTION('ref_axis',(-8.93712709808491E-17,-1.38991030590057E-16,
1.));
#3567=DIRECTION('',(0.841123707743643,-0.540842775926227,0.));
#3568=DIRECTION('center_axis',(-0.841123707743643,0.540842775926227,-4.91573348745164E-16));
#3569=DIRECTION('ref_axis',(-8.93712709808491E-17,-1.38991030590057E-16,
1.));
#3570=DIRECTION('center_axis',(0.841123707743643,-0.540842775926227,4.44089209850063E-16));
#3571=DIRECTION('ref_axis',(-4.62905233738878E-16,1.01191410424135E-16,
1.));
#3572=DIRECTION('',(0.841123707743643,-0.540842775926227,4.44089209850063E-16));
#3573=DIRECTION('center_axis',(-0.841123707743643,0.540842775926227,-4.91573348745164E-16));
#3574=DIRECTION('ref_axis',(-4.62905233738878E-16,1.01191410424135E-16,
1.));
#3575=DIRECTION('center_axis',(0.841123707743643,-0.540842775926227,4.44089209850063E-16));
#3576=DIRECTION('ref_axis',(-4.62905233738878E-16,1.01191410424135E-16,
1.));
#3577=DIRECTION('',(0.841123707743643,-0.540842775926227,4.44089209850063E-16));
#3578=DIRECTION('center_axis',(-0.841123707743643,0.540842775926227,-4.91573348745164E-16));
#3579=DIRECTION('ref_axis',(-4.62905233738878E-16,1.01191410424135E-16,
1.));
#3580=DIRECTION('center_axis',(0.841123707743643,-0.540842775926228,8.88178419700125E-16));
#3581=DIRECTION('ref_axis',(-8.36439196496907E-16,3.41373851438328E-16,
1.));
#3582=DIRECTION('',(0.841123707743642,-0.540842775926228,8.88178419700125E-16));
#3583=DIRECTION('center_axis',(-0.841123707743643,0.540842775926227,-4.91573348745164E-16));
#3584=DIRECTION('ref_axis',(-8.36439196496907E-16,3.41373851438328E-16,
1.));
#3585=DIRECTION('center_axis',(0.841123707743643,-0.540842775926228,0.));
#3586=DIRECTION('ref_axis',(-8.93712709808494E-17,-1.38991030590057E-16,
1.));
#3587=DIRECTION('',(0.841123707743642,-0.540842775926228,0.));
#3588=DIRECTION('center_axis',(-0.841123707743643,0.540842775926227,-4.91573348745164E-16));
#3589=DIRECTION('ref_axis',(-8.93712709808494E-17,-1.38991030590057E-16,
1.));
#3590=DIRECTION('center_axis',(0.841123707743643,-0.540842775926228,4.44089209850062E-16));
#3591=DIRECTION('ref_axis',(-4.62905233738878E-16,1.01191410424135E-16,
1.));
#3592=DIRECTION('',(0.841123707743642,-0.540842775926228,4.44089209850062E-16));
#3593=DIRECTION('center_axis',(-0.841123707743643,0.540842775926227,-4.91573348745164E-16));
#3594=DIRECTION('ref_axis',(-4.62905233738878E-16,1.01191410424135E-16,
1.));
#3595=DIRECTION('center_axis',(0.841123707743643,-0.540842775926228,4.44089209850062E-16));
#3596=DIRECTION('ref_axis',(-4.62905233738878E-16,1.01191410424135E-16,
1.));
#3597=DIRECTION('',(0.841123707743642,-0.540842775926228,4.44089209850062E-16));
#3598=DIRECTION('center_axis',(-0.841123707743643,0.540842775926227,-4.91573348745164E-16));
#3599=DIRECTION('ref_axis',(-4.62905233738878E-16,1.01191410424135E-16,
1.));
#3600=DIRECTION('center_axis',(0.841123707743643,-0.540842775926227,8.88178419700125E-16));
#3601=DIRECTION('ref_axis',(-8.36439196496908E-16,3.41373851438328E-16,
1.));
#3602=DIRECTION('',(0.841123707743643,-0.540842775926227,8.88178419700125E-16));
#3603=DIRECTION('center_axis',(-0.841123707743643,0.540842775926227,-4.91573348745164E-16));
#3604=DIRECTION('ref_axis',(-8.36439196496908E-16,3.41373851438328E-16,
1.));
#3605=DIRECTION('center_axis',(-1.89580653611664E-15,1.21900412528275E-15,
-1.));
#3606=DIRECTION('ref_axis',(-1.,0.,1.89580653611664E-15));
#3607=DIRECTION('',(0.540842775926308,0.84112370774359,-1.97215226305253E-31));
#3608=DIRECTION('',(-0.84112370774359,0.540842775926309,2.25389739780651E-15));
#3609=DIRECTION('center_axis',(-1.52227257335863E-15,9.78821684268526E-16,
-1.));
#3610=DIRECTION('ref_axis',(-1.,0.,1.52227257335863E-15));
#3611=DIRECTION('',(-0.84112370774359,0.540842775926309,1.80980818795644E-15));
#3612=DIRECTION('',(-0.540842775926309,-0.84112370774359,-4.93038065763132E-31));
#3613=DIRECTION('center_axis',(-5.02587460652713E-16,5.09418371661722E-16,
-1.));
#3614=DIRECTION('ref_axis',(-1.,0.,5.02587460652713E-16));
#3615=DIRECTION('',(0.540842775926227,0.841123707743643,1.5666307219971E-16));
#3616=DIRECTION('',(0.841123707743643,-0.540842775926227,-6.98253474607016E-16));
#3617=DIRECTION('center_axis',(0.540842775926227,0.841123707743643,-3.33066907387547E-16));
#3618=DIRECTION('ref_axis',(0.841123707743643,-0.540842775926227,-5.33686777991509E-17));
#3619=DIRECTION('',(-1.70115823181811E-15,8.340609431204E-16,-1.));
#3620=DIRECTION('',(-0.841123707743643,0.540842775926227,5.33686777991509E-17));
#3621=DIRECTION('center_axis',(2.72259756952329E-17,4.23420902396157E-17,
-1.));
#3622=DIRECTION('ref_axis',(-1.,0.,-2.72259756952329E-17));
#3623=DIRECTION('',(-0.540842775926227,-0.841123707743643,-5.03399082082712E-17));
#3624=DIRECTION('',(0.841123707743643,-0.540842775926227,1.23259516440783E-32));
#3625=DIRECTION('center_axis',(2.45827738631466E-16,-2.63209946875565E-16,
-1.));
#3626=DIRECTION('ref_axis',(-1.,0.,-2.45827738631466E-16));
#3627=DIRECTION('',(-0.841123707743643,0.540842775926227,-3.49126737303509E-16));
#3628=DIRECTION('',(-0.540842775926227,-0.841123707743643,8.84379698698733E-17));
#3629=DIRECTION('center_axis',(0.,0.,1.));
#3630=DIRECTION('ref_axis',(0.977197871975493,0.212330683149109,0.));
#3631=DIRECTION('',(0.,0.,-1.));
#3632=DIRECTION('',(0.,0.,1.));
#3633=DIRECTION('center_axis',(0.841123707743643,-0.540842775926227,0.));
#3634=DIRECTION('ref_axis',(0.,0.,-1.));
#3635=DIRECTION('center_axis',(0.,0.,-1.));
#3636=DIRECTION('ref_axis',(0.212330683149109,-0.977197871975493,0.));
#3637=DIRECTION('',(0.,0.,1.));
#3638=DIRECTION('',(0.,0.,-1.));
#3639=DIRECTION('center_axis',(0.841123707743643,-0.540842775926227,0.));
#3640=DIRECTION('ref_axis',(0.,0.,-1.));
#3641=DIRECTION('',(0.,0.,1.));
#3642=DIRECTION('center_axis',(0.,0.,1.));
#3643=DIRECTION('ref_axis',(-0.212330683149015,0.977197871975514,0.));
#3644=DIRECTION('',(0.,0.,-1.));
#3645=DIRECTION('',(0.,0.,1.));
#3646=DIRECTION('center_axis',(0.540842775926309,0.84112370774359,0.));
#3647=DIRECTION('ref_axis',(0.,0.,-1.));
#3648=DIRECTION('',(0.,0.,1.));
#3649=DIRECTION('center_axis',(0.,0.,-1.));
#3650=DIRECTION('ref_axis',(0.977197871975514,0.212330683149015,0.));
#3651=DIRECTION('',(0.,0.,1.));
#3652=DIRECTION('',(0.,0.,-1.));
#3653=DIRECTION('center_axis',(0.540842775926309,0.84112370774359,0.));
#3654=DIRECTION('ref_axis',(0.,0.,-1.));
#3655=DIRECTION('',(0.,0.,1.));
#3656=DIRECTION('center_axis',(0.,0.,1.));
#3657=DIRECTION('ref_axis',(-0.977197871975493,-0.212330683149111,0.));
#3658=DIRECTION('',(0.,0.,-1.));
#3659=DIRECTION('',(0.,0.,1.));
#3660=DIRECTION('center_axis',(-0.841123707743643,0.540842775926227,0.));
#3661=DIRECTION('ref_axis',(0.,0.,1.));
#3662=DIRECTION('',(0.,0.,1.));
#3663=DIRECTION('center_axis',(0.,0.,-1.));
#3664=DIRECTION('ref_axis',(-0.212330683149109,0.977197871975493,0.));
#3665=DIRECTION('',(0.,0.,1.));
#3666=DIRECTION('',(0.,0.,-1.));
#3667=DIRECTION('center_axis',(-0.841123707743643,0.540842775926227,0.));
#3668=DIRECTION('ref_axis',(0.,0.,1.));
#3669=DIRECTION('',(0.,0.,1.));
#3670=DIRECTION('center_axis',(0.,0.,-1.));
#3671=DIRECTION('ref_axis',(-1.,0.,0.));
#3672=DIRECTION('',(0.,0.,-1.));
#3673=DIRECTION('center_axis',(0.,0.,-1.));
#3674=DIRECTION('ref_axis',(-1.,0.,0.));
#3675=DIRECTION('',(0.,0.,-1.));
#3676=DIRECTION('center_axis',(0.,0.,-1.));
#3677=DIRECTION('ref_axis',(-1.,0.,0.));
#3678=DIRECTION('',(0.,0.,-1.));
#3679=DIRECTION('center_axis',(0.,0.,-1.));
#3680=DIRECTION('ref_axis',(-1.,0.,0.));
#3681=DIRECTION('',(0.,0.,-1.));
#3682=DIRECTION('center_axis',(0.,0.,-1.));
#3683=DIRECTION('ref_axis',(1.,0.,0.));
#3684=DIRECTION('',(0.,0.,-1.));
#3685=DIRECTION('center_axis',(0.,0.,-1.));
#3686=DIRECTION('ref_axis',(1.,0.,0.));
#3687=DIRECTION('',(0.,0.,-1.));
#3688=DIRECTION('center_axis',(0.,0.,-1.));
#3689=DIRECTION('ref_axis',(1.,0.,0.));
#3690=DIRECTION('',(0.,0.,-1.));
#3691=DIRECTION('center_axis',(0.,0.,-1.));
#3692=DIRECTION('ref_axis',(1.,0.,0.));
#3693=DIRECTION('',(0.,0.,-1.));
#3694=DIRECTION('center_axis',(0.,0.,-1.));
#3695=DIRECTION('ref_axis',(1.,0.,0.));
#3696=DIRECTION('',(0.,0.,-1.));
#3697=DIRECTION('center_axis',(0.,0.,-1.));
#3698=DIRECTION('ref_axis',(1.,0.,0.));
#3699=DIRECTION('',(0.,0.,-1.));
#3700=DIRECTION('center_axis',(-0.841123707743591,0.540842775926307,0.));
#3701=DIRECTION('ref_axis',(0.540842775926307,0.841123707743591,0.));
#3702=DIRECTION('',(0.,0.,-1.));
#3703=DIRECTION('center_axis',(0.841123707743591,-0.540842775926308,0.));
#3704=DIRECTION('ref_axis',(-0.540842775926308,-0.841123707743591,0.));
#3705=DIRECTION('',(0.,0.,-1.));
#3706=DIRECTION('center_axis',(0.540842775926307,0.841123707743591,0.));
#3707=DIRECTION('ref_axis',(0.841123707743591,-0.540842775926307,0.));
#3708=DIRECTION('center_axis',(-0.540842775926227,-0.841123707743643,0.));
#3709=DIRECTION('ref_axis',(0.,0.,-1.));
#3710=DIRECTION('',(0.540842775926227,0.841123707743643,7.14318513863275E-33));
#3711=DIRECTION('center_axis',(-0.540842775926227,-0.841123707743643,0.));
#3712=DIRECTION('ref_axis',(3.49126737303506E-15,0.,-1.));
#3713=DIRECTION('center_axis',(0.540842775926227,0.841123707743643,0.));
#3714=DIRECTION('ref_axis',(0.841123707743642,-0.540842775926228,-1.92019705516929E-15));
#3715=DIRECTION('center_axis',(-0.540842775926227,-0.841123707743643,0.));
#3716=DIRECTION('ref_axis',(0.,0.,1.));
#3717=DIRECTION('',(0.841123707743643,-0.540842775926227,-5.33686777991509E-17));
#3718=DIRECTION('center_axis',(0.540842775926227,0.841123707743643,0.));
#3719=DIRECTION('ref_axis',(0.841123707743643,-0.540842775926226,0.));
#3720=DIRECTION('',(0.,0.,-1.));
#3721=DIRECTION('center_axis',(0.540842775926227,0.841123707743643,0.));
#3722=DIRECTION('ref_axis',(0.,0.,-1.));
#3723=DIRECTION('',(0.,0.,-1.));
#3724=DIRECTION('center_axis',(0.540842775926227,0.841123707743643,0.));
#3725=DIRECTION('ref_axis',(0.841123707743641,-0.54084277592623,-1.74563368651753E-15));
#3726=DIRECTION('center_axis',(-0.540842775926227,-0.841123707743643,1.66533453693773E-16));
#3727=DIRECTION('ref_axis',(-0.841123707743643,0.540842775926227,5.33686777991509E-17));
#3728=DIRECTION('',(8.81940588650416E-18,1.4104510758929E-16,1.));
#3729=DIRECTION('center_axis',(8.32667268468867E-17,1.11022302462516E-16,
1.));
#3730=DIRECTION('ref_axis',(0.841123707743643,-0.540842775926227,-5.33686777991509E-17));
#3731=DIRECTION('',(-0.540842775926227,-0.841123707743643,1.89029301412579E-16));
#3732=DIRECTION('center_axis',(-0.841123707743643,0.540842775926227,5.74119453204167E-16));
#3733=DIRECTION('ref_axis',(0.292510908271588,0.454915680993432,0.841123707743643));
#3734=DIRECTION('center_axis',(-0.540842775926227,-0.841123707743643,0.));
#3735=DIRECTION('ref_axis',(0.,0.,-1.));
#3736=DIRECTION('center_axis',(0.84112370774359,-0.540842775926309,0.));
#3737=DIRECTION('ref_axis',(0.,0.,-1.));
#3738=DIRECTION('center_axis',(0.84112370774359,-0.540842775926309,0.));
#3739=DIRECTION('ref_axis',(-4.1895208476421E-15,-4.1895208476421E-15,-1.));
#3740=DIRECTION('center_axis',(-0.84112370774359,0.540842775926309,0.));
#3741=DIRECTION('ref_axis',(0.540842775926309,0.84112370774359,0.));
#3742=DIRECTION('center_axis',(-0.84112370774359,0.540842775926309,-1.66533453693773E-16));
#3743=DIRECTION('ref_axis',(-0.540842775926308,-0.84112370774359,7.00376180171261E-17));
#3744=DIRECTION('',(-0.540842775926308,-0.84112370774359,7.00376180171261E-17));
#3745=DIRECTION('',(1.32458104603158E-15,1.4707986331553E-15,-1.));
#3746=DIRECTION('center_axis',(-0.540842775926309,-0.84112370774359,1.09200321982021E-16));
#3747=DIRECTION('ref_axis',(0.707489091728325,-0.454915680993472,0.540842775926308));
#3748=DIRECTION('',(0.84112370774359,-0.540842775926309,-1.93227286787118E-15));
#3749=DIRECTION('',(0.84112370774359,-0.540842775926309,8.98421334099918E-33));
#3750=DIRECTION('',(2.75566191846442E-16,-1.6063900991775E-16,-1.));
#3751=DIRECTION('center_axis',(0.84112370774359,-0.540842775926309,0.));
#3752=DIRECTION('ref_axis',(0.,0.,-1.));
#3753=DIRECTION('',(0.540842775926308,0.84112370774359,-7.00376180171261E-17));
#3754=DIRECTION('center_axis',(-0.84112370774359,0.540842775926309,0.));
#3755=DIRECTION('ref_axis',(0.540842775926308,0.841123707743591,0.));
#3756=DIRECTION('',(0.,0.,-1.));
#3757=DIRECTION('center_axis',(-0.84112370774359,0.540842775926309,0.));
#3758=DIRECTION('ref_axis',(0.,0.,1.));
#3759=DIRECTION('',(0.,0.,-1.));
#3760=DIRECTION('center_axis',(-0.84112370774359,0.540842775926309,0.));
#3761=DIRECTION('ref_axis',(0.54084277592631,0.841123707743589,0.));
#3762=DIRECTION('center_axis',(0.84112370774359,-0.540842775926309,0.));
#3763=DIRECTION('ref_axis',(0.540842775926308,0.84112370774359,-7.00376180171261E-17));
#3764=DIRECTION('center_axis',(-1.11022302462516E-16,1.38777878078145E-16,
1.));
#3765=DIRECTION('ref_axis',(0.540842775926308,0.84112370774359,-7.00376180171261E-17));
#3766=DIRECTION('center_axis',(0.84112370774359,-0.540842775926309,0.));
#3767=DIRECTION('ref_axis',(0.,0.,-1.));
#3768=DIRECTION('center_axis',(0.540842775926227,0.841123707743643,0.));
#3769=DIRECTION('ref_axis',(0.,0.,-1.));
#3770=DIRECTION('center_axis',(0.540842775926227,0.841123707743643,0.));
#3771=DIRECTION('ref_axis',(6.98253474607015E-15,-5.58602779685612E-15,
-1.));
#3772=DIRECTION('center_axis',(-0.540842775926227,-0.841123707743643,0.));
#3773=DIRECTION('ref_axis',(-0.841123707743642,0.540842775926228,1.74563368651754E-15));
#3774=DIRECTION('center_axis',(-0.540842775926227,-0.841123707743643,-1.11022302462516E-16));
#3775=DIRECTION('ref_axis',(0.841123707743643,-0.540842775926227,1.00060423143905E-16));
#3776=DIRECTION('',(0.841123707743643,-0.540842775926227,1.00060423143905E-16));
#3777=DIRECTION('',(6.97205887449578E-17,9.37293495008602E-17,-1.));
#3778=DIRECTION('center_axis',(0.841123707743643,-0.540842775926227,4.91573348745164E-16));
#3779=DIRECTION('ref_axis',(0.292510908271587,0.454915680993432,-0.841123707743643));
#3780=DIRECTION('',(0.540842775926227,0.841123707743643,-6.43549482182452E-16));
#3781=DIRECTION('',(0.540842775926227,0.841123707743643,1.92484492792193E-32));
#3782=DIRECTION('',(6.97205887449581E-17,9.372934950086E-17,-1.));
#3783=DIRECTION('center_axis',(0.540842775926227,0.841123707743643,0.));
#3784=DIRECTION('ref_axis',(0.,0.,-1.));
#3785=DIRECTION('',(-0.841123707743643,0.540842775926227,-1.00060423143905E-16));
#3786=DIRECTION('center_axis',(-0.540842775926227,-0.841123707743643,0.));
#3787=DIRECTION('ref_axis',(-0.841123707743643,0.540842775926226,0.));
#3788=DIRECTION('',(0.,0.,-1.));
#3789=DIRECTION('center_axis',(-0.540842775926227,-0.841123707743643,0.));
#3790=DIRECTION('ref_axis',(0.,0.,1.));
#3791=DIRECTION('',(0.,0.,-1.));
#3792=DIRECTION('center_axis',(-0.540842775926227,-0.841123707743643,0.));
#3793=DIRECTION('ref_axis',(-0.841123707743642,0.540842775926229,1.74563368651754E-15));
#3794=DIRECTION('center_axis',(0.540842775926227,0.841123707743643,0.));
#3795=DIRECTION('ref_axis',(-0.841123707743643,0.540842775926227,-1.00060423143905E-16));
#3796=DIRECTION('center_axis',(-2.22044604925031E-16,-1.66533453693773E-16,
1.));
#3797=DIRECTION('ref_axis',(0.841123707743643,-0.540842775926227,1.00060423143905E-16));
#3798=DIRECTION('center_axis',(0.540842775926227,0.841123707743643,0.));
#3799=DIRECTION('ref_axis',(0.,0.,-1.));
#3800=DIRECTION('center_axis',(-0.540842775926227,-0.841123707743643,0.));
#3801=DIRECTION('ref_axis',(0.,0.,1.));
#3802=DIRECTION('',(0.,0.,-1.));
#3803=DIRECTION('center_axis',(0.540842775926227,0.841123707743643,0.));
#3804=DIRECTION('ref_axis',(0.,0.,-1.));
#3805=DIRECTION('',(0.,0.,-1.));
#3806=DIRECTION('center_axis',(-0.841123707743643,0.540842775926228,0.));
#3807=DIRECTION('ref_axis',(0.,0.,1.));
#3808=DIRECTION('center_axis',(0.540842775926228,0.841123707743642,0.));
#3809=DIRECTION('ref_axis',(0.,0.,-1.));
#3810=DIRECTION('',(0.,0.,-1.));
#3811=DIRECTION('center_axis',(-0.841123707743642,0.540842775926228,0.));
#3812=DIRECTION('ref_axis',(0.,0.,1.));
#3813=DIRECTION('',(0.,0.,-1.));
#3814=DIRECTION('center_axis',(-0.540842775926228,-0.841123707743642,0.));
#3815=DIRECTION('ref_axis',(0.,0.,1.));
#3816=DIRECTION('center_axis',(0.84112370774359,-0.540842775926309,0.));
#3817=DIRECTION('ref_axis',(0.,0.,-1.));
#3818=DIRECTION('',(0.,0.,-1.));
#3819=DIRECTION('center_axis',(-0.84112370774359,0.540842775926309,0.));
#3820=DIRECTION('ref_axis',(0.,0.,1.));
#3821=DIRECTION('',(0.,0.,-1.));
#3822=DIRECTION('center_axis',(-0.540842775926309,-0.84112370774359,0.));
#3823=DIRECTION('ref_axis',(0.,0.,1.));
#3824=DIRECTION('center_axis',(-0.84112370774359,0.540842775926308,0.));
#3825=DIRECTION('ref_axis',(0.,0.,1.));
#3826=DIRECTION('',(0.,0.,-1.));
#3827=DIRECTION('center_axis',(-0.540842775926308,-0.841123707743591,0.));
#3828=DIRECTION('ref_axis',(0.,0.,1.));
#3829=DIRECTION('',(0.,0.,-1.));
#3830=DIRECTION('center_axis',(0.84112370774359,-0.540842775926308,0.));
#3831=DIRECTION('ref_axis',(0.,0.,-1.));
#3832=DIRECTION('center_axis',(0.540842775926227,0.841123707743643,0.));
#3833=DIRECTION('ref_axis',(0.,0.,-1.));
#3834=DIRECTION('',(0.,0.,-1.));
#3835=DIRECTION('center_axis',(-0.540842775926227,-0.841123707743643,0.));
#3836=DIRECTION('ref_axis',(0.,0.,1.));
#3837=DIRECTION('',(0.,0.,-1.));
#3838=DIRECTION('center_axis',(0.841123707743643,-0.540842775926227,0.));
#3839=DIRECTION('ref_axis',(0.,0.,-1.));
#3840=DIRECTION('center_axis',(-0.540842775926228,-0.841123707743642,0.));
#3841=DIRECTION('ref_axis',(0.,0.,1.));
#3842=DIRECTION('',(0.,0.,-1.));
#3843=DIRECTION('center_axis',(0.841123707743643,-0.540842775926227,0.));
#3844=DIRECTION('ref_axis',(0.,0.,-1.));
#3845=DIRECTION('',(0.,0.,-1.));
#3846=DIRECTION('center_axis',(0.540842775926227,0.841123707743643,0.));
#3847=DIRECTION('ref_axis',(0.,0.,-1.));
#3848=DIRECTION('center_axis',(0.,0.,1.));
#3849=DIRECTION('ref_axis',(-1.,0.,0.));
#3850=DIRECTION('',(0.,0.,1.));
#3851=DIRECTION('center_axis',(0.,0.,1.));
#3852=DIRECTION('ref_axis',(-1.,0.,0.));
#3853=DIRECTION('',(0.,0.,1.));
#3854=DIRECTION('center_axis',(0.,0.,1.));
#3855=DIRECTION('ref_axis',(-1.,0.,0.));
#3856=DIRECTION('',(0.,0.,1.));
#3857=DIRECTION('center_axis',(0.,0.,1.));
#3858=DIRECTION('ref_axis',(-1.,0.,0.));
#3859=DIRECTION('',(0.,0.,1.));
#3860=DIRECTION('center_axis',(0.,0.,1.));
#3861=DIRECTION('ref_axis',(-1.,0.,0.));
#3862=DIRECTION('',(0.,0.,1.));
#3863=DIRECTION('center_axis',(0.,0.,1.));
#3864=DIRECTION('ref_axis',(-1.,0.,0.));
#3865=DIRECTION('',(0.,0.,1.));
#3866=DIRECTION('center_axis',(0.,0.,1.));
#3867=DIRECTION('ref_axis',(-1.,0.,0.));
#3868=DIRECTION('',(0.,0.,1.));
#3869=DIRECTION('center_axis',(0.,0.,1.));
#3870=DIRECTION('ref_axis',(-1.,0.,0.));
#3871=DIRECTION('',(0.,0.,1.));
#3872=DIRECTION('center_axis',(0.,0.,1.));
#3873=DIRECTION('ref_axis',(-1.,0.,0.));
#3874=DIRECTION('',(0.,0.,1.));
#3875=DIRECTION('center_axis',(0.,0.,1.));
#3876=DIRECTION('ref_axis',(-1.,0.,0.));
#3877=DIRECTION('',(0.,0.,1.));
#3878=DIRECTION('center_axis',(0.,0.,1.));
#3879=DIRECTION('ref_axis',(-1.,0.,0.));
#3880=DIRECTION('',(0.,0.,1.));
#3881=DIRECTION('center_axis',(0.,0.,1.));
#3882=DIRECTION('ref_axis',(-0.841123707743591,0.540842775926308,0.));
#3883=DIRECTION('center_axis',(0.,0.,1.));
#3884=DIRECTION('ref_axis',(0.540842775926229,0.841123707743642,0.));
#3885=DIRECTION('center_axis',(0.,0.,1.));
#3886=DIRECTION('ref_axis',(0.841123707743591,-0.540842775926308,0.));
#3887=CARTESIAN_POINT('',(0.,0.,0.));
#3888=CARTESIAN_POINT('Origin',(-62.1440452090985,-33.5477200263811,1.59));
#3889=CARTESIAN_POINT('',(-61.4530619672636,-33.3975795604725,3.18));
#3890=CARTESIAN_POINT('',(-62.8350284509335,-33.6978604922897,3.18));
#3891=CARTESIAN_POINT('',(-30.7043077056209,-26.716328827541,3.18));
#3892=CARTESIAN_POINT('',(-62.8350284509335,-33.6978604922897,0.));
#3893=CARTESIAN_POINT('',(-62.8350284509335,-33.6978604922897,1.59));
#3894=CARTESIAN_POINT('',(-61.4530619672636,-33.3975795604725,0.));
#3895=CARTESIAN_POINT('',(-30.7043077056209,-26.716328827541,0.));
#3896=CARTESIAN_POINT('',(-61.4530619672636,-33.3975795604725,1.59));
#3897=CARTESIAN_POINT('Origin',(-2.27412149338868,-72.6385403589879,0.));
#3898=CARTESIAN_POINT('',(-70.405141820627,-28.8302755089522,3.18));
#3899=CARTESIAN_POINT('',(-70.405141820627,-28.8302755089522,3.18));
#3900=CARTESIAN_POINT('',(-70.405141820627,-28.8302755089522,0.));
#3901=CARTESIAN_POINT('',(-70.405141820627,-28.8302755089522,0.));
#3902=CARTESIAN_POINT('',(-70.405141820627,-28.8302755089522,0.));
#3903=CARTESIAN_POINT('Origin',(-3.61864371348891,0.153576384490757,3.18));
#3904=CARTESIAN_POINT('',(-53.340420328369,-20.7807239443186,3.18));
#3905=CARTESIAN_POINT('',(-45.6334107714284,-8.79471110898694,3.18));
#3906=CARTESIAN_POINT('',(6.37936292143568,-59.1805610350926,3.18));
#3907=CARTESIAN_POINT('',(-40.5132837852799,-29.0285762771943,3.18));
#3908=CARTESIAN_POINT('',(-1.73327871745895,-71.7974166512465,3.18));
#3909=CARTESIAN_POINT('',(18.4131146857867,-40.4655585378123,3.18));
#3910=CARTESIAN_POINT('',(-1.41973960849573,-73.1581860024477,3.18));
#3911=CARTESIAN_POINT('',(-9.57375358690198,-37.769515199078,3.18));
#3912=CARTESIAN_POINT('',(25.3652081800039,-66.6329217226501,3.18));
#3913=CARTESIAN_POINT('Origin',(8.54273402512966,-55.8160662041248,3.18));
#3914=CARTESIAN_POINT('',(28.7116899667875,-61.4284421702045,3.18));
#3915=CARTESIAN_POINT('',(25.3652081800039,-66.6329217226501,3.18));
#3916=CARTESIAN_POINT('',(26.910004375883,-53.1366432681852,3.18));
#3917=CARTESIAN_POINT('Origin',(23.6649477203257,-58.1833855146471,3.18));
#3918=CARTESIAN_POINT('',(25.2698131457829,-52.0819998551291,3.18));
#3919=CARTESIAN_POINT('',(3.16928772481659,-37.8713559176661,3.18));
#3920=CARTESIAN_POINT('',(26.9896931732283,-49.4072264645043,3.18));
#3921=CARTESIAN_POINT('',(33.7860501508361,-38.8374689774698,3.18));
#3922=CARTESIAN_POINT('',(28.3270798685407,-50.267166478227,3.18));
#3923=CARTESIAN_POINT('',(6.12982522118387,-35.9943256215325,3.18));
#3924=CARTESIAN_POINT('',(55.5125077789667,-7.98813653009653,3.18));
#3925=CARTESIAN_POINT('',(48.7161508013614,-18.5578940171272,3.18));
#3926=CARTESIAN_POINT('',(54.1751210836543,-7.12819651637382,3.18));
#3927=CARTESIAN_POINT('',(32.0745956626879,7.08244742108917,3.18));
#3928=CARTESIAN_POINT('',(55.8950011110997,-4.45342312574904,3.18));
#3929=CARTESIAN_POINT('',(48.2387041197717,-16.3605673080922,3.18));
#3930=CARTESIAN_POINT('',(57.5351923411998,-5.50806653880519,3.18));
#3931=CARTESIAN_POINT('',(37.1379424284143,7.6073707774072,3.18));
#3932=CARTESIAN_POINT('',(65.826991243219,-3.7063809479007,3.18));
#3933=CARTESIAN_POINT('Origin',(60.7802489967572,-0.461324292343329,3.18));
#3934=CARTESIAN_POINT('',(69.1734730300023,1.49809860454447,3.18));
#3935=CARTESIAN_POINT('',(25.3652081800039,-66.6329217226501,3.18));
#3936=CARTESIAN_POINT('',(63.1678543936491,29.1374282779338,3.18));
#3937=CARTESIAN_POINT('Origin',(52.3509988751291,12.3149541230715,3.18));
#3938=CARTESIAN_POINT('',(57.9633748411922,32.4839100647253,3.18));
#3939=CARTESIAN_POINT('',(63.1678543936491,29.1374282779338,3.18));
#3940=CARTESIAN_POINT('',(49.6715759391728,30.6822244738216,3.18));
#3941=CARTESIAN_POINT('Origin',(54.7183181856344,27.4371678182637,3.18));
#3942=CARTESIAN_POINT('',(48.6169325261165,29.0420332437216,3.18));
#3943=CARTESIAN_POINT('',(34.4062885886621,6.94150782277324,3.18));
#3944=CARTESIAN_POINT('',(45.9421591354919,30.7619132711672,3.18));
#3945=CARTESIAN_POINT('',(35.3724016484559,37.5582702487773,3.18));
#3946=CARTESIAN_POINT('',(46.8020991492148,32.0992999664795,3.18));
#3947=CARTESIAN_POINT('',(32.5292582925288,9.90204531914069,3.18));
#3948=CARTESIAN_POINT('',(4.52306920104588,59.284727876936,3.18));
#3949=CARTESIAN_POINT('',(15.0928266880943,52.4883708993179,3.18));
#3950=CARTESIAN_POINT('',(3.66312918732305,57.9473411816237,3.18));
#3951=CARTESIAN_POINT('',(-10.5475147501314,35.8468157606753,3.18));
#3952=CARTESIAN_POINT('',(0.988355796698431,59.6672212090693,3.18));
#3953=CARTESIAN_POINT('',(12.8954999790592,52.0109242177284,3.18));
#3954=CARTESIAN_POINT('',(2.04299920975473,61.3074124391693,3.18));
#3955=CARTESIAN_POINT('',(-11.0724381064489,40.9101625264017,3.18));
#3956=CARTESIAN_POINT('',(0.241313618851056,69.5992113411887,3.18));
#3957=CARTESIAN_POINT('Origin',(-3.00374303670682,64.5524690947272,3.18));
#3958=CARTESIAN_POINT('',(-4.96316593358908,72.9456931279695,3.18));
#3959=CARTESIAN_POINT('',(63.1678543936491,29.1374282779338,3.18));
#3960=CARTESIAN_POINT('',(-32.6024956069817,66.9400744916317,3.18));
#3961=CARTESIAN_POINT('Origin',(-15.7800214521075,56.1232189731062,3.18));
#3962=CARTESIAN_POINT('',(-35.9489773937703,61.7355949391783,3.18));
#3963=CARTESIAN_POINT('',(-32.6024956069817,66.9400744916317,3.18));
#3964=CARTESIAN_POINT('',(-34.1472918028658,53.4437960371591,3.18));
#3965=CARTESIAN_POINT('Origin',(-30.9022351473084,58.490538283621,3.18));
#3966=CARTESIAN_POINT('',(-32.5071005727657,52.389152624103,3.18));
#3967=CARTESIAN_POINT('',(-10.4065751517993,38.17850868664,3.18));
#3968=CARTESIAN_POINT('',(-34.2269806002111,49.7143792334782,3.18));
#3969=CARTESIAN_POINT('',(-41.0233375778164,39.1446217464475,3.18));
#3970=CARTESIAN_POINT('',(-35.5643672955235,50.5743192472009,3.18));
#3971=CARTESIAN_POINT('',(-13.3671126481666,36.3014783905064,3.18));
#3972=CARTESIAN_POINT('',(-62.7497952059494,8.29528929907038,3.18));
#3973=CARTESIAN_POINT('',(-55.9534382283417,18.8650467861049,3.18));
#3974=CARTESIAN_POINT('',(-61.412408510637,7.43534928534768,3.18));
#3975=CARTESIAN_POINT('',(-39.3118830896707,-6.77529465211531,3.18));
#3976=CARTESIAN_POINT('',(-63.1322885380824,4.7605758947229,3.18));
#3977=CARTESIAN_POINT('',(-55.475991546752,16.6677200770698,3.18));
#3978=CARTESIAN_POINT('',(-64.7724797681825,5.81521930777904,3.18));
#3979=CARTESIAN_POINT('',(-44.3752298553971,-7.30021800843334,3.18));
#3980=CARTESIAN_POINT('',(-73.0642786702018,4.01353371687455,3.18));
#3981=CARTESIAN_POINT('Origin',(-68.0175364237399,0.768477061317192,3.18));
#3982=CARTESIAN_POINT('',(-76.4107604569801,-1.19094583556297,3.18));
#3983=CARTESIAN_POINT('',(-32.6024956069817,66.9400744916317,3.18));
#3984=CARTESIAN_POINT('Origin',(-59.5882863021069,-12.00780135409,3.18));
#3985=CARTESIAN_POINT('',(22.6313562865078,25.1535763844666,3.18));
#3986=CARTESIAN_POINT('Origin',(21.3813562865078,25.1535763844666,3.18));
#3987=CARTESIAN_POINT('',(-27.3686437134922,-24.8464236155334,3.18));
#3988=CARTESIAN_POINT('Origin',(-28.6186437134922,-24.8464236155334,3.18));
#3989=CARTESIAN_POINT('',(-27.3686437134922,25.1535763844666,3.18));
#3990=CARTESIAN_POINT('Origin',(-28.6186437134922,25.1535763844666,3.18));
#3991=CARTESIAN_POINT('',(22.6313562865078,-24.8464236155334,3.18));
#3992=CARTESIAN_POINT('Origin',(21.3813562865078,-24.8464236155334,3.18));
#3993=CARTESIAN_POINT('',(18.0803733058922,10.5160271102604,3.18));
#3994=CARTESIAN_POINT('Origin',(18.8803733058922,10.5160271102604,3.18));
#3995=CARTESIAN_POINT('',(-47.8007543876511,-8.70522015448739,3.18));
#3996=CARTESIAN_POINT('Origin',(-46.5507543876511,-8.70522015448739,3.18));
#3997=CARTESIAN_POINT('',(-7.88007993856676,-29.8579108614345,3.18));
#3998=CARTESIAN_POINT('Origin',(-7.08007993856676,-29.8579108614345,3.18));
#3999=CARTESIAN_POINT('',(44.9963319536871,-6.79094171938146,3.18));
#4000=CARTESIAN_POINT('Origin',(45.7963319536871,-6.79094171938146,3.18));
#4001=CARTESIAN_POINT('',(-13.1868167283726,45.1266971411057,3.18));
#4002=CARTESIAN_POINT('Origin',(-11.9368167283726,45.1266971411057,3.18));
#4003=CARTESIAN_POINT('',(19.0358787092282,-47.1648796910763,3.18));
#4004=CARTESIAN_POINT('Origin',(19.8358787092282,-47.1648796910763,3.18));
#4005=CARTESIAN_POINT('',(63.4808432746077,2.71563414761782,3.18));
#4006=CARTESIAN_POINT('Origin',(61.3308432746076,2.71563414761782,3.18));
#4007=CARTESIAN_POINT('',(66.0567307445006,14.7172015775994,3.18));
#4008=CARTESIAN_POINT('Origin',(63.4067307445004,14.7172015775994,3.18));
#4009=CARTESIAN_POINT('',(13.5949814796844,-66.8717980734907,3.18));
#4010=CARTESIAN_POINT('Origin',(10.9449814796842,-66.8717980734907,3.18));
#4011=CARTESIAN_POINT('',(-4.03070147665751,65.1030633725769,3.18));
#4012=CARTESIAN_POINT('Origin',(-6.18070147665769,65.1030633725769,3.18));
#4013=CARTESIAN_POINT('',(-15.5322689066429,67.1789508424611,3.18));
#4014=CARTESIAN_POINT('Origin',(-18.1822689066431,67.1789508424611,3.18));
#4015=CARTESIAN_POINT('',(-66.4181307015852,-2.4084813786363,3.18));
#4016=CARTESIAN_POINT('Origin',(-68.5681307015854,-2.4084813786363,3.18));
#4017=CARTESIAN_POINT('',(-67.9940181714537,-14.4100488086351,3.18));
#4018=CARTESIAN_POINT('Origin',(-70.6440181714539,-14.4100488086351,3.18));
#4019=CARTESIAN_POINT('',(58.6876345696882,24.7751560071224,3.18));
#4020=CARTESIAN_POINT('Origin',(56.5376345696881,24.7751560071224,3.18));
#4021=CARTESIAN_POINT('',(23.1529359091856,-60.0027018986908,3.18));
#4022=CARTESIAN_POINT('Origin',(21.0029359091855,-60.0027018986908,3.18));
#4023=CARTESIAN_POINT('',(-26.0902233361631,60.3098546676723,3.18));
#4024=CARTESIAN_POINT('Origin',(-28.2402233361633,60.3098546676723,3.18));
#4025=CARTESIAN_POINT('',(-61.6249219966657,-24.4680032381409,3.18));
#4026=CARTESIAN_POINT('Origin',(-63.7749219966659,-24.4680032381409,3.18));
#4027=CARTESIAN_POINT('Origin',(-1.57650916297734,-72.4778013268471,0.));
#4028=CARTESIAN_POINT('',(-1.73327871745895,-71.7974166512465,0.));
#4029=CARTESIAN_POINT('',(-1.73327871745895,-71.7974166512465,0.));
#4030=CARTESIAN_POINT('',(-1.41973960849573,-73.1581860024477,0.));
#4031=CARTESIAN_POINT('',(-9.57375358690198,-37.769515199078,0.));
#4032=CARTESIAN_POINT('',(-1.41973960849573,-73.1581860024477,0.));
#4033=CARTESIAN_POINT('Origin',(8.54273402512966,-55.8160662041248,0.));
#4034=CARTESIAN_POINT('',(25.3652081800039,-66.6329217226501,0.));
#4035=CARTESIAN_POINT('Origin',(8.54273402512966,-55.8160662041248,0.));
#4036=CARTESIAN_POINT('',(25.3652081800039,-66.6329217226501,0.));
#4037=CARTESIAN_POINT('Origin',(-3.61864371348891,0.153576384490757,0.));
#4038=CARTESIAN_POINT('',(-76.4107604569801,-1.19094583556297,0.));
#4039=CARTESIAN_POINT('Origin',(-59.5882863021069,-12.00780135409,0.));
#4040=CARTESIAN_POINT('',(-73.0642786702018,4.01353371687455,0.));
#4041=CARTESIAN_POINT('',(-32.6024956069817,66.9400744916317,0.));
#4042=CARTESIAN_POINT('',(-64.7724797681825,5.81521930777904,2.77555756156289E-16));
#4043=CARTESIAN_POINT('Origin',(-68.0175364237399,0.768477061317192,0.));
#4044=CARTESIAN_POINT('',(-63.1322885380824,4.7605758947229,-3.33066907387547E-15));
#4045=CARTESIAN_POINT('',(-44.3752298553971,-7.30021800843334,2.77555756156289E-16));
#4046=CARTESIAN_POINT('',(-61.412408510637,7.43534928534768,-2.77555756156289E-15));
#4047=CARTESIAN_POINT('',(-55.475991546752,16.6677200770698,0.));
#4048=CARTESIAN_POINT('',(-62.7497952059494,8.29528929907038,-3.33066907387547E-15));
#4049=CARTESIAN_POINT('',(-39.3118830896707,-6.77529465211531,2.77555756156289E-16));
#4050=CARTESIAN_POINT('',(-35.5643672955235,50.5743192472009,3.88578058618805E-15));
#4051=CARTESIAN_POINT('',(-55.9534382283417,18.8650467861049,-2.77555756156289E-16));
#4052=CARTESIAN_POINT('',(-34.2269806002111,49.7143792334782,3.33066907387547E-15));
#4053=CARTESIAN_POINT('',(-13.3671126481666,36.3014783905064,0.));
#4054=CARTESIAN_POINT('',(-32.5071005727657,52.389152624103,2.77555756156289E-15));
#4055=CARTESIAN_POINT('',(-41.0233375778164,39.1446217464475,0.));
#4056=CARTESIAN_POINT('',(-34.1472918028658,53.4437960371591,0.));
#4057=CARTESIAN_POINT('',(-10.4065751517993,38.17850868664,0.));
#4058=CARTESIAN_POINT('',(-35.9489773937703,61.7355949391783,0.));
#4059=CARTESIAN_POINT('Origin',(-30.9022351473084,58.490538283621,0.));
#4060=CARTESIAN_POINT('',(-32.6024956069817,66.9400744916317,0.));
#4061=CARTESIAN_POINT('',(-32.6024956069817,66.9400744916317,0.));
#4062=CARTESIAN_POINT('',(-4.96316593358908,72.9456931279695,0.));
#4063=CARTESIAN_POINT('Origin',(-15.7800214521075,56.1232189731062,0.));
#4064=CARTESIAN_POINT('',(0.241313618851056,69.5992113411887,0.));
#4065=CARTESIAN_POINT('',(63.1678543936491,29.1374282779338,0.));
#4066=CARTESIAN_POINT('',(2.04299920975473,61.3074124391693,0.));
#4067=CARTESIAN_POINT('Origin',(-3.00374303670682,64.5524690947272,0.));
#4068=CARTESIAN_POINT('',(0.988355796698431,59.6672212090693,0.));
#4069=CARTESIAN_POINT('',(-11.0724381064489,40.9101625264017,0.));
#4070=CARTESIAN_POINT('',(3.66312918732305,57.9473411816237,0.));
#4071=CARTESIAN_POINT('',(12.8954999790592,52.0109242177284,0.));
#4072=CARTESIAN_POINT('',(4.52306920104588,59.284727876936,-5.55111512312578E-16));
#4073=CARTESIAN_POINT('',(-10.5475147501314,35.8468157606753,-2.77555756156289E-16));
#4074=CARTESIAN_POINT('',(46.8020991492148,32.0992999664795,5.55111512312578E-16));
#4075=CARTESIAN_POINT('',(15.0928266880943,52.4883708993179,0.));
#4076=CARTESIAN_POINT('',(45.9421591354919,30.7619132711672,5.55111512312578E-16));
#4077=CARTESIAN_POINT('',(32.5292582925288,9.90204531914069,0.));
#4078=CARTESIAN_POINT('',(48.6169325261165,29.0420332437216,5.55111512312578E-16));
#4079=CARTESIAN_POINT('',(35.3724016484559,37.5582702487773,0.));
#4080=CARTESIAN_POINT('',(49.6715759391728,30.6822244738216,0.));
#4081=CARTESIAN_POINT('',(34.4062885886621,6.94150782277324,0.));
#4082=CARTESIAN_POINT('',(57.9633748411922,32.4839100647253,0.));
#4083=CARTESIAN_POINT('Origin',(54.7183181856344,27.4371678182637,0.));
#4084=CARTESIAN_POINT('',(63.1678543936491,29.1374282779338,0.));
#4085=CARTESIAN_POINT('',(63.1678543936491,29.1374282779338,0.));
#4086=CARTESIAN_POINT('',(69.1734730300023,1.49809860454447,0.));
#4087=CARTESIAN_POINT('Origin',(52.3509988751291,12.3149541230715,0.));
#4088=CARTESIAN_POINT('',(65.826991243219,-3.7063809479007,0.));
#4089=CARTESIAN_POINT('',(25.3652081800039,-66.6329217226501,0.));
#4090=CARTESIAN_POINT('',(57.5351923411998,-5.50806653880519,0.));
#4091=CARTESIAN_POINT('Origin',(60.7802489967572,-0.461324292343329,0.));
#4092=CARTESIAN_POINT('',(55.8950011110997,-4.45342312574904,0.));
#4093=CARTESIAN_POINT('',(37.1379424284143,7.6073707774072,0.));
#4094=CARTESIAN_POINT('',(54.1751210836543,-7.12819651637382,0.));
#4095=CARTESIAN_POINT('',(48.2387041197717,-16.3605673080922,-2.77555756156289E-16));
#4096=CARTESIAN_POINT('',(55.5125077789667,-7.98813653009653,0.));
#4097=CARTESIAN_POINT('',(32.0745956626879,7.08244742108917,0.));
#4098=CARTESIAN_POINT('',(28.3270798685407,-50.267166478227,0.));
#4099=CARTESIAN_POINT('',(48.7161508013614,-18.5578940171272,0.));
#4100=CARTESIAN_POINT('',(26.9896931732283,-49.4072264645043,0.));
#4101=CARTESIAN_POINT('',(6.12982522118387,-35.9943256215325,2.77555756156289E-16));
#4102=CARTESIAN_POINT('',(25.2698131457829,-52.0819998551291,0.));
#4103=CARTESIAN_POINT('',(33.7860501508361,-38.8374689774698,0.));
#4104=CARTESIAN_POINT('',(26.910004375883,-53.1366432681852,2.77555756156289E-16));
#4105=CARTESIAN_POINT('',(3.16928772481659,-37.8713559176661,2.77555756156289E-16));
#4106=CARTESIAN_POINT('',(28.7116899667875,-61.4284421702045,0.));
#4107=CARTESIAN_POINT('Origin',(23.6649477203257,-58.1833855146471,0.));
#4108=CARTESIAN_POINT('',(25.3652081800039,-66.6329217226501,0.));
#4109=CARTESIAN_POINT('',(6.37936292143568,-59.1805610350926,0.));
#4110=CARTESIAN_POINT('',(18.4131146857867,-40.4655585378123,0.));
#4111=CARTESIAN_POINT('',(-53.340420328369,-20.7807239443186,0.));
#4112=CARTESIAN_POINT('',(-40.5132837852799,-29.0285762771943,0.));
#4113=CARTESIAN_POINT('',(-45.6334107714284,-8.79471110898694,0.));
#4114=CARTESIAN_POINT('',(22.6313562865078,25.1535763844666,0.));
#4115=CARTESIAN_POINT('Origin',(21.3813562865078,25.1535763844666,0.));
#4116=CARTESIAN_POINT('',(-27.3686437134922,-24.8464236155334,0.));
#4117=CARTESIAN_POINT('Origin',(-28.6186437134922,-24.8464236155334,0.));
#4118=CARTESIAN_POINT('',(-27.3686437134922,25.1535763844666,0.));
#4119=CARTESIAN_POINT('Origin',(-28.6186437134922,25.1535763844666,0.));
#4120=CARTESIAN_POINT('',(22.6313562865078,-24.8464236155334,0.));
#4121=CARTESIAN_POINT('Origin',(21.3813562865078,-24.8464236155334,0.));
#4122=CARTESIAN_POINT('',(18.0803733058922,10.5160271102604,0.));
#4123=CARTESIAN_POINT('Origin',(18.8803733058922,10.5160271102604,0.));
#4124=CARTESIAN_POINT('',(-47.8007543876511,-8.70522015448739,0.));
#4125=CARTESIAN_POINT('Origin',(-46.5507543876511,-8.70522015448739,0.));
#4126=CARTESIAN_POINT('',(-7.88007993856676,-29.8579108614345,0.));
#4127=CARTESIAN_POINT('Origin',(-7.08007993856676,-29.8579108614345,0.));
#4128=CARTESIAN_POINT('',(44.9963319536871,-6.79094171938146,0.));
#4129=CARTESIAN_POINT('Origin',(45.7963319536871,-6.79094171938146,0.));
#4130=CARTESIAN_POINT('',(-13.1868167283726,45.1266971411057,0.));
#4131=CARTESIAN_POINT('Origin',(-11.9368167283726,45.1266971411057,0.));
#4132=CARTESIAN_POINT('',(19.0358787092282,-47.1648796910763,0.));
#4133=CARTESIAN_POINT('Origin',(19.8358787092282,-47.1648796910763,0.));
#4134=CARTESIAN_POINT('',(63.4808432746077,2.71563414761782,0.));
#4135=CARTESIAN_POINT('Origin',(61.3308432746076,2.71563414761782,0.));
#4136=CARTESIAN_POINT('',(66.0567307445006,14.7172015775994,0.));
#4137=CARTESIAN_POINT('Origin',(63.4067307445004,14.7172015775994,0.));
#4138=CARTESIAN_POINT('',(13.5949814796844,-66.8717980734907,0.));
#4139=CARTESIAN_POINT('Origin',(10.9449814796842,-66.8717980734907,0.));
#4140=CARTESIAN_POINT('',(-4.03070147665751,65.1030633725769,0.));
#4141=CARTESIAN_POINT('Origin',(-6.18070147665769,65.1030633725769,0.));
#4142=CARTESIAN_POINT('',(-15.5322689066429,67.1789508424611,0.));
#4143=CARTESIAN_POINT('Origin',(-18.1822689066431,67.1789508424611,0.));
#4144=CARTESIAN_POINT('',(-66.4181307015852,-2.4084813786363,0.));
#4145=CARTESIAN_POINT('Origin',(-68.5681307015854,-2.4084813786363,0.));
#4146=CARTESIAN_POINT('',(-67.9940181714537,-14.4100488086351,0.));
#4147=CARTESIAN_POINT('Origin',(-70.6440181714539,-14.4100488086351,0.));
#4148=CARTESIAN_POINT('',(58.6876345696882,24.7751560071224,0.));
#4149=CARTESIAN_POINT('Origin',(56.5376345696881,24.7751560071224,0.));
#4150=CARTESIAN_POINT('',(23.1529359091856,-60.0027018986908,0.));
#4151=CARTESIAN_POINT('Origin',(21.0029359091855,-60.0027018986908,0.));
#4152=CARTESIAN_POINT('',(-26.0902233361631,60.3098546676723,0.));
#4153=CARTESIAN_POINT('Origin',(-28.2402233361633,60.3098546676723,0.));
#4154=CARTESIAN_POINT('',(-61.6249219966657,-24.4680032381409,0.));
#4155=CARTESIAN_POINT('Origin',(-63.7749219966659,-24.4680032381409,0.));
#4156=CARTESIAN_POINT('Origin',(40.2383845179624,-43.5020197597199,15.9999999999999));
#4157=CARTESIAN_POINT('',(40.2383845179624,-43.5020197597199,17.6499999999999));
#4158=CARTESIAN_POINT('Origin',(40.2383845179624,-43.5020197597199,15.9999999999999));
#4159=CARTESIAN_POINT('',(37.5636111273376,-41.7821397322745,17.6499999999999));
#4160=CARTESIAN_POINT('',(40.2383845179624,-43.5020197597199,17.6499999999999));
#4161=CARTESIAN_POINT('Origin',(37.5636111273376,-41.7821397322745,15.9999999999999));
#4162=CARTESIAN_POINT('Origin',(68.3622088661262,0.236413042949477,16.));
#4163=CARTESIAN_POINT('',(68.3622088661262,0.236413042949475,17.65));
#4164=CARTESIAN_POINT('Origin',(68.3622088661262,0.236413042949476,16.));
#4165=CARTESIAN_POINT('',(65.6874354755014,1.95629307039488,17.65));
#4166=CARTESIAN_POINT('',(68.3622088661262,0.236413042949476,17.65));
#4167=CARTESIAN_POINT('Origin',(65.6874354755014,1.95629307039488,16.));
#4168=CARTESIAN_POINT('Origin',(62.4845828879952,-8.90452546175599,24.9999999999999));
#4169=CARTESIAN_POINT('',(62.4845828879952,-8.90452546175599,26.6499999999999));
#4170=CARTESIAN_POINT('Origin',(62.4845828879952,-8.90452546175599,24.9999999999999));
#4171=CARTESIAN_POINT('',(59.8098094973705,-7.18464543431059,26.6499999999999));
#4172=CARTESIAN_POINT('',(62.4845828879952,-8.90452546175599,26.6499999999999));
#4173=CARTESIAN_POINT('Origin',(59.8098094973705,-7.18464543431059,24.9999999999999));
#4174=CARTESIAN_POINT('Origin',(32.1973874361265,-56.0074530954,24.9999999999999));
#4175=CARTESIAN_POINT('',(32.1973874361265,-56.0074530954,26.6499999999999));
#4176=CARTESIAN_POINT('Origin',(32.1973874361265,-56.0074530954,24.9999999999999));
#4177=CARTESIAN_POINT('',(29.5226140455017,-54.2875730679546,26.6499999999999));
#4178=CARTESIAN_POINT('',(32.1973874361265,-56.0074530954,26.6499999999999));
#4179=CARTESIAN_POINT('Origin',(29.5226140455017,-54.2875730679546,24.9999999999999));
#4180=CARTESIAN_POINT('Origin',(32.1973874361263,-56.0074530954004,44.9999999999999));
#4181=CARTESIAN_POINT('',(32.1973874361262,-56.0074530954004,46.6499999999999));
#4182=CARTESIAN_POINT('Origin',(32.1973874361262,-56.0074530954004,44.9999999999999));
#4183=CARTESIAN_POINT('',(29.5226140455014,-54.287573067955,46.6499999999999));
#4184=CARTESIAN_POINT('',(32.1973874361263,-56.0074530954004,46.6499999999999));
#4185=CARTESIAN_POINT('Origin',(29.5226140455014,-54.287573067955,44.9999999999999));
#4186=CARTESIAN_POINT('Origin',(62.484582887995,-8.90452546175643,44.9999999999999));
#4187=CARTESIAN_POINT('',(62.484582887995,-8.90452546175642,46.6499999999999));
#4188=CARTESIAN_POINT('Origin',(62.484582887995,-8.90452546175642,44.9999999999999));
#4189=CARTESIAN_POINT('',(59.8098094973702,-7.18464543431102,46.6499999999999));
#4190=CARTESIAN_POINT('',(62.484582887995,-8.90452546175643,46.6499999999999));
#4191=CARTESIAN_POINT('Origin',(59.8098094973702,-7.18464543431102,44.9999999999999));
#4192=CARTESIAN_POINT('Origin',(54.3002966920443,-21.6328033583852,16.));
#4193=CARTESIAN_POINT('',(54.3002966920443,-21.6328033583852,17.65));
#4194=CARTESIAN_POINT('Origin',(54.3002966920443,-21.6328033583852,16.));
#4195=CARTESIAN_POINT('',(51.6255233014195,-19.9129233309398,17.65));
#4196=CARTESIAN_POINT('',(54.3002966920443,-21.6328033583852,17.65));
#4197=CARTESIAN_POINT('Origin',(51.6255233014195,-19.9129233309398,16.));
#4198=CARTESIAN_POINT('Origin',(26.1764723438804,-65.3712361610546,15.9999999999999));
#4199=CARTESIAN_POINT('',(26.1764723438804,-65.3712361610546,17.6499999999999));
#4200=CARTESIAN_POINT('Origin',(26.1764723438804,-65.3712361610546,15.9999999999999));
#4201=CARTESIAN_POINT('',(23.5016989532557,-63.6513561336092,17.6499999999999));
#4202=CARTESIAN_POINT('',(26.1764723438804,-65.3712361610546,17.6499999999999));
#4203=CARTESIAN_POINT('Origin',(23.5016989532557,-63.6513561336092,15.9999999999999));
#4204=CARTESIAN_POINT('Origin',(23.9414566831182,-68.8471532725034,9.99999999999991));
#4205=CARTESIAN_POINT('',(20.184997740641,-68.8095206605453,11.9999999999999));
#4206=CARTESIAN_POINT('',(22.3483688443459,-65.4450258295707,7.99999999999992));
#4207=CARTESIAN_POINT('',(25.126808477715,-61.1239707093298,2.86275909184341));
#4208=CARTESIAN_POINT('',(25.0231422349707,-67.1649058570161,7.99999999999992));
#4209=CARTESIAN_POINT('',(25.0231422349707,-67.1649058570161,7.99999999999991));
#4210=CARTESIAN_POINT('',(22.8597711312658,-70.5294006879907,11.9999999999999));
#4211=CARTESIAN_POINT('',(27.8015818683398,-62.8438507367752,2.86275909184341));
#4212=CARTESIAN_POINT('',(22.8597711312658,-70.5294006879907,11.9999999999999));
#4213=CARTESIAN_POINT('Origin',(22.8597711312658,-70.5294006879907,7.99999999999991));
#4214=CARTESIAN_POINT('',(31.0018532591655,-51.9870465056724,7.99999999999992));
#4215=CARTESIAN_POINT('',(20.184997740641,-68.8095206605453,7.99999999999992));
#4216=CARTESIAN_POINT('',(33.6766266497903,-53.7069265331178,7.99999999999992));
#4217=CARTESIAN_POINT('',(32.339239954478,-52.8469865193951,7.99999999999991));
#4218=CARTESIAN_POINT('',(22.8597711312658,-70.5294006879907,7.99999999999991));
#4219=CARTESIAN_POINT('Origin',(44.5945672143785,-30.8475315316072,24.5835047301704));
#4220=CARTESIAN_POINT('',(20.184997740641,-68.8095206605453,45.9999999999999));
#4221=CARTESIAN_POINT('',(20.184997740641,-68.8095206605453,49.9999999999999));
#4222=CARTESIAN_POINT('',(22.3483688443459,-65.4450258295707,49.9999999999999));
#4223=CARTESIAN_POINT('',(23.9324936969151,-62.9813801476257,52.9289932732415));
#4224=CARTESIAN_POINT('',(66.8407655844112,3.74996276635634,49.9999999999999));
#4225=CARTESIAN_POINT('',(69.0041366881161,7.11445759733093,49.9999999999999));
#4226=CARTESIAN_POINT('',(69.0041366881161,7.11445759733093,45.9999999999999));
#4227=CARTESIAN_POINT('',(65.256640731842,1.28631708441136,52.9289932732415));
#4228=CARTESIAN_POINT('',(69.0041366881161,7.11445759733096,11.9999999999999));
#4229=CARTESIAN_POINT('',(69.0041366881161,7.11445759733096,7.99999999999988));
#4230=CARTESIAN_POINT('',(66.8407655844112,3.74996276635637,7.99999999999988));
#4231=CARTESIAN_POINT('',(64.062325951042,-0.57109235388455,2.86275909184338));
#4232=CARTESIAN_POINT('',(58.1872811695915,-9.7080165575419,7.99999999999988));
#4233=CARTESIAN_POINT('',(58.1872811695915,-9.70801655754189,7.99999999999988));
#4234=CARTESIAN_POINT('',(58.1872811695915,-9.70801655754194,6.36000000000001));
#4235=CARTESIAN_POINT('',(58.1872811695915,-9.70801655754192,-8.0259810793184));
#4236=CARTESIAN_POINT('',(31.0018532591656,-51.9870465056724,6.36));
#4237=CARTESIAN_POINT('',(44.5945672143785,-30.8475315316072,6.36));
#4238=CARTESIAN_POINT('',(31.0018532591656,-51.9870465056724,-8.0259810793184));
#4239=CARTESIAN_POINT('Origin',(70.5972245268884,3.71233015439825,9.99999999999988));
#4240=CARTESIAN_POINT('',(71.6789100787408,5.39457756988553,11.9999999999999));
#4241=CARTESIAN_POINT('',(71.6789100787408,5.39457756988553,11.9999999999999));
#4242=CARTESIAN_POINT('',(69.5155389750359,2.03008273891097,7.99999999999988));
#4243=CARTESIAN_POINT('',(66.7370993416668,-2.29097238132995,2.86275909184338));
#4244=CARTESIAN_POINT('',(69.5155389750359,2.03008273891097,7.99999999999988));
#4245=CARTESIAN_POINT('Origin',(71.6789100787408,5.39457756988554,7.99999999999988));
#4246=CARTESIAN_POINT('',(71.6789100787408,5.39457756988551,45.9999999999999));
#4247=CARTESIAN_POINT('',(70.3415233834285,6.25451758360821,45.9999999999999));
#4248=CARTESIAN_POINT('',(71.6789100787408,5.39457756988554,7.99999999999988));
#4249=CARTESIAN_POINT('Origin',(65.3820859434906,27.7136767810553,10.));
#4250=CARTESIAN_POINT('',(65.3444533315321,23.957217838578,12.));
#4251=CARTESIAN_POINT('',(61.9799585005578,26.1205889422833,8.00000000000001));
#4252=CARTESIAN_POINT('',(57.6589033803119,28.8990285756561,2.86275909183737));
#4253=CARTESIAN_POINT('',(63.6998385280034,28.7953623329079,8.00000000000001));
#4254=CARTESIAN_POINT('',(63.6998385280034,28.7953623329079,8.00000000000001));
#4255=CARTESIAN_POINT('',(67.0643333589778,26.6319912292026,12.));
#4256=CARTESIAN_POINT('',(59.3787834077576,31.5738019662807,2.86275909183737));
#4257=CARTESIAN_POINT('',(67.0643333589778,26.6319912292026,12.));
#4258=CARTESIAN_POINT('Origin',(67.0643333589779,26.6319912292026,50.));
#4259=CARTESIAN_POINT('',(67.0643333589779,26.6319912292026,46.));
#4260=CARTESIAN_POINT('',(67.0643333589779,26.6319912292026,50.));
#4261=CARTESIAN_POINT('',(65.3444533315322,23.957217838578,46.));
#4262=CARTESIAN_POINT('',(66.204393345255,25.2946045338903,46.));
#4263=CARTESIAN_POINT('',(65.3444533315322,23.957217838578,50.));
#4264=CARTESIAN_POINT('Origin',(29.1023442300216,51.041560702957,24.5835047301704));
#4265=CARTESIAN_POINT('',(50.241859204106,37.4488467477288,8.00000000000003));
#4266=CARTESIAN_POINT('',(67.0643333589778,26.6319912292026,8.));
#4267=CARTESIAN_POINT('',(50.2418592041061,37.4488467477288,6.35999999999999));
#4268=CARTESIAN_POINT('',(50.2418592041061,37.4488467477288,6.35999999999999));
#4269=CARTESIAN_POINT('',(7.9628292559371,64.6342746581852,6.35999999999999));
#4270=CARTESIAN_POINT('',(29.1023442300216,51.041560702957,6.35999999999999));
#4271=CARTESIAN_POINT('',(7.9628292559371,64.6342746581852,8.00000000000001));
#4272=CARTESIAN_POINT('',(7.96282925593712,64.6342746581852,-8.0259810793184));
#4273=CARTESIAN_POINT('',(-5.49515006796034,73.2877590730062,8.00000000000004));
#4274=CARTESIAN_POINT('',(7.9628292559371,64.6342746581852,8.00000000000001));
#4275=CARTESIAN_POINT('',(-8.85964489893469,75.4511301767114,12.));
#4276=CARTESIAN_POINT('',(-1.17409494771453,70.5093194396333,2.86275909183739));
#4277=CARTESIAN_POINT('',(-8.85964489893463,75.4511301767114,46.));
#4278=CARTESIAN_POINT('',(-8.85964489893469,75.4511301767114,8.00000000000005));
#4279=CARTESIAN_POINT('',(-5.49515006796026,73.2877590730061,50.));
#4280=CARTESIAN_POINT('',(-3.03150438600992,71.7036342204332,52.9289932732479));
#4281=CARTESIAN_POINT('',(63.6998385280035,28.7953623329078,49.9999999999999));
#4282=CARTESIAN_POINT('',(-8.85964489893463,75.4511301767114,50.0000000000001));
#4283=CARTESIAN_POINT('',(61.2361928460534,30.3794871854806,52.9289932732478));
#4284=CARTESIAN_POINT('',(4.05160401492948,67.1491935662426,45.));
#4285=CARTESIAN_POINT('Origin',(5.4394581327064,66.2568029859641,45.));
#4286=CARTESIAN_POINT('',(16.779881911578,58.9649073702774,16.));
#4287=CARTESIAN_POINT('Origin',(18.1677360293549,58.072516789999,16.));
#4288=CARTESIAN_POINT('',(60.5183147142446,30.8410830221094,15.9999999999999));
#4289=CARTESIAN_POINT('Origin',(61.9061688320216,29.948692441831,15.9999999999999));
#4290=CARTESIAN_POINT('',(4.05160401492944,67.1491935662426,25.));
#4291=CARTESIAN_POINT('Origin',(5.43945813270636,66.2568029859642,25.));
#4292=CARTESIAN_POINT('',(51.1545316485705,36.8619981143692,45.));
#4293=CARTESIAN_POINT('Origin',(52.5423857663474,35.9696075340908,45.));
#4294=CARTESIAN_POINT('',(-5.08933448975537,73.0268195443615,16.));
#4295=CARTESIAN_POINT('Origin',(-3.70148037197845,72.1344289640831,16.));
#4296=CARTESIAN_POINT('',(38.6490983129113,44.9029951961934,15.9999999999999));
#4297=CARTESIAN_POINT('Origin',(40.0369524306882,44.010604615915,15.9999999999999));
#4298=CARTESIAN_POINT('',(53.6463105647381,35.25978358444,23.9999999999999));
#4299=CARTESIAN_POINT('',(51.4384609679567,36.6794314837417,23.9999999999999));
#4300=CARTESIAN_POINT('Origin',(52.5423857663474,35.9696075340908,25.));
#4301=CARTESIAN_POINT('',(40.2704025989892,43.8604960933493,23.9999999999999));
#4302=CARTESIAN_POINT('Origin',(-7.17739748344751,74.3694446248588,10.));
#4303=CARTESIAN_POINT('',(-7.215030095406,70.6129856823816,8.00000000000004));
#4304=CARTESIAN_POINT('',(-10.5795249263804,72.7763567860868,12.));
#4305=CARTESIAN_POINT('',(-2.8939749751602,67.8345460490087,2.86275909183739));
#4306=CARTESIAN_POINT('',(-8.85964489893469,75.4511301767114,12.));
#4307=CARTESIAN_POINT('',(-5.49515006796033,73.2877590730062,8.00000000000004));
#4308=CARTESIAN_POINT('Origin',(-8.8596448989347,75.4511301767114,8.00000000000005));
#4309=CARTESIAN_POINT('',(-10.5795249263803,72.7763567860868,46.));
#4310=CARTESIAN_POINT('',(-10.5795249263804,72.7763567860868,8.00000000000005));
#4311=CARTESIAN_POINT('',(-9.71958491265747,74.1137434813991,46.));
#4312=CARTESIAN_POINT('Origin',(-31.178744110101,69.1543060414773,9.99999999999995));
#4313=CARTESIAN_POINT('',(-27.4222851676237,69.1166734295191,11.9999999999999));
#4314=CARTESIAN_POINT('',(-29.5856562713286,65.7521785985446,7.99999999999995));
#4315=CARTESIAN_POINT('',(-32.3640959046978,61.4311234783036,2.86275909184344));
#4316=CARTESIAN_POINT('',(-32.2604296619534,67.47205862599,7.99999999999995));
#4317=CARTESIAN_POINT('',(-32.2604296619534,67.47205862599,7.99999999999995));
#4318=CARTESIAN_POINT('',(-30.0970585582485,70.8365534569646,11.9999999999999));
#4319=CARTESIAN_POINT('',(-35.0388692953226,63.1510035057491,2.86275909184343));
#4320=CARTESIAN_POINT('',(-30.0970585582485,70.8365534569646,12.));
#4321=CARTESIAN_POINT('Origin',(-30.0970585582485,70.8365534569645,50.));
#4322=CARTESIAN_POINT('',(-30.0970585582485,70.8365534569645,46.));
#4323=CARTESIAN_POINT('',(-30.0970585582485,70.8365534569645,50.));
#4324=CARTESIAN_POINT('',(-27.4222851676238,69.1166734295191,46.));
#4325=CARTESIAN_POINT('',(-28.7596718629361,69.9766134432418,46.));
#4326=CARTESIAN_POINT('',(-27.4222851676238,69.1166734295191,50.));
#4327=CARTESIAN_POINT('Origin',(-54.506628031986,32.8745643280265,24.5835047301704));
#4328=CARTESIAN_POINT('',(-40.9139140767731,54.0140793020917,7.99999999999994));
#4329=CARTESIAN_POINT('',(-30.0970585582485,70.8365534569646,7.99999999999995));
#4330=CARTESIAN_POINT('',(-40.9139140767731,54.0140793020917,6.36000000000002));
#4331=CARTESIAN_POINT('',(-40.9139140767731,54.0140793020917,6.35999999999998));
#4332=CARTESIAN_POINT('',(-68.099341987199,11.7350493539612,6.36000000000003));
#4333=CARTESIAN_POINT('',(-54.506628031986,32.8745643280265,6.36000000000003));
#4334=CARTESIAN_POINT('',(-68.099341987199,11.7350493539612,7.99999999999997));
#4335=CARTESIAN_POINT('',(-68.099341987199,11.7350493539612,-8.0259810793184));
#4336=CARTESIAN_POINT('',(-76.7528264020187,-1.72292996993708,7.99999999999998));
#4337=CARTESIAN_POINT('',(-68.099341987199,11.7350493539612,7.99999999999997));
#4338=CARTESIAN_POINT('',(-78.9161975057235,-5.08742480091165,12.));
#4339=CARTESIAN_POINT('',(-73.9743867686495,2.59812515030385,2.86275909184345));
#4340=CARTESIAN_POINT('',(-78.9161975057236,-5.08742480091164,46.));
#4341=CARTESIAN_POINT('',(-78.9161975057235,-5.08742480091165,7.99999999999998));
#4342=CARTESIAN_POINT('',(-76.7528264020187,-1.72292996993707,49.9999999999999));
#4343=CARTESIAN_POINT('',(-75.1687015494494,0.740715712008183,52.9289932732417));
#4344=CARTESIAN_POINT('',(-32.2604296619534,67.47205862599,49.9999999999999));
#4345=CARTESIAN_POINT('',(-40.9139140767731,54.0140793020917,49.9999999999999));
#4346=CARTESIAN_POINT('',(-33.8445545145227,65.0084129440448,52.9289932732416));
#4347=CARTESIAN_POINT('',(-69.5785812008631,9.43452279167862,43.35));
#4348=CARTESIAN_POINT('Origin',(-69.5785812008631,9.43452279167861,45.));
#4349=CARTESIAN_POINT('',(-75.5994962931089,0.0707397260243913,14.35));
#4350=CARTESIAN_POINT('Origin',(-75.5994962931089,0.0707397260243878,16.));
#4351=CARTESIAN_POINT('',(-61.537584119027,21.9399561273591,14.35));
#4352=CARTESIAN_POINT('Origin',(-61.537584119027,21.9399561273591,16.));
#4353=CARTESIAN_POINT('',(-39.2913857489941,56.537450425323,23.35));
#4354=CARTESIAN_POINT('Origin',(-39.2913857489941,56.537450425323,25.));
#4355=CARTESIAN_POINT('',(-39.2913857489944,56.5374504253226,43.35));
#4356=CARTESIAN_POINT('Origin',(-39.2913857489944,56.5374504253226,45.));
#4357=CARTESIAN_POINT('',(-33.4137597708632,65.6783889300285,14.35));
#4358=CARTESIAN_POINT('Origin',(-33.4137597708632,65.6783889300285,16.));
#4359=CARTESIAN_POINT('',(-47.4756719449451,43.8091725286938,14.35));
#4360=CARTESIAN_POINT('Origin',(-47.4756719449451,43.8091725286938,16.));
#4361=CARTESIAN_POINT('',(-69.5785812008628,9.43452279167906,23.35));
#4362=CARTESIAN_POINT('Origin',(-69.5785812008628,9.43452279167906,25.));
#4363=CARTESIAN_POINT('Origin',(-77.8345119538711,-3.40517738542436,9.99999999999998));
#4364=CARTESIAN_POINT('',(-74.0780530113938,-3.44280999738249,7.99999999999998));
#4365=CARTESIAN_POINT('',(-76.2414241150988,-6.80730482835706,12.));
#4366=CARTESIAN_POINT('',(-71.2996133780247,0.878245122858447,2.86275909184345));
#4367=CARTESIAN_POINT('',(-78.9161975057236,-5.08742480091165,12.));
#4368=CARTESIAN_POINT('',(-76.7528264020187,-1.72292996993708,7.99999999999998));
#4369=CARTESIAN_POINT('Origin',(-78.9161975057235,-5.08742480091165,7.99999999999998));
#4370=CARTESIAN_POINT('',(-76.2414241150988,-6.80730482835705,46.));
#4371=CARTESIAN_POINT('',(-76.2414241150988,-6.80730482835706,7.99999999999998));
#4372=CARTESIAN_POINT('',(-77.5788108104112,-5.94736481463434,46.));
#4373=CARTESIAN_POINT('Origin',(22.6040699878059,-67.9872132587807,48.));
#4374=CARTESIAN_POINT('',(22.8597711312658,-70.5294006879907,45.9999999999999));
#4375=CARTESIAN_POINT('',(21.5223844359534,-69.669460674268,45.9999999999999));
#4376=CARTESIAN_POINT('',(25.0231422349707,-67.1649058570161,49.9999999999999));
#4377=CARTESIAN_POINT('',(26.6072670875399,-64.7012601750711,52.9289932732415));
#4378=CARTESIAN_POINT('',(23.6857555396583,-66.3049658432934,50.));
#4379=CARTESIAN_POINT('Origin',(22.8597711312658,-70.5294006879907,49.9999999999999));
#4380=CARTESIAN_POINT('',(22.8597711312658,-70.5294006879907,49.9999999999999));
#4381=CARTESIAN_POINT('Origin',(-76.4971252585587,-4.26511739914705,48.));
#4382=CARTESIAN_POINT('',(-74.0780530113939,-3.44280999738248,50.));
#4383=CARTESIAN_POINT('',(-72.4939281588246,-0.979164315437214,52.9289932732417));
#4384=CARTESIAN_POINT('',(-75.4154397067063,-2.58286998365977,50.));
#4385=CARTESIAN_POINT('Origin',(-29.8413574147886,68.2943660277545,48.));
#4386=CARTESIAN_POINT('',(-29.5856562713286,65.7521785985446,49.9999999999999));
#4387=CARTESIAN_POINT('',(-31.1697811238979,63.2885329165994,52.9289932732416));
#4388=CARTESIAN_POINT('',(-30.9230429666411,66.6121186122673,50.));
#4389=CARTESIAN_POINT('Origin',(-8.03733749717028,73.0320579295464,48.));
#4390=CARTESIAN_POINT('',(-7.21503009540592,70.6129856823815,50.));
#4391=CARTESIAN_POINT('',(-4.75138441345559,69.0288608298086,52.9289932732479));
#4392=CARTESIAN_POINT('',(-6.35509008168309,71.9503723776938,50.));
#4393=CARTESIAN_POINT('Origin',(64.5221459297679,26.3762900857429,48.));
#4394=CARTESIAN_POINT('',(61.9799585005579,26.1205889422832,49.9999999999999));
#4395=CARTESIAN_POINT('',(59.5163128186077,27.7047137948559,52.9289932732478));
#4396=CARTESIAN_POINT('',(62.8398985142807,27.4579756375955,50.));
#4397=CARTESIAN_POINT('Origin',(69.259837831576,4.57227016812093,48.));
#4398=CARTESIAN_POINT('',(69.5155389750359,2.03008273891094,49.9999999999999));
#4399=CARTESIAN_POINT('',(68.1781522797235,2.89002275263364,50.));
#4400=CARTESIAN_POINT('',(67.9314141224668,-0.433562943034047,52.9289932732415));
#4401=CARTESIAN_POINT('Origin',(5.43945813270639,66.2568029859641,45.));
#4402=CARTESIAN_POINT('',(2.33172398748381,64.4744201756179,45.));
#4403=CARTESIAN_POINT('',(4.05160401492947,67.1491935662425,45.));
#4404=CARTESIAN_POINT('Origin',(3.71957810526073,63.5820295953395,45.));
#4405=CARTESIAN_POINT('Origin',(18.1677360293549,58.072516789999,16.));
#4406=CARTESIAN_POINT('',(15.0600018841323,56.2901339796528,16.));
#4407=CARTESIAN_POINT('',(16.779881911578,58.9649073702774,16.));
#4408=CARTESIAN_POINT('Origin',(16.4478560019092,55.3977433993744,16.));
#4409=CARTESIAN_POINT('Origin',(61.9061688320216,29.948692441831,15.9999999999999));
#4410=CARTESIAN_POINT('',(58.798434686799,28.1663096314848,15.9999999999999));
#4411=CARTESIAN_POINT('',(60.5183147142446,30.8410830221094,15.9999999999999));
#4412=CARTESIAN_POINT('Origin',(60.1862888045759,27.2739190512063,15.9999999999999));
#4413=CARTESIAN_POINT('Origin',(5.43945813270636,66.2568029859642,25.));
#4414=CARTESIAN_POINT('',(2.33172398748377,64.474420175618,25.));
#4415=CARTESIAN_POINT('',(4.05160401492943,67.1491935662426,25.));
#4416=CARTESIAN_POINT('Origin',(3.7195781052607,63.5820295953395,25.));
#4417=CARTESIAN_POINT('Origin',(52.5423857663474,35.9696075340908,45.));
#4418=CARTESIAN_POINT('',(49.4346516211248,34.1872247237446,45.));
#4419=CARTESIAN_POINT('',(51.1545316485705,36.8619981143692,45.));
#4420=CARTESIAN_POINT('Origin',(50.8225057389018,33.2948341434662,45.));
#4421=CARTESIAN_POINT('Origin',(-3.70148037197846,72.1344289640831,16.));
#4422=CARTESIAN_POINT('',(-6.80921451720104,70.3520461537369,16.));
#4423=CARTESIAN_POINT('',(-5.08933448975539,73.0268195443615,16.));
#4424=CARTESIAN_POINT('Origin',(-5.42136039942412,69.4596555734584,16.));
#4425=CARTESIAN_POINT('Origin',(40.0369524306882,44.010604615915,15.9999999999999));
#4426=CARTESIAN_POINT('',(36.9292182854656,42.2282218055688,15.9999999999999));
#4427=CARTESIAN_POINT('',(38.6490983129113,44.9029951961934,15.9999999999999));
#4428=CARTESIAN_POINT('Origin',(38.3170724032426,41.3358312252904,15.9999999999999));
#4429=CARTESIAN_POINT('Origin',(51.4384609679567,36.6794314837417,23.9999999999999));
#4430=CARTESIAN_POINT('',(51.9264305372924,32.5850101938154,23.9999999999999));
#4431=CARTESIAN_POINT('',(49.7185809405111,34.0046580931171,23.9999999999999));
#4432=CARTESIAN_POINT('',(38.5505225715435,41.1857227027247,23.9999999999999));
#4433=CARTESIAN_POINT('',(53.6463105647381,35.25978358444,23.9999999999999));
#4434=CARTESIAN_POINT('',(51.4384609679567,36.6794314837417,23.9999999999999));
#4435=CARTESIAN_POINT('Origin',(52.5423857663474,35.9696075340909,25.));
#4436=CARTESIAN_POINT('Origin',(50.8225057389017,33.2948341434662,25.));
#4437=CARTESIAN_POINT('Origin',(-69.5785812008632,9.43452279167863,45.));
#4438=CARTESIAN_POINT('',(-66.9038078102383,7.71464276423321,43.35));
#4439=CARTESIAN_POINT('',(-69.5785812008632,9.43452279167863,43.35));
#4440=CARTESIAN_POINT('Origin',(-66.9038078102383,7.71464276423321,45.));
#4441=CARTESIAN_POINT('Origin',(-75.5994962931089,0.0707397260243958,16.));
#4442=CARTESIAN_POINT('',(-72.9247229024841,-1.64914030142101,14.35));
#4443=CARTESIAN_POINT('',(-75.5994962931089,0.0707397260243958,14.35));
#4444=CARTESIAN_POINT('Origin',(-72.9247229024841,-1.64914030142101,16.));
#4445=CARTESIAN_POINT('Origin',(-61.537584119027,21.9399561273591,16.));
#4446=CARTESIAN_POINT('',(-58.8628107284022,20.2200760999137,14.35));
#4447=CARTESIAN_POINT('',(-61.537584119027,21.9399561273591,14.35));
#4448=CARTESIAN_POINT('Origin',(-58.8628107284022,20.2200760999137,16.));
#4449=CARTESIAN_POINT('Origin',(-39.2913857489941,56.537450425323,25.));
#4450=CARTESIAN_POINT('',(-36.6166123583693,54.8175703978776,23.35));
#4451=CARTESIAN_POINT('',(-39.2913857489941,56.537450425323,23.35));
#4452=CARTESIAN_POINT('Origin',(-36.6166123583693,54.8175703978776,25.));
#4453=CARTESIAN_POINT('Origin',(-39.2913857489944,56.5374504253226,45.));
#4454=CARTESIAN_POINT('',(-36.6166123583696,54.8175703978772,43.35));
#4455=CARTESIAN_POINT('',(-39.2913857489944,56.5374504253226,43.35));
#4456=CARTESIAN_POINT('Origin',(-36.6166123583696,54.8175703978772,45.));
#4457=CARTESIAN_POINT('Origin',(-33.4137597708632,65.6783889300285,16.));
#4458=CARTESIAN_POINT('',(-30.7389863802384,63.9585089025831,14.35));
#4459=CARTESIAN_POINT('',(-33.4137597708632,65.6783889300285,14.35));
#4460=CARTESIAN_POINT('Origin',(-30.7389863802384,63.9585089025831,16.));
#4461=CARTESIAN_POINT('Origin',(-47.4756719449451,43.8091725286938,16.));
#4462=CARTESIAN_POINT('',(-44.8008985543203,42.0892925012484,14.35));
#4463=CARTESIAN_POINT('',(-47.4756719449451,43.8091725286938,14.35));
#4464=CARTESIAN_POINT('Origin',(-44.8008985543203,42.0892925012484,16.));
#4465=CARTESIAN_POINT('Origin',(-69.5785812008629,9.43452279167906,25.));
#4466=CARTESIAN_POINT('',(-66.9038078102381,7.71464276423365,23.35));
#4467=CARTESIAN_POINT('',(-69.5785812008629,9.43452279167906,23.35));
#4468=CARTESIAN_POINT('Origin',(-66.9038078102381,7.71464276423365,25.));
#4469=CARTESIAN_POINT('Origin',(7.9628292559371,64.6342746581852,8.00000000000001));
#4470=CARTESIAN_POINT('',(6.24294922849143,61.9595012675606,8.00000000000001));
#4471=CARTESIAN_POINT('',(7.10288924221428,63.2968879628729,8.00000000000001));
#4472=CARTESIAN_POINT('',(6.24294922849144,61.9595012675606,8.00000000000001));
#4473=CARTESIAN_POINT('Origin',(67.0643333589778,26.6319912292026,8.));
#4474=CARTESIAN_POINT('',(48.5219791766603,34.7740733571042,8.00000000000003));
#4475=CARTESIAN_POINT('',(65.3444533315321,23.957217838578,8.));
#4476=CARTESIAN_POINT('',(49.3819191903832,36.1114600524165,8.00000000000003));
#4477=CARTESIAN_POINT('Origin',(60.8620545602163,-11.4278965849873,7.99999999999988));
#4478=CARTESIAN_POINT('',(60.8620545602163,-11.4278965849873,7.99999999999988));
#4479=CARTESIAN_POINT('',(60.8620545602163,-11.4278965849873,7.99999999999988));
#4480=CARTESIAN_POINT('',(59.5246678649039,-10.5679565712646,7.99999999999988));
#4481=CARTESIAN_POINT('Origin',(58.1872811695915,-9.70801655754194,6.35999999999999));
#4482=CARTESIAN_POINT('',(60.8620545602163,-11.4278965849873,6.36000000000001));
#4483=CARTESIAN_POINT('',(60.8620545602163,-11.4278965849873,-8.0259810793184));
#4484=CARTESIAN_POINT('',(58.7757313155289,-10.0863901635799,6.36000000000001));
#4485=CARTESIAN_POINT('Origin',(-30.0970585582485,70.8365534569646,7.99999999999995));
#4486=CARTESIAN_POINT('',(-38.2391406861483,52.2941992746463,7.99999999999994));
#4487=CARTESIAN_POINT('',(-27.4222851676237,69.1166734295191,7.99999999999995));
#4488=CARTESIAN_POINT('',(-39.5765273814607,53.154139288369,7.99999999999995));
#4489=CARTESIAN_POINT('Origin',(-68.099341987199,11.7350493539612,7.99999999999997));
#4490=CARTESIAN_POINT('',(-65.4245685965742,10.0151693265158,7.99999999999998));
#4491=CARTESIAN_POINT('',(-66.7619552918866,10.8751093402385,7.99999999999997));
#4492=CARTESIAN_POINT('',(-65.4245685965742,10.0151693265158,7.99999999999998));
#4493=CARTESIAN_POINT('Origin',(23.6649477203257,-58.1833855146471,1.59));
#4494=CARTESIAN_POINT('',(28.7116899667875,-61.4284421702045,1.59));
#4495=CARTESIAN_POINT('',(26.910004375883,-53.1366432681852,1.59));
#4496=CARTESIAN_POINT('Origin',(69.1734730300023,1.49809860454447,0.));
#4497=CARTESIAN_POINT('Origin',(60.7802489967572,-0.461324292343329,1.59));
#4498=CARTESIAN_POINT('',(65.826991243219,-3.7063809479007,1.59));
#4499=CARTESIAN_POINT('',(57.5351923411998,-5.50806653880518,1.59));
#4500=CARTESIAN_POINT('Origin',(69.1734730300023,1.49809860454447,0.));
#4501=CARTESIAN_POINT('',(69.1734730300023,1.49809860454447,0.));
#4502=CARTESIAN_POINT('Origin',(54.7183181856344,27.4371678182637,1.59));
#4503=CARTESIAN_POINT('',(57.9633748411922,32.4839100647253,1.59));
#4504=CARTESIAN_POINT('',(49.6715759391728,30.6822244738216,1.59));
#4505=CARTESIAN_POINT('Origin',(-4.96316593358908,72.9456931279695,0.));
#4506=CARTESIAN_POINT('',(63.1678543936491,29.1374282779338,0.));
#4507=CARTESIAN_POINT('Origin',(-3.00374303670682,64.5524690947272,1.59));
#4508=CARTESIAN_POINT('',(0.241313618851035,69.5992113411887,1.59));
#4509=CARTESIAN_POINT('',(2.04299920975472,61.3074124391693,1.59));
#4510=CARTESIAN_POINT('Origin',(-4.96316593358908,72.9456931279695,0.));
#4511=CARTESIAN_POINT('',(-4.96316593358908,72.9456931279695,0.));
#4512=CARTESIAN_POINT('Origin',(-30.9022351473084,58.490538283621,1.59));
#4513=CARTESIAN_POINT('',(-35.9489773937703,61.7355949391783,1.59));
#4514=CARTESIAN_POINT('',(-34.1472918028658,53.4437960371591,1.59));
#4515=CARTESIAN_POINT('Origin',(-76.4107604569801,-1.19094583556297,0.));
#4516=CARTESIAN_POINT('',(-32.6024956069817,66.9400744916317,0.));
#4517=CARTESIAN_POINT('Origin',(-68.0175364237399,0.768477061317192,1.59));
#4518=CARTESIAN_POINT('',(-73.0642786702018,4.01353371687456,1.59));
#4519=CARTESIAN_POINT('',(-64.7724797681825,5.81521930777904,1.59));
#4520=CARTESIAN_POINT('Origin',(-76.4107604569801,-1.19094583556297,0.));
#4521=CARTESIAN_POINT('',(-76.4107604569801,-1.19094583556297,0.));
#4522=CARTESIAN_POINT('Origin',(21.3813562865078,25.1535763844666,3.18));
#4523=CARTESIAN_POINT('',(22.6313562865078,25.1535763844666,3.18));
#4524=CARTESIAN_POINT('Origin',(-28.6186437134922,-24.8464236155334,3.18));
#4525=CARTESIAN_POINT('',(-27.3686437134922,-24.8464236155334,3.18));
#4526=CARTESIAN_POINT('Origin',(-28.6186437134922,25.1535763844666,3.18));
#4527=CARTESIAN_POINT('',(-27.3686437134922,25.1535763844666,3.18));
#4528=CARTESIAN_POINT('Origin',(21.3813562865078,-24.8464236155334,3.18));
#4529=CARTESIAN_POINT('',(22.6313562865078,-24.8464236155334,3.18));
#4530=CARTESIAN_POINT('Origin',(18.8803733058922,10.5160271102604,3.18));
#4531=CARTESIAN_POINT('',(18.0803733058922,10.5160271102604,3.18));
#4532=CARTESIAN_POINT('Origin',(-46.5507543876511,-8.70522015448739,3.18));
#4533=CARTESIAN_POINT('',(-47.8007543876511,-8.70522015448739,3.18));
#4534=CARTESIAN_POINT('Origin',(-7.08007993856676,-29.8579108614345,3.18));
#4535=CARTESIAN_POINT('',(-7.88007993856676,-29.8579108614345,3.18));
#4536=CARTESIAN_POINT('Origin',(45.7963319536871,-6.79094171938146,3.18));
#4537=CARTESIAN_POINT('',(44.9963319536871,-6.79094171938146,3.18));
#4538=CARTESIAN_POINT('Origin',(-11.9368167283726,45.1266971411057,3.18));
#4539=CARTESIAN_POINT('',(-13.1868167283726,45.1266971411057,3.18));
#4540=CARTESIAN_POINT('Origin',(19.8358787092282,-47.1648796910763,3.18));
#4541=CARTESIAN_POINT('',(19.0358787092282,-47.1648796910763,3.18));
#4542=CARTESIAN_POINT('Origin',(-61.9939047431899,-34.2387032682161,3.18));
#4543=CARTESIAN_POINT('',(-53.340420328369,-20.7807239443186,3.18));
#4544=CARTESIAN_POINT('Origin',(6.37936292143568,-59.1805610350926,3.18));
#4545=CARTESIAN_POINT('',(6.37936292143568,-59.1805610350926,3.18));
#4546=CARTESIAN_POINT('Origin',(-53.340420328369,-20.7807239443186,3.18));
#4547=CARTESIAN_POINT('Origin',(41.9197938237537,-29.1276515041617,6.36000000000001));
#4548=CARTESIAN_POINT('',(33.6766266497904,-53.7069265331178,6.36));
#4549=CARTESIAN_POINT('',(47.2693406050033,-32.5674115590526,6.36));
#4550=CARTESIAN_POINT('Origin',(28.3270798685407,-50.267166478227,6.36000000000001));
#4551=CARTESIAN_POINT('Origin',(55.5125077789667,-7.98813653009652,6.36000000000001));
#4552=CARTESIAN_POINT('Origin',(31.0018532591656,-51.9870465056724,6.36));
#4553=CARTESIAN_POINT('',(31.590303405103,-52.3654201117104,6.36));
#4554=CARTESIAN_POINT('Origin',(28.3270798685408,-50.267166478227,6.36000000000001));
#4555=CARTESIAN_POINT('',(28.3270798685407,-50.267166478227,3.18));
#4556=CARTESIAN_POINT('Origin',(60.8620545602163,-11.4278965849873,6.36));
#4557=CARTESIAN_POINT('',(55.5125077789667,-7.98813653009653,3.18));
#4558=CARTESIAN_POINT('Origin',(55.5125077789667,-7.98813653009652,6.36000000000001));
#4559=CARTESIAN_POINT('Origin',(31.0018532591656,-51.9870465056724,6.36));
#4560=CARTESIAN_POINT('',(33.6766266497903,-53.7069265331178,6.36000000000001));
#4561=CARTESIAN_POINT('Origin',(31.0018532591656,-51.9870465056724,50.));
#4562=CARTESIAN_POINT('',(71.6789100787408,5.39457756988551,49.9999999999999));
#4563=CARTESIAN_POINT('Origin',(47.2693406050033,-32.5674115590526,24.5835047301704));
#4564=CARTESIAN_POINT('Origin',(41.9197938237537,-29.1276515041617,6.36000000000001));
#4565=CARTESIAN_POINT('Origin',(25.6625841751302,45.6920139217078,6.35999999999999));
#4566=CARTESIAN_POINT('Origin',(46.8020991492148,32.0992999664795,6.35999999999999));
#4567=CARTESIAN_POINT('Origin',(4.52306920104578,59.284727876936,6.35999999999999));
#4568=CARTESIAN_POINT('Origin',(6.24294922849145,61.9595012675606,6.35999999999998));
#4569=CARTESIAN_POINT('',(6.24294922849144,61.9595012675606,6.35999999999999));
#4570=CARTESIAN_POINT('',(6.62132283452949,62.547951413498,6.36000000000001));
#4571=CARTESIAN_POINT('',(6.24294922849146,61.9595012675606,-8.0259810793184));
#4572=CARTESIAN_POINT('Origin',(27.3824642025759,48.3667873123324,24.5835047301704));
#4573=CARTESIAN_POINT('',(-10.5795249263803,72.7763567860868,50.0000000000001));
#4574=CARTESIAN_POINT('',(48.5219791766603,34.7740733571042,6.35999999999999));
#4575=CARTESIAN_POINT('',(27.3824642025759,48.3667873123324,6.36));
#4576=CARTESIAN_POINT('',(48.5219791766603,34.7740733571042,-8.02598107931838));
#4577=CARTESIAN_POINT('Origin',(48.5219791766604,34.7740733571042,6.35999999999999));
#4578=CARTESIAN_POINT('',(48.9003527826984,35.3625235030416,6.35999999999999));
#4579=CARTESIAN_POINT('Origin',(46.8020991492147,32.0992999664796,6.35999999999999));
#4580=CARTESIAN_POINT('',(46.8020991492148,32.0992999664795,3.18));
#4581=CARTESIAN_POINT('Origin',(7.96282925593711,64.6342746581852,6.35999999999999));
#4582=CARTESIAN_POINT('',(4.52306920104588,59.284727876936,3.18));
#4583=CARTESIAN_POINT('Origin',(4.52306920104578,59.284727876936,6.35999999999999));
#4584=CARTESIAN_POINT('Origin',(48.5219791766603,34.7740733571042,6.36));
#4585=CARTESIAN_POINT('Origin',(48.5219791766604,34.7740733571041,50.));
#4586=CARTESIAN_POINT('Origin',(25.6625841751302,45.6920139217078,6.35999999999999));
#4587=CARTESIAN_POINT('Origin',(-49.1570812507365,29.4348042731357,6.36000000000003));
#4588=CARTESIAN_POINT('Origin',(-35.5643672955235,50.5743192472009,6.36000000000003));
#4589=CARTESIAN_POINT('Origin',(-62.7497952059495,8.29528929907039,6.36000000000003));
#4590=CARTESIAN_POINT('Origin',(-65.4245685965742,10.0151693265158,6.35999999999998));
#4591=CARTESIAN_POINT('',(-65.4245685965742,10.0151693265158,6.36000000000003));
#4592=CARTESIAN_POINT('',(-66.0130187425117,10.3935429325538,6.36000000000002));
#4593=CARTESIAN_POINT('',(-65.4245685965742,10.0151693265158,-8.0259810793184));
#4594=CARTESIAN_POINT('Origin',(-51.8318546413613,31.1546843005811,24.5835047301704));
#4595=CARTESIAN_POINT('',(-76.2414241150988,-6.80730482835705,50.));
#4596=CARTESIAN_POINT('',(-38.2391406861483,52.2941992746463,6.36000000000003));
#4597=CARTESIAN_POINT('',(-51.8318546413613,31.1546843005811,6.36000000000002));
#4598=CARTESIAN_POINT('',(-38.2391406861483,52.2941992746463,-8.02598107931839));
#4599=CARTESIAN_POINT('Origin',(-38.2391406861483,52.2941992746463,6.36000000000003));
#4600=CARTESIAN_POINT('',(-38.8275908320857,52.6725728806843,6.36000000000003));
#4601=CARTESIAN_POINT('Origin',(-35.5643672955235,50.5743192472009,6.36000000000003));
#4602=CARTESIAN_POINT('',(-35.5643672955235,50.5743192472009,3.18));
#4603=CARTESIAN_POINT('Origin',(-68.099341987199,11.7350493539612,6.36000000000004));
#4604=CARTESIAN_POINT('',(-62.7497952059494,8.29528929907038,3.18));
#4605=CARTESIAN_POINT('Origin',(-62.7497952059495,8.29528929907039,6.36000000000003));
#4606=CARTESIAN_POINT('Origin',(-38.2391406861483,52.2941992746463,6.35999999999999));
#4607=CARTESIAN_POINT('Origin',(-38.2391406861483,52.2941992746463,50.));
#4608=CARTESIAN_POINT('Origin',(-49.1570812507365,29.4348042731357,6.36000000000003));
#4609=CARTESIAN_POINT('Origin',(54.1751210836543,-7.12819651637382,3.18));
#4610=CARTESIAN_POINT('',(54.1751210836543,-7.12819651637382,3.18));
#4611=CARTESIAN_POINT('Origin',(62.5819345876617,-8.75312319436255,3.18));
#4612=CARTESIAN_POINT('',(55.8950011110997,-4.45342312574904,3.18));
#4613=CARTESIAN_POINT('Origin',(55.8950011110997,-4.45342312574904,3.18));
#4614=CARTESIAN_POINT('Origin',(29.4710081110721,-51.0027126534867,3.18));
#4615=CARTESIAN_POINT('',(26.9896931732283,-49.4072264645043,3.18));
#4616=CARTESIAN_POINT('Origin',(26.9896931732283,-49.4072264645043,3.18));
#4617=CARTESIAN_POINT('',(25.2698131457829,-52.0819998551291,3.18));
#4618=CARTESIAN_POINT('Origin',(25.2698131457829,-52.0819998551291,3.18));
#4619=CARTESIAN_POINT('Origin',(3.66312918732305,57.9473411816237,3.18));
#4620=CARTESIAN_POINT('',(3.66312918732305,57.9473411816237,3.18));
#4621=CARTESIAN_POINT('Origin',(5.28805586531258,66.3541546856308,3.18));
#4622=CARTESIAN_POINT('',(0.988355796698431,59.6672212090693,3.18));
#4623=CARTESIAN_POINT('Origin',(0.988355796698431,59.6672212090693,3.18));
#4624=CARTESIAN_POINT('Origin',(47.5376453244745,33.2432282090108,3.18));
#4625=CARTESIAN_POINT('',(45.9421591354919,30.7619132711672,3.18));
#4626=CARTESIAN_POINT('Origin',(45.9421591354919,30.7619132711672,3.18));
#4627=CARTESIAN_POINT('',(48.6169325261165,29.0420332437216,3.18));
#4628=CARTESIAN_POINT('Origin',(48.6169325261165,29.0420332437216,3.18));
#4629=CARTESIAN_POINT('Origin',(-61.412408510637,7.43534928534768,3.18));
#4630=CARTESIAN_POINT('',(-61.412408510637,7.43534928534768,3.18));
#4631=CARTESIAN_POINT('Origin',(-69.8192220146444,9.06027596333641,3.18));
#4632=CARTESIAN_POINT('',(-63.1322885380824,4.7605758947229,3.18));
#4633=CARTESIAN_POINT('Origin',(-63.1322885380824,4.7605758947229,3.18));
#4634=CARTESIAN_POINT('Origin',(-36.7082955380548,51.3098654224606,3.18));
#4635=CARTESIAN_POINT('',(-34.2269806002111,49.7143792334782,3.18));
#4636=CARTESIAN_POINT('Origin',(-34.2269806002111,49.7143792334782,3.18));
#4637=CARTESIAN_POINT('',(-32.5071005727657,52.389152624103,3.18));
#4638=CARTESIAN_POINT('Origin',(-32.5071005727657,52.389152624103,3.18));
#4639=CARTESIAN_POINT('Origin',(61.3308432746076,2.71563414761782,0.));
#4640=CARTESIAN_POINT('',(63.4808432746077,2.71563414761782,0.));
#4641=CARTESIAN_POINT('Origin',(63.4067307445004,14.7172015775994,0.));
#4642=CARTESIAN_POINT('',(66.0567307445006,14.7172015775994,0.));
#4643=CARTESIAN_POINT('Origin',(10.9449814796842,-66.8717980734907,0.));
#4644=CARTESIAN_POINT('',(13.5949814796844,-66.8717980734907,0.));
#4645=CARTESIAN_POINT('Origin',(-6.18070147665769,65.1030633725769,0.));
#4646=CARTESIAN_POINT('',(-4.03070147665751,65.1030633725769,0.));
#4647=CARTESIAN_POINT('Origin',(-18.1822689066431,67.1789508424611,0.));
#4648=CARTESIAN_POINT('',(-15.5322689066429,67.1789508424611,0.));
#4649=CARTESIAN_POINT('Origin',(-68.5681307015854,-2.4084813786363,0.));
#4650=CARTESIAN_POINT('',(-66.4181307015852,-2.4084813786363,0.));
#4651=CARTESIAN_POINT('Origin',(-70.6440181714539,-14.4100488086351,0.));
#4652=CARTESIAN_POINT('',(-67.9940181714537,-14.4100488086351,0.));
#4653=CARTESIAN_POINT('Origin',(56.5376345696881,24.7751560071224,0.));
#4654=CARTESIAN_POINT('',(58.6876345696882,24.7751560071224,0.));
#4655=CARTESIAN_POINT('Origin',(21.0029359091855,-60.0027018986908,0.));
#4656=CARTESIAN_POINT('',(23.1529359091856,-60.0027018986908,0.));
#4657=CARTESIAN_POINT('Origin',(-28.2402233361633,60.3098546676723,0.));
#4658=CARTESIAN_POINT('',(-26.0902233361631,60.3098546676723,0.));
#4659=CARTESIAN_POINT('Origin',(-63.7749219966659,-24.4680032381409,0.));
#4660=CARTESIAN_POINT('',(-61.6249219966657,-24.4680032381409,0.));
#4661=CARTESIAN_POINT('Origin',(-59.5882863021069,-12.00780135409,0.));
#4662=CARTESIAN_POINT('Origin',(-15.7800214521075,56.1232189731062,0.));
#4663=CARTESIAN_POINT('Origin',(52.3509988751291,12.3149541230715,0.));
#4664=UNCERTAINTY_MEASURE_WITH_UNIT(LENGTH_MEASURE(0.01),#4668,
'DISTANCE_ACCURACY_VALUE',
'Maximum model space distance between geometric entities at asserted c
onnectivities');
#4665=UNCERTAINTY_MEASURE_WITH_UNIT(LENGTH_MEASURE(0.01),#4668,
'DISTANCE_ACCURACY_VALUE',
'Maximum model space distance between geometric entities at asserted c
onnectivities');
#4666=(
GEOMETRIC_REPRESENTATION_CONTEXT(3)
GLOBAL_UNCERTAINTY_ASSIGNED_CONTEXT((#4664))
GLOBAL_UNIT_ASSIGNED_CONTEXT((#4668,#4670,#4671))
REPRESENTATION_CONTEXT('','3D')
);
#4667=(
GEOMETRIC_REPRESENTATION_CONTEXT(3)
GLOBAL_UNCERTAINTY_ASSIGNED_CONTEXT((#4665))
GLOBAL_UNIT_ASSIGNED_CONTEXT((#4668,#4670,#4671))
REPRESENTATION_CONTEXT('','3D')
);
#4668=(
LENGTH_UNIT()
NAMED_UNIT(*)
SI_UNIT(.MILLI.,.METRE.)
);
#4669=(
LENGTH_UNIT()
NAMED_UNIT(*)
SI_UNIT(.CENTI.,.METRE.)
);
#4670=(
NAMED_UNIT(*)
PLANE_ANGLE_UNIT()
SI_UNIT($,.RADIAN.)
);
#4671=(
NAMED_UNIT(*)
SI_UNIT($,.STERADIAN.)
SOLID_ANGLE_UNIT()
);
#4672=SHAPE_DEFINITION_REPRESENTATION(#4673,#4674);
#4673=PRODUCT_DEFINITION_SHAPE('',$,#4676);
#4674=SHAPE_REPRESENTATION('',(#2836),#4666);
#4675=PRODUCT_DEFINITION_CONTEXT('part definition',#4680,'design');
#4676=PRODUCT_DEFINITION('mcthermal_plate','mcthermal_plate',#4677,#4675);
#4677=PRODUCT_DEFINITION_FORMATION('',$,#4682);
#4678=PRODUCT_RELATED_PRODUCT_CATEGORY('mcthermal_plate',
'mcthermal_plate',(#4682));
#4679=APPLICATION_PROTOCOL_DEFINITION('international standard',
'automotive_design',2009,#4680);
#4680=APPLICATION_CONTEXT(
'Core Data for Automotive Mechanical Design Process');
#4681=PRODUCT_CONTEXT('part definition',#4680,'mechanical');
#4682=PRODUCT('mcthermal_plate','mcthermal_plate',$,(#4681));
#4683=PRESENTATION_STYLE_ASSIGNMENT((#4684));
#4684=SURFACE_STYLE_USAGE(.BOTH.,#4687);
#4685=SURFACE_STYLE_RENDERING_WITH_PROPERTIES($,#4691,(#4686));
#4686=SURFACE_STYLE_TRANSPARENT(0.);
#4687=SURFACE_SIDE_STYLE('',(#4688,#4685));
#4688=SURFACE_STYLE_FILL_AREA(#4689);
#4689=FILL_AREA_STYLE('',(#4690));
#4690=FILL_AREA_STYLE_COLOUR('',#4691);
#4691=COLOUR_RGB('',0.137254901960784,0.137254901960784,0.137254901960784);
ENDSEC;
END-ISO-10303-21;
