ISO-10303-21;
HEADER;
/* Generated by software containing ST-Developer
 * from STEP Tools, Inc. (www.steptools.com) 
 */

FILE_DESCRIPTION(
/* description */ (''),
/* implementation_level */ '2;1');

FILE_NAME(
/* name */ 'stator_mount_01_alu.stp',
/* time_stamp */ '2026-04-27T10:43:52-07:00',
/* author */ ('aaron'),
/* organization */ (''),
/* preprocessor_version */ 'ST-DEVELOPER v20.1',
/* originating_system */ 'Autodesk Inventor 2026',
/* authorisation */ '');

FILE_SCHEMA (('AUTOMOTIVE_DESIGN { 1 0 10303 214 3 1 1 }'));
ENDSEC;

DATA;
#10=MECHANICAL_DESIGN_GEOMETRIC_PRESENTATION_REPRESENTATION('',(#13),#2667);
#11=SHAPE_REPRESENTATION_RELATIONSHIP('SRR','None',#2674,#12);
#12=ADVANCED_BREP_SHAPE_REPRESENTATION('',(#14),#2666);
#13=STYLED_ITEM('',(#2683),#14);
#14=MANIFOLD_SOLID_BREP('Solid1',#1582);
#15=CYLINDRICAL_SURFACE('',#1654,55.7775834693473);
#16=CYLINDRICAL_SURFACE('',#1658,1.25);
#17=CYLINDRICAL_SURFACE('',#1660,2.15);
#18=CYLINDRICAL_SURFACE('',#1662,1.25);
#19=CYLINDRICAL_SURFACE('',#1664,2.65);
#20=CYLINDRICAL_SURFACE('',#1666,2.65);
#21=CYLINDRICAL_SURFACE('',#1668,1.25);
#22=CYLINDRICAL_SURFACE('',#1670,1.25);
#23=CYLINDRICAL_SURFACE('',#1672,2.15);
#24=CYLINDRICAL_SURFACE('',#1674,2.15);
#25=CYLINDRICAL_SURFACE('',#1676,1.25);
#26=CYLINDRICAL_SURFACE('',#1678,2.15);
#27=CYLINDRICAL_SURFACE('',#1680,2.15);
#28=CYLINDRICAL_SURFACE('',#1682,2.65);
#29=CYLINDRICAL_SURFACE('',#1684,2.65);
#30=CYLINDRICAL_SURFACE('',#1686,2.15);
#31=CYLINDRICAL_SURFACE('',#1688,2.15);
#32=CYLINDRICAL_SURFACE('',#1690,1.25);
#33=CYLINDRICAL_SURFACE('',#1692,2.15);
#34=CYLINDRICAL_SURFACE('',#1695,55.7775834693473);
#35=CYLINDRICAL_SURFACE('',#1698,47.0961537);
#36=CYLINDRICAL_SURFACE('',#1701,47.0961537);
#37=CYLINDRICAL_SURFACE('',#1704,55.7775834693473);
#38=CYLINDRICAL_SURFACE('',#1707,47.0961537);
#39=CYLINDRICAL_SURFACE('',#1710,55.7775834693473);
#40=CYLINDRICAL_SURFACE('',#1713,47.0961537);
#41=CYLINDRICAL_SURFACE('',#1716,55.7775834693473);
#42=CYLINDRICAL_SURFACE('',#1719,55.7775834693473);
#43=CYLINDRICAL_SURFACE('',#1722,47.0961537);
#44=CYLINDRICAL_SURFACE('',#1726,47.0961537);
#45=CYLINDRICAL_SURFACE('',#1729,47.0961537);
#46=CYLINDRICAL_SURFACE('',#1732,55.7775834693473);
#47=CYLINDRICAL_SURFACE('',#1735,47.0961537);
#48=CYLINDRICAL_SURFACE('',#1738,55.7775834693473);
#49=CYLINDRICAL_SURFACE('',#1741,55.7775834693473);
#50=CYLINDRICAL_SURFACE('',#1744,47.0961537);
#51=CYLINDRICAL_SURFACE('',#1747,55.7775834693473);
#52=CYLINDRICAL_SURFACE('',#1750,47.0961537);
#53=CYLINDRICAL_SURFACE('',#1752,29.);
#54=CYLINDRICAL_SURFACE('',#1754,20.);
#55=CYLINDRICAL_SURFACE('',#1757,20.);
#56=CYLINDRICAL_SURFACE('',#1759,19.9999999999999);
#57=CYLINDRICAL_SURFACE('',#1762,20.);
#58=FACE_BOUND('',#278,.T.);
#59=FACE_BOUND('',#279,.T.);
#60=FACE_BOUND('',#280,.T.);
#61=FACE_BOUND('',#281,.T.);
#62=FACE_BOUND('',#282,.T.);
#63=FACE_BOUND('',#283,.T.);
#64=FACE_BOUND('',#284,.T.);
#65=FACE_BOUND('',#285,.T.);
#66=FACE_BOUND('',#286,.T.);
#67=FACE_BOUND('',#287,.T.);
#68=FACE_BOUND('',#288,.T.);
#69=FACE_BOUND('',#289,.T.);
#70=FACE_BOUND('',#290,.T.);
#71=FACE_BOUND('',#291,.T.);
#72=FACE_BOUND('',#292,.T.);
#73=FACE_BOUND('',#293,.T.);
#74=FACE_BOUND('',#294,.T.);
#75=FACE_BOUND('',#295,.T.);
#76=FACE_BOUND('',#296,.T.);
#77=FACE_BOUND('',#297,.T.);
#78=FACE_BOUND('',#298,.T.);
#79=FACE_BOUND('',#299,.T.);
#80=FACE_BOUND('',#300,.T.);
#81=FACE_BOUND('',#301,.T.);
#82=FACE_BOUND('',#302,.T.);
#83=FACE_BOUND('',#303,.T.);
#84=FACE_BOUND('',#304,.T.);
#85=FACE_BOUND('',#305,.T.);
#86=FACE_BOUND('',#378,.T.);
#87=FACE_BOUND('',#379,.T.);
#88=FACE_BOUND('',#380,.T.);
#89=FACE_BOUND('',#381,.T.);
#90=FACE_BOUND('',#382,.T.);
#91=FACE_BOUND('',#383,.T.);
#92=FACE_BOUND('',#384,.T.);
#93=FACE_BOUND('',#385,.T.);
#94=FACE_BOUND('',#386,.T.);
#95=FACE_BOUND('',#387,.T.);
#96=FACE_BOUND('',#388,.T.);
#97=FACE_BOUND('',#389,.T.);
#98=FACE_BOUND('',#390,.T.);
#99=FACE_BOUND('',#391,.T.);
#100=FACE_BOUND('',#392,.T.);
#101=FACE_BOUND('',#393,.T.);
#102=FACE_BOUND('',#394,.T.);
#103=FACE_BOUND('',#395,.T.);
#104=FACE_BOUND('',#396,.T.);
#105=FACE_BOUND('',#397,.T.);
#106=FACE_BOUND('',#398,.T.);
#107=FACE_BOUND('',#399,.T.);
#108=FACE_BOUND('',#400,.T.);
#109=FACE_BOUND('',#401,.T.);
#110=FACE_BOUND('',#402,.T.);
#111=FACE_BOUND('',#403,.T.);
#112=FACE_BOUND('',#404,.T.);
#113=FACE_BOUND('',#405,.T.);
#114=CIRCLE('',#1608,55.7775834693473);
#115=CIRCLE('',#1609,47.0961537);
#116=CIRCLE('',#1610,20.);
#117=CIRCLE('',#1611,20.);
#118=CIRCLE('',#1612,20.);
#119=CIRCLE('',#1613,19.9999999999999);
#120=CIRCLE('',#1614,29.);
#121=CIRCLE('',#1615,55.7775834693473);
#122=CIRCLE('',#1616,47.0961537);
#123=CIRCLE('',#1617,55.7775834693473);
#124=CIRCLE('',#1618,47.0961537);
#125=CIRCLE('',#1619,47.0961537);
#126=CIRCLE('',#1620,55.7775834693473);
#127=CIRCLE('',#1621,47.0961537);
#128=CIRCLE('',#1622,55.7775834693473);
#129=CIRCLE('',#1623,55.7775834693473);
#130=CIRCLE('',#1624,47.0961537);
#131=CIRCLE('',#1625,47.0961537);
#132=CIRCLE('',#1626,55.7775834693473);
#133=CIRCLE('',#1627,47.0961537);
#134=CIRCLE('',#1628,55.7775834693473);
#135=CIRCLE('',#1629,47.0961537);
#136=CIRCLE('',#1630,55.7775834693473);
#137=CIRCLE('',#1631,55.7775834693473);
#138=CIRCLE('',#1632,47.0961537);
#139=CIRCLE('',#1633,2.15);
#140=CIRCLE('',#1634,1.25);
#141=CIRCLE('',#1635,2.15);
#142=CIRCLE('',#1636,2.15);
#143=CIRCLE('',#1637,2.65);
#144=CIRCLE('',#1638,2.65);
#145=CIRCLE('',#1639,2.15);
#146=CIRCLE('',#1640,2.15);
#147=CIRCLE('',#1641,1.25);
#148=CIRCLE('',#1642,2.15);
#149=CIRCLE('',#1643,2.15);
#150=CIRCLE('',#1644,1.25);
#151=CIRCLE('',#1645,1.25);
#152=CIRCLE('',#1646,2.65);
#153=CIRCLE('',#1647,2.65);
#154=CIRCLE('',#1648,1.25);
#155=CIRCLE('',#1649,2.15);
#156=CIRCLE('',#1650,1.25);
#157=CIRCLE('',#1655,55.7775834693473);
#158=CIRCLE('',#1659,1.25);
#159=CIRCLE('',#1661,2.15);
#160=CIRCLE('',#1663,1.25);
#161=CIRCLE('',#1665,2.65);
#162=CIRCLE('',#1667,2.65);
#163=CIRCLE('',#1669,1.25);
#164=CIRCLE('',#1671,1.25);
#165=CIRCLE('',#1673,2.15);
#166=CIRCLE('',#1675,2.15);
#167=CIRCLE('',#1677,1.25);
#168=CIRCLE('',#1679,2.15);
#169=CIRCLE('',#1681,2.15);
#170=CIRCLE('',#1683,2.65);
#171=CIRCLE('',#1685,2.65);
#172=CIRCLE('',#1687,2.15);
#173=CIRCLE('',#1689,2.15);
#174=CIRCLE('',#1691,1.25);
#175=CIRCLE('',#1693,2.15);
#176=CIRCLE('',#1696,55.7775834693473);
#177=CIRCLE('',#1699,47.0961537);
#178=CIRCLE('',#1702,47.0961537);
#179=CIRCLE('',#1705,55.7775834693473);
#180=CIRCLE('',#1708,47.0961537);
#181=CIRCLE('',#1711,55.7775834693473);
#182=CIRCLE('',#1714,47.0961537);
#183=CIRCLE('',#1717,55.7775834693473);
#184=CIRCLE('',#1720,55.7775834693473);
#185=CIRCLE('',#1723,47.0961537);
#186=CIRCLE('',#1727,47.0961537);
#187=CIRCLE('',#1730,47.0961537);
#188=CIRCLE('',#1733,55.7775834693473);
#189=CIRCLE('',#1736,47.0961537);
#190=CIRCLE('',#1739,55.7775834693473);
#191=CIRCLE('',#1742,55.7775834693473);
#192=CIRCLE('',#1745,47.0961537);
#193=CIRCLE('',#1748,55.7775834693473);
#194=CIRCLE('',#1751,47.0961537);
#195=CIRCLE('',#1753,29.);
#196=CIRCLE('',#1755,20.);
#197=CIRCLE('',#1758,20.);
#198=CIRCLE('',#1760,19.9999999999999);
#199=CIRCLE('',#1763,20.);
#200=FACE_OUTER_BOUND('',#275,.T.);
#201=FACE_OUTER_BOUND('',#276,.T.);
#202=FACE_OUTER_BOUND('',#277,.T.);
#203=FACE_OUTER_BOUND('',#306,.T.);
#204=FACE_OUTER_BOUND('',#307,.T.);
#205=FACE_OUTER_BOUND('',#308,.T.);
#206=FACE_OUTER_BOUND('',#309,.T.);
#207=FACE_OUTER_BOUND('',#310,.T.);
#208=FACE_OUTER_BOUND('',#311,.T.);
#209=FACE_OUTER_BOUND('',#312,.T.);
#210=FACE_OUTER_BOUND('',#313,.T.);
#211=FACE_OUTER_BOUND('',#314,.T.);
#212=FACE_OUTER_BOUND('',#315,.T.);
#213=FACE_OUTER_BOUND('',#316,.T.);
#214=FACE_OUTER_BOUND('',#317,.T.);
#215=FACE_OUTER_BOUND('',#318,.T.);
#216=FACE_OUTER_BOUND('',#319,.T.);
#217=FACE_OUTER_BOUND('',#320,.T.);
#218=FACE_OUTER_BOUND('',#321,.T.);
#219=FACE_OUTER_BOUND('',#322,.T.);
#220=FACE_OUTER_BOUND('',#323,.T.);
#221=FACE_OUTER_BOUND('',#324,.T.);
#222=FACE_OUTER_BOUND('',#325,.T.);
#223=FACE_OUTER_BOUND('',#326,.T.);
#224=FACE_OUTER_BOUND('',#327,.T.);
#225=FACE_OUTER_BOUND('',#328,.T.);
#226=FACE_OUTER_BOUND('',#329,.T.);
#227=FACE_OUTER_BOUND('',#330,.T.);
#228=FACE_OUTER_BOUND('',#331,.T.);
#229=FACE_OUTER_BOUND('',#332,.T.);
#230=FACE_OUTER_BOUND('',#333,.T.);
#231=FACE_OUTER_BOUND('',#334,.T.);
#232=FACE_OUTER_BOUND('',#335,.T.);
#233=FACE_OUTER_BOUND('',#336,.T.);
#234=FACE_OUTER_BOUND('',#337,.T.);
#235=FACE_OUTER_BOUND('',#338,.T.);
#236=FACE_OUTER_BOUND('',#339,.T.);
#237=FACE_OUTER_BOUND('',#340,.T.);
#238=FACE_OUTER_BOUND('',#341,.T.);
#239=FACE_OUTER_BOUND('',#342,.T.);
#240=FACE_OUTER_BOUND('',#343,.T.);
#241=FACE_OUTER_BOUND('',#344,.T.);
#242=FACE_OUTER_BOUND('',#345,.T.);
#243=FACE_OUTER_BOUND('',#346,.T.);
#244=FACE_OUTER_BOUND('',#347,.T.);
#245=FACE_OUTER_BOUND('',#348,.T.);
#246=FACE_OUTER_BOUND('',#349,.T.);
#247=FACE_OUTER_BOUND('',#350,.T.);
#248=FACE_OUTER_BOUND('',#351,.T.);
#249=FACE_OUTER_BOUND('',#352,.T.);
#250=FACE_OUTER_BOUND('',#353,.T.);
#251=FACE_OUTER_BOUND('',#354,.T.);
#252=FACE_OUTER_BOUND('',#355,.T.);
#253=FACE_OUTER_BOUND('',#356,.T.);
#254=FACE_OUTER_BOUND('',#357,.T.);
#255=FACE_OUTER_BOUND('',#358,.T.);
#256=FACE_OUTER_BOUND('',#359,.T.);
#257=FACE_OUTER_BOUND('',#360,.T.);
#258=FACE_OUTER_BOUND('',#361,.T.);
#259=FACE_OUTER_BOUND('',#362,.T.);
#260=FACE_OUTER_BOUND('',#363,.T.);
#261=FACE_OUTER_BOUND('',#364,.T.);
#262=FACE_OUTER_BOUND('',#365,.T.);
#263=FACE_OUTER_BOUND('',#366,.T.);
#264=FACE_OUTER_BOUND('',#367,.T.);
#265=FACE_OUTER_BOUND('',#368,.T.);
#266=FACE_OUTER_BOUND('',#369,.T.);
#267=FACE_OUTER_BOUND('',#370,.T.);
#268=FACE_OUTER_BOUND('',#371,.T.);
#269=FACE_OUTER_BOUND('',#372,.T.);
#270=FACE_OUTER_BOUND('',#373,.T.);
#271=FACE_OUTER_BOUND('',#374,.T.);
#272=FACE_OUTER_BOUND('',#375,.T.);
#273=FACE_OUTER_BOUND('',#376,.T.);
#274=FACE_OUTER_BOUND('',#377,.T.);
#275=EDGE_LOOP('',(#1037,#1038,#1039,#1040));
#276=EDGE_LOOP('',(#1041,#1042,#1043,#1044));
#277=EDGE_LOOP('',(#1045,#1046,#1047,#1048,#1049,#1050,#1051,#1052,#1053,
#1054,#1055,#1056,#1057,#1058,#1059,#1060,#1061,#1062));
#278=EDGE_LOOP('',(#1063));
#279=EDGE_LOOP('',(#1064,#1065,#1066,#1067));
#280=EDGE_LOOP('',(#1068,#1069,#1070,#1071));
#281=EDGE_LOOP('',(#1072,#1073,#1074,#1075));
#282=EDGE_LOOP('',(#1076,#1077,#1078,#1079));
#283=EDGE_LOOP('',(#1080,#1081,#1082,#1083));
#284=EDGE_LOOP('',(#1084,#1085,#1086,#1087));
#285=EDGE_LOOP('',(#1088,#1089,#1090,#1091));
#286=EDGE_LOOP('',(#1092,#1093,#1094,#1095));
#287=EDGE_LOOP('',(#1096,#1097,#1098,#1099));
#288=EDGE_LOOP('',(#1100));
#289=EDGE_LOOP('',(#1101));
#290=EDGE_LOOP('',(#1102));
#291=EDGE_LOOP('',(#1103));
#292=EDGE_LOOP('',(#1104));
#293=EDGE_LOOP('',(#1105));
#294=EDGE_LOOP('',(#1106));
#295=EDGE_LOOP('',(#1107));
#296=EDGE_LOOP('',(#1108));
#297=EDGE_LOOP('',(#1109));
#298=EDGE_LOOP('',(#1110));
#299=EDGE_LOOP('',(#1111));
#300=EDGE_LOOP('',(#1112));
#301=EDGE_LOOP('',(#1113));
#302=EDGE_LOOP('',(#1114));
#303=EDGE_LOOP('',(#1115));
#304=EDGE_LOOP('',(#1116));
#305=EDGE_LOOP('',(#1117));
#306=EDGE_LOOP('',(#1118,#1119,#1120,#1121));
#307=EDGE_LOOP('',(#1122,#1123,#1124,#1125));
#308=EDGE_LOOP('',(#1126,#1127,#1128,#1129));
#309=EDGE_LOOP('',(#1130,#1131,#1132,#1133));
#310=EDGE_LOOP('',(#1134,#1135,#1136,#1137));
#311=EDGE_LOOP('',(#1138,#1139,#1140,#1141));
#312=EDGE_LOOP('',(#1142,#1143,#1144,#1145));
#313=EDGE_LOOP('',(#1146,#1147,#1148,#1149));
#314=EDGE_LOOP('',(#1150,#1151,#1152,#1153));
#315=EDGE_LOOP('',(#1154,#1155,#1156,#1157));
#316=EDGE_LOOP('',(#1158,#1159,#1160,#1161));
#317=EDGE_LOOP('',(#1162,#1163,#1164,#1165));
#318=EDGE_LOOP('',(#1166,#1167,#1168,#1169));
#319=EDGE_LOOP('',(#1170,#1171,#1172,#1173));
#320=EDGE_LOOP('',(#1174,#1175,#1176,#1177));
#321=EDGE_LOOP('',(#1178,#1179,#1180,#1181));
#322=EDGE_LOOP('',(#1182,#1183,#1184,#1185));
#323=EDGE_LOOP('',(#1186,#1187,#1188,#1189));
#324=EDGE_LOOP('',(#1190,#1191,#1192,#1193));
#325=EDGE_LOOP('',(#1194,#1195,#1196,#1197));
#326=EDGE_LOOP('',(#1198,#1199,#1200,#1201));
#327=EDGE_LOOP('',(#1202,#1203,#1204,#1205));
#328=EDGE_LOOP('',(#1206,#1207,#1208,#1209));
#329=EDGE_LOOP('',(#1210,#1211,#1212,#1213));
#330=EDGE_LOOP('',(#1214,#1215,#1216,#1217));
#331=EDGE_LOOP('',(#1218,#1219,#1220,#1221));
#332=EDGE_LOOP('',(#1222,#1223,#1224,#1225));
#333=EDGE_LOOP('',(#1226,#1227,#1228,#1229));
#334=EDGE_LOOP('',(#1230,#1231,#1232,#1233));
#335=EDGE_LOOP('',(#1234,#1235,#1236,#1237));
#336=EDGE_LOOP('',(#1238,#1239,#1240,#1241));
#337=EDGE_LOOP('',(#1242,#1243,#1244,#1245));
#338=EDGE_LOOP('',(#1246,#1247,#1248,#1249));
#339=EDGE_LOOP('',(#1250,#1251,#1252,#1253));
#340=EDGE_LOOP('',(#1254,#1255,#1256,#1257));
#341=EDGE_LOOP('',(#1258,#1259,#1260,#1261));
#342=EDGE_LOOP('',(#1262,#1263,#1264,#1265));
#343=EDGE_LOOP('',(#1266,#1267,#1268,#1269));
#344=EDGE_LOOP('',(#1270,#1271,#1272,#1273));
#345=EDGE_LOOP('',(#1274,#1275,#1276,#1277));
#346=EDGE_LOOP('',(#1278,#1279,#1280,#1281));
#347=EDGE_LOOP('',(#1282,#1283,#1284,#1285));
#348=EDGE_LOOP('',(#1286,#1287,#1288,#1289));
#349=EDGE_LOOP('',(#1290,#1291,#1292,#1293));
#350=EDGE_LOOP('',(#1294,#1295,#1296,#1297));
#351=EDGE_LOOP('',(#1298,#1299,#1300,#1301));
#352=EDGE_LOOP('',(#1302,#1303,#1304,#1305));
#353=EDGE_LOOP('',(#1306,#1307,#1308,#1309));
#354=EDGE_LOOP('',(#1310,#1311,#1312,#1313));
#355=EDGE_LOOP('',(#1314,#1315,#1316,#1317));
#356=EDGE_LOOP('',(#1318,#1319,#1320,#1321));
#357=EDGE_LOOP('',(#1322,#1323,#1324,#1325));
#358=EDGE_LOOP('',(#1326,#1327,#1328,#1329));
#359=EDGE_LOOP('',(#1330,#1331,#1332,#1333));
#360=EDGE_LOOP('',(#1334,#1335,#1336,#1337));
#361=EDGE_LOOP('',(#1338,#1339,#1340,#1341));
#362=EDGE_LOOP('',(#1342,#1343,#1344,#1345));
#363=EDGE_LOOP('',(#1346,#1347,#1348,#1349));
#364=EDGE_LOOP('',(#1350,#1351,#1352,#1353));
#365=EDGE_LOOP('',(#1354,#1355,#1356,#1357));
#366=EDGE_LOOP('',(#1358,#1359,#1360,#1361));
#367=EDGE_LOOP('',(#1362,#1363,#1364,#1365));
#368=EDGE_LOOP('',(#1366,#1367,#1368,#1369));
#369=EDGE_LOOP('',(#1370,#1371,#1372,#1373));
#370=EDGE_LOOP('',(#1374,#1375,#1376,#1377));
#371=EDGE_LOOP('',(#1378,#1379,#1380,#1381));
#372=EDGE_LOOP('',(#1382,#1383,#1384,#1385));
#373=EDGE_LOOP('',(#1386,#1387,#1388,#1389));
#374=EDGE_LOOP('',(#1390,#1391,#1392,#1393));
#375=EDGE_LOOP('',(#1394,#1395,#1396,#1397));
#376=EDGE_LOOP('',(#1398,#1399,#1400,#1401));
#377=EDGE_LOOP('',(#1402,#1403,#1404,#1405,#1406,#1407,#1408,#1409,#1410,
#1411,#1412,#1413,#1414,#1415,#1416,#1417,#1418,#1419));
#378=EDGE_LOOP('',(#1420));
#379=EDGE_LOOP('',(#1421));
#380=EDGE_LOOP('',(#1422));
#381=EDGE_LOOP('',(#1423));
#382=EDGE_LOOP('',(#1424));
#383=EDGE_LOOP('',(#1425));
#384=EDGE_LOOP('',(#1426));
#385=EDGE_LOOP('',(#1427));
#386=EDGE_LOOP('',(#1428));
#387=EDGE_LOOP('',(#1429));
#388=EDGE_LOOP('',(#1430));
#389=EDGE_LOOP('',(#1431));
#390=EDGE_LOOP('',(#1432));
#391=EDGE_LOOP('',(#1433));
#392=EDGE_LOOP('',(#1434));
#393=EDGE_LOOP('',(#1435));
#394=EDGE_LOOP('',(#1436));
#395=EDGE_LOOP('',(#1437));
#396=EDGE_LOOP('',(#1438,#1439,#1440,#1441));
#397=EDGE_LOOP('',(#1442,#1443,#1444,#1445));
#398=EDGE_LOOP('',(#1446,#1447,#1448,#1449));
#399=EDGE_LOOP('',(#1450,#1451,#1452,#1453));
#400=EDGE_LOOP('',(#1454,#1455,#1456,#1457));
#401=EDGE_LOOP('',(#1458,#1459,#1460,#1461));
#402=EDGE_LOOP('',(#1462,#1463,#1464,#1465));
#403=EDGE_LOOP('',(#1466,#1467,#1468,#1469));
#404=EDGE_LOOP('',(#1470,#1471,#1472,#1473));
#405=EDGE_LOOP('',(#1474));
#406=LINE('',#2227,#539);
#407=LINE('',#2229,#540);
#408=LINE('',#2231,#541);
#409=LINE('',#2232,#542);
#410=LINE('',#2235,#543);
#411=LINE('',#2237,#544);
#412=LINE('',#2238,#545);
#413=LINE('',#2241,#546);
#414=LINE('',#2243,#547);
#415=LINE('',#2247,#548);
#416=LINE('',#2251,#549);
#417=LINE('',#2253,#550);
#418=LINE('',#2255,#551);
#419=LINE('',#2257,#552);
#420=LINE('',#2261,#553);
#421=LINE('',#2265,#554);
#422=LINE('',#2269,#555);
#423=LINE('',#2275,#556);
#424=LINE('',#2279,#557);
#425=LINE('',#2283,#558);
#426=LINE('',#2287,#559);
#427=LINE('',#2291,#560);
#428=LINE('',#2295,#561);
#429=LINE('',#2299,#562);
#430=LINE('',#2303,#563);
#431=LINE('',#2307,#564);
#432=LINE('',#2311,#565);
#433=LINE('',#2315,#566);
#434=LINE('',#2319,#567);
#435=LINE('',#2323,#568);
#436=LINE('',#2327,#569);
#437=LINE('',#2331,#570);
#438=LINE('',#2335,#571);
#439=LINE('',#2339,#572);
#440=LINE('',#2343,#573);
#441=LINE('',#2384,#574);
#442=LINE('',#2385,#575);
#443=LINE('',#2386,#576);
#444=LINE('',#2389,#577);
#445=LINE('',#2390,#578);
#446=LINE('',#2394,#579);
#447=LINE('',#2395,#580);
#448=LINE('',#2396,#581);
#449=LINE('',#2400,#582);
#450=LINE('',#2402,#583);
#451=LINE('',#2405,#584);
#452=LINE('',#2406,#585);
#453=LINE('',#2409,#586);
#454=LINE('',#2413,#587);
#455=LINE('',#2417,#588);
#456=LINE('',#2421,#589);
#457=LINE('',#2425,#590);
#458=LINE('',#2429,#591);
#459=LINE('',#2433,#592);
#460=LINE('',#2437,#593);
#461=LINE('',#2441,#594);
#462=LINE('',#2445,#595);
#463=LINE('',#2449,#596);
#464=LINE('',#2453,#597);
#465=LINE('',#2457,#598);
#466=LINE('',#2461,#599);
#467=LINE('',#2465,#600);
#468=LINE('',#2469,#601);
#469=LINE('',#2473,#602);
#470=LINE('',#2477,#603);
#471=LINE('',#2482,#604);
#472=LINE('',#2483,#605);
#473=LINE('',#2484,#606);
#474=LINE('',#2488,#607);
#475=LINE('',#2491,#608);
#476=LINE('',#2492,#609);
#477=LINE('',#2498,#610);
#478=LINE('',#2499,#611);
#479=LINE('',#2500,#612);
#480=LINE('',#2504,#613);
#481=LINE('',#2507,#614);
#482=LINE('',#2508,#615);
#483=LINE('',#2514,#616);
#484=LINE('',#2515,#617);
#485=LINE('',#2516,#618);
#486=LINE('',#2520,#619);
#487=LINE('',#2523,#620);
#488=LINE('',#2524,#621);
#489=LINE('',#2530,#622);
#490=LINE('',#2531,#623);
#491=LINE('',#2532,#624);
#492=LINE('',#2536,#625);
#493=LINE('',#2539,#626);
#494=LINE('',#2540,#627);
#495=LINE('',#2546,#628);
#496=LINE('',#2547,#629);
#497=LINE('',#2548,#630);
#498=LINE('',#2552,#631);
#499=LINE('',#2555,#632);
#500=LINE('',#2556,#633);
#501=LINE('',#2561,#634);
#502=LINE('',#2562,#635);
#503=LINE('',#2565,#636);
#504=LINE('',#2566,#637);
#505=LINE('',#2572,#638);
#506=LINE('',#2573,#639);
#507=LINE('',#2574,#640);
#508=LINE('',#2578,#641);
#509=LINE('',#2581,#642);
#510=LINE('',#2582,#643);
#511=LINE('',#2588,#644);
#512=LINE('',#2589,#645);
#513=LINE('',#2590,#646);
#514=LINE('',#2594,#647);
#515=LINE('',#2597,#648);
#516=LINE('',#2598,#649);
#517=LINE('',#2604,#650);
#518=LINE('',#2605,#651);
#519=LINE('',#2606,#652);
#520=LINE('',#2610,#653);
#521=LINE('',#2613,#654);
#522=LINE('',#2614,#655);
#523=LINE('',#2620,#656);
#524=LINE('',#2621,#657);
#525=LINE('',#2622,#658);
#526=LINE('',#2626,#659);
#527=LINE('',#2629,#660);
#528=LINE('',#2630,#661);
#529=LINE('',#2635,#662);
#530=LINE('',#2641,#663);
#531=LINE('',#2642,#664);
#532=LINE('',#2645,#665);
#533=LINE('',#2646,#666);
#534=LINE('',#2652,#667);
#535=LINE('',#2655,#668);
#536=LINE('',#2656,#669);
#537=LINE('',#2660,#670);
#538=LINE('',#2662,#671);
#539=VECTOR('',#1770,10.);
#540=VECTOR('',#1771,10.);
#541=VECTOR('',#1772,10.);
#542=VECTOR('',#1773,10.);
#543=VECTOR('',#1776,10.);
#544=VECTOR('',#1777,10.);
#545=VECTOR('',#1778,10.);
#546=VECTOR('',#1781,10.);
#547=VECTOR('',#1782,10.);
#548=VECTOR('',#1785,10.);
#549=VECTOR('',#1788,10.);
#550=VECTOR('',#1789,10.);
#551=VECTOR('',#1790,10.);
#552=VECTOR('',#1791,10.);
#553=VECTOR('',#1794,10.);
#554=VECTOR('',#1797,10.);
#555=VECTOR('',#1800,10.);
#556=VECTOR('',#1805,10.);
#557=VECTOR('',#1808,10.);
#558=VECTOR('',#1811,10.);
#559=VECTOR('',#1814,10.);
#560=VECTOR('',#1817,10.);
#561=VECTOR('',#1820,10.);
#562=VECTOR('',#1823,10.);
#563=VECTOR('',#1826,10.);
#564=VECTOR('',#1829,10.);
#565=VECTOR('',#1832,10.);
#566=VECTOR('',#1835,10.);
#567=VECTOR('',#1838,10.);
#568=VECTOR('',#1841,10.);
#569=VECTOR('',#1844,10.);
#570=VECTOR('',#1847,10.);
#571=VECTOR('',#1850,10.);
#572=VECTOR('',#1853,10.);
#573=VECTOR('',#1856,10.);
#574=VECTOR('',#1897,10.);
#575=VECTOR('',#1898,10.);
#576=VECTOR('',#1899,10.);
#577=VECTOR('',#1902,10.);
#578=VECTOR('',#1903,10.);
#579=VECTOR('',#1906,10.);
#580=VECTOR('',#1907,10.);
#581=VECTOR('',#1908,10.);
#582=VECTOR('',#1913,10.);
#583=VECTOR('',#1916,10.);
#584=VECTOR('',#1919,10.);
#585=VECTOR('',#1920,10.);
#586=VECTOR('',#1923,1.25);
#587=VECTOR('',#1928,2.15);
#588=VECTOR('',#1933,1.25);
#589=VECTOR('',#1938,2.65);
#590=VECTOR('',#1943,2.65);
#591=VECTOR('',#1948,1.25);
#592=VECTOR('',#1953,1.25);
#593=VECTOR('',#1958,2.15);
#594=VECTOR('',#1963,2.15);
#595=VECTOR('',#1968,1.25);
#596=VECTOR('',#1973,2.15);
#597=VECTOR('',#1978,2.15);
#598=VECTOR('',#1983,2.65);
#599=VECTOR('',#1988,2.65);
#600=VECTOR('',#1993,2.15);
#601=VECTOR('',#1998,2.15);
#602=VECTOR('',#2003,1.25);
#603=VECTOR('',#2008,2.15);
#604=VECTOR('',#2013,10.);
#605=VECTOR('',#2014,10.);
#606=VECTOR('',#2015,10.);
#607=VECTOR('',#2020,10.);
#608=VECTOR('',#2023,10.);
#609=VECTOR('',#2024,10.);
#610=VECTOR('',#2031,10.);
#611=VECTOR('',#2032,10.);
#612=VECTOR('',#2033,10.);
#613=VECTOR('',#2038,10.);
#614=VECTOR('',#2041,10.);
#615=VECTOR('',#2042,10.);
#616=VECTOR('',#2049,10.);
#617=VECTOR('',#2050,10.);
#618=VECTOR('',#2051,10.);
#619=VECTOR('',#2056,10.);
#620=VECTOR('',#2059,10.);
#621=VECTOR('',#2060,10.);
#622=VECTOR('',#2067,10.);
#623=VECTOR('',#2068,10.);
#624=VECTOR('',#2069,10.);
#625=VECTOR('',#2074,10.);
#626=VECTOR('',#2077,10.);
#627=VECTOR('',#2078,10.);
#628=VECTOR('',#2085,10.);
#629=VECTOR('',#2086,10.);
#630=VECTOR('',#2087,10.);
#631=VECTOR('',#2092,10.);
#632=VECTOR('',#2095,10.);
#633=VECTOR('',#2096,10.);
#634=VECTOR('',#2103,10.);
#635=VECTOR('',#2104,10.);
#636=VECTOR('',#2107,10.);
#637=VECTOR('',#2108,10.);
#638=VECTOR('',#2115,10.);
#639=VECTOR('',#2116,10.);
#640=VECTOR('',#2117,10.);
#641=VECTOR('',#2122,10.);
#642=VECTOR('',#2125,10.);
#643=VECTOR('',#2126,10.);
#644=VECTOR('',#2133,10.);
#645=VECTOR('',#2134,10.);
#646=VECTOR('',#2135,10.);
#647=VECTOR('',#2140,10.);
#648=VECTOR('',#2143,10.);
#649=VECTOR('',#2144,10.);
#650=VECTOR('',#2151,10.);
#651=VECTOR('',#2152,10.);
#652=VECTOR('',#2153,10.);
#653=VECTOR('',#2158,10.);
#654=VECTOR('',#2161,10.);
#655=VECTOR('',#2162,10.);
#656=VECTOR('',#2169,10.);
#657=VECTOR('',#2170,10.);
#658=VECTOR('',#2171,10.);
#659=VECTOR('',#2176,10.);
#660=VECTOR('',#2179,10.);
#661=VECTOR('',#2180,10.);
#662=VECTOR('',#2187,29.);
#663=VECTOR('',#2194,10.);
#664=VECTOR('',#2195,10.);
#665=VECTOR('',#2198,10.);
#666=VECTOR('',#2199,10.);
#667=VECTOR('',#2208,10.);
#668=VECTOR('',#2211,10.);
#669=VECTOR('',#2212,10.);
#670=VECTOR('',#2217,10.);
#671=VECTOR('',#2220,10.);
#672=VERTEX_POINT('',#2225);
#673=VERTEX_POINT('',#2226);
#674=VERTEX_POINT('',#2228);
#675=VERTEX_POINT('',#2230);
#676=VERTEX_POINT('',#2234);
#677=VERTEX_POINT('',#2236);
#678=VERTEX_POINT('',#2240);
#679=VERTEX_POINT('',#2242);
#680=VERTEX_POINT('',#2244);
#681=VERTEX_POINT('',#2246);
#682=VERTEX_POINT('',#2248);
#683=VERTEX_POINT('',#2250);
#684=VERTEX_POINT('',#2252);
#685=VERTEX_POINT('',#2254);
#686=VERTEX_POINT('',#2256);
#687=VERTEX_POINT('',#2258);
#688=VERTEX_POINT('',#2260);
#689=VERTEX_POINT('',#2262);
#690=VERTEX_POINT('',#2264);
#691=VERTEX_POINT('',#2266);
#692=VERTEX_POINT('',#2268);
#693=VERTEX_POINT('',#2271);
#694=VERTEX_POINT('',#2273);
#695=VERTEX_POINT('',#2274);
#696=VERTEX_POINT('',#2276);
#697=VERTEX_POINT('',#2278);
#698=VERTEX_POINT('',#2281);
#699=VERTEX_POINT('',#2282);
#700=VERTEX_POINT('',#2284);
#701=VERTEX_POINT('',#2286);
#702=VERTEX_POINT('',#2289);
#703=VERTEX_POINT('',#2290);
#704=VERTEX_POINT('',#2292);
#705=VERTEX_POINT('',#2294);
#706=VERTEX_POINT('',#2297);
#707=VERTEX_POINT('',#2298);
#708=VERTEX_POINT('',#2300);
#709=VERTEX_POINT('',#2302);
#710=VERTEX_POINT('',#2305);
#711=VERTEX_POINT('',#2306);
#712=VERTEX_POINT('',#2308);
#713=VERTEX_POINT('',#2310);
#714=VERTEX_POINT('',#2313);
#715=VERTEX_POINT('',#2314);
#716=VERTEX_POINT('',#2316);
#717=VERTEX_POINT('',#2318);
#718=VERTEX_POINT('',#2321);
#719=VERTEX_POINT('',#2322);
#720=VERTEX_POINT('',#2324);
#721=VERTEX_POINT('',#2326);
#722=VERTEX_POINT('',#2329);
#723=VERTEX_POINT('',#2330);
#724=VERTEX_POINT('',#2332);
#725=VERTEX_POINT('',#2334);
#726=VERTEX_POINT('',#2337);
#727=VERTEX_POINT('',#2338);
#728=VERTEX_POINT('',#2340);
#729=VERTEX_POINT('',#2342);
#730=VERTEX_POINT('',#2345);
#731=VERTEX_POINT('',#2347);
#732=VERTEX_POINT('',#2349);
#733=VERTEX_POINT('',#2351);
#734=VERTEX_POINT('',#2353);
#735=VERTEX_POINT('',#2355);
#736=VERTEX_POINT('',#2357);
#737=VERTEX_POINT('',#2359);
#738=VERTEX_POINT('',#2361);
#739=VERTEX_POINT('',#2363);
#740=VERTEX_POINT('',#2365);
#741=VERTEX_POINT('',#2367);
#742=VERTEX_POINT('',#2369);
#743=VERTEX_POINT('',#2371);
#744=VERTEX_POINT('',#2373);
#745=VERTEX_POINT('',#2375);
#746=VERTEX_POINT('',#2377);
#747=VERTEX_POINT('',#2379);
#748=VERTEX_POINT('',#2382);
#749=VERTEX_POINT('',#2383);
#750=VERTEX_POINT('',#2388);
#751=VERTEX_POINT('',#2392);
#752=VERTEX_POINT('',#2393);
#753=VERTEX_POINT('',#2398);
#754=VERTEX_POINT('',#2404);
#755=VERTEX_POINT('',#2408);
#756=VERTEX_POINT('',#2412);
#757=VERTEX_POINT('',#2416);
#758=VERTEX_POINT('',#2420);
#759=VERTEX_POINT('',#2424);
#760=VERTEX_POINT('',#2428);
#761=VERTEX_POINT('',#2432);
#762=VERTEX_POINT('',#2436);
#763=VERTEX_POINT('',#2440);
#764=VERTEX_POINT('',#2444);
#765=VERTEX_POINT('',#2448);
#766=VERTEX_POINT('',#2452);
#767=VERTEX_POINT('',#2456);
#768=VERTEX_POINT('',#2460);
#769=VERTEX_POINT('',#2464);
#770=VERTEX_POINT('',#2468);
#771=VERTEX_POINT('',#2472);
#772=VERTEX_POINT('',#2476);
#773=VERTEX_POINT('',#2480);
#774=VERTEX_POINT('',#2481);
#775=VERTEX_POINT('',#2486);
#776=VERTEX_POINT('',#2490);
#777=VERTEX_POINT('',#2496);
#778=VERTEX_POINT('',#2497);
#779=VERTEX_POINT('',#2502);
#780=VERTEX_POINT('',#2506);
#781=VERTEX_POINT('',#2512);
#782=VERTEX_POINT('',#2513);
#783=VERTEX_POINT('',#2518);
#784=VERTEX_POINT('',#2522);
#785=VERTEX_POINT('',#2528);
#786=VERTEX_POINT('',#2529);
#787=VERTEX_POINT('',#2534);
#788=VERTEX_POINT('',#2538);
#789=VERTEX_POINT('',#2544);
#790=VERTEX_POINT('',#2545);
#791=VERTEX_POINT('',#2550);
#792=VERTEX_POINT('',#2554);
#793=VERTEX_POINT('',#2560);
#794=VERTEX_POINT('',#2564);
#795=VERTEX_POINT('',#2570);
#796=VERTEX_POINT('',#2571);
#797=VERTEX_POINT('',#2576);
#798=VERTEX_POINT('',#2580);
#799=VERTEX_POINT('',#2586);
#800=VERTEX_POINT('',#2587);
#801=VERTEX_POINT('',#2592);
#802=VERTEX_POINT('',#2596);
#803=VERTEX_POINT('',#2602);
#804=VERTEX_POINT('',#2603);
#805=VERTEX_POINT('',#2608);
#806=VERTEX_POINT('',#2612);
#807=VERTEX_POINT('',#2618);
#808=VERTEX_POINT('',#2619);
#809=VERTEX_POINT('',#2624);
#810=VERTEX_POINT('',#2628);
#811=VERTEX_POINT('',#2634);
#812=VERTEX_POINT('',#2638);
#813=VERTEX_POINT('',#2639);
#814=VERTEX_POINT('',#2644);
#815=VERTEX_POINT('',#2650);
#816=VERTEX_POINT('',#2654);
#817=VERTEX_POINT('',#2658);
#818=EDGE_CURVE('',#672,#673,#406,.T.);
#819=EDGE_CURVE('',#673,#674,#407,.T.);
#820=EDGE_CURVE('',#674,#675,#408,.T.);
#821=EDGE_CURVE('',#675,#672,#409,.T.);
#822=EDGE_CURVE('',#676,#673,#410,.T.);
#823=EDGE_CURVE('',#677,#676,#411,.T.);
#824=EDGE_CURVE('',#677,#674,#412,.T.);
#825=EDGE_CURVE('',#672,#678,#413,.T.);
#826=EDGE_CURVE('',#679,#678,#414,.T.);
#827=EDGE_CURVE('',#679,#680,#114,.T.);
#828=EDGE_CURVE('',#680,#681,#415,.T.);
#829=EDGE_CURVE('',#681,#682,#115,.T.);
#830=EDGE_CURVE('',#682,#683,#416,.T.);
#831=EDGE_CURVE('',#683,#684,#417,.T.);
#832=EDGE_CURVE('',#685,#684,#418,.T.);
#833=EDGE_CURVE('',#685,#686,#419,.T.);
#834=EDGE_CURVE('',#686,#687,#116,.T.);
#835=EDGE_CURVE('',#687,#688,#420,.T.);
#836=EDGE_CURVE('',#688,#689,#117,.T.);
#837=EDGE_CURVE('',#689,#690,#421,.T.);
#838=EDGE_CURVE('',#690,#691,#118,.T.);
#839=EDGE_CURVE('',#691,#692,#422,.T.);
#840=EDGE_CURVE('',#692,#676,#119,.T.);
#841=EDGE_CURVE('',#693,#693,#120,.T.);
#842=EDGE_CURVE('',#694,#695,#423,.T.);
#843=EDGE_CURVE('',#695,#696,#121,.T.);
#844=EDGE_CURVE('',#696,#697,#424,.T.);
#845=EDGE_CURVE('',#697,#694,#122,.T.);
#846=EDGE_CURVE('',#698,#699,#425,.T.);
#847=EDGE_CURVE('',#699,#700,#123,.T.);
#848=EDGE_CURVE('',#700,#701,#426,.T.);
#849=EDGE_CURVE('',#701,#698,#124,.T.);
#850=EDGE_CURVE('',#702,#703,#427,.T.);
#851=EDGE_CURVE('',#703,#704,#125,.T.);
#852=EDGE_CURVE('',#704,#705,#428,.T.);
#853=EDGE_CURVE('',#705,#702,#126,.T.);
#854=EDGE_CURVE('',#706,#707,#429,.T.);
#855=EDGE_CURVE('',#707,#708,#127,.T.);
#856=EDGE_CURVE('',#708,#709,#430,.T.);
#857=EDGE_CURVE('',#709,#706,#128,.T.);
#858=EDGE_CURVE('',#710,#711,#431,.T.);
#859=EDGE_CURVE('',#711,#712,#129,.T.);
#860=EDGE_CURVE('',#712,#713,#432,.T.);
#861=EDGE_CURVE('',#713,#710,#130,.T.);
#862=EDGE_CURVE('',#714,#715,#433,.T.);
#863=EDGE_CURVE('',#715,#716,#131,.T.);
#864=EDGE_CURVE('',#716,#717,#434,.T.);
#865=EDGE_CURVE('',#717,#714,#132,.T.);
#866=EDGE_CURVE('',#718,#719,#435,.T.);
#867=EDGE_CURVE('',#719,#720,#133,.T.);
#868=EDGE_CURVE('',#720,#721,#436,.T.);
#869=EDGE_CURVE('',#721,#718,#134,.T.);
#870=EDGE_CURVE('',#722,#723,#437,.T.);
#871=EDGE_CURVE('',#723,#724,#135,.T.);
#872=EDGE_CURVE('',#724,#725,#438,.T.);
#873=EDGE_CURVE('',#725,#722,#136,.T.);
#874=EDGE_CURVE('',#726,#727,#439,.T.);
#875=EDGE_CURVE('',#727,#728,#137,.T.);
#876=EDGE_CURVE('',#728,#729,#440,.T.);
#877=EDGE_CURVE('',#729,#726,#138,.T.);
#878=EDGE_CURVE('',#730,#730,#139,.T.);
#879=EDGE_CURVE('',#731,#731,#140,.T.);
#880=EDGE_CURVE('',#732,#732,#141,.T.);
#881=EDGE_CURVE('',#733,#733,#142,.T.);
#882=EDGE_CURVE('',#734,#734,#143,.T.);
#883=EDGE_CURVE('',#735,#735,#144,.T.);
#884=EDGE_CURVE('',#736,#736,#145,.T.);
#885=EDGE_CURVE('',#737,#737,#146,.T.);
#886=EDGE_CURVE('',#738,#738,#147,.T.);
#887=EDGE_CURVE('',#739,#739,#148,.T.);
#888=EDGE_CURVE('',#740,#740,#149,.T.);
#889=EDGE_CURVE('',#741,#741,#150,.T.);
#890=EDGE_CURVE('',#742,#742,#151,.T.);
#891=EDGE_CURVE('',#743,#743,#152,.T.);
#892=EDGE_CURVE('',#744,#744,#153,.T.);
#893=EDGE_CURVE('',#745,#745,#154,.T.);
#894=EDGE_CURVE('',#746,#746,#155,.T.);
#895=EDGE_CURVE('',#747,#747,#156,.T.);
#896=EDGE_CURVE('',#748,#749,#441,.T.);
#897=EDGE_CURVE('',#749,#685,#442,.T.);
#898=EDGE_CURVE('',#684,#748,#443,.T.);
#899=EDGE_CURVE('',#683,#750,#444,.T.);
#900=EDGE_CURVE('',#748,#750,#445,.T.);
#901=EDGE_CURVE('',#751,#752,#446,.T.);
#902=EDGE_CURVE('',#752,#679,#447,.T.);
#903=EDGE_CURVE('',#678,#751,#448,.T.);
#904=EDGE_CURVE('',#753,#752,#157,.T.);
#905=EDGE_CURVE('',#680,#753,#449,.T.);
#906=EDGE_CURVE('',#751,#675,#450,.T.);
#907=EDGE_CURVE('',#749,#754,#451,.T.);
#908=EDGE_CURVE('',#754,#686,#452,.T.);
#909=EDGE_CURVE('',#747,#755,#453,.T.);
#910=EDGE_CURVE('',#755,#755,#158,.T.);
#911=EDGE_CURVE('',#746,#756,#454,.T.);
#912=EDGE_CURVE('',#756,#756,#159,.T.);
#913=EDGE_CURVE('',#745,#757,#455,.T.);
#914=EDGE_CURVE('',#757,#757,#160,.T.);
#915=EDGE_CURVE('',#744,#758,#456,.T.);
#916=EDGE_CURVE('',#758,#758,#161,.T.);
#917=EDGE_CURVE('',#743,#759,#457,.T.);
#918=EDGE_CURVE('',#759,#759,#162,.T.);
#919=EDGE_CURVE('',#742,#760,#458,.T.);
#920=EDGE_CURVE('',#760,#760,#163,.T.);
#921=EDGE_CURVE('',#741,#761,#459,.T.);
#922=EDGE_CURVE('',#761,#761,#164,.T.);
#923=EDGE_CURVE('',#740,#762,#460,.T.);
#924=EDGE_CURVE('',#762,#762,#165,.T.);
#925=EDGE_CURVE('',#739,#763,#461,.T.);
#926=EDGE_CURVE('',#763,#763,#166,.T.);
#927=EDGE_CURVE('',#738,#764,#462,.T.);
#928=EDGE_CURVE('',#764,#764,#167,.T.);
#929=EDGE_CURVE('',#737,#765,#463,.T.);
#930=EDGE_CURVE('',#765,#765,#168,.T.);
#931=EDGE_CURVE('',#736,#766,#464,.T.);
#932=EDGE_CURVE('',#766,#766,#169,.T.);
#933=EDGE_CURVE('',#735,#767,#465,.T.);
#934=EDGE_CURVE('',#767,#767,#170,.T.);
#935=EDGE_CURVE('',#734,#768,#466,.T.);
#936=EDGE_CURVE('',#768,#768,#171,.T.);
#937=EDGE_CURVE('',#733,#769,#467,.T.);
#938=EDGE_CURVE('',#769,#769,#172,.T.);
#939=EDGE_CURVE('',#732,#770,#468,.T.);
#940=EDGE_CURVE('',#770,#770,#173,.T.);
#941=EDGE_CURVE('',#731,#771,#469,.T.);
#942=EDGE_CURVE('',#771,#771,#174,.T.);
#943=EDGE_CURVE('',#730,#772,#470,.T.);
#944=EDGE_CURVE('',#772,#772,#175,.T.);
#945=EDGE_CURVE('',#773,#774,#471,.T.);
#946=EDGE_CURVE('',#729,#773,#472,.T.);
#947=EDGE_CURVE('',#728,#774,#473,.T.);
#948=EDGE_CURVE('',#774,#775,#176,.T.);
#949=EDGE_CURVE('',#727,#775,#474,.T.);
#950=EDGE_CURVE('',#775,#776,#475,.T.);
#951=EDGE_CURVE('',#726,#776,#476,.T.);
#952=EDGE_CURVE('',#776,#773,#177,.T.);
#953=EDGE_CURVE('',#777,#778,#477,.T.);
#954=EDGE_CURVE('',#725,#777,#478,.T.);
#955=EDGE_CURVE('',#724,#778,#479,.T.);
#956=EDGE_CURVE('',#778,#779,#178,.T.);
#957=EDGE_CURVE('',#723,#779,#480,.T.);
#958=EDGE_CURVE('',#779,#780,#481,.T.);
#959=EDGE_CURVE('',#722,#780,#482,.T.);
#960=EDGE_CURVE('',#780,#777,#179,.T.);
#961=EDGE_CURVE('',#781,#782,#483,.T.);
#962=EDGE_CURVE('',#721,#781,#484,.T.);
#963=EDGE_CURVE('',#720,#782,#485,.T.);
#964=EDGE_CURVE('',#782,#783,#180,.T.);
#965=EDGE_CURVE('',#719,#783,#486,.T.);
#966=EDGE_CURVE('',#783,#784,#487,.T.);
#967=EDGE_CURVE('',#718,#784,#488,.T.);
#968=EDGE_CURVE('',#784,#781,#181,.T.);
#969=EDGE_CURVE('',#785,#786,#489,.T.);
#970=EDGE_CURVE('',#717,#785,#490,.T.);
#971=EDGE_CURVE('',#716,#786,#491,.T.);
#972=EDGE_CURVE('',#786,#787,#182,.T.);
#973=EDGE_CURVE('',#715,#787,#492,.T.);
#974=EDGE_CURVE('',#787,#788,#493,.T.);
#975=EDGE_CURVE('',#714,#788,#494,.T.);
#976=EDGE_CURVE('',#788,#785,#183,.T.);
#977=EDGE_CURVE('',#789,#790,#495,.T.);
#978=EDGE_CURVE('',#713,#789,#496,.T.);
#979=EDGE_CURVE('',#712,#790,#497,.T.);
#980=EDGE_CURVE('',#790,#791,#184,.T.);
#981=EDGE_CURVE('',#711,#791,#498,.T.);
#982=EDGE_CURVE('',#791,#792,#499,.T.);
#983=EDGE_CURVE('',#710,#792,#500,.T.);
#984=EDGE_CURVE('',#792,#789,#185,.T.);
#985=EDGE_CURVE('',#793,#753,#501,.T.);
#986=EDGE_CURVE('',#681,#793,#502,.T.);
#987=EDGE_CURVE('',#750,#794,#503,.T.);
#988=EDGE_CURVE('',#682,#794,#504,.T.);
#989=EDGE_CURVE('',#794,#793,#186,.T.);
#990=EDGE_CURVE('',#795,#796,#505,.T.);
#991=EDGE_CURVE('',#709,#795,#506,.T.);
#992=EDGE_CURVE('',#708,#796,#507,.T.);
#993=EDGE_CURVE('',#796,#797,#187,.T.);
#994=EDGE_CURVE('',#707,#797,#508,.T.);
#995=EDGE_CURVE('',#797,#798,#509,.T.);
#996=EDGE_CURVE('',#706,#798,#510,.T.);
#997=EDGE_CURVE('',#798,#795,#188,.T.);
#998=EDGE_CURVE('',#799,#800,#511,.T.);
#999=EDGE_CURVE('',#705,#799,#512,.T.);
#1000=EDGE_CURVE('',#704,#800,#513,.T.);
#1001=EDGE_CURVE('',#800,#801,#189,.T.);
#1002=EDGE_CURVE('',#703,#801,#514,.T.);
#1003=EDGE_CURVE('',#801,#802,#515,.T.);
#1004=EDGE_CURVE('',#702,#802,#516,.T.);
#1005=EDGE_CURVE('',#802,#799,#190,.T.);
#1006=EDGE_CURVE('',#803,#804,#517,.T.);
#1007=EDGE_CURVE('',#701,#803,#518,.T.);
#1008=EDGE_CURVE('',#700,#804,#519,.T.);
#1009=EDGE_CURVE('',#804,#805,#191,.T.);
#1010=EDGE_CURVE('',#699,#805,#520,.T.);
#1011=EDGE_CURVE('',#805,#806,#521,.T.);
#1012=EDGE_CURVE('',#698,#806,#522,.T.);
#1013=EDGE_CURVE('',#806,#803,#192,.T.);
#1014=EDGE_CURVE('',#807,#808,#523,.T.);
#1015=EDGE_CURVE('',#697,#807,#524,.T.);
#1016=EDGE_CURVE('',#696,#808,#525,.T.);
#1017=EDGE_CURVE('',#808,#809,#193,.T.);
#1018=EDGE_CURVE('',#695,#809,#526,.T.);
#1019=EDGE_CURVE('',#809,#810,#527,.T.);
#1020=EDGE_CURVE('',#694,#810,#528,.T.);
#1021=EDGE_CURVE('',#810,#807,#194,.T.);
#1022=EDGE_CURVE('',#693,#811,#529,.T.);
#1023=EDGE_CURVE('',#811,#811,#195,.T.);
#1024=EDGE_CURVE('',#812,#813,#196,.T.);
#1025=EDGE_CURVE('',#813,#689,#530,.T.);
#1026=EDGE_CURVE('',#812,#688,#531,.T.);
#1027=EDGE_CURVE('',#814,#812,#532,.T.);
#1028=EDGE_CURVE('',#814,#687,#533,.T.);
#1029=EDGE_CURVE('',#754,#814,#197,.T.);
#1030=EDGE_CURVE('',#815,#677,#198,.T.);
#1031=EDGE_CURVE('',#815,#692,#534,.T.);
#1032=EDGE_CURVE('',#816,#815,#535,.T.);
#1033=EDGE_CURVE('',#816,#691,#536,.T.);
#1034=EDGE_CURVE('',#817,#816,#199,.T.);
#1035=EDGE_CURVE('',#817,#690,#537,.T.);
#1036=EDGE_CURVE('',#813,#817,#538,.T.);
#1037=ORIENTED_EDGE('',*,*,#818,.T.);
#1038=ORIENTED_EDGE('',*,*,#819,.T.);
#1039=ORIENTED_EDGE('',*,*,#820,.T.);
#1040=ORIENTED_EDGE('',*,*,#821,.T.);
#1041=ORIENTED_EDGE('',*,*,#819,.F.);
#1042=ORIENTED_EDGE('',*,*,#822,.F.);
#1043=ORIENTED_EDGE('',*,*,#823,.F.);
#1044=ORIENTED_EDGE('',*,*,#824,.T.);
#1045=ORIENTED_EDGE('',*,*,#818,.F.);
#1046=ORIENTED_EDGE('',*,*,#825,.T.);
#1047=ORIENTED_EDGE('',*,*,#826,.F.);
#1048=ORIENTED_EDGE('',*,*,#827,.T.);
#1049=ORIENTED_EDGE('',*,*,#828,.T.);
#1050=ORIENTED_EDGE('',*,*,#829,.T.);
#1051=ORIENTED_EDGE('',*,*,#830,.T.);
#1052=ORIENTED_EDGE('',*,*,#831,.T.);
#1053=ORIENTED_EDGE('',*,*,#832,.F.);
#1054=ORIENTED_EDGE('',*,*,#833,.T.);
#1055=ORIENTED_EDGE('',*,*,#834,.T.);
#1056=ORIENTED_EDGE('',*,*,#835,.T.);
#1057=ORIENTED_EDGE('',*,*,#836,.T.);
#1058=ORIENTED_EDGE('',*,*,#837,.T.);
#1059=ORIENTED_EDGE('',*,*,#838,.T.);
#1060=ORIENTED_EDGE('',*,*,#839,.T.);
#1061=ORIENTED_EDGE('',*,*,#840,.T.);
#1062=ORIENTED_EDGE('',*,*,#822,.T.);
#1063=ORIENTED_EDGE('',*,*,#841,.T.);
#1064=ORIENTED_EDGE('',*,*,#842,.T.);
#1065=ORIENTED_EDGE('',*,*,#843,.T.);
#1066=ORIENTED_EDGE('',*,*,#844,.T.);
#1067=ORIENTED_EDGE('',*,*,#845,.T.);
#1068=ORIENTED_EDGE('',*,*,#846,.T.);
#1069=ORIENTED_EDGE('',*,*,#847,.T.);
#1070=ORIENTED_EDGE('',*,*,#848,.T.);
#1071=ORIENTED_EDGE('',*,*,#849,.T.);
#1072=ORIENTED_EDGE('',*,*,#850,.T.);
#1073=ORIENTED_EDGE('',*,*,#851,.T.);
#1074=ORIENTED_EDGE('',*,*,#852,.T.);
#1075=ORIENTED_EDGE('',*,*,#853,.T.);
#1076=ORIENTED_EDGE('',*,*,#854,.T.);
#1077=ORIENTED_EDGE('',*,*,#855,.T.);
#1078=ORIENTED_EDGE('',*,*,#856,.T.);
#1079=ORIENTED_EDGE('',*,*,#857,.T.);
#1080=ORIENTED_EDGE('',*,*,#858,.T.);
#1081=ORIENTED_EDGE('',*,*,#859,.T.);
#1082=ORIENTED_EDGE('',*,*,#860,.T.);
#1083=ORIENTED_EDGE('',*,*,#861,.T.);
#1084=ORIENTED_EDGE('',*,*,#862,.T.);
#1085=ORIENTED_EDGE('',*,*,#863,.T.);
#1086=ORIENTED_EDGE('',*,*,#864,.T.);
#1087=ORIENTED_EDGE('',*,*,#865,.T.);
#1088=ORIENTED_EDGE('',*,*,#866,.T.);
#1089=ORIENTED_EDGE('',*,*,#867,.T.);
#1090=ORIENTED_EDGE('',*,*,#868,.T.);
#1091=ORIENTED_EDGE('',*,*,#869,.T.);
#1092=ORIENTED_EDGE('',*,*,#870,.T.);
#1093=ORIENTED_EDGE('',*,*,#871,.T.);
#1094=ORIENTED_EDGE('',*,*,#872,.T.);
#1095=ORIENTED_EDGE('',*,*,#873,.T.);
#1096=ORIENTED_EDGE('',*,*,#874,.T.);
#1097=ORIENTED_EDGE('',*,*,#875,.T.);
#1098=ORIENTED_EDGE('',*,*,#876,.T.);
#1099=ORIENTED_EDGE('',*,*,#877,.T.);
#1100=ORIENTED_EDGE('',*,*,#878,.T.);
#1101=ORIENTED_EDGE('',*,*,#879,.T.);
#1102=ORIENTED_EDGE('',*,*,#880,.T.);
#1103=ORIENTED_EDGE('',*,*,#881,.T.);
#1104=ORIENTED_EDGE('',*,*,#882,.T.);
#1105=ORIENTED_EDGE('',*,*,#883,.T.);
#1106=ORIENTED_EDGE('',*,*,#884,.T.);
#1107=ORIENTED_EDGE('',*,*,#885,.T.);
#1108=ORIENTED_EDGE('',*,*,#886,.T.);
#1109=ORIENTED_EDGE('',*,*,#887,.T.);
#1110=ORIENTED_EDGE('',*,*,#888,.T.);
#1111=ORIENTED_EDGE('',*,*,#889,.T.);
#1112=ORIENTED_EDGE('',*,*,#890,.T.);
#1113=ORIENTED_EDGE('',*,*,#891,.T.);
#1114=ORIENTED_EDGE('',*,*,#892,.T.);
#1115=ORIENTED_EDGE('',*,*,#893,.T.);
#1116=ORIENTED_EDGE('',*,*,#894,.T.);
#1117=ORIENTED_EDGE('',*,*,#895,.T.);
#1118=ORIENTED_EDGE('',*,*,#896,.T.);
#1119=ORIENTED_EDGE('',*,*,#897,.T.);
#1120=ORIENTED_EDGE('',*,*,#832,.T.);
#1121=ORIENTED_EDGE('',*,*,#898,.T.);
#1122=ORIENTED_EDGE('',*,*,#898,.F.);
#1123=ORIENTED_EDGE('',*,*,#831,.F.);
#1124=ORIENTED_EDGE('',*,*,#899,.T.);
#1125=ORIENTED_EDGE('',*,*,#900,.F.);
#1126=ORIENTED_EDGE('',*,*,#901,.T.);
#1127=ORIENTED_EDGE('',*,*,#902,.T.);
#1128=ORIENTED_EDGE('',*,*,#826,.T.);
#1129=ORIENTED_EDGE('',*,*,#903,.T.);
#1130=ORIENTED_EDGE('',*,*,#902,.F.);
#1131=ORIENTED_EDGE('',*,*,#904,.F.);
#1132=ORIENTED_EDGE('',*,*,#905,.F.);
#1133=ORIENTED_EDGE('',*,*,#827,.F.);
#1134=ORIENTED_EDGE('',*,*,#821,.F.);
#1135=ORIENTED_EDGE('',*,*,#906,.F.);
#1136=ORIENTED_EDGE('',*,*,#903,.F.);
#1137=ORIENTED_EDGE('',*,*,#825,.F.);
#1138=ORIENTED_EDGE('',*,*,#897,.F.);
#1139=ORIENTED_EDGE('',*,*,#907,.T.);
#1140=ORIENTED_EDGE('',*,*,#908,.T.);
#1141=ORIENTED_EDGE('',*,*,#833,.F.);
#1142=ORIENTED_EDGE('',*,*,#895,.F.);
#1143=ORIENTED_EDGE('',*,*,#909,.T.);
#1144=ORIENTED_EDGE('',*,*,#910,.F.);
#1145=ORIENTED_EDGE('',*,*,#909,.F.);
#1146=ORIENTED_EDGE('',*,*,#894,.F.);
#1147=ORIENTED_EDGE('',*,*,#911,.T.);
#1148=ORIENTED_EDGE('',*,*,#912,.F.);
#1149=ORIENTED_EDGE('',*,*,#911,.F.);
#1150=ORIENTED_EDGE('',*,*,#893,.F.);
#1151=ORIENTED_EDGE('',*,*,#913,.T.);
#1152=ORIENTED_EDGE('',*,*,#914,.F.);
#1153=ORIENTED_EDGE('',*,*,#913,.F.);
#1154=ORIENTED_EDGE('',*,*,#892,.F.);
#1155=ORIENTED_EDGE('',*,*,#915,.T.);
#1156=ORIENTED_EDGE('',*,*,#916,.F.);
#1157=ORIENTED_EDGE('',*,*,#915,.F.);
#1158=ORIENTED_EDGE('',*,*,#891,.F.);
#1159=ORIENTED_EDGE('',*,*,#917,.T.);
#1160=ORIENTED_EDGE('',*,*,#918,.F.);
#1161=ORIENTED_EDGE('',*,*,#917,.F.);
#1162=ORIENTED_EDGE('',*,*,#890,.F.);
#1163=ORIENTED_EDGE('',*,*,#919,.T.);
#1164=ORIENTED_EDGE('',*,*,#920,.F.);
#1165=ORIENTED_EDGE('',*,*,#919,.F.);
#1166=ORIENTED_EDGE('',*,*,#889,.F.);
#1167=ORIENTED_EDGE('',*,*,#921,.T.);
#1168=ORIENTED_EDGE('',*,*,#922,.F.);
#1169=ORIENTED_EDGE('',*,*,#921,.F.);
#1170=ORIENTED_EDGE('',*,*,#888,.F.);
#1171=ORIENTED_EDGE('',*,*,#923,.T.);
#1172=ORIENTED_EDGE('',*,*,#924,.F.);
#1173=ORIENTED_EDGE('',*,*,#923,.F.);
#1174=ORIENTED_EDGE('',*,*,#887,.F.);
#1175=ORIENTED_EDGE('',*,*,#925,.T.);
#1176=ORIENTED_EDGE('',*,*,#926,.F.);
#1177=ORIENTED_EDGE('',*,*,#925,.F.);
#1178=ORIENTED_EDGE('',*,*,#886,.F.);
#1179=ORIENTED_EDGE('',*,*,#927,.T.);
#1180=ORIENTED_EDGE('',*,*,#928,.F.);
#1181=ORIENTED_EDGE('',*,*,#927,.F.);
#1182=ORIENTED_EDGE('',*,*,#885,.F.);
#1183=ORIENTED_EDGE('',*,*,#929,.T.);
#1184=ORIENTED_EDGE('',*,*,#930,.F.);
#1185=ORIENTED_EDGE('',*,*,#929,.F.);
#1186=ORIENTED_EDGE('',*,*,#884,.F.);
#1187=ORIENTED_EDGE('',*,*,#931,.T.);
#1188=ORIENTED_EDGE('',*,*,#932,.F.);
#1189=ORIENTED_EDGE('',*,*,#931,.F.);
#1190=ORIENTED_EDGE('',*,*,#883,.F.);
#1191=ORIENTED_EDGE('',*,*,#933,.T.);
#1192=ORIENTED_EDGE('',*,*,#934,.F.);
#1193=ORIENTED_EDGE('',*,*,#933,.F.);
#1194=ORIENTED_EDGE('',*,*,#882,.F.);
#1195=ORIENTED_EDGE('',*,*,#935,.T.);
#1196=ORIENTED_EDGE('',*,*,#936,.F.);
#1197=ORIENTED_EDGE('',*,*,#935,.F.);
#1198=ORIENTED_EDGE('',*,*,#881,.F.);
#1199=ORIENTED_EDGE('',*,*,#937,.T.);
#1200=ORIENTED_EDGE('',*,*,#938,.F.);
#1201=ORIENTED_EDGE('',*,*,#937,.F.);
#1202=ORIENTED_EDGE('',*,*,#880,.F.);
#1203=ORIENTED_EDGE('',*,*,#939,.T.);
#1204=ORIENTED_EDGE('',*,*,#940,.F.);
#1205=ORIENTED_EDGE('',*,*,#939,.F.);
#1206=ORIENTED_EDGE('',*,*,#879,.F.);
#1207=ORIENTED_EDGE('',*,*,#941,.T.);
#1208=ORIENTED_EDGE('',*,*,#942,.F.);
#1209=ORIENTED_EDGE('',*,*,#941,.F.);
#1210=ORIENTED_EDGE('',*,*,#878,.F.);
#1211=ORIENTED_EDGE('',*,*,#943,.T.);
#1212=ORIENTED_EDGE('',*,*,#944,.F.);
#1213=ORIENTED_EDGE('',*,*,#943,.F.);
#1214=ORIENTED_EDGE('',*,*,#945,.F.);
#1215=ORIENTED_EDGE('',*,*,#946,.F.);
#1216=ORIENTED_EDGE('',*,*,#876,.F.);
#1217=ORIENTED_EDGE('',*,*,#947,.T.);
#1218=ORIENTED_EDGE('',*,*,#948,.F.);
#1219=ORIENTED_EDGE('',*,*,#947,.F.);
#1220=ORIENTED_EDGE('',*,*,#875,.F.);
#1221=ORIENTED_EDGE('',*,*,#949,.T.);
#1222=ORIENTED_EDGE('',*,*,#950,.F.);
#1223=ORIENTED_EDGE('',*,*,#949,.F.);
#1224=ORIENTED_EDGE('',*,*,#874,.F.);
#1225=ORIENTED_EDGE('',*,*,#951,.T.);
#1226=ORIENTED_EDGE('',*,*,#952,.F.);
#1227=ORIENTED_EDGE('',*,*,#951,.F.);
#1228=ORIENTED_EDGE('',*,*,#877,.F.);
#1229=ORIENTED_EDGE('',*,*,#946,.T.);
#1230=ORIENTED_EDGE('',*,*,#953,.F.);
#1231=ORIENTED_EDGE('',*,*,#954,.F.);
#1232=ORIENTED_EDGE('',*,*,#872,.F.);
#1233=ORIENTED_EDGE('',*,*,#955,.T.);
#1234=ORIENTED_EDGE('',*,*,#956,.F.);
#1235=ORIENTED_EDGE('',*,*,#955,.F.);
#1236=ORIENTED_EDGE('',*,*,#871,.F.);
#1237=ORIENTED_EDGE('',*,*,#957,.T.);
#1238=ORIENTED_EDGE('',*,*,#958,.F.);
#1239=ORIENTED_EDGE('',*,*,#957,.F.);
#1240=ORIENTED_EDGE('',*,*,#870,.F.);
#1241=ORIENTED_EDGE('',*,*,#959,.T.);
#1242=ORIENTED_EDGE('',*,*,#960,.F.);
#1243=ORIENTED_EDGE('',*,*,#959,.F.);
#1244=ORIENTED_EDGE('',*,*,#873,.F.);
#1245=ORIENTED_EDGE('',*,*,#954,.T.);
#1246=ORIENTED_EDGE('',*,*,#961,.F.);
#1247=ORIENTED_EDGE('',*,*,#962,.F.);
#1248=ORIENTED_EDGE('',*,*,#868,.F.);
#1249=ORIENTED_EDGE('',*,*,#963,.T.);
#1250=ORIENTED_EDGE('',*,*,#964,.F.);
#1251=ORIENTED_EDGE('',*,*,#963,.F.);
#1252=ORIENTED_EDGE('',*,*,#867,.F.);
#1253=ORIENTED_EDGE('',*,*,#965,.T.);
#1254=ORIENTED_EDGE('',*,*,#966,.F.);
#1255=ORIENTED_EDGE('',*,*,#965,.F.);
#1256=ORIENTED_EDGE('',*,*,#866,.F.);
#1257=ORIENTED_EDGE('',*,*,#967,.T.);
#1258=ORIENTED_EDGE('',*,*,#968,.F.);
#1259=ORIENTED_EDGE('',*,*,#967,.F.);
#1260=ORIENTED_EDGE('',*,*,#869,.F.);
#1261=ORIENTED_EDGE('',*,*,#962,.T.);
#1262=ORIENTED_EDGE('',*,*,#969,.F.);
#1263=ORIENTED_EDGE('',*,*,#970,.F.);
#1264=ORIENTED_EDGE('',*,*,#864,.F.);
#1265=ORIENTED_EDGE('',*,*,#971,.T.);
#1266=ORIENTED_EDGE('',*,*,#972,.F.);
#1267=ORIENTED_EDGE('',*,*,#971,.F.);
#1268=ORIENTED_EDGE('',*,*,#863,.F.);
#1269=ORIENTED_EDGE('',*,*,#973,.T.);
#1270=ORIENTED_EDGE('',*,*,#974,.F.);
#1271=ORIENTED_EDGE('',*,*,#973,.F.);
#1272=ORIENTED_EDGE('',*,*,#862,.F.);
#1273=ORIENTED_EDGE('',*,*,#975,.T.);
#1274=ORIENTED_EDGE('',*,*,#976,.F.);
#1275=ORIENTED_EDGE('',*,*,#975,.F.);
#1276=ORIENTED_EDGE('',*,*,#865,.F.);
#1277=ORIENTED_EDGE('',*,*,#970,.T.);
#1278=ORIENTED_EDGE('',*,*,#977,.F.);
#1279=ORIENTED_EDGE('',*,*,#978,.F.);
#1280=ORIENTED_EDGE('',*,*,#860,.F.);
#1281=ORIENTED_EDGE('',*,*,#979,.T.);
#1282=ORIENTED_EDGE('',*,*,#980,.F.);
#1283=ORIENTED_EDGE('',*,*,#979,.F.);
#1284=ORIENTED_EDGE('',*,*,#859,.F.);
#1285=ORIENTED_EDGE('',*,*,#981,.T.);
#1286=ORIENTED_EDGE('',*,*,#982,.F.);
#1287=ORIENTED_EDGE('',*,*,#981,.F.);
#1288=ORIENTED_EDGE('',*,*,#858,.F.);
#1289=ORIENTED_EDGE('',*,*,#983,.T.);
#1290=ORIENTED_EDGE('',*,*,#984,.F.);
#1291=ORIENTED_EDGE('',*,*,#983,.F.);
#1292=ORIENTED_EDGE('',*,*,#861,.F.);
#1293=ORIENTED_EDGE('',*,*,#978,.T.);
#1294=ORIENTED_EDGE('',*,*,#985,.F.);
#1295=ORIENTED_EDGE('',*,*,#986,.F.);
#1296=ORIENTED_EDGE('',*,*,#828,.F.);
#1297=ORIENTED_EDGE('',*,*,#905,.T.);
#1298=ORIENTED_EDGE('',*,*,#987,.F.);
#1299=ORIENTED_EDGE('',*,*,#899,.F.);
#1300=ORIENTED_EDGE('',*,*,#830,.F.);
#1301=ORIENTED_EDGE('',*,*,#988,.T.);
#1302=ORIENTED_EDGE('',*,*,#989,.F.);
#1303=ORIENTED_EDGE('',*,*,#988,.F.);
#1304=ORIENTED_EDGE('',*,*,#829,.F.);
#1305=ORIENTED_EDGE('',*,*,#986,.T.);
#1306=ORIENTED_EDGE('',*,*,#990,.F.);
#1307=ORIENTED_EDGE('',*,*,#991,.F.);
#1308=ORIENTED_EDGE('',*,*,#856,.F.);
#1309=ORIENTED_EDGE('',*,*,#992,.T.);
#1310=ORIENTED_EDGE('',*,*,#993,.F.);
#1311=ORIENTED_EDGE('',*,*,#992,.F.);
#1312=ORIENTED_EDGE('',*,*,#855,.F.);
#1313=ORIENTED_EDGE('',*,*,#994,.T.);
#1314=ORIENTED_EDGE('',*,*,#995,.F.);
#1315=ORIENTED_EDGE('',*,*,#994,.F.);
#1316=ORIENTED_EDGE('',*,*,#854,.F.);
#1317=ORIENTED_EDGE('',*,*,#996,.T.);
#1318=ORIENTED_EDGE('',*,*,#997,.F.);
#1319=ORIENTED_EDGE('',*,*,#996,.F.);
#1320=ORIENTED_EDGE('',*,*,#857,.F.);
#1321=ORIENTED_EDGE('',*,*,#991,.T.);
#1322=ORIENTED_EDGE('',*,*,#998,.F.);
#1323=ORIENTED_EDGE('',*,*,#999,.F.);
#1324=ORIENTED_EDGE('',*,*,#852,.F.);
#1325=ORIENTED_EDGE('',*,*,#1000,.T.);
#1326=ORIENTED_EDGE('',*,*,#1001,.F.);
#1327=ORIENTED_EDGE('',*,*,#1000,.F.);
#1328=ORIENTED_EDGE('',*,*,#851,.F.);
#1329=ORIENTED_EDGE('',*,*,#1002,.T.);
#1330=ORIENTED_EDGE('',*,*,#1003,.F.);
#1331=ORIENTED_EDGE('',*,*,#1002,.F.);
#1332=ORIENTED_EDGE('',*,*,#850,.F.);
#1333=ORIENTED_EDGE('',*,*,#1004,.T.);
#1334=ORIENTED_EDGE('',*,*,#1005,.F.);
#1335=ORIENTED_EDGE('',*,*,#1004,.F.);
#1336=ORIENTED_EDGE('',*,*,#853,.F.);
#1337=ORIENTED_EDGE('',*,*,#999,.T.);
#1338=ORIENTED_EDGE('',*,*,#1006,.F.);
#1339=ORIENTED_EDGE('',*,*,#1007,.F.);
#1340=ORIENTED_EDGE('',*,*,#848,.F.);
#1341=ORIENTED_EDGE('',*,*,#1008,.T.);
#1342=ORIENTED_EDGE('',*,*,#1009,.F.);
#1343=ORIENTED_EDGE('',*,*,#1008,.F.);
#1344=ORIENTED_EDGE('',*,*,#847,.F.);
#1345=ORIENTED_EDGE('',*,*,#1010,.T.);
#1346=ORIENTED_EDGE('',*,*,#1011,.F.);
#1347=ORIENTED_EDGE('',*,*,#1010,.F.);
#1348=ORIENTED_EDGE('',*,*,#846,.F.);
#1349=ORIENTED_EDGE('',*,*,#1012,.T.);
#1350=ORIENTED_EDGE('',*,*,#1013,.F.);
#1351=ORIENTED_EDGE('',*,*,#1012,.F.);
#1352=ORIENTED_EDGE('',*,*,#849,.F.);
#1353=ORIENTED_EDGE('',*,*,#1007,.T.);
#1354=ORIENTED_EDGE('',*,*,#1014,.F.);
#1355=ORIENTED_EDGE('',*,*,#1015,.F.);
#1356=ORIENTED_EDGE('',*,*,#844,.F.);
#1357=ORIENTED_EDGE('',*,*,#1016,.T.);
#1358=ORIENTED_EDGE('',*,*,#1017,.F.);
#1359=ORIENTED_EDGE('',*,*,#1016,.F.);
#1360=ORIENTED_EDGE('',*,*,#843,.F.);
#1361=ORIENTED_EDGE('',*,*,#1018,.T.);
#1362=ORIENTED_EDGE('',*,*,#1019,.F.);
#1363=ORIENTED_EDGE('',*,*,#1018,.F.);
#1364=ORIENTED_EDGE('',*,*,#842,.F.);
#1365=ORIENTED_EDGE('',*,*,#1020,.T.);
#1366=ORIENTED_EDGE('',*,*,#1021,.F.);
#1367=ORIENTED_EDGE('',*,*,#1020,.F.);
#1368=ORIENTED_EDGE('',*,*,#845,.F.);
#1369=ORIENTED_EDGE('',*,*,#1015,.T.);
#1370=ORIENTED_EDGE('',*,*,#841,.F.);
#1371=ORIENTED_EDGE('',*,*,#1022,.T.);
#1372=ORIENTED_EDGE('',*,*,#1023,.T.);
#1373=ORIENTED_EDGE('',*,*,#1022,.F.);
#1374=ORIENTED_EDGE('',*,*,#1024,.T.);
#1375=ORIENTED_EDGE('',*,*,#1025,.T.);
#1376=ORIENTED_EDGE('',*,*,#836,.F.);
#1377=ORIENTED_EDGE('',*,*,#1026,.F.);
#1378=ORIENTED_EDGE('',*,*,#1027,.T.);
#1379=ORIENTED_EDGE('',*,*,#1026,.T.);
#1380=ORIENTED_EDGE('',*,*,#835,.F.);
#1381=ORIENTED_EDGE('',*,*,#1028,.F.);
#1382=ORIENTED_EDGE('',*,*,#1029,.T.);
#1383=ORIENTED_EDGE('',*,*,#1028,.T.);
#1384=ORIENTED_EDGE('',*,*,#834,.F.);
#1385=ORIENTED_EDGE('',*,*,#908,.F.);
#1386=ORIENTED_EDGE('',*,*,#1030,.T.);
#1387=ORIENTED_EDGE('',*,*,#823,.T.);
#1388=ORIENTED_EDGE('',*,*,#840,.F.);
#1389=ORIENTED_EDGE('',*,*,#1031,.F.);
#1390=ORIENTED_EDGE('',*,*,#1032,.T.);
#1391=ORIENTED_EDGE('',*,*,#1031,.T.);
#1392=ORIENTED_EDGE('',*,*,#839,.F.);
#1393=ORIENTED_EDGE('',*,*,#1033,.F.);
#1394=ORIENTED_EDGE('',*,*,#1034,.T.);
#1395=ORIENTED_EDGE('',*,*,#1033,.T.);
#1396=ORIENTED_EDGE('',*,*,#838,.F.);
#1397=ORIENTED_EDGE('',*,*,#1035,.F.);
#1398=ORIENTED_EDGE('',*,*,#1036,.T.);
#1399=ORIENTED_EDGE('',*,*,#1035,.T.);
#1400=ORIENTED_EDGE('',*,*,#837,.F.);
#1401=ORIENTED_EDGE('',*,*,#1025,.F.);
#1402=ORIENTED_EDGE('',*,*,#820,.F.);
#1403=ORIENTED_EDGE('',*,*,#824,.F.);
#1404=ORIENTED_EDGE('',*,*,#1030,.F.);
#1405=ORIENTED_EDGE('',*,*,#1032,.F.);
#1406=ORIENTED_EDGE('',*,*,#1034,.F.);
#1407=ORIENTED_EDGE('',*,*,#1036,.F.);
#1408=ORIENTED_EDGE('',*,*,#1024,.F.);
#1409=ORIENTED_EDGE('',*,*,#1027,.F.);
#1410=ORIENTED_EDGE('',*,*,#1029,.F.);
#1411=ORIENTED_EDGE('',*,*,#907,.F.);
#1412=ORIENTED_EDGE('',*,*,#896,.F.);
#1413=ORIENTED_EDGE('',*,*,#900,.T.);
#1414=ORIENTED_EDGE('',*,*,#987,.T.);
#1415=ORIENTED_EDGE('',*,*,#989,.T.);
#1416=ORIENTED_EDGE('',*,*,#985,.T.);
#1417=ORIENTED_EDGE('',*,*,#904,.T.);
#1418=ORIENTED_EDGE('',*,*,#901,.F.);
#1419=ORIENTED_EDGE('',*,*,#906,.T.);
#1420=ORIENTED_EDGE('',*,*,#910,.T.);
#1421=ORIENTED_EDGE('',*,*,#912,.T.);
#1422=ORIENTED_EDGE('',*,*,#914,.T.);
#1423=ORIENTED_EDGE('',*,*,#916,.T.);
#1424=ORIENTED_EDGE('',*,*,#918,.T.);
#1425=ORIENTED_EDGE('',*,*,#920,.T.);
#1426=ORIENTED_EDGE('',*,*,#922,.T.);
#1427=ORIENTED_EDGE('',*,*,#924,.T.);
#1428=ORIENTED_EDGE('',*,*,#926,.T.);
#1429=ORIENTED_EDGE('',*,*,#928,.T.);
#1430=ORIENTED_EDGE('',*,*,#930,.T.);
#1431=ORIENTED_EDGE('',*,*,#932,.T.);
#1432=ORIENTED_EDGE('',*,*,#934,.T.);
#1433=ORIENTED_EDGE('',*,*,#936,.T.);
#1434=ORIENTED_EDGE('',*,*,#938,.T.);
#1435=ORIENTED_EDGE('',*,*,#940,.T.);
#1436=ORIENTED_EDGE('',*,*,#942,.T.);
#1437=ORIENTED_EDGE('',*,*,#944,.T.);
#1438=ORIENTED_EDGE('',*,*,#950,.T.);
#1439=ORIENTED_EDGE('',*,*,#952,.T.);
#1440=ORIENTED_EDGE('',*,*,#945,.T.);
#1441=ORIENTED_EDGE('',*,*,#948,.T.);
#1442=ORIENTED_EDGE('',*,*,#958,.T.);
#1443=ORIENTED_EDGE('',*,*,#960,.T.);
#1444=ORIENTED_EDGE('',*,*,#953,.T.);
#1445=ORIENTED_EDGE('',*,*,#956,.T.);
#1446=ORIENTED_EDGE('',*,*,#966,.T.);
#1447=ORIENTED_EDGE('',*,*,#968,.T.);
#1448=ORIENTED_EDGE('',*,*,#961,.T.);
#1449=ORIENTED_EDGE('',*,*,#964,.T.);
#1450=ORIENTED_EDGE('',*,*,#974,.T.);
#1451=ORIENTED_EDGE('',*,*,#976,.T.);
#1452=ORIENTED_EDGE('',*,*,#969,.T.);
#1453=ORIENTED_EDGE('',*,*,#972,.T.);
#1454=ORIENTED_EDGE('',*,*,#982,.T.);
#1455=ORIENTED_EDGE('',*,*,#984,.T.);
#1456=ORIENTED_EDGE('',*,*,#977,.T.);
#1457=ORIENTED_EDGE('',*,*,#980,.T.);
#1458=ORIENTED_EDGE('',*,*,#995,.T.);
#1459=ORIENTED_EDGE('',*,*,#997,.T.);
#1460=ORIENTED_EDGE('',*,*,#990,.T.);
#1461=ORIENTED_EDGE('',*,*,#993,.T.);
#1462=ORIENTED_EDGE('',*,*,#1003,.T.);
#1463=ORIENTED_EDGE('',*,*,#1005,.T.);
#1464=ORIENTED_EDGE('',*,*,#998,.T.);
#1465=ORIENTED_EDGE('',*,*,#1001,.T.);
#1466=ORIENTED_EDGE('',*,*,#1011,.T.);
#1467=ORIENTED_EDGE('',*,*,#1013,.T.);
#1468=ORIENTED_EDGE('',*,*,#1006,.T.);
#1469=ORIENTED_EDGE('',*,*,#1009,.T.);
#1470=ORIENTED_EDGE('',*,*,#1019,.T.);
#1471=ORIENTED_EDGE('',*,*,#1021,.T.);
#1472=ORIENTED_EDGE('',*,*,#1014,.T.);
#1473=ORIENTED_EDGE('',*,*,#1017,.T.);
#1474=ORIENTED_EDGE('',*,*,#1023,.F.);
#1475=PLANE('',#1605);
#1476=PLANE('',#1606);
#1477=PLANE('',#1607);
#1478=PLANE('',#1651);
#1479=PLANE('',#1652);
#1480=PLANE('',#1653);
#1481=PLANE('',#1656);
#1482=PLANE('',#1657);
#1483=PLANE('',#1694);
#1484=PLANE('',#1697);
#1485=PLANE('',#1700);
#1486=PLANE('',#1703);
#1487=PLANE('',#1706);
#1488=PLANE('',#1709);
#1489=PLANE('',#1712);
#1490=PLANE('',#1715);
#1491=PLANE('',#1718);
#1492=PLANE('',#1721);
#1493=PLANE('',#1724);
#1494=PLANE('',#1725);
#1495=PLANE('',#1728);
#1496=PLANE('',#1731);
#1497=PLANE('',#1734);
#1498=PLANE('',#1737);
#1499=PLANE('',#1740);
#1500=PLANE('',#1743);
#1501=PLANE('',#1746);
#1502=PLANE('',#1749);
#1503=PLANE('',#1756);
#1504=PLANE('',#1761);
#1505=PLANE('',#1764);
#1506=PLANE('',#1765);
#1507=ADVANCED_FACE('',(#200),#1475,.T.);
#1508=ADVANCED_FACE('',(#201),#1476,.T.);
#1509=ADVANCED_FACE('',(#202,#58,#59,#60,#61,#62,#63,#64,#65,#66,#67,#68,
#69,#70,#71,#72,#73,#74,#75,#76,#77,#78,#79,#80,#81,#82,#83,#84,#85),#1477,
 .T.);
#1510=ADVANCED_FACE('',(#203),#1478,.T.);
#1511=ADVANCED_FACE('',(#204),#1479,.F.);
#1512=ADVANCED_FACE('',(#205),#1480,.T.);
#1513=ADVANCED_FACE('',(#206),#15,.F.);
#1514=ADVANCED_FACE('',(#207),#1481,.F.);
#1515=ADVANCED_FACE('',(#208),#1482,.T.);
#1516=ADVANCED_FACE('',(#209),#16,.F.);
#1517=ADVANCED_FACE('',(#210),#17,.F.);
#1518=ADVANCED_FACE('',(#211),#18,.F.);
#1519=ADVANCED_FACE('',(#212),#19,.F.);
#1520=ADVANCED_FACE('',(#213),#20,.F.);
#1521=ADVANCED_FACE('',(#214),#21,.F.);
#1522=ADVANCED_FACE('',(#215),#22,.F.);
#1523=ADVANCED_FACE('',(#216),#23,.F.);
#1524=ADVANCED_FACE('',(#217),#24,.F.);
#1525=ADVANCED_FACE('',(#218),#25,.F.);
#1526=ADVANCED_FACE('',(#219),#26,.F.);
#1527=ADVANCED_FACE('',(#220),#27,.F.);
#1528=ADVANCED_FACE('',(#221),#28,.F.);
#1529=ADVANCED_FACE('',(#222),#29,.F.);
#1530=ADVANCED_FACE('',(#223),#30,.F.);
#1531=ADVANCED_FACE('',(#224),#31,.F.);
#1532=ADVANCED_FACE('',(#225),#32,.F.);
#1533=ADVANCED_FACE('',(#226),#33,.F.);
#1534=ADVANCED_FACE('',(#227),#1483,.F.);
#1535=ADVANCED_FACE('',(#228),#34,.F.);
#1536=ADVANCED_FACE('',(#229),#1484,.F.);
#1537=ADVANCED_FACE('',(#230),#35,.T.);
#1538=ADVANCED_FACE('',(#231),#1485,.F.);
#1539=ADVANCED_FACE('',(#232),#36,.T.);
#1540=ADVANCED_FACE('',(#233),#1486,.F.);
#1541=ADVANCED_FACE('',(#234),#37,.F.);
#1542=ADVANCED_FACE('',(#235),#1487,.F.);
#1543=ADVANCED_FACE('',(#236),#38,.T.);
#1544=ADVANCED_FACE('',(#237),#1488,.F.);
#1545=ADVANCED_FACE('',(#238),#39,.F.);
#1546=ADVANCED_FACE('',(#239),#1489,.F.);
#1547=ADVANCED_FACE('',(#240),#40,.T.);
#1548=ADVANCED_FACE('',(#241),#1490,.F.);
#1549=ADVANCED_FACE('',(#242),#41,.F.);
#1550=ADVANCED_FACE('',(#243),#1491,.F.);
#1551=ADVANCED_FACE('',(#244),#42,.F.);
#1552=ADVANCED_FACE('',(#245),#1492,.F.);
#1553=ADVANCED_FACE('',(#246),#43,.T.);
#1554=ADVANCED_FACE('',(#247),#1493,.F.);
#1555=ADVANCED_FACE('',(#248),#1494,.F.);
#1556=ADVANCED_FACE('',(#249),#44,.T.);
#1557=ADVANCED_FACE('',(#250),#1495,.F.);
#1558=ADVANCED_FACE('',(#251),#45,.T.);
#1559=ADVANCED_FACE('',(#252),#1496,.F.);
#1560=ADVANCED_FACE('',(#253),#46,.F.);
#1561=ADVANCED_FACE('',(#254),#1497,.F.);
#1562=ADVANCED_FACE('',(#255),#47,.T.);
#1563=ADVANCED_FACE('',(#256),#1498,.F.);
#1564=ADVANCED_FACE('',(#257),#48,.F.);
#1565=ADVANCED_FACE('',(#258),#1499,.F.);
#1566=ADVANCED_FACE('',(#259),#49,.F.);
#1567=ADVANCED_FACE('',(#260),#1500,.F.);
#1568=ADVANCED_FACE('',(#261),#50,.T.);
#1569=ADVANCED_FACE('',(#262),#1501,.F.);
#1570=ADVANCED_FACE('',(#263),#51,.F.);
#1571=ADVANCED_FACE('',(#264),#1502,.F.);
#1572=ADVANCED_FACE('',(#265),#52,.T.);
#1573=ADVANCED_FACE('',(#266),#53,.F.);
#1574=ADVANCED_FACE('',(#267),#54,.T.);
#1575=ADVANCED_FACE('',(#268),#1503,.T.);
#1576=ADVANCED_FACE('',(#269),#55,.T.);
#1577=ADVANCED_FACE('',(#270),#56,.T.);
#1578=ADVANCED_FACE('',(#271),#1504,.T.);
#1579=ADVANCED_FACE('',(#272),#57,.T.);
#1580=ADVANCED_FACE('',(#273),#1505,.T.);
#1581=ADVANCED_FACE('',(#274,#86,#87,#88,#89,#90,#91,#92,#93,#94,#95,#96,
#97,#98,#99,#100,#101,#102,#103,#104,#105,#106,#107,#108,#109,#110,#111,
#112,#113),#1506,.F.);
#1582=CLOSED_SHELL('',(#1507,#1508,#1509,#1510,#1511,#1512,#1513,#1514,
#1515,#1516,#1517,#1518,#1519,#1520,#1521,#1522,#1523,#1524,#1525,#1526,
#1527,#1528,#1529,#1530,#1531,#1532,#1533,#1534,#1535,#1536,#1537,#1538,
#1539,#1540,#1541,#1542,#1543,#1544,#1545,#1546,#1547,#1548,#1549,#1550,
#1551,#1552,#1553,#1554,#1555,#1556,#1557,#1558,#1559,#1560,#1561,#1562,
#1563,#1564,#1565,#1566,#1567,#1568,#1569,#1570,#1571,#1572,#1573,#1574,
#1575,#1576,#1577,#1578,#1579,#1580,#1581));
#1583=DERIVED_UNIT_ELEMENT(#1586,1.);
#1584=DERIVED_UNIT_ELEMENT(#2669,-3.);
#1585=DIMENSIONAL_EXPONENTS(0.,1.,0.,0.,0.,0.,0.);
#1586=(
CONVERSION_BASED_UNIT('gram',#1588)
MASS_UNIT()
NAMED_UNIT(#1585)
);
#1587=(
MASS_UNIT()
NAMED_UNIT(*)
SI_UNIT(.KILO.,.GRAM.)
);
#1588=MASS_MEASURE_WITH_UNIT(MASS_MEASURE(0.001),#1587);
#1589=DERIVED_UNIT((#1583,#1584));
#1590=MEASURE_REPRESENTATION_ITEM('density measure',
POSITIVE_RATIO_MEASURE(1.),#1589);
#1591=PROPERTY_DEFINITION_REPRESENTATION(#1596,#1593);
#1592=PROPERTY_DEFINITION_REPRESENTATION(#1597,#1594);
#1593=REPRESENTATION('material name',(#1595),#2666);
#1594=REPRESENTATION('density',(#1590),#2666);
#1595=DESCRIPTIVE_REPRESENTATION_ITEM('Generic','Generic');
#1596=PROPERTY_DEFINITION('material property','material name',#2676);
#1597=PROPERTY_DEFINITION('material property','density of part',#2676);
#1598=DATE_TIME_ROLE('creation_date');
#1599=APPLIED_DATE_AND_TIME_ASSIGNMENT(#1600,#1598,(#2676));
#1600=DATE_AND_TIME(#1601,#1602);
#1601=CALENDAR_DATE(2026,12,4);
#1602=LOCAL_TIME(0,0,0.,#1603);
#1603=COORDINATED_UNIVERSAL_TIME_OFFSET(0,0,.BEHIND.);
#1604=AXIS2_PLACEMENT_3D('',#2223,#1766,#1767);
#1605=AXIS2_PLACEMENT_3D('',#2224,#1768,#1769);
#1606=AXIS2_PLACEMENT_3D('',#2233,#1774,#1775);
#1607=AXIS2_PLACEMENT_3D('',#2239,#1779,#1780);
#1608=AXIS2_PLACEMENT_3D('',#2245,#1783,#1784);
#1609=AXIS2_PLACEMENT_3D('',#2249,#1786,#1787);
#1610=AXIS2_PLACEMENT_3D('',#2259,#1792,#1793);
#1611=AXIS2_PLACEMENT_3D('',#2263,#1795,#1796);
#1612=AXIS2_PLACEMENT_3D('',#2267,#1798,#1799);
#1613=AXIS2_PLACEMENT_3D('',#2270,#1801,#1802);
#1614=AXIS2_PLACEMENT_3D('',#2272,#1803,#1804);
#1615=AXIS2_PLACEMENT_3D('',#2277,#1806,#1807);
#1616=AXIS2_PLACEMENT_3D('',#2280,#1809,#1810);
#1617=AXIS2_PLACEMENT_3D('',#2285,#1812,#1813);
#1618=AXIS2_PLACEMENT_3D('',#2288,#1815,#1816);
#1619=AXIS2_PLACEMENT_3D('',#2293,#1818,#1819);
#1620=AXIS2_PLACEMENT_3D('',#2296,#1821,#1822);
#1621=AXIS2_PLACEMENT_3D('',#2301,#1824,#1825);
#1622=AXIS2_PLACEMENT_3D('',#2304,#1827,#1828);
#1623=AXIS2_PLACEMENT_3D('',#2309,#1830,#1831);
#1624=AXIS2_PLACEMENT_3D('',#2312,#1833,#1834);
#1625=AXIS2_PLACEMENT_3D('',#2317,#1836,#1837);
#1626=AXIS2_PLACEMENT_3D('',#2320,#1839,#1840);
#1627=AXIS2_PLACEMENT_3D('',#2325,#1842,#1843);
#1628=AXIS2_PLACEMENT_3D('',#2328,#1845,#1846);
#1629=AXIS2_PLACEMENT_3D('',#2333,#1848,#1849);
#1630=AXIS2_PLACEMENT_3D('',#2336,#1851,#1852);
#1631=AXIS2_PLACEMENT_3D('',#2341,#1854,#1855);
#1632=AXIS2_PLACEMENT_3D('',#2344,#1857,#1858);
#1633=AXIS2_PLACEMENT_3D('',#2346,#1859,#1860);
#1634=AXIS2_PLACEMENT_3D('',#2348,#1861,#1862);
#1635=AXIS2_PLACEMENT_3D('',#2350,#1863,#1864);
#1636=AXIS2_PLACEMENT_3D('',#2352,#1865,#1866);
#1637=AXIS2_PLACEMENT_3D('',#2354,#1867,#1868);
#1638=AXIS2_PLACEMENT_3D('',#2356,#1869,#1870);
#1639=AXIS2_PLACEMENT_3D('',#2358,#1871,#1872);
#1640=AXIS2_PLACEMENT_3D('',#2360,#1873,#1874);
#1641=AXIS2_PLACEMENT_3D('',#2362,#1875,#1876);
#1642=AXIS2_PLACEMENT_3D('',#2364,#1877,#1878);
#1643=AXIS2_PLACEMENT_3D('',#2366,#1879,#1880);
#1644=AXIS2_PLACEMENT_3D('',#2368,#1881,#1882);
#1645=AXIS2_PLACEMENT_3D('',#2370,#1883,#1884);
#1646=AXIS2_PLACEMENT_3D('',#2372,#1885,#1886);
#1647=AXIS2_PLACEMENT_3D('',#2374,#1887,#1888);
#1648=AXIS2_PLACEMENT_3D('',#2376,#1889,#1890);
#1649=AXIS2_PLACEMENT_3D('',#2378,#1891,#1892);
#1650=AXIS2_PLACEMENT_3D('',#2380,#1893,#1894);
#1651=AXIS2_PLACEMENT_3D('',#2381,#1895,#1896);
#1652=AXIS2_PLACEMENT_3D('',#2387,#1900,#1901);
#1653=AXIS2_PLACEMENT_3D('',#2391,#1904,#1905);
#1654=AXIS2_PLACEMENT_3D('',#2397,#1909,#1910);
#1655=AXIS2_PLACEMENT_3D('',#2399,#1911,#1912);
#1656=AXIS2_PLACEMENT_3D('',#2401,#1914,#1915);
#1657=AXIS2_PLACEMENT_3D('',#2403,#1917,#1918);
#1658=AXIS2_PLACEMENT_3D('',#2407,#1921,#1922);
#1659=AXIS2_PLACEMENT_3D('',#2410,#1924,#1925);
#1660=AXIS2_PLACEMENT_3D('',#2411,#1926,#1927);
#1661=AXIS2_PLACEMENT_3D('',#2414,#1929,#1930);
#1662=AXIS2_PLACEMENT_3D('',#2415,#1931,#1932);
#1663=AXIS2_PLACEMENT_3D('',#2418,#1934,#1935);
#1664=AXIS2_PLACEMENT_3D('',#2419,#1936,#1937);
#1665=AXIS2_PLACEMENT_3D('',#2422,#1939,#1940);
#1666=AXIS2_PLACEMENT_3D('',#2423,#1941,#1942);
#1667=AXIS2_PLACEMENT_3D('',#2426,#1944,#1945);
#1668=AXIS2_PLACEMENT_3D('',#2427,#1946,#1947);
#1669=AXIS2_PLACEMENT_3D('',#2430,#1949,#1950);
#1670=AXIS2_PLACEMENT_3D('',#2431,#1951,#1952);
#1671=AXIS2_PLACEMENT_3D('',#2434,#1954,#1955);
#1672=AXIS2_PLACEMENT_3D('',#2435,#1956,#1957);
#1673=AXIS2_PLACEMENT_3D('',#2438,#1959,#1960);
#1674=AXIS2_PLACEMENT_3D('',#2439,#1961,#1962);
#1675=AXIS2_PLACEMENT_3D('',#2442,#1964,#1965);
#1676=AXIS2_PLACEMENT_3D('',#2443,#1966,#1967);
#1677=AXIS2_PLACEMENT_3D('',#2446,#1969,#1970);
#1678=AXIS2_PLACEMENT_3D('',#2447,#1971,#1972);
#1679=AXIS2_PLACEMENT_3D('',#2450,#1974,#1975);
#1680=AXIS2_PLACEMENT_3D('',#2451,#1976,#1977);
#1681=AXIS2_PLACEMENT_3D('',#2454,#1979,#1980);
#1682=AXIS2_PLACEMENT_3D('',#2455,#1981,#1982);
#1683=AXIS2_PLACEMENT_3D('',#2458,#1984,#1985);
#1684=AXIS2_PLACEMENT_3D('',#2459,#1986,#1987);
#1685=AXIS2_PLACEMENT_3D('',#2462,#1989,#1990);
#1686=AXIS2_PLACEMENT_3D('',#2463,#1991,#1992);
#1687=AXIS2_PLACEMENT_3D('',#2466,#1994,#1995);
#1688=AXIS2_PLACEMENT_3D('',#2467,#1996,#1997);
#1689=AXIS2_PLACEMENT_3D('',#2470,#1999,#2000);
#1690=AXIS2_PLACEMENT_3D('',#2471,#2001,#2002);
#1691=AXIS2_PLACEMENT_3D('',#2474,#2004,#2005);
#1692=AXIS2_PLACEMENT_3D('',#2475,#2006,#2007);
#1693=AXIS2_PLACEMENT_3D('',#2478,#2009,#2010);
#1694=AXIS2_PLACEMENT_3D('',#2479,#2011,#2012);
#1695=AXIS2_PLACEMENT_3D('',#2485,#2016,#2017);
#1696=AXIS2_PLACEMENT_3D('',#2487,#2018,#2019);
#1697=AXIS2_PLACEMENT_3D('',#2489,#2021,#2022);
#1698=AXIS2_PLACEMENT_3D('',#2493,#2025,#2026);
#1699=AXIS2_PLACEMENT_3D('',#2494,#2027,#2028);
#1700=AXIS2_PLACEMENT_3D('',#2495,#2029,#2030);
#1701=AXIS2_PLACEMENT_3D('',#2501,#2034,#2035);
#1702=AXIS2_PLACEMENT_3D('',#2503,#2036,#2037);
#1703=AXIS2_PLACEMENT_3D('',#2505,#2039,#2040);
#1704=AXIS2_PLACEMENT_3D('',#2509,#2043,#2044);
#1705=AXIS2_PLACEMENT_3D('',#2510,#2045,#2046);
#1706=AXIS2_PLACEMENT_3D('',#2511,#2047,#2048);
#1707=AXIS2_PLACEMENT_3D('',#2517,#2052,#2053);
#1708=AXIS2_PLACEMENT_3D('',#2519,#2054,#2055);
#1709=AXIS2_PLACEMENT_3D('',#2521,#2057,#2058);
#1710=AXIS2_PLACEMENT_3D('',#2525,#2061,#2062);
#1711=AXIS2_PLACEMENT_3D('',#2526,#2063,#2064);
#1712=AXIS2_PLACEMENT_3D('',#2527,#2065,#2066);
#1713=AXIS2_PLACEMENT_3D('',#2533,#2070,#2071);
#1714=AXIS2_PLACEMENT_3D('',#2535,#2072,#2073);
#1715=AXIS2_PLACEMENT_3D('',#2537,#2075,#2076);
#1716=AXIS2_PLACEMENT_3D('',#2541,#2079,#2080);
#1717=AXIS2_PLACEMENT_3D('',#2542,#2081,#2082);
#1718=AXIS2_PLACEMENT_3D('',#2543,#2083,#2084);
#1719=AXIS2_PLACEMENT_3D('',#2549,#2088,#2089);
#1720=AXIS2_PLACEMENT_3D('',#2551,#2090,#2091);
#1721=AXIS2_PLACEMENT_3D('',#2553,#2093,#2094);
#1722=AXIS2_PLACEMENT_3D('',#2557,#2097,#2098);
#1723=AXIS2_PLACEMENT_3D('',#2558,#2099,#2100);
#1724=AXIS2_PLACEMENT_3D('',#2559,#2101,#2102);
#1725=AXIS2_PLACEMENT_3D('',#2563,#2105,#2106);
#1726=AXIS2_PLACEMENT_3D('',#2567,#2109,#2110);
#1727=AXIS2_PLACEMENT_3D('',#2568,#2111,#2112);
#1728=AXIS2_PLACEMENT_3D('',#2569,#2113,#2114);
#1729=AXIS2_PLACEMENT_3D('',#2575,#2118,#2119);
#1730=AXIS2_PLACEMENT_3D('',#2577,#2120,#2121);
#1731=AXIS2_PLACEMENT_3D('',#2579,#2123,#2124);
#1732=AXIS2_PLACEMENT_3D('',#2583,#2127,#2128);
#1733=AXIS2_PLACEMENT_3D('',#2584,#2129,#2130);
#1734=AXIS2_PLACEMENT_3D('',#2585,#2131,#2132);
#1735=AXIS2_PLACEMENT_3D('',#2591,#2136,#2137);
#1736=AXIS2_PLACEMENT_3D('',#2593,#2138,#2139);
#1737=AXIS2_PLACEMENT_3D('',#2595,#2141,#2142);
#1738=AXIS2_PLACEMENT_3D('',#2599,#2145,#2146);
#1739=AXIS2_PLACEMENT_3D('',#2600,#2147,#2148);
#1740=AXIS2_PLACEMENT_3D('',#2601,#2149,#2150);
#1741=AXIS2_PLACEMENT_3D('',#2607,#2154,#2155);
#1742=AXIS2_PLACEMENT_3D('',#2609,#2156,#2157);
#1743=AXIS2_PLACEMENT_3D('',#2611,#2159,#2160);
#1744=AXIS2_PLACEMENT_3D('',#2615,#2163,#2164);
#1745=AXIS2_PLACEMENT_3D('',#2616,#2165,#2166);
#1746=AXIS2_PLACEMENT_3D('',#2617,#2167,#2168);
#1747=AXIS2_PLACEMENT_3D('',#2623,#2172,#2173);
#1748=AXIS2_PLACEMENT_3D('',#2625,#2174,#2175);
#1749=AXIS2_PLACEMENT_3D('',#2627,#2177,#2178);
#1750=AXIS2_PLACEMENT_3D('',#2631,#2181,#2182);
#1751=AXIS2_PLACEMENT_3D('',#2632,#2183,#2184);
#1752=AXIS2_PLACEMENT_3D('',#2633,#2185,#2186);
#1753=AXIS2_PLACEMENT_3D('',#2636,#2188,#2189);
#1754=AXIS2_PLACEMENT_3D('',#2637,#2190,#2191);
#1755=AXIS2_PLACEMENT_3D('',#2640,#2192,#2193);
#1756=AXIS2_PLACEMENT_3D('',#2643,#2196,#2197);
#1757=AXIS2_PLACEMENT_3D('',#2647,#2200,#2201);
#1758=AXIS2_PLACEMENT_3D('',#2648,#2202,#2203);
#1759=AXIS2_PLACEMENT_3D('',#2649,#2204,#2205);
#1760=AXIS2_PLACEMENT_3D('',#2651,#2206,#2207);
#1761=AXIS2_PLACEMENT_3D('',#2653,#2209,#2210);
#1762=AXIS2_PLACEMENT_3D('',#2657,#2213,#2214);
#1763=AXIS2_PLACEMENT_3D('',#2659,#2215,#2216);
#1764=AXIS2_PLACEMENT_3D('',#2661,#2218,#2219);
#1765=AXIS2_PLACEMENT_3D('',#2663,#2221,#2222);
#1766=DIRECTION('axis',(0.,0.,1.));
#1767=DIRECTION('refdir',(1.,0.,0.));
#1768=DIRECTION('center_axis',(0.759046200566087,0.65103676194681,0.));
#1769=DIRECTION('ref_axis',(0.,0.,-1.));
#1770=DIRECTION('',(0.65103676194681,-0.759046200566087,0.));
#1771=DIRECTION('',(0.,0.,-1.));
#1772=DIRECTION('',(-0.65103676194681,0.759046200566087,0.));
#1773=DIRECTION('',(0.,0.,1.));
#1774=DIRECTION('center_axis',(1.,1.09651656753102E-16,0.));
#1775=DIRECTION('ref_axis',(-1.09651656753102E-16,1.,0.));
#1776=DIRECTION('',(-1.09651656753102E-16,1.,0.));
#1777=DIRECTION('',(0.,0.,1.));
#1778=DIRECTION('',(-1.09651656753102E-16,1.,0.));
#1779=DIRECTION('center_axis',(0.,0.,1.));
#1780=DIRECTION('ref_axis',(1.,0.,0.));
#1781=DIRECTION('',(-0.988333961169149,0.152302269187625,0.));
#1782=DIRECTION('',(0.923465647764712,0.383681114206186,0.));
#1783=DIRECTION('center_axis',(0.,0.,-1.));
#1784=DIRECTION('ref_axis',(1.,0.,0.));
#1785=DIRECTION('',(-0.712636525488543,0.701533450763124,0.));
#1786=DIRECTION('center_axis',(0.,0.,1.));
#1787=DIRECTION('ref_axis',(-1.,0.,0.));
#1788=DIRECTION('',(0.999567878621936,0.0293948299407095,0.));
#1789=DIRECTION('',(1.,0.,0.));
#1790=DIRECTION('',(-0.707106781186544,-0.707106781186551,0.));
#1791=DIRECTION('',(-1.09651656753102E-16,1.,0.));
#1792=DIRECTION('center_axis',(0.,0.,1.));
#1793=DIRECTION('ref_axis',(1.,4.44089209850063E-16,0.));
#1794=DIRECTION('',(-1.,1.09651656753102E-16,0.));
#1795=DIRECTION('center_axis',(0.,0.,1.));
#1796=DIRECTION('ref_axis',(4.44089209850063E-16,1.,0.));
#1797=DIRECTION('',(2.19303313506204E-16,-1.,0.));
#1798=DIRECTION('center_axis',(0.,0.,1.));
#1799=DIRECTION('ref_axis',(-1.,4.44089209850063E-16,0.));
#1800=DIRECTION('',(1.,2.19303313506204E-16,0.));
#1801=DIRECTION('center_axis',(0.,0.,1.));
#1802=DIRECTION('ref_axis',(-3.10862446895045E-15,-1.,0.));
#1803=DIRECTION('center_axis',(0.,0.,-1.));
#1804=DIRECTION('ref_axis',(-1.,0.,0.));
#1805=DIRECTION('',(-0.204752570877111,0.978813764063018,0.));
#1806=DIRECTION('center_axis',(0.,0.,-1.));
#1807=DIRECTION('ref_axis',(1.,0.,0.));
#1808=DIRECTION('',(-0.143382580519527,-0.989667335827328,0.));
#1809=DIRECTION('center_axis',(0.,0.,1.));
#1810=DIRECTION('ref_axis',(-1.,0.,0.));
#1811=DIRECTION('',(0.557339985328876,-0.830284373424918,0.));
#1812=DIRECTION('center_axis',(0.,0.,-1.));
#1813=DIRECTION('ref_axis',(1.,0.,0.));
#1814=DIRECTION('',(-0.15389146888587,0.988087757137062,0.));
#1815=DIRECTION('center_axis',(0.,0.,1.));
#1816=DIRECTION('ref_axis',(-1.,0.,0.));
#1817=DIRECTION('',(0.962695170939442,-0.270588262587052,0.));
#1818=DIRECTION('center_axis',(0.,0.,1.));
#1819=DIRECTION('ref_axis',(-1.,0.,0.));
#1820=DIRECTION('',(-0.998198403109642,-0.0599995669097759,0.));
#1821=DIRECTION('center_axis',(0.,0.,-1.));
#1822=DIRECTION('ref_axis',(1.,0.,0.));
#1823=DIRECTION('',(0.982092977479133,0.18839687785675,0.));
#1824=DIRECTION('center_axis',(0.,0.,1.));
#1825=DIRECTION('ref_axis',(-1.,0.,0.));
#1826=DIRECTION('',(-0.752288913043498,-0.658833356253182,0.));
#1827=DIRECTION('center_axis',(0.,0.,-1.));
#1828=DIRECTION('ref_axis',(1.,0.,0.));
#1829=DIRECTION('',(0.335296819054217,0.94211254271033,0.));
#1830=DIRECTION('center_axis',(0.,0.,-1.));
#1831=DIRECTION('ref_axis',(1.,0.,0.));
#1832=DIRECTION('',(-0.640416269128674,-0.768027995736686,0.));
#1833=DIRECTION('center_axis',(0.,0.,1.));
#1834=DIRECTION('ref_axis',(-1.,0.,0.));
#1835=DIRECTION('',(0.20134032808701,0.979521348560518,0.));
#1836=DIRECTION('center_axis',(0.,0.,1.));
#1837=DIRECTION('ref_axis',(-1.,0.,0.));
#1838=DIRECTION('',(0.0931176924674551,-0.995655108634278,0.));
#1839=DIRECTION('center_axis',(0.,0.,-1.));
#1840=DIRECTION('ref_axis',(1.,0.,0.));
#1841=DIRECTION('',(0.690981970131086,-0.722871992093872,0.));
#1842=DIRECTION('center_axis',(0.,0.,1.));
#1843=DIRECTION('ref_axis',(-1.,0.,0.));
#1844=DIRECTION('',(-0.897256726903672,0.441509191326873,0.));
#1845=DIRECTION('center_axis',(0.,0.,-1.));
#1846=DIRECTION('ref_axis',(1.,0.,0.));
#1847=DIRECTION('',(0.661502929660413,0.749942580502461,0.));
#1848=DIRECTION('center_axis',(0.,0.,1.));
#1849=DIRECTION('ref_axis',(-1.,0.,0.));
#1850=DIRECTION('',(-0.412832249796987,-0.910807078105763,0.));
#1851=DIRECTION('center_axis',(0.,0.,-1.));
#1852=DIRECTION('ref_axis',(1.,0.,0.));
#1853=DIRECTION('',(0.73656214522376,0.676369873828937,0.));
#1854=DIRECTION('center_axis',(0.,0.,-1.));
#1855=DIRECTION('ref_axis',(1.,0.,0.));
#1856=DIRECTION('',(-0.978813764063018,-0.204752570877111,0.));
#1857=DIRECTION('center_axis',(0.,0.,1.));
#1858=DIRECTION('ref_axis',(-1.,0.,0.));
#1859=DIRECTION('center_axis',(0.,0.,-1.));
#1860=DIRECTION('ref_axis',(1.,0.,0.));
#1861=DIRECTION('center_axis',(0.,0.,-1.));
#1862=DIRECTION('ref_axis',(1.,0.,0.));
#1863=DIRECTION('center_axis',(0.,0.,-1.));
#1864=DIRECTION('ref_axis',(1.,0.,0.));
#1865=DIRECTION('center_axis',(0.,0.,-1.));
#1866=DIRECTION('ref_axis',(1.,0.,0.));
#1867=DIRECTION('center_axis',(0.,0.,-1.));
#1868=DIRECTION('ref_axis',(1.,0.,0.));
#1869=DIRECTION('center_axis',(0.,0.,-1.));
#1870=DIRECTION('ref_axis',(1.,0.,0.));
#1871=DIRECTION('center_axis',(0.,0.,-1.));
#1872=DIRECTION('ref_axis',(1.,0.,0.));
#1873=DIRECTION('center_axis',(0.,0.,-1.));
#1874=DIRECTION('ref_axis',(1.,0.,0.));
#1875=DIRECTION('center_axis',(0.,0.,-1.));
#1876=DIRECTION('ref_axis',(1.,0.,0.));
#1877=DIRECTION('center_axis',(0.,0.,-1.));
#1878=DIRECTION('ref_axis',(1.,0.,0.));
#1879=DIRECTION('center_axis',(0.,0.,-1.));
#1880=DIRECTION('ref_axis',(1.,0.,0.));
#1881=DIRECTION('center_axis',(0.,0.,-1.));
#1882=DIRECTION('ref_axis',(1.,0.,0.));
#1883=DIRECTION('center_axis',(0.,0.,-1.));
#1884=DIRECTION('ref_axis',(1.,0.,0.));
#1885=DIRECTION('center_axis',(0.,0.,-1.));
#1886=DIRECTION('ref_axis',(1.,0.,0.));
#1887=DIRECTION('center_axis',(0.,0.,-1.));
#1888=DIRECTION('ref_axis',(1.,0.,0.));
#1889=DIRECTION('center_axis',(0.,0.,-1.));
#1890=DIRECTION('ref_axis',(1.,0.,0.));
#1891=DIRECTION('center_axis',(0.,0.,-1.));
#1892=DIRECTION('ref_axis',(1.,0.,0.));
#1893=DIRECTION('center_axis',(0.,0.,-1.));
#1894=DIRECTION('ref_axis',(1.,0.,0.));
#1895=DIRECTION('center_axis',(0.707106781186551,-0.707106781186544,0.));
#1896=DIRECTION('ref_axis',(0.,0.,-1.));
#1897=DIRECTION('',(0.707106781186544,0.707106781186551,0.));
#1898=DIRECTION('',(0.,0.,1.));
#1899=DIRECTION('',(0.,0.,-1.));
#1900=DIRECTION('center_axis',(0.,1.,0.));
#1901=DIRECTION('ref_axis',(1.,0.,0.));
#1902=DIRECTION('',(0.,0.,-1.));
#1903=DIRECTION('',(-1.,0.,0.));
#1904=DIRECTION('center_axis',(-0.383681114206186,0.923465647764712,0.));
#1905=DIRECTION('ref_axis',(0.,0.,1.));
#1906=DIRECTION('',(-0.923465647764712,-0.383681114206186,0.));
#1907=DIRECTION('',(0.,0.,1.));
#1908=DIRECTION('',(0.,0.,-1.));
#1909=DIRECTION('center_axis',(0.,0.,-1.));
#1910=DIRECTION('ref_axis',(1.,0.,0.));
#1911=DIRECTION('center_axis',(0.,0.,1.));
#1912=DIRECTION('ref_axis',(1.,0.,0.));
#1913=DIRECTION('',(0.,0.,-1.));
#1914=DIRECTION('center_axis',(-0.152302269187625,-0.988333961169149,0.));
#1915=DIRECTION('ref_axis',(-0.988333961169149,0.152302269187625,0.));
#1916=DIRECTION('',(0.988333961169149,-0.152302269187625,0.));
#1917=DIRECTION('center_axis',(1.,1.09651656753102E-16,0.));
#1918=DIRECTION('ref_axis',(-1.09651656753102E-16,1.,0.));
#1919=DIRECTION('',(-1.09651656753102E-16,1.,0.));
#1920=DIRECTION('',(0.,0.,1.));
#1921=DIRECTION('center_axis',(0.,0.,-1.));
#1922=DIRECTION('ref_axis',(1.,0.,0.));
#1923=DIRECTION('',(0.,0.,-1.));
#1924=DIRECTION('center_axis',(0.,0.,1.));
#1925=DIRECTION('ref_axis',(1.,0.,0.));
#1926=DIRECTION('center_axis',(0.,0.,-1.));
#1927=DIRECTION('ref_axis',(1.,0.,0.));
#1928=DIRECTION('',(0.,0.,-1.));
#1929=DIRECTION('center_axis',(0.,0.,1.));
#1930=DIRECTION('ref_axis',(1.,0.,0.));
#1931=DIRECTION('center_axis',(0.,0.,-1.));
#1932=DIRECTION('ref_axis',(1.,0.,0.));
#1933=DIRECTION('',(0.,0.,-1.));
#1934=DIRECTION('center_axis',(0.,0.,1.));
#1935=DIRECTION('ref_axis',(1.,0.,0.));
#1936=DIRECTION('center_axis',(0.,0.,-1.));
#1937=DIRECTION('ref_axis',(1.,0.,0.));
#1938=DIRECTION('',(0.,0.,-1.));
#1939=DIRECTION('center_axis',(0.,0.,1.));
#1940=DIRECTION('ref_axis',(1.,0.,0.));
#1941=DIRECTION('center_axis',(0.,0.,-1.));
#1942=DIRECTION('ref_axis',(1.,0.,0.));
#1943=DIRECTION('',(0.,0.,-1.));
#1944=DIRECTION('center_axis',(0.,0.,1.));
#1945=DIRECTION('ref_axis',(1.,0.,0.));
#1946=DIRECTION('center_axis',(0.,0.,-1.));
#1947=DIRECTION('ref_axis',(1.,0.,0.));
#1948=DIRECTION('',(0.,0.,-1.));
#1949=DIRECTION('center_axis',(0.,0.,1.));
#1950=DIRECTION('ref_axis',(1.,0.,0.));
#1951=DIRECTION('center_axis',(0.,0.,-1.));
#1952=DIRECTION('ref_axis',(1.,0.,0.));
#1953=DIRECTION('',(0.,0.,-1.));
#1954=DIRECTION('center_axis',(0.,0.,1.));
#1955=DIRECTION('ref_axis',(1.,0.,0.));
#1956=DIRECTION('center_axis',(0.,0.,-1.));
#1957=DIRECTION('ref_axis',(1.,0.,0.));
#1958=DIRECTION('',(0.,0.,-1.));
#1959=DIRECTION('center_axis',(0.,0.,1.));
#1960=DIRECTION('ref_axis',(1.,0.,0.));
#1961=DIRECTION('center_axis',(0.,0.,-1.));
#1962=DIRECTION('ref_axis',(1.,0.,0.));
#1963=DIRECTION('',(0.,0.,-1.));
#1964=DIRECTION('center_axis',(0.,0.,1.));
#1965=DIRECTION('ref_axis',(1.,0.,0.));
#1966=DIRECTION('center_axis',(0.,0.,-1.));
#1967=DIRECTION('ref_axis',(1.,0.,0.));
#1968=DIRECTION('',(0.,0.,-1.));
#1969=DIRECTION('center_axis',(0.,0.,1.));
#1970=DIRECTION('ref_axis',(1.,0.,0.));
#1971=DIRECTION('center_axis',(0.,0.,-1.));
#1972=DIRECTION('ref_axis',(1.,0.,0.));
#1973=DIRECTION('',(0.,0.,-1.));
#1974=DIRECTION('center_axis',(0.,0.,1.));
#1975=DIRECTION('ref_axis',(1.,0.,0.));
#1976=DIRECTION('center_axis',(0.,0.,-1.));
#1977=DIRECTION('ref_axis',(1.,0.,0.));
#1978=DIRECTION('',(0.,0.,-1.));
#1979=DIRECTION('center_axis',(0.,0.,1.));
#1980=DIRECTION('ref_axis',(1.,0.,0.));
#1981=DIRECTION('center_axis',(0.,0.,-1.));
#1982=DIRECTION('ref_axis',(1.,0.,0.));
#1983=DIRECTION('',(0.,0.,-1.));
#1984=DIRECTION('center_axis',(0.,0.,1.));
#1985=DIRECTION('ref_axis',(1.,0.,0.));
#1986=DIRECTION('center_axis',(0.,0.,-1.));
#1987=DIRECTION('ref_axis',(1.,0.,0.));
#1988=DIRECTION('',(0.,0.,-1.));
#1989=DIRECTION('center_axis',(0.,0.,1.));
#1990=DIRECTION('ref_axis',(1.,0.,0.));
#1991=DIRECTION('center_axis',(0.,0.,-1.));
#1992=DIRECTION('ref_axis',(1.,0.,0.));
#1993=DIRECTION('',(0.,0.,-1.));
#1994=DIRECTION('center_axis',(0.,0.,1.));
#1995=DIRECTION('ref_axis',(1.,0.,0.));
#1996=DIRECTION('center_axis',(0.,0.,-1.));
#1997=DIRECTION('ref_axis',(1.,0.,0.));
#1998=DIRECTION('',(0.,0.,-1.));
#1999=DIRECTION('center_axis',(0.,0.,1.));
#2000=DIRECTION('ref_axis',(1.,0.,0.));
#2001=DIRECTION('center_axis',(0.,0.,-1.));
#2002=DIRECTION('ref_axis',(1.,0.,0.));
#2003=DIRECTION('',(0.,0.,-1.));
#2004=DIRECTION('center_axis',(0.,0.,1.));
#2005=DIRECTION('ref_axis',(1.,0.,0.));
#2006=DIRECTION('center_axis',(0.,0.,-1.));
#2007=DIRECTION('ref_axis',(1.,0.,0.));
#2008=DIRECTION('',(0.,0.,-1.));
#2009=DIRECTION('center_axis',(0.,0.,1.));
#2010=DIRECTION('ref_axis',(1.,0.,0.));
#2011=DIRECTION('center_axis',(0.204752570877111,-0.978813764063018,0.));
#2012=DIRECTION('ref_axis',(-0.978813764063018,-0.204752570877111,0.));
#2013=DIRECTION('',(0.978813764063018,0.204752570877111,0.));
#2014=DIRECTION('',(0.,0.,-1.));
#2015=DIRECTION('',(0.,0.,-1.));
#2016=DIRECTION('center_axis',(0.,0.,-1.));
#2017=DIRECTION('ref_axis',(1.,0.,0.));
#2018=DIRECTION('center_axis',(0.,0.,1.));
#2019=DIRECTION('ref_axis',(1.,0.,0.));
#2020=DIRECTION('',(0.,0.,-1.));
#2021=DIRECTION('center_axis',(-0.676369873828937,0.73656214522376,0.));
#2022=DIRECTION('ref_axis',(0.73656214522376,0.676369873828937,0.));
#2023=DIRECTION('',(-0.73656214522376,-0.676369873828937,0.));
#2024=DIRECTION('',(0.,0.,-1.));
#2025=DIRECTION('center_axis',(0.,0.,-1.));
#2026=DIRECTION('ref_axis',(-1.,0.,0.));
#2027=DIRECTION('center_axis',(0.,0.,-1.));
#2028=DIRECTION('ref_axis',(-1.,0.,0.));
#2029=DIRECTION('center_axis',(0.910807078105763,-0.412832249796987,0.));
#2030=DIRECTION('ref_axis',(-0.412832249796987,-0.910807078105763,0.));
#2031=DIRECTION('',(0.412832249796987,0.910807078105763,0.));
#2032=DIRECTION('',(0.,0.,-1.));
#2033=DIRECTION('',(0.,0.,-1.));
#2034=DIRECTION('center_axis',(0.,0.,-1.));
#2035=DIRECTION('ref_axis',(-1.,0.,0.));
#2036=DIRECTION('center_axis',(0.,0.,-1.));
#2037=DIRECTION('ref_axis',(-1.,0.,0.));
#2038=DIRECTION('',(0.,0.,-1.));
#2039=DIRECTION('center_axis',(-0.749942580502461,0.661502929660413,0.));
#2040=DIRECTION('ref_axis',(0.661502929660413,0.749942580502461,0.));
#2041=DIRECTION('',(-0.661502929660413,-0.749942580502461,0.));
#2042=DIRECTION('',(0.,0.,-1.));
#2043=DIRECTION('center_axis',(0.,0.,-1.));
#2044=DIRECTION('ref_axis',(1.,0.,0.));
#2045=DIRECTION('center_axis',(0.,0.,1.));
#2046=DIRECTION('ref_axis',(1.,0.,0.));
#2047=DIRECTION('center_axis',(-0.441509191326873,-0.897256726903672,0.));
#2048=DIRECTION('ref_axis',(-0.897256726903672,0.441509191326873,0.));
#2049=DIRECTION('',(0.897256726903672,-0.441509191326873,0.));
#2050=DIRECTION('',(0.,0.,-1.));
#2051=DIRECTION('',(0.,0.,-1.));
#2052=DIRECTION('center_axis',(0.,0.,-1.));
#2053=DIRECTION('ref_axis',(-1.,0.,0.));
#2054=DIRECTION('center_axis',(0.,0.,-1.));
#2055=DIRECTION('ref_axis',(-1.,0.,0.));
#2056=DIRECTION('',(0.,0.,-1.));
#2057=DIRECTION('center_axis',(0.722871992093872,0.690981970131086,0.));
#2058=DIRECTION('ref_axis',(0.690981970131086,-0.722871992093872,0.));
#2059=DIRECTION('',(-0.690981970131086,0.722871992093872,0.));
#2060=DIRECTION('',(0.,0.,-1.));
#2061=DIRECTION('center_axis',(0.,0.,-1.));
#2062=DIRECTION('ref_axis',(1.,0.,0.));
#2063=DIRECTION('center_axis',(0.,0.,1.));
#2064=DIRECTION('ref_axis',(1.,0.,0.));
#2065=DIRECTION('center_axis',(0.995655108634278,0.0931176924674551,0.));
#2066=DIRECTION('ref_axis',(0.0931176924674551,-0.995655108634278,0.));
#2067=DIRECTION('',(-0.0931176924674551,0.995655108634278,0.));
#2068=DIRECTION('',(0.,0.,-1.));
#2069=DIRECTION('',(0.,0.,-1.));
#2070=DIRECTION('center_axis',(0.,0.,-1.));
#2071=DIRECTION('ref_axis',(-1.,0.,0.));
#2072=DIRECTION('center_axis',(0.,0.,-1.));
#2073=DIRECTION('ref_axis',(-1.,0.,0.));
#2074=DIRECTION('',(0.,0.,-1.));
#2075=DIRECTION('center_axis',(-0.979521348560518,0.20134032808701,0.));
#2076=DIRECTION('ref_axis',(0.20134032808701,0.979521348560518,0.));
#2077=DIRECTION('',(-0.20134032808701,-0.979521348560518,0.));
#2078=DIRECTION('',(0.,0.,-1.));
#2079=DIRECTION('center_axis',(0.,0.,-1.));
#2080=DIRECTION('ref_axis',(1.,0.,0.));
#2081=DIRECTION('center_axis',(0.,0.,1.));
#2082=DIRECTION('ref_axis',(1.,0.,0.));
#2083=DIRECTION('center_axis',(0.768027995736686,-0.640416269128674,0.));
#2084=DIRECTION('ref_axis',(-0.640416269128674,-0.768027995736686,0.));
#2085=DIRECTION('',(0.640416269128674,0.768027995736686,0.));
#2086=DIRECTION('',(0.,0.,-1.));
#2087=DIRECTION('',(0.,0.,-1.));
#2088=DIRECTION('center_axis',(0.,0.,-1.));
#2089=DIRECTION('ref_axis',(1.,0.,0.));
#2090=DIRECTION('center_axis',(0.,0.,1.));
#2091=DIRECTION('ref_axis',(1.,0.,0.));
#2092=DIRECTION('',(0.,0.,-1.));
#2093=DIRECTION('center_axis',(-0.94211254271033,0.335296819054217,0.));
#2094=DIRECTION('ref_axis',(0.335296819054217,0.94211254271033,0.));
#2095=DIRECTION('',(-0.335296819054217,-0.94211254271033,0.));
#2096=DIRECTION('',(0.,0.,-1.));
#2097=DIRECTION('center_axis',(0.,0.,-1.));
#2098=DIRECTION('ref_axis',(-1.,0.,0.));
#2099=DIRECTION('center_axis',(0.,0.,-1.));
#2100=DIRECTION('ref_axis',(-1.,0.,0.));
#2101=DIRECTION('center_axis',(-0.701533450763124,-0.712636525488543,0.));
#2102=DIRECTION('ref_axis',(-0.712636525488543,0.701533450763124,0.));
#2103=DIRECTION('',(0.712636525488543,-0.701533450763124,0.));
#2104=DIRECTION('',(0.,0.,-1.));
#2105=DIRECTION('center_axis',(-0.0293948299407095,0.999567878621936,0.));
#2106=DIRECTION('ref_axis',(0.999567878621936,0.0293948299407095,0.));
#2107=DIRECTION('',(-0.999567878621936,-0.0293948299407095,0.));
#2108=DIRECTION('',(0.,0.,-1.));
#2109=DIRECTION('center_axis',(0.,0.,-1.));
#2110=DIRECTION('ref_axis',(0.930846398847305,-0.36541070284408,0.));
#2111=DIRECTION('center_axis',(0.,0.,-1.));
#2112=DIRECTION('ref_axis',(-1.,0.,0.));
#2113=DIRECTION('center_axis',(0.658833356253182,-0.752288913043498,0.));
#2114=DIRECTION('ref_axis',(-0.752288913043498,-0.658833356253182,0.));
#2115=DIRECTION('',(0.752288913043498,0.658833356253182,0.));
#2116=DIRECTION('',(0.,0.,-1.));
#2117=DIRECTION('',(0.,0.,-1.));
#2118=DIRECTION('center_axis',(0.,0.,-1.));
#2119=DIRECTION('ref_axis',(-1.,0.,0.));
#2120=DIRECTION('center_axis',(0.,0.,-1.));
#2121=DIRECTION('ref_axis',(-1.,0.,0.));
#2122=DIRECTION('',(0.,0.,-1.));
#2123=DIRECTION('center_axis',(-0.18839687785675,0.982092977479133,0.));
#2124=DIRECTION('ref_axis',(0.982092977479133,0.18839687785675,0.));
#2125=DIRECTION('',(-0.982092977479133,-0.18839687785675,0.));
#2126=DIRECTION('',(0.,0.,-1.));
#2127=DIRECTION('center_axis',(0.,0.,-1.));
#2128=DIRECTION('ref_axis',(1.,0.,0.));
#2129=DIRECTION('center_axis',(0.,0.,1.));
#2130=DIRECTION('ref_axis',(1.,0.,0.));
#2131=DIRECTION('center_axis',(0.0599995669097759,-0.998198403109642,0.));
#2132=DIRECTION('ref_axis',(-0.998198403109642,-0.0599995669097759,0.));
#2133=DIRECTION('',(0.998198403109642,0.0599995669097759,0.));
#2134=DIRECTION('',(0.,0.,-1.));
#2135=DIRECTION('',(0.,0.,-1.));
#2136=DIRECTION('center_axis',(0.,0.,-1.));
#2137=DIRECTION('ref_axis',(-1.,0.,0.));
#2138=DIRECTION('center_axis',(0.,0.,-1.));
#2139=DIRECTION('ref_axis',(-1.,0.,0.));
#2140=DIRECTION('',(0.,0.,-1.));
#2141=DIRECTION('center_axis',(0.270588262587052,0.962695170939442,0.));
#2142=DIRECTION('ref_axis',(0.962695170939442,-0.270588262587052,0.));
#2143=DIRECTION('',(-0.962695170939442,0.270588262587052,0.));
#2144=DIRECTION('',(0.,0.,-1.));
#2145=DIRECTION('center_axis',(0.,0.,-1.));
#2146=DIRECTION('ref_axis',(-0.994282646152292,0.106780239559559,0.));
#2147=DIRECTION('center_axis',(0.,0.,1.));
#2148=DIRECTION('ref_axis',(1.,0.,0.));
#2149=DIRECTION('center_axis',(-0.988087757137062,-0.15389146888587,0.));
#2150=DIRECTION('ref_axis',(-0.15389146888587,0.988087757137062,0.));
#2151=DIRECTION('',(0.15389146888587,-0.988087757137062,0.));
#2152=DIRECTION('',(0.,0.,-1.));
#2153=DIRECTION('',(0.,0.,-1.));
#2154=DIRECTION('center_axis',(0.,0.,-1.));
#2155=DIRECTION('ref_axis',(1.,0.,0.));
#2156=DIRECTION('center_axis',(0.,0.,1.));
#2157=DIRECTION('ref_axis',(1.,0.,0.));
#2158=DIRECTION('',(0.,0.,-1.));
#2159=DIRECTION('center_axis',(0.830284373424918,0.557339985328876,0.));
#2160=DIRECTION('ref_axis',(0.557339985328876,-0.830284373424918,0.));
#2161=DIRECTION('',(-0.557339985328876,0.830284373424918,0.));
#2162=DIRECTION('',(0.,0.,-1.));
#2163=DIRECTION('center_axis',(0.,0.,-1.));
#2164=DIRECTION('ref_axis',(-1.,0.,0.));
#2165=DIRECTION('center_axis',(0.,0.,-1.));
#2166=DIRECTION('ref_axis',(-1.,0.,0.));
#2167=DIRECTION('center_axis',(0.989667335827328,-0.143382580519527,0.));
#2168=DIRECTION('ref_axis',(-0.143382580519527,-0.989667335827328,0.));
#2169=DIRECTION('',(0.143382580519527,0.989667335827328,0.));
#2170=DIRECTION('',(0.,0.,-1.));
#2171=DIRECTION('',(0.,0.,-1.));
#2172=DIRECTION('center_axis',(0.,0.,-1.));
#2173=DIRECTION('ref_axis',(1.,0.,0.));
#2174=DIRECTION('center_axis',(0.,0.,1.));
#2175=DIRECTION('ref_axis',(1.,0.,0.));
#2176=DIRECTION('',(0.,0.,-1.));
#2177=DIRECTION('center_axis',(-0.978813764063018,-0.204752570877111,0.));
#2178=DIRECTION('ref_axis',(-0.204752570877111,0.978813764063018,0.));
#2179=DIRECTION('',(0.204752570877111,-0.978813764063018,0.));
#2180=DIRECTION('',(0.,0.,-1.));
#2181=DIRECTION('center_axis',(0.,0.,-1.));
#2182=DIRECTION('ref_axis',(-1.,0.,0.));
#2183=DIRECTION('center_axis',(0.,0.,-1.));
#2184=DIRECTION('ref_axis',(-1.,0.,0.));
#2185=DIRECTION('center_axis',(0.,0.,1.));
#2186=DIRECTION('ref_axis',(-1.,0.,0.));
#2187=DIRECTION('',(0.,0.,-1.));
#2188=DIRECTION('center_axis',(0.,0.,-1.));
#2189=DIRECTION('ref_axis',(-1.,0.,0.));
#2190=DIRECTION('center_axis',(0.,0.,1.));
#2191=DIRECTION('ref_axis',(4.44089209850063E-16,1.,0.));
#2192=DIRECTION('center_axis',(0.,0.,1.));
#2193=DIRECTION('ref_axis',(4.44089209850063E-16,1.,0.));
#2194=DIRECTION('',(0.,0.,1.));
#2195=DIRECTION('',(0.,0.,1.));
#2196=DIRECTION('center_axis',(1.09651656753102E-16,1.,0.));
#2197=DIRECTION('ref_axis',(-1.,1.09651656753102E-16,0.));
#2198=DIRECTION('',(-1.,1.09651656753102E-16,0.));
#2199=DIRECTION('',(0.,0.,1.));
#2200=DIRECTION('center_axis',(0.,0.,1.));
#2201=DIRECTION('ref_axis',(1.,4.44089209850063E-16,0.));
#2202=DIRECTION('center_axis',(0.,0.,1.));
#2203=DIRECTION('ref_axis',(1.,4.44089209850063E-16,0.));
#2204=DIRECTION('center_axis',(0.,0.,1.));
#2205=DIRECTION('ref_axis',(-3.10862446895045E-15,-1.,0.));
#2206=DIRECTION('center_axis',(0.,0.,1.));
#2207=DIRECTION('ref_axis',(-3.10862446895045E-15,-1.,0.));
#2208=DIRECTION('',(0.,0.,1.));
#2209=DIRECTION('center_axis',(2.19303313506204E-16,-1.,0.));
#2210=DIRECTION('ref_axis',(1.,2.19303313506204E-16,0.));
#2211=DIRECTION('',(1.,2.19303313506204E-16,0.));
#2212=DIRECTION('',(0.,0.,1.));
#2213=DIRECTION('center_axis',(0.,0.,1.));
#2214=DIRECTION('ref_axis',(-1.,4.44089209850063E-16,0.));
#2215=DIRECTION('center_axis',(0.,0.,1.));
#2216=DIRECTION('ref_axis',(-1.,4.44089209850063E-16,0.));
#2217=DIRECTION('',(0.,0.,1.));
#2218=DIRECTION('center_axis',(-1.,-2.19303313506204E-16,0.));
#2219=DIRECTION('ref_axis',(2.19303313506204E-16,-1.,0.));
#2220=DIRECTION('',(2.19303313506204E-16,-1.,0.));
#2221=DIRECTION('center_axis',(0.,0.,1.));
#2222=DIRECTION('ref_axis',(1.,0.,0.));
#2223=CARTESIAN_POINT('',(0.,0.,0.));
#2224=CARTESIAN_POINT('Origin',(60.0058330194154,-33.8657958039881,1.59));
#2225=CARTESIAN_POINT('',(59.5116660388308,-33.2896446693943,3.18));
#2226=CARTESIAN_POINT('',(60.5,-34.4419469385819,3.18));
#2227=CARTESIAN_POINT('',(38.921451869124,-9.28343680545969,3.18));
#2228=CARTESIAN_POINT('',(60.5,-34.4419469385819,0.));
#2229=CARTESIAN_POINT('',(60.5,-34.4419469385819,1.59));
#2230=CARTESIAN_POINT('',(59.5116660388308,-33.2896446693943,-2.77555756156289E-16));
#2231=CARTESIAN_POINT('',(38.921451869124,-9.28343680545969,-1.38777878078145E-16));
#2232=CARTESIAN_POINT('',(59.5116660388309,-33.2896446693943,1.59));
#2233=CARTESIAN_POINT('Origin',(60.5,-40.5,0.));
#2234=CARTESIAN_POINT('',(60.5,-40.5,3.18));
#2235=CARTESIAN_POINT('',(60.5,-40.5,3.18));
#2236=CARTESIAN_POINT('',(60.5,-40.5,0.));
#2237=CARTESIAN_POINT('',(60.5,-40.5,0.));
#2238=CARTESIAN_POINT('',(60.5,-40.5,0.));
#2239=CARTESIAN_POINT('Origin',(0.,-4.44089209850063E-15,3.18));
#2240=CARTESIAN_POINT('',(50.1618267188479,-31.8488343755857,3.18));
#2241=CARTESIAN_POINT('',(30.2423690526046,-28.7792458328963,3.18));
#2242=CARTESIAN_POINT('',(43.8508110832491,-34.4709324652118,3.18));
#2243=CARTESIAN_POINT('',(32.8376317721297,-39.0466835169927,3.18));
#2244=CARTESIAN_POINT('',(39.7491432837428,-39.1298406064794,3.18));
#2245=CARTESIAN_POINT('Origin',(0.,0.,3.18));
#2246=CARTESIAN_POINT('',(33.5624393366424,-33.0395272228315,3.18));
#2247=CARTESIAN_POINT('',(19.8745716418714,-19.5649203032397,3.18));
#2248=CARTESIAN_POINT('',(47.0758024451616,1.38438342887302,3.18));
#2249=CARTESIAN_POINT('Origin',(0.,0.,3.18));
#2250=CARTESIAN_POINT('',(55.7534807831134,1.6395725805852,3.18));
#2251=CARTESIAN_POINT('',(23.5379012225808,0.69219171443651,3.18));
#2252=CARTESIAN_POINT('',(59.5,1.6395725805852,3.18));
#2253=CARTESIAN_POINT('',(27.8767403915567,1.6395725805852,3.18));
#2254=CARTESIAN_POINT('',(60.5,2.63957258058519,3.18));
#2255=CARTESIAN_POINT('',(44.4651068548538,-13.3953205645611,3.18));
#2256=CARTESIAN_POINT('',(60.5,40.5,3.18));
#2257=CARTESIAN_POINT('',(60.5,-40.5,3.18));
#2258=CARTESIAN_POINT('',(40.5,60.5,3.18));
#2259=CARTESIAN_POINT('Origin',(40.5,40.5,3.18));
#2260=CARTESIAN_POINT('',(-40.5,60.5,3.18));
#2261=CARTESIAN_POINT('',(40.5,60.5,3.18));
#2262=CARTESIAN_POINT('',(-60.5,40.5,3.18));
#2263=CARTESIAN_POINT('Origin',(-40.5,40.5,3.18));
#2264=CARTESIAN_POINT('',(-60.5,-40.5,3.18));
#2265=CARTESIAN_POINT('',(-60.5,40.5,3.18));
#2266=CARTESIAN_POINT('',(-40.5,-60.5,3.18));
#2267=CARTESIAN_POINT('Origin',(-40.5,-40.5,3.18));
#2268=CARTESIAN_POINT('',(40.5,-60.5,3.18));
#2269=CARTESIAN_POINT('',(-40.5,-60.5,3.18));
#2270=CARTESIAN_POINT('Origin',(40.5000000000001,-40.5,3.18));
#2271=CARTESIAN_POINT('',(29.,0.,3.18));
#2272=CARTESIAN_POINT('Origin',(0.,0.,3.18));
#2273=CARTESIAN_POINT('',(-9.64305854849856,46.0983634759874,3.18));
#2274=CARTESIAN_POINT('',(-11.4206036126615,54.595866425971,3.18));
#2275=CARTESIAN_POINT('',(-4.82152927424928,23.0491817379937,3.18));
#2276=CARTESIAN_POINT('',(7.99753385297833,55.2012524309953,3.18));
#2277=CARTESIAN_POINT('Origin',(0.,0.,3.18));
#2278=CARTESIAN_POINT('',(6.75276805005028,46.6095249599934,3.18));
#2279=CARTESIAN_POINT('',(3.99876692648917,27.6006262154977,3.18));
#2280=CARTESIAN_POINT('Origin',(0.,0.,3.18));
#2281=CARTESIAN_POINT('',(26.2485696122045,-39.1032004655281,3.18));
#2282=CARTESIAN_POINT('',(31.0870775524861,-46.3112559420031,3.18));
#2283=CARTESIAN_POINT('',(13.1242848061022,-19.5516002327641,3.18));
#2284=CARTESIAN_POINT('',(8.58369425100209,-55.1131473487526,3.18));
#2285=CARTESIAN_POINT('Origin',(0.,0.,3.18));
#2286=CARTESIAN_POINT('',(7.24769627176772,-46.5351328792153,3.18));
#2287=CARTESIAN_POINT('',(4.29184712550105,-27.5565736743763,3.18));
#2288=CARTESIAN_POINT('Origin',(0.,0.,3.18));
#2289=CARTESIAN_POINT('',(-53.6968102526122,15.0927594022749,3.18));
#2290=CARTESIAN_POINT('',(-45.3392397368117,12.7436664042158,3.18));
#2291=CARTESIAN_POINT('',(-26.8484051263061,7.54637970113747,3.18));
#2292=CARTESIAN_POINT('',(-47.0113054159463,-2.82574882511624,3.18));
#2293=CARTESIAN_POINT('Origin',(0.,0.,3.18));
#2294=CARTESIAN_POINT('',(-55.6770947484172,-3.34663085143471,3.18));
#2295=CARTESIAN_POINT('',(-23.5056527079731,-1.41287441255812,3.18));
#2296=CARTESIAN_POINT('Origin',(0.,0.,3.18));
#2297=CARTESIAN_POINT('',(-54.7787730260021,-10.5083225800193,3.18));
#2298=CARTESIAN_POINT('',(-46.2528018150479,-8.87276831614162,3.18));
#2299=CARTESIAN_POINT('',(-27.3893865130011,-5.25416129000965,3.18));
#2300=CARTESIAN_POINT('',(-35.4299142755025,-31.0285170087867,3.18));
#2301=CARTESIAN_POINT('Origin',(0.,0.,3.18));
#2302=CARTESIAN_POINT('',(-41.9608576403483,-36.748132520802,3.18));
#2303=CARTESIAN_POINT('',(-17.7149571377513,-15.5142585043934,3.18));
#2304=CARTESIAN_POINT('Origin',(0.,0.,3.18));
#2305=CARTESIAN_POINT('',(15.7911905252985,44.3698771141835,3.18));
#2306=CARTESIAN_POINT('',(18.7020463118032,52.5487609885444,3.18));
#2307=CARTESIAN_POINT('',(7.89559526264925,22.1849385570918,3.18));
#2308=CARTESIAN_POINT('',(35.7208719064526,42.8387456389985,3.18));
#2309=CARTESIAN_POINT('Origin',(0.,0.,3.18));
#2310=CARTESIAN_POINT('',(30.1611430428646,36.1711645331179,3.18));
#2311=CARTESIAN_POINT('',(17.8604359532263,21.4193728194992,3.18));
#2312=CARTESIAN_POINT('Origin',(0.,0.,3.18));
#2313=CARTESIAN_POINT('',(-11.230276955619,-54.6353337793419,3.18));
#2314=CARTESIAN_POINT('',(-9.48235503759426,-46.1316879842374,3.18));
#2315=CARTESIAN_POINT('',(-5.61513847780949,-27.3176668896709,3.18));
#2316=CARTESIAN_POINT('',(4.3854851566366,-46.8915260284302,3.18));
#2317=CARTESIAN_POINT('Origin',(0.,0.,3.18));
#2318=CARTESIAN_POINT('',(5.19387986407649,-55.5352359285305,3.18));
#2319=CARTESIAN_POINT('',(2.1927425783183,-23.4457630142151,3.18));
#2320=CARTESIAN_POINT('Origin',(0.,0.,3.18));
#2321=CARTESIAN_POINT('',(-38.5413045148007,40.3200528766693,3.18));
#2322=CARTESIAN_POINT('',(-32.5425930692225,34.0444904450782,3.18));
#2323=CARTESIAN_POINT('',(-19.2706522574003,20.1600264383346,3.18));
#2324=CARTESIAN_POINT('',(-42.2573407186143,20.7933847346931,3.18));
#2325=CARTESIAN_POINT('Origin',(0.,0.,3.18));
#2326=CARTESIAN_POINT('',(-50.0468119783029,24.6263157717187,3.18));
#2327=CARTESIAN_POINT('',(-21.1286703593071,10.3966923673466,3.18));
#2328=CARTESIAN_POINT('Origin',(0.,0.,3.18));
#2329=CARTESIAN_POINT('',(-36.8970348743514,-41.8299848811937,3.18));
#2330=CARTESIAN_POINT('',(-31.1542436482871,-35.3194110375186,3.18));
#2331=CARTESIAN_POINT('',(-18.4485174371757,-20.9149924405969,3.18));
#2332=CARTESIAN_POINT('',(-19.4428110887557,-42.8955101415169,3.18));
#2333=CARTESIAN_POINT('Origin',(0.,0.,3.18));
#2334=CARTESIAN_POINT('',(-23.0267852718899,-50.8026178235165,3.18));
#2335=CARTESIAN_POINT('',(-9.72140554437786,-21.4477550707585,3.18));
#2336=CARTESIAN_POINT('Origin',(0.,0.,3.18));
#2337=CARTESIAN_POINT('',(34.6892440010599,31.8544195358972,3.18));
#2338=CARTESIAN_POINT('',(41.0836565355798,37.7262770936454,3.18));
#2339=CARTESIAN_POINT('',(17.34462200053,15.9272097679486,3.18));
#2340=CARTESIAN_POINT('',(54.595866425971,11.4206036126615,3.18));
#2341=CARTESIAN_POINT('Origin',(0.,0.,3.18));
#2342=CARTESIAN_POINT('',(46.0983634759874,9.64305854849856,3.18));
#2343=CARTESIAN_POINT('',(27.2979332129855,5.71030180633075,3.18));
#2344=CARTESIAN_POINT('Origin',(0.,0.,3.18));
#2345=CARTESIAN_POINT('',(-39.4324683628083,-53.2448828787912,3.18));
#2346=CARTESIAN_POINT('Origin',(-37.2824683628083,-53.2448828787912,3.18));
#2347=CARTESIAN_POINT('',(-17.75,-28.5788383248865,3.18));
#2348=CARTESIAN_POINT('Origin',(-16.5,-28.5788383248865,3.18));
#2349=CARTESIAN_POINT('',(35.1324683628083,53.2448828787912,3.18));
#2350=CARTESIAN_POINT('Origin',(37.2824683628083,53.2448828787912,3.18));
#2351=CARTESIAN_POINT('',(35.1324683628277,-53.2448828787777,3.18));
#2352=CARTESIAN_POINT('Origin',(37.2824683628277,-53.2448828787777,3.18));
#2353=CARTESIAN_POINT('',(-51.149999999994,48.5000000000023,3.18));
#2354=CARTESIAN_POINT('Origin',(-48.499999999994,48.5000000000023,3.18));
#2355=CARTESIAN_POINT('',(45.8500000000159,48.5000000000024,3.18));
#2356=CARTESIAN_POINT('Origin',(48.5000000000159,48.5000000000024,3.18));
#2357=CARTESIAN_POINT('',(51.0948828787912,-37.2824683628083,3.18));
#2358=CARTESIAN_POINT('Origin',(53.2448828787912,-37.2824683628083,3.18));
#2359=CARTESIAN_POINT('',(51.0948828787777,37.2824683628277,3.18));
#2360=CARTESIAN_POINT('Origin',(53.2448828787777,37.2824683628277,3.18));
#2361=CARTESIAN_POINT('',(-17.75,28.5788383248865,3.18));
#2362=CARTESIAN_POINT('Origin',(-16.5,28.5788383248865,3.18));
#2363=CARTESIAN_POINT('',(-55.3948828787777,-37.2824683628277,3.18));
#2364=CARTESIAN_POINT('Origin',(-53.2448828787777,-37.2824683628277,3.18));
#2365=CARTESIAN_POINT('',(-55.3948828787912,37.2824683628083,3.18));
#2366=CARTESIAN_POINT('Origin',(-53.2448828787912,37.2824683628083,3.18));
#2367=CARTESIAN_POINT('',(15.25,28.5788383248865,3.18));
#2368=CARTESIAN_POINT('Origin',(16.5,28.5788383248865,3.18));
#2369=CARTESIAN_POINT('',(15.25,-28.5788383248865,3.18));
#2370=CARTESIAN_POINT('Origin',(16.5,-28.5788383248865,3.18));
#2371=CARTESIAN_POINT('',(-51.1499999999861,-48.5000000000037,3.18));
#2372=CARTESIAN_POINT('Origin',(-48.4999999999861,-48.5000000000037,3.18));
#2373=CARTESIAN_POINT('',(45.850000000016,-48.5000000000015,3.18));
#2374=CARTESIAN_POINT('Origin',(48.500000000016,-48.5000000000015,3.18));
#2375=CARTESIAN_POINT('',(31.75,-3.88825358729285E-15,3.18));
#2376=CARTESIAN_POINT('Origin',(33.,-4.04133443718627E-15,3.18));
#2377=CARTESIAN_POINT('',(-39.4324683628277,53.2448828787777,3.18));
#2378=CARTESIAN_POINT('Origin',(-37.2824683628277,53.2448828787777,3.18));
#2379=CARTESIAN_POINT('',(-34.25,1.53080849893419E-16,3.18));
#2380=CARTESIAN_POINT('Origin',(-33.,0.,3.18));
#2381=CARTESIAN_POINT('Origin',(60.,2.13957258058519,1.59));
#2382=CARTESIAN_POINT('',(59.5,1.6395725805852,0.));
#2383=CARTESIAN_POINT('',(60.5,2.63957258058519,0.));
#2384=CARTESIAN_POINT('',(44.4651068548538,-13.3953205645611,0.));
#2385=CARTESIAN_POINT('',(60.5,2.63957258058519,1.59));
#2386=CARTESIAN_POINT('',(59.5,1.6395725805852,1.59));
#2387=CARTESIAN_POINT('Origin',(55.7534807831134,1.6395725805852,3.18));
#2388=CARTESIAN_POINT('',(55.7534807831134,1.6395725805852,0.));
#2389=CARTESIAN_POINT('',(55.7534807831134,1.6395725805852,3.18));
#2390=CARTESIAN_POINT('',(27.8767403915567,1.6395725805852,0.));
#2391=CARTESIAN_POINT('Origin',(47.0063189010486,-33.1598834203988,3.18));
#2392=CARTESIAN_POINT('',(50.1618267188479,-31.8488343755857,-2.77555756156289E-16));
#2393=CARTESIAN_POINT('',(43.8508110832491,-34.4709324652118,0.));
#2394=CARTESIAN_POINT('',(32.8376317721297,-39.0466835169927,2.77555756156289E-16));
#2395=CARTESIAN_POINT('',(43.8508110832491,-34.4709324652118,3.18));
#2396=CARTESIAN_POINT('',(50.1618267188479,-31.8488343755857,3.18));
#2397=CARTESIAN_POINT('Origin',(0.,0.,3.18));
#2398=CARTESIAN_POINT('',(39.7491432837428,-39.1298406064794,0.));
#2399=CARTESIAN_POINT('Origin',(0.,0.,0.));
#2400=CARTESIAN_POINT('',(39.7491432837428,-39.1298406064794,3.18));
#2401=CARTESIAN_POINT('Origin',(64.1152471937827,-33.9990565522553,3.18));
#2402=CARTESIAN_POINT('',(30.2423690526046,-28.7792458328963,-2.77555756156289E-16));
#2403=CARTESIAN_POINT('Origin',(60.5,-40.5,0.));
#2404=CARTESIAN_POINT('',(60.5,40.5,0.));
#2405=CARTESIAN_POINT('',(60.5,-40.5,0.));
#2406=CARTESIAN_POINT('',(60.5,40.5,0.));
#2407=CARTESIAN_POINT('Origin',(-33.,0.,3.18));
#2408=CARTESIAN_POINT('',(-34.25,-1.53080849893419E-16,0.));
#2409=CARTESIAN_POINT('',(-34.25,1.53080849893419E-16,3.18));
#2410=CARTESIAN_POINT('Origin',(-33.,0.,0.));
#2411=CARTESIAN_POINT('Origin',(-37.2824683628277,53.2448828787777,3.18));
#2412=CARTESIAN_POINT('',(-39.4324683628277,53.2448828787777,0.));
#2413=CARTESIAN_POINT('',(-39.4324683628277,53.2448828787777,3.18));
#2414=CARTESIAN_POINT('Origin',(-37.2824683628277,53.2448828787777,0.));
#2415=CARTESIAN_POINT('Origin',(33.,-4.04133443718627E-15,3.18));
#2416=CARTESIAN_POINT('',(31.75,-4.19441528707969E-15,0.));
#2417=CARTESIAN_POINT('',(31.75,-3.88825358729285E-15,3.18));
#2418=CARTESIAN_POINT('Origin',(33.,-4.04133443718627E-15,0.));
#2419=CARTESIAN_POINT('Origin',(48.500000000016,-48.5000000000015,3.18));
#2420=CARTESIAN_POINT('',(45.850000000016,-48.5000000000015,0.));
#2421=CARTESIAN_POINT('',(45.850000000016,-48.5000000000015,3.18));
#2422=CARTESIAN_POINT('Origin',(48.500000000016,-48.5000000000015,0.));
#2423=CARTESIAN_POINT('Origin',(-48.4999999999861,-48.5000000000037,3.18));
#2424=CARTESIAN_POINT('',(-51.1499999999861,-48.5000000000037,0.));
#2425=CARTESIAN_POINT('',(-51.1499999999861,-48.5000000000037,3.18));
#2426=CARTESIAN_POINT('Origin',(-48.4999999999861,-48.5000000000037,0.));
#2427=CARTESIAN_POINT('Origin',(16.5,-28.5788383248865,3.18));
#2428=CARTESIAN_POINT('',(15.25,-28.5788383248865,0.));
#2429=CARTESIAN_POINT('',(15.25,-28.5788383248865,3.18));
#2430=CARTESIAN_POINT('Origin',(16.5,-28.5788383248865,0.));
#2431=CARTESIAN_POINT('Origin',(16.5,28.5788383248865,3.18));
#2432=CARTESIAN_POINT('',(15.25,28.5788383248865,0.));
#2433=CARTESIAN_POINT('',(15.25,28.5788383248865,3.18));
#2434=CARTESIAN_POINT('Origin',(16.5,28.5788383248865,0.));
#2435=CARTESIAN_POINT('Origin',(-53.2448828787912,37.2824683628083,3.18));
#2436=CARTESIAN_POINT('',(-55.3948828787912,37.2824683628083,0.));
#2437=CARTESIAN_POINT('',(-55.3948828787912,37.2824683628083,3.18));
#2438=CARTESIAN_POINT('Origin',(-53.2448828787912,37.2824683628083,0.));
#2439=CARTESIAN_POINT('Origin',(-53.2448828787777,-37.2824683628277,3.18));
#2440=CARTESIAN_POINT('',(-55.3948828787777,-37.2824683628277,0.));
#2441=CARTESIAN_POINT('',(-55.3948828787777,-37.2824683628277,3.18));
#2442=CARTESIAN_POINT('Origin',(-53.2448828787777,-37.2824683628277,0.));
#2443=CARTESIAN_POINT('Origin',(-16.5,28.5788383248865,3.18));
#2444=CARTESIAN_POINT('',(-17.75,28.5788383248865,0.));
#2445=CARTESIAN_POINT('',(-17.75,28.5788383248865,3.18));
#2446=CARTESIAN_POINT('Origin',(-16.5,28.5788383248865,0.));
#2447=CARTESIAN_POINT('Origin',(53.2448828787777,37.2824683628277,3.18));
#2448=CARTESIAN_POINT('',(51.0948828787777,37.2824683628277,0.));
#2449=CARTESIAN_POINT('',(51.0948828787777,37.2824683628277,3.18));
#2450=CARTESIAN_POINT('Origin',(53.2448828787777,37.2824683628277,0.));
#2451=CARTESIAN_POINT('Origin',(53.2448828787912,-37.2824683628083,3.18));
#2452=CARTESIAN_POINT('',(51.0948828787912,-37.2824683628083,0.));
#2453=CARTESIAN_POINT('',(51.0948828787912,-37.2824683628083,3.18));
#2454=CARTESIAN_POINT('Origin',(53.2448828787912,-37.2824683628083,0.));
#2455=CARTESIAN_POINT('Origin',(48.5000000000159,48.5000000000024,3.18));
#2456=CARTESIAN_POINT('',(45.8500000000159,48.5000000000024,0.));
#2457=CARTESIAN_POINT('',(45.8500000000159,48.5000000000024,3.18));
#2458=CARTESIAN_POINT('Origin',(48.5000000000159,48.5000000000024,0.));
#2459=CARTESIAN_POINT('Origin',(-48.499999999994,48.5000000000023,3.18));
#2460=CARTESIAN_POINT('',(-51.149999999994,48.5000000000023,0.));
#2461=CARTESIAN_POINT('',(-51.149999999994,48.5000000000023,3.18));
#2462=CARTESIAN_POINT('Origin',(-48.499999999994,48.5000000000023,0.));
#2463=CARTESIAN_POINT('Origin',(37.2824683628277,-53.2448828787777,3.18));
#2464=CARTESIAN_POINT('',(35.1324683628277,-53.2448828787777,0.));
#2465=CARTESIAN_POINT('',(35.1324683628277,-53.2448828787777,3.18));
#2466=CARTESIAN_POINT('Origin',(37.2824683628277,-53.2448828787777,0.));
#2467=CARTESIAN_POINT('Origin',(37.2824683628083,53.2448828787912,3.18));
#2468=CARTESIAN_POINT('',(35.1324683628083,53.2448828787912,0.));
#2469=CARTESIAN_POINT('',(35.1324683628083,53.2448828787912,3.18));
#2470=CARTESIAN_POINT('Origin',(37.2824683628083,53.2448828787912,0.));
#2471=CARTESIAN_POINT('Origin',(-16.5,-28.5788383248865,3.18));
#2472=CARTESIAN_POINT('',(-17.75,-28.5788383248865,0.));
#2473=CARTESIAN_POINT('',(-17.75,-28.5788383248865,3.18));
#2474=CARTESIAN_POINT('Origin',(-16.5,-28.5788383248865,0.));
#2475=CARTESIAN_POINT('Origin',(-37.2824683628083,-53.2448828787912,3.18));
#2476=CARTESIAN_POINT('',(-39.4324683628083,-53.2448828787912,0.));
#2477=CARTESIAN_POINT('',(-39.4324683628083,-53.2448828787912,3.18));
#2478=CARTESIAN_POINT('Origin',(-37.2824683628083,-53.2448828787912,0.));
#2479=CARTESIAN_POINT('Origin',(54.595866425971,11.4206036126615,3.18));
#2480=CARTESIAN_POINT('',(46.0983634759874,9.64305854849856,0.));
#2481=CARTESIAN_POINT('',(54.595866425971,11.4206036126615,0.));
#2482=CARTESIAN_POINT('',(27.2979332129855,5.71030180633075,0.));
#2483=CARTESIAN_POINT('',(46.0983634759874,9.64305854849856,3.18));
#2484=CARTESIAN_POINT('',(54.595866425971,11.4206036126615,3.18));
#2485=CARTESIAN_POINT('Origin',(0.,0.,3.18));
#2486=CARTESIAN_POINT('',(41.0836565355798,37.7262770936454,0.));
#2487=CARTESIAN_POINT('Origin',(0.,0.,0.));
#2488=CARTESIAN_POINT('',(41.0836565355798,37.7262770936454,3.18));
#2489=CARTESIAN_POINT('Origin',(34.6892440010599,31.8544195358972,3.18));
#2490=CARTESIAN_POINT('',(34.6892440010599,31.8544195358972,0.));
#2491=CARTESIAN_POINT('',(17.34462200053,15.9272097679486,-2.77555756156289E-16));
#2492=CARTESIAN_POINT('',(34.6892440010599,31.8544195358972,3.18));
#2493=CARTESIAN_POINT('Origin',(0.,0.,3.18));
#2494=CARTESIAN_POINT('Origin',(0.,0.,0.));
#2495=CARTESIAN_POINT('Origin',(-19.4428110887557,-42.8955101415169,3.18));
#2496=CARTESIAN_POINT('',(-23.0267852718899,-50.8026178235165,0.));
#2497=CARTESIAN_POINT('',(-19.4428110887557,-42.8955101415169,0.));
#2498=CARTESIAN_POINT('',(-9.72140554437786,-21.4477550707585,0.));
#2499=CARTESIAN_POINT('',(-23.0267852718899,-50.8026178235165,3.18));
#2500=CARTESIAN_POINT('',(-19.4428110887557,-42.8955101415169,3.18));
#2501=CARTESIAN_POINT('Origin',(0.,0.,3.18));
#2502=CARTESIAN_POINT('',(-31.1542436482871,-35.3194110375186,0.));
#2503=CARTESIAN_POINT('Origin',(0.,0.,0.));
#2504=CARTESIAN_POINT('',(-31.1542436482871,-35.3194110375186,3.18));
#2505=CARTESIAN_POINT('Origin',(-36.8970348743514,-41.8299848811937,3.18));
#2506=CARTESIAN_POINT('',(-36.8970348743514,-41.8299848811937,0.));
#2507=CARTESIAN_POINT('',(-18.4485174371757,-20.9149924405969,0.));
#2508=CARTESIAN_POINT('',(-36.8970348743514,-41.8299848811937,3.18));
#2509=CARTESIAN_POINT('Origin',(0.,0.,3.18));
#2510=CARTESIAN_POINT('Origin',(0.,0.,0.));
#2511=CARTESIAN_POINT('Origin',(-42.2573407186143,20.7933847346931,3.18));
#2512=CARTESIAN_POINT('',(-50.0468119783029,24.6263157717187,0.));
#2513=CARTESIAN_POINT('',(-42.2573407186143,20.7933847346931,0.));
#2514=CARTESIAN_POINT('',(-21.1286703593071,10.3966923673466,0.));
#2515=CARTESIAN_POINT('',(-50.0468119783029,24.6263157717187,3.18));
#2516=CARTESIAN_POINT('',(-42.2573407186143,20.7933847346931,3.18));
#2517=CARTESIAN_POINT('Origin',(0.,0.,3.18));
#2518=CARTESIAN_POINT('',(-32.5425930692225,34.0444904450782,0.));
#2519=CARTESIAN_POINT('Origin',(0.,0.,0.));
#2520=CARTESIAN_POINT('',(-32.5425930692225,34.0444904450782,3.18));
#2521=CARTESIAN_POINT('Origin',(-38.5413045148007,40.3200528766693,3.18));
#2522=CARTESIAN_POINT('',(-38.5413045148007,40.3200528766693,0.));
#2523=CARTESIAN_POINT('',(-19.2706522574003,20.1600264383346,-2.77555756156289E-16));
#2524=CARTESIAN_POINT('',(-38.5413045148007,40.3200528766693,3.18));
#2525=CARTESIAN_POINT('Origin',(0.,0.,3.18));
#2526=CARTESIAN_POINT('Origin',(0.,0.,0.));
#2527=CARTESIAN_POINT('Origin',(4.3854851566366,-46.8915260284302,3.18));
#2528=CARTESIAN_POINT('',(5.19387986407649,-55.5352359285305,0.));
#2529=CARTESIAN_POINT('',(4.3854851566366,-46.8915260284302,0.));
#2530=CARTESIAN_POINT('',(2.1927425783183,-23.4457630142151,0.));
#2531=CARTESIAN_POINT('',(5.19387986407649,-55.5352359285305,3.18));
#2532=CARTESIAN_POINT('',(4.3854851566366,-46.8915260284302,3.18));
#2533=CARTESIAN_POINT('Origin',(0.,0.,3.18));
#2534=CARTESIAN_POINT('',(-9.48235503759426,-46.1316879842374,0.));
#2535=CARTESIAN_POINT('Origin',(0.,0.,0.));
#2536=CARTESIAN_POINT('',(-9.48235503759426,-46.1316879842374,3.18));
#2537=CARTESIAN_POINT('Origin',(-11.230276955619,-54.6353337793419,3.18));
#2538=CARTESIAN_POINT('',(-11.230276955619,-54.6353337793419,0.));
#2539=CARTESIAN_POINT('',(-5.61513847780949,-27.3176668896709,0.));
#2540=CARTESIAN_POINT('',(-11.230276955619,-54.6353337793419,3.18));
#2541=CARTESIAN_POINT('Origin',(0.,0.,3.18));
#2542=CARTESIAN_POINT('Origin',(0.,0.,0.));
#2543=CARTESIAN_POINT('Origin',(35.7208719064526,42.8387456389985,3.18));
#2544=CARTESIAN_POINT('',(30.1611430428646,36.1711645331179,0.));
#2545=CARTESIAN_POINT('',(35.7208719064526,42.8387456389985,0.));
#2546=CARTESIAN_POINT('',(17.8604359532263,21.4193728194992,0.));
#2547=CARTESIAN_POINT('',(30.1611430428646,36.1711645331179,3.18));
#2548=CARTESIAN_POINT('',(35.7208719064526,42.8387456389985,3.18));
#2549=CARTESIAN_POINT('Origin',(0.,0.,3.18));
#2550=CARTESIAN_POINT('',(18.7020463118032,52.5487609885444,0.));
#2551=CARTESIAN_POINT('Origin',(0.,0.,0.));
#2552=CARTESIAN_POINT('',(18.7020463118032,52.5487609885444,3.18));
#2553=CARTESIAN_POINT('Origin',(15.7911905252985,44.3698771141835,3.18));
#2554=CARTESIAN_POINT('',(15.7911905252985,44.3698771141835,0.));
#2555=CARTESIAN_POINT('',(7.89559526264925,22.1849385570918,-2.77555756156289E-16));
#2556=CARTESIAN_POINT('',(15.7911905252985,44.3698771141835,3.18));
#2557=CARTESIAN_POINT('Origin',(0.,0.,3.18));
#2558=CARTESIAN_POINT('Origin',(0.,0.,0.));
#2559=CARTESIAN_POINT('Origin',(39.7491432837428,-39.1298406064794,3.18));
#2560=CARTESIAN_POINT('',(33.5624393366424,-33.0395272228315,0.));
#2561=CARTESIAN_POINT('',(19.8745716418714,-19.5649203032397,0.));
#2562=CARTESIAN_POINT('',(33.5624393366424,-33.0395272228315,3.18));
#2563=CARTESIAN_POINT('Origin',(47.0758024451616,1.38438342887302,3.18));
#2564=CARTESIAN_POINT('',(47.0758024451616,1.38438342887302,0.));
#2565=CARTESIAN_POINT('',(23.5379012225808,0.69219171443651,-2.77555756156289E-16));
#2566=CARTESIAN_POINT('',(47.0758024451616,1.38438342887302,3.18));
#2567=CARTESIAN_POINT('Origin',(0.,0.,3.18));
#2568=CARTESIAN_POINT('Origin',(0.,0.,0.));
#2569=CARTESIAN_POINT('Origin',(-35.4299142755025,-31.0285170087867,3.18));
#2570=CARTESIAN_POINT('',(-41.9608576403483,-36.748132520802,0.));
#2571=CARTESIAN_POINT('',(-35.4299142755025,-31.0285170087867,0.));
#2572=CARTESIAN_POINT('',(-17.7149571377513,-15.5142585043934,0.));
#2573=CARTESIAN_POINT('',(-41.9608576403483,-36.748132520802,3.18));
#2574=CARTESIAN_POINT('',(-35.4299142755025,-31.0285170087867,3.18));
#2575=CARTESIAN_POINT('Origin',(0.,0.,3.18));
#2576=CARTESIAN_POINT('',(-46.2528018150479,-8.87276831614162,0.));
#2577=CARTESIAN_POINT('Origin',(0.,0.,0.));
#2578=CARTESIAN_POINT('',(-46.2528018150479,-8.87276831614162,3.18));
#2579=CARTESIAN_POINT('Origin',(-54.7787730260021,-10.5083225800193,3.18));
#2580=CARTESIAN_POINT('',(-54.7787730260021,-10.5083225800193,0.));
#2581=CARTESIAN_POINT('',(-27.3893865130011,-5.25416129000965,0.));
#2582=CARTESIAN_POINT('',(-54.7787730260021,-10.5083225800193,3.18));
#2583=CARTESIAN_POINT('Origin',(0.,0.,3.18));
#2584=CARTESIAN_POINT('Origin',(0.,0.,0.));
#2585=CARTESIAN_POINT('Origin',(-47.0113054159463,-2.82574882511624,3.18));
#2586=CARTESIAN_POINT('',(-55.6770947484172,-3.34663085143471,0.));
#2587=CARTESIAN_POINT('',(-47.0113054159463,-2.82574882511624,0.));
#2588=CARTESIAN_POINT('',(-23.5056527079731,-1.41287441255812,-2.77555756156289E-16));
#2589=CARTESIAN_POINT('',(-55.6770947484172,-3.34663085143471,3.18));
#2590=CARTESIAN_POINT('',(-47.0113054159463,-2.82574882511624,3.18));
#2591=CARTESIAN_POINT('Origin',(0.,0.,3.18));
#2592=CARTESIAN_POINT('',(-45.3392397368117,12.7436664042158,0.));
#2593=CARTESIAN_POINT('Origin',(0.,0.,0.));
#2594=CARTESIAN_POINT('',(-45.3392397368117,12.7436664042158,3.18));
#2595=CARTESIAN_POINT('Origin',(-53.6968102526122,15.0927594022749,3.18));
#2596=CARTESIAN_POINT('',(-53.6968102526122,15.0927594022749,0.));
#2597=CARTESIAN_POINT('',(-26.8484051263061,7.54637970113747,-2.77555756156289E-16));
#2598=CARTESIAN_POINT('',(-53.6968102526122,15.0927594022749,3.18));
#2599=CARTESIAN_POINT('Origin',(0.,0.,3.18));
#2600=CARTESIAN_POINT('Origin',(0.,0.,0.));
#2601=CARTESIAN_POINT('Origin',(8.58369425100209,-55.1131473487526,3.18));
#2602=CARTESIAN_POINT('',(7.24769627176772,-46.5351328792153,0.));
#2603=CARTESIAN_POINT('',(8.58369425100209,-55.1131473487526,0.));
#2604=CARTESIAN_POINT('',(4.29184712550105,-27.5565736743763,2.77555756156289E-16));
#2605=CARTESIAN_POINT('',(7.24769627176772,-46.5351328792153,3.18));
#2606=CARTESIAN_POINT('',(8.58369425100209,-55.1131473487526,3.18));
#2607=CARTESIAN_POINT('Origin',(0.,0.,3.18));
#2608=CARTESIAN_POINT('',(31.0870775524861,-46.3112559420031,0.));
#2609=CARTESIAN_POINT('Origin',(0.,0.,0.));
#2610=CARTESIAN_POINT('',(31.0870775524861,-46.3112559420031,3.18));
#2611=CARTESIAN_POINT('Origin',(26.2485696122045,-39.1032004655281,3.18));
#2612=CARTESIAN_POINT('',(26.2485696122045,-39.1032004655281,0.));
#2613=CARTESIAN_POINT('',(13.1242848061022,-19.5516002327641,0.));
#2614=CARTESIAN_POINT('',(26.2485696122045,-39.1032004655281,3.18));
#2615=CARTESIAN_POINT('Origin',(0.,0.,3.18));
#2616=CARTESIAN_POINT('Origin',(0.,0.,0.));
#2617=CARTESIAN_POINT('Origin',(7.99753385297833,55.2012524309953,3.18));
#2618=CARTESIAN_POINT('',(6.75276805005028,46.6095249599934,0.));
#2619=CARTESIAN_POINT('',(7.99753385297833,55.2012524309953,0.));
#2620=CARTESIAN_POINT('',(3.99876692648917,27.6006262154977,-2.77555756156289E-16));
#2621=CARTESIAN_POINT('',(6.75276805005028,46.6095249599934,3.18));
#2622=CARTESIAN_POINT('',(7.99753385297833,55.2012524309953,3.18));
#2623=CARTESIAN_POINT('Origin',(0.,0.,3.18));
#2624=CARTESIAN_POINT('',(-11.4206036126615,54.595866425971,0.));
#2625=CARTESIAN_POINT('Origin',(0.,0.,0.));
#2626=CARTESIAN_POINT('',(-11.4206036126615,54.595866425971,3.18));
#2627=CARTESIAN_POINT('Origin',(-9.64305854849856,46.0983634759874,3.18));
#2628=CARTESIAN_POINT('',(-9.64305854849856,46.0983634759874,0.));
#2629=CARTESIAN_POINT('',(-4.82152927424928,23.0491817379937,2.77555756156289E-16));
#2630=CARTESIAN_POINT('',(-9.64305854849856,46.0983634759874,3.18));
#2631=CARTESIAN_POINT('Origin',(0.,0.,3.18));
#2632=CARTESIAN_POINT('Origin',(0.,0.,0.));
#2633=CARTESIAN_POINT('Origin',(0.,0.,0.));
#2634=CARTESIAN_POINT('',(29.,3.55147571752732E-15,0.));
#2635=CARTESIAN_POINT('',(29.,3.55147571752732E-15,0.));
#2636=CARTESIAN_POINT('Origin',(0.,0.,0.));
#2637=CARTESIAN_POINT('Origin',(-40.5,40.5,0.));
#2638=CARTESIAN_POINT('',(-40.5,60.5,0.));
#2639=CARTESIAN_POINT('',(-60.5,40.5,0.));
#2640=CARTESIAN_POINT('Origin',(-40.5,40.5,0.));
#2641=CARTESIAN_POINT('',(-60.5,40.5,0.));
#2642=CARTESIAN_POINT('',(-40.5,60.5,0.));
#2643=CARTESIAN_POINT('Origin',(40.5,60.5,0.));
#2644=CARTESIAN_POINT('',(40.5,60.5,0.));
#2645=CARTESIAN_POINT('',(40.5,60.5,0.));
#2646=CARTESIAN_POINT('',(40.5,60.5,0.));
#2647=CARTESIAN_POINT('Origin',(40.5,40.5,0.));
#2648=CARTESIAN_POINT('Origin',(40.5,40.5,0.));
#2649=CARTESIAN_POINT('Origin',(40.5000000000001,-40.5,0.));
#2650=CARTESIAN_POINT('',(40.5,-60.5,0.));
#2651=CARTESIAN_POINT('Origin',(40.5000000000001,-40.5,0.));
#2652=CARTESIAN_POINT('',(40.5,-60.5,0.));
#2653=CARTESIAN_POINT('Origin',(-40.5,-60.5,0.));
#2654=CARTESIAN_POINT('',(-40.5,-60.5,0.));
#2655=CARTESIAN_POINT('',(-40.5,-60.5,0.));
#2656=CARTESIAN_POINT('',(-40.5,-60.5,0.));
#2657=CARTESIAN_POINT('Origin',(-40.5,-40.5,0.));
#2658=CARTESIAN_POINT('',(-60.5,-40.5,0.));
#2659=CARTESIAN_POINT('Origin',(-40.5,-40.5,0.));
#2660=CARTESIAN_POINT('',(-60.5,-40.5,0.));
#2661=CARTESIAN_POINT('Origin',(-60.5,40.5,0.));
#2662=CARTESIAN_POINT('',(-60.5,40.5,0.));
#2663=CARTESIAN_POINT('Origin',(0.,-4.44089209850063E-15,0.));
#2664=UNCERTAINTY_MEASURE_WITH_UNIT(LENGTH_MEASURE(0.01),#2668,
'DISTANCE_ACCURACY_VALUE',
'Maximum model space distance between geometric entities at asserted c
onnectivities');
#2665=UNCERTAINTY_MEASURE_WITH_UNIT(LENGTH_MEASURE(0.01),#2668,
'DISTANCE_ACCURACY_VALUE',
'Maximum model space distance between geometric entities at asserted c
onnectivities');
#2666=(
GEOMETRIC_REPRESENTATION_CONTEXT(3)
GLOBAL_UNCERTAINTY_ASSIGNED_CONTEXT((#2664))
GLOBAL_UNIT_ASSIGNED_CONTEXT((#2668,#2670,#2671))
REPRESENTATION_CONTEXT('','3D')
);
#2667=(
GEOMETRIC_REPRESENTATION_CONTEXT(3)
GLOBAL_UNCERTAINTY_ASSIGNED_CONTEXT((#2665))
GLOBAL_UNIT_ASSIGNED_CONTEXT((#2668,#2670,#2671))
REPRESENTATION_CONTEXT('','3D')
);
#2668=(
LENGTH_UNIT()
NAMED_UNIT(*)
SI_UNIT(.MILLI.,.METRE.)
);
#2669=(
LENGTH_UNIT()
NAMED_UNIT(*)
SI_UNIT(.CENTI.,.METRE.)
);
#2670=(
NAMED_UNIT(*)
PLANE_ANGLE_UNIT()
SI_UNIT($,.RADIAN.)
);
#2671=(
NAMED_UNIT(*)
SI_UNIT($,.STERADIAN.)
SOLID_ANGLE_UNIT()
);
#2672=SHAPE_DEFINITION_REPRESENTATION(#2673,#2674);
#2673=PRODUCT_DEFINITION_SHAPE('',$,#2676);
#2674=SHAPE_REPRESENTATION('',(#1604),#2666);
#2675=PRODUCT_DEFINITION_CONTEXT('part definition',#2680,'design');
#2676=PRODUCT_DEFINITION('stator_mount_01_alu','stator_mount_01_alu',#2677,
#2675);
#2677=PRODUCT_DEFINITION_FORMATION('',$,#2682);
#2678=PRODUCT_RELATED_PRODUCT_CATEGORY('stator_mount_01_alu',
'stator_mount_01_alu',(#2682));
#2679=APPLICATION_PROTOCOL_DEFINITION('international standard',
'automotive_design',2009,#2680);
#2680=APPLICATION_CONTEXT(
'Core Data for Automotive Mechanical Design Process');
#2681=PRODUCT_CONTEXT('part definition',#2680,'mechanical');
#2682=PRODUCT('stator_mount_01_alu','stator_mount_01_alu',$,(#2681));
#2683=PRESENTATION_STYLE_ASSIGNMENT((#2684));
#2684=SURFACE_STYLE_USAGE(.BOTH.,#2687);
#2685=SURFACE_STYLE_RENDERING_WITH_PROPERTIES($,#2691,(#2686));
#2686=SURFACE_STYLE_TRANSPARENT(0.);
#2687=SURFACE_SIDE_STYLE('',(#2688,#2685));
#2688=SURFACE_STYLE_FILL_AREA(#2689);
#2689=FILL_AREA_STYLE('',(#2690));
#2690=FILL_AREA_STYLE_COLOUR('',#2691);
#2691=COLOUR_RGB('',0.749019607843137,0.749019607843137,0.749019607843137);
ENDSEC;
END-ISO-10303-21;
